
 COFECHA-style crossdating report: ak046
 Report generated using dplR 1.8.1 (R 4.5.2) on 2026-10-01 16:55 PDT
 Built with dplR's xdate.report(), not COFECHA; see the notes at the end.


      Measurement file name  : ak046.rwl
      MD5 of measurement file: 3bf5d484d273b6a9f7352ce998aa5ff4
      Date checked           : 01OCT26
      Beginning year         : 978
      Ending year            : 1992
      Principal investigators: King, J.C.; Graumlich, L.J.
      Site name              : Kobuk/Noatak
      Species information    : PCGL Picea glauca (Moench) Voss
      Latitude               : 67.0700 N
      Longitude              : 159.6200 W
      Elevation              : 100 m

      Series intercorrelation: 0.560
      Avg mean sensitivity   : 0.233
      Avg standard deviation : 0.269
      Avg autocorrelation    : 0.754
      Number dated series    : 521
      Segment length tested  : 50

      Number problem segments: 106  (A 47, B 59; 24 of the B weak at every lag)
      Pct problem segments   : 5.07


 CORRELATION OF SERIES BY SEGMENTS: ak046
-----------------------------------------------------------------------------------------------------------------------------------
 Correlations of  50-year dated segments, lagged  25 years
 Flags:  A = correlation under   .3281 but highest as dated;  B = correlation higher at other than dated position

 Seq Series  Time_span  1000 1025 1050 1075 1100 1125 1150 1175 1200 1225 1250 1275 1300 1325 1350 1375 1400 1425 1450 1475 
                        1049 1074 1099 1124 1149 1174 1199 1224 1249 1274 1299 1324 1349 1374 1399 1424 1449 1474 1499 1524 
 --- -------- ---------  ---- ---- ---- ---- ---- ---- ---- ---- ---- ---- ---- ---- ---- ---- ---- ---- ---- ---- ---- ---- 
 421 EK1109    978 1324            .49  .60  .62  .67  .58  .51  .51  .48  .57  .76                                         
 422 ALK68    1038 1340            .71  .64  .74  .71  .62  .65  .69  .65  .56  .71                                         
 423 ALK60    1040 1339            .66  .72  .75  .77  .74  .43B .53  .73  .69  .65                                         
 424 EK1144   1091 1349                      .67  .59  .37  .28A .62  .71  .48  .63  .66                                    
 425 EK1125   1094 1336                      .73  .77  .53  .44  .62  .65  .65  .62                                         
 426 EK0702   1096 1348                      .62  .71  .54  .49  .68  .60  .51  .62                                         
 427 EK1108   1096 1279                      .43  .63  .54  .41  .53  .56                                                   
 428 EK1119   1140 1351                                .38  .38  .31B .19A .26A .44  .38                                    
 429 EK1105   1126 1366                                .61  .61  .71  .61  .55  .71  .65                                    
 430 EK1118   1140 1352                                .55  .61  .56  .36  .42  .70  .63                                    
 431 EK1110   1136 1326                                .51  .66  .69  .55  .47  .63                                         
 432 EK1103   1140 1353                                .32A .36B .51  .72  .60  .57  .47                                    
 433 ALK55    1144 1374                                .50  .55  .64  .65  .81  .84  .69  .57                               
 434 ALK42    1160 1374                                     .52  .52  .41  .53  .69  .71  .75                               
 435 EK1131   1163 1356                                     .57  .55  .43  .49  .63  .63                                    
 436 ALK56    1200 1370                                          .51  .59  .48  .63  .64                                    
 437 EK0708   1205 1345                                               .28B .31A .61                                         
 438 ALK47    1207 1336                                               .37  .42  .68                                         
 439 EK1101   1212 1366                                               .38  .53  .72  .65                                    
 440 KOTZ0501 1219 1355                                               .43  .39  .67  .69                                    
 441 EK0203   1231 1358                                                    .62  .83  .68                                    
 442 ALK71A   1260 1427                                                         .39  .52  .71  .69  .41                     
 443 EK0814   1269 1412                                                         .72  .72  .75  .70                          
 444 KOTZ0835 1275 1460                                                              .61  .76  .82  .74  .55                
 445 EK0807   1277 1421                                                              .45  .71  .67                          
 446 EKHELP   1278 1424                                                              .52  .56  .59  .60                     
 447 KOTZ0727 1281 1459                                                              .58  .63  .74  .75  .67                
 448 KOTZ1224 1282 1457                                                              .61  .69  .74  .80  .65                
 449 EK0816   1290 1392                                                              .55  .57                               
 450 KOTZ03?  1291 1493                                                              .36  .76  .80  .66  .53  .61           
 451 KOTZ0505 1297 1391                                                              .49  .61                               
 452 KOTZ0309 1299 1434                                                              .68  .76  .76  .59                     
 453 KOTZ0508 1299 1390                                                                   .45                               
 454 KOTZ0724 1303 1445                                                                   .77  .82  .68                     
 455 KOTZ0723 1308 1458                                                                   .59  .66  .57  .58                
 456 KOTZ0106 1310 1417                                                                   .57  .66                          
 457 KOTZ1212 1322 1455                                                                   .65  .71  .72  .65                
 458 KOTZ1101 1330 1516                                                                        .72  .57  .37  .45  .62      
 459 ALK62    1333 1490                                                                        .61  .66  .62  .63           
 460 ALK244A  1410 1561                                                                                       .74  .65  .38 
 461 ALK97    1360 1485                                                                             .54  .56  .42           
 462 KOTZ0832 1359 1499                                                                             .70  .60  .58  .42      
 463 ALK85    1362 1507                                                                             .56  .40  .62  .65      
 464 KOTZ0830 1376 1506                                                                                  .41  .49  .67      
 465 KOTZ0708 1382 1520                                                                                  .44  .79  .84      
 466 KOTZ0711 1387 1501                                                                                  .59  .72  .80      
 467 KOTZ1102 1389 1516                                                                                  .37  .57  .74      
 468 KOTZ1103 1394 1507                                                                                  .58  .72  .78      
 469 KOTZ0731 1394 1482                                                                                  .57  .74           
 470 KOTZ0828 1400 1487                                                                                       .60           
 471 ALK247D  1410 1545                                                                                       .48  .62  .64 
 472 ALK94    1411 1517                                                                                       .60  .66      
 473 KOTZ08?  1413 1508                                                                                       .50  .62      
 474 KOTZ0831 1423 1500                                                                                       .67  .82      
 475 KOTZ1104 1424 1509                                                                                       .63  .72      
 477 KOTZ0837 1432 1518                                                                                            .85      
 478 KOTZ006a 1443 1546                                                                                            .76  .69 
 479 KOTZ006b 1442 1542                                                                                            .75  .59 
 480 ALK243B  1452 1576                                                                                                 .42 
 481 ZZZ?     1469 1775                                                                                                 .50 
 Av segment correlation            .62  .65  .65  .69  .52  .50  .58  .52  .52  .66  .59  .66  .71  .64  .54  .61  .70  .54 

 CORRELATION OF SERIES BY SEGMENTS: ak046
-----------------------------------------------------------------------------------------------------------------------------------
 Correlations of  50-year dated segments, lagged  25 years
 Flags:  A = correlation under   .3281 but highest as dated;  B = correlation higher at other than dated position

 Seq Series  Time_span  1500 1525 1550 1575 1600 1625 1650 1675 1700 1725 1750 1775 1800 1825 1850 1875 1900 1925 
                        1549 1574 1599 1624 1649 1674 1699 1724 1749 1774 1799 1824 1849 1874 1899 1924 1949 1974 
 --- -------- ---------  ---- ---- ---- ---- ---- ---- ---- ---- ---- ---- ---- ---- ---- ---- ---- ---- ---- ---- 
   1 OP01A    1890 1991                                                                                  .29A .57 
   2 OP01B    1890 1991                                                                                  .51  .59 
   3 OP02A    1876 1991                                                                                  .54  .46 
   4 OP02B    1880 1991                                                                                  .57  .43 
   5 OP04A    1906 1991                                                                                       .59 
   6 OP04B    1892 1991                                                                                  .71  .70 
   7 OP05A    1916 1991                                                                                       .26A
   8 OP05B    1918 1991                                                                                       .00B
   9 OP06A    1869 1991                                                                             .33  .59  .37 
  10 OP06B    1870 1991                                                                             .38  .66  .61 
  11 OP08A    1880 1991                                                                                  .41  .37 
  12 OP08B    1875 1991                                                                                  .64  .50 
  13 OP09A    1898 1991                                                                                  .45  .58 
  14 OP09B    1917 1991                                                                                       .51 
  15 OP09C    1890 1991                                                                                  .48  .62 
  16 OP10A    1870 1991                                                                             .66  .59  .35 
  17 OP11A    1878 1991                                                                                  .42  .47 
  18 OP11B    1878 1991                                                                                  .54  .70 
  19 OP14A    1877 1991                                                                                  .67  .67 
  20 OP14B    1890 1991                                                                                  .35  .29A
  21 OP15A    1866 1991                                                                             .40  .67  .35 
  22 OP15B    1872 1991                                                                             .47  .68  .29A
  23 OP16B    1870 1991                                                                             .37  .55  .66 
  24 OP17B    1880 1991                                                                                  .57  .56 
  25 OP18A    1878 1991                                                                                  .69  .66 
  26 OP19A    1908 1991                                                                                       .33A
  27 OP19B    1874 1991                                                                             .54  .70  .59 
  28 OP20A    1873 1991                                                                             .54  .60  .61 
  29 OP20B    1873 1991                                                                             .67  .72  .65 
  30 EK01A    1704 1991                                               .58  .45  .33A .31B .51  .63  .64  .63  .42 
  31 EK01B    1704 1991                                               .39  .45  .53  .47  .57  .63  .68  .73  .62 
  32 EK02A    1826 1991                                                                        .60  .60  .59  .39 
  33 EK02B    1877 1991                                                                                  .62  .34 
  34 EK02C    1885 1991                                                                                  .53 -.02B
  35 EK03A    1863 1991                                                                             .53  .55  .32A
  36 EK03B    1892 1991                                                                                  .57  .38 
  37 EK04A    1854 1991                                                                             .61  .53  .06B
  38 EK04B    1792 1991                                                              .60  .55  .51  .64  .49  .04B
  39 SQ01A    1836 1959                                                                        .46  .61  .46      
  40 SQ01B    1842 1959                                                                        .54  .61  .36      
  41 SQ02A    1869 1991                                                                             .60  .68  .45 
  42 SQ03A    1727 1991                                                    .48  .43  .19B .35  .66  .73  .67  .54 
  43 SQ03B    1767 1991                                                         .36  .28A .37  .70  .70  .56  .35 
  44 SQ04B    1850 1991                                                                             .47  .65  .56 
  47 TE03A    1895 1991                                                                                  .59  .48 
  48 TE04A    1882 1991                                                                                  .54  .44 
  49 TE04B    1906 1991                                                                                       .42 
  50 TE05A    1890 1991                                                                                  .58  .45 
  51 TE05B    1905 1991                                                                                       .59 
  52 TE06A    1877 1991                                                                                  .48  .45 
  53 TE06B    1877 1991                                                                                  .50  .30A
  54 TE07B    1900 1991                                                                                       .46 
  55 TE08B    1892 1991                                                                                  .50  .40 
  56 TE09A    1872 1991                                                                             .41  .53  .55 
  57 TE09B    1872 1991                                                                             .34  .60  .60 
  58 TE10A    1873 1991                                                                             .41  .54  .44 
  59 TE10B    1910 1991                                                                                       .40 
  60 TE11A    1887 1991                                                                                  .71  .66 
  61 TE11B    1887 1991                                                                                  .44  .42 
  62 TE12B    1873 1991                                                                             .47  .56  .41 
  65 TE16A    1899 1991                                                                                       .25B
  66 TE16B    1899 1991                                                                                  .65  .29B
  67 TE17A    1877 1991                                                                                  .59  .70 
  68 TE18B    1862 1991                                                                             .49  .71  .47 
  69 TE19A    1905 1991                                                                                       .49 
  70 TE19B    1924 1991                                                                                       .54 
  71 TE20A    1890 1991                                                                                  .47  .36 
  72 TE20B    1890 1991                                                                                  .60  .58 
  73 KGL50A   1843 1992                                                                        .61  .68  .68  .48 
  74 KGL50B   1861 1992                                                                             .52  .56  .50 
  75 KGL51A   1839 1992                                                                        .69  .79  .79  .64 
  76 KGL51B   1830 1992                                                                        .66  .81  .86  .75 
  77 KGL52A   1753 1992                                                         .60  .57  .68  .67  .59  .51  .41 
  78 KGL52B   1710 1992                                               .66  .67  .62  .43  .49  .58  .60  .62  .50 
  79 KGL52B1  1710 1974                                               .66  .67  .62  .43  .49  .58  .60  .62  .50 
  80 KGL53A   1717 1992                                               .79  .79  .60  .35  .46  .67  .64  .55  .44 
  81 KGL53B   1710 1992                                               .70  .68  .45  .38  .36  .47  .58  .51  .55 
  82 KGL54A   1754 1992                                                         .60  .55  .63  .54  .57  .62  .38 
  83 KGL54B   1763 1992                                                         .49  .52  .59  .47  .56  .69  .53 
  84 KGL55A   1727 1992                                                    .43  .46  .50  .48  .56  .59  .59  .45 
  85 KGL55B   1738 1949                                                    .64  .68  .69  .70  .61  .61  .57      
  86 KGL56A   1841 1992                                                                        .52  .46  .45  .31B
  87 KGL56B   1860 1992                                                                             .61  .67  .47 
  88 KGL57A   1780 1992                                                              .47  .59  .48  .41  .51  .40 
  89 KGL57B   1880 1992                                                                                  .44  .40 
  90 KGL58A   1721 1949                                               .60  .61  .63  .49  .63  .63  .50  .50      
  91 KGL58B   1740 1949                                                    .63  .51  .20B .43  .61  .66  .62      
  92 KGL60A   1897 1992                                                                                  .67  .48 
  93 KGL61A   1801 1992                                                                   .43  .49  .56  .64  .61 
  94 KGL61B   1812 1992                                                                   .59  .70  .59  .62  .61 
  95 KGL62A   1868 1992                                                                             .54  .58  .41 
  96 KGL62B   1828 1992                                                                        .50  .52  .58  .28A
  97 KGL63A   1778 1992                                                              .59  .63  .55  .50  .59  .55 
  98 KGL63B   1789 1992                                                              .51  .52  .43  .58  .73  .45 
  99 KGL64A   1865 1992                                                                             .32A .58  .49 
 100 KGL64B   1908 1992                                                                                       .52 
 101 KGL64C   1870 1992                                                                             .53  .77  .60 
 102 KGL65A   1830 1992                                                                        .67  .59  .56  .62 
 103 KGL65B   1814 1992                                                                   .66  .76  .66  .64  .60 
 104 KGL70A   1771 1992                                                         .47  .37  .39  .54  .69  .58  .53 
 105 KGL70B   1781 1992                                                              .36  .36B .44  .74  .79  .65 
 106 KGL71A   1724 1992                                                    .54  .49  .54  .53  .61  .57  .51  .32A
 107 KGL71B   1790 1992                                                              .39  .36  .36  .39  .40  .44 
 108 KGL74A   1785 1992                                                              .45  .66  .47  .45  .58  .58 
 109 KGL76A   1802 1992                                                                   .74  .76  .73  .65  .49 
 110 KGL76B   1854 1992                                                                             .60  .64  .56 
 111 KGL77A   1817 1992                                                                   .34B .60  .56  .51  .47 
 112 KGL77A1  1817 1914                                                                   .34B .60                
 113 KGL77B2  1916 1992                                                                                       .44 
 114 KGU10A   1800 1992                                                                   .39  .48  .56  .56  .55 
 115 KGU10B   1800 1992                                                                   .41  .51  .62  .62  .49 
 116 KGU1A    1810 1992                                                                   .48  .63  .69  .62  .47 
 117 KGU1B    1810 1992                                                                   .31A .42  .79  .73  .54 
 118 KGU20A   1900 1992                                                                                  .45  .20B
 119 KGU20B   1896 1992                                                                                  .49  .45 
 120 KGU21A   1875 1992                                                                                  .53  .45 
 121 KGU21B   1890 1992                                                                                  .41  .61 
 122 KGU22A   1870 1992                                                                             .52  .47  .53 
 123 KGU23A   1791 1992                                                              .44  .49  .55  .60  .63  .58 
 124 KGU23B   1813 1992                                                                   .54  .49  .49  .53  .42 
 125 KGU23C   1886 1992                                                                                  .54  .47 
 126 KGU25A   1910 1992                                                                                       .53 
 127 KGU25B   1914 1992                                                                                       .44 
 128 KGU26A   1847 1992                                                                        .72  .74  .66  .52 
 129 KGU26B   1855 1992                                                                             .67  .68  .42 
 130 KGU27A   1793 1992                                                              .33B .47  .48  .59  .71  .68 
 131 KGU27B   1850 1992                                                                             .49  .64  .65 
 132 KGU28A   1852 1992                                                                             .56  .59  .44 
 133 KGU2A    1898 1992                                                                                  .57  .51 
 134 KGU2B    1911 1992                                                                                       .49 
 135 KGU30C   1883 1992                                                                                  .58  .42 
 136 KGU31A   1820 1992                                                                   .55  .40  .42  .59  .56 
 137 KGU32A   1774 1992                                                         .43  .61  .59  .63  .81  .82  .55 
 138 KGU32B   1775 1992                                                              .53  .44  .59  .74  .83  .69 
 139 KGU35B   1860 1992                                                                             .54  .59  .39 
 140 KGU3B2   1843 1992                                                                        .44  .63  .63  .49 
 141 KGU40A   1904 1992                                                                                       .41 
 142 KGU40B   1885 1992                                                                                  .60  .68 
 143 KGU40C   1885 1992                                                                                  .57  .48 
 144 KGU41A   1813 1992                                                                   .54  .42  .44  .59  .61 
 145 KGU41B   1850 1992                                                                             .52  .77  .57 
 146 KGU42A   1791 1992                                                              .47  .38B .47  .74  .76  .68 
 147 KGU42B   1878 1992                                                                                  .55  .63 
 148 KGU44A   1901 1992                                                                                       .67 
 149 KGU44B   1885 1992                                                                                  .57  .72 
 150 KGU4A    1895 1992                                                                                  .62  .55 
 151 KGU4B    1920 1992                                                                                       .66 
 152 KGU5A    1870 1992                                                                             .43  .59  .59 
 153 KGU6A    1800 1992                                                                   .64  .71  .62  .55  .60 
 154 KGU6B    1789 1992                                                              .47  .40  .42  .54  .59  .48 
 155 KGU7A    1785 1992                                                              .47  .51  .63  .69  .64  .41 
 156 KGU7B    1804 1992                                                                   .40  .53  .72  .82  .58 
 158 KRS01A   1836 1992                                                                        .71  .66  .66  .61 
 159 KRS01B   1825 1992                                                                   .41B .59  .67  .68  .52 
 160 KRS02A   1839 1992                                                                        .75  .74  .74  .65 
 161 KRS02B   1850 1992                                                                             .62  .64  .53 
 162 KRS03A2  1804 1992                                                                   .55  .46  .60  .60  .35 
 163 KRS03B   1698 1992                                          .61  .76  .61  .47  .53  .51  .64  .62  .52  .43 
 164 KRS04A   1740 1992                                                    .46  .44  .35  .47  .52  .62  .66  .62 
 165 KRS04B   1840 1992                                                                        .31A .59  .56  .44 
 166 KRS05A   1862 1992                                                                             .67  .70  .70 
 167 KRS05B   1852 1992                                                                             .70  .77  .63 
 168 KRS06A   1835 1992                                                                        .50  .54  .49  .47 
 169 KRS06B   1828 1992                                                                        .42  .55  .62  .56 
 170 KRS07A   1861 1992                                                                             .56  .60  .48 
 171 KRS08B2  1825 1992                                                                        .65  .69  .73  .60 
 172 KRS08C   1855 1992                                                                             .63  .60  .51 
 173 KRS08D   1832 1970                                                                        .68  .59  .54      
 174 KRS09A   1799 1992                                                                   .58  .62  .70  .72  .44 
 175 KRS09B1  1695 1789                                          .58  .58                                         
 176 KRS09B2  1810 1992                                                                   .42  .53  .65  .55  .41B
 178 KRS09C2  1796 1992                                                              .45  .59  .57  .64  .62  .29A
 179 KRS10A   1799 1992                                                                   .65  .69  .53  .44  .49 
 180 KRS10B   1789 1992                                                              .37  .55  .63  .61  .50  .21B
 181 KRS10C   1792 1992                                                              .58  .44  .57  .52  .44  .32A
 183 KRS11B1  1798 1874                                                              .39  .40                     
 184 KRS11B2  1884 1992                                                                                  .63  .52 
 185 KRS12A   1858 1992                                                                             .46  .49  .31B
 186 KRS12B   1829 1992                                                                        .19B .17B .39  .36B
 187 KRS13A   1719 1992                                               .76  .66  .63  .69  .60  .45  .50  .53  .49 
 188 KRS13B   1785 1992                                                              .69  .67  .76  .70  .56  .53 
 189 KRS13C   1730 1992                                                    .65  .78  .72  .50  .48  .47  .47  .46 
 190 KRS14A   1860 1992                                                                             .48  .56  .61 
 191 KRS15A   1720 1992                                               .78  .72  .52  .55  .60  .64  .64  .60  .52 
 192 KRS15B   1724 1992                                               .69  .67  .59  .55  .68  .68  .57  .52  .42 
 193 KRS16A   1713 1992                                               .66  .54  .39  .56  .53  .54  .59  .61  .46 
 194 KRS16B   1723 1992                                                    .69  .53  .18B .35  .54  .49  .42  .45 
 195 KRS17A   1656 1992                                     .36  .53  .72  .79  .70  .57  .62  .64  .52  .48  .52 
 196 KRS17B   1760 1959                                                         .57  .53  .61  .64  .69  .61      
 197 KRS18A1  1700 1790                                          .49  .52                                         
 198 KRS18A2  1840 1992                                                                        .70  .59  .50  .50 
 199 KRS18C   1847 1992                                                                        .59  .60  .55  .42 
 200 KRS19A   1847 1992                                                                        .35  .43  .31A .31A
 201 KRS19B   1735 1992                                                    .67  .54  .53  .57  .55  .62  .59  .37 
 202 KRS20B   1721 1969                                               .50  .61  .63  .59  .63  .64  .60  .46      
 203 KRS20C   1855 1992                                                                             .56  .51  .33A
 204 KRS23A   1780 1949                                                              .36  .46  .54  .40  .30A     
 205 KRS23B   1704 1949                                               .76  .77  .60  .38  .45  .54  .53  .50      
 206 KRS24B   1703 1959                                               .72  .69  .41  .36  .51  .60  .48  .40      
 207 KRS26A   1670 1992                                     .36  .53  .71  .76  .67  .68  .64  .64  .55  .52  .36B
 208 KRS26C   1720 1992                                               .66  .54  .41  .57  .42  .42  .64  .61  .38 
 209 KRS26D   1702 1992                                               .82  .83  .71  .59  .48  .55  .61  .61  .35 
 210 KRS27A   1746 1949                                                    .65  .66  .56  .51  .52  .58  .54      
 211 KRS27B   1731 1992                                                    .55  .33  .56  .62  .58  .69  .65  .38 
 212 KRS27C   1729 1992                                                    .67  .71  .72  .67  .59  .67  .62  .36B
 213 KRS29A   1869 1992                                                                             .66  .69  .57 
 214 KRS29B   1858 1992                                                                             .55  .51  .48 
 215 KRS30B   1840 1992                                                                        .44  .49  .49  .51 
 216 KRS32A   1829 1992                                                                        .64  .45  .50  .46 
 217 KRS32B   1844 1992                                                                        .64  .64  .61  .20B
 218 LKE00A   1840 1992                                                                        .38  .65  .70  .63 
 219 LKE01A   1861 1992                                                                             .64  .62  .57 
 220 LKE01B   1799 1992                                                                   .50  .60  .69  .66  .67 
 221 LKE02A   1823 1992                                                                   .60  .70  .61  .62  .66 
 222 LKE02B   1842 1992                                                                        .58  .64  .79  .65 
 223 LKE03A1  1804 1880                                                                   .65                     
 224 LKE03A2  1887 1992                                                                                  .58  .61 
 225 LKE03B   1796 1992                                                              .67  .71  .75  .73  .71  .70 
 226 LKE04A2  1887 1992                                                                                  .55  .60 
 227 LKE05A   1829 1992                                                                        .73  .68  .56  .56 
 228 LKE06A   1831 1992                                                                        .52  .61  .61  .47 
 229 LKE06B   1834 1992                                                                        .63  .61  .41  .31A
 230 LKE07A   1850 1992                                                                             .61  .64  .63 
 231 LKE07B   1820 1992                                                                   .21B .38  .53  .56  .64 
 232 LKE08A   1809 1992                                                                   .43  .51  .62  .57  .45 
 233 LKE08B   1828 1992                                                                        .38  .61  .56  .46 
 234 LKE09A   1822 1992                                                                   .28A .52  .66  .69  .50 
 235 LKE09B   1863 1992                                                                             .65  .57  .42 
 236 LKE10A   1826 1992                                                                        .34  .69  .81  .79 
 237 LKE10B   1850 1992                                                                             .60  .67  .74 
 238 LKE11A   1821 1992                                                                   .61  .66  .67  .64  .64 
 239 LKE11B1  1821 1966                                                                   .58  .62  .63  .69      
 240 LKE12A   1813 1992                                                                   .61  .72  .59  .35  .31A
 241 LKE12B   1826 1992                                                                        .58  .65  .54  .47 
 242 LKE13A   1872 1992                                                                             .36  .52  .61 
 243 LKE14A   1873 1992                                                                             .63  .46  .36 
 244 LKE15A   1825 1992                                                                        .35B .57  .55  .47 
 245 LKE15B   1805 1992                                                                   .17B .18B .63  .63  .43 
 246 LKE16A   1840 1992                                                                        .42  .75  .70  .68 
 247 LKE17B   1850 1992                                                                             .58  .68  .79 
 248 LKE18A   1836 1992                                                                        .21B .69  .80  .68 
 249 LKE19A   1821 1992                                                                   .35  .52  .75  .74  .72 
 250 LKE20A   1820 1992                                                                   .36  .44  .66  .61  .38 
 251 LKE21A   1835 1992                                                                        .31A .54  .47  .42 
 252 LKE21B   1820 1992                                                                   .42  .61  .64  .58  .55 
 253 LKE22A   1835 1992                                                                        .52  .55  .50  .54 
 254 LKE23A   1814 1992                                                                   .18B .32A .49  .43  .51 
 255 LKE23B   1826 1992                                                                        .56  .51  .49  .53 
 256 LKE24A   1830 1992                                                                        .46  .65  .59  .55 
 257 LKE24B   1858 1992                                                                             .34  .36  .64 
 258 LKE25B   1904 1992                                                                                       .48 
 259 LSP01A   1857 1991                                                                             .63  .57  .23A
 260 LSP01B   1895 1992                                                                                  .56  .18B
 261 LSP01SEA 1905 1992                                                                                       .61 
 262 LSP02A   1916 1992                                                                                       .36 
 263 LSP02B   1900 1992                                                                                       .63 
 264 LSP02C   1902 1992                                                                                       .49 
 265 LSP03B   1901 1992                                                                                       .64 
 266 LSP04A   1860 1992                                                                             .64  .66  .58 
 267 LSP04B   1862 1992                                                                             .70  .69  .77 
 268 LSP04C   1847 1992                                                                        .71  .68  .65  .57 
 269 LSP05A   1904 1992                                                                                       .47 
 270 LSP05C   1917 1992                                                                                       .63 
 271 LSP05D   1866 1992                                                                             .67  .61  .52 
 272 LSP05E   1869 1992                                                                             .74  .66  .58 
 273 LSP06A   1832 1992                                                                        .58  .59  .58  .36 
 274 LSP06B   1877 1992                                                                                  .50  .30A
 275 LSP06C   1873 1992                                                                             .57  .56  .40 
 276 LSP06D   1838 1992                                                                        .27A .42  .54  .43 
 277 LSP07A   1835 1992                                                                        .60  .62  .60  .37 
 278 LSP07B   1834 1992                                                                        .56  .51  .52  .37 
 279 LSP08A   1909 1992                                                                                       .56 
 280 LSP08B   1922 1992                                                                                       .47 
 281 LSP09A   1820 1992                                                                   .48  .56  .57  .57  .44 
 282 LSP09C   1854 1992                                                                             .59  .54  .19B
 283 LSP10A   1863 1992                                                                             .62  .76  .57 
 284 LSP10B   1880 1992                                                                                  .62  .59 
 285 LSP11A   1860 1992                                                                             .57  .46  .25B
 286 LSP11B   1834 1992                                                                        .60  .57  .56  .54 
 287 LSP12A   1840 1992                                                                        .61  .64  .63  .37 
 288 LSP12B   1828 1992                                                                        .63  .68  .57  .20B
 289 LSP13A   1855 1992                                                                             .70  .68  .42 
 290 LSP13B   1914 1992                                                                                       .42 
 291 LSP15A   1908 1992                                                                                       .31A
 292 LSP15B   1878 1992                                                                                  .62  .60 
 293 LSP17A   1863 1992                                                                             .73  .70  .51 
 294 LSP17B1  1853 1926                                                                             .66           
 296 LSP18A   1857 1992                                                                             .62  .52  .33 
 297 LSP18B   1843 1992                                                                        .62  .71  .74  .59 
 298 LSP21A   1841 1992                                                                        .30A .46  .60  .51 
 299 LSP21B   1882 1992                                                                                  .69  .50 
 300 LSP22A   1858 1992                                                                             .67  .57  .26B
 301 LSP22B   1846 1992                                                                        .53  .55  .61  .54 
 302 LSP23A   1853 1992                                                                             .71  .74  .60 
 303 LSP23B   1878 1992                                                                                  .70  .69 
 304 LSP30A   1850 1992                                                                             .67  .62  .44 
 305 LSP30B   1864 1992                                                                             .63  .68  .65 
 306 LSP31A   1883 1992                                                                                  .65  .59 
 307 LSP31B   1875 1992                                                                                  .58  .63 
 308 LSP33A   1813 1992                                                                   .64  .74  .73  .64  .48 
 309 LSP33B   1810 1992                                                                   .58  .61  .66  .64  .43 
 310 LSP34A   1798 1992                                                              .61  .68  .68  .63  .69  .58 
 311 LSP34B   1881 1992                                                                                  .64  .77 
 312 LSP35A   1816 1992                                                                   .74  .77  .71  .67  .55 
 313 LSP36B   1820 1992                                                                   .56  .54  .55  .70  .61 
 314 LSP37A   1810 1992                                                                   .69  .62  .43  .43  .34 
 315 LSP37B   1806 1992                                                                   .64  .69  .55  .44  .30A
 316 LSP38A2  1853 1992                                                                             .61  .69  .67 
 317 LSP38B   1856 1992                                                                             .45  .65  .60 
 318 LSP38C2  1878 1992                                                                                  .74  .66 
 319 LSP38D2  1874 1992                                                                             .76  .74  .64 
 320 LSP39A   1829 1992                                                                        .71  .61  .46  .48 
 321 LSP40A   1827 1992                                                                        .59  .72  .69  .59 
 322 LSP40B   1827 1992                                                                        .61  .64  .72  .56 
 323 LSP41A   1790 1992                                                              .52  .66  .76  .67  .61  .57 
 324 LSP41B   1797 1992                                                              .57  .70  .75  .75  .70  .54 
 325 NON20A   1874 1992                                                                                  .70  .72 
 326 NON21A   1830 1992                                                                        .64  .72  .84  .69 
 327 NON21B   1895 1992                                                                                  .77  .71 
 328 NON22A   1863 1992                                                                             .71  .80  .80 
 329 NON22B   1851 1992                                                                             .75  .67  .62 
 330 NON23A   1826 1992                                                                        .74  .76  .69  .47 
 331 NON23B   1853 1992                                                                             .70  .71  .52 
 332 NON24A   1850 1992                                                                        .68  .71  .76  .81 
 333 NON24B   1850 1992                                                                             .77  .82  .74 
 334 NON25A   1850 1992                                                                             .53  .49  .53 
 335 NON26A   1848 1992                                                                        .58  .68  .67  .72 
 336 NON27A   1822 1992                                                                   .67  .70  .81  .88  .79 
 337 NON27B   1821 1992                                                                   .47  .62  .83  .91  .79 
 338 NON28A   1834 1992                                                                        .52  .69  .84  .83 
 339 NON28B2  1863 1992                                                                             .61  .70  .67 
 340 NON29A   1837 1992                                                                        .74  .77  .68  .67 
 341 NON29B   1834 1992                                                                        .65  .65  .76  .76 
 342 NON30A   1761 1992                                                         .53  .50  .69  .78  .76  .77  .74 
 343 NON30B   1790 1991                                                              .45  .54  .70  .75  .73  .75 
 344 NON30C   1813 1992                                                                   .63  .77  .72  .66  .71 
 345 NON30D   1736 1992                                                    .69  .64  .59  .68  .69  .71  .77  .76 
 346 NON32A   1821 1992                                                                   .40  .46  .58  .67  .64 
 347 NON32B   1824 1992                                                                   .48  .68  .66  .69  .57 
 348 NON33B   1790 1992                                                              .54  .48  .56  .68  .66  .53 
 349 NON34A   1820 1991                                                                   .62  .75  .78  .78  .73 
 350 NON34B   1769 1992                                                         .61  .71  .59  .62  .77  .81  .63 
 351 NON35A   1873 1992                                                                                  .76  .66 
 352 NON35B   1825 1992                                                                        .68  .68  .76  .69 
 353 NON36A   1825 1992                                                                        .69  .76  .74  .63 
 354 NON36B   1837 1992                                                                        .68  .73  .80  .66 
 355 NON36C   1828 1992                                                                        .72  .79  .80  .73 
 356 NON36D   1825 1894                                                                   .46                     
 357 NON37A   1924 1992                                                                                       .65 
 358 NON37B   1911 1992                                                                                       .43 
 359 NON38A   1850 1992                                                                             .73  .76  .72 
 360 NON38B   1856 1992                                                                             .78  .73  .64 
 361 NON39A   1890 1992                                                                                  .62  .58 
 362 NON39B   1905 1992                                                                                       .62 
 363 NON40A   1894 1992                                                                                  .82  .70 
 364 NON41A   1857 1992                                                                             .69  .65  .61 
 365 NON42A   1859 1992                                                                             .69  .75  .71 
 366 NON42B   1826 1992                                                                        .78  .64  .59  .41 
 367 NON43A   1790 1992                                                              .57  .70  .81  .83  .85  .77 
 368 NON43B   1735 1992                                                    .59  .57  .44  .60  .73  .79  .82  .66 
 369 NON44A   1817 1992                                                                   .56  .75  .70  .56  .50 
 370 NON44B   1819 1992                                                                   .66  .81  .74  .63  .64 
 371 NON45A   1834 1992                                                                        .47  .52  .64  .60 
 372 NON46A   1839 1992                                                                        .62  .66  .48  .31A
 373 NON46B   1898 1992                                                                                       .45 
 374 NON46C   1868 1992                                                                             .68  .48  .38 
 375 NON50A   1879 1992                                                                                  .62  .71 
 376 NON51A   1883 1992                                                                                  .49  .47 
 377 NON51B   1892 1992                                                                                  .66  .31A
 378 NON53A   1716 1992                                               .67  .68  .53  .38  .35  .40  .62  .67  .60 
 379 NON53B   1712 1992                                               .64  .66  .47  .37  .43B .46  .65  .64  .46 
 380 NON54A   1865 1992                                                                             .33B .43B .64 
 381 NON54B   1880 1992                                                                                  .54  .76 
 382 NON55A   1876 1992                                                                                  .53  .74 
 383 NON55B   1863 1992                                                                             .48  .68  .71 
 384 NON56A   1858 1992                                                                             .67  .77  .75 
 385 NON56B   1860 1992                                                                             .63  .65  .71 
 386 NON58A   1836 1992                                                                        .40  .57  .67  .50 
 387 NON58B   1860 1992                                                                             .61  .65  .41 
 388 NON59A   1848 1992                                                                        .57  .61  .60  .34 
 389 NON59B   1857 1992                                                                             .49  .52  .55 
 390 NON60A   1878 1992                                                                                  .62  .47 
 391 NON60B   1891 1992                                                                                  .62  .53 
 392 NON61A   1844 1992                                                                        .65  .65  .65  .68 
 393 NON61B   1865 1992                                                                             .55  .67  .52 
 394 NON62A   1882 1992                                                                                  .75  .72 
 395 NON62B   1882 1992                                                                                  .71  .71 
 396 NON63A   1862 1992                                                                             .63  .73  .59 
 397 NON63B   1858 1992                                                                             .53  .51  .35 
 398 NON64A   1862 1992                                                                             .59  .54  .62 
 399 NON64B   1848 1992                                                                        .35  .60  .61  .60 
 400 NON67A   1852 1992                                                                             .61  .61  .63 
 401 NON67B   1857 1992                                                                             .38  .51  .73 
 402 NON68A   1758 1992                                                         .50  .46  .62  .72  .80  .79  .64 
 403 NON69A   1814 1992                                                                   .45  .54  .71  .70  .68 
 404 NON69B   1822 1992                                                                   .65  .70  .63  .57  .59 
 405 NON70A   1820 1992                                                                   .27A .37  .54  .57  .63 
 406 NON70B   1824 1992                                                                   .30A .62  .62  .59  .52 
 407 UKE01B   1825 1992                                                                        .62  .69  .73  .75 
 408 UKE02A   1807 1992                                                                   .26B .28B .45  .65  .74 
 409 UKE02B   1793 1992                                                              .26A .43  .34  .56  .76  .71 
 410 UKE03A   1838 1992                                                                        .46  .50  .64  .70 
 411 UKE03B   1880 1992                                                                                  .68  .79 
 412 UKE04A   1859 1954                                                                             .63  .73      
 413 UKE04B   1862 1992                                                                             .64  .73  .72 
 414 UKE05A   1879 1992                                                                                  .62  .61 
 415 UKE05B   1770 1992                                                         .37  .46  .40  .60  .74  .76  .71 
 416 UKE06B   1842 1992                                                                        .59  .65  .72  .66 
 417 UKE10A   1862 1992                                                                             .82  .80  .70 
 418 UKE10B   1889 1992                                                                                  .70  .67 
 419 UKE11A   1835 1992                                                                        .79  .79  .80  .73 
 420 UKE11B   1848 1992                                                                        .72  .72  .69  .64 
 460 ALK244A  1410 1561  .56                                                                                      
 480 ALK243B  1452 1576  .75  .58                                                                                 
 481 ZZZ?     1469 1775  .55  .58  .52  .42  .51  .58  .49  .43  .44  .56                                         
 482 ID0104   1485 1683  .33  .35  .36  .29B .48  .62                                                             
 483 ID1501   1507 1730       .35  .35  .46  .54  .44  .42  .59                                                   
 484 KOTZ0202 1518 1710       .47  .41  .46  .66  .59  .35                                                        
 485 SQRSTMP  1530 1877            .41  .48  .33B .31B .35  .36  .67  .74  .63  .64  .64  .47                     
 486 RAN-1    1531 1800            .34  .58  .59  .59  .42  .41  .70  .77  .69                                    
 487 ALK7     1538 1674            .19B .43B .59  .54                                                             
 488 KDC-2    1559 1890                 .34  .41  .56  .56  .60  .71  .69  .67  .70  .50  .47                     
 489 RAN-5    1590 1820                      .43  .47  .42  .57  .77  .81  .71                                    
 490 ID0401   1572 1694                 .41  .59  .57                                                             
 491 ALK177   1660 1869                                     .30B .53  .57  .46  .59  .50                          
 492 ID0302   1595 1708                      .47  .58  .38                                                        
 493 KIANA-2  1598 1895                           .45  .19A .33  .62  .41  .33  .59  .54  .49                     
 494 KOTZ0203 1620 1775                           .50  .47  .46  .56  .46                                         
 495 KLB3     1627 1935                                .26A .34  .51  .43  .32A .60  .58  .49  .42  .56           
 496 RAN-7    1655 1894                                     .59  .65  .78  .69  .53  .56  .61                     
 497 HU-1     1670 1839                                     .67  .69  .55  .49  .55                               
 498 KDC-5    1678 1940                                          .37  .48  .45  .44  .21B .31B .53  .59           
 499 KDC-4    1690 1869                                          .49  .57  .49  .52  .37                          
 500 HU-2     1682 1809                                          .41  .36B .31B                                   
 501 RAN-2    1684 1937                                          .60  .49  .31A .44  .45  .45  .68  .60           
 502 KIANA-3  1684 1870                                          .58  .70  .69  .53  .38                          
 503 RAN-4    1686 1941                                          .54  .42  .38  .45  .50  .59  .62  .62           
 504 HU-7     1687 1940                                          .73  .66  .54  .49  .39  .34  .31A .51           
 505 AMB-1    1688 1940                                          .59  .64  .65  .69  .55  .53  .66  .65           
 506 SQR-3    1694 1940                                          .68  .66  .52  .46  .51  .58  .50  .43           
 507 KDC-10   1694 1859                                          .38  .54  .63  .52  .29B                         
 508 HU-6     1695 1940                                          .62  .57  .62  .66  .59  .43  .46  .69           
 509 RAN-6    1696 1938                                          .65  .64  .68  .72  .59  .49  .53  .61           
 510 KIANA-15 1698 1934                                          .56  .54  .34  .41  .52  .45  .55  .51           
 511 KIANA-5  1703 1912                                               .67  .69  .70  .55  .57  .64                
 512 HU-3     1711 1940                                               .70  .68  .58  .49  .50  .50  .58           
 513 KIANA-12 1711 1909                                               .71  .61  .50  .39  .48  .66                
 514 KDC-6    1721 1940                                               .65  .66  .62  .51  .36  .49  .66           
 515 HU-4     1840 1940                                                                        .27A .42           
 516 AMS5     1727 1859                                                    .22B .50  .52                          
 517 AMB-2    1728 1941                                                    .50  .51  .57  .53  .60  .68           
 518 AMB-4    1735 1941                                                    .39  .51  .48  .52  .61  .54           
 519 AMB-3    1800 1941                                                              .58  .67  .58  .56           
 520 AMB-5    1820 1941                                                                   .48  .42  .46           
 521 KOTZ07?  1795 1891                                                              .56  .70                     
 Av segment correlation  .55  .46  .37  .43  .51  .52  .39  .45  .58  .63  .59  .55  .49  .51  .57  .61  .61  .53 

 FLAGGED SEGMENTS: ak046
-----------------------------------------------------------------------------------------------------------------------------------
 Seq Series   Segment    Flag  r dated  Best lag  r at lag   Gain  Note
 --- -------- ---------  ----  -------  --------  --------  -----  -----------------
   1 OP01A    1900 1949     A     .293         0
   7 OP05A    1925 1974     A     .263         0
   8 OP05B    1925 1974     B     .001        -6      .207   .206  weak at every lag
  20 OP14B    1925 1974     A     .288         0
  22 OP15B    1925 1974     A     .289         0
  26 OP19A    1925 1974     A     .327         0
  30 EK01A    1775 1824     A     .326         0
  30 EK01A    1800 1849     B     .308        -5      .350   .042
  34 EK02C    1925 1974     B    -.021        -6      .308   .329  weak at every lag
  35 EK03A    1925 1974     A     .319         0
  37 EK04A    1925 1974     B     .056        -7      .326   .270  weak at every lag
  38 EK04B    1925 1974     B     .044         7      .233   .189  weak at every lag
  42 SQ03A    1800 1849     B     .189        -7      .219   .030  weak at every lag
  43 SQ03B    1800 1849     A     .282         0
  53 TE06B    1925 1974     A     .300         0
  65 TE16A    1925 1974     B     .255        -9      .258   .003  weak at every lag
  66 TE16B    1925 1974     B     .291        -9      .360   .069
  86 KGL56A   1925 1974     B     .310         7      .325   .015  weak at every lag
  91 KGL58B   1800 1849     B     .198         3      .247   .049  weak at every lag
  96 KGL62B   1925 1974     A     .278         0
  99 KGL64A   1875 1924     A     .325         0
 105 KGL70B   1825 1874     B     .364       -10      .449   .085
 106 KGL71A   1925 1974     A     .317         0
 111 KGL77A   1825 1874     B     .341       -10      .396   .055
 112 KGL77A1  1825 1874     B     .337       -10      .394   .058
 117 KGU1B    1825 1874     A     .307         0
 118 KGU20A   1925 1974     B     .202         6      .239   .037  weak at every lag
 130 KGU27A   1800 1849     B     .329       -10      .364   .034
 146 KGU42A   1825 1874     B     .376       -10      .376   .000
 159 KRS01B   1825 1874     B     .407       -10      .439   .032
 165 KRS04B   1850 1899     A     .306         0
 176 KRS09B2  1925 1974     B     .415        -2      .424   .009
 178 KRS09C2  1925 1974     A     .287         0
 180 KRS10B   1925 1974     B     .208        -2      .230   .022  weak at every lag
 181 KRS10C   1925 1974     A     .317         0
 185 KRS12A   1925 1974     B     .310         2      .429   .119
 186 KRS12B   1850 1899     B     .192        10      .221   .029  weak at every lag
 186 KRS12B   1875 1924     B     .171        10      .272   .101  weak at every lag
 186 KRS12B   1925 1974     B     .356        -2      .356   .001
 194 KRS16B   1800 1849     B     .183       -10      .253   .071  weak at every lag
 200 KRS19A   1900 1949     A     .305         0
 200 KRS19A   1925 1974     A     .314         0
 203 KRS20C   1925 1974     A     .325         0
 204 KRS23A   1900 1949     A     .299         0
 207 KRS26A   1925 1974     B     .362        -9      .378   .016
 212 KRS27C   1925 1974     B     .361         2      .373   .012
 217 KRS32B   1925 1974     B     .205         9      .473   .268
 229 LKE06B   1925 1974     A     .310         0
 231 LKE07B   1825 1874     B     .214        -8      .299   .085  weak at every lag
 234 LKE09A   1825 1874     A     .284         0
 240 LKE12A   1925 1974     A     .307         0
 244 LKE15A   1850 1899     B     .354        -2      .404   .049
 245 LKE15B   1825 1874     B     .173        -5      .352   .179
 245 LKE15B   1850 1899     B     .179        -2      .276   .097  weak at every lag
 248 LKE18A   1850 1899     B     .212         4      .258   .046  weak at every lag
 251 LKE21A   1850 1899     A     .308         0
 254 LKE23A   1825 1874     B     .177         5      .334   .157
 254 LKE23A   1850 1899     A     .316         0
 259 LSP01A   1925 1974     A     .229         0
 260 LSP01B   1925 1974     B     .180        -7      .303   .123  weak at every lag
 274 LSP06B   1925 1974     A     .296         0
 276 LSP06D   1850 1899     A     .268         0
 282 LSP09C   1925 1974     B     .192        -9      .274   .082  weak at every lag
 285 LSP11A   1925 1974     B     .248        -5      .258   .010  weak at every lag
 288 LSP12B   1925 1974     B     .199        -2      .298   .098  weak at every lag
 291 LSP15A   1925 1974     A     .306         0
 298 LSP21A   1850 1899     A     .299         0
 300 LSP22A   1925 1974     B     .257        -4      .259   .002  weak at every lag
 315 LSP37B   1925 1974     A     .299         0
 372 NON46A   1925 1974     A     .315         0
 377 NON51B   1925 1974     A     .310         0
 379 NON53B   1825 1874     B     .433        10      .445   .013
 380 NON54A   1875 1924     B     .329         7      .390   .061
 380 NON54A   1900 1949     B     .434         7      .449   .014
 405 NON70A   1825 1874     A     .266         0
 406 NON70B   1825 1874     A     .300         0
 408 UKE02A   1825 1874     B     .256        -3      .393   .136
 408 UKE02A   1850 1899     B     .280        -2      .331   .051
 409 UKE02B   1800 1849     A     .260         0
 423 ALK60    1175 1224     B     .430        -2      .433   .003
 424 EK1144   1175 1224     A     .275         0
 428 EK1119   1200 1249     B     .309        10      .328   .019
 428 EK1119   1225 1274     A     .185         0
 428 EK1119   1250 1299     A     .262         0
 432 EK1103   1150 1199     A     .320         0
 432 EK1103   1175 1224     B     .362        -6      .402   .040
 437 EK0708   1225 1274     B     .278         3      .364   .085
 437 EK0708   1250 1299     A     .313         0
 482 ID0104   1575 1624     B     .290         7      .308   .019  weak at every lag
 485 SQRSTMP  1600 1649     B     .327         6      .365   .037
 485 SQRSTMP  1625 1674     B     .312        -9      .334   .022
 487 ALK7     1550 1599     B     .191        -9      .388   .197
 487 ALK7     1575 1624     B     .430        -9      .452   .022
 491 ALK177   1675 1724     B     .301        -4      .349   .048
 493 KIANA-2  1650 1699     A     .192         0
 495 KLB3     1650 1699     A     .258         0
 495 KLB3     1750 1799     A     .323         0
 498 KDC-5    1800 1849     B     .206        -3      .273   .068  weak at every lag
 498 KDC-5    1825 1874     B     .310         8      .370   .060
 500 HU-2     1725 1774     B     .364        -2      .409   .045
 500 HU-2     1750 1799     B     .308        -2      .391   .082
 501 RAN-2    1750 1799     A     .312         0
 504 HU-7     1850 1899     A     .310         0
 507 KDC-10   1800 1849     B     .292        10      .386   .093
 515 HU-4     1850 1899     A     .268         0
 516 AMS5     1750 1799     B     .217         7      .249   .032  weak at every lag

 DESCRIPTIVE STATISTICS: ak046
-----------------------------------------------------------------------------------------------------------------------------------

                                                Corr   //-------- Unfiltered --------\\  //-- dplR filtered --\\
                           No.    No.    No.    with   Mean   Max     Std   Auto   Mean   Max     Std   Auto  AR
 Seq Series   Interval   Years  Segmt  Flags   Master  msmt   msmt    dev   corr   sens  value    dev   corr  ()
 --- -------- ---------  -----  -----  -----   ------ -----  -----  -----  -----  -----  -----  -----  -----  --
   1 OP01A    1890 1991    102      2      1    .380    .82   1.51   .234   .591   .219   1.63   .190  -.004   3
   2 OP01B    1890 1991    102      2      0    .426    .89   1.50   .248   .619   .202   1.45   .192  -.005   1
   3 OP02A    1876 1991    116      2      0    .461   1.29   2.15   .336   .452   .214   1.58   .195   .064   0
   4 OP02B    1880 1991    112      2      0    .504   1.07   1.92   .307   .493   .227   1.60   .207   .089   0
   5 OP04A    1906 1991     86      1      0    .603   1.26   2.98   .620   .822   .221   1.56   .209   .127   0
   6 OP04B    1892 1991    100      2      0    .619   1.20   3.38   .812   .881   .228   1.56   .219  -.007   1
   7 OP05A    1916 1991     76      1      1    .495   2.49   3.87   .712   .800   .151   1.42   .144   .007   2
   8 OP05B    1918 1991     74      1      1    .376   2.71   4.26   .718   .766   .154   1.38   .143  -.004   2
   9 OP06A    1869 1991    123      3      0    .366   1.35   3.91   .724   .902   .174   1.47   .182  -.012   2
  10 OP06B    1870 1991    122      3      0    .476    .97   3.11   .698   .922   .204   1.49   .203   .001   2
  11 OP08A    1880 1991    112      2      0    .323   1.84   7.92   .984   .686   .194   2.32   .220   .047   3
  12 OP08B    1875 1991    117      2      0    .435   1.29   4.66   .632   .871   .167   1.80   .175   .038   2
  13 OP09A    1898 1991     94      2      0    .511    .97   1.99   .340   .726   .200   1.47   .184   .082   0
  14 OP09B    1917 1991     75      1      0    .639    .86   1.45   .257   .622   .216   1.47   .206  -.023   1
  15 OP09C    1890 1991    102      2      0    .452    .83   2.33   .300   .735   .177   1.88   .183   .009   1
  16 OP10A    1870 1991    122      3      0    .578   1.28   3.86   .981   .917   .222   1.67   .221  -.071   3
  17 OP11A    1878 1991    114      2      0    .425    .94   2.78   .410   .717   .215   1.96   .247   .023   1
  18 OP11B    1878 1991    114      2      0    .372    .80   2.69   .328   .596   .209   2.29   .230  -.007   1
  19 OP14A    1877 1991    115      2      0    .509   1.13   1.96   .345   .720   .185   1.36   .170  -.002   1
  20 OP14B    1890 1991    102      2      1    .430   1.19   2.22   .419   .711   .206   1.71   .199  -.021   1
  21 OP15A    1866 1991    126      3      0    .408   1.88   3.79   .650   .575   .219   1.57   .212  -.003   1
  22 OP15B    1872 1991    120      3      1    .397   1.93   3.67   .617   .539   .211   1.60   .208   .094   0
  23 OP16B    1870 1991    122      3      0    .441   1.31   2.62   .526   .828   .192   2.03   .219  -.043   1
  24 OP17B    1880 1991    112      2      0    .494   1.02   2.33   .450   .704   .239   1.90   .242  -.017   1
  25 OP18A    1878 1991    114      2      0    .575    .99   2.59   .509   .795   .214   1.50   .207   .015   2
  26 OP19A    1908 1991     84      1      1    .456   1.54   2.76   .491   .629   .223   1.51   .217   .005   1
  27 OP19B    1874 1991    118      3      0    .573    .93   1.63   .306   .654   .211   1.59   .196  -.006   1
  28 OP20A    1873 1991    119      3      0    .606    .66   2.48   .413   .858   .255   1.73   .253  -.011   1
  29 OP20B    1873 1991    119      3      0    .648    .89   3.38   .502   .810   .243   1.70   .228   .063   0
  30 EK01A    1704 1991    288      9      2    .492    .39   2.00   .281   .833   .265   1.85   .258  -.022   3
  31 EK01B    1704 1991    288      9      0    .540    .46   2.57   .459   .867   .257   1.95   .247  -.014   1
  32 EK02A    1826 1991    166      4      0    .489    .55   1.96   .377   .873   .179   1.69   .192   .027   1
  33 EK02B    1877 1991    115      2      0    .558    .42   1.43   .293   .924   .203   1.78   .197  -.000   1
  34 EK02C    1885 1991    107      2      1    .463    .42    .97   .142   .710   .185   1.89   .194  -.007   1
  35 EK03A    1863 1991    129      3      1    .504    .89   1.87   .277   .493   .220   1.99   .245  -.017   1
  36 EK03B    1892 1991    100      2      0    .607    .73   1.84   .292   .594   .241   2.25   .269   .007   2
  37 EK04A    1854 1991    138      3      1    .531    .51   1.42   .194   .730   .176   1.94   .204  -.014   1
  38 EK04B    1792 1991    200      6      1    .484    .62   2.02   .363   .814   .238   1.95   .248   .034   1
  39 SQ01A    1836 1959    124      3      0    .407   1.13   3.24   .663   .832   .312   1.80   .290   .010   3
  40 SQ01B    1842 1959    118      3      0    .437   1.25   2.76   .496   .682   .271   1.68   .257  -.001   1
  41 SQ02A    1869 1991    123      3      0    .535   1.11   2.02   .408   .711   .224   1.60   .229   .005   2
  42 SQ03A    1727 1991    265      8      1    .533    .71   2.40   .461   .854   .299   1.85   .287  -.008   1
  43 SQ03B    1767 1991    225      7      1    .532    .75   1.94   .436   .831   .284   1.95   .267  -.000   2
  44 SQ04B    1850 1991    142      3      0    .544    .60   1.67   .344   .815   .265   1.77   .281  -.027   1
  45 TE02A    1939 1991     53      0      0    .630   1.02   2.10   .283   .432   .185   1.85   .214  -.032   1
  46 TE02B    1939 1991     53      0      0    .430   1.07   1.87   .366   .768   .189   1.71   .194   .173   0
  47 TE03A    1895 1991     97      2      0    .578   1.38   3.52   .658   .831   .184   1.66   .183   .003   2
  48 TE04A    1882 1991    110      2      0    .479   1.20   2.51   .509   .756   .189   1.80   .197   .009   2
  49 TE04B    1906 1991     86      1      0    .602   1.29   3.05   .583   .784   .210   1.71   .208   .126   0
  50 TE05A    1890 1991    102      2      0    .532   1.06   2.41   .404   .788   .181   1.49   .184  -.019   1
  51 TE05B    1905 1991     87      1      0    .562   1.03   2.22   .314   .674   .186   1.44   .172   .142   0
  52 TE06A    1877 1991    115      2      0    .424    .89   2.11   .527   .822   .234   1.62   .222  -.003   1
  53 TE06B    1877 1991    115      2      1    .482    .93   2.20   .572   .846   .227   1.60   .217  -.005   2
  54 TE07B    1900 1991     92      1      0    .409    .64   1.53   .302   .820   .194   1.52   .205  -.034   1
  55 TE08B    1892 1991    100      2      0    .509    .99   2.35   .429   .866   .173   1.49   .164  -.058   1
  56 TE09A    1872 1991    120      3      0    .485    .78   2.87   .640   .892   .241   1.76   .235   .098   0
  57 TE09B    1872 1991    120      3      0    .468    .73   1.92   .393   .836   .215   1.58   .211  -.007   1
  58 TE10A    1873 1991    119      3      0    .415    .89   3.19   .756   .953   .202   1.44   .178   .031   0
  59 TE10B    1910 1991     82      1      0    .482    .50   1.40   .251   .853   .191   1.52   .161   .013   3
  60 TE11A    1887 1991    105      2      0    .626    .88   1.75   .369   .777   .196   1.62   .197  -.006   2
  61 TE11B    1887 1991    105      2      0    .458    .94   1.90   .402   .832   .188   1.55   .190   .051   2
  62 TE12B    1873 1991    119      3      0    .513    .54   1.29   .272   .883   .198   1.80   .211  -.027   1
  63 TE13A    1930 1991     62      0      0    .423   1.00   2.17   .435   .876   .163   1.39   .147  -.011   3
  64 TE15B    1924 1991     68      0      0    .345    .95   2.03   .351   .814   .181   1.52   .185   .019   3
  65 TE16A    1899 1991     93      1      1    .494    .79   1.85   .327   .706   .194   1.56   .202   .051   2
  66 TE16B    1899 1991     93      2      1    .588    .97   1.82   .431   .845   .173   1.37   .151  -.117   0
  67 TE17A    1877 1991    115      2      0    .521    .82   2.18   .398   .769   .212   1.58   .212  -.003   2
  68 TE18B    1862 1991    130      3      0    .488    .77   2.27   .485   .871   .208   1.86   .223  -.045   1
  69 TE19A    1905 1991     87      1      0    .669   1.06   2.08   .367   .627   .224   1.81   .213  -.055   2
  70 TE19B    1924 1991     68      1      0    .657   1.23   2.14   .311   .550   .184   1.51   .181   .005   1
  71 TE20A    1890 1991    102      2      0    .501    .62   1.94   .460   .920   .240   1.66   .223   .113   0
  72 TE20B    1890 1991    102      2      0    .560    .81   1.71   .376   .844   .175   1.39   .179   .004   2
  73 KGL50A   1843 1992    150      4      0    .617   1.15   2.28   .351   .575   .212   1.63   .203   .110   0
  74 KGL50B   1861 1992    132      3      0    .538   1.07   1.95   .336   .656   .188   1.53   .173   .044   0
  75 KGL51A   1839 1992    154      4      0    .675    .76   2.64   .405   .719   .277   2.38   .279   .014   2
  76 KGL51B   1830 1992    163      4      0    .693    .90   2.20   .335   .550   .281   2.29   .283   .015   2
  77 KGL52A   1753 1992    240      7      0    .556    .21    .49   .077   .541   .288   1.87   .253   .053   0
  78 KGL52B   1710 1992    283      9      0    .519    .29   1.81   .225   .836   .321   2.75   .315   .004   1
  79 KGL52B1  1710 1974    265      9      0    .517    .30   1.81   .226   .827   .308   2.75   .309   .002   1
  80 KGL53A   1717 1992    276      9      0    .610    .56   2.31   .364   .811   .268   2.39   .295   .005   2
  81 KGL53B   1710 1992    283      9      0    .554    .35   2.29   .274   .900   .258   1.83   .244   .007   2
  82 KGL54A   1754 1992    239      7      0    .524    .36   1.09   .186   .816   .253   1.66   .234  -.029   3
  83 KGL54B   1763 1992    230      7      0    .546    .39   1.21   .174   .735   .260   1.86   .244   .001   2
  84 KGL55A   1727 1992    266      8      0    .494    .22   1.15   .208   .908   .313   1.82   .254   .002   2
  85 KGL55B   1738 1949    212      7      0    .618    .20    .79   .151   .810   .355   2.00   .311   .030   0
  86 KGL56A   1841 1992    152      4      1    .473    .20    .47   .079   .540   .286   1.79   .220  -.008   1
  87 KGL56B   1860 1992    133      3      0    .592    .22    .63   .091   .684   .246   1.86   .222  -.000   2
  88 KGL57A   1780 1992    213      6      0    .515    .27   1.13   .214   .866   .273   1.83   .267  -.005   1
  89 KGL57B   1880 1992    113      2      0    .554    .22    .79   .115   .796   .230   1.98   .223   .059   0
  90 KGL58A   1721 1949    229      8      0    .565    .38   1.12   .184   .773   .263   1.94   .259   .006   2
  91 KGL58B   1740 1949    210      7      1    .571    .32    .96   .175   .791   .255   1.82   .235  -.012   1
  92 KGL60A   1897 1992     96      2      0    .608    .48    .79   .144   .719   .176   1.44   .182   .035   2
  93 KGL61A   1801 1992    192      5      0    .547    .38    .97   .127   .584   .220   2.17   .217  -.011   1
  94 KGL61B   1812 1992    181      5      0    .591    .28    .54   .090   .582   .227   1.69   .194  -.066   0
  95 KGL62A   1868 1992    125      3      0    .488    .33    .73   .110   .641   .234   1.62   .219  -.011   1
  96 KGL62B   1828 1992    165      4      1    .477    .27    .50   .069   .516   .197   1.59   .183   .093   0
  97 KGL63A   1778 1992    215      6      0    .570    .41   1.25   .264   .896   .217   1.70   .215  -.001   2
  98 KGL63B   1789 1992    204      6      0    .546    .44   1.67   .346   .936   .240   1.63   .229   .014   2
  99 KGL64A   1865 1992    128      3      1    .474    .58   1.69   .320   .775   .251   1.94   .252   .079   0
 100 KGL64B   1908 1992     85      1      0    .638    .41   1.15   .200   .726   .260   1.94   .251   .137   0
 101 KGL64C   1870 1992    123      3      0    .611    .49   1.15   .252   .689   .288   1.80   .280  -.011   1
 102 KGL65A   1830 1992    163      4      0    .629    .61   1.45   .259   .716   .250   1.93   .265  -.012   1
 103 KGL65B   1814 1992    179      5      0    .609    .57   1.80   .261   .728   .256   1.73   .269   .018   1
 104 KGL70A   1771 1992    222      7      0    .543    .37   1.26   .174   .734   .252   2.03   .247  -.011   2
 105 KGL70B   1781 1992    212      6      1    .549    .33   1.21   .172   .752   .263   2.00   .253  -.004   2
 106 KGL71A   1724 1992    269      8      1    .541    .25    .72   .112   .732   .253   1.74   .243   .001   2
 107 KGL71B   1790 1992    203      6      0    .450    .26    .77   .108   .658   .270   1.79   .260   .008   1
 108 KGL74A   1785 1992    208      6      0    .509    .45   1.11   .173   .719   .216   1.97   .223  -.006   1
 109 KGL76A   1802 1992    191      5      0    .644    .27    .54   .092   .511   .272   1.61   .241  -.027   3
 110 KGL76B   1854 1992    139      3      0    .628    .46   1.14   .243   .710   .312   1.79   .294  -.010   1
 111 KGL77A   1817 1992    176      5      1    .452    .34   1.44   .203   .814   .287   1.73   .272  -.002   1
 112 KGL77A1  1817 1914     98      2      1    .405    .41   1.44   .237   .792   .292   1.72   .294   .023   1
 113 KGL77B2  1916 1992     77      1      0    .531    .29    .52   .091   .466   .261   1.54   .246   .025   0
 114 KGU10A   1800 1992    193      5      0    .513    .20    .39   .096   .853   .237   1.82   .231   .008   2
 115 KGU10B   1800 1992    193      5      0    .511    .22    .55   .127   .913   .223   1.78   .233   .010   1
 116 KGU1A    1810 1992    183      5      0    .618    .53   1.42   .201   .611   .223   1.95   .236   .015   2
 117 KGU1B    1810 1992    183      5      1    .565    .52   1.14   .166   .668   .194   1.76   .203   .022   2
 118 KGU20A   1900 1992     93      2      1    .181   1.22  29.18  2.961   .020   .246   9.79  1.010   .007   0
 119 KGU20B   1896 1992     97      2      0    .458    .62   1.34   .288   .872   .201   1.57   .201  -.024   1
 120 KGU21A   1875 1992    118      2      0    .499    .66   1.15   .196   .733   .169   1.48   .180  -.014   1
 121 KGU21B   1890 1992    103      2      0    .463    .68   1.24   .194   .760   .156   1.52   .181   .006   1
 122 KGU22A   1870 1992    123      3      0    .535    .49   1.05   .205   .747   .209   1.53   .221  -.042   1
 123 KGU23A   1791 1992    202      6      0    .548    .50   1.39   .301   .882   .237   1.95   .256   .050   1
 124 KGU23B   1813 1992    180      5      0    .500    .48   1.04   .165   .680   .225   1.93   .229   .032   1
 125 KGU23C   1886 1992    107      2      0    .549    .35    .67   .143   .850   .192   1.47   .183   .032   2
 126 KGU25A   1910 1992     83      1      0    .574    .74   1.61   .323   .808   .219   1.57   .226  -.060   1
 127 KGU25B   1914 1992     79      1      0    .538    .81   1.40   .256   .617   .214   1.52   .210   .131   0
 128 KGU26A   1847 1992    146      4      0    .669    .38   1.27   .241   .892   .222   1.72   .219  -.007   1
 129 KGU26B   1855 1992    138      3      0    .565    .45   1.55   .245   .845   .227   1.57   .209  -.010   2
 130 KGU27A   1793 1992    200      6      1    .554    .45    .93   .169   .711   .225   1.61   .221  -.030   3
 131 KGU27B   1850 1992    143      3      0    .536    .34    .82   .200   .892   .216   1.76   .211  -.007   1
 132 KGU28A   1852 1992    141      3      0    .520    .43   1.46   .329   .928   .220   1.99   .234  -.012   1
 133 KGU2A    1898 1992     95      2      0    .521    .97   2.07   .374   .645   .220   1.59   .238  -.010   1
 134 KGU2B    1911 1992     82      1      0    .479   1.14   2.36   .507   .817   .212   1.56   .216   .028   1
 135 KGU30C   1883 1992    110      2      0    .523    .45    .98   .145   .479   .222   1.88   .240   .004   2
 136 KGU31A   1820 1992    173      5      0    .512    .36   1.23   .251   .869   .243   2.02   .262   .033   1
 137 KGU32A   1774 1992    219      7      0    .598    .61   1.44   .350   .900   .207   1.47   .209  -.013   1
 138 KGU32B   1775 1992    218      6      0    .556    .49   1.29   .301   .905   .197   1.61   .199   .005   1
 139 KGU35B   1860 1992    133      3      0    .513    .47   1.02   .222   .883   .202   1.54   .206   .031   1
 140 KGU3B2   1843 1992    150      4      0    .517    .29    .83   .165   .848   .246   1.77   .266  -.046   1
 141 KGU40A   1904 1992     89      1      0    .518    .88   2.62   .617   .861   .244   1.66   .243   .024   1
 142 KGU40B   1885 1992    108      2      0    .551    .74   1.92   .379   .834   .205   1.56   .206   .001   2
 143 KGU40C   1885 1992    108      2      0    .517    .66   1.47   .271   .822   .194   1.47   .192  -.018   1
 144 KGU41A   1813 1992    180      5      0    .552    .37   1.14   .233   .895   .193   1.59   .207  -.015   3
 145 KGU41B   1850 1992    143      3      0    .501    .39   1.21   .224   .871   .206   1.66   .228  -.054   1
 146 KGU42A   1791 1992    202      6      1    .545    .42   1.05   .214   .809   .234   2.06   .255  -.015   3
 147 KGU42B   1878 1992    115      2      0    .566    .41    .86   .133   .580   .205   1.71   .202   .027   2
 148 KGU44A   1901 1992     92      1      0    .593   1.24   2.53   .652   .890   .208   1.99   .230  -.098   1
 149 KGU44B   1885 1992    108      2      0    .636   1.15   2.76   .706   .900   .205   1.59   .210  -.043   1
 150 KGU4A    1895 1992     98      2      0    .534   1.26   3.12   .660   .766   .259   2.25   .293  -.047   1
 151 KGU4B    1920 1992     73      1      0    .633   1.31   3.16   .718   .882   .210   2.16   .242  -.039   1
 152 KGU5A    1870 1992    123      3      0    .495    .28    .76   .132   .817   .206   1.64   .224  -.033   1
 153 KGU6A    1800 1992    193      5      0    .581    .40    .95   .145   .796   .181   1.46   .176   .020   2
 154 KGU6B    1789 1992    204      6      0    .502    .37    .87   .136   .719   .205   1.62   .207   .004   1
 155 KGU7A    1785 1992    208      6      0    .536    .35   1.16   .241   .859   .251   1.74   .238  -.006   1
 156 KGU7B    1804 1992    189      5      0    .586    .44   1.72   .345   .860   .230   2.01   .241  -.026   1
 157 KGU8A    1938 1992     55      0      0    .530   1.84   4.02  1.026   .878   .197   1.49   .184   .085   0
 158 KRS01A   1836 1992    157      4      0    .672    .74   1.91   .354   .780   .244   1.67   .224   .029   0
 159 KRS01B   1825 1992    168      5      1    .611    .81   2.36   .550   .880   .252   1.91   .233   .024   0
 160 KRS02A   1839 1992    154      4      0    .709   1.05   3.00   .686   .886   .215   1.55   .205   .005   1
 161 KRS02B   1850 1992    143      3      0    .609   1.05   2.92   .666   .889   .219   1.72   .216   .009   1
 162 KRS03A2  1804 1992    189      5      0    .525    .20    .51   .090   .753   .253   1.86   .252  -.004   1
 163 KRS03B   1698 1992    295     10      0    .554    .26    .97   .144   .795   .261   2.15   .262   .007   2
 164 KRS04A   1740 1992    253      8      0    .478    .28    .70   .141   .882   .204   1.65   .220   .033   1
 165 KRS04B   1840 1992    153      4      1    .470    .22    .47   .108   .840   .210   1.68   .221  -.011   1
 166 KRS05A   1862 1992    131      3      0    .703   1.15   3.27   .595   .832   .228   1.56   .213  -.006   1
 167 KRS05B   1852 1992    141      3      0    .675    .99   3.28   .584   .836   .235   1.58   .223   .095   0
 168 KRS06A   1835 1992    158      4      0    .521   1.05   2.67   .422   .648   .245   2.05   .241   .109   0
 169 KRS06B   1828 1992    165      4      0    .569    .88   1.98   .370   .746   .229   2.12   .230  -.000   1
 170 KRS07A   1861 1992    132      3      0    .547    .84   1.96   .392   .872   .194   1.66   .191   .022   1
 171 KRS08B2  1825 1992    168      4      0    .611    .61   1.59   .320   .836   .229   2.26   .249   .063   1
 172 KRS08C   1855 1992    138      3      0    .592    .64   1.38   .273   .844   .215   1.81   .205   .002   1
 173 KRS08D   1832 1970    139      3      0    .559    .49   1.43   .255   .806   .242   1.97   .246   .014   2
 174 KRS09A   1799 1992    194      5      0    .590    .45    .95   .188   .777   .232   1.58   .206  -.013   3
 175 KRS09B1  1695 1789     95      2      0    .602    .42    .83   .169   .716   .254   1.82   .263   .008   2
 176 KRS09B2  1810 1992    183      5      1    .532    .33   1.25   .176   .829   .230   1.77   .217  -.004   1
 177 KRS09C1  1705 1760     56      0      0    .601    .49    .97   .169   .574   .259   1.45   .245  -.031   1
 178 KRS09C2  1796 1992    197      6      1    .511    .53   1.41   .243   .737   .229   1.73   .213  -.011   0
 179 KRS10A   1799 1992    194      5      0    .494    .37   1.32   .276   .912   .263   2.17   .263  -.006   3
 180 KRS10B   1789 1992    204      6      1    .482    .28   1.25   .170   .732   .328   2.54   .314   .008   1
 181 KRS10C   1792 1992    201      6      1    .497    .37   1.35   .285   .907   .240   1.86   .227  -.001   1
 182 KRS11A2  1928 1992     65      0      0    .622    .64   1.17   .206   .566   .251   1.52   .217   .044   0
 183 KRS11B1  1798 1874     77      2      0    .513    .34    .74   .116   .662   .224   1.46   .212   .116   0
 184 KRS11B2  1884 1992    109      2      0    .590    .31    .67   .107   .559   .263   1.70   .242  -.007   0
 185 KRS12A   1858 1992    135      3      1    .423    .33    .84   .130   .774   .215   1.51   .179  -.015   2
 186 KRS12B   1829 1992    164      4      3    .303    .31    .74   .099   .483   .237   3.07   .261  -.017   3
 187 KRS13A   1719 1992    274      9      0    .602    .42   1.42   .251   .802   .294   2.79   .290   .001   1
 188 KRS13B   1785 1992    208      6      0    .669    .44   1.22   .242   .834   .259   1.88   .239   .078   0
 189 KRS13C   1730 1992    263      8      0    .570    .39   1.37   .189   .711   .277   2.17   .271   .005   2
 190 KRS14A   1860 1992    133      3      0    .486    .53   2.36   .450   .904   .238   1.89   .256   .021   1
 191 KRS15A   1720 1992    273      9      0    .640    .41   1.22   .241   .829   .291   1.88   .275  -.012   1
 192 KRS15B   1724 1992    269      9      0    .606    .38    .92   .176   .820   .241   2.00   .237   .021   1
 193 KRS16A   1713 1992    280      9      0    .566    .44   1.20   .206   .747   .241   2.26   .245   .002   3
 194 KRS16B   1723 1992    270      8      1    .526    .38   1.09   .219   .860   .236   1.82   .245  -.009   3
 195 KRS17A   1656 1992    337     11      0    .516    .24    .72   .128   .734   .298   3.08   .329  -.005   2
 196 KRS17B   1760 1959    200      6      0    .627    .36   1.34   .194   .748   .293   1.89   .268  -.000   2
 197 KRS18A1  1700 1790     91      2      0    .519    .18    .40   .094   .722   .307   2.23   .309   .147   0
 198 KRS18A2  1840 1992    153      4      0    .647    .32   1.06   .149   .799   .212   1.82   .209   .005   1
 199 KRS18C   1847 1992    146      4      0    .575    .43   1.37   .174   .705   .240   1.88   .226  -.011   1
 200 KRS19A   1847 1992    146      4      2    .359    .27   1.17   .167   .759   .248   2.05   .263  -.065   1
 201 KRS19B   1735 1992    258      8      0    .537    .25   1.70   .206   .836   .273   1.88   .273  -.013   1
 202 KRS20B   1721 1969    249      8      0    .541    .31    .73   .136   .689   .257   1.73   .239   .061   0
 203 KRS20C   1855 1992    138      3      1    .550    .42   1.15   .203   .826   .209   1.59   .206   .030   2
 204 KRS23A   1780 1949    170      5      1    .402    .21    .68   .091   .786   .220   1.78   .223  -.001   1
 205 KRS23B   1704 1949    246      8      0    .566    .24    .79   .115   .814   .245   1.88   .240  -.019   1
 206 KRS24B   1703 1959    257      8      0    .544    .26    .98   .130   .728   .283   2.17   .293   .002   2
 207 KRS26A   1670 1992    323     11      1    .551    .26    .70   .109   .669   .256   2.15   .248  -.029   3
 208 KRS26C   1720 1992    273      9      0    .536    .30   1.47   .201   .803   .301   2.43   .303   .016   1
 209 KRS26D   1702 1992    291      9      0    .644    .30    .94   .126   .708   .242   1.92   .237  -.001   1
 210 KRS27A   1746 1949    204      7      0    .576    .27    .61   .125   .811   .217   1.63   .213  -.010   1
 211 KRS27B   1731 1992    262      8      0    .379    .30   1.62   .215   .847   .231   4.89   .344   .000   1
 212 KRS27C   1729 1992    264      8      1    .625    .37   1.03   .202   .871   .221   1.87   .224   .007   2
 213 KRS29A   1869 1992    124      3      0    .628   1.00   2.44   .336   .687   .200   1.80   .195  -.007   2
 214 KRS29B   1858 1992    135      3      0    .528    .77   1.48   .218   .518   .194   2.04   .209  -.004   1
 215 KRS30B   1840 1992    153      4      0    .499    .61   1.71   .449   .875   .285   1.89   .265   .113   0
 216 KRS32A   1829 1992    164      4      0    .490    .82   2.19   .420   .835   .220   1.97   .212   .012   2
 217 KRS32B   1844 1992    149      4      1    .460    .85   1.80   .371   .821   .183   2.26   .209   .003   1
 218 LKE00A   1840 1992    153      4      0    .477   1.23   2.36   .411   .726   .196   1.70   .198   .003   1
 219 LKE01A   1861 1992    132      3      0    .609    .27    .83   .164   .842   .314   1.78   .315   .048   1
 220 LKE01B   1799 1992    194      5      0    .611    .34    .86   .174   .807   .271   2.15   .280  -.016   3
 221 LKE02A   1823 1992    170      5      0    .589    .66   1.70   .279   .704   .246   1.89   .261   .011   1
 222 LKE02B   1842 1992    151      4      0    .654    .57   1.36   .230   .645   .265   1.82   .268  -.004   1
 223 LKE03A1  1804 1880     77      1      0    .657    .60   1.45   .216   .678   .218   1.66   .192  -.042   0
 224 LKE03A2  1887 1992    106      2      0    .583    .43   1.32   .176   .574   .206   2.41   .263   .033   1
 225 LKE03B   1796 1992    197      6      0    .719    .39   1.20   .174   .760   .232   1.93   .230  -.016   1
 226 LKE04A2  1887 1992    106      2      0    .539    .43   1.39   .181   .552   .201   2.50   .270   .031   1
 227 LKE05A   1829 1992    164      4      0    .545    .56   1.39   .293   .797   .261   1.76   .260   .006   3
 228 LKE06A   1831 1992    162      4      0    .527    .47   1.12   .193   .645   .240   1.87   .235   .039   2
 229 LKE06B   1834 1992    159      4      1    .457    .49   2.10   .313   .854   .222   2.04   .259   .041   1
 230 LKE07A   1850 1992    143      3      0    .506    .33    .63   .130   .760   .207   1.50   .196  -.004   3
 231 LKE07B   1820 1992    173      5      1    .431    .52   1.32   .220   .621   .275   2.07   .269   .058   0
 232 LKE08A   1809 1992    184      5      0    .510    .47   1.38   .229   .700   .270   2.03   .287  -.026   1
 233 LKE08B   1828 1992    165      4      0    .480    .33    .89   .131   .686   .222   1.77   .232   .015   3
 234 LKE09A   1822 1992    171      5      1    .540    .43   1.01   .231   .837   .245   1.73   .262  -.037   3
 235 LKE09B   1863 1992    130      3      0    .546    .50   1.30   .294   .886   .219   1.89   .254   .031   1
 236 LKE10A   1826 1992    167      4      0    .597    .57   1.65   .315   .797   .298   1.87   .287   .011   3
 237 LKE10B   1850 1992    143      3      0    .569    .68   1.85   .356   .773   .272   1.75   .265  -.006   3
 238 LKE11A   1821 1992    172      5      0    .665    .55   1.43   .215   .633   .260   1.87   .256   .002   3
 239 LKE11B1  1821 1966    146      4      0    .633    .42   1.01   .183   .704   .248   2.21   .269  -.027   1
 240 LKE12A   1813 1992    180      5      1    .493    .43   1.80   .282   .760   .298   2.71   .347  -.023   3
 241 LKE12B   1826 1992    167      4      0    .604    .45   1.56   .272   .826   .239   1.82   .236  -.029   3
 242 LKE13A   1872 1992    121      3      0    .477    .54   1.21   .206   .632   .233   1.83   .248  -.044   3
 243 LKE14A   1873 1992    120      3      0    .530    .56   1.18   .202   .677   .212   1.60   .213  -.008   1
 244 LKE15A   1825 1992    168      4      1    .498    .36    .87   .136   .609   .246   1.83   .258   .018   1
 245 LKE15B   1805 1992    188      5      2    .424    .35   1.07   .132   .609   .236   2.13   .260   .060   1
 246 LKE16A   1840 1992    153      4      0    .601    .43    .82   .145   .652   .216   1.52   .214  -.017   3
 247 LKE17B   1850 1992    143      3      0    .613    .53   2.14   .288   .732   .272   2.40   .284   .002   2
 248 LKE18A   1836 1992    157      4      1    .548    .62   1.45   .307   .750   .262   2.15   .274  -.028   3
 249 LKE19A   1821 1992    172      5      0    .635    .50   1.71   .311   .788   .285   1.94   .281  -.022   1
 250 LKE20A   1820 1992    173      5      0    .487    .36    .76   .154   .765   .216   1.58   .228  -.024   1
 251 LKE21A   1835 1992    158      4      1    .418    .33    .97   .145   .688   .248   1.80   .262   .022   3
 252 LKE21B   1820 1992    173      5      0    .559    .34    .70   .130   .690   .243   1.96   .240  -.008   1
 253 LKE22A   1835 1992    158      4      0    .557    .40    .95   .175   .700   .284   1.84   .269  -.012   3
 254 LKE23A   1814 1992    179      5      2    .409    .47   1.27   .285   .809   .316   2.26   .327  -.006   1
 255 LKE23B   1826 1992    167      4      0    .466    .45   1.16   .206   .670   .298   1.87   .296   .018   3
 256 LKE24A   1830 1992    163      4      0    .447    .45   1.21   .237   .772   .274   2.05   .314   .054   1
 257 LKE24B   1858 1992    135      3      0    .529    .39   1.15   .207   .694   .307   2.52   .328  -.025   3
 258 LKE25B   1904 1992     89      1      0    .594    .58   1.45   .281   .770   .284   1.56   .259  -.055   3
 259 LSP01A   1857 1991    135      3      1    .510    .60   1.54   .264   .703   .248   1.71   .235   .112   0
 260 LSP01B   1895 1992     98      2      1    .555    .54   1.48   .242   .685   .222   1.67   .201  -.082   0
 261 LSP01SEA 1905 1992     88      1      0    .631    .87   1.63   .231   .706   .158   1.52   .162  -.032   1
 262 LSP02A   1916 1992     77      1      0    .592    .66   1.33   .289   .798   .211   1.35   .186  -.066   0
 263 LSP02B   1900 1992     93      1      0    .696    .67   2.04   .346   .862   .194   1.60   .196  -.021   1
 264 LSP02C   1902 1992     91      1      0    .477    .73   1.28   .251   .621   .241   1.64   .211   .035   0
 265 LSP03B   1901 1992     92      1      0    .609   1.37   2.36   .461   .803   .153   1.36   .153  -.029   1
 266 LSP04A   1860 1992    133      3      0    .648    .56   1.17   .224   .757   .217   1.57   .191  -.041   0
 267 LSP04B   1862 1992    131      3      0    .743    .58   1.07   .231   .705   .256   1.65   .218  -.037   0
 268 LSP04C   1847 1992    146      4      0    .665    .68   2.43   .355   .788   .244   1.74   .206   .008   2
 269 LSP05A   1904 1992     89      1      0    .607    .65   1.09   .200   .507   .232   1.60   .198  -.115   0
 270 LSP05C   1917 1992     76      1      0    .649    .66   1.22   .225   .672   .210   1.61   .194   .000   1
 271 LSP05D   1866 1992    127      3      0    .668    .48    .94   .170   .465   .298   2.08   .262   .004   0
 272 LSP05E   1869 1992    124      3      0    .662    .41   1.07   .218   .752   .290   2.50   .283  -.016   1
 273 LSP06A   1832 1992    161      4      0    .511    .66   2.20   .302   .822   .170   1.67   .174   .021   3
 274 LSP06B   1877 1992    116      2      1    .497    .42   1.55   .324   .822   .309   1.61   .240  -.005   2
 275 LSP06C   1873 1992    120      3      0    .480    .49   1.77   .406   .839   .296   2.37   .268  -.017   2
 276 LSP06D   1838 1992    155      4      1    .414    .74   1.53   .277   .813   .167   1.97   .183  -.006   1
 277 LSP07A   1835 1992    158      4      0    .441   1.19   2.76   .651   .902   .206   2.62   .231   .001   2
 278 LSP07B   1834 1992    159      4      0    .532    .90   2.29   .623   .944   .220   1.56   .205   .006   1
 279 LSP08A   1909 1992     84      1      0    .615    .63   1.01   .144   .522   .178   1.49   .169   .154   0
 280 LSP08B   1922 1992     71      1      0    .579    .71   1.18   .169   .617   .164   1.47   .155   .141   0
 281 LSP09A   1820 1992    173      5      0    .552    .51    .96   .140   .650   .179   1.44   .183  -.022   3
 282 LSP09C   1854 1992    139      3      1    .464    .65   1.28   .192   .620   .183   1.66   .184  -.016   1
 283 LSP10A   1863 1992    130      3      0    .512    .84   2.30   .296   .478   .239   2.07   .271  -.048   3
 284 LSP10B   1880 1992    113      2      0    .646    .69   1.36   .234   .645   .234   1.83   .220  -.016   1
 285 LSP11A   1860 1992    133      3      1    .525    .62   1.39   .252   .525   .314   2.11   .301   .003   2
 286 LSP11B   1834 1992    159      4      0    .551    .55   1.30   .291   .763   .336   1.82   .301   .020   2
 287 LSP12A   1840 1992    153      4      0    .542    .25    .90   .171   .711   .369   3.03   .386   .006   1
 288 LSP12B   1828 1992    165      4      1    .478    .29   1.09   .188   .791   .338   2.28   .326  -.017   1
 289 LSP13A   1855 1992    138      3      0    .568   1.17   3.05   .591   .782   .255   1.76   .246   .007   1
 290 LSP13B   1914 1992     79      1      0    .548    .83   1.80   .398   .717   .280   1.62   .267   .158   0
 291 LSP15A   1908 1992     85      1      1    .561    .96   1.50   .261   .707   .168   1.57   .175   .032   1
 292 LSP15B   1878 1992    115      2      0    .563    .89   1.90   .318   .708   .218   1.57   .217  -.011   1
 293 LSP17A   1863 1992    130      3      0    .652    .83   1.96   .313   .513   .250   1.83   .251  -.007   1
 294 LSP17B1  1853 1926     74      1      0    .636    .62   1.75   .319   .756   .299   1.51   .252   .044   0
 295 LSP17B2  1933 1992     60      0      0    .609    .67   1.12   .226   .717   .210   1.48   .203   .016   1
 296 LSP18A   1857 1992    136      3      0    .596    .57   1.41   .207   .664   .238   1.73   .216   .031   0
 297 LSP18B   1843 1992    150      4      0    .619    .60   1.35   .257   .755   .233   1.71   .208  -.013   0
 298 LSP21A   1841 1992    152      4      1    .485   1.04   1.97   .276   .627   .175   1.60   .178  -.001   1
 299 LSP21B   1882 1992    111      2      0    .616   1.11   2.27   .423   .747   .197   1.52   .179   .026   0
 300 LSP22A   1858 1992    135      3      1    .536    .59   1.42   .315   .790   .272   1.69   .259   .005   1
 301 LSP22B   1846 1992    147      4      0    .595    .54   1.21   .233   .684   .253   1.75   .253   .003   1
 302 LSP23A   1853 1992    140      3      0    .634   1.08   1.92   .269   .515   .186   1.55   .174   .006   3
 303 LSP23B   1878 1992    115      2      0    .614    .88   1.63   .244   .456   .243   1.61   .210  -.013   0
 304 LSP30A   1850 1992    143      3      0    .602    .69   1.45   .219   .595   .227   1.66   .212  -.016   3
 305 LSP30B   1864 1992    129      3      0    .655    .83   1.67   .261   .596   .219   1.78   .218   .024   2
 306 LSP31A   1883 1992    110      2      0    .601    .97   2.17   .382   .692   .229   1.60   .207  -.014   2
 307 LSP31B   1875 1992    118      2      0    .679   1.01   2.38   .323   .590   .231   1.74   .224  -.014   1
 308 LSP33A   1813 1992    180      5      0    .616    .69   2.01   .321   .787   .211   1.63   .210  -.019   3
 309 LSP33B   1810 1992    183      5      0    .604    .56   1.87   .315   .779   .240   2.08   .241  -.007   1
 310 LSP34A   1798 1992    195      6      0    .603    .37   1.59   .276   .835   .301   2.00   .285   .003   2
 311 LSP34B   1881 1992    112      2      0    .614    .45   1.21   .222   .757   .217   1.52   .198  -.006   2
 312 LSP35A   1816 1992    177      5      0    .649    .43   1.22   .217   .748   .247   1.80   .237   .033   2
 313 LSP36B   1820 1992    173      5      0    .545    .30    .85   .169   .761   .291   1.72   .275  -.005   1
 314 LSP37A   1810 1992    183      5      0    .499    .44   1.71   .379   .884   .251   1.99   .262   .006   1
 315 LSP37B   1806 1992    187      5      1    .531    .50   1.79   .374   .840   .248   1.85   .257  -.016   3
 316 LSP38A2  1853 1992    140      3      0    .664    .63   1.78   .360   .768   .271   2.11   .264   .006   1
 317 LSP38B   1856 1992    137      3      0    .480    .92   1.88   .347   .645   .252   1.73   .252  -.002   1
 318 LSP38C2  1878 1992    115      2      0    .719    .83   1.87   .478   .861   .223   1.69   .219   .017   1
 319 LSP38D2  1874 1992    119      3      0    .654    .84   2.01   .480   .845   .229   1.53   .215   .007   1
 320 LSP39A   1829 1992    164      4      0    .593    .57   1.87   .358   .876   .192   1.47   .188  -.005   2
 321 LSP40A   1827 1992    166      4      0    .639    .52   2.57   .461   .851   .261   1.91   .259   .096   0
 322 LSP40B   1827 1992    166      4      0    .604    .56   1.85   .397   .753   .297   1.98   .284   .088   0
 323 LSP41A   1790 1992    203      6      0    .630    .50   1.58   .310   .864   .234   1.67   .226  -.031   3
 324 LSP41B   1797 1992    196      6      0    .652    .50   1.78   .306   .853   .257   1.87   .241   .082   0
 325 NON20A   1874 1992    119      2      0    .674   1.31   3.65   .686   .832   .250   1.56   .229   .007   2
 326 NON21A   1830 1992    163      4      0    .673    .89   2.04   .302   .729   .200   1.60   .191   .008   2
 327 NON21B   1895 1992     98      2      0    .797   1.15   2.34   .303   .443   .224   1.84   .209   .007   0
 328 NON22A   1863 1992    130      3      0    .742   1.12   2.20   .329   .566   .211   1.58   .179  -.054   0
 329 NON22B   1851 1992    142      3      0    .686   1.07   1.91   .313   .625   .206   1.43   .184   .007   2
 330 NON23A   1826 1992    167      4      0    .590   1.01   2.01   .340   .793   .166   1.36   .154   .000   1
 331 NON23B   1853 1992    140      3      0    .699    .90   1.97   .386   .870   .153   1.53   .154  -.010   1
 332 NON24A   1850 1992    143      4      0    .733   1.19   2.34   .392   .462   .273   1.67   .242   .077   0
 333 NON24B   1850 1992    143      3      0    .714   1.37   2.71   .411   .348   .267   1.61   .229   .002   2
 334 NON25A   1850 1992    143      3      0    .543    .96   2.28   .393   .556   .258   2.45   .279  -.007   2
 335 NON26A   1848 1992    145      4      0    .661    .65   1.21   .191   .601   .208   1.53   .202  -.023   2
 336 NON27A   1822 1992    171      5      0    .744    .95   2.49   .299   .507   .224   1.87   .218   .004   1
 337 NON27B   1821 1992    172      5      0    .704    .99   1.97   .340   .613   .241   1.78   .229   .014   1
 338 NON28A   1834 1992    159      4      0    .711    .98   2.42   .387   .840   .171   1.59   .175  -.023   1
 339 NON28B2  1863 1992    130      3      0    .641    .93   1.76   .260   .663   .175   1.50   .170   .019   2
 340 NON29A   1837 1992    156      4      0    .706    .66   1.53   .369   .808   .264   1.81   .246   .013   0
 341 NON29B   1834 1992    159      4      0    .701    .76   2.01   .311   .536   .274   2.11   .267   .044   0
 342 NON30A   1761 1992    232      7      0    .687    .60   1.48   .200   .656   .196   1.84   .201   .031   2
 343 NON30B   1790 1991    202      6      0    .687    .55   1.06   .171   .641   .199   1.61   .198  -.012   3
 344 NON30C   1813 1992    180      5      0    .699    .55   1.16   .182   .647   .206   1.66   .215  -.026   1
 345 NON30D   1736 1992    257      8      0    .701    .54   1.06   .185   .634   .229   1.80   .218   .005   2
 346 NON32A   1821 1992    172      5      0    .559    .35    .80   .139   .781   .206   1.57   .213  -.040   1
 347 NON32B   1824 1992    169      5      0    .577    .59   1.49   .299   .887   .189   1.71   .204  -.004   1
 348 NON33B   1790 1992    203      6      0    .609    .31    .74   .112   .724   .207   1.66   .194  -.001   2
 349 NON34A   1820 1991    172      5      0    .743    .50    .89   .134   .512   .211   1.75   .204   .011   1
 350 NON34B   1769 1992    224      7      0    .683    .46   1.18   .197   .794   .201   1.68   .204   .020   3
 351 NON35A   1873 1992    120      2      0    .679    .58   1.21   .208   .703   .216   1.65   .225   .004   3
 352 NON35B   1825 1992    168      4      0    .668    .43    .83   .170   .748   .233   1.82   .232  -.007   3
 353 NON36A   1825 1992    168      4      0    .674    .96   2.37   .403   .772   .211   1.61   .199  -.006   1
 354 NON36B   1837 1992    156      4      0    .722    .95   1.71   .305   .643   .208   1.51   .202   .001   1
 355 NON36C   1828 1992    165      4      0    .718   1.00   2.07   .404   .773   .199   1.53   .193  -.035   2
 356 NON36D   1825 1894     70      1      0    .464   1.42   3.16   .550   .653   .224   1.57   .224   .147   0
 357 NON37A   1924 1992     69      1      0    .734    .83   2.05   .359   .729   .232   2.09   .258   .031   1
 358 NON37B   1911 1992     82      1      0    .607    .70   1.93   .263   .573   .240   2.21   .265   .026   1
 359 NON38A   1850 1992    143      3      0    .753    .92   2.44   .376   .698   .223   1.75   .237  -.039   3
 360 NON38B   1856 1992    137      3      0    .770    .88   2.19   .335   .685   .228   1.77   .220  -.009   1
 361 NON39A   1890 1992    103      2      0    .647   1.02   1.97   .298   .557   .200   1.68   .205  -.025   1
 362 NON39B   1905 1992     88      1      0    .677   1.07   1.75   .303   .709   .170   1.72   .176  -.009   1
 363 NON40A   1894 1992     99      2      0    .769    .88   1.91   .362   .766   .226   1.67   .199  -.008   1
 364 NON41A   1857 1992    136      3      0    .669   1.03   1.69   .293   .605   .198   1.42   .188   .117   0
 365 NON42A   1859 1992    134      3      0    .736    .87   2.70   .630   .824   .276   1.87   .262  -.010   2
 366 NON42B   1826 1992    167      4      0    .624    .96   2.66   .677   .870   .254   1.79   .242   .016   2
 367 NON43A   1790 1992    203      6      0    .780    .48   1.12   .188   .670   .249   1.76   .229  -.005   2
 368 NON43B   1735 1992    258      8      0    .648    .33    .92   .160   .671   .312   2.31   .300   .005   2
 369 NON44A   1817 1992    176      5      0    .621    .53   1.93   .295   .859   .203   1.74   .211   .011   1
 370 NON44B   1819 1992    174      5      0    .692    .62   1.84   .320   .845   .201   1.46   .206  -.012   1
 371 NON45A   1834 1992    159      4      0    .479    .40   1.50   .240   .861   .237   2.67   .279  -.000   3
 372 NON46A   1839 1992    154      4      1    .525    .62   1.97   .393   .848   .252   1.94   .242  -.025   3
 373 NON46B   1898 1992     95      1      0    .514    .48   1.03   .219   .813   .233   2.17   .239  -.042   3
 374 NON46C   1868 1992    125      3      0    .585    .85   2.63   .517   .844   .239   1.72   .238   .022   2
 375 NON50A   1879 1992    114      2      0    .641    .52   1.28   .234   .696   .233   2.06   .258  -.019   1
 376 NON51A   1883 1992    110      2      0    .446    .53   1.87   .325   .833   .276   2.17   .277   .082   3
 377 NON51B   1892 1992    101      2      1    .505    .51   1.78   .395   .878   .239   2.10   .289   .001   3
 378 NON53A   1716 1992    277      9      0    .583    .33   1.85   .209   .825   .227   2.03   .242  -.025   1
 379 NON53B   1712 1992    281      9      1    .542    .41   2.25   .262   .803   .223   2.44   .252  -.008   3
 380 NON54A   1865 1992    128      3      2    .434    .55   2.05   .395   .825   .276   3.10   .386  -.015   2
 381 NON54B   1880 1992    113      2      0    .599    .52   1.93   .361   .873   .262   1.91   .288  -.002   2
 382 NON55A   1876 1992    117      2      0    .519    .69   1.39   .253   .502   .293   1.86   .299   .037   1
 383 NON55B   1863 1992    130      3      0    .491    .60   1.45   .289   .735   .269   2.17   .307  -.001   1
 384 NON56A   1858 1992    135      3      0    .708    .34    .81   .124   .577   .241   2.07   .255  -.012   1
 385 NON56B   1860 1992    133      3      0    .610    .56   1.29   .188   .516   .247   2.18   .263  -.003   1
 386 NON58A   1836 1992    157      4      0    .566    .27    .86   .154   .666   .315   2.07   .322  -.013   1
 387 NON58B   1860 1992    133      3      0    .544    .30    .82   .145   .677   .298   1.99   .291   .040   1
 388 NON59A   1848 1992    145      4      0    .547    .46   1.22   .226   .738   .249   2.12   .277  -.032   1
 389 NON59B   1857 1992    136      3      0    .514    .62   2.10   .281   .663   .228   2.33   .250  -.024   1
 390 NON60A   1878 1992    115      2      0    .548    .96   2.05   .330   .501   .267   1.78   .284   .024   1
 391 NON60B   1891 1992    102      2      0    .653    .58   1.60   .251   .766   .207   1.43   .201  -.004   1
 392 NON61A   1844 1992    149      4      0    .615    .44    .93   .166   .509   .316   1.89   .294   .107   0
 393 NON61B   1865 1992    128      3      0    .513    .58   1.84   .359   .808   .294   2.37   .329  -.003   3
 394 NON62A   1882 1992    111      2      0    .686    .52   1.21   .214   .597   .284   2.03   .291   .012   1
 395 NON62B   1882 1992    111      2      0    .606    .69   2.07   .336   .659   .309   2.11   .332  -.000   1
 396 NON63A   1862 1992    131      3      0    .579    .51   1.40   .256   .715   .265   1.78   .251  -.005   3
 397 NON63B   1858 1992    135      3      0    .467    .63   1.66   .353   .801   .290   1.90   .282   .004   2
 398 NON64A   1862 1992    131      3      0    .588    .75   1.78   .334   .756   .253   1.80   .244  -.006   2
 399 NON64B   1848 1992    145      4      0    .525    .72   2.04   .327   .718   .252   1.86   .270   .021   1
 400 NON67A   1852 1992    141      3      0    .572    .58   1.39   .256   .682   .255   2.01   .270  -.013   3
 401 NON67B   1857 1992    136      3      0    .534    .71   1.65   .247   .510   .260   2.10   .283   .013   1
 402 NON68A   1758 1992    235      7      0    .668    .32    .72   .131   .519   .306   2.39   .305  -.008   1
 403 NON69A   1814 1992    179      5      0    .627    .85   2.04   .376   .628   .285   1.82   .290  -.002   1
 404 NON69B   1822 1992    171      5      0    .642    .70   1.71   .345   .695   .280   2.37   .280   .019   2
 405 NON70A   1820 1992    173      5      1    .447    .70   2.12   .303   .725   .254   1.99   .260   .008   1
 406 NON70B   1824 1992    169      5      1    .521    .61   1.32   .273   .793   .230   1.88   .230   .013   1
 407 UKE01B   1825 1992    168      4      0    .669    .92   2.17   .308   .567   .257   2.03   .245   .007   2
 408 UKE02A   1807 1992    186      5      2    .524    .83   2.20   .345   .794   .213   1.52   .213  -.021   3
 409 UKE02B   1793 1992    200      6      1    .532    .81   2.09   .395   .855   .217   1.59   .216  -.014   1
 410 UKE03A   1838 1992    155      4      0    .539    .87   2.25   .467   .834   .243   1.90   .262  -.052   1
 411 UKE03B   1880 1992    113      2      0    .720   1.33   3.50   .532   .772   .204   1.78   .207  -.010   2
 412 UKE04A   1859 1954     96      2      0    .560    .94   2.11   .423   .752   .262   1.82   .266   .008   1
 413 UKE04B   1862 1992    131      3      0    .659   1.32   3.08   .549   .770   .229   1.92   .216   .017   2
 414 UKE05A   1879 1992    114      2      0    .609    .86   1.83   .304   .615   .239   1.80   .237   .010   2
 415 UKE05B   1770 1992    223      7      0    .488    .58   1.91   .375   .850   .260   2.48   .282   .005   2
 416 UKE06B   1842 1992    151      4      0    .660    .94   2.70   .388   .610   .260   1.82   .250   .015   3
 417 UKE10A   1862 1992    131      3      0    .788   1.64   3.46   .594   .521   .274   2.04   .251   .000   2
 418 UKE10B   1889 1992    104      2      0    .669   1.58   3.21   .524   .397   .263   2.33   .267  -.049   0
 419 UKE11A   1835 1992    158      4      0    .738   1.09   1.79   .280   .409   .228   1.54   .205   .052   0
 420 UKE11B   1848 1992    145      4      0    .694   1.04   2.02   .309   .501   .228   1.72   .215  -.014   1
 421 EK1109    978 1324    347     10      0    .580    .26    .76   .099   .776   .206   1.90   .200   .008   2
 422 ALK68    1038 1340    303     10      0    .663    .42    .92   .139   .672   .210   1.53   .182  -.002   3
 423 ALK60    1040 1339    300     10      1    .644    .46   1.51   .178   .762   .192   1.86   .184   .004   2
 424 EK1144   1091 1349    259      9      1    .557    .37    .78   .112   .766   .157   1.41   .150   .003   1
 425 EK1125   1094 1336    243      8      0    .605    .29   1.04   .184   .876   .222   1.77   .222   .015   1
 426 EK0702   1096 1348    253      8      0    .600    .25    .65   .108   .759   .236   1.72   .227  -.016   1
 427 EK1108   1096 1279    184      6      0    .480    .36   1.17   .265   .899   .201   1.72   .200  -.039   1
 428 EK1119   1140 1351    212      7      3    .312    .26    .67   .121   .834   .176   1.87   .185  -.011   1
 429 EK1105   1126 1366    241      7      0    .664    .27    .58   .082   .631   .202   1.57   .191  -.006   1
 430 EK1118   1140 1352    213      7      0    .520    .26    .79   .148   .877   .196   1.92   .215  -.014   1
 431 EK1110   1136 1326    191      6      0    .597    .34   1.02   .251   .951   .170   1.57   .165   .001   1
 432 EK1103   1140 1353    214      7      2    .443    .36   1.44   .249   .917   .204   1.56   .192  -.018   1
 433 ALK55    1144 1374    231      8      0    .636    .26    .71   .113   .689   .253   2.01   .240   .037   0
 434 ALK42    1160 1374    215      7      0    .587    .37    .78   .163   .838   .203   1.55   .194   .014   3
 435 EK1131   1163 1356    194      6      0    .529    .21    .51   .107   .885   .182   1.54   .182   .006   1
 436 ALK56    1200 1370    171      5      0    .600    .33   1.60   .286   .915   .227   1.97   .200  -.109   0
 437 EK0708   1205 1345    141      3      2    .501    .59   1.43   .218   .787   .183   1.62   .194   .019   1
 438 ALK47    1207 1336    130      3      0    .544    .50   1.06   .293   .889   .196   1.58   .188  -.018   1
 439 EK1101   1212 1366    155      4      0    .620    .49   1.95   .379   .920   .234   1.50   .196  -.111   0
 440 KOTZ0501 1219 1355    137      4      0    .491    .44   1.23   .259   .891   .207   1.62   .200   .006   3
 441 EK0203   1231 1358    128      3      0    .593    .55   1.41   .271   .869   .183   1.49   .180   .056   3
 442 ALK71A   1260 1427    168      5      0    .519    .19    .60   .089   .864   .194   1.60   .187  -.007   2
 443 EK0814   1269 1412    144      4      0    .650    .33   1.16   .187   .837   .223   1.60   .204   .001   0
 444 KOTZ0835 1275 1460    186      5      0    .605    .25    .55   .094   .803   .188   1.68   .193   .011   1
 445 EK0807   1277 1421    145      3      0    .506    .40    .86   .176   .736   .259   2.37   .266  -.041   1
 446 EKHELP   1278 1424    147      4      0    .553    .80   2.72   .599   .894   .235   1.74   .232  -.011   3
 447 KOTZ0727 1281 1459    179      5      0    .610    .38    .84   .147   .804   .185   1.53   .188  -.010   1
 448 KOTZ1224 1282 1457    176      5      0    .670    .46   1.20   .188   .819   .193   1.56   .180   .008   1
 449 EK0816   1290 1392    103      2      0    .500    .79   1.64   .271   .777   .156   1.55   .164   .002   2
 450 KOTZ03?  1291 1493    203      6      0    .614    .33    .60   .093   .472   .213   1.66   .206  -.000   1
 451 KOTZ0505 1297 1391     95      2      0    .592    .52   1.87   .384   .904   .228   1.60   .224   .011   1
 452 KOTZ0309 1299 1434    136      4      0    .672    .25    .66   .103   .641   .253   1.69   .243   .115   0
 453 KOTZ0508 1299 1390     92      1      0    .577    .48   1.69   .346   .867   .240   1.74   .226   .020   3
 454 KOTZ0724 1303 1445    143      3      0    .652    .36    .72   .105   .714   .175   1.55   .179   .025   1
 455 KOTZ0723 1308 1458    151      4      0    .554    .28    .64   .128   .843   .189   1.58   .201   .006   1
 456 KOTZ0106 1310 1417    108      2      0    .595    .32   1.38   .266   .902   .200   1.49   .189   .001   1
 457 KOTZ1212 1322 1455    134      4      0    .619    .63   1.41   .359   .918   .182   1.38   .173  -.005   1
 458 KOTZ1101 1330 1516    187      5      0    .601    .21    .73   .152   .921   .204   1.57   .204  -.006   1
 459 ALK62    1333 1490    158      4      0    .582    .31    .78   .127   .738   .219   1.90   .239   .002   1
 460 ALK244A  1410 1561    152      4      0    .553    .24    .63   .124   .770   .221   2.63   .264  -.004   1
 461 ALK97    1360 1485    126      3      0    .440    .23    .85   .113   .821   .181   1.71   .183   .023   1
 462 KOTZ0832 1359 1499    141      4      0    .493    .42   1.45   .266   .892   .204   2.03   .220   .004   2
 463 ALK85    1362 1507    146      4      0    .520    .37   1.21   .208   .863   .193   1.89   .214  -.026   1
 464 KOTZ0830 1376 1506    131      3      0    .566    .22    .44   .084   .775   .196   1.71   .204  -.011   1
 465 KOTZ0708 1382 1520    139      3      0    .682    .35   1.67   .197   .770   .206   2.20   .230   .004   1
 466 KOTZ0711 1387 1501    115      3      0    .703    .48    .98   .219   .834   .186   1.58   .179  -.031   0
 467 KOTZ1102 1389 1516    128      3      0    .637    .40    .75   .156   .855   .174   1.52   .161  -.019   2
 468 KOTZ1103 1394 1507    114      3      0    .690    .37    .65   .134   .813   .202   1.83   .192   .012   2
 469 KOTZ0731 1394 1482     89      2      0    .712   1.03   2.25   .477   .758   .247   1.87   .249   .017   2
 470 KOTZ0828 1400 1487     88      1      0    .630    .49   1.08   .207   .775   .214   1.60   .212  -.058   1
 471 ALK247D  1410 1545    136      3      0    .512    .33    .83   .174   .787   .249   1.65   .239  -.008   1
 472 ALK94    1411 1517    107      2      0    .663    .49   2.05   .365   .896   .202   1.62   .211  -.026   1
 473 KOTZ08?  1413 1508     96      2      0    .438    .46    .72   .120   .522   .197   1.38   .177  -.005   0
 474 KOTZ0831 1423 1500     78      2      0    .703    .66   1.62   .275   .737   .217   1.71   .217   .032   0
 475 KOTZ1104 1424 1509     86      2      0    .645    .46   1.42   .265   .878   .180   1.76   .194  -.005   1
 476 KOTZ1004 1428 1484     57      0      0    .748    .35    .76   .090   .325   .187   1.98   .209   .065   0
 477 KOTZ0837 1432 1518     87      1      0    .726    .54   2.25   .392   .910   .200   1.76   .205   .026   0
 478 KOTZ006a 1443 1546    104      2      0    .716    .59   2.24   .431   .856   .212   2.11   .229   .035   0
 479 KOTZ006b 1442 1542    101      2      0    .648    .58   1.84   .438   .878   .217   1.89   .234   .120   0
 480 ALK243B  1452 1576    125      3      0    .405    .32   1.46   .188   .616   .316   2.62   .321  -.024   2
 481 ZZZ?     1469 1775    307     11      0    .508    .25    .57   .095   .691   .232   1.71   .226  -.008   1
 482 ID0104   1485 1683    199      6      1    .407    .34   1.23   .218   .935   .191   1.47   .163  -.012   0
 483 ID1501   1507 1730    224      7      0    .435    .28    .69   .138   .841   .219   1.62   .206   .000   2
 484 KOTZ0202 1518 1710    193      6      0    .479    .31    .86   .146   .780   .208   1.61   .206   .008   3
 485 SQRSTMP  1530 1877    348     12      2    .488    .44   1.40   .271   .840   .253   1.75   .243  -.011   3
 486 RAN-1    1531 1800    270      9      0    .579    .33    .95   .157   .825   .204   1.61   .201  -.016   1
 487 ALK7     1538 1674    137      4      2    .392    .24    .86   .185   .919   .199   1.54   .200   .039   1
 488 KDC-2    1559 1890    332     11      0    .523    .33   1.00   .182   .854   .240   2.22   .255   .009   2
 489 RAN-5    1590 1820    231      7      0    .561    .41   1.12   .221   .875   .203   1.47   .191  -.000   2
 490 ID0401   1572 1694    123      3      0    .508    .44   1.00   .200   .884   .177   1.35   .163  -.002   1
 491 ALK177   1660 1869    210      6      1    .431    .37   1.00   .208   .882   .204   1.54   .201  -.023   3
 492 ID0302   1595 1708    114      3      0    .443    .64   2.80   .618   .949   .183   1.48   .183  -.004   3
 493 KIANA-2  1598 1895    298      9      1    .450    .30    .74   .120   .770   .202   1.65   .200  -.008   3
 494 KOTZ0203 1620 1775    156      5      0    .460    .34   1.07   .171   .718   .250   1.81   .250  -.005   1
 495 KLB3     1627 1935    309     10      2    .454    .50   1.88   .237   .873   .167   1.63   .173   .015   1
 496 RAN-7    1655 1894    240      7      0    .631    .39    .90   .162   .839   .189   1.53   .190  -.022   1
 497 HU-1     1670 1839    170      5      0    .520    .56   1.14   .209   .655   .240   1.85   .263  -.044   1
 498 KDC-5    1678 1940    263      8      2    .420    .34    .81   .147   .778   .218   2.23   .245  -.001   3
 499 KDC-4    1690 1869    180      5      0    .401    .35    .85   .140   .808   .199   2.00   .211   .005   1
 500 HU-2     1682 1809    128      3      2    .359    .38   1.10   .232   .746   .314   3.35   .394  -.014   2
 501 RAN-2    1684 1937    254      8      1    .455    .41    .83   .144   .724   .200   1.98   .211  -.006   1
 502 KIANA-3  1684 1870    187      5      0    .570    .25    .77   .142   .827   .238   1.64   .230   .012   2
 503 RAN-4    1686 1941    256      8      0    .478    .57   1.67   .246   .781   .224   1.77   .210   .008   2
 504 HU-7     1687 1940    254      8      1    .519    .48   1.38   .191   .601   .248   2.30   .259  -.001   1
 505 AMB-1    1688 1940    253      8      0    .578    .44   1.06   .238   .806   .258   1.65   .237  -.015   3
 506 SQR-3    1694 1940    247      8      0    .533    .27    .84   .158   .828   .238   1.71   .226   .000   3
 507 KDC-10   1694 1859    166      5      1    .417    .38    .94   .143   .758   .204   1.55   .215  -.012   1
 508 HU-6     1695 1940    246      8      0    .572    .61   1.91   .346   .898   .201   1.54   .199   .013   2
 509 RAN-6    1696 1938    243      8      0    .598    .34    .60   .095   .662   .197   1.62   .187   .080   0
 510 KIANA-15 1698 1934    237      8      0    .463    .35    .80   .116   .775   .183   1.56   .182  -.026   1
 511 KIANA-5  1703 1912    210      6      0    .606    .61   1.30   .220   .672   .220   1.74   .214   .013   2
 512 HU-3     1711 1940    230      7      0    .609    .64   1.70   .257   .778   .206   1.56   .193  -.006   2
 513 KIANA-12 1711 1909    199      6      0    .615    .51   1.08   .192   .799   .197   1.85   .199  -.001   1
 514 KDC-6    1721 1940    220      7      0    .588    .49   1.02   .166   .701   .203   1.66   .211   .010   2
 515 HU-4     1840 1940    101      2      1    .300    .33    .67   .100   .659   .190   1.63   .184  -.016   1
 516 AMS5     1727 1859    133      3      1    .415    .47    .93   .140   .519   .223   1.73   .217   .020   2
 517 AMB-2    1728 1941    214      6      0    .526    .52   1.22   .160   .435   .246   1.85   .239   .084   0
 518 AMB-4    1735 1941    207      6      0    .458    .72   2.09   .312   .771   .240   1.73   .243   .006   1
 519 AMB-3    1800 1941    142      4      0    .530    .70   1.14   .172   .573   .173   1.48   .174   .123   0
 520 AMB-5    1820 1941    122      3      0    .405    .72   1.08   .150   .617   .142   1.40   .142  -.003   1
 521 KOTZ07?  1795 1891     97      2      0    .668    .51   1.76   .350   .922   .198   2.01   .227  -.021   1
 --- -------- ---------  -----  -----  -----   ------ -----  -----  -----  -----  -----  -----  -----  -----  --
 Total or mean:          80951   2091    106    .560    .57  29.18   .269   .754   .233   9.79   .233   .004

 DATA CHECKS (rwl.check): ak046
-----------------------------------------------------------------------------------------------------------------------------------
 rwl.check: data_files/treering/measurements/northamerica/usa/ak046.rwl
 521 series, 80951 measurements, 978-1992, 0.002 mm precision
 1 error(s), 0 warning(s), 2 note(s)
 -------------
 ERROR
   RWL_DATING_LAG (1)
     TE15B: correlates best with the master at lag 2 (r = 0.503 against r = 0.386 as dated); the series may be misdated by 2 year(s), most likely a false ring or a ring measured twice
 2 note(s) not shown; see rwl.check() or the 'check' element of this report.

 NOTES
-----------------------------------------------------------------------------------------------------------------------------------
 Report generated using dplR 1.8.1 (R 4.5.2) on 2026-10-01 16:55 PDT.
 Measurement file ak046.rwl, MD5 3bf5d484d273b6a9f7352ce998aa5ff4.
 Filtering: each series divided by a 32-year smoothing spline (caps()), then prewhitened with
   an AR model (order by AIC, at most 3).
 Master: biweight robust mean of the other series (leave-one-out).
 Correlation: Pearson, one-tailed, pcrit = 0.01; critical r = 0.3281 for 50-year segments.
 Segments: 50 years, lagged 25, first segment floored to 100. Lags searched: +/- 10 years.
 A segment is tested only where the series and the master cover all of it, at the dated
   position and at every lag. COFECHA also tests partial segments at the ends of a series, so
   series here may show fewer segments, and no flags can be raised at the ends of the record.
 Lags follow COFECHA: negative means rings are probably missing from the series, positive means
   false rings. A missing ring carries its lag into every segment before it, so look where the
   lag changes along a series. A B flag is a hypothesis to check on the wood; the gain says how
   seriously to take it.
 A B flag marked "weak at every lag" correlates under the critical value even at its best lag:
   the segment is weak wherever it is placed, and the shift is not evidence of a dating error.
   Treat it as a low correlation, like an A.
 Averages in the summary and the totals are weighted by the number of years in each series, as
   COFECHA's are.
 Unfiltered block and mean sensitivity: the measurements as read, and sens1().
 dplR filtered block: the series that was correlated, after filtering. COFECHA's filtered
   series is defined differently, so these three columns are not COFECHA's numbers.
 AR: order of the AR model used to prewhiten.
