
 COFECHA-style crossdating report: ak096
 Report generated using dplR 1.8.1 (R 4.5.2) on 2026-10-01 16:57 PDT
 Built with dplR's xdate.report(), not COFECHA; see the notes at the end.


      Measurement file name  : ak096.rwl
      MD5 of measurement file: cc08f5cdfc7e9ca56bd9124db6986862
      Date checked           : 01OCT26
      Beginning year         : 616
      Ending year            : 2002
      Principal investigators: D'Arrigo, R.D.; Wiles, G.; Wilson, R.J.S.
      Site name              : Coastal Alaska
      Species information    : TSME Tsuga mertensiana (Bong.) Carrière
      Latitude               : 61.0500 N
      Longitude              : 146.9800 W
      Elevation              : 200 m

      Series intercorrelation: 0.561
      Avg mean sensitivity   : 0.285
      Avg standard deviation : 0.291
      Avg autocorrelation    : 0.759
      Number dated series    : 806
      Series crossdated      : 791
      Segment length tested  : 50

      Number problem segments: 347  (A 133, B 214; 101 of the B weak at every lag)
      Pct problem segments   : 5.87


 CORRELATION OF SERIES BY SEGMENTS: ak096
-----------------------------------------------------------------------------------------------------------------------------------
 Correlations of  50-year dated segments, lagged  25 years
 Flags:  A = correlation under   .3281 but highest as dated;  B = correlation higher at other than dated position

 Seq Series  Time_span   700  725  750  775  800  825  850  875  900  925  950  975 1000 1025 1050 1075 1100 1125 1150 1175 
                         749  774  799  824  849  874  899  924  949  974  999 1024 1049 1074 1099 1124 1149 1174 1199 1224 
 --- -------- ---------  ---- ---- ---- ---- ---- ---- ---- ---- ---- ---- ---- ---- ---- ---- ---- ---- ---- ---- ---- ---- 
 442 100101   1147 1315                                                                                            .41  .57 
 443 100102   1123 1317                                                                                            .44  .40 
 444 100401   1076 1317                                                                                  .33B .27B .44  .61 
 445 100402   1118 1318                                                                                       .17B .15B .33 
 446 100403   1081 1318                                                                                  .27B .28B .46  .54 
 447 100501   1161 1316                                                                                                 .53 
 448 100502   1146 1317                                                                                            .41  .51 
 461 01011    1160 1378                                                                                                 .49 
 462 01012    1160 1384                                                                                                 .60 
 463 01021     918 1207                                               .61  .66  .50  .57  .58  .47  .56  .70  .72  .68      
 464 01022     979 1163                                                              .66  .72  .60  .66  .75                
 465 14091    1049 1376                                                                             .48  .37  .23B .30A .58 
 466 14092    1049 1432                                                                             .46  .32A .27B .37  .59 
 472 CG05B1   1015 1440                                                                   .44  .50  .64  .63  .40  .36  .44 
 473 CG05E1   1058 1336                                                                             .52  .56  .58  .59  .65 
 474 CG05E2   1136 1308                                                                                            .55  .70 
 477 05101    1157 1435                                                                                                 .43 
 478 05102    1157 1430                                                                                                 .43 
 480 05104    1157 1423                                                                                                 .47 
 481 05121    1051 1434                                                                             .36  .58  .66  .62  .58 
 483 05061    1160 1309                                                                                                 .54 
 484 05071    1128 1342                                                                                            .62  .58 
 485 05081     954 1163                                                         .19B .62  .55  .42  .46  .64                
 486 05082     978 1148                                                              .61  .55  .39  .52                     
 487 LT052A   1015 1440                                                                   .44  .50  .64  .63  .40  .36  .44 
 489 CG9705   1136 1308                                                                                            .55  .70 
 490 C0505A   1058 1336                                                                             .52  .56  .58  .59  .65 
 581 07L4R1   1143 1537                                                                                            .56  .63 
 582 07L4R2   1143 1527                                                                                            .31A .36 
 583 07L4R3   1144 1559                                                                                            .29A .58 
 586 CGCA2     993 1136                                                              .68  .48  .56  .47                     
 587 CGCA1    1021 1138                                                                   .44  .58  .55                     
 588 CGCA3     946 1136                                                    .25B .55  .71  .53  .58  .57                     
 589 CGCB     1014 1185                                                                   .53  .54  .36  .46  .60           
 590 01085A   1041 1198                                                                        .22B .20B .34B .42           
 591 010805   1040 1197                                                                        .29A .33A .38  .38           
 592 01131A    990 1087                                                              .59  .45                               
 593 02TC6     962 1069                                                         .62  .73                                    
 594 02TC12a   966 1066                                                         .57  .64                                    
 602 020902    977 1059                                                              .50                                    
 603 020?01    892 1032                                          .54  .70  .55  .68                                         
 604 020?02    892 1062                                          .58  .67  .56  .65  .71                                    
 605 020?03    892 1059                                          .55  .78  .73  .67  .72                                    
 606 030101    911 1049                                               .64  .73  .75  .70                                    
 607 030102    911 1059                                               .72  .75  .64  .59                                    
 608 030103    911 1058                                               .76  .78  .67  .58                                    
 611 040201    773 1023                      .56  .72  .78  .58  .36  .58  .71                                              
 612 040202    773 1023                      .72  .61  .65  .59  .41  .53  .57                                              
 613 040203    773 1023                      .53  .52  .60  .64  .48  .55  .57                                              
 614 040204    774 1022                      .68  .59  .66  .59  .47  .48  .58                                              
 615 040205    774 1047                      .60  .54  .70  .66  .52  .61  .65  .61                                         
 616 011101    969 1042                                                         .53                                         
 617 011301    980 1086                                                              .54  .34                               
 618 02TC2b    998 1066                                                              .64                                    
 619 02TC5    909 1071                                               .72  .79  .65  .71                                    
 620 02TC10    991 1063                                                              .73                                    
 621 02TC12    931 1072                                                    .69  .62  .62                                    
 622 02TC12b   957 1070                                                         .66  .66                                    
 623 03TC1     987 1067                                                              .55                                    
 624 03TC1a    992 1067                                                              .61                                    
 625 040102    904 1058                                               .66  .71  .85  .86                                    
 626 040601    813  948                           .76  .75  .70                                                             
 627 040602    813  938                           .72  .70  .78                                                             
 628 040901    918 1059                                               .43  .58  .73  .71                                    
 629 040902    918 1059                                               .50  .54  .63  .76                                    
 630 041001    813  903                           .72  .71                                                                  
 631 041002    813  920                           .70  .78                                                                  
 632 041003    813  949                           .75  .79  .74  .49                                                        
 633 041401    890 1058                                          .45  .68  .50  .38  .54                                    
 634 041402    890 1058                                          .41  .69  .71  .58  .64                                    
 635 041403    890 1058                                          .41  .69  .68  .56  .66                                    
 636 041501    915 1058                                               .25B .34B .55  .65                                    
 637 041502    915 1057                                               .62  .66  .71  .77                                    
 638 041503    915 1058                                               .59  .67  .64  .66                                    
 639 041601    934 1039                                                    .50B .60                                         
 640 041602    934 1034                                                    .60  .63                                         
 641 041603    934 1014                                                    .49B                                             
 642 042001    915 1057                                               .68  .75  .71  .61                                    
 643 042002    915 1058                                               .61  .67  .66  .74                                    
 644 042201    918 1060                                               .77  .75  .71  .71                                    
 645 042202    918 1060                                               .65  .72  .76  .81                                    
 646 042203    918 1055                                               .64  .77  .70  .71                                    
 647 042301    914 1059                                               .76  .74  .74  .64                                    
 648 042302    914 1049                                               .73  .67  .59  .63                                    
 649 042303    914 1058                                               .77  .73  .81  .74                                    
 650 042601    930 1058                                                    .70  .77  .75                                    
 651 042602    930 1057                                                    .62  .75  .72                                    
 652 042603    930 1052                                                    .59  .61  .38B                                   
 653 090101    929 1071                                                    .36  .56  .72                                    
 654 090102    929 1071                                                    .41  .44  .64                                    
 655 090201    861 1053                                     .52  .48  .55  .60  .62  .65                                    
 656 090301    797 1072                      .12B .57  .69  .64  .50  .63  .71  .63  .63                                    
 657 090302    797 1068                      .38  .70  .74  .76  .66  .66  .61  .52  .45                                    
 658 090303    797 1048                      .47  .61  .69  .66  .50  .53  .57  .59                                         
 659 090501    827 1066                                .54  .58  .59  .71  .69  .71  .54                                    
 660 090502    827 1068                                .60  .68  .64  .71  .66  .61  .62                                    
 661 090601    895 1069                                          .25B .68  .65  .57  .59                                    
 662 090602    895 1059                                          .34  .59  .57  .53  .60                                    
 663 090603    895 1057                                          .48  .70  .64  .58  .64                                    
 664 070301    845 1073                                .41  .50  .50  .70  .73  .74  .68                                    
 665 070302    845 1073                                .33  .42  .46  .69  .64  .54  .66                                    
 666 070303    845  996                                .32A .45  .51  .75                                                   
 667 070401    822 1064                           .55  .60  .52  .46  .71  .70  .47  .51                                    
 668 070402    822 1061                           .55  .67  .68  .65  .70  .71  .53  .61                                    
 669 070403    822 1064                           .73  .65  .56  .56  .63  .55  .46  .60                                    
 670 070701    915 1073                                               .70  .74  .64  .73                                    
 671 070702    915 1073                                               .66  .67  .66  .74                                    
 672 071101    803 1071                           .60  .62  .39  .34  .65  .62  .62  .76                                    
 673 071102    803 1063                           .59  .67  .60  .54  .58  .56  .61  .65                                    
 674 071103    803 1067                           .54  .56  .49  .50  .57  .57  .62  .68                                    
 675 071201    771 1070                 .50  .49  .57  .60  .41  .53  .72  .56  .53  .65                                    
 676 071202    774 1064                      .36  .39  .47  .39  .51  .82  .64  .55  .65                                    
 677 071203    771 1070                 .39  .38  .35  .49  .43  .49  .78  .60  .49  .57                                    
 678 171401    904 1053                                               .82  .76  .69  .72                                    
 679 011104    691 1080  .26B .36  .62  .72  .79  .74  .64  .46  .53  .64  .61  .43  .22B .16B                              
 680 011106    691 1078  .27A .51  .51  .43  .64  .64  .63  .38  .36  .54B .58  .54  .37  .25B                              
 681 011105    691  899  .56  .68  .65  .51  .58  .63  .62                                                                  
 682 011302    975 1079                                                              .56  .49                               
 683 011102    729  900            .67  .78  .81  .74  .67                                                                  
 684 07tc1     883 1053                                          .68  .79  .74  .67  .70                                    
 685 07tc14    747 1066            .50  .44  .53  .63  .70  .60  .59  .66  .69  .81  .77                                    
 686 09tc1     829 1071                                .72  .67  .58  .65  .52  .60  .72                                    
 687 09tc1a    822 1071                           .63  .68  .70  .58  .58  .51  .41  .42                                    
 688 09tc16    840 1071                                .71  .75  .70  .67  .58  .61  .70                                    
 689 cg2101a   857 1051                                     .47  .26B .54  .63  .51  .57                                    
 690 cg2101b   857 1041                                     .62  .37B .69  .56  .38                                         
 691 cg3101a   875 1020                                          .84  .76  .72                                              
 692 cg3101b   875 1018                                          .72  .72  .71                                              
 693 cg3104a   892 1019                                          .61  .68  .71                                              
 694 cg3104b   892 1020                                          .63  .70  .79                                              
 695 cg3106a   942 1018                                                    .41                                              
 696 cg3106b   942 1019                                                    .27B                                             
 697 cg3106c   942 1020                                                    .33B                                             
 698 cg3111a   898 1014                                          .37  .61  .54                                              
 699 cg3111b   898 1021                                          .32A .58  .52                                              
 700 cg3203a   662 1003  .45  .51  .52  .64  .67  .73  .76  .73  .44  .56  .71                                              
 701 cg3204b   713 1016       .45  .55  .44  .60  .73  .65  .54  .57  .79  .80                                              
 702 cg3205a   750  997                 .35  .56  .63  .54  .39  .52  .62                                                   
 703 cg3208a   616 1006  .32A .35  .27B .34B .34  .44  .55  .54  .56  .39  .18A                                             
 704 cg3208b   616  995  .23B .28B .38  .50  .54  .55  .61  .67  .42  .27B                                                  
 705 cg3209a   766 1018                 .39  .61  .59  .62  .69  .49  .50  .59                                              
 706 cg3209b   760 1019                 .44  .63  .65  .65  .66  .39  .51  .63                                              
 707 cg3305a   710 1012       .60  .43  .35  .42  .57  .69  .62  .55  .61  .64                                              
 708 cg3404a   843 1005                                .60  .71  .56  .67  .40                                              
 709 cg3402a   764 1041                 .54  .65  .65  .57  .27A .30A .62  .49  .41                                         
 710 cg3402b   764  982                 .28A .65  .68  .59  .44  .39  .69                                                   
 711 cg4002a   881 1042                                          .56  .65  .76  .84                                         
 712 cg4002b   881 1040                                          .65  .36  .38  .37                                         
 713 cg4102a   929 1020                                                    .49                                              
 714 cg4201a   890 1015                                          .48  .73  .69                                              
 715 cg4201b   889 1015                                          .49  .68  .60                                              
 716 cg42r1a   899 1023                                               .66  .62                                              
 717 cg42r1b   899 1030                                          .12B .46  .48  .68                                         
 718 cg4304a   700  999       .65  .60  .52  .44  .43  .48  .47  .24A .29A .42                                              
 719 cg4306a   731 1021            .59  .67  .77  .74  .74  .71  .54  .67  .70                                              
 720 cg4306b   731 1028            .60  .71  .77  .72  .66  .56  .59  .73  .73  .59                                         
 721 cg4413a   856 1039                                     .61  .52  .67  .76  .74                                         
 722 cg4413b   857 1002                                     .60  .55  .65  .70                                              
 730 PW18C    1126 1229                                                                                            .46  .55 
 731 PW18D    1158 1240                                                                                                 .66 
 733 PW18F1   1114 1292                                                                                       .64  .51  .60 
 734 PW18F2   1115 1281                                                                                       .57  .56  .59 
 735 PW18G1   1119 1288                                                                                       .67  .52  .49 
 736 PW18G2   1115 1289                                                                                       .72  .57  .51 
 737 PW25A1    967 1277                                                         .13B .19B .31A .57  .65  .54  .46  .43  .48 
 738 PW25A2   1088 1254                                                                                  .59  .51  .51  .45 
 743 PW38A1   1052 1590                                                                             .52  .51  .60  .69  .69 
 744 PW38A2   1052 1592                                                                             .67  .71  .75  .71  .72 
 778 PR01C1   1164 1235                                                                                                 .47 
 779 PR01C2   1164 1235                                                                                                 .52 
 780 PR01D1    985 1206                                                              .59  .60  .53  .45  .31A .40  .48      
 781 PR01D2    953 1141                                                         .41  .62  .52  .60  .57                     
 782 PR01H1   1061 1249                                                                             .51  .66  .61  .55  .61 
 783 PR01H2   1061 1244                                                                             .64  .70  .68  .64  .57 
 784 PR04B1    985 1222                                                              .31A .37  .57  .72  .68  .66  .67      
 785 PR04B2    988 1201                                                              .40  .29A .52  .68  .67  .68  .60      
 786 PR05A    1053 1191                                                                             .56  .60  .52           
 787 PR05B1   1044 1163                                                                        .65  .61  .50                
 788 PR05B2   1051 1210                                                                             .51  .54  .62  .71      
 789 PR05C1    980 1115                                                              .55  .56  .59                          
 790 PR05C2    980 1087                                                              .48  .46                               
 791 PR06A    1061 1154                                                                             .51  .54                
 792 PR06B1   1021 1195                                                                   .43  .60  .56  .58  .65           
 793 PR06B2   1021 1195                                                                   .68  .64  .58  .44  .44           
 794 PR06C1   1004 1229                                                                   .51  .46  .43  .42  .41  .38  .44 
 795 PR06C2   1000 1223                                                                   .25B .36  .38  .45  .55  .51      
 796 PR06E    1102 1230                                                                                       .57  .67  .55 
 797 PR06F1   1123 1229                                                                                       .60  .58  .69 
 798 PR06F2   1125 1231                                                                                            .67  .73 
 799 PR06H1    958 1184                                                         .30A .43  .37  .49  .49  .38  .42           
 800 PR06H2    949 1062                                                    .25B .27A .41                                    
 801 PR06K1   1133 1232                                                                                            .63  .59 
 802 PR06K2   1134 1232                                                                                            .58  .60 
 803 PR06L1   1037 1211                                                                        .50  .53  .55  .59  .62      
 804 PR06L2    973 1211                                                         .05B .27B .53  .57  .51  .62  .67  .57      
 805 PR11A     961 1058                                                         .54  .53                                    
 806 PR13A    1042 1201                                                                        .43  .49  .36  .31A .36      
 Av segment correlation  .35  .49  .53  .50  .56  .62  .63  .58  .50  .64  .61  .58  .61  .46  .51  .52  .52  .52  .52  .55 

 CORRELATION OF SERIES BY SEGMENTS: ak096
-----------------------------------------------------------------------------------------------------------------------------------
 Correlations of  50-year dated segments, lagged  25 years
 Flags:  A = correlation under   .3281 but highest as dated;  B = correlation higher at other than dated position

 Seq Series  Time_span  1200 1225 1250 1275 1300 1325 1350 1375 1400 1425 1450 1475 1500 1525 1550 1575 1600 1625 1650 1675 
                        1249 1274 1299 1324 1349 1374 1399 1424 1449 1474 1499 1524 1549 1574 1599 1624 1649 1674 1699 1724 
 --- -------- ---------  ---- ---- ---- ---- ---- ---- ---- ---- ---- ---- ---- ---- ---- ---- ---- ---- ---- ---- ---- ---- 
   1 RT02SE   1489 2000                                                              .73  .78  .82  .82  .78  .76  .79  .72 
   2 RT03SE   1604 2002                                                                                       .62  .66  .69 
   3 RT03N    1615 2002                                                                                       .65  .80  .80 
   4 RT04E    1551 2002                                                                             .71  .72  .69  .80  .80 
   5 RT05SW   1659 2002                                                                                                 .63 
   6 RT05NW   1673 2002                                                                                                 .63 
   7 RT06NW   1606 2002                                                                                       .84  .82  .76 
   8 RT07S    1406 2002                                               .18B .27A .33  .52  .69  .66  .58  .59  .64  .84  .81 
   9 RT07SW   1573 2002                                                                                  .64  .71  .77  .76 
  10 RT07SE   1434 2002                                                    .36B .28B .60  .72  .82  .74  .65  .71  .79  .82 
  11 RT07NE   1520 2002                                                                   .68  .77  .72  .54  .58  .85  .79 
  12 RT09NE   1482 2002                                                              .42  .63  .77  .76  .75  .73  .76  .71 
  13 RT09SE   1482 2002                                                              .49  .76  .83  .79  .69  .70  .77  .69 
  14 RT09SW   1563 2002                                                                             .83  .70  .63  .77  .75 
  15 RT12S    1566 2002                                                                             .74  .69  .65  .75  .74 
  16 RT12N    1409 2002                                               .42  .45  .36  .57  .66  .60  .48  .48  .66  .76  .73 
  17 RT13NW   1429 2002                                                    .35  .35  .50  .55  .74  .69  .65  .67  .76  .74 
  18 RT13N    1595 2002                                                                                  .71  .67  .74  .68 
  19 RT15NW   1671 2002                                                                                                 .68 
  21 RT17SE   1437 2002                                                    .33  .20B .46  .75  .77  .57  .47  .49  .69  .75 
  23 RT19NN   1522 2002                                                                   .66  .66  .62  .62  .68  .74  .63 
  24 RT19N    1475 2002                                                              .70  .63  .59  .57  .61  .69  .71  .60 
  25 RT19SE   1631 2002                                                                                            .75  .74 
  28 RT22W    1553 2002                                                                             .80  .77  .70  .56  .51 
  29 RT22SE   1542 2002                                                                        .76  .72  .70  .75  .75  .60 
  30 RT23SE   1587 2002                                                                                  .67  .72  .83  .66 
  31 RT24S    1649 2002                                                                                            .64  .61 
  32 RT24SW   1560 2002                                                                             .70  .55  .59  .79  .76 
  36 RT26S    1633 2002                                                                                            .80  .80 
  37 RT27SE   1511 2002                                                                   .31A .59  .68  .52  .57  .72  .64 
  38 RT27NE   1524 2002                                                                        .63  .69  .52  .52  .72  .69 
  39 RT28S    1659 2002                                                                                                 .62 
  44 RT35NE   1444 2002                                                    .33A .41  .60  .74  .73  .65  .62  .59  .78  .80 
  45 RT36W    1462 2002                                                         .48  .58  .66  .71  .57  .51  .53  .71  .58 
  46 RT36S    1518 2002                                                                   .67  .57  .55  .73  .62  .72  .70 
  47 RT38N    1530 2002                                                                        .44  .50  .53  .40  .66  .77 
  48 RT38NE   1537 2002                                                                        .51  .55  .51  .38  .65  .78 
  49 RT39NE   1539 2002                                                                        .55  .24B .30A .69  .67  .62 
  50 RT39NW   1614 2002                                                                                       .72  .74  .70 
  51 RT39SW   1667 2002                                                                                                 .58 
  52 RT39NN   1556 2002                                                                             .44  .43  .65  .73  .66 
  53 RT40SE   1643 2002                                                                                            .55  .59 
  56 RT46S    1591 2002                                                                                  .64  .78  .73  .75 
  57 RT48S    1569 2002                                                                             .48  .37  .44  .73  .77 
  58 RT50SW   1623 2002                                                                                       .66  .85  .72 
  61 RT52SW   1442 2002                                                    .36  .44  .61  .60  .58  .57  .59  .60  .84  .81 
  62 RT53SE   1444 2002                                                    .16B .22A .53  .59  .64  .62  .37  .36  .75  .78 
  63 RT53SW   1493 2002                                                             -.06B .14B .55  .64  .63  .69  .78  .78 
  64 RT55S    1497 2002                                                              .51  .46  .54  .56  .45  .60  .69  .61 
  65 RT55SW   1551 2002                                                                             .43  .38  .59  .70  .67 
  66 RT57NW   1655 2002                                                                                                 .75 
  67 RT61NW   1523 2002                                                                        .63  .68  .66  .39  .49  .64 
  68 RT61N    1567 2002                                                                             .65  .63  .39  .59  .57 
  69 RT63N    1610 2002                                                                                       .54  .63  .73 
  70 RT63NE   1590 2002                                                                                  .09B .18B .54  .64 
  71 RT65SE   1573 2002                                                                                  .67  .62  .63  .68 
  72 RT98A    1500 2002                                                                   .78  .78  .70  .63  .51  .63  .70 
  73 RT99A    1651 2002                                                                                                 .51 
  74 CV01SE   1645 1992                                                                                            .71  .76 
  76 cv05sw   1638 1992                                                                                            .67  .48 
  77 CV06SE   1523 1886                                                                        .69  .66  .56  .62  .73  .73 
  78 CV06SW   1503 1992                                                                   .66  .67  .65  .66  .70  .69  .67 
  80 CV07NE   1484 1992                                                              .48  .60  .67  .73  .77  .86  .84  .75 
  81 CV14SE   1672 1900                                                                                                 .70 
  82 CV14SW   1518 1871                                                                   .41  .59  .66  .79  .71  .71  .83 
  86 CV19NE   1593 1992                                                                                  .75  .75  .75  .82 
  87 CV21NE   1520 1992                                                                   .67  .68  .59  .59  .63  .63  .66 
  89 CV26NW   1508 1992                                                                   .44  .53  .60  .57  .62  .71  .81 
  92 CV40NE   1600 1992                                                                                       .67  .78  .81 
  93 CV41NW   1654 1832                                                                                                 .70 
  94 CV41SN   1668 1836                                                                                                 .80 
 100 CV53X3   1507 1619                                                                   .52  .46                          
 102 CV61NW   1610 1857                                                                                       .60  .63  .69 
 103 EM01NE   1525 2001                                                                        .59  .45  .56  .60  .84  .79 
 104 EM01NW   1589 2001                                                                                  .64  .60  .70  .79 
 108 EM04SE   1548 2001                                                                        .68  .72  .67  .70  .79  .81 
 109 EM04W    1580 2001                                                                                  .69  .66  .69  .78 
 110 EM05NW   1553 2001                                                                             .73  .80  .81  .66  .69 
 111 EM05N    1514 2001                                                                   .36  .52  .70  .76  .65  .67  .78 
 112 EM06W    1576 2001                                                                                  .70  .56  .62  .77 
 113 EM06S    1582 2001                                                                                  .67  .63  .66  .76 
 116 EM08NW   1600 2001                                                                                       .48  .72  .75 
 117 EM08N    1593 1975                                                                                  .48  .42  .53  .62 
 118 EM09S    1579 2001                                                                                  .66  .69  .75  .76 
 119 EM09W    1614 2001                                                                                       .69  .76  .72 
 120 EM10SW   1643 2001                                                                                            .59  .62 
 122 EM20N    1513 2001                                                                   .63  .66  .56  .69  .68  .76  .78 
 129 EM25W    1345 2001                               -.01B .04B .03B .34B .43  .47  .65  .68  .57  .55  .80  .74  .73  .79 
 130 EM25NE   1554 2001                                                                             .73  .73  .72  .75  .80 
 132 EM27W    1647 2000                                                                                            .83  .84 
 133 EM27S    1653 1992                                                                                                 .67 
 141 EM42NE   1587 2001                                                                                  .71  .72  .80  .80 
 142 EM42SW   1484 2001                                                              .63  .66  .76  .65  .63  .74  .75  .71 
 143 EM43W    1420 2001                                               .49  .55  .44  .55  .63  .67  .67  .69  .67  .74  .74 
 144 EM44NE   1366 1989                                    -.02B .33  .65  .70  .68  .61  .60  .66  .56  .66  .66  .66  .73 
 148 TB01NW   1450 1991                                                         .57  .57  .51  .47  .51  .46  .55  .57  .63 
 149 TB02NE   1670 1991                                                                                                 .66 
 151 TB10NE   1601 1949                                                                                       .64  .62  .66 
 154 TB14SW   1660 1899                                                                                                 .68 
 157 TB18SW   1523 1618                                                                   .52  .61                          
 158 TB18NW   1534 1989                                                                        .73  .77  .54  .52  .63  .53 
 159 TB20NW   1628 1991                                                                                            .67  .76 
 165 MR02B1   1615 1779                                                                                       .44  .56B .53 
 169 MR05NE   1509 1992                                                                   .52  .59  .53  .49  .34  .53  .59 
 170 MR06SW   1508 1992                                                                   .64  .70  .63  .45  .44  .70  .71 
 171 MR07D-   1610 1968                                                                                       .28A .39  .41 
 176 MR14SW   1648 1992                                                                                            .69  .56 
 180 MR18B1   1663 1730                                                                                                 .55 
 182 MR22SW   1661 1992                                                                                                 .50 
 190 MR48NE   1549 1992                                                                             .48  .44  .33  .40  .44 
 191 MR48NW   1537 1992                                                                        .50  .54  .34  .15B .51  .61 
 192 MR49SE   1526 1992                                                                        .47  .51  .04B-.09B .40  .50 
 193 MR49SW   1663 1992                                                                                                 .57 
 195 MR54NE   1635 1992                                                                                            .44  .54 
 196 MR54SW   1641 1992                                                                                            .37  .55 
 203 MR63NN   1634 1979                                                                                            .43  .59 
 205 EL1NE    1603 1991                                                                                       .06B .56  .73 
 214 EL26NE   1598 1975                                                                                       .49  .71  .70 
 221 EL44SW1  1630 1991                                                                                            .51  .40 
 222 EL44SE   1628 1991                                                                                            .55  .50 
 224 EL50NW   1650 1991                                                                                                 .71 
 225 WV01SW   1648 1877                                                                                                 .62 
 228 WV05SW   1540 1893                                                                        .40  .55  .58  .54  .53  .54 
 229 WV06NE   1605 1866                                                                                       .40  .44  .39B
 233 WV20NE   1644 1991                                                                                            .55  .64 
 234 WV21SE   1412 1613                                              -.31B-.05B .33  .32B .48  .53                          
 245 WW70NW   1247 1991            .03B-.05B-.16B-.19B-.10B-.05B .08B-.08B .14B .41  .50  .71  .52  .32A .27B .13B .30B .47 
 266 MW02SE   1557 1994                                                                             .64  .72  .67  .57  .50 
 267 MW02SW   1428 1946                                                    .14B .37  .34  .39  .57  .54  .60  .46  .57  .52 
 268 MW02NE   1496 1992                                                              .16B .26A .51  .51  .50  .40  .56  .57 
 270 MW03SS   1600 1993                                                                                       .60  .56  .51 
 274 MW50SW   1561 1994                                                                             .60  .60  .51  .54  .49 
 275 MW50SE   1567 1994                                                                             .59  .58  .53  .69  .50 
 277 MW53NE   1660 1994                                                                                                 .38 
 278 MW54SW   1500 1994                                                                   .15B .34  .44  .43  .52  .64  .67 
 279 MW58NW   1497 1993                                                              .35  .32A .35  .27A .21B .38  .64  .59 
 280 MW65NW   1581 1992                                                                                  .59  .63  .66  .63 
 281 MW53SW   1541 1994                                                                        .43  .48  .39  .48  .58  .53 
 282 SM01NE   1640 1995                                                                                            .66  .58 
 286 SM08NW   1640 1995                                                                                            .62  .60 
 288 SM11SW   1551 1994                                                                             .56  .40  .32A .70  .55 
 289 SM53WW   1630 1995                                                                                            .59  .57 
 290 SMW53S   1634 1995                                                                                            .56  .62 
 291 SMW53E   1558 1995                                                                             .45  .44  .43  .59  .54 
 292 SM53SS   1559 1995                                                                             .43  .48  .48  .54  .56 
 294 05DD1    1538 1978                                                                        .39  .69  .59  .45  .74  .73 
 312 RG01SW   1599 1990                                                                                       .06B .41B .55 
 314 RG02SE   1579 1989                                                                                  .43  .54  .72  .67 
 327 RG78SW   1613 1992                                                                                       .14B .47  .50 
 328 RG80SW   1534 1990                                                                        .58  .69  .62  .36  .47  .43 
 329 RG84SW   1669 1990                                                                                                 .54 
 330 RG84SE   1611 1991                                                                                       .51  .38  .41 
 345 1402     1423 1785                                               .67  .68  .70  .49  .47  .78  .75  .62  .45  .51  .40 
 346 1402B    1395 1785                                          .41  .61  .66  .54  .32A .40  .77  .77  .67  .53  .60  .46 
 347 1410     1459 1809                                                         .60  .41  .45  .60  .59  .51  .48  .44  .44 
 348 1410A    1463 1809                                                         .52  .40  .59  .69  .53  .39  .41  .46  .46 
 349 2201     1451 1791                                                         .39  .65  .55  .38  .32A .37  .56  .73  .75 
 350 2202     1453 1797                                                         .27A .52  .47  .42  .30A .23B .39  .60  .58 
 351 2202A    1452 1772                                                         .68  .71  .65  .50  .22B .13B .41  .57  .56 
 352 2205     1491 1723                                                              .65  .71  .59  .47  .36B .46  .63      
 353 2207     1490 1714                                                              .33A .32A .30B .36  .39  .34  .62      
 354 2207A    1460 1723                                                         .39B .49  .56  .49  .47  .39  .36  .51      
 355 2301     1570 1803                                                                             .43  .48  .54  .75  .78 
 356 2301A    1590 1801                                                                                  .37  .56  .79  .73 
 357 2303     1523 1794                                                                        .43  .52  .72  .64  .66  .61 
 358 2305     1598 1799                                                                                       .49  .71  .68 
 359 2305A    1599 1799                                                                                       .56  .70  .75 
 360 2306     1494 1801                                                              .61  .59  .46  .35  .30A .57  .68  .60 
 361 2306A    1560 1799                                                                             .25A .26A .58  .63  .58 
 362 2307     1646 1798                                                                                            .55  .54 
 363 2309     1472 1647                                                         .48  .71  .68  .64  .54                     
 364 2309a    1476 1791                                                              .79  .64  .52  .58  .63  .68  .75  .57 
 365 2310     1466 1669                                                         .51  .71  .54  .59  .75  .77                
 366 2310A    1596 1795                                                                                  .69  .53  .60  .61 
 367 2311     1628 1800                                                                                            .61  .59 
 368 2312     1603 1795                                                                                       .33B .47B .48 
 369 2313     1444 1800                                                    .44  .42  .61  .47  .31A .49  .70  .60  .72  .75 
 372 2403     1666 1743                                                                                                 .67 
 374 2406     1667 1793                                                                                                 .50 
 378 3201     1617 1773                                                                                       .39  .48  .48 
 379 3201A    1584 1773                                                                                  .39  .33  .53  .63 
 380 3203     1644 1783                                                                                            .53  .57 
 381 3205     1564 1782                                                                             .13B .26A .45  .63  .48 
 382 3206     1431 1784                                                    .65  .63  .65  .50  .33  .38  .38  .22B .46  .63 
 383 3207     1610 1785                                                                                       .30A .40  .52 
 384 3208     1604 1784                                                                                       .06B .65  .74 
 385 3209     1648 1784                                                                                            .50  .58 
 386 3210     1583 1783                                                                                  .62  .30B .65  .80 
 387 3212     1458 1785                                                         .59  .67  .61  .64  .57  .44  .30A .63  .73 
 388 3214     1460 1786                                                         .49  .56  .46  .44  .52  .54  .45  .59  .67 
 389 3215     1626 1786                                                                                            .69  .79 
 390 3303     1651 1799                                                                                                 .35 
 391 3304     1567 1799                                                                             .63  .44  .31A .44  .49 
 392 3305     1496 1780                                                              .61  .58  .57  .51  .21A .26B .74  .77 
 393 3306     1520 1792                                                                   .46  .38  .47  .57  .42B .63  .62 
 394 3307     1615 1793                                                                                       .56  .75  .87 
 395 3308     1608 1789                                                                                       .50  .47  .54 
 396 3311     1510 1793                                                                   .59  .59  .28A .20A .59  .73  .64 
 397 3401     1617 1807                                                                                       .58  .73  .79 
 398 3402     1565 1808                                                                             .57  .49  .29A .60  .71 
 399 3403     1656 1807                                                                                                 .68 
 400 3403A    1612 1769                                                                                       .40  .68  .67 
 401 3501     1609 1809                                                                                       .23B .40  .66 
 402 3503     1628 1799                                                                                            .67  .71 
 403 3601     1480 1799                                                              .43  .48  .57  .56  .54  .52  .52  .60 
 404 012102   1640 1796                                                                                            .64  .52 
 405 012105   1560 1806                                                                             .63  .51  .48  .59  .61 
 406 012108   1614 1808                                                                                       .47  .39  .44 
 407 012109   1602 1808                                                                                       .42  .69  .71 
 408 040101   1582 1737                                                                                  .35  .46  .60  .62 
 409 200101   1427 1745                                                    .71  .67  .46  .28A .52  .50  .43  .32A .48  .45 
 410 200201   1438 1767                                                    .78  .73  .57  .64  .69  .54  .45  .58  .72  .71 
 411 200301   1560 1769                                                                             .50  .28A .37  .70  .74 
 412 200401   1362 1766                                     .56  .41  .48  .54  .47  .55  .53  .47  .47  .48  .51  .43  .38 
 413 200402   1362 1649                                     .59  .43  .51  .58  .55  .59  .48  .41  .45  .42                
 414 200403   1362 1765                                     .54  .50  .37  .30A .49  .69  .54  .52  .48  .43  .51  .54  .54 
 415 220201   1477 1765                                                              .39  .52  .47  .39B .31B .44  .55  .57 
 416 220202   1477 1753                                                              .31A .58  .60  .59  .41  .38B .65  .68 
 417 220301   1599 1764                                                                                       .42  .67  .66 
 418 220401   1550 1751                                                                             .43  .46  .47  .73  .74 
 419 220501   1462 1752                                                         .40  .46  .52  .59  .43  .37  .59  .74  .81 
 420 220502   1465 1750                                                         .23B .36  .37  .54  .41  .35B .62  .67  .64 
 421 220601   1617 1752                                                                                       .38  .66  .65 
 422 220701   1295 1744                      .34  .53  .60  .60  .50  .67  .73  .74  .66  .62  .70  .55  .32B .50  .71  .42 
 423 220801   1470 1750                                                         .38  .75  .62  .62  .54  .51  .53  .66  .62 
 424 230401   1452 1740                                                         .68  .68  .46  .52  .50  .30A .48  .78  .63 
 425 231001   1565 1748                                                                             .25A-.05B .42  .66  .50 
 426 240101   1270 1724                 .20B .56  .69  .61  .31A .27B .50  .51  .49  .53  .60  .66  .60  .54  .58  .69  .69 
 427 240102   1270 1725                 .30A .68  .43  .52  .40  .20B .56  .60  .57  .58  .70  .67  .60  .54  .48  .69  .73 
 428 250301   1520 1765                                                                   .62  .71  .63  .64  .61  .41  .42 
 429 250401   1266 1767                 .44  .52  .47  .49  .48  .56  .68  .64  .43  .29A .38  .48  .41  .53  .28B .31A .51 
 430 250402   1266 1767                 .51  .47  .42  .46  .46  .56  .70  .72  .58  .49  .44  .51  .52  .49  .44  .60  .51 
 431 260101   1507 1740                                                                   .62  .54  .39  .32A .47  .67  .68 
 432 260301   1439 1733                                                    .44  .74  .70  .71  .62  .57  .61  .59  .66  .65 
 433 260302   1439 1735                                                    .46  .67  .68  .72  .72  .69  .70  .51  .57  .62 
 434 270201   1536 1753                                                                        .63  .61  .48  .50  .60  .59 
 435 270501   1533 1751                                                                        .67  .48  .46  .58  .66  .64 
 436 3101A1   1552 1854                                                                             .66  .73  .57  .64  .54 
 437 310102   1549 1799                                                                             .70  .73  .67  .63  .57 
 438 310301   1647 1876                                                                                            .51  .53 
 439 310302   1647 1849                                                                                            .63  .67 
 440 000102   1462 1663                                                         .60  .68  .65  .61  .62  .73                
 441 001101   1518 1662                                                                   .36  .71  .66  .67                
 442 100101   1147 1315  .52  .60  .61                                                                                      
 443 100102   1123 1317  .61  .77  .73                                                                                      
 444 100401   1076 1317  .60  .68  .74                                                                                      
 445 100402   1118 1318  .68  .73  .72                                                                                      
 446 100403   1081 1318  .57  .70  .71                                                                                      
 447 100501   1161 1316  .62  .77  .70                                                                                      
 448 100502   1146 1317  .67  .79  .74                                                                                      
 449 TC0501   1265 1393                 .52  .59  .40                                                                       
 451 TC0503   1309 1401                           .61  .69                                                                  
 452 TC0506a  1288 1390                      .55  .32B                                                                      
 453 TC0511   1275 1393                      .59  .63                                                                       
 454 TC0514   1294 1413                      .60  .77  .78                                                                  
 455 TC0515a  1263 1413                 .52  .53  .64  .67                                                                  
 456 TC0517   1252 1388                 .39  .38  .54                                                                       
 457 TC0525   1257 1404                 .69  .78  .79  .72                                                                  
 458 TC0526   1260 1413                 .59  .64  .77  .68                                                                  
 459 TC0533   1314 1389                           .68                                                                       
 460 TC0539   1308 1401                           .56  .64                                                                  
 461 01011    1160 1378  .55  .74  .66  .55  .54  .57                                                                       
 462 01012    1160 1384  .73  .78  .67  .61  .53  .45                                                                       
 465 14091    1049 1376  .53  .67  .66  .48  .41  .31A                                                                      
 466 14092    1049 1432  .50  .67  .74  .58  .41  .30A .43  .52                                                             
 467 15041    1375 1750                                          .62  .48  .54  .68  .69  .75  .73  .57  .42  .40  .56  .64 
 468 15042    1375 1752                                          .53  .70  .65  .57  .52  .62  .69  .52  .54  .55  .60  .66 
 469 18022    1500 1760                                                                   .34  .37  .39  .44  .43  .65  .61 
 470 18032    1510 1624                                                                   .42  .45  .33A                    
 471 18033    1509 1624                                                                   .52  .63  .56                     
 472 CG05B1   1015 1440  .44  .66  .62  .49  .48  .55  .47  .32A                                                            
 473 CG05E1   1058 1336  .52  .63  .68  .71                                                                                 
 474 CG05E2   1136 1308  .65  .65  .61                                                                                      
 475 CG05K1   1216 1394       .55  .67  .76  .65  .42                                                                       
 476 CG05K2   1215 1389       .50  .58  .74  .66  .45                                                                       
 477 05101    1157 1435  .48  .73  .80  .78  .71  .63  .67  .47                                                             
 478 05102    1157 1430  .26A .27B .47  .75  .72  .44  .57  .53                                                             
 479 05103    1250 1359                 .69  .71                                                                            
 480 05104    1157 1423  .53  .66  .77  .80  .70  .51  .54                                                                  
 481 05121    1051 1434  .58  .77  .81  .67  .57  .63  .63  .44                                                             
 482 05122    1179 1439  .55  .74  .75  .67  .52  .53  .63  .50                                                             
 483 05061    1160 1309  .63  .74  .71                                                                                      
 484 05071    1128 1342  .33  .46  .63  .57                                                                                 
 487 LT052A   1015 1440  .44  .66  .62  .49  .48  .55  .47  .32A                                                            
 489 CG9705   1136 1308  .65  .65  .61                                                                                      
 490 C0505A   1058 1336  .52  .63  .68  .71                                                                                 
 491 CG06C1   1297 1387                      .58  .59                                                                       
 492 CG06C2   1310 1387                           .66                                                                       
 493 CG06D    1273 1376                      .70  .59                                                                       
 494 CG06F    1258 1389                 .42  .60  .72                                                                       
 495 CG06G    1296 1388                      .67  .72                                                                       
 497 CG06N    1243 1389            .69  .57  .70  .73                                                                       
 498 CG06P    1263 1388                 .66  .65  .70                                                                       
 499 CG06R2   1310 1388                           .58                                                                       
 500 LT0622   1270 1373                 .55  .57                                                                            
 501 LT0623   1270 1373                 .64  .68                                                                            
 502 012706   1256 1383                 .56  .54  .68                                                                       
 503 01279A   1247 1383            .52  .57  .52  .42                                                                       
 504 012709   1232 1383            .53  .44  .45  .62                                                                       
 505 012712   1203 1382       .44  .70  .61  .51  .64                                                                       
 506 012712A  1229 1382            .58  .51  .54  .42                                                                       
 507 012713   1217 1383       .44  .37  .45  .54  .68                                                                       
 508 012715   1253 1383                 .35  .36  .52                                                                       
 509 012720P  1244 1383            .62  .46  .47  .70                                                                       
 510 012722   1187 1348  .34  .46  .34  .48                                                                                 
 511 012724   1235 1359            .69  .60  .59                                                                            
 512 012728   1193 1383  .57  .77  .72  .45  .34  .46                                                                       
 513 CG15H1   1614 1761                                                                                       .62  .65  .62 
 514 CG15H2   1611 1760                                                                                       .65  .75  .72 
 515 CG15J    1626 1754                                                                                            .66  .65 
 516 CG15K2   1653 1762                                                                                                 .78 
 517 CG15L    1637 1743                                                                                            .58  .58 
 518 CG15R1   1506 1759                                                                   .46  .41  .30A .34  .28A .35  .50 
 519 CG16A    1508 1649                                                                   .38  .55  .60  .50                
 520 CG16B    1505 1772                                                                   .51  .60  .55  .47  .63  .58  .56 
 521 CG16C    1540 1649                                                                        .71  .75  .66                
 522 CG16D    1460 1767                                                         .56  .54  .56  .64  .58  .50  .51  .72  .65 
 523 CG18C    1250 1742                 .46  .43  .41  .53  .57  .39  .60  .74  .75  .69  .60  .54  .44  .35  .45  .62  .51 
 524 CG18E    1623 1764                                                                                       .43  .51  .55 
 525 CG18G    1547 1752                                                                        .43  .45  .57  .71  .65  .64 
 526 CG18H    1637 1765                                                                                            .41  .59 
 527 CG18I1   1636 1767                                                                                            .60  .53 
 528 CG18I2   1636 1750                                                                                            .69  .65 
 529 CG18J    1500 1679                                                                   .50  .57  .48  .48  .44           
 530 CG18K    1547 1755                                                                        .21B .09B .29A .49  .69  .68 
 531 CG18M1   1590 1777                                                                                  .34  .49  .71  .75 
 532 CG18M2   1590 1767                                                                                  .46  .41  .69  .62 
 533 CG21A1   1422 1767                                               .65  .57  .53  .48  .27A .26B .43  .66  .54  .48  .59 
 534 CG21A2   1289 1769                      .56  .48  .47  .51  .66  .68  .55  .46  .38  .41  .40  .33B .58  .60  .63  .62 
 535 CG21C1   1587 1751                                                                                  .35  .48  .57  .51 
 536 CG21C2   1587 1734                                                                                  .37  .52  .64  .63 
 537 CG21D1   1501 1765                                                                   .36  .47  .28B .18B .32A .58  .57 
 538 CG21E    1621 1765                                                                                       .43  .61  .66 
 539 CG21G    1530 1744                                                                        .56  .41  .44  .56  .39  .43 
 540 CG21H    1589 1767                                                                                  .37  .47  .71  .70 
 541 CG21I    1593 1766                                                                                  .34  .46  .62  .71 
 542 CG21J    1464 1764                                                         .67  .59  .54  .63  .59  .57  .40  .64  .75 
 543 CG21K    1659 1768                                                                                                 .68 
 544 CG21L    1637 1766                                                                                            .65  .64 
 545 CG21RD   1591 1752                                                                                  .29B .30A .57  .59 
 546 CG22A1   1610 1753                                                                                       .41  .61  .56 
 547 CG22A2   1609 1687                                                                                       .58           
 548 CG22B    1557 1753                                                                             .60  .54  .36  .55  .54 
 549 CG22D    1536 1747                                                                        .53  .34  .37  .39  .58  .56 
 550 CG22E1   1628 1721                                                                                            .73      
 551 CG22F    1633 1741                                                                                            .54  .53 
 552 CG22E2   1629 1753                                                                                            .57  .56 
 553 CG23C    1516 1610                                                                   .73  .54                          
 554 CG23D2   1545 1679                                                                        .57  .51  .71  .56           
 555 CG23E2   1535 1748                                                                        .55  .65  .70  .60  .57  .52 
 556 CG23F    1546 1736                                                                        .61  .65  .46  .53  .65  .76 
 557 CG23G1   1464 1567                                                         .44  .54                                    
 558 CG23I1   1465 1724                                                         .67  .55  .65  .63  .60  .62  .53  .62  .63 
 559 CG23I2   1465 1702                                                         .58  .59  .69  .60  .60  .54  .24B .46      
 560 CG24A2   1592 1751                                                                                  .51  .44  .62  .74 
 561 CG24B    1660 1741                                                                                                 .63 
 562 CG24C    1553 1767                                                                             .68  .53  .36  .69  .69 
 563 CG24D    1615 1719                                                                                       .66  .62      
 564 CG24E    1566 1750                                                                             .50  .57  .51  .66  .74 
 565 CG25B    1546 1647                                                                        .63  .59                     
 566 23L3R2   1373 1745                                          .42  .51  .63  .69  .72  .74  .68  .65  .60  .39  .28A .40 
 567 23L3R1   1663 1743                                                                                                 .46 
 568 251AR2   1597 1766                                                                                  .29B .41  .64  .64 
 569 25L5R2   1541 1765                                                                        .28B .23B .13B .37  .66  .72 
 570 251BR1   1612 1766                                                                                       .24B .54  .63 
 571 251BR2   1611 1766                                                                                       .35  .71  .76 
 572 CG26B    1548 1642                                                                        .57  .62                     
 573 CG26D    1580 1659                                                                                  .63                
 574 07L3R1   1455 1744                                                         .42  .56  .60  .52  .61  .57  .52  .76  .72 
 575 07L3R2   1455 1747                                                         .46  .45  .67  .75  .70  .62  .61  .69  .63 
 576 07L3R3   1455 1743                                                         .40B .57  .76  .71  .66  .62  .52  .71  .69 
 577 CG07A1   1390 1752                                          .46  .54  .54  .53  .48  .40  .58  .47  .40  .69  .80  .78 
 578 CG07A2   1409 1754                                               .50  .47  .42  .54  .50  .47  .53  .53  .66  .72  .67 
 579 CG07C1   1320 1613                           .51  .50  .53  .54  .62  .67  .61  .56  .50  .56                          
 580 CG07C2   1319 1627                           .41  .56  .57  .44  .58  .70  .60  .68  .67  .63  .64                     
 581 07L4R1   1143 1537  .40  .41  .55  .67  .69  .59  .58  .47  .51  .65  .64  .62                                         
 582 07L4R2   1143 1527  .22A .28A .49  .66  .71  .57  .64  .66  .57  .56  .58  .52                                         
 583 07L4R3   1144 1559  .46  .60  .57  .59  .66  .62  .63  .57  .50  .71  .73  .58  .61                                    
 584 CG07F1   1337 1511                                .70  .74  .53  .63  .68                                              
 585 CG07F2   1333 1507                                .58  .67  .63  .58  .67                                              
 723 PW13A    1420 1598                                               .52  .66  .72  .54  .54                               
 724 PW13B    1419 1601                                               .55  .56  .48  .55  .50  .52                          
 725 PW13C    1433 1594                                                    .46  .63  .58  .47                               
 726 PW15M    1190 1270  .39                                                                                                
 727 PW15Q2   1175 1290  .42  .37                                                                                           
 728 PW16C    1464 1647                                                         .70  .59  .52  .61  .47                     
 729 PW18B    1214 1293       .44                                                                                           
 732 PW18E    1177 1257  .61                                                                                                
 733 PW18F1   1114 1292  .73  .68                                                                                           
 734 PW18F2   1115 1281  .65  .63                                                                                           
 735 PW18G1   1119 1288  .50  .41                                                                                           
 736 PW18G2   1115 1289  .64  .60                                                                                           
 737 PW25A1    967 1277  .51  .55                                                                                           
 738 PW25A2   1088 1254  .48                                                                                                
 739 PW35C1   1320 1520                           .28A .34  .51  .53  .68  .63                                              
 740 PW35C2   1320 1520                           .32A .42  .50  .42  .58  .64                                              
 741 PW37A1   1352 1598                                     .58  .52  .65  .65  .57  .49  .56                               
 742 PW37A2   1369 1587                                     .64  .64  .64  .65  .56  .48  .61                               
 743 PW38A1   1052 1590  .69  .58  .52  .65  .76  .64  .73  .66  .53  .67  .71  .70  .68  .62                               
 744 PW38A2   1052 1592  .73  .59  .57  .71  .70  .55  .69  .69  .53  .56  .61  .71  .73  .73                               
 745 PW38B1   1260 1575                 .30A .39  .26A .42  .54  .49  .69  .68  .57  .48  .58                               
 746 PW38B2   1281 1552                      .51  .30A .44  .60  .41  .48  .54  .53  .62                                    
 747 PW54B1   1558 1727                                                                             .41  .45  .52  .51  .55 
 748 PW54B2   1598 1727                                                                                  .41  .54  .55  .54 
 749 PW54C    1598 1746                                                                                       .71  .61  .42 
 750 PW57C    1523 1705                                                                        .55  .58  .57  .38  .48      
 751 PW57D1   1550 1713                                                                             .60  .57  .49  .68      
 752 PW57D2   1550 1713                                                                             .61  .62  .47  .67      
 753 PW57E    1594 1710                                                                                  .52  .54  .67      
 754 PW57F    1537 1712                                                                        .65  .60  .47  .48  .66      
 755 PW57H1   1511 1708                                                                   .61  .79  .62  .42  .39  .71      
 756 PW57H2   1513 1708                                                                   .66  .71  .59  .48  .41  .61      
 757 PW57I1   1507 1713                                                                   .54  .64  .70  .53  .43  .49      
 758 PW57I2   1507 1714                                                                   .61  .72  .63  .50  .45  .60      
 759 PW58B1   1464 1699                                                         .66  .63  .59  .57  .52  .58  .50  .56      
 760 PW58B2   1460 1689                                                         .68  .70  .68  .53  .43  .53  .48           
 761 PW58D    1493 1701                                                              .67  .68  .51  .46  .59  .49  .47      
 762 PW58F    1484 1700                                                              .70  .57  .70  .68  .47  .26A .41      
 763 PW58G    1464 1667                                                         .59  .62  .61  .58  .60  .67                
 764 PW58H    1524 1700                                                                        .43  .42  .47  .45  .56      
 765 PW58I    1471 1676                                                         .49  .49  .56  .55  .55  .57  .39           
 766 PW59B1   1582 1731                                                                                  .55  .48  .62  .65 
 767 PW59B2   1583 1690                                                                                  .52  .47           
 768 PW59C1   1363 1693                                     .69  .53  .68  .84  .69  .61  .67  .72  .65  .63  .69           
 769 PW59C2   1354 1690                                     .62  .55  .71  .82  .69  .69  .65  .67  .68  .60  .60           
 770 PW61A1   1384 1649                                          .46  .56  .69  .75  .78  .67  .61  .69  .65                
 771 PW61A2   1380 1695                                          .52  .63  .71  .71  .79  .63  .57  .69  .64  .54           
 772 PW62C1   1556 1709                                                                             .57  .52  .52  .52      
 773 PW62C2   1511 1710                                                                   .70  .70  .60  .61  .62  .58      
 774 PW62D1   1565 1709                                                                             .63  .53  .40  .46      
 775 PW62D2   1491 1712                                                              .53  .58  .61  .71  .65  .42  .44B     
 776 PW63A    1422 1636                                               .66  .77  .76  .65  .63  .72  .63                     
 777 PW64C    1522 1683                                                                   .28B .37B .47  .38  .24A          
 782 PR01H1   1061 1249  .66                                                                                                
 Av segment correlation  .54  .61  .62  .55  .56  .53  .54  .50  .47  .55  .56  .54  .56  .56  .58  .55  .52  .51  .63  .64 

 CORRELATION OF SERIES BY SEGMENTS: ak096
-----------------------------------------------------------------------------------------------------------------------------------
 Correlations of  50-year dated segments, lagged  25 years
 Flags:  A = correlation under   .3281 but highest as dated;  B = correlation higher at other than dated position

 Seq Series  Time_span  1700 1725 1750 1775 1800 1825 1850 1875 1900 1925 1950 
                        1749 1774 1799 1824 1849 1874 1899 1924 1949 1974 1999 
 --- -------- ---------  ---- ---- ---- ---- ---- ---- ---- ---- ---- ---- ---- 
   1 RT02SE   1489 2000  .74  .74  .63  .57  .52  .64  .77  .71  .44  .46  .59 
   2 RT03SE   1604 2002  .68  .68  .62  .66  .66  .72  .84  .74  .49  .57  .52 
   3 RT03N    1615 2002  .72  .76  .74  .72  .74  .77  .84  .73  .60  .71  .75 
   4 RT04E    1551 2002  .77  .82  .73  .58  .64  .33B .31B .43  .52  .80  .71 
   5 RT05SW   1659 2002  .79  .74  .62  .62  .61  .67  .77  .65  .48  .64  .66 
   6 RT05NW   1673 2002  .74  .78  .72  .76  .72  .69  .74  .61  .42  .43  .46 
   7 RT06NW   1606 2002  .67  .77  .74  .64  .72  .77  .75  .68  .66  .74  .68 
   8 RT07S    1406 2002  .68  .65  .65  .77  .71  .74  .74  .58  .51  .74  .73 
   9 RT07SW   1573 2002  .69  .62  .66  .74  .74  .75  .80  .74  .53  .59  .63 
  10 RT07SE   1434 2002  .73  .69  .69  .73  .72  .74  .78  .73  .56  .66  .64 
  11 RT07NE   1520 2002  .71  .77  .76  .64  .65  .76  .81  .76  .55  .63  .70 
  12 RT09NE   1482 2002  .71  .82  .71  .51  .59  .72  .72  .69  .67  .77  .76 
  13 RT09SE   1482 2002  .68  .75  .69  .61  .57  .58  .66  .63  .41  .51  .66 
  14 RT09SW   1563 2002  .74  .77  .70  .63  .63  .68  .69  .69  .73  .76  .75 
  15 RT12S    1566 2002  .71  .84  .72  .65  .80  .81  .68  .59  .72  .66  .57 
  16 RT12N    1409 2002  .68  .74  .57  .43  .70  .75  .74  .61  .57  .75  .76 
  17 RT13NW   1429 2002  .59  .72  .70  .58  .74  .74  .50  .45  .61  .72  .75 
  18 RT13N    1595 2002  .69  .78  .75  .80  .75  .75  .80  .77  .61  .62  .67 
  19 RT15NW   1671 2002  .63  .70  .72  .77  .84  .78  .74  .72  .64  .75  .52 
  20 RT16S    1687 2002  .40B .48  .55  .52  .53  .63  .66  .72  .71  .73  .71 
  21 RT17SE   1437 2002  .66  .72  .66  .59  .78  .74  .70  .73  .69  .72  .75 
  22 RT18NW   1824 2002                                .50  .46  .33  .52  .67 
  23 RT19NN   1522 2002  .62  .69  .70  .67  .57  .68  .75  .68  .58  .63  .69 
  24 RT19N    1475 2002  .65  .73  .71  .62  .54  .70  .74  .66  .62  .61  .62 
  25 RT19SE   1631 2002  .68  .75  .72  .72  .59  .55  .54  .62  .75  .68  .68 
  26 RT20NW   1842 2002                                .75  .73  .56  .65  .64 
  27 RT20S    1797 2002                      .58  .60  .75  .72  .58  .57  .51 
  28 RT22W    1553 2002  .53  .72  .56  .45  .63  .71  .74  .61  .49  .68  .65 
  29 RT22SE   1542 2002  .51  .56  .60  .55  .58  .72  .78  .73  .70  .75  .66 
  30 RT23SE   1587 2002  .56  .70  .54  .49  .60  .51  .51  .66  .76  .73  .71 
  31 RT24S    1649 2002  .53  .53  .27A .32A .52  .50  .64  .69  .58  .47  .37 
  32 RT24SW   1560 2002  .64  .68  .68  .71  .73  .80  .70  .63  .66  .68  .62 
  33 RT25NE   1762 2002                 .66  .70  .71  .74  .81  .80  .82  .81 
  34 RT25NW   1736 2002            .59  .73  .75  .72  .77  .81  .77  .80  .65 
  35 RT26W    1678 2002  .82  .78  .76  .71  .66  .72  .81  .80  .68  .20B-.17B
  36 RT26S    1633 2002  .72  .75  .72  .68  .67  .71  .75  .74  .45  .37  .44 
  37 RT27SE   1511 2002  .58  .69  .66  .64  .74  .80  .79  .75  .69  .66  .64 
  38 RT27NE   1524 2002  .62  .66  .57  .62  .69  .72  .78  .82  .70  .65  .72 
  39 RT28S    1659 2002  .63  .59  .38  .28B .54  .67  .72  .61  .46  .50  .30B
  40 RT29NW   1775 2002                      .73  .75  .70  .69  .73  .62  .49 
  41 RT32N    1750 2002                 .54  .44  .41  .55  .39  .34  .63  .56 
  42 RT33SE   1716 2002       .59  .70  .71  .60  .66  .81  .76  .58  .72  .75 
  43 RT33W    1743 2002            .63  .72  .61  .64  .81  .76  .55  .72  .77 
  44 RT35NE   1444 2002  .74  .75  .78  .63  .64  .76  .79  .74  .65  .62  .58 
  45 RT36W    1462 2002  .42  .65  .64  .56  .72  .81  .81  .75  .73  .78  .76 
  46 RT36S    1518 2002  .62  .71  .68  .56  .65  .77  .78  .73  .80  .77  .70 
  47 RT38N    1530 2002  .60  .66  .61  .72  .72  .64  .71  .63  .49  .70  .73 
  48 RT38NE   1537 2002  .65  .61  .62  .73  .74  .72  .72  .66  .58  .71  .71 
  49 RT39NE   1539 2002  .68  .76  .73  .73  .68  .40B .54  .75  .75  .82  .78 
  50 RT39NW   1614 2002  .66  .66  .63  .69  .74  .73  .77  .79  .75  .78  .75 
  51 RT39SW   1667 2002  .53  .71  .72  .73  .63  .72  .76  .69  .70  .75  .73 
  52 RT39NN   1556 2002  .64  .56  .51  .73  .68  .66  .73  .75  .73  .79  .73 
  53 RT40SE   1643 2002  .54  .71  .67  .69  .75  .78  .80  .73  .71  .67  .58 
  54 RT42SE   1719 2002       .76  .52  .55  .69  .77  .83  .78  .72  .60  .58 
  55 RT43NW   1809 2002                           .75  .78  .76  .56  .56  .71 
  56 RT46S    1591 2002  .83  .81  .77  .77  .85  .88  .79  .76  .69  .69  .77 
  57 RT48S    1569 2002  .68  .67  .66  .69  .67  .72  .76  .73  .71  .73  .67 
  58 RT50SW   1623 2002  .55  .62  .55  .65  .72  .63  .70  .73  .53  .53  .66 
  59 RT51SW   1788 2002                      .71  .77  .79  .60  .44  .70  .74 
  60 RT52N    1676 2002  .70  .72  .70  .74  .71  .70  .78  .66  .54  .63  .54 
  61 RT52SW   1442 2002  .72  .71  .64  .57  .62  .75  .84  .65  .40  .56  .53 
  62 RT53SE   1444 2002  .67  .65  .57  .59  .62  .68  .68  .64  .56  .67  .79 
  63 RT53SW   1493 2002  .74  .75  .66  .57  .54  .69  .78  .75  .61  .44  .48 
  64 RT55S    1497 2002  .64  .69  .65  .63  .67  .60  .55  .61  .69  .75  .75 
  65 RT55SW   1551 2002  .55  .56  .62  .69  .66  .71  .70  .60  .58  .76  .76 
  66 RT57NW   1655 2002  .76  .75  .59  .65  .75  .75  .77  .74  .69  .70  .69 
  67 RT61NW   1523 2002  .61  .61  .52  .53  .75  .31B .42B .68  .59  .76  .74 
  68 RT61N    1567 2002  .23B .52B .58  .63  .73  .73  .80  .71  .60  .74  .74 
  69 RT63N    1610 2002  .73  .83  .78  .56  .60  .76  .78  .69  .61  .58  .56 
  70 RT63NE   1590 2002  .70  .82  .77  .59  .63  .73  .72  .64  .56  .54  .47 
  71 RT65SE   1573 2002  .72  .70  .68  .73  .69  .68  .78  .76  .69  .72  .69 
  72 RT98A    1500 2002  .72  .74  .67  .54  .64  .75  .71  .61  .49  .57  .52 
  73 RT99A    1651 2002  .48  .75  .61  .44  .53  .58  .70  .65  .62  .75  .66 
  74 CV01SE   1645 1992  .72  .75  .76  .60  .57  .72  .73  .75  .57  .63      
  75 CV02NW   1792 1992                      .63  .63  .68  .68  .60  .65      
  76 cv05sw   1638 1992  .46  .78  .73  .54  .64  .67  .69  .79  .69  .67      
  77 CV06SE   1523 1886  .70  .81  .80  .59  .59  .79                          
  78 CV06SW   1503 1992  .74  .81  .77  .61  .69  .80  .80  .77  .64  .64      
  80 CV07NE   1484 1992  .71  .85  .76  .63  .80  .81  .83  .84  .76  .77      
  81 CV14SE   1672 1900  .78  .80  .77  .71  .73  .74  .25B                    
  82 CV14SW   1518 1871  .84  .78  .74  .75  .78                               
  83 CV16NE   1900 1992                                               .79      
  84 CV17NE   1684 1853  .73  .74  .73  .62  .58                               
  86 CV19NE   1593 1992  .77  .79  .80  .73  .73  .77  .82  .82  .81  .75      
  87 CV21NE   1520 1992  .67  .67  .70  .74  .72  .81  .82  .82  .90  .84      
  88 CV21SW   1900 1992                                               .78      
  89 CV26NW   1508 1992  .81  .81  .65  .53  .72  .82  .83  .82  .69  .52      
  90 CV40SS   1696 1922  .36  .81  .82  .76  .80  .81  .80                     
  91 CV40SW   1720 1992       .79  .79  .71  .77  .81  .79  .74  .69  .77      
  92 CV40NE   1600 1992  .82  .81  .78  .77  .80  .81  .85  .83  .78  .73      
  93 CV41NW   1654 1832  .76  .77  .81  .73                                    
  94 CV41SN   1668 1836  .78  .75  .74  .71                                    
  95 CV45SE   1735 1943            .75  .70  .57  .59  .73  .72                
  96 CV45SS   1728 1947            .67  .60  .56  .65  .74  .70                
  97 CV46SW   1702 1929       .64  .62  .55  .65  .61  .68  .74                
  98 CV51NE   1850 1992                                     .76  .56  .49      
  99 CV52XX   1729 1875            .64  .55  .31A .34B                         
 101 CV60NW   1819 1991                           .80  .77  .77  .65  .53      
 102 CV61NW   1610 1857  .70  .66  .64  .53  .59                               
 103 EM01NE   1525 2001  .68  .74  .74  .61  .72  .50  .51  .77  .75  .70  .70 
 104 EM01NW   1589 2001  .72  .78  .76  .70  .67  .60  .65  .73  .69  .67  .65 
 105 EM02SW   1715 2001       .57  .70  .56  .62  .76  .74  .71  .63  .58  .49 
 106 EM03W    1678 2001  .75  .83  .76  .65  .64  .64  .74  .76  .58  .58  .61 
 107 EM03SE   1724 2001       .78  .84  .72  .68  .68  .76  .81  .64  .65  .76 
 108 EM04SE   1548 2001  .71  .76  .78  .64  .66  .74  .82  .82  .72  .73  .74 
 109 EM04W    1580 2001  .72  .81  .80  .69  .76  .77  .70  .71  .73  .76  .79 
 110 EM05NW   1553 2001  .77  .81  .74  .68  .81  .65  .65  .74  .58  .50  .64 
 111 EM05N    1514 2001  .81  .80  .70  .62  .69  .70  .74  .79  .57  .55  .63 
 112 EM06W    1576 2001  .78  .77  .74  .63  .62  .60  .57  .61  .64  .65  .53 
 113 EM06S    1582 2001  .84  .70  .63  .55  .59  .68  .71  .74  .64  .64  .55 
 114 EM07S    1689 2001  .78  .65  .59  .69  .68  .64  .75  .80  .44  .21B .40 
 115 EM07W    1680 2001  .68  .79  .73  .70  .62  .54  .69  .76  .53  .61  .67 
 116 EM08NW   1600 2001  .70  .76  .75  .72  .68  .66  .78  .87  .73  .73  .69 
 117 EM08N    1593 1975  .58  .76  .79  .66  .65  .66  .66  .72  .74  .56      
 118 EM09S    1579 2001  .67  .62  .65  .65  .68  .63  .65  .71  .61  .64  .72 
 119 EM09W    1614 2001  .66  .65  .59  .51  .55  .55  .63  .74  .69  .73  .77 
 120 EM10SW   1643 2001  .51  .63  .60  .54  .64  .61  .64  .65  .46  .51  .56 
 121 EM10S    1744 2001            .48  .45  .72  .66  .64  .68  .53  .58  .73 
 122 EM20N    1513 2001  .68  .74  .75  .66  .69  .69  .71  .79  .77  .78  .83 
 123 EM20NE   1744 1958            .67  .49  .65  .63  .63  .71  .70           
 124 EM21E    1736 2001            .69  .70  .66  .75  .88  .88  .61  .56  .66 
 125 EM21NW   1777 2001                      .74  .69  .75  .80  .56  .61  .75 
 126 EM23NE   1796 2001                      .69  .66  .61  .74  .75  .74  .67 
 127 EM24S    1790 2001                      .54  .59  .70  .77  .62  .42  .52 
 128 EM24WNW  1741 1999            .52  .54  .55  .60  .61  .70  .47  .40  .52 
 129 EM25W    1345 2001  .71  .67  .53  .29A .55  .57  .59  .65  .52  .56  .54 
 130 EM25NE   1554 2001  .72  .74  .75  .61  .70  .74  .75  .69  .40  .42  .57 
 131 EM26N    1782 2001                      .71  .65  .63  .67  .51  .49  .59 
 132 EM27W    1647 2000  .78  .69  .63  .64  .61  .65  .72  .76  .58  .63  .51 
 133 EM27S    1653 1992  .81  .74  .70  .77  .68  .68  .75  .74  .68  .68      
 134 EM28SW   1759 2001                 .45  .50  .67  .67  .60  .27B .44  .74 
 135 EM28NW   1722 1986       .46B .51  .53  .56  .69  .65  .72  .74  .70      
 136 EM31N    1744 2001            .55  .65  .57  .56  .62  .75  .62  .53  .60 
 137 EM31W    1786 2001                      .54  .65  .70  .74  .69  .62  .58 
 138 EM40NW   1718 2001       .71  .77  .76  .58  .68  .84  .83  .66  .44  .57 
 139 EM40NE   1740 2001            .83  .86  .78  .78  .75  .77  .70  .51  .62 
 140 EM41E    1739 2001            .48  .56  .79  .45  .28B .56  .41  .32A .64 
 141 EM42NE   1587 2001  .70  .70  .62  .48  .71  .76  .76  .78  .60  .55  .54 
 142 EM42SW   1484 2001  .52  .65  .70  .66  .70  .62  .72  .77  .46  .49  .68 
 143 EM43W    1420 2001  .76  .82  .75  .66  .69  .71  .60  .68  .69  .62  .77 
 144 EM44NE   1366 1989  .80  .75  .59  .47  .64  .68  .73  .74  .58  .67      
 145 EM45NE   1690 2001  .62  .65  .64  .69  .78  .68  .69  .76  .60  .53  .60 
 146 EM47N    1715 2001       .55  .59  .69  .75  .80  .77  .79  .79  .69  .64 
 147 EM48NW   1704 1972       .70  .72  .47  .53  .74  .81  .81  .63           
 148 TB01NW   1450 1991  .54  .54  .57  .40  .30A .29B .49  .53  .43  .64      
 149 TB02NE   1670 1991  .73  .76  .58  .24A .28A .42  .64  .66  .56  .50      
 151 TB10NE   1601 1949  .42  .39  .30B .16B .39  .35  .48  .62  .44           
 152 TB13S1   1720 1991       .65  .60  .38  .44  .50  .63  .77  .58  .58      
 153 TB13S2   1749 1991                 .38  .41  .43  .57  .72  .61  .50      
 154 TB14SW   1660 1899  .64  .47  .38  .27B .53  .38  .44                     
 155 TB16NW   1734 1991            .39  .12B .35B .34  .40  .52  .54  .68      
 156 TB18NE   1690 1858  .33  .34  .32A .23B .21A                              
 158 TB18NW   1534 1989  .38B .39  .37  .26B .28A .32A .34B .38  .47  .48      
 159 TB20NW   1628 1991  .77  .60  .43  .27B .43  .46  .48  .49  .39  .52      
 160 TB22NW   1729 1991            .47  .33A .28B .28A .31A .36  .49  .57      
 161 TB24NW   1800 1991                           .64  .67  .72  .69  .45      
 162 TB9211   1696 1991  .49  .56  .55  .18B .27A .48  .53  .60  .52  .60      
 163 MR01NW   1690 1992  .56  .64  .62  .66  .66  .59  .58  .54  .53  .58      
 164 MR02NE   1795 1919                      .82  .79  .71                     
 165 MR02B1   1615 1779  .55  .74                                              
 166 MR02SW   1729 1992            .54  .36  .40  .58  .50  .44  .42  .34      
 167 MR03SW   1761 1992                 .47  .75  .68  .59  .52  .58  .68      
 168 MR04SE   1731 1992            .69  .55  .63  .66  .65  .56  .33  .53      
 169 MR05NE   1509 1992  .66  .67  .68  .58  .47  .65  .70  .63  .64  .78      
 170 MR06SW   1508 1992  .56  .68  .59  .50  .55  .60  .66  .41  .29B .65      
 171 MR07D-   1610 1968  .47  .50  .34B .28A .44  .52  .63  .64  .55           
 172 MR08NW   1722 1992       .59  .50  .62  .82  .79  .79  .82  .79  .71      
 173 MR10NW   1785 1992                      .49  .52  .63  .69  .54  .51      
 174 MR11NE   1758 1992                 .50  .62  .76  .77  .76  .81  .75      
 175 MR12NE   1705 1992       .68  .52  .34  .54  .75  .70  .65  .51  .57      
 176 MR14SW   1648 1992  .47  .64  .72  .79  .69  .67  .74  .70  .66  .72      
 177 MR15NW   1874 1992                                          .59  .60      
 178 MR17NW   1838 1992                                .74  .74  .66  .74      
 179 MR18NE   1764 1992                 .37  .56  .76  .65  .56  .60  .76      
 181 MR21NW   1900 1992                                               .54      
 182 MR22SW   1661 1992  .56  .62  .58  .62  .62  .72  .70  .61  .63  .73      
 183 MR40NW   1800 1992                           .58  .64  .54  .46  .45      
 184 MR42NE   1835 1992                                .69  .72  .56  .47      
 185 MR44NW   1726 1992            .36  .43  .40  .48  .70  .74  .64  .58      
 186 MR45SW   1880 1992                                          .33A .41      
 187 MR46NE   1701 1992       .60  .63  .46  .56  .64  .59  .46  .18B .30A     
 188 MR46SW   1735 1992            .40  .51  .63  .47  .42  .39  .26B .11B     
 189 MR47NW   1855 1992                                     .49  .43  .27A     
 190 MR48NE   1549 1992  .39B .50  .45  .43  .57  .61  .61  .54  .59  .74      
 191 MR48NW   1537 1992  .52  .54  .32A .18B .33  .63  .67  .52  .55  .70      
 192 MR49SE   1526 1992  .24B .31B .28B .27B .41B .52  .53  .42  .38  .53      
 193 MR49SW   1663 1992  .30B .21B .27A .39  .42  .58  .59  .43  .45  .48      
 194 MR51SW   1831 1992                                .61  .60  .50  .58      
 195 MR54NE   1635 1992  .57  .55  .38  .40  .69  .68  .53  .51  .53  .63      
 196 MR54SW   1641 1992  .50  .47  .34B .21B .49  .60  .51  .44  .45  .39      
 197 MR55NE   1830 1992                                .59  .56  .41  .39      
 198 MR55SE   1863 1992                                     .51  .38  .27B     
 199 MR56NE   1852 1992                                     .60  .38  .37      
 200 MR56SW   1750 1992                 .35  .44  .45  .53  .53  .37  .42      
 201 MR61SW   1825 1992                                .64  .51  .44  .64      
 202 MR62NE   1900 1992                                               .57      
 203 MR63NN   1634 1979  .52  .65  .72  .77  .76  .75  .76  .71  .57  .56      
 204 MR63NE   1684 1979  .53  .64  .63  .69  .77  .73  .77  .73  .54  .58      
 205 EL1NE    1603 1991  .69  .56  .48  .59  .58  .64  .64  .64  .67  .71      
 208 EL10SW   1778 1991                      .63  .58  .43  .40  .54  .48      
 209 EL14SW   1810 1991                           .23B .43  .55  .50  .54      
 210 EL18NW   1746 1991            .50  .57  .54  .55  .66  .59  .60  .80      
 211 EL20NW   1778 1991                      .52  .54  .64  .62  .61  .62      
 212 EL22SE   1826 1987                                .73  .55  .38  .60      
 213 EL24SW   1676 1991  .51  .51  .50  .61  .63  .74  .72  .62  .53  .64      
 214 EL26NE   1598 1975  .50  .42  .38  .61  .63  .61  .65  .62  .56  .60      
 216 EL28NE   1768 1991                 .64  .73  .71  .64  .54  .58  .65      
 217 EL32NE   1773 1991                      .52  .52  .59  .53  .33  .50      
 219 EL36NE   1780 1991                      .51  .69  .63  .61  .63  .63      
 221 EL44SW1  1630 1991  .14B .29B .31A .59  .57  .52  .63  .39  .23B .48      
 222 EL44SE   1628 1991  .29B .32A .22B .45  .59  .62  .62  .41  .33A .66      
 224 EL50NW   1650 1991  .62  .68  .62  .69  .71  .70  .74  .66  .52  .66      
 225 WV01SW   1648 1877  .57  .57  .61  .74  .63  .64                          
 226 WV03SW   1684 1991  .54  .56  .62  .55  .57  .73  .67  .60  .68  .64      
 227 WV04NW   1734 1991            .55  .61  .71  .60  .67  .74  .66  .66      
 228 WV05SW   1540 1893  .63  .67  .61  .55  .47  .50                          
 229 WV06NE   1605 1866  .37  .37  .35B .54  .49                               
 230 WV07SE   1890 1991                                          .49  .64      
 231 WV10NE   1723 1872            .57  .55  .54                               
 232 WV16NW   1781 1991                      .51  .58  .62  .71  .58  .52      
 233 WV20NE   1644 1991  .64  .60  .55  .61  .66  .67  .66  .68  .63  .64      
 235 WV21SN   1848 1989                                .76  .68  .53  .56      
 236 WW24SW   1714 1991       .72  .61  .53  .61  .48  .43  .54  .48  .57      
 237 WV32NE   1764 1990                 .64  .59  .61  .65  .62  .44  .46      
 238 WV38SW   1839 1990                                .71  .66  .48  .50      
 239 WV40SW   1702 1990       .52  .58  .71  .55  .58  .79  .71  .61  .68      
 240 WV42SE   1699 1990       .73  .79  .70  .61  .73  .72  .71  .71  .62      
 241 WV46SE   1733 1852            .47  .26A .43                               
 242 WV46NE   1730 1872            .48  .27A .40                               
 243 WV52NW   1869 1990                                     .59  .32A .39B     
 244 WV66NE   1680 1991  .41  .28B .37B .38  .45  .52  .66  .66  .37  .47      
 245 WW70NW   1247 1991  .63  .64  .60  .59  .47  .42  .60  .73  .68  .65      
 246 WS1S     1843 1989                                .56  .60  .49  .54      
 247 WS1N     1827 1989                                .44  .46  .21B .54      
 248 WS2SW    1775 1989                      .29A .35  .55  .52  .35  .58      
 249 WS4W     1848 1989                                .59  .58  .57  .61      
 250 WS4S     1869 1968                                     .45  .35           
 252 WS5W     1778 1989                      .70  .64  .70  .72  .63  .69      
 253 WS5N     1784 1989                      .34  .43  .57  .54  .50  .64      
 254 WS11NE   1890 1989                                          .60  .62      
 255 WS12NE   1778 1989                      .54  .35  .47  .51  .47  .65      
 257 WS14NW   1837 1989                                .47  .55  .52  .53      
 258 WS15SE   1840 1989                                .69  .55  .41  .59      
 260 WS17SW   1853 1989                                     .41  .32B .45      
 261 WS17NW   1837 1989                                .61  .51  .36  .42      
 263 WS23NE   1859 1989                                     .75  .63  .49      
 264 WS24SE   1795 1969                      .41  .49  .49  .45  .44           
 265 WSYAN    1780 1988                      .42  .49  .67  .49  .30A .49      
 266 MW02SE   1557 1994  .48  .67  .63  .56  .53  .53  .37  .34  .54  .32A     
 267 MW02SW   1428 1946  .46  .67  .68  .67  .58  .44  .51  .62                
 268 MW02NE   1496 1992  .48  .61  .59  .52  .60  .63  .60  .60  .60  .40      
 269 MW03NE   1755 1992                 .74  .69  .62  .65  .61  .47  .54      
 270 MW03SS   1600 1993  .42B .53  .58  .59  .62  .54  .55  .65  .70  .67      
 271 MW04NE   1900 1993                                               .49      
 272 MW04SW   1806 1993                           .21B .35  .56  .64  .56      
 273 MW05SW   1820 1994                           .49  .47  .59  .58  .51      
 274 MW50SW   1561 1994  .49  .53  .49  .67  .71  .53  .51  .65  .66  .65      
 275 MW50SE   1567 1994  .32B .52  .47  .47  .50  .39  .50  .58  .50  .52      
 276 MW50NW   1730 1994            .50  .61  .62  .59  .70  .64  .55  .65      
 277 MW53NE   1660 1994  .42  .57  .54  .68  .63  .57  .60  .59  .65  .73      
 278 MW54SW   1500 1994  .59  .69  .68  .73  .67  .57  .59  .59  .55  .59      
 279 MW58NW   1497 1993  .48  .60  .45  .28B .42  .51  .56  .63  .68  .52      
 280 MW65NW   1581 1992  .46  .55  .60  .58  .51  .50  .52  .60  .65  .58      
 281 MW53SW   1541 1994  .46  .67  .65  .57  .33A .28A .40  .42  .49  .68      
 282 SM01NE   1640 1995  .46  .65  .59  .54  .60  .54  .52  .49  .51  .46      
 283 SM01EE   1840 1995                                .52  .45  .39  .50      
 284 SM02SE   1760 1995                 .65  .71  .67  .57  .54  .57  .63      
 285 SM04NN   1780 1995                      .57  .55  .59  .60  .36  .45      
 286 SM08NW   1640 1995  .53  .69  .69  .60  .59  .62  .56  .59  .69  .48      
 287 SM08SW   1687 1995  .48  .72  .68  .73  .68  .65  .67  .62  .64  .57      
 288 SM11SW   1551 1994  .38  .58  .48  .41  .58  .59  .57  .56  .53  .55      
 289 SM53WW   1630 1995  .44  .55  .61  .66  .61  .45  .51  .56  .46  .42      
 290 SMW53S   1634 1995  .53  .53  .49  .65  .59  .53  .68  .65  .51  .57      
 291 SMW53E   1558 1995  .43  .46  .45  .58  .68  .60  .64  .66  .54  .51      
 292 SM53SS   1559 1995  .43  .53  .54  .62  .55  .55  .73  .72  .59  .64      
 293 SMW55S   1720 1995       .54  .64  .60  .70  .67  .42  .47  .61  .63      
 294 05DD1    1538 1978  .67  .70  .57  .42  .57  .75  .73  .72  .56  .31B     
 295 NK01SW   1791 1989                      .60  .59  .71  .71  .70  .46      
 296 NK02SW   1818 1991                           .50  .53  .61  .62  .44      
 297 NK03SW   1916 1991                                               .34      
 298 NK05NE   1891 1991                                          .60  .63      
 299 NK09SW   1852 1984                                     .54  .62  .48      
 300 NK11SW   1849 1991                                .58  .71  .63  .51      
 301 NK12NW   1786 1991                      .57  .57  .62  .71  .67  .47      
 302 NK14SW   1799 1992                      .64  .54  .62  .74  .66  .51      
 303 NK17NW   1861 1990                                     .77  .66  .39      
 304 NK17SW   1777 1987                      .61  .60  .60  .74  .76  .54      
 305 NK17NE   1880 1992                                          .50  .31B     
 306 NK18SW   1801 1992                           .65  .77  .62  .39  .50      
 307 NK19SW   1834 1991                                .65  .71  .56  .29A     
 308 NK20NA   1762 1968                 .46  .60  .73  .75  .71  .57           
 309 NK20SW   1793 1991                      .55  .70  .68  .63  .53  .65      
 310 NK21SW   1786 1991                      .65  .64  .64  .68  .67  .67      
 311 NK21SE   1827 1984                                .65  .71  .69  .63      
 312 RG01SW   1599 1990  .52  .52  .54  .49  .59  .72  .66  .51  .52  .45      
 313 RG01SE   1673 1990  .46  .47  .58  .50  .61  .79  .79  .68  .56  .67      
 314 RG02SE   1579 1989  .64  .59  .55  .71  .78  .71  .59  .57  .53  .49      
 315 RG03NE   1747 1990            .47  .54  .80  .81  .62  .53  .70  .69      
 317 RG58SE   1768 1991                 .67  .70  .55  .59  .62  .57  .69      
 318 RG62NE   1785 1991                      .38  .58  .59  .56  .43  .64      
 319 RG62NW   1899 1991                                          .67  .68      
 320 RG64NW   1781 1938                      .51  .38  .26B .31A               
 321 RG66NE   1733 1898            .53  .60  .59  .54                          
 322 RG68NE   1781 1907                      .63  .65  .56                     
 323 RG68NW   1793 1989                      .71  .73  .66  .61  .42  .24B     
 324 RG72NE   1806 1991                           .60  .69  .65  .41  .53      
 325 RG74NW   1850 1990                                     .59  .56  .49      
 326 RG76NW   1707 1991       .41  .46  .49  .72  .74  .75  .65  .46  .50      
 327 RG78SW   1613 1992  .28B .28B .49  .54  .64  .58  .51  .52  .54  .61      
 328 RG80SW   1534 1990  .36  .46  .51  .58  .72  .69  .33  .33  .74  .70      
 329 RG84SW   1669 1990  .59  .68  .60  .36  .53  .78  .64  .50  .49  .64      
 330 RG84SE   1611 1991  .62  .70  .63  .52  .67  .77  .63  .54  .56  .65      
 331 RG86NE   1920 1991                                               .55      
 333 160301   1764 1847                 .34                                    
 334 160302   1764 1843                 .36                                    
 335 160303   1764 1847                 .40                                    
 336 160401   1765 1849                 .47  .30A                              
 337 160402   1765 1845                 .44                                    
 338 160403   1765 1849                 .39  .25A                              
 339 160501   1772 1849                 .59  .58                               
 340 160502   1772 1845                 .44                                    
 341 160503   1772 1851                 .63  .62                               
 342 160601   1761 1846                 .47                                    
 343 160602   1761 1850                 .50  .43                               
 344 160603   1761 1845                 .43                                    
 345 1402     1423 1785  .25B .42                                              
 346 1402B    1395 1785  .26B .57                                              
 347 1410     1459 1809  .28B .24B .30A                                        
 348 1410A    1463 1809  .33  .28A .32A                                        
 349 2201     1451 1791  .64  .48                                              
 350 2202     1453 1797  .54  .51                                              
 351 2202A    1452 1772  .55                                                   
 355 2301     1570 1803  .73  .71  .53                                         
 356 2301A    1590 1801  .61  .62  .50                                         
 357 2303     1523 1794  .61  .70                                              
 358 2305     1598 1799  .49  .32A .09B                                        
 359 2305A    1599 1799  .63  .71  .60                                         
 360 2306     1494 1801  .50  .58  .57                                         
 361 2306A    1560 1799  .35  .37  .30B                                        
 362 2307     1646 1798  .41  .52                                              
 364 2309a    1476 1791  .43  .33A                                             
 366 2310A    1596 1795  .47  .25B                                             
 367 2311     1628 1800  .32A .34  .26B                                        
 368 2312     1603 1795  .58  .61                                              
 369 2313     1444 1800  .32A .44  .71                                         
 370 2401     1694 1788  .31A .52                                              
 371 2402     1691 1787  .39  .65                                              
 373 2405     1706 1799       .67  .56                                         
 374 2406     1667 1793  .44  .64                                              
 375 2503     1706 1813       .56  .61                                         
 376 2504     1714 1809       .62  .71                                         
 377 2505     1716 1808       .58  .64                                         
 378 3201     1617 1773  .42                                                   
 379 3201A    1584 1773  .55                                                   
 380 3203     1644 1783  .42  .51                                              
 381 3205     1564 1782  .20B .44                                              
 382 3206     1431 1784  .66  .79                                              
 383 3207     1610 1785  .59  .56                                              
 384 3208     1604 1784  .57  .63                                              
 385 3209     1648 1784  .53  .64                                              
 386 3210     1583 1783  .67  .67                                              
 387 3212     1458 1785  .57  .60                                              
 388 3214     1460 1786  .62  .66                                              
 389 3215     1626 1786  .71  .67                                              
 390 3303     1651 1799  .58  .67  .53                                         
 391 3304     1567 1799  .60  .61  .46                                         
 392 3305     1496 1780  .62  .62                                              
 393 3306     1520 1792  .39  .54                                              
 394 3307     1615 1793  .73  .57                                              
 395 3308     1608 1789  .66  .68                                              
 396 3311     1510 1793  .35  .49                                              
 397 3401     1617 1807  .78  .65  .54                                         
 398 3402     1565 1808  .62  .62  .62                                         
 399 3403     1656 1807  .61  .70  .54                                         
 400 3403A    1612 1769  .52                                                   
 401 3501     1609 1809  .62  .64  .63                                         
 402 3503     1628 1799  .47  .50  .34                                         
 403 3601     1480 1799  .46  .60  .54                                         
 404 012102   1640 1796  .39  .63                                              
 405 012105   1560 1806  .41B .57  .58                                         
 406 012108   1614 1808  .55  .59  .52                                         
 407 012109   1602 1808  .57  .69  .60                                         
 410 200201   1438 1767  .70                                                   
 411 200301   1560 1769  .54                                                   
 412 200401   1362 1766  .29B                                                  
 414 200403   1362 1765  .44                                                   
 415 220201   1477 1765  .57                                                   
 416 220202   1477 1753  .63                                                   
 417 220301   1599 1764  .37                                                   
 418 220401   1550 1751  .52                                                   
 419 220501   1462 1752  .60                                                   
 420 220502   1465 1750  .45                                                   
 421 220601   1617 1752  .44                                                   
 423 220801   1470 1750  .43                                                   
 428 250301   1520 1765  .69                                                   
 429 250401   1266 1767  .70                                                   
 430 250402   1266 1767  .53                                                   
 434 270201   1536 1753  .44                                                   
 435 270501   1533 1751  .42                                                   
 436 3101A1   1552 1854  .35  .67  .66  .42  .14B                              
 437 310102   1549 1799  .44  .67  .70                                         
 438 310301   1647 1876  .59  .66  .55  .41  .38B .36                          
 439 310302   1647 1849  .43  .43  .35  .25B .21B                              
 467 15041    1375 1750  .52                                                   
 468 15042    1375 1752  .53                                                   
 469 18022    1500 1760  .32A                                                  
 513 CG15H1   1614 1761  .50                                                   
 514 CG15H2   1611 1760  .47                                                   
 515 CG15J    1626 1754  .54                                                   
 516 CG15K2   1653 1762  .57                                                   
 518 CG15R1   1506 1759  .67                                                   
 520 CG16B    1505 1772  .61                                                   
 522 CG16D    1460 1767  .38                                                   
 524 CG18E    1623 1764  .47                                                   
 525 CG18G    1547 1752  .72                                                   
 526 CG18H    1637 1765  .46                                                   
 527 CG18I1   1636 1767  .35                                                   
 528 CG18I2   1636 1750  .54                                                   
 530 CG18K    1547 1755  .48                                                   
 531 CG18M1   1590 1777  .61  .61                                              
 532 CG18M2   1590 1767  .51                                                   
 533 CG21A1   1422 1767  .72                                                   
 534 CG21A2   1289 1769  .54                                                   
 535 CG21C1   1587 1751  .30A                                                  
 537 CG21D1   1501 1765  .50                                                   
 538 CG21E    1621 1765  .60                                                   
 540 CG21H    1589 1767  .56                                                   
 541 CG21I    1593 1766  .49                                                   
 542 CG21J    1464 1764  .61                                                   
 543 CG21K    1659 1768  .51                                                   
 544 CG21L    1637 1766  .57                                                   
 545 CG21RD   1591 1752  .45                                                   
 546 CG22A1   1610 1753  .33                                                   
 548 CG22B    1557 1753  .42                                                   
 552 CG22E2   1629 1753  .39                                                   
 560 CG24A2   1592 1751  .48                                                   
 562 CG24C    1553 1767  .46                                                   
 564 CG24E    1566 1750  .55                                                   
 568 251AR2   1597 1766  .59                                                   
 569 25L5R2   1541 1765  .55                                                   
 570 251BR1   1612 1766  .51                                                   
 571 251BR2   1611 1766  .62                                                   
 577 CG07A1   1390 1752  .43                                                   
 578 CG07A2   1409 1754  .51                                                   
 Av segment correlation  .57  .63  .60  .57  .61  .63  .66  .65  .57  .59  .64 

 FLAGGED SEGMENTS: ak096
-----------------------------------------------------------------------------------------------------------------------------------
 Seq Series   Segment    Flag  r dated  Best lag  r at lag   Gain  Note
 --- -------- ---------  ----  -------  --------  --------  -----  -----------------
   4 RT04E    1825 1874     B     .330        -1      .353   .023
   4 RT04E    1850 1899     B     .312        -4      .370   .057
   8 RT07S    1425 1474     B     .177        -3      .303   .126  weak at every lag
   8 RT07S    1450 1499     A     .274         0
  10 RT07SE   1450 1499     B     .356         3      .370   .014
  10 RT07SE   1475 1524     B     .282         6      .368   .086
  20 RT16S    1700 1749     B     .395        10      .420   .024
  21 RT17SE   1475 1524     B     .202        -7      .229   .027  weak at every lag
  31 RT24S    1750 1799     A     .269         0
  31 RT24S    1775 1824     A     .319         0
  35 RT26W    1925 1974     B     .201       -10      .260   .059  weak at every lag
  35 RT26W    1950 1999     B    -.166       -10      .456   .621
  37 RT27SE   1525 1574     A     .307         0
  39 RT28S    1775 1824     B     .283         1      .317   .034  weak at every lag
  39 RT28S    1950 1999     B     .298        -7      .303   .005  weak at every lag
  44 RT35NE   1450 1499     A     .328         0
  49 RT39NE   1575 1624     B     .236         6      .268   .031  weak at every lag
  49 RT39NE   1600 1649     A     .299         0
  49 RT39NE   1825 1874     B     .396         1      .417   .020
  62 RT53SE   1450 1499     B     .165        -5      .266   .102  weak at every lag
  62 RT53SE   1475 1524     A     .219         0
  63 RT53SW   1500 1549     B    -.059        -7      .264   .323  weak at every lag
  63 RT53SW   1525 1574     B     .136         7      .253   .117  weak at every lag
  67 RT61NW   1825 1874     B     .309         1      .443   .135
  67 RT61NW   1850 1899     B     .419         1      .573   .154
  68 RT61N    1700 1749     B     .234         2      .558   .324
  68 RT61N    1725 1774     B     .519         2      .549   .030
  70 RT63NE   1600 1649     B     .087         1      .320   .233  weak at every lag
  70 RT63NE   1625 1674     B     .176         1      .322   .146  weak at every lag
  81 CV14SE   1850 1899     B     .253         9      .332   .079
  99 CV52XX   1800 1849     A     .308         0
  99 CV52XX   1825 1874     B     .339       -10      .430   .091
 114 EM07S    1925 1974     B     .211        -1      .251   .040  weak at every lag
 129 EM25W    1350 1399     B    -.013        -1      .513   .527
 129 EM25W    1375 1424     B     .044        -1      .506   .462
 129 EM25W    1400 1449     B     .033         1      .342   .310
 129 EM25W    1425 1474     B     .344        -6      .360   .016
 129 EM25W    1775 1824     A     .293         0
 134 EM28SW   1900 1949     B     .272        10      .309   .037  weak at every lag
 135 EM28NW   1725 1774     B     .455       -10      .467   .012
 140 EM41E    1850 1899     B     .278        10      .330   .052
 140 EM41E    1925 1974     A     .321         0
 144 EM44NE   1375 1424     B    -.024        -1      .493   .517
 148 TB01NW   1800 1849     A     .304         0
 148 TB01NW   1825 1874     B     .286         2      .305   .019  weak at every lag
 149 TB02NE   1775 1824     A     .239         0
 149 TB02NE   1800 1849     A     .284         0
 151 TB10NE   1750 1799     B     .300        -2      .334   .035
 151 TB10NE   1775 1824     B     .158        -4      .330   .171
 154 TB14SW   1775 1824     B     .272        -2      .299   .027  weak at every lag
 155 TB16NW   1775 1824     B     .118        -2      .343   .226
 155 TB16NW   1800 1849     B     .352        -6      .368   .016
 156 TB18NE   1750 1799     A     .324         0
 156 TB18NE   1775 1824     B     .231         3      .338   .108
 156 TB18NE   1800 1849     A     .213         0
 158 TB18NW   1700 1749     B     .383       -10      .435   .053
 158 TB18NW   1775 1824     B     .255         3      .321   .065  weak at every lag
 158 TB18NW   1800 1849     A     .276         0
 158 TB18NW   1825 1874     A     .321         0
 158 TB18NW   1850 1899     B     .343        -1      .358   .016
 159 TB20NW   1775 1824     B     .266        10      .301   .035  weak at every lag
 160 TB22NW   1775 1824     A     .325         0
 160 TB22NW   1800 1849     B     .283        -4      .299   .016  weak at every lag
 160 TB22NW   1825 1874     A     .285         0
 160 TB22NW   1850 1899     A     .314         0
 162 TB9211   1775 1824     B     .178         6      .278   .099  weak at every lag
 162 TB9211   1800 1849     A     .272         0
 165 MR02B1   1650 1699     B     .558         1      .565   .007
 170 MR06SW   1900 1949     B     .288        -9      .338   .050
 171 MR07D-   1625 1674     A     .284         0
 171 MR07D-   1750 1799     B     .339        -2      .356   .018
 171 MR07D-   1775 1824     A     .282         0
 186 MR45SW   1900 1949     A     .328         0
 187 MR46NE   1900 1949     B     .177         6      .201   .024  weak at every lag
 187 MR46NE   1925 1974     A     .304         0
 188 MR46SW   1900 1949     B     .258         6      .270   .012  weak at every lag
 188 MR46SW   1925 1974     B     .110         1      .334   .224
 189 MR47NW   1925 1974     A     .270         0
 190 MR48NE   1700 1749     B     .391       -10      .402   .011
 191 MR48NW   1625 1674     B     .151         8      .204   .053  weak at every lag
 191 MR48NW   1750 1799     A     .318         0
 191 MR48NW   1775 1824     B     .180        -4      .301   .121  weak at every lag
 192 MR49SE   1600 1649     B     .038        -2      .170   .132  weak at every lag
 192 MR49SE   1625 1674     B    -.091         1      .260   .351  weak at every lag
 192 MR49SE   1700 1749     B     .235       -10      .305   .070  weak at every lag
 192 MR49SE   1725 1774     B     .311        -2      .356   .045
 192 MR49SE   1750 1799     B     .282        -2      .322   .040  weak at every lag
 192 MR49SE   1775 1824     B     .272        -1      .332   .060
 192 MR49SE   1800 1849     B     .415        -1      .423   .008
 193 MR49SW   1700 1749     B     .302       -10      .318   .016  weak at every lag
 193 MR49SW   1725 1774     B     .207        -1      .238   .031  weak at every lag
 193 MR49SW   1750 1799     A     .270         0
 196 MR54SW   1750 1799     B     .344        -2      .496   .152
 196 MR54SW   1775 1824     B     .212        -7      .360   .148
 198 MR55SE   1925 1974     B     .268        -2      .306   .038  weak at every lag
 205 EL1NE    1625 1674     B     .063        -1      .202   .139  weak at every lag
 209 EL14SW   1825 1874     B     .235        -5      .391   .157
 221 EL44SW1  1700 1749     B     .142         1      .240   .098  weak at every lag
 221 EL44SW1  1725 1774     B     .294         2      .304   .011  weak at every lag
 221 EL44SW1  1750 1799     A     .306         0
 221 EL44SW1  1900 1949     B     .227         8      .480   .252
 222 EL44SE   1700 1749     B     .289       -10      .299   .010  weak at every lag
 222 EL44SE   1725 1774     A     .319         0
 222 EL44SE   1750 1799     B     .219         6      .243   .023  weak at every lag
 222 EL44SE   1900 1949     A     .328         0
 229 WV06NE   1675 1724     B     .388         2      .404   .016
 229 WV06NE   1750 1799     B     .351        -2      .383   .032
 234 WV21SE   1425 1474     B    -.313        -1      .354   .667
 234 WV21SE   1450 1499     B    -.045         4      .292   .337  weak at every lag
 234 WV21SE   1500 1549     B     .325         4      .342   .017
 241 WV46SE   1775 1824     A     .257         0
 242 WV46NE   1775 1824     A     .266         0
 243 WV52NW   1900 1949     A     .323         0
 243 WV52NW   1925 1974     B     .386         1      .417   .032
 244 WV66NE   1725 1774     B     .281        -2      .321   .040  weak at every lag
 244 WV66NE   1750 1799     B     .370        -2      .378   .008
 245 WW70NW   1250 1299     B     .027         9      .369   .342
 245 WW70NW   1275 1324     B    -.051         9      .385   .436
 245 WW70NW   1300 1349     B    -.161        -7      .332   .493
 245 WW70NW   1325 1374     B    -.188        -7      .555   .743
 245 WW70NW   1350 1399     B    -.103        -7      .418   .521
 245 WW70NW   1375 1424     B    -.050        -2      .395   .445
 245 WW70NW   1400 1449     B     .082        -1      .244   .162  weak at every lag
 245 WW70NW   1425 1474     B    -.085        -1      .449   .534
 245 WW70NW   1450 1499     B     .141        -1      .398   .256
 245 WW70NW   1575 1624     A     .324         0
 245 WW70NW   1600 1649     B     .266         3      .297   .031  weak at every lag
 245 WW70NW   1625 1674     B     .135         3      .233   .099  weak at every lag
 245 WW70NW   1650 1699     B     .296        -1      .333   .037
 247 WS1N     1900 1949     B     .209        10      .464   .256
 248 WS2SW    1800 1849     A     .289         0
 260 WS17SW   1900 1949     B     .317        10      .366   .049
 265 WSYAN    1900 1949     A     .296         0
 266 MW02SE   1925 1974     A     .325         0
 267 MW02SW   1450 1499     B     .142        -5      .274   .132  weak at every lag
 268 MW02NE   1500 1549     B     .156         6      .299   .143  weak at every lag
 268 MW02NE   1525 1574     A     .255         0
 270 MW03SS   1700 1749     B     .418        10      .435   .017
 272 MW04SW   1825 1874     B     .212         9      .287   .075  weak at every lag
 275 MW50SE   1700 1749     B     .320        10      .369   .049
 278 MW54SW   1525 1574     B     .155        -7      .347   .192
 279 MW58NW   1525 1574     A     .315         0
 279 MW58NW   1575 1624     A     .270         0
 279 MW58NW   1600 1649     B     .209        -5      .230   .021  weak at every lag
 279 MW58NW   1775 1824     B     .282         8      .311   .030  weak at every lag
 281 MW53SW   1800 1849     A     .325         0
 281 MW53SW   1825 1874     A     .276         0
 288 SM11SW   1625 1674     A     .321         0
 294 05DD1    1925 1974     B     .312         6      .351   .039
 305 NK17NE   1925 1974     B     .309        -3      .315   .005  weak at every lag
 307 NK19SW   1925 1974     A     .289         0
 312 RG01SW   1625 1674     B     .056       -10      .196   .140  weak at every lag
 312 RG01SW   1650 1699     B     .407         1      .431   .023
 320 RG64NW   1850 1899     B     .264        -6      .374   .110
 320 RG64NW   1875 1924     A     .311         0
 323 RG68NW   1925 1974     B     .235         1      .277   .042  weak at every lag
 327 RG78SW   1625 1674     B     .141         3      .195   .054  weak at every lag
 327 RG78SW   1700 1749     B     .275         9      .316   .041  weak at every lag
 327 RG78SW   1725 1774     B     .279         9      .369   .091
 336 160401   1800 1849     A     .299         0
 338 160403   1800 1849     A     .253         0
 345 1402     1700 1749     B     .249        -9      .319   .071  weak at every lag
 346 1402B    1500 1549     A     .323         0
 346 1402B    1700 1749     B     .258       -10      .279   .020  weak at every lag
 347 1410     1700 1749     B     .283         4      .340   .058
 347 1410     1725 1774     B     .244       -10      .308   .064  weak at every lag
 347 1410     1750 1799     A     .299         0
 348 1410A    1725 1774     A     .279         0
 348 1410A    1750 1799     A     .322         0
 349 2201     1575 1624     A     .321         0
 350 2202     1475 1524     A     .270         0
 350 2202     1575 1624     A     .303         0
 350 2202     1600 1649     B     .231         5      .245   .014  weak at every lag
 351 2202A    1575 1624     B     .220        -4      .319   .099  weak at every lag
 351 2202A    1600 1649     B     .134         6      .223   .088  weak at every lag
 352 2205     1600 1649     B     .360         5      .366   .007
 353 2207     1500 1549     A     .325         0
 353 2207     1525 1574     A     .324         0
 353 2207     1550 1599     B     .304        -3      .388   .084
 354 2207A    1475 1524     B     .387        -3      .422   .036
 358 2305     1725 1774     A     .321         0
 358 2305     1750 1799     B     .094        -1      .180   .087  weak at every lag
 360 2306     1600 1649     A     .304         0
 361 2306A    1575 1624     A     .249         0
 361 2306A    1600 1649     A     .259         0
 361 2306A    1750 1799     B     .302        -1      .330   .028
 364 2309a    1725 1774     A     .328         0
 366 2310A    1725 1774     B     .249        -8      .427   .178
 367 2311     1700 1749     A     .323         0
 367 2311     1750 1799     B     .257         2      .274   .016  weak at every lag
 368 2312     1625 1674     B     .331         4      .379   .047
 368 2312     1650 1699     B     .470         2      .474   .004
 369 2313     1550 1599     A     .310         0
 369 2313     1700 1749     A     .322         0
 370 2401     1700 1749     A     .311         0
 381 3205     1575 1624     B     .134       -10      .143   .009  weak at every lag
 381 3205     1600 1649     A     .263         0
 381 3205     1700 1749     B     .201         2      .257   .056  weak at every lag
 382 3206     1625 1674     B     .222        -2      .254   .033  weak at every lag
 383 3207     1625 1674     A     .301         0
 384 3208     1625 1674     B     .062         4      .377   .315
 386 3210     1625 1674     B     .304        -5      .338   .033
 387 3212     1625 1674     A     .304         0
 391 3304     1625 1674     A     .310         0
 392 3305     1600 1649     A     .205         0
 392 3305     1625 1674     B     .263         1      .266   .003  weak at every lag
 393 3306     1625 1674     B     .417        -5      .443   .027
 396 3311     1575 1624     A     .278         0
 396 3311     1600 1649     A     .204         0
 398 3402     1625 1674     A     .288         0
 401 3501     1625 1674     B     .234       -10      .317   .084  weak at every lag
 405 012105   1700 1749     B     .408        -9      .450   .042
 409 200101   1525 1574     A     .284         0
 409 200101   1625 1674     A     .315         0
 411 200301   1600 1649     A     .278         0
 412 200401   1700 1749     B     .288        10      .351   .064
 414 200403   1450 1499     A     .298         0
 415 220201   1575 1624     B     .388        -4      .416   .028
 415 220201   1600 1649     B     .306        -3      .310   .004  weak at every lag
 416 220202   1500 1549     A     .308         0
 416 220202   1625 1674     B     .385         2      .424   .039
 420 220502   1475 1524     B     .227         3      .239   .012  weak at every lag
 420 220502   1600 1649     B     .350        -5      .373   .023
 422 220701   1600 1649     B     .316        -5      .346   .029
 424 230401   1600 1649     A     .296         0
 425 231001   1575 1624     A     .252         0
 425 231001   1600 1649     B    -.047       -10      .222   .269  weak at every lag
 426 240101   1275 1324     B     .202        -8      .219   .016  weak at every lag
 426 240101   1375 1424     A     .308         0
 426 240101   1400 1449     B     .274       -10      .341   .067
 427 240102   1275 1324     A     .303         0
 427 240102   1400 1449     B     .198        -4      .374   .176
 429 250401   1500 1549     A     .288         0
 429 250401   1625 1674     B     .281        -5      .284   .003  weak at every lag
 429 250401   1650 1699     A     .313         0
 431 260101   1600 1649     A     .324         0
 436 3101A1   1800 1849     B     .141        -8      .170   .029  weak at every lag
 438 310301   1800 1849     B     .383        10      .387   .003
 439 310302   1775 1824     B     .246        10      .290   .044  weak at every lag
 439 310302   1800 1849     B     .208         1      .339   .132
 444 100401   1100 1149     B     .331        -3      .417   .086
 444 100401   1125 1174     B     .266        -3      .397   .131
 445 100402   1125 1174     B     .171        -6      .297   .126  weak at every lag
 445 100402   1150 1199     B     .153         4      .188   .035  weak at every lag
 446 100403   1100 1149     B     .274        -3      .342   .068
 446 100403   1125 1174     B     .279        -3      .436   .158
 452 TC0506a  1325 1374     B     .323         2      .333   .010
 465 14091    1125 1174     B     .231        -3      .315   .084  weak at every lag
 465 14091    1150 1199     A     .299         0
 465 14091    1325 1374     A     .309         0
 466 14092    1100 1149     A     .324         0
 466 14092    1125 1174     B     .268        -3      .284   .016  weak at every lag
 466 14092    1325 1374     A     .302         0
 469 18022    1700 1749     A     .323         0
 470 18032    1575 1624     A     .328         0
 472 CG05B1   1375 1424     A     .320         0
 478 05102    1200 1249     A     .258         0
 478 05102    1225 1274     B     .269         1      .504   .235
 485 05081     975 1024     B     .190        -9      .267   .076  weak at every lag
 487 LT052A   1375 1424     A     .320         0
 518 CG15R1   1575 1624     A     .298         0
 518 CG15R1   1625 1674     A     .276         0
 530 CG18K    1550 1599     B     .211         3      .239   .028  weak at every lag
 530 CG18K    1575 1624     B     .086         5      .229   .143  weak at every lag
 530 CG18K    1600 1649     A     .287         0
 533 CG21A1   1525 1574     A     .273         0
 533 CG21A1   1550 1599     B     .261        -3      .303   .043  weak at every lag
 534 CG21A2   1575 1624     B     .330        10      .348   .019
 535 CG21C1   1700 1749     A     .304         0
 537 CG21D1   1575 1624     B     .282        -4      .319   .037  weak at every lag
 537 CG21D1   1600 1649     B     .177         5      .265   .088  weak at every lag
 537 CG21D1   1625 1674     A     .318         0
 545 CG21RD   1600 1649     B     .287        10      .392   .105
 545 CG21RD   1625 1674     A     .304         0
 559 CG23I2   1625 1674     B     .240        -8      .301   .061  weak at every lag
 566 23L3R2   1650 1699     A     .281         0
 568 251AR2   1600 1649     B     .293         5      .307   .014  weak at every lag
 569 25L5R2   1550 1599     B     .275         9      .401   .126
 569 25L5R2   1575 1624     B     .231         9      .281   .051  weak at every lag
 569 25L5R2   1600 1649     B     .133       -10      .208   .074  weak at every lag
 570 251BR1   1625 1674     B     .236         2      .426   .190
 576 07L3R3   1475 1524     B     .399         3      .508   .109
 582 07L4R2   1150 1199     A     .309         0
 582 07L4R2   1200 1249     A     .222         0
 582 07L4R2   1225 1274     A     .277         0
 583 07L4R3   1150 1199     A     .286         0
 588 CGCA3     950  999     B     .245        -1      .262   .017  weak at every lag
 590 01085A   1050 1099     B     .219        -3      .275   .056  weak at every lag
 590 01085A   1075 1124     B     .197        -6      .335   .138
 590 01085A   1100 1149     B     .341        -3      .363   .023
 591 010805   1050 1099     A     .293         0
 591 010805   1075 1124     A     .325         0
 636 041501    925  974     B     .251         3      .327   .076  weak at every lag
 636 041501    950  999     B     .338         2      .440   .102
 639 041601    950  999     B     .501         1      .613   .113
 641 041603    950  999     B     .495         1      .525   .030
 652 042603   1000 1049     B     .380         1      .403   .023
 656 090301    800  849     B     .122         4      .238   .117  weak at every lag
 661 090601    900  949     B     .249         2      .278   .028  weak at every lag
 666 070303    850  899     A     .323         0
 679 011104    700  749     B     .264        -8      .301   .038  weak at every lag
 679 011104   1000 1049     B     .223         3      .286   .063  weak at every lag
 679 011104   1025 1074     B     .161         6      .315   .153  weak at every lag
 680 011106    700  749     A     .274         0
 680 011106    925  974     B     .545         1      .615   .071
 680 011106   1025 1074     B     .251        10      .260   .009  weak at every lag
 689 cg2101a   900  949     B     .259        -1      .523   .263
 690 cg2101b   900  949     B     .373        -1      .377   .004
 696 cg3106b   950  999     B     .272       -10      .339   .067
 697 cg3106c   950  999     B     .335         2      .462   .127
 699 cg3111b   900  949     A     .319         0
 703 cg3208a   700  749     A     .317         0
 703 cg3208a   750  799     B     .275        -3      .450   .175
 703 cg3208a   775  824     B     .342        -3      .438   .096
 703 cg3208a   950  999     A     .185         0
 704 cg3208b   700  749     B     .229        -2      .289   .060  weak at every lag
 704 cg3208b   725  774     B     .285        -2      .420   .135
 704 cg3208b   925  974     B     .269         1      .269   .000  weak at every lag
 709 cg3402a   875  924     A     .272         0
 709 cg3402a   900  949     A     .304         0
 710 cg3402b   775  824     A     .285         0
 717 cg42r1b   900  949     B     .117        -6      .295   .178  weak at every lag
 718 cg4304a   900  949     A     .245         0
 718 cg4304a   925  974     A     .289         0
 737 PW25A1    975 1024     B     .134         9      .338   .204
 737 PW25A1   1000 1049     B     .187         1      .314   .127  weak at every lag
 737 PW25A1   1025 1074     A     .314         0
 739 PW35C1   1325 1374     A     .279         0
 740 PW35C2   1325 1374     A     .319         0
 745 PW38B1   1275 1324     A     .304         0
 745 PW38B1   1325 1374     A     .264         0
 746 PW38B2   1325 1374     A     .300         0
 762 PW58F    1625 1674     A     .261         0
 775 PW62D2   1650 1699     B     .437         2      .474   .037
 777 PW64C    1525 1574     B     .280        10      .368   .088
 777 PW64C    1550 1599     B     .374         3      .484   .110
 777 PW64C    1625 1674     A     .244         0
 780 PR01D1   1100 1149     A     .307         0
 784 PR04B1   1000 1049     A     .306         0
 785 PR04B2   1025 1074     A     .290         0
 795 PR06C2   1025 1074     B     .253        10      .275   .022  weak at every lag
 799 PR06H1    975 1024     A     .304         0
 800 PR06H2    950  999     B     .254        -1      .284   .029  weak at every lag
 800 PR06H2    975 1024     A     .268         0
 804 PR06L2    975 1024     B     .051         5      .278   .227  weak at every lag
 804 PR06L2   1000 1049     B     .271        -9      .285   .014  weak at every lag
 806 PR13A    1125 1174     A     .308         0

 DESCRIPTIVE STATISTICS: ak096
-----------------------------------------------------------------------------------------------------------------------------------

                                                Corr   //-------- Unfiltered --------\\  //-- dplR filtered --\\
                           No.    No.    No.    with   Mean   Max     Std   Auto   Mean   Max     Std   Auto  AR
 Seq Series   Interval   Years  Segmt  Flags   Master  msmt   msmt    dev   corr   sens  value    dev   corr  ()
 --- -------- ---------  -----  -----  -----   ------ -----  -----  -----  -----  -----  -----  -----  -----  --
   1 RT02SE   1489 2000    512     19      0    .685    .39   1.21   .217   .731   .361   2.33   .342  -.025   3
   2 RT03SE   1604 2002    399     14      0    .625    .43   1.36   .250   .734   .383   2.48   .381  -.022   3
   3 RT03N    1615 2002    388     14      0    .718    .59   1.52   .263   .796   .251   1.69   .245   .020   1
   4 RT04E    1551 2002    452     16      2    .621    .41   1.43   .245   .768   .351   1.92   .327  -.006   3
   5 RT05SW   1659 2002    344     12      0    .662    .35   1.26   .196   .777   .305   1.85   .294  -.031   3
   6 RT05NW   1673 2002    330     12      0    .638    .33   1.07   .189   .743   .333   1.90   .312   .010   2
   7 RT06NW   1606 2002    397     14      0    .726    .51   1.37   .228   .696   .295   1.88   .282  -.015   3
   8 RT07S    1406 2002    597     22      2    .539    .57   1.69   .307   .764   .316   2.41   .321  -.010   3
   9 RT07SW   1573 2002    430     15      0    .688    .50   1.66   .251   .798   .261   1.96   .261  -.012   3
  10 RT07SE   1434 2002    569     21      2    .619    .52   3.38   .353   .812   .285   2.26   .301  -.010   1
  11 RT07NE   1520 2002    483     18      0    .700    .43   1.24   .232   .729   .308   2.17   .299   .005   1
  12 RT09NE   1482 2002    521     19      0    .671    .41   2.13   .254   .755   .358   2.96   .351  -.020   3
  13 RT09SE   1482 2002    521     19      0    .627    .36   1.30   .214   .747   .321   2.42   .317  -.006   1
  14 RT09SW   1563 2002    440     16      0    .711    .36   1.23   .198   .779   .301   2.09   .297  -.016   3
  15 RT12S    1566 2002    437     16      0    .696    .52   1.21   .190   .588   .268   1.79   .249  -.012   1
  16 RT12N    1409 2002    594     22      0    .573    .45   1.89   .289   .674   .386   2.64   .371  -.019   3
  17 RT13NW   1429 2002    574     21      0    .603    .45   1.65   .285   .698   .440   2.93   .411  -.013   3
  18 RT13N    1595 2002    408     15      0    .712    .54   1.70   .232   .642   .305   2.22   .295  -.001   1
  19 RT15NW   1671 2002    332     12      0    .667    .38    .98   .215   .728   .400   2.58   .366  -.023   3
  20 RT16S    1687 2002    316     11      1    .613    .75   1.79   .356   .785   .273   1.97   .280   .004   1
  21 RT17SE   1437 2002    566     21      1    .625    .46   2.10   .269   .689   .363   2.24   .334  -.008   3
  22 RT18NW   1824 2002    179      5      0    .480    .77   2.00   .276   .732   .198   1.90   .209   .010   3
  23 RT19NN   1522 2002    481     18      0    .635    .29    .85   .173   .683   .456   2.20   .419   .006   2
  24 RT19N    1475 2002    528     19      0    .598    .29   1.01   .183   .653   .472   3.01   .445   .005   2
  25 RT19SE   1631 2002    372     13      0    .653    .35   1.21   .220   .816   .372   2.30   .348   .010   1
  26 RT20NW   1842 2002    161      5      0    .663   1.04   1.98   .342   .556   .248   1.82   .247  -.027   3
  27 RT20S    1797 2002    206      7      0    .620    .86   1.90   .311   .531   .269   2.02   .285  -.005   2
  28 RT22W    1553 2002    450     16      0    .632    .57   1.65   .257   .766   .236   1.87   .247   .000   2
  29 RT22SE   1542 2002    461     17      0    .657    .43   1.32   .183   .770   .247   1.96   .242   .016   1
  30 RT23SE   1587 2002    416     15      0    .638    .35   1.61   .241   .758   .404   2.28   .384  -.003   1
  31 RT24S    1649 2002    354     13      2    .502    .77   1.57   .270   .697   .240   1.71   .241   .012   1
  32 RT24SW   1560 2002    443     16      0    .677    .48   1.70   .203   .636   .294   2.33   .281  -.003   1
  33 RT25NE   1762 2002    241      8      0    .747    .71   2.12   .296   .776   .236   1.67   .237   .009   1
  34 RT25NW   1736 2002    267      9      0    .695    .94   2.14   .348   .785   .195   1.61   .209   .024   1
  35 RT26W    1678 2002    325     11      2    .634    .54   1.29   .227   .750   .254   1.80   .259  -.019   3
  36 RT26S    1633 2002    370     13      0    .655    .60   1.62   .328   .796   .291   2.24   .291   .015   1
  37 RT27SE   1511 2002    492     18      1    .603    .48   1.88   .224   .687   .294   2.27   .301   .005   1
  38 RT27NE   1524 2002    479     17      0    .643    .46   1.30   .216   .657   .333   1.94   .324  -.016   3
  39 RT28S    1659 2002    344     12      2    .516    .34   1.18   .185   .825   .257   1.87   .250  -.008   3
  40 RT29NW   1775 2002    228      7      0    .609    .78   2.75   .371   .757   .247   1.96   .252   .032   1
  41 RT32N    1750 2002    253      8      0    .476    .95   4.79   .538   .787   .253   2.21   .268  -.009   2
  42 RT33SE   1716 2002    287     10      0    .651    .40   1.16   .204   .676   .338   2.32   .328  -.010   3
  43 RT33W    1743 2002    260      9      0    .679    .42   1.21   .215   .732   .318   2.15   .322   .043   1
  44 RT35NE   1444 2002    559     21      1    .622    .35   1.08   .214   .835   .308   2.04   .306  -.016   3
  45 RT36W    1462 2002    541     20      0    .604    .43   1.33   .225   .640   .387   2.67   .371  -.019   1
  46 RT36S    1518 2002    485     18      0    .669    .56   1.75   .268   .681   .317   2.17   .314  -.015   1
  47 RT38N    1530 2002    473     17      0    .566    .49   1.86   .282   .792   .326   2.15   .323  -.005   1
  48 RT38NE   1537 2002    466     17      0    .605    .39   1.11   .188   .645   .351   2.27   .329   .008   3
  49 RT39NE   1539 2002    464     17      3    .611    .84   3.27   .508   .813   .277   2.11   .269   .006   1
  50 RT39NW   1614 2002    389     14      0    .718    .64   1.30   .248   .601   .297   1.85   .288   .008   1
  51 RT39SW   1667 2002    336     12      0    .686    .56   1.27   .236   .696   .295   1.90   .277  -.012   1
  52 RT39NN   1556 2002    447     16      0    .652    .74   1.79   .327   .727   .271   1.95   .263   .014   1
  53 RT40SE   1643 2002    360     13      0    .643    .39    .97   .195   .716   .325   2.02   .323   .008   1
  54 RT42SE   1719 2002    284     10      0    .699    .43    .99   .190   .757   .267   1.90   .269  -.000   2
  55 RT43NW   1809 2002    194      6      0    .688    .89   2.66   .377   .765   .228   1.73   .223  -.016   1
  56 RT46S    1591 2002    412     15      0    .756    .55   1.53   .305   .764   .343   2.15   .323   .005   2
  57 RT48S    1569 2002    434     16      0    .641    .56   1.40   .261   .813   .263   1.67   .257  -.016   3
  58 RT50SW   1623 2002    380     14      0    .650    .74   1.76   .330   .850   .206   1.58   .212   .015   1
  59 RT51SW   1788 2002    215      7      0    .686    .40    .89   .171   .731   .273   1.94   .276   .048   1
  60 RT52N    1676 2002    327     11      0    .676    .50   1.19   .243   .843   .215   1.80   .221  -.011   3
  61 RT52SW   1442 2002    561     21      0    .566    .37   1.20   .227   .778   .411   2.50   .385  -.025   3
  62 RT53SE   1444 2002    559     21      2    .571    .30   1.06   .178   .721   .369   2.00   .353  -.004   1
  63 RT53SW   1493 2002    510     19      2    .583    .30   1.02   .178   .694   .402   2.09   .376  -.007   1
  64 RT55S    1497 2002    506     19      0    .610    .38   1.10   .201   .672   .396   2.30   .357  -.010   3
  65 RT55SW   1551 2002    452     16      0    .622    .41   1.39   .231   .753   .345   2.03   .329  -.015   3
  66 RT57NW   1655 2002    348     12      0    .712    .31    .97   .165   .711   .365   1.89   .330  -.030   3
  67 RT61NW   1523 2002    480     17      2    .551    .34   1.33   .217   .801   .343   2.26   .331  -.030   3
  68 RT61N    1567 2002    436     16      2    .617    .36   1.19   .196   .790   .330   1.92   .307  -.039   3
  69 RT63N    1610 2002    393     14      0    .671    .35   1.28   .214   .605   .522   2.53   .447  -.011   3
  70 RT63NE   1590 2002    413     15      2    .547    .33   1.26   .219   .637   .487   2.71   .437  -.011   3
  71 RT65SE   1573 2002    430     15      0    .646    .34   1.47   .215   .761   .412   2.45   .388  -.015   3
  72 RT98A    1500 2002    503     18      0    .631    .33   1.07   .194   .747   .346   1.98   .329  -.020   3
  73 RT99A    1651 2002    352     12      0    .550    .83   1.88   .414   .828   .276   2.69   .296  -.025   1
  74 CV01SE   1645 1992    348     12      0    .676    .87   2.46   .375   .755   .225   1.93   .231  -.023   1
  75 CV02NW   1792 1992    201      6      0    .621   1.31   3.52   .620   .870   .176   1.41   .179   .000   2
  76 cv05sw   1638 1992    355     12      0    .645    .55   1.99   .283   .681   .311   1.96   .308  -.019   3
  77 CV06SE   1523 1886    364     12      0    .643    .78   1.89   .365   .748   .261   1.85   .261  -.019   3
  78 CV06SW   1503 1992    490     17      0    .678    .59   2.17   .325   .718   .332   2.08   .317  -.015   3
  79 CV07NW   1498 1875    377                          .71   1.63   .298   .714   .252                         
  80 CV07NE   1484 1992    509     18      0    .704    .49   1.85   .294   .794   .287   1.94   .281  -.007   1
  81 CV14SE   1672 1900    229      8      1    .521    .41    .85   .184   .676   .322   2.53   .327   .023   1
  82 CV14SW   1518 1871    354     12      0    .681    .46   1.57   .232   .684   .335   2.14   .343  -.013   3
  83 CV16NE   1900 1992     93      1      0    .766    .46   1.02   .173   .424   .362   1.93   .332   .014   1
  84 CV17NE   1684 1853    170      5      0    .660    .72   2.18   .398   .680   .344   2.15   .349   .023   1
  85 CV18NN   1695 1992    264                          .57   1.95   .299   .697   .328                         
  86 CV19NE   1593 1992    400     14      0    .758    .70   3.01   .388   .651   .344   2.44   .356  -.017   3
  87 CV21NE   1520 1992    473     17      0    .708    .40   1.24   .222   .604   .455   2.18   .402  -.003   1
  88 CV21SW   1900 1992     93      1      0    .799    .45   1.25   .217   .600   .368   1.83   .333   .022   1
  89 CV26NW   1508 1992    485     17      0    .665    .50   1.61   .216   .720   .263   2.03   .263   .006   1
  90 CV40SS   1696 1922    227      7      0    .637    .40   1.01   .215   .610   .373   2.50   .368  -.007   1
  91 CV40SW   1720 1992    273      9      0    .764    .39   1.66   .217   .665   .359   2.13   .352  -.007   1
  92 CV40NE   1600 1992    393     13      0    .714    .33   1.25   .206   .637   .457   2.32   .412  -.009   3
  93 CV41NW   1654 1832    179      5      0    .673    .42   1.20   .229   .637   .371   2.06   .357  -.007   3
  94 CV41SN   1668 1836    169      5      0    .667    .44   1.12   .252   .643   .394   2.43   .371  -.013   3
  95 CV45SE   1735 1943    209      6      0    .661    .35    .99   .202   .662   .387   2.39   .357   .094   0
  96 CV45SS   1728 1947    220      6      0    .634    .35    .96   .196   .660   .388   2.70   .359   .070   0
  97 CV46SW   1702 1929    228      7      0    .634    .46   1.28   .215   .742   .269   1.95   .274  -.022   2
  98 CV51NE   1850 1992    143      3      0    .588    .60   3.13   .496   .848   .273   2.53   .298   .069   1
  99 CV52XX   1729 1875    147      4      2    .499    .41   1.22   .214   .666   .300   1.98   .312   .012   2
 100 CV53X3   1507 1619    113      2      0    .464    .48   1.11   .259   .639   .340   2.15   .387   .008   1
 101 CV60NW   1819 1991    173      5      0    .668    .40   1.37   .186   .541   .372   2.18   .347   .004   1
 102 CV61NW   1610 1857    248      8      0    .604    .61   1.34   .253   .743   .230   1.80   .247  -.001   3
 103 EM01NE   1525 2001    477     17      0    .645    .52   2.32   .327   .776   .338   2.05   .326  -.015   3
 104 EM01NW   1589 2001    413     15      0    .667    .42   1.46   .291   .795   .399   2.28   .367  -.019   3
 105 EM02SW   1715 2001    287     10      0    .596    .47   1.71   .359   .874   .339   2.36   .329  -.028   3
 106 EM03W    1678 2001    324     11      0    .662    .37   1.51   .267   .828   .395   2.56   .359  -.005   2
 107 EM03SE   1724 2001    278     10      0    .728    .36   1.31   .237   .838   .346   2.00   .319   .003   1
 108 EM04SE   1548 2001    454     17      0    .724    .46   1.29   .217   .740   .282   2.36   .286  -.002   1
 109 EM04W    1580 2001    422     15      0    .720    .52   1.83   .284   .808   .269   2.27   .285  -.009   3
 110 EM05NW   1553 2001    449     16      0    .686    .33    .84   .151   .732   .289   1.97   .287  -.006   1
 111 EM05N    1514 2001    488     18      0    .649    .25   1.31   .175   .823   .320   2.59   .312  -.036   3
 112 EM06W    1576 2001    426     15      0    .627    .31   1.90   .236   .757   .352   2.98   .370   .001   1
 113 EM06S    1582 2001    420     15      0    .645    .30   1.34   .208   .746   .367   2.53   .368  -.018   3
 114 EM07S    1689 2001    313     11      1    .626    .30   1.25   .190   .809   .293   2.09   .296  -.007   3
 115 EM07W    1680 2001    322     11      0    .653    .35    .77   .159   .796   .243   1.89   .249  -.021   3
 116 EM08NW   1600 2001    402     14      0    .672    .41   4.14   .345   .825   .280   2.81   .302  -.018   3
 117 EM08N    1593 1975    383     14      0    .612    .27   1.93   .249   .846   .382   2.56   .362  -.020   3
 118 EM09S    1579 2001    423     15      0    .671    .44   1.25   .190   .731   .260   1.81   .259  -.039   3
 119 EM09W    1614 2001    388     14      0    .663    .45   1.21   .258   .838   .279   1.82   .279  -.022   3
 120 EM10SW   1643 2001    359     13      0    .560    .39   1.00   .205   .842   .278   1.83   .271  -.002   3
 121 EM10S    1744 2001    258      9      0    .613    .47   1.07   .207   .805   .224   1.83   .238   .038   1
 122 EM20N    1513 2001    489     18      0    .678    .45   1.69   .277   .714   .377   2.57   .369  -.012   3
 123 EM20NE   1744 1958    215      7      0    .658    .52   1.11   .180   .504   .273   1.68   .268  -.013   1
 124 EM21E    1736 2001    266      9      0    .710    .71   1.54   .287   .621   .280   1.76   .280   .001   3
 125 EM21NW   1777 2001    225      7      0    .696    .61   2.02   .401   .839   .313   2.17   .328   .002   1
 126 EM23NE   1796 2001    206      7      0    .674    .85   2.45   .365   .751   .208   1.83   .216   .002   1
 127 EM24S    1790 2001    212      7      0    .620    .61   2.41   .352   .708   .310   2.69   .338   .001   3
 128 EM24WNW  1741 1999    259      9      0    .546    .79   2.82   .368   .765   .241   2.41   .262   .019   1
 129 EM25W    1345 2001    657     25      5    .449    .34   1.66   .246   .851   .345   2.83   .350   .010   1
 130 EM25NE   1554 2001    448     16      0    .658    .29    .92   .151   .800   .288   2.15   .287  -.013   3
 131 EM26N    1782 2001    220      7      0    .600    .71   1.54   .236   .506   .251   2.31   .257  -.007   1
 132 EM27W    1647 2000    354     13      0    .661    .41   1.29   .246   .812   .337   2.06   .323  -.039   3
 133 EM27S    1653 1992    340     11      0    .698    .28    .95   .161   .745   .365   2.17   .356  -.016   3
 134 EM28SW   1759 2001    243      8      1    .573    .55   1.54   .272   .709   .309   2.40   .313   .022   1
 135 EM28NW   1722 1986    265      9      1    .627    .63   1.78   .314   .779   .267   1.85   .272   .013   1
 136 EM31N    1744 2001    258      9      0    .588    .91   2.28   .377   .720   .232   1.82   .239  -.000   1
 137 EM31W    1786 2001    216      7      0    .633    .79   2.65   .367   .716   .263   2.11   .269   .014   1
 138 EM40NW   1718 2001    284     10      0    .682    .57   2.27   .338   .781   .362   2.03   .338  -.017   1
 139 EM40NE   1740 2001    262      9      0    .730    .41   1.47   .302   .779   .453   2.33   .414  -.002   1
 140 EM41E    1739 2001    263      9      2    .517    .71   1.54   .226   .591   .225   1.78   .229   .006   1
 141 EM42NE   1587 2001    415     15      0    .676    .47   1.98   .266   .831   .249   2.24   .253  -.016   3
 142 EM42SW   1484 2001    518     19      0    .641    .49   1.47   .225   .800   .216   1.92   .231   .001   1
 143 EM43W    1420 2001    582     22      0    .645    .56   2.65   .407   .809   .330   2.26   .326  -.002   1
 144 EM44NE   1366 1989    624     23      1    .575    .44   1.86   .267   .753   .367   2.25   .355  -.013   3
 145 EM45NE   1690 2001    312     11      0    .649    .50   1.45   .257   .773   .256   1.84   .267  -.023   3
 146 EM47N    1715 2001    287     10      0    .689    .69   2.99   .346   .579   .334   2.54   .316   .025   1
 147 EM48NW   1704 1972    269      8      0    .672    .40    .89   .189   .761   .282   2.07   .282  -.006   3
 148 TB01NW   1450 1991    542     19      2    .522    .38    .80   .162   .824   .212   1.75   .219  -.016   3
 149 TB02NE   1670 1991    322     11      2    .548    .67   2.17   .393   .790   .306   2.01   .311  -.021   3
 150 TB02NW   1489 1857    345                          .52   1.47   .265   .653   .346                         
 151 TB10NE   1601 1949    349     12      2    .472    .64   2.29   .318   .773   .279   2.05   .278   .016   3
 152 TB13S1   1720 1991    272      9      0    .557    .47   1.22   .225   .688   .318   2.54   .318  -.014   3
 153 TB13S2   1749 1991    243      7      0    .519    .51   1.40   .208   .624   .303   2.10   .292  -.012   3
 154 TB14SW   1660 1899    240      8      1    .512    .48   1.66   .286   .834   .296   1.91   .287  -.023   3
 155 TB16NW   1734 1991    258      8      2    .471    .49   1.26   .261   .830   .268   2.23   .278  -.001   3
 156 TB18NE   1690 1858    169      5      3    .318    .44   1.27   .274   .790   .320   2.14   .321   .020   1
 157 TB18SW   1523 1618     96      2      0    .475    .63   1.54   .325   .765   .344   1.83   .316   .030   1
 158 TB18NW   1534 1989    456     16      5    .423    .47   1.69   .272   .742   .307   2.69   .340   .023   1
 159 TB20NW   1628 1991    364     12      1    .533    .47   1.69   .249   .706   .323   2.71   .317   .006   3
 160 TB22NW   1729 1991    263      8      4    .419    .44   1.01   .154   .683   .234   1.79   .235  -.021   3
 161 TB24NW   1800 1991    192      5      0    .602    .47   1.38   .209   .574   .314   2.13   .324  -.005   3
 162 TB9211   1696 1991    296     10      2    .501    .45   1.14   .215   .701   .325   2.36   .322  -.000   3
 163 MR01NW   1690 1992    303     10      0    .588    .58   1.96   .365   .787   .317   2.37   .344   .009   2
 164 MR02NE   1795 1919    125      3      0    .678    .55   1.03   .178   .576   .250   1.61   .236   .007   1
 165 MR02B1   1615 1779    165      5      1    .577    .58   1.39   .222   .679   .225   1.58   .233   .025   1
 166 MR02SW   1729 1992    264      8      0    .467    .73   2.13   .380   .787   .261   1.91   .281   .001   2
 167 MR03SW   1761 1992    232      7      0    .538    .89   3.00   .335   .673   .215   1.92   .221  -.002   3
 168 MR04SE   1731 1992    262      8      0    .562    .78   2.63   .442   .673   .333   2.00   .311   .004   1
 169 MR05NE   1509 1992    484     17      0    .580    .57   2.09   .310   .811   .260   1.98   .262  -.009   3
 170 MR06SW   1508 1992    485     17      1    .571    .66   1.52   .255   .688   .260   1.68   .255   .006   1
 171 MR07D-   1610 1968    359     12      3    .495    .63   1.98   .338   .763   .295   2.49   .314   .004   2
 172 MR08NW   1722 1992    271      9      0    .702   1.04   2.63   .375   .618   .258   1.84   .258  -.009   3
 173 MR10NW   1785 1992    208      6      0    .608   1.07   3.62   .718   .881   .274   2.06   .281  -.038   1
 174 MR11NE   1758 1992    235      7      0    .684    .46   1.40   .261   .715   .361   2.08   .318   .044   0
 175 MR12NE   1705 1992    288      9      0    .594    .40   1.60   .221   .771   .312   2.19   .294   .025   2
 176 MR14SW   1648 1992    345     12      0    .666    .72   1.80   .316   .711   .283   1.88   .288   .009   2
 177 MR15NW   1874 1992    119      2      0    .612   1.20   2.63   .461   .562   .312   1.82   .279  -.060   2
 178 MR17NW   1838 1992    155      4      0    .682    .70   1.66   .303   .746   .247   1.76   .238   .017   1
 179 MR18NE   1764 1992    229      7      0    .603    .52   1.23   .208   .660   .301   1.79   .278   .020   1
 180 MR18B1   1663 1730     68      1      0    .544    .63   1.51   .358   .853   .289   1.53   .264   .041   1
 181 MR21NW   1900 1992     93      1      0    .491    .87   2.08   .414   .730   .287   2.43   .327   .026   1
 182 MR22SW   1661 1992    332     11      0    .629    .66   2.58   .378   .810   .278   2.08   .292   .013   1
 183 MR40NW   1800 1992    193      5      0    .505    .52   2.97   .409   .908   .209   1.77   .228  -.007   3
 184 MR42NE   1835 1992    158      4      0    .574   1.51   3.95   .886   .855   .258   2.02   .277   .006   1
 185 MR44NW   1726 1992    267      8      0    .561    .84   2.54   .589   .835   .351   2.03   .324  -.028   1
 186 MR45SW   1880 1992    113      2      1    .340    .78   2.80   .549   .839   .285   1.81   .303  -.005   1
 187 MR46NE   1701 1992    292      9      2    .464    .90   2.34   .460   .876   .191   1.57   .201  -.008   2
 188 MR46SW   1735 1992    258      8      2    .369    .95   2.53   .409   .814   .194   1.83   .213  -.006   2
 189 MR47NW   1855 1992    138      3      1    .369    .96   3.03   .521   .883   .179   1.56   .190   .024   1
 190 MR48NE   1549 1992    444     15      1    .517    .70   1.62   .324   .861   .202   1.57   .205  -.001   2
 191 MR48NW   1537 1992    456     16      3    .498    .70   2.47   .346   .868   .190   1.67   .196  -.005   2
 192 MR49SE   1526 1992    467     16      7    .391    .48   1.33   .248   .828   .270   1.81   .266   .014   2
 193 MR49SW   1663 1992    330     11      3    .431    .83   2.10   .319   .784   .209   1.68   .205  -.003   2
 194 MR51SW   1831 1992    162      4      0    .472   1.61   4.39   .911   .869   .214   1.58   .212   .012   3
 195 MR54NE   1635 1992    358     12      0    .532    .50   1.51   .271   .797   .266   1.91   .283  -.001   1
 196 MR54SW   1641 1992    352     12      2    .437    .71   2.82   .462   .861   .251   2.12   .264   .002   3
 197 MR55NE   1830 1992    163      4      0    .502    .85   1.64   .313   .737   .213   1.62   .219  -.001   2
 198 MR55SE   1863 1992    130      3      1    .423   1.13   2.45   .454   .688   .228   2.34   .274  -.036   1
 199 MR56NE   1852 1992    141      3      0    .459    .68   1.77   .297   .814   .184   1.64   .212   .010   1
 200 MR56SW   1750 1992    243      7      0    .495    .49   1.16   .215   .804   .218   1.66   .227   .015   1
 201 MR61SW   1825 1992    168      4      0    .568    .57   1.16   .179   .569   .240   1.61   .237  -.008   1
 202 MR62NE   1900 1992     93      1      0    .520    .80   1.78   .372   .785   .228   1.50   .219  -.030   2
 203 MR63NN   1634 1979    346     12      0    .606    .93   2.40   .415   .874   .157   1.63   .165  -.009   3
 204 MR63NE   1684 1979    296     10      0    .661    .96   2.28   .437   .894   .159   1.48   .163  -.001   3
 205 EL1NE    1603 1991    389     13      1    .563    .44   1.11   .226   .675   .370   2.83   .374   .006   1
 206 EL3SW    1748 1991    242                          .49   1.24   .240   .558   .393                         
 207 EL8NE    1721 1991    265                          .29   1.19   .220   .772   .356                         
 208 EL10SW   1778 1991    214      6      0    .507    .68   2.47   .483   .792   .336   2.03   .348  -.015   1
 209 EL14SW   1810 1991    182      5      1    .468    .58   1.17   .239   .646   .281   2.21   .295  -.021   3
 210 EL18NW   1746 1991    246      8      0    .588    .62   2.12   .320   .689   .389   2.08   .353  -.022   3
 211 EL20NW   1778 1991    214      6      0    .568    .71   2.13   .447   .817   .331   2.49   .321   .017   3
 212 EL22SE   1826 1987    162      4      0    .609    .65   1.71   .325   .743   .295   1.77   .288   .000   3
 213 EL24SW   1676 1991    316     10      0    .621    .54   1.25   .224   .692   .252   2.07   .263  -.023   3
 214 EL26NE   1598 1975    378     13      0    .582    .53   1.22   .208   .651   .271   1.96   .276  -.016   3
 215 EL26SW   1543 1991    442                          .59   1.79   .267   .754   .242                         
 216 EL28NE   1768 1991    224      7      0    .617    .52   1.53   .231   .543   .347   2.00   .332  -.008   1
 217 EL32NE   1773 1991    219      6      0    .512    .65   1.96   .478   .820   .387   2.54   .367  -.011   3
 218 EL34NE   1808 1991    180                          .42   1.02   .228   .648   .357                         
 219 EL36NE   1780 1991    212      6      0    .540    .92   2.24   .448   .698   .332   2.47   .350   .026   1
 220 EL44SW   1601 1991    390                          .47   1.26   .226   .764   .263                         
 221 EL44SW1  1630 1991    362     12      4    .412    .31   1.01   .176   .762   .282   1.98   .274  -.002   3
 222 EL44SE   1628 1991    364     12      4    .471    .38   1.41   .227   .733   .315   2.31   .313  -.009   1
 223 EL46SE   1693 1991    291                          .28    .78   .163   .725   .362                         
 224 EL50NW   1650 1991    342     11      0    .660    .49   1.11   .202   .596   .304   1.85   .304  -.001   1
 225 WV01SW   1648 1877    230      7      0    .638    .66   1.37   .256   .665   .261   1.86   .274  -.019   3
 226 WV03SW   1684 1991    308     10      0    .632    .79   1.42   .233   .501   .251   1.62   .242  -.032   3
 227 WV04NW   1734 1991    258      8      0    .620    .70   2.33   .400   .772   .302   2.11   .314  -.033   3
 228 WV05SW   1540 1893    354     12      0    .498    .36   1.35   .193   .744   .295   2.13   .311  -.003   3
 229 WV06NE   1605 1866    262      8      2    .424    .37   1.00   .180   .622   .366   1.95   .342  -.006   3
 230 WV07SE   1890 1991    102      2      0    .599    .62   1.56   .323   .755   .271   1.65   .261   .004   3
 231 WV10NE   1723 1872    150      3      0    .533    .44   1.14   .174   .442   .358   1.71   .281  -.007   3
 232 WV16NW   1781 1991    211      6      0    .574   1.04   2.15   .368   .667   .240   1.68   .238  -.026   3
 233 WV20NE   1644 1991    348     12      0    .609    .63   1.81   .335   .731   .322   1.93   .301  -.035   3
 234 WV21SE   1412 1613    202      6      3    .164    .30    .62   .149   .678   .334   1.84   .326  -.024   1
 235 WV21SN   1848 1989    142      4      0    .608    .43   1.54   .313   .852   .355   2.31   .364  -.005   2
 236 WW24SW   1714 1991    278      9      0    .537    .55   1.71   .323   .748   .314   2.13   .326  -.008   3
 237 WV32NE   1764 1990    227      7      0    .538    .37   1.47   .209   .660   .412   2.49   .387   .014   1
 238 WV38SW   1839 1990    152      4      0    .582    .59   1.39   .267   .535   .382   2.04   .361   .022   1
 239 WV40SW   1702 1990    289      9      0    .602    .99   2.33   .465   .851   .220   1.71   .224  -.007   3
 240 WV42SE   1699 1990    292      9      0    .639    .64   1.89   .314   .615   .354   2.04   .351  -.036   3
 241 WV46SE   1733 1852    120      3      1    .487    .34   1.01   .143   .456   .334   2.18   .330  -.009   3
 242 WV46NE   1730 1872    143      3      1    .466    .30    .91   .141   .355   .397   1.98   .358  -.003   2
 243 WV52NW   1869 1990    122      3      2    .468    .49    .96   .189   .594   .293   1.83   .274  -.035   3
 244 WV66NE   1680 1991    312     10      2    .437    .35    .76   .139   .645   .283   2.05   .290  -.027   3
 245 WW70NW   1247 1991    745     28     13    .324    .30    .93   .169   .726   .351   2.78   .343   .003   3
 246 WS1S     1843 1989    147      4      0    .495    .42   1.33   .249   .787   .320   1.87   .312  -.012   2
 247 WS1N     1827 1989    163      4      1    .428    .62   2.01   .378   .783   .303   1.87   .289  -.004   3
 248 WS2SW    1775 1989    215      6      1    .434    .86   3.27   .502   .721   .285   2.35   .291  -.016   3
 249 WS4W     1848 1989    142      4      0    .569    .60   1.25   .230   .738   .242   1.45   .240   .063   1
 250 WS4S     1869 1968    100      2      0    .462    .61   1.45   .238   .650   .283   1.87   .276  -.029   3
 251 WS5S     1796 1989    193                          .77   3.37   .428   .673   .335                         
 252 WS5W     1778 1989    212      6      0    .666    .71   1.86   .378   .686   .363   2.20   .326  -.016   3
 253 WS5N     1784 1989    206      6      0    .511    .76   3.11   .527   .745   .355   2.35   .341   .005   1
 254 WS11NE   1890 1989    100      2      0    .618   1.20   2.78   .441   .378   .338   2.35   .337  -.006   1
 255 WS12NE   1778 1989    212      6      0    .488    .63   2.97   .532   .849   .322   1.84   .317   .024   3
 256 WS12SW   1772 1989    209                          .66   2.48   .381   .746   .310                         
 257 WS14NW   1837 1989    153      4      0    .479   1.16   3.59   .708   .741   .319   2.07   .330  -.027   1
 258 WS15SE   1840 1989    150      4      0    .589   1.18   2.55   .448   .685   .254   1.84   .245  -.005   2
 259 WS15NW   1811 1989    178                         1.20   6.02   .785   .776   .305                         
 260 WS17SW   1853 1989    137      3      1    .467   1.15   3.48   .453   .483   .328   2.12   .305  -.057   3
 261 WS17NW   1837 1989    153      4      0    .478   1.09   2.54   .406   .560   .297   1.80   .283   .021   1
 262 WS21SW   1727 1989    262                          .66   2.02   .375   .727   .309                         
 263 WS23NE   1859 1989    131      3      0    .618    .98   3.15   .455   .630   .294   2.40   .318  -.028   3
 264 WS24SE   1795 1969    175      5      0    .428    .99   2.71   .461   .607   .335   2.01   .332  -.009   3
 265 WSYAN    1780 1988    209      6      1    .476    .45   1.30   .253   .772   .303   1.88   .292  -.008   2
 266 MW02SE   1557 1994    438     15      1    .492    .60   1.63   .276   .685   .288   1.90   .286   .012   2
 267 MW02SW   1428 1946    519     18      1    .455    .55   1.69   .324   .799   .300   2.23   .308  -.014   3
 268 MW02NE   1496 1992    497     18      2    .474    .57   1.61   .281   .750   .288   2.19   .297  -.014   3
 269 MW03NE   1755 1992    238      7      0    .585    .71   2.19   .300   .703   .251   1.75   .256  -.018   3
 270 MW03SS   1600 1993    394     13      1    .513    .41   1.07   .210   .728   .313   2.92   .342   .004   3
 271 MW04NE   1900 1993     94      1      0    .508    .38   1.25   .202   .587   .353   2.18   .367   .015   1
 272 MW04SW   1806 1993    188      5      1    .420    .78   1.94   .353   .741   .263   1.59   .265   .036   3
 273 MW05SW   1820 1994    175      5      0    .513   1.02   2.03   .333   .607   .231   1.79   .246  -.006   2
 274 MW50SW   1561 1994    434     15      0    .554    .65   2.54   .339   .744   .275   2.65   .302  -.010   3
 275 MW50SE   1567 1994    428     15      1    .494    .51   1.99   .306   .790   .286   2.50   .302  -.005   3
 276 MW50NW   1730 1994    265      8      0    .579    .63   1.95   .276   .685   .264   2.28   .281  -.002   2
 277 MW53NE   1660 1994    335     11      0    .518    .79   2.79   .363   .807   .211   1.87   .235  -.011   3
 278 MW54SW   1500 1994    495     17      1    .547    .45   1.17   .197   .647   .298   2.03   .310   .012   1
 279 MW58NW   1497 1993    497     18      4    .446    .44   1.74   .270   .817   .273   2.46   .291   .005   1
 280 MW65NW   1581 1992    412     14      0    .539    .56   1.75   .268   .785   .255   1.82   .251  -.009   3
 281 MW53SW   1541 1994    454     16      2    .469    .64   1.53   .254   .745   .225   1.72   .238  -.005   2
 282 SM01NE   1640 1995    356     12      0    .530    .73   2.06   .361   .732   .270   2.41   .293  -.002   3
 283 SM01EE   1840 1995    156      4      0    .468    .67   1.66   .301   .680   .306   1.65   .276   .022   1
 284 SM02SE   1760 1995    236      7      0    .583    .64   1.59   .270   .662   .286   1.76   .284   .011   1
 285 SM04NN   1780 1995    216      6      0    .465    .50   1.30   .235   .695   .268   1.96   .288   .033   1
 286 SM08NW   1640 1995    356     12      0    .557   1.00  18.61  1.105   .529   .273   1.88   .299   .119   1
 287 SM08SW   1687 1995    309     10      0    .608    .72   3.33   .609   .862   .303   2.27   .314   .007   1
 288 SM11SW   1551 1994    444     15      1    .488    .61   2.35   .376   .889   .244   1.96   .254   .016   1
 289 SM53WW   1630 1995    366     12      0    .518    .86   1.65   .291   .671   .215   1.81   .231  -.010   2
 290 SMW53S   1634 1995    362     12      0    .559    .61   1.34   .240   .628   .268   1.88   .278  -.002   2
 291 SMW53E   1558 1995    438     15      0    .509    .58   2.03   .289   .652   .326   2.36   .331   .006   1
 292 SM53SS   1559 1995    437     15      0    .532    .63   1.67   .285   .644   .312   2.07   .313   .001   1
 293 SMW55S   1720 1995    276      9      0    .564   1.27   3.61   .556   .778   .218   1.69   .233  -.018   1
 294 05DD1    1538 1978    441     16      1    .550    .78   2.25   .489   .881   .238   1.67   .239   .015   1
 295 NK01SW   1791 1989    199      6      0    .595    .95   4.58   .564   .688   .312   2.73   .355   .036   1
 296 NK02SW   1818 1991    174      5      0    .501   1.49   3.50   .588   .703   .240   2.06   .234   .000   1
 297 NK03SW   1916 1991     76      1      0    .293   1.86   3.70   .622   .695   .203   1.51   .208   .018   1
 298 NK05NE   1891 1991    101      2      0    .497   1.01   2.12   .412   .540   .374   1.81   .323   .042   3
 299 NK09SW   1852 1984    133      3      0    .424   1.28   3.31   .691   .745   .308   2.49   .341   .030   1
 300 NK11SW   1849 1991    143      4      0    .517   1.05   3.07   .501   .712   .284   1.97   .283   .044   1
 301 NK12NW   1786 1991    206      6      0    .582   1.26   3.49   .540   .654   .274   2.44   .285   .003   2
 302 NK14SW   1799 1992    194      6      0    .552   1.12   3.56   .530   .644   .314   2.03   .312   .017   1
 303 NK17NW   1861 1990    130      3      0    .541   1.80   4.13   .840   .759   .246   1.75   .265   .075   1
 304 NK17SW   1777 1987    211      6      0    .585    .75   3.35   .516   .716   .379   2.29   .398  -.011   1
 305 NK17NE   1880 1992    113      2      1    .493   1.78   5.28  1.068   .828   .307   1.98   .300  -.021   1
 306 NK18SW   1801 1992    192      5      0    .577    .66   2.42   .424   .749   .383   2.13   .372  -.001   1
 307 NK19SW   1834 1991    158      4      1    .482   1.01   3.62   .652   .775   .274   2.25   .282   .011   1
 308 NK20NA   1762 1968    207      6      0    .607   1.00   2.49   .396   .694   .252   1.56   .224   .014   2
 309 NK20SW   1793 1991    199      6      0    .570    .92   2.19   .351   .630   .257   1.75   .235   .014   1
 310 NK21SW   1786 1991    206      6      0    .647    .96   2.57   .384   .519   .316   2.18   .298   .001   2
 311 NK21SE   1827 1984    158      4      0    .659   1.26   3.73   .490   .502   .291   2.17   .287   .017   1
 312 RG01SW   1599 1990    392     13      2    .462    .44   1.40   .243   .658   .370   2.22   .363  -.021   3
 313 RG01SE   1673 1990    318     10      0    .609    .47   1.20   .229   .656   .323   2.74   .341  -.021   3
 314 RG02SE   1579 1989    411     14      0    .539    .53   1.42   .267   .752   .298   2.89   .321   .001   3
 315 RG03NE   1747 1990    244      8      0    .641    .66   2.31   .339   .583   .397   2.00   .347   .007   3
 316 RG51NE   1514 1990    360                          .52   1.99   .345   .806   .296                         
 317 RG58SE   1768 1991    224      7      0    .598    .66   1.76   .291   .541   .362   1.85   .339  -.005   3
 318 RG62NE   1785 1991    207      6      0    .507    .68   2.35   .311   .678   .280   2.17   .293  -.008   3
 319 RG62NW   1899 1991     93      2      0    .710    .50   1.55   .247   .693   .323   1.70   .310   .019   1
 320 RG64NW   1781 1938    158      4      2    .399    .44   1.77   .340   .772   .464   2.61   .433   .004   3
 321 RG66NE   1733 1898    166      4      0    .516    .58   2.57   .374   .804   .278   2.07   .276  -.026   1
 322 RG68NE   1781 1907    127      3      0    .548    .43   1.22   .257   .644   .418   2.12   .400  -.013   1
 323 RG68NW   1793 1989    197      6      1    .531    .44   2.83   .353   .757   .383   2.03   .363  -.011   3
 324 RG72NE   1806 1991    186      5      0    .587    .58   1.92   .289   .678   .310   1.99   .306  -.029   3
 325 RG74NW   1850 1990    141      3      0    .525   1.18   3.33   .533   .582   .335   1.92   .306  -.040   3
 326 RG76NW   1707 1991    285      9      0    .548    .64   2.15   .343   .744   .282   1.95   .298   .002   3
 327 RG78SW   1613 1992    380     13      3    .472    .46   2.46   .347   .740   .433   2.68   .407  -.018   3
 328 RG80SW   1534 1990    457     16      0    .521    .43   1.59   .244   .658   .365   2.68   .371  -.014   3
 329 RG84SW   1669 1990    322     11      0    .571    .45   2.01   .227   .593   .375   2.62   .350  -.025   3
 330 RG84SE   1611 1991    381     13      0    .575    .50   2.01   .270   .661   .371   2.63   .352   .001   3
 331 RG86NE   1920 1991     72      1      0    .567    .69   1.68   .265   .602   .255   1.83   .264   .007   3
 332 1303     1570 1623     54      0      0    .521    .68   1.14   .199   .760   .169   1.55   .176  -.066   3
 333 160301   1764 1847     84      1      0    .275    .58   1.20   .218   .694   .242   1.65   .253   .039   2
 334 160302   1764 1843     80      1      0    .320    .52   1.20   .269   .801   .287   1.92   .309   .022   1
 335 160303   1764 1847     84      1      0    .364    .61   1.14   .225   .666   .244   1.53   .254   .065   1
 336 160401   1765 1849     85      2      1    .356    .45   1.51   .255   .845   .269   1.74   .269   .061   1
 337 160402   1765 1845     81      1      0    .426    .39   1.03   .163   .719   .245   1.64   .253   .028   1
 338 160403   1765 1849     85      2      1    .267    .42   1.45   .275   .873   .277   1.88   .312  -.029   1
 339 160501   1772 1849     78      2      0    .565    .37    .94   .138   .557   .247   1.89   .278   .055   1
 340 160502   1772 1845     74      1      0    .415    .50   1.24   .259   .774   .272   1.76   .283   .051   2
 341 160503   1772 1851     80      2      0    .581    .46    .94   .155   .532   .250   1.67   .268   .038   1
 342 160601   1761 1846     86      1      0    .464    .46   1.83   .376   .888   .293   1.98   .312   .001   1
 343 160602   1761 1850     90      2      0    .421    .43   1.78   .331   .894   .281   1.76   .278  -.034   3
 344 160603   1761 1845     85      1      0    .211    .41   1.32   .303   .908   .326   1.73   .307  -.025   3
 345 1402     1423 1785    363     13      1    .516    .35   1.21   .197   .828   .276   1.70   .279   .027   1
 346 1402B    1395 1785    391     14      2    .515    .36    .96   .174   .812   .255   1.88   .257   .006   1
 347 1410     1459 1809    351     12      3    .402    .34   1.41   .197   .855   .237   1.87   .244   .003   3
 348 1410A    1463 1809    347     12      2    .419    .34   1.34   .200   .852   .247   1.74   .254  -.002   3
 349 2201     1451 1791    341     11      1    .486    .36   1.19   .172   .820   .216   1.94   .232  -.020   3
 350 2202     1453 1797    345     11      3    .345    .40    .97   .213   .857   .224   1.66   .227  -.022   3
 351 2202A    1452 1772    321     10      2    .527    .42   1.06   .215   .876   .215   1.62   .219  -.024   3
 352 2205     1491 1723    233      7      1    .558    .53   1.26   .273   .836   .248   1.85   .256  -.016   3
 353 2207     1490 1714    225      7      3    .419    .42    .87   .133   .774   .188   1.57   .181  -.011   3
 354 2207A    1460 1723    264      8      1    .459    .39    .87   .146   .681   .256   1.70   .250  -.005   3
 355 2301     1570 1803    234      8      0    .557    .46    .96   .170   .663   .248   1.83   .240  -.008   3
 356 2301A    1590 1801    212      7      0    .540    .52   1.06   .199   .743   .222   1.45   .214  -.017   3
 357 2303     1523 1794    272      8      0    .600    .22    .75   .129   .816   .312   1.83   .303  -.001   3
 358 2305     1598 1799    202      6      2    .457    .18    .35   .065   .551   .286   1.75   .268  -.015   3
 359 2305A    1599 1799    201      6      0    .646    .18    .35   .069   .619   .297   1.68   .257  -.009   3
 360 2306     1494 1801    308     11      1    .520    .27    .84   .149   .782   .287   2.31   .301   .009   3
 361 2306A    1560 1799    240      8      3    .382    .35   1.08   .189   .766   .280   1.97   .295  -.017   3
 362 2307     1646 1798    153      4      0    .474    .47   1.12   .214   .818   .234   1.76   .229   .027   3
 363 2309     1472 1647    176      5      0    .577    .45   1.19   .245   .838   .238   1.67   .245  -.044   3
 364 2309a    1476 1791    316     10      1    .485    .25   1.25   .202   .911   .282   1.81   .278  -.018   1
 365 2310     1466 1669    204      6      0    .604    .24    .96   .124   .745   .245   2.21   .256  -.029   3
 366 2310A    1596 1795    200      6      1    .447    .13    .29   .049   .758   .217   1.54   .217   .029   1
 367 2311     1628 1800    173      5      2    .394    .38    .90   .160   .794   .219   1.84   .222  -.036   3
 368 2312     1603 1795    193      5      2    .409    .31   1.47   .174   .793   .242   2.02   .266   .043   1
 369 2313     1444 1800    357     13      2    .532    .33    .84   .161   .827   .226   1.89   .239  -.003   1
 370 2401     1694 1788     95      2      1    .441   1.53   3.18   .691   .872   .151   1.50   .163  -.006   1
 371 2402     1691 1787     97      2      0    .560   1.06   3.12   .485   .761   .242   2.09   .252   .081   1
 372 2403     1666 1743     78      1      0    .591    .63   2.05   .465   .899   .301   1.85   .303  -.012   1
 373 2405     1706 1799     94      2      0    .516   1.15   3.19   .773   .939   .196   1.71   .212  -.024   3
 374 2406     1667 1793    127      3      0    .510   1.13   4.31  1.110   .930   .286   1.67   .279   .007   3
 375 2503     1706 1813    108      2      0    .398   1.01   2.95   .720   .932   .188   1.51   .202  -.029   3
 376 2504     1714 1809     96      2      0    .614   1.99   3.91   .751   .855   .158   1.37   .171  -.043   1
 377 2505     1716 1808     93      2      0    .499    .92   1.90   .455   .877   .193   1.57   .206  -.030   3
 378 3201     1617 1773    157      4      0    .476    .39    .94   .208   .857   .239   1.88   .250  -.048   3
 379 3201A    1584 1773    190      5      0    .550    .33    .96   .194   .881   .238   2.00   .235  -.009   3
 380 3203     1644 1783    140      4      0    .497    .22    .71   .120   .784   .247   1.60   .252  -.035   3
 381 3205     1564 1782    219      7      3    .368    .36    .93   .211   .844   .279   1.68   .294  -.009   3
 382 3206     1431 1784    354     12      1    .507    .28    .64   .115   .765   .236   1.82   .239  -.032   3
 383 3207     1610 1785    176      5      1    .452    .40   1.06   .146   .728   .210   1.60   .210   .006   3
 384 3208     1604 1784    181      5      1    .472    .41    .83   .147   .702   .243   1.76   .235  -.006   3
 385 3209     1648 1784    137      4      0    .493    .89   1.52   .219   .745   .143   1.62   .155   .017   2
 386 3210     1583 1783    201      6      1    .614    .39    .96   .207   .830   .268   1.69   .253  -.022   3
 387 3212     1458 1785    328     11      1    .596    .38   1.14   .183   .778   .249   2.12   .241  -.022   3
 388 3214     1460 1786    327     11      0    .532    .29   1.07   .161   .757   .311   3.55   .338  -.006   3
 389 3215     1626 1786    161      4      0    .661    .30    .71   .132   .774   .262   1.59   .252  -.002   3
 390 3303     1651 1799    149      4      0    .434    .33    .69   .145   .691   .270   1.73   .287   .004   1
 391 3304     1567 1799    233      8      1    .488    .37   1.09   .260   .954   .176   2.50   .197   .002   3
 392 3305     1496 1780    285     10      2    .545    .53   1.34   .254   .872   .224   2.05   .237   .011   3
 393 3306     1520 1792    273      9      1    .507    .44   1.21   .295   .876   .240   2.13   .239  -.020   1
 394 3307     1615 1793    179      5      0    .669    .55   1.13   .239   .844   .203   1.54   .194   .009   3
 395 3308     1608 1789    182      5      0    .578    .34    .94   .199   .791   .293   1.72   .284  -.010   3
 396 3311     1510 1793    284      9      2    .474    .35    .85   .210   .862   .234   1.85   .239  -.001   2
 397 3401     1617 1807    191      6      0    .659    .84   1.87   .253   .665   .207   1.46   .195  -.009   3
 398 3402     1565 1808    244      8      1    .570    .42    .78   .133   .674   .210   1.58   .213   .006   1
 399 3403     1656 1807    152      4      0    .607    .43    .85   .131   .701   .196   1.48   .191  -.027   3
 400 3403A    1612 1769    158      4      0    .527    .45    .94   .173   .845   .190   1.55   .194   .036   3
 401 3501     1609 1809    201      6      1    .560    .44   1.26   .223   .714   .346   1.89   .344  -.008   3
 402 3503     1628 1799    172      5      0    .482    .58   1.30   .225   .843   .184   1.61   .184  -.026   3
 403 3601     1480 1799    320     11      0    .498    .27   1.15   .181   .859   .233   2.14   .256  -.018   3
 404 012102   1640 1796    157      4      0    .463    .45    .95   .197   .803   .225   1.91   .250   .001   1
 405 012105   1560 1806    247      8      1    .516    .46    .93   .134   .664   .192   1.53   .189  -.010   3
 406 012108   1614 1808    195      6      0    .491    .52   1.67   .304   .823   .288   1.93   .275  -.017   3
 407 012109   1602 1808    207      6      0    .479    .42   1.09   .230   .860   .266   2.04   .273  -.046   3
 408 040101   1582 1737    156      4      0    .483    .25    .70   .137   .794   .297   1.78   .281   .037   1
 409 200101   1427 1745    319     10      2    .490    .38   1.36   .258   .909   .224   2.00   .242  -.002   1
 410 200201   1438 1767    330     11      0    .667    .51   1.36   .183   .733   .212   1.64   .220  -.000   2
 411 200301   1560 1769    210      6      1    .563    .39    .79   .133   .795   .175   1.66   .190   .022   3
 412 200401   1362 1766    405     14      1    .453    .29    .92   .135   .832   .199   1.77   .211   .017   1
 413 200402   1362 1649    288     10      0    .482    .35    .77   .149   .841   .187   1.71   .190  -.002   2
 414 200403   1362 1765    404     14      1    .481    .41   1.04   .221   .882   .213   1.73   .223  -.009   1
 415 220201   1477 1765    289      9      2    .468    .38   1.00   .191   .885   .201   1.89   .216  -.008   3
 416 220202   1477 1753    277      9      2    .532    .32    .85   .145   .843   .198   1.72   .208  -.016   3
 417 220301   1599 1764    166      4      0    .448    .34   1.11   .213   .847   .240   1.83   .253   .002   3
 418 220401   1550 1751    202      6      0    .537    .38    .87   .142   .668   .246   1.77   .248  -.007   1
 419 220501   1462 1752    291     10      0    .536    .30    .79   .128   .752   .224   1.75   .221  -.021   3
 420 220502   1465 1750    286     10      2    .434    .31   1.07   .154   .785   .214   2.12   .224  -.022   1
 421 220601   1617 1752    136      4      0    .500    .38   1.05   .216   .840   .259   1.73   .264   .037   3
 422 220701   1295 1744    450     16      1    .514    .29    .67   .128   .750   .266   1.80   .265  -.014   3
 423 220801   1470 1750    281     10      0    .537    .32   1.09   .208   .869   .274   2.20   .292  -.010   3
 424 230401   1452 1740    289      9      1    .568    .42    .82   .146   .680   .227   2.03   .235   .027   1
 425 231001   1565 1748    184      5      2    .391    .54   1.65   .271   .832   .204   2.12   .221   .030   3
 426 240101   1270 1724    455     17      3    .527    .39   2.09   .262   .921   .172   1.54   .169  -.017   1
 427 240102   1270 1725    456     17      2    .530    .44   1.83   .263   .888   .171   1.75   .178  -.017   1
 428 250301   1520 1765    246      8      0    .539    .28   1.50   .228   .837   .337   2.04   .337  -.013   1
 429 250401   1266 1767    502     18      3    .469    .24   1.01   .152   .794   .317   2.57   .318  -.021   3
 430 250402   1266 1767    502     18      0    .486    .29   1.07   .148   .688   .276   2.91   .306  -.023   3
 431 260101   1507 1740    234      7      1    .541    .53   1.21   .181   .777   .171   1.68   .167  -.003   1
 432 260301   1439 1733    295     10      0    .533    .55   1.14   .194   .820   .174   1.57   .174  -.026   1
 433 260302   1439 1735    297     10      0    .579    .47   1.14   .163   .697   .209   1.71   .216   .016   1
 434 270201   1536 1753    218      7      0    .526    .64   1.44   .250   .849   .170   1.71   .176  -.021   3
 435 270501   1533 1751    219      7      0    .558    .81   3.86   .662   .912   .212   1.68   .229  -.007   2
 436 3101A1   1552 1854    303     10      1    .507    .57   1.98   .371   .863   .227   1.83   .248  -.012   3
 437 310102   1549 1799    251      8      0    .594    .39   1.64   .316   .937   .225   1.93   .225   .011   2
 438 310301   1647 1876    230      8      1    .481    .30   1.39   .238   .903   .234   1.71   .248  -.002   3
 439 310302   1647 1849    203      7      2    .420    .28   1.14   .170   .906   .183   1.54   .198  -.021   3
 440 000102   1462 1663    202      6      0    .613    .87   1.76   .345   .638   .294   2.13   .292  -.012   1
 441 001101   1518 1662    145      4      0    .553    .89   2.69   .436   .635   .352   2.33   .343   .014   2
 442 100101   1147 1315    169      5      0    .508    .69   2.04   .394   .901   .190   1.45   .191  -.014   1
 443 100102   1123 1317    195      5      0    .587    .62   2.22   .381   .850   .231   1.73   .229  -.040   3
 444 100401   1076 1317    242      7      2    .522    .61   1.67   .271   .777   .260   1.72   .244  -.059   3
 445 100402   1118 1318    201      6      2    .465    .85   2.23   .393   .726   .256   1.73   .256  -.050   3
 446 100403   1081 1318    238      7      2    .514    .58   1.55   .246   .771   .244   1.57   .231  -.038   3
 447 100501   1161 1316    156      4      0    .602    .84   2.12   .432   .817   .255   1.71   .251   .007   3
 448 100502   1146 1317    172      5      0    .578    .76   1.81   .335   .739   .262   1.91   .253   .028   3
 449 TC0501   1265 1393    129      3      0    .459    .45   1.23   .251   .892   .181   1.63   .181  -.028   1
 450 TC0502   1329 1373     45      0      0    .328   2.83   5.48  1.195   .853   .177   1.38   .177   .100   1
 451 TC0503   1309 1401     93      2      0    .688   1.03   1.57   .284   .791   .146   1.33   .152   .012   1
 452 TC0506a  1288 1390    103      2      1    .415    .82   3.03   .495   .798   .262   2.52   .293  -.007   2
 453 TC0511   1275 1393    119      2      0    .589    .76   1.30   .230   .689   .187   1.57   .191   .037   1
 454 TC0514   1294 1413    120      3      0    .667    .77   2.16   .465   .896   .202   1.79   .234   .032   1
 455 TC0515a  1263 1413    151      4      0    .536    .69   2.14   .406   .835   .263   1.75   .265   .024   3
 456 TC0517   1252 1388    137      3      0    .433   1.28   3.87   .785   .908   .196   1.57   .212   .044   1
 457 TC0525   1257 1404    148      4      0    .675    .84   2.22   .414   .815   .243   1.72   .237   .013   3
 458 TC0526   1260 1413    154      4      0    .603    .83   2.24   .462   .827   .248   1.74   .242   .024   3
 459 TC0533   1314 1389     76      1      0    .655   1.82   3.45   .615   .822   .149   1.52   .157  -.011   1
 460 TC0539   1308 1401     94      2      0    .524   1.03   1.61   .262   .771   .137   1.34   .140  -.014   1
 461 01011    1160 1378    219      7      0    .604    .53   1.96   .293   .818   .247   1.90   .257  -.021   3
 462 01012    1160 1384    225      7      0    .613    .56   1.58   .252   .807   .214   1.71   .225  -.007   3
 463 01021     918 1207    290     10      0    .589    .35    .83   .136   .563   .279   1.97   .276  -.002   3
 464 01022     979 1163    185      5      0    .648    .43    .76   .123   .393   .250   2.00   .232  -.007   1
 465 14091    1049 1376    328     11      3    .443    .45   1.72   .317   .916   .200   1.70   .207  -.038   3
 466 14092    1049 1432    384     13      3    .468    .46   1.34   .240   .894   .205   1.58   .200  -.024   3
 467 15041    1375 1750    376     13      0    .578    .46   1.95   .285   .855   .247   2.01   .255   .028   1
 468 15042    1375 1752    378     13      0    .583    .44   2.30   .285   .843   .245   1.89   .257  -.003   2
 469 18022    1500 1760    261      8      1    .466    .31    .79   .126   .768   .214   1.70   .232   .098   1
 470 18032    1510 1624    115      3      1    .445    .76   1.99   .348   .877   .159   1.49   .161   .002   1
 471 18033    1509 1624    116      3      0    .563    .68   1.62   .325   .867   .170   1.52   .182  -.015   1
 472 CG05B1   1015 1440    426     15      1    .463    .37   1.13   .185   .845   .214   1.89   .214   .001   2
 473 CG05E1   1058 1336    279      9      0    .563    .50   1.41   .329   .908   .221   1.91   .227  -.039   3
 474 CG05E2   1136 1308    173      5      0    .535    .33   1.30   .172   .851   .226   1.67   .227  -.010   3
 475 CG05K1   1216 1394    179      5      0    .516    .38   1.45   .212   .796   .270   1.98   .284  -.028   3
 476 CG05K2   1215 1389    175      5      0    .484    .47   1.24   .249   .805   .280   1.81   .285  -.044   3
 477 05101    1157 1435    279      9      0    .551    .53   1.34   .258   .747   .278   1.73   .269   .029   3
 478 05102    1157 1430    274      9      2    .431    .53   1.61   .353   .819   .317   1.96   .314   .010   3
 479 05103    1250 1359    110      2      0    .555    .55   1.41   .309   .705   .361   2.03   .335   .012   3
 480 05104    1157 1423    267      8      0    .471    .49   1.70   .283   .738   .352   2.47   .341   .007   3
 481 05121    1051 1434    384     13      0    .556    .36   1.00   .189   .667   .316   2.18   .335   .010   3
 482 05122    1179 1439    261      8      0    .563    .44   1.40   .253   .788   .282   2.11   .292  -.033   3
 483 05061    1160 1309    150      4      0    .652    .31    .83   .137   .483   .345   2.15   .353   .006   1
 484 05071    1128 1342    215      6      0    .559    .58   1.39   .254   .615   .326   2.60   .325  -.018   1
 485 05081     954 1163    210      6      1    .437    .31   1.33   .188   .740   .290   2.38   .319  -.035   3
 486 05082     978 1148    171      4      0    .511    .60   1.43   .254   .747   .241   1.65   .241  -.009   2
 487 LT052A   1015 1440    426     15      1    .463    .37   1.13   .185   .845   .214   1.89   .214   .001   2
 488 LT052B   1016 1409    382                          .34   1.21   .210   .857   .225                         
 489 CG9705   1136 1308    173      5      0    .535    .33   1.30   .172   .851   .226   1.67   .227  -.010   3
 490 C0505A   1058 1336    279      9      0    .563    .50   1.41   .329   .908   .221   1.91   .227  -.039   3
 491 CG06C1   1297 1387     91      2      0    .614    .50   1.15   .253   .765   .303   1.60   .290  -.071   3
 492 CG06C2   1310 1387     78      1      0    .668    .47    .90   .177   .624   .272   1.65   .280  -.023   1
 493 CG06D    1273 1376    104      2      0    .572    .61   1.66   .270   .693   .255   1.58   .260   .063   3
 494 CG06F    1258 1389    132      3      0    .491   1.00   1.78   .253   .650   .163   1.50   .180   .032   1
 495 CG06G    1296 1388     93      2      0    .708    .90   1.94   .343   .714   .223   1.55   .222   .040   2
 496 CG06A    1324 1389     66      0      0    .620   1.03   1.82   .363   .689   .209   1.65   .251   .018   2
 497 CG06N    1243 1389    147      4      0    .677   1.13   2.12   .300   .634   .169   1.77   .186  -.002   3
 498 CG06P    1263 1388    126      3      0    .665    .59   1.18   .221   .704   .238   1.94   .260  -.023   3
 499 CG06R2   1310 1388     79      1      0    .583   1.03   1.75   .304   .527   .238   1.62   .236  -.023   1
 500 LT0622   1270 1373    104      2      0    .558   1.03   2.06   .497   .851   .219   1.77   .253   .175   1
 501 LT0623   1270 1373    104      2      0    .684    .44   1.11   .245   .780   .309   1.91   .322  -.003   1
 502 012706   1256 1383    128      3      0    .478    .81   1.88   .305   .766   .202   1.45   .204  -.024   1
 503 01279A   1247 1383    137      4      0    .484    .60   1.49   .216   .616   .227   1.79   .244   .003   2
 504 012709   1232 1383    152      4      0    .525    .63   1.74   .232   .605   .229   1.88   .248   .015   2
 505 012712   1203 1382    180      5      0    .483    .61   1.65   .302   .816   .226   1.66   .221  -.060   3
 506 012712A  1229 1382    154      4      0    .462    .50   1.49   .308   .882   .213   2.01   .239   .027   1
 507 012713   1217 1383    167      5      0    .487    .52   1.07   .235   .806   .283   1.68   .255  -.002   3
 508 012715   1253 1383    131      3      0    .526    .96   1.47   .272   .701   .181   1.45   .190   .021   1
 509 012720P  1244 1383    140      4      0    .608    .79   2.00   .321   .764   .222   1.54   .210  -.020   1
 510 012722   1187 1348    162      4      0    .372    .48   1.13   .254   .795   .260   1.74   .251  -.024   3
 511 012724   1235 1359    125      3      0    .658    .67   1.22   .216   .631   .229   1.75   .237   .044   1
 512 012728   1193 1383    191      6      0    .553    .65   1.64   .275   .745   .240   1.90   .240  -.005   3
 513 CG15H1   1614 1761    148      4      0    .583    .65   1.35   .287   .761   .264   1.65   .259   .036   3
 514 CG15H2   1611 1760    150      4      0    .598    .58   1.16   .264   .754   .269   1.96   .255   .026   3
 515 CG15J    1626 1754    129      3      0    .640    .66   1.86   .333   .831   .229   1.76   .236   .009   3
 516 CG15K2   1653 1762    110      2      0    .566    .68   1.33   .323   .819   .255   3.33   .340   .204   1
 517 CG15L    1637 1743    107      2      0    .446    .65   2.06   .370   .786   .298   1.68   .289   .031   1
 518 CG15R1   1506 1759    254      8      2    .402    .60   1.61   .296   .868   .215   1.61   .216   .000   1
 519 CG16A    1508 1649    142      4      0    .542    .35    .68   .130   .702   .259   1.59   .254  -.022   3
 520 CG16B    1505 1772    268      8      0    .576    .35    .83   .139   .719   .243   1.73   .252  -.004   3
 521 CG16C    1540 1649    110      3      0    .692    .47    .91   .169   .780   .171   1.70   .175   .002   1
 522 CG16D    1460 1767    308     10      0    .549    .43   1.54   .260   .853   .219   1.72   .225   .008   1
 523 CG18C    1250 1742    493     17      0    .475    .31   1.24   .221   .933   .215   1.76   .218  -.005   1
 524 CG18E    1623 1764    142      4      0    .526    .30    .81   .140   .785   .243   2.05   .252   .063   1
 525 CG18G    1547 1752    206      7      0    .590    .47   1.48   .224   .792   .227   1.91   .241   .000   3
 526 CG18H    1637 1765    129      3      0    .404    .42    .90   .174   .720   .247   2.11   .278   .042   1
 527 CG18I1   1636 1767    132      3      0    .510    .43   1.21   .256   .883   .238   1.85   .263  -.004   3
 528 CG18I2   1636 1750    115      3      0    .596    .32    .91   .203   .899   .244   1.69   .254   .016   3
 529 CG18J    1500 1679    180      5      0    .454    .51   1.11   .204   .683   .237   1.81   .245  -.008   2
 530 CG18K    1547 1755    209      7      3    .399    .28    .88   .157   .835   .277   1.97   .276   .024   1
 531 CG18M1   1590 1777    188      6      0    .580    .27   1.01   .154   .729   .311   2.24   .340   .002   3
 532 CG18M2   1590 1767    178      5      0    .581    .30    .78   .164   .811   .281   1.85   .286  -.028   2
 533 CG21A1   1422 1767    346     12      2    .540    .29   1.20   .185   .841   .280   1.91   .278  -.016   3
 534 CG21A2   1289 1769    481     17      1    .525    .26   1.17   .171   .786   .310   3.13   .322  -.021   3
 535 CG21C1   1587 1751    165      5      1    .419    .41   1.11   .252   .876   .236   2.05   .248   .006   3
 536 CG21C2   1587 1734    148      4      0    .516    .42    .90   .193   .822   .229   1.68   .228   .003   3
 537 CG21D1   1501 1765    265      8      3    .416    .36    .94   .144   .786   .207   2.04   .222  -.004   3
 538 CG21E    1621 1765    145      4      0    .596    .35   1.07   .191   .861   .244   1.79   .249  -.030   3
 539 CG21G    1530 1744    215      6      0    .428    .30    .98   .139   .895   .154   1.51   .161  -.013   1
 540 CG21H    1589 1767    179      5      0    .593    .64   1.39   .238   .812   .184   1.74   .192  -.014   3
 541 CG21I    1593 1766    174      5      0    .525    .63   1.50   .235   .770   .192   1.72   .211   .035   1
 542 CG21J    1464 1764    301     10      0    .609    .40    .90   .138   .671   .234   1.87   .228  -.034   3
 543 CG21K    1659 1768    110      2      0    .639    .63   1.94   .366   .810   .310   1.82   .299  -.003   3
 544 CG21L    1637 1766    130      3      0    .622    .61   1.15   .208   .796   .191   1.53   .193  -.051   3
 545 CG21RD   1591 1752    162      5      2    .478    .58   1.43   .255   .879   .180   1.50   .166  -.026   3
 546 CG22A1   1610 1753    144      4      0    .421    .78   1.96   .414   .855   .221   2.13   .251  -.003   2
 547 CG22A2   1609 1687     79      1      0    .595   1.02   1.95   .449   .856   .206   1.70   .213   .119   3
 548 CG22B    1557 1753    197      6      0    .513    .67   1.45   .295   .895   .172   1.57   .174   .011   1
 549 CG22D    1536 1747    212      6      0    .434    .78   3.03   .604   .891   .220   2.08   .248  -.019   3
 550 CG22E1   1628 1721     94      1      0    .634    .58   1.09   .218   .716   .236   1.55   .217  -.010   3
 551 CG22F    1633 1741    109      2      0    .504   1.46   5.14   .992   .913   .198   1.62   .222   .028   1
 552 CG22E2   1629 1753    125      3      0    .500    .66   1.37   .299   .830   .232   1.64   .223   .012   3
 553 CG23C    1516 1610     95      2      0    .569    .55   1.32   .244   .725   .235   2.02   .255  -.009   3
 554 CG23D2   1545 1679    135      4      0    .439    .92   2.48   .569   .843   .262   2.05   .294   .063   1
 555 CG23E2   1535 1748    214      6      0    .508    .66   2.62   .416   .861   .307   2.37   .305  -.005   3
 556 CG23F    1546 1736    191      6      0    .581    .67   1.77   .361   .795   .312   2.71   .319  -.010   1
 557 CG23G1   1464 1567    104      2      0    .509    .55   1.05   .200   .653   .224   1.65   .222  -.001   1
 558 CG23I1   1465 1724    260      9      0    .599    .33   1.03   .204   .876   .258   2.07   .260   .002   1
 559 CG23I2   1465 1702    238      8      1    .506    .38   1.16   .254   .894   .240   1.74   .240   .019   1
 560 CG24A2   1592 1751    160      5      0    .560    .46   1.29   .288   .872   .241   1.57   .235  -.011   3
 561 CG24B    1660 1741     82      1      0    .603    .47   1.43   .237   .720   .264   1.98   .291  -.020   2
 562 CG24C    1553 1767    215      6      0    .621    .45   1.10   .227   .875   .186   1.57   .208   .009   1
 563 CG24D    1615 1719    105      2      0    .625    .89   2.02   .420   .803   .259   1.67   .237  -.031   3
 564 CG24E    1566 1750    185      6      0    .587    .56   1.85   .398   .900   .230   1.71   .248   .006   1
 565 CG25B    1546 1647    102      2      0    .595    .65   1.17   .171   .228   .240   1.74   .233   .032   0
 566 23L3R2   1373 1745    373     12      1    .528    .23    .67   .124   .814   .272   1.78   .259  -.014   3
 567 23L3R1   1663 1743     81      1      0    .423    .53    .99   .200   .796   .179   1.49   .180  -.078   3
 568 251AR2   1597 1766    170      5      1    .467    .48   1.41   .212   .762   .221   2.63   .284   .037   2
 569 25L5R2   1541 1765    225      7      3    .444    .60   2.10   .301   .867   .201   1.69   .209  -.011   3
 570 251BR1   1612 1766    155      4      1    .492    .46   1.23   .225   .746   .266   1.97   .273  -.023   3
 571 251BR2   1611 1766    156      4      0    .579    .39    .93   .184   .818   .208   1.59   .212   .027   3
 572 CG26B    1548 1642     95      2      0    .532    .61   1.31   .205   .685   .206   2.09   .223  -.003   1
 573 CG26D    1580 1659     80      1      0    .542    .54   1.00   .204   .535   .312   1.73   .302  -.026   1
 574 07L3R1   1455 1744    290      9      0    .531    .34   1.10   .208   .899   .226   1.89   .242   .013   1
 575 07L3R2   1455 1747    293      9      0    .548    .36   1.14   .221   .880   .243   2.28   .262  -.016   2
 576 07L3R3   1455 1743    289      9      1    .569    .41   1.20   .270   .928   .220   1.83   .233   .031   1
 577 CG07A1   1390 1752    363     13      0    .547    .50   1.60   .273   .893   .198   1.56   .197  -.002   3
 578 CG07A2   1409 1754    346     12      0    .535    .45   1.27   .230   .905   .172   1.62   .181   .009   3
 579 CG07C1   1320 1613    294     10      0    .527    .34   1.11   .179   .774   .247   1.99   .240   .014   1
 580 CG07C2   1319 1627    309     11      0    .545    .34    .92   .173   .779   .241   2.03   .228  -.003   2
 581 07L4R1   1143 1537    395     14      0    .497    .29   1.01   .169   .828   .286   2.43   .289  -.005   3
 582 07L4R2   1143 1527    385     14      3    .416    .26    .94   .137   .748   .261   2.61   .300  -.003   3
 583 07L4R3   1144 1559    416     15      1    .532    .30   1.15   .176   .842   .264   2.33   .277  -.002   3
 584 CG07F1   1337 1511    175      5      0    .659    .44   1.51   .256   .890   .195   1.57   .200  -.024   1
 585 CG07F2   1333 1507    175      5      0    .615    .50   2.18   .377   .916   .202   1.58   .207   .004   2
 586 CGCA2     993 1136    144      4      0    .612    .73   1.66   .297   .640   .302   1.82   .298  -.001   2
 587 CGCA1    1021 1138    118      3      0    .550    .75   1.47   .298   .639   .285   1.67   .285  -.028   2
 588 CGCA3     946 1136    191      6      1    .497    .75   2.20   .379   .676   .343   2.02   .340  -.005   2
 589 CGCB     1014 1185    172      5      0    .500    .81   1.67   .290   .721   .213   1.63   .224   .006   2
 590 01085A   1041 1198    158      4      3    .388    .89   2.05   .378   .814   .204   1.60   .213   .004   3
 591 010805   1040 1197    158      4      2    .389    .75   1.69   .350   .782   .235   1.84   .244   .025   1
 592 01131A    990 1087     98      2      0    .494    .82   1.80   .361   .705   .303   2.02   .291  -.034   2
 593 02TC6     962 1069    108      2      0    .577   1.65   3.25   .615   .759   .206   1.35   .194  -.025   3
 594 02TC12a   966 1066    101      2      0    .433    .80   2.47   .578   .810   .342   1.92   .329   .025   1
 595 020601   1013 1064     52      0      0    .729   1.31   3.12   .674   .769   .289   1.54   .259   .019   2
 596 020602   1013 1063     51      0      0    .681   1.35   3.40   .784   .821   .285   1.64   .277   .015   2
 597 020603   1013 1064     52      0      0    .624   1.41   3.15   .626   .743   .261   1.55   .245   .028   2
 598 020801    978 1043     66      0      0    .468   1.21   2.57   .550   .677   .292   1.78   .302   .033   3
 599 020802    978 1042     65      0      0    .542   1.23   3.04   .777   .725   .349   1.91   .372  -.006   3
 600 020803A   978 1028     51      0      0    .598   1.44   4.23   .980   .778   .394   2.49   .462   .079   3
 601 020901    977 1041     65      0      0    .540   1.24   3.84   .896   .820   .329   1.74   .348  -.032   3
 602 020902    977 1059     83      1      0    .449   1.09   3.15   .678   .769   .306   1.97   .333  -.020   3
 603 020?01    892 1032    141      4      0    .569   1.42   4.36   .675   .804   .232   1.67   .247   .034   1
 604 020?02    892 1062    171      5      0    .598   1.61   4.17   .643   .745   .219   1.85   .235  -.028   3
 605 020?03    892 1059    168      5      0    .625   1.30   4.63   .794   .826   .242   1.94   .262  -.045   3
 606 030101    911 1049    139      4      0    .643   2.39   4.43   .891   .772   .201   1.62   .213  -.035   3
 607 030102    911 1059    149      4      0    .606   2.30   3.73   .782   .819   .171   1.57   .191  -.029   3
 608 030103    911 1058    148      4      0    .612   1.96   3.93   .770   .778   .191   1.99   .228  -.044   3
 609 030601    975 1046     72      0      0    .748   1.34   2.50   .480   .757   .197   1.63   .223  -.056   3
 610 030602    975 1042     68      0      0    .664   1.20   2.39   .473   .793   .218   1.71   .229  -.074   3
 611 040201    773 1023    251      7      0    .552    .53   1.83   .300   .672   .333   2.37   .350  -.004   3
 612 040202    773 1023    251      7      0    .560    .59   3.86   .549   .829   .351   2.21   .327  -.017   3
 613 040203    773 1023    251      7      0    .536    .63   1.67   .332   .708   .320   1.80   .309  -.029   3
 614 040204    774 1022    249      7      0    .591    .45   2.27   .340   .791   .353   2.10   .351  -.009   3
 615 040205    774 1047    274      8      0    .583    .54   2.24   .445   .814   .353   2.73   .379  -.015   3
 616 011101    969 1042     74      1      0    .458    .40    .94   .201   .836   .273   1.77   .257  -.017   2
 617 011301    980 1086    107      2      0    .417    .76   1.95   .426   .780   .319   1.98   .333  -.020   2
 618 02TC2b    998 1066     69      1      0    .625    .70   1.41   .278   .699   .271   1.52   .252  -.015   2
 619 02TC5    909 1071    163      4      0    .647    .55   2.42   .321   .653   .319   2.79   .348   .001   2
 620 02TC10    991 1063     73      1      0    .617    .85   3.39   .670   .883   .308   1.96   .356   .008   1
 621 02TC12    931 1072    142      3      0    .634    .72   1.73   .405   .766   .304   2.01   .308  -.015   3
 622 02TC12b   957 1070    114      2      0    .627    .68   2.38   .432   .732   .320   1.80   .317  -.026   3
 623 03TC1     987 1067     81      1      0    .419    .79   2.87   .506   .772   .311   2.01   .320  -.022   2
 624 03TC1a    992 1067     76      1      0    .542    .75   2.57   .481   .852   .283   2.07   .297  -.023   2
 625 040102    904 1058    155      4      0    .738   1.11   2.57   .507   .771   .270   1.73   .244  -.002   3
 626 040601    813  948    136      3      0    .721    .53   1.60   .353   .698   .420   2.39   .417   .034   3
 627 040602    813  938    126      3      0    .746    .60   1.47   .347   .703   .367   2.15   .368   .001   3
 628 040901    918 1059    142      4      0    .575   1.12   2.84   .538   .765   .260   1.73   .245   .010   2
 629 040902    918 1059    142      4      0    .589    .97   2.18   .408   .704   .258   1.47   .223   .014   2
 630 041001    813  903     91      2      0    .784    .65   1.47   .336   .671   .364   2.23   .367  -.031   3
 631 041002    813  920    108      2      0    .776    .57   1.64   .355   .701   .430   2.54   .400  -.017   3
 632 041003    813  949    137      4      0    .697    .55   1.70   .369   .706   .408   2.29   .414   .021   3
 633 041401    890 1058    169      5      0    .466    .47   1.69   .291   .754   .327   2.98   .342   .001   2
 634 041402    890 1058    169      5      0    .490    .31    .90   .177   .763   .328   2.15   .313  -.003   3
 635 041403    890 1058    169      5      0    .555    .31    .92   .180   .785   .311   1.81   .301   .006   3
 636 041501    915 1058    144      4      2    .456    .64   2.09   .381   .836   .258   1.73   .252   .009   1
 637 041502    915 1057    143      4      0    .644    .83   2.66   .463   .819   .247   1.56   .230  -.044   3
 638 041503    915 1058    144      4      0    .602    .91   2.42   .470   .795   .226   1.60   .238  -.014   3
 639 041601    934 1039    106      2      1    .476    .75   1.88   .403   .763   .283   1.54   .249  -.010   3
 640 041602    934 1034    101      2      0    .546    .87   2.15   .520   .825   .287   1.51   .261  -.025   3
 641 041603    934 1014     81      1      1    .474    .67   1.83   .386   .728   .365   1.69   .318  -.038   2
 642 042001    915 1057    143      4      0    .590    .69   1.90   .439   .850   .278   1.74   .267  -.027   3
 643 042002    915 1058    144      4      0    .618    .76   2.22   .480   .819   .278   1.81   .284  -.017   3
 644 042201    918 1060    143      4      0    .707    .65   1.96   .413   .860   .294   1.79   .285  -.025   3
 645 042202    918 1060    143      4      0    .688    .86   2.34   .480   .818   .324   1.72   .275  -.020   3
 646 042203    918 1055    138      4      0    .663    .90   2.17   .517   .823   .315   1.72   .274   .066   3
 647 042301    914 1059    146      4      0    .656    .59   2.09   .467   .924   .264   1.82   .251  -.045   3
 648 042302    914 1049    136      4      0    .624    .58   1.77   .457   .935   .227   1.52   .216  -.023   3
 649 042303    914 1058    145      4      0    .704    .75   2.16   .468   .892   .227   1.64   .233  -.037   3
 650 042601    930 1058    129      3      0    .600    .81   2.35   .547   .904   .207   1.64   .231  -.083   3
 651 042602    930 1057    128      3      0    .622    .72   2.73   .583   .893   .246   1.87   .255  -.056   3
 652 042603    930 1052    123      3      1    .427    .55   2.10   .529   .926   .265   1.84   .266  -.067   3
 653 090101    929 1071    143      3      0    .402    .93   2.65   .472   .757   .257   1.93   .279   .005   2
 654 090102    929 1071    143      3      0    .409    .75   2.16   .403   .702   .303   1.88   .328   .066   1
 655 090201    861 1053    193      6      0    .523    .54   1.56   .287   .860   .234   1.64   .250   .016   1
 656 090301    797 1072    276      9      1    .537    .59   1.70   .344   .787   .321   3.18   .351  -.057   3
 657 090302    797 1068    272      9      0    .518    .76   2.43   .356   .798   .249   1.73   .246  -.059   3
 658 090303    797 1048    252      8      0    .552    .73   2.28   .398   .775   .284   2.80   .307  -.046   3
 659 090501    827 1066    240      7      0    .564    .77   1.99   .367   .851   .184   2.15   .202  -.024   3
 660 090502    827 1068    242      7      0    .573    .85   2.31   .505   .918   .183   1.50   .192  -.029   3
 661 090601    895 1069    175      5      1    .494    .40   1.19   .254   .789   .339   1.95   .345  -.019   3
 662 090602    895 1059    165      5      0    .494    .40   1.01   .225   .765   .284   2.13   .292  -.020   3
 663 090603    895 1057    163      5      0    .584    .39   1.30   .225   .649   .348   2.56   .400   .016   3
 664 070301    845 1073    229      7      0    .598    .78   2.95   .524   .925   .198   1.60   .208  -.028   3
 665 070302    845 1073    229      7      0    .540    .72   2.91   .562   .906   .216   2.05   .256  -.032   3
 666 070303    845  996    152      4      1    .539    .90   2.74   .489   .861   .196   1.72   .200   .029   3
 667 070401    822 1064    243      8      0    .531    .57   1.46   .232   .649   .267   2.32   .274  -.016   3
 668 070402    822 1061    240      8      0    .593    .54   1.25   .218   .621   .273   2.03   .285  -.031   3
 669 070403    822 1064    243      8      0    .574    .52   1.68   .220   .649   .268   1.86   .272  -.020   3
 670 070701    915 1073    159      4      0    .650    .99   2.28   .504   .856   .201   1.65   .199  -.029   3
 671 070702    915 1073    159      4      0    .621   1.04   2.26   .395   .701   .233   1.79   .255  -.019   3
 672 071101    803 1071    269      8      0    .546    .39   1.95   .263   .908   .240   1.66   .243  -.022   3
 673 071102    803 1063    261      8      0    .557    .44   2.17   .293   .897   .212   2.28   .232  -.031   3
 674 071103    803 1067    265      8      0    .516    .35   2.73   .319   .915   .240   1.81   .240  -.024   3
 675 071201    771 1070    300     10      0    .525    .47   1.93   .376   .901   .253   1.98   .264   .002   3
 676 071202    774 1064    291      9      0    .507    .41   2.49   .394   .920   .253   2.04   .281   .005   3
 677 071203    771 1070    300     10      0    .473    .43   1.89   .348   .921   .240   1.72   .235  -.008   3
 678 171401    904 1053    150      4      0    .731    .82   1.51   .266   .565   .226   1.59   .246  -.012   3
 679 011104    691 1080    390     14      3    .471    .44   1.40   .286   .825   .290   2.27   .315  -.030   3
 680 011106    691 1078    388     14      3    .445    .37   1.00   .207   .802   .258   2.48   .274  -.033   3
 681 011105    691  899    209      7      0    .588    .29    .88   .153   .751   .355   2.04   .334  -.039   3
 682 011302    975 1079    105      2      0    .541   1.32   2.67   .528   .769   .235   1.72   .240  -.019   3
 683 011102    729  900    172      5      0    .711    .53   1.19   .226   .767   .222   1.71   .236  -.019   3
 684 07tc1     883 1053    171      5      0    .715    .96   2.17   .343   .526   .255   1.86   .276  -.023   3
 685 07tc14    747 1066    320     11      0    .622    .53   2.58   .304   .801   .224   2.18   .250  -.014   2
 686 09tc1     829 1071    243      7      0    .614    .56   2.21   .363   .846   .322   2.51   .326  -.056   3
 687 09tc1a    822 1071    250      8      0    .514    .68   2.57   .356   .808   .265   1.84   .268  -.048   3
 688 09tc16    840 1071    232      7      0    .656    .67   2.76   .434   .824   .315   2.04   .316  -.054   3
 689 cg2101a   857 1051    195      6      1    .445    .81   2.23   .362   .743   .238   1.70   .239  -.036   3
 690 cg2101b   857 1041    185      5      1    .480    .66   2.00   .354   .773   .264   1.80   .263   .001   3
 691 cg3101a   875 1020    146      3      0    .650    .86   2.18   .464   .852   .241   1.49   .237  -.036   3
 692 cg3101b   875 1018    144      3      0    .524    .92   2.25   .439   .809   .237   1.64   .225  -.005   2
 693 cg3104a   892 1019    128      3      0    .618    .75   1.72   .351   .764   .315   1.52   .266  -.057   2
 694 cg3104b   892 1020    129      3      0    .624    .87   1.99   .472   .776   .326   1.75   .309  -.040   2
 695 cg3106a   942 1018     77      1      0    .447    .96   1.89   .414   .761   .271   1.63   .252  -.034   2
 696 cg3106b   942 1019     78      1      1    .352   1.06   2.48   .492   .743   .311   1.69   .280  -.038   2
 697 cg3106c   942 1020     79      1      1    .376    .99   2.17   .510   .747   .329   1.59   .289   .010   2
 698 cg3111a   898 1014    117      3      0    .464   1.42   3.11   .610   .894   .167   1.36   .175   .000   1
 699 cg3111b   898 1021    124      3      1    .453   1.29   2.49   .469   .842   .168   1.40   .170   .030   1
 700 cg3203a   662 1003    342     11      0    .543    .54   1.85   .304   .757   .306   2.50   .310  -.003   3
 701 cg3204b   713 1016    304     10      0    .595    .67   2.51   .345   .868   .188   1.62   .195  -.048   3
 702 cg3205a   750  997    248      7      0    .501    .56   2.25   .344   .840   .271   1.64   .265  -.022   1
 703 cg3208a   616 1006    391     11      4    .399    .55   1.85   .399   .901   .246   1.88   .250   .009   1
 704 cg3208b   616  995    380     10      3    .437    .54   1.66   .366   .891   .234   1.82   .246   .013   1
 705 cg3209a   766 1018    253      8      0    .400    .53   2.11   .290   .734   .288   1.99   .318   .017   1
 706 cg3209b   760 1019    260      8      0    .485    .55   2.28   .273   .707   .264   2.01   .299  -.007   3
 707 cg3305a   710 1012    303     10      0    .560    .70   2.20   .498   .916   .231   1.84   .243  -.026   3
 708 cg3404a   843 1005    163      5      0    .480    .58   1.58   .281   .642   .344   2.29   .350  -.011   3
 709 cg3402a   764 1041    278      9      2    .496    .44   1.24   .237   .706   .316   2.00   .314  -.011   3
 710 cg3402b   764  982    219      7      1    .478    .54   1.66   .270   .727   .307   1.77   .292  -.028   3
 711 cg4002a   881 1042    162      4      0    .552    .80   2.25   .418   .758   .282   1.71   .267  -.039   3
 712 cg4002b   881 1040    160      4      0    .379    .77   1.90   .394   .679   .303   1.83   .297  -.013   3
 713 cg4102a   929 1020     92      1      0    .446    .91   2.23   .470   .777   .355   1.76   .258   .027   2
 714 cg4201a   890 1015    126      3      0    .472    .62   1.79   .330   .796   .288   1.74   .266  -.053   3
 715 cg4201b   889 1015    127      3      0    .520    .70   1.58   .301   .747   .265   1.62   .254  -.077   3
 716 cg42r1a   899 1023    125      2      0    .580    .57   1.43   .259   .686   .288   1.74   .294   .012   3
 717 cg42r1b   899 1030    132      4      1    .420    .70   1.42   .316   .762   .268   1.98   .282   .030   1
 718 cg4304a   700  999    300     10      2    .479    .40   1.09   .187   .827   .207   1.87   .231  -.027   3
 719 cg4306a   731 1021    291      9      0    .585    .64   3.26   .503   .775   .316   2.64   .339  -.003   2
 720 cg4306b   731 1028    298     10      0    .610    .57   2.71   .351   .775   .281   1.93   .286  -.028   3
 721 cg4413a   856 1039    184      5      0    .658    .68   1.97   .462   .878   .277   1.69   .266  -.012   3
 722 cg4413b   857 1002    146      4      0    .629    .95   2.58   .608   .876   .270   1.68   .264  -.028   3
 723 PW13A    1420 1598    179      5      0    .571    .72   1.42   .239   .643   .227   1.86   .239   .026   1
 724 PW13B    1419 1601    183      6      0    .511    .79   1.72   .268   .782   .194   1.51   .199   .069   1
 725 PW13C    1433 1594    162      4      0    .483    .36    .94   .182   .665   .338   2.29   .335  -.010   1
 726 PW15M    1190 1270     81      1      0    .406    .68   1.65   .335   .493   .421   1.88   .359  -.025   3
 727 PW15Q2   1175 1290    116      2      0    .469    .98   2.76   .596   .859   .242   1.72   .257   .037   1
 728 PW16C    1464 1647    184      5      0    .564    .87   2.26   .353   .649   .271   1.69   .276   .013   1
 729 PW18B    1214 1293     80      1      0    .394    .98   1.64   .259   .641   .175   1.47   .175   .017   1
 730 PW18C    1126 1229    104      2      0    .548    .84   1.76   .341   .486   .359   1.91   .335  -.016   3
 731 PW18D    1158 1240     83      1      0    .611    .77   2.09   .359   .683   .296   1.68   .281  -.003   1
 732 PW18E    1177 1257     81      1      0    .605   1.21   2.07   .321   .602   .195   1.45   .185  -.009   1
 733 PW18F1   1114 1292    179      5      0    .595    .75   2.40   .476   .808   .348   2.09   .360  -.001   1
 734 PW18F2   1115 1281    167      5      0    .564    .67   1.98   .402   .701   .374   2.14   .383   .037   1
 735 PW18G1   1119 1288    170      5      0    .469   1.04   3.92   .676   .737   .366   2.57   .381  -.010   2
 736 PW18G2   1115 1289    175      5      0    .569    .80   2.35   .527   .775   .368   2.13   .348   .023   1
 737 PW25A1    967 1277    311     11      3    .417    .78   2.83   .578   .796   .392   2.55   .363  -.001   2
 738 PW25A2   1088 1254    167      5      0    .535    .74   1.97   .441   .690   .357   1.88   .348   .008   1
 739 PW35C1   1320 1520    201      6      1    .448    .51   1.89   .278   .508   .409   4.21   .446   .024   1
 740 PW35C2   1320 1520    201      6      1    .449    .41   1.36   .241   .470   .480   4.07   .494   .031   1
 741 PW37A1   1352 1598    247      7      0    .571    .55   1.61   .329   .765   .378   2.03   .351  -.047   3
 742 PW37A2   1369 1587    219      7      0    .601    .55   1.68   .315   .803   .337   1.78   .319  -.047   3
 743 PW38A1   1052 1590    539     19      0    .620    .30   1.03   .175   .669   .435   2.59   .418  -.023   3
 744 PW38A2   1052 1592    541     19      0    .664    .39   1.23   .217   .602   .420   2.69   .398  -.013   1
 745 PW38B1   1260 1575    316     11      2    .471    .35    .88   .168   .632   .377   2.35   .329  -.020   3
 746 PW38B2   1281 1552    272      9      1    .475    .53   1.43   .270   .694   .353   2.13   .337  -.022   3
 747 PW54B1   1558 1727    170      5      0    .497    .73   1.75   .342   .772   .281   1.64   .266   .031   1
 748 PW54B2   1598 1727    130      4      0    .490    .84   1.68   .337   .717   .268   1.64   .256   .036   1
 749 PW54C    1598 1746    149      3      0    .533    .67   1.96   .296   .721   .268   1.92   .262  -.013   3
 750 PW57C    1523 1705    183      5      0    .548    .44   1.72   .378   .913   .249   1.77   .246  -.021   3
 751 PW57D1   1550 1713    164      4      0    .598    .62   1.72   .280   .780   .260   1.80   .258   .059   1
 752 PW57D2   1550 1713    164      4      0    .613    .64   1.73   .301   .812   .253   1.72   .255  -.003   2
 753 PW57E    1594 1710    117      3      0    .597    .89   1.45   .261   .670   .206   1.51   .201  -.005   3
 754 PW57F    1537 1712    176      5      0    .600    .48   1.69   .266   .674   .388   1.98   .352  -.062   3
 755 PW57H1   1511 1708    198      6      0    .625    .79   1.65   .296   .834   .175   1.41   .177  -.012   3
 756 PW57H2   1513 1708    196      6      0    .603    .88   1.74   .322   .814   .168   1.46   .172   .007   3
 757 PW57I1   1507 1713    207      6      0    .552    .41   1.27   .230   .790   .274   2.22   .282   .003   2
 758 PW57I2   1507 1714    208      6      0    .591    .43   1.05   .245   .851   .274   1.86   .271   .020   1
 759 PW58B1   1464 1699    236      8      0    .582    .51   1.30   .294   .868   .219   1.60   .231  -.008   2
 760 PW58B2   1460 1689    230      7      0    .559    .56   1.48   .334   .877   .230   1.84   .241  -.020   3
 761 PW58D    1493 1701    209      7      0    .539    .46   1.00   .200   .857   .180   1.50   .189  -.011   3
 762 PW58F    1484 1700    217      7      1    .558    .31   1.21   .239   .887   .267   1.79   .268  -.004   2
 763 PW58G    1464 1667    204      6      0    .593    .46   1.28   .246   .810   .259   1.81   .280   .040   1
 764 PW58H    1524 1700    177      5      0    .418    .40   1.23   .205   .746   .240   1.82   .235   .045   2
 765 PW58I    1471 1676    206      7      0    .517    .63   1.75   .315   .842   .194   1.71   .198   .031   1
 766 PW59B1   1582 1731    150      4      0    .526    .85   1.79   .344   .839   .192   1.59   .196  -.024   3
 767 PW59B2   1583 1690    108      2      0    .547    .72   1.67   .285   .818   .200   1.79   .210   .003   3
 768 PW59C1   1363 1693    331     11      0    .668    .33   1.22   .227   .836   .337   2.19   .329  -.039   3
 769 PW59C2   1354 1690    337     11      0    .657    .34   1.31   .245   .843   .349   2.22   .333  -.044   3
 770 PW61A1   1384 1649    266      9      0    .639    .70   1.93   .386   .847   .242   1.68   .247   .025   1
 771 PW61A2   1380 1695    316     10      0    .608    .60   1.80   .356   .857   .237   1.87   .246  -.002   2
 772 PW62C1   1556 1709    154      4      0    .538    .38   1.35   .187   .700   .269   1.91   .276   .020   1
 773 PW62C2   1511 1710    200      6      0    .585    .37   1.18   .193   .714   .312   2.01   .316   .001   1
 774 PW62D1   1565 1709    145      4      0    .474    .38    .64   .125   .682   .223   1.66   .229   .002   1
 775 PW62D2   1491 1712    222      7      1    .518    .56   2.15   .330   .896   .223   1.70   .232   .042   1
 776 PW63A    1422 1636    215      7      0    .660    .72   2.31   .455   .874   .226   1.69   .237   .040   1
 777 PW64C    1522 1683    162      5      3    .372    .57   1.18   .200   .721   .200   1.84   .222   .040   1
 778 PR01C1   1164 1235     72      1      0    .579   1.01   2.97   .593   .774   .285   1.95   .295   .035   1
 779 PR01C2   1164 1235     72      1      0    .562   1.10   2.58   .625   .886   .207   1.46   .228   .032   1
 780 PR01D1    985 1206    222      7      1    .437    .72   2.01   .370   .823   .235   1.78   .243  -.023   3
 781 PR01D2    953 1141    189      5      0    .468    .52   1.83   .316   .769   .321   2.15   .328  -.020   3
 782 PR01H1   1061 1249    189      6      0    .591    .54   1.94   .311   .772   .286   2.31   .294   .050   1
 783 PR01H2   1061 1244    184      5      0    .625    .48   1.65   .288   .810   .283   2.03   .283   .005   2
 784 PR04B1    985 1222    238      7      1    .471    .60   1.73   .341   .664   .445   2.31   .421   .003   1
 785 PR04B2    988 1201    214      7      1    .493    .55   1.38   .286   .655   .421   2.27   .399  -.016   3
 786 PR05A    1053 1191    139      3      0    .568    .32   1.41   .249   .927   .251   1.70   .253  -.008   1
 787 PR05B1   1044 1163    120      3      0    .540    .88   1.78   .393   .803   .236   1.71   .242  -.036   1
 788 PR05B2   1051 1210    160      4      0    .612    .95   2.15   .411   .805   .228   1.67   .237   .027   1
 789 PR05C1    980 1115    136      3      0    .562    .31   1.09   .199   .509   .480   2.43   .507   .006   2
 790 PR05C2    980 1087    108      2      0    .470    .45   1.20   .287   .559   .490   2.63   .483   .010   1
 791 PR06A    1061 1154     94      2      0    .581    .47   1.42   .264   .756   .313   2.13   .322  -.035   3
 792 PR06B1   1021 1195    175      5      0    .576    .57   1.64   .406   .833   .330   2.25   .352   .003   1
 793 PR06B2   1021 1195    175      5      0    .535    .57   2.60   .464   .855   .336   2.29   .341   .010   1
 794 PR06C1   1004 1229    226      7      0    .430    .48   1.65   .271   .695   .374   1.95   .337   .013   1
 795 PR06C2   1000 1223    224      6      1    .425    .37   1.39   .195   .608   .397   2.90   .377   .012   1
 796 PR06E    1102 1230    129      3      0    .571    .49   1.14   .235   .682   .348   2.03   .352   .065   1
 797 PR06F1   1123 1229    107      3      0    .634    .45   1.42   .268   .719   .344   2.07   .355  -.021   1
 798 PR06F2   1125 1231    107      2      0    .676    .48   1.24   .251   .748   .264   1.77   .296   .084   1
 799 PR06H1    958 1184    227      7      1    .377    .27    .93   .167   .686   .401   2.11   .359   .006   1
 800 PR06H2    949 1062    114      3      2    .352    .31   1.09   .200   .615   .501   2.16   .446  -.013   1
 801 PR06K1   1133 1232    100      2      0    .640    .74   1.50   .311   .767   .238   1.62   .245  -.006   3
 802 PR06K2   1134 1232     99      2      0    .584    .72   1.34   .287   .726   .259   1.69   .261  -.062   3
 803 PR06L1   1037 1211    175      5      0    .574    .37   1.49   .288   .790   .339   1.98   .352   .041   1
 804 PR06L2    973 1211    239      8      2    .446    .37   1.29   .253   .770   .423   2.49   .407  -.012   1
 805 PR11A     961 1058     98      2      0    .498    .44    .95   .184   .599   .309   1.96   .316  -.010   2
 806 PR13A    1042 1201    160      5      1    .422    .50   1.67   .324   .855   .259   1.88   .278  -.025   1
 --- -------- ---------  -----  -----  -----   ------ -----  -----  -----  -----  -----  -----  -----  -----  --
 Total or mean:         193012   5916    347    .561    .56  18.61   .291   .759   .285   4.21   .285  -.005

 DATA CHECKS (rwl.check): ak096
-----------------------------------------------------------------------------------------------------------------------------------
 rwl.check: data_files/treering/measurements/northamerica/usa/ak096.rwl
 806 series, 193012 measurements, 616-2002, 0.001 mm precision
 10 error(s), 18 warning(s), 92 note(s)
 -------------
 ERROR
   RWL_DATING_LAG (7)
     041601: correlates best with the master at lag 1 (r = 0.752 against r = 0.689 as dated); the series may be misdated by 1 year(s), most likely a false ring or a ring measured twice
     041603: correlates best with the master at lag 1 (r = 0.721 against r = 0.596 as dated); the series may be misdated by 1 year(s), most likely a false ring or a ring measured twice
     160603: correlates best with the master at lag 1 (r = 0.471 against r = 0.326 as dated); the series may be misdated by 1 year(s), most likely a false ring or a ring measured twice
     cg3106b: correlates best with the master at lag 1 (r = 0.528 against r = 0.441 as dated); the series may be misdated by 1 year(s), most likely a false ring or a ring measured twice
     cg3106c: correlates best with the master at lag 1 (r = 0.573 against r = 0.518 as dated); the series may be misdated by 1 year(s), most likely a false ring or a ring measured twice
     NK03SW: correlates best with the master at lag 3 (r = 0.409 against r = 0.165 as dated); the series may be misdated by 3 year(s), most likely a false ring or a ring measured twice
     WV21SE: correlates best with the master at lag -1 (r = 0.397 against r = 0.305 as dated); the series may be misdated by 1 year(s), most likely a missing ring
   RWL_DUP_SERIES (3)
     CG05B1: identical measurements in CG05B1, LT052A; one core may be archived twice
     CG05E1: identical measurements in CG05E1, C0505A; one core may be archived twice
     CG05E2: identical measurements in CG05E2, CG9705; one core may be archived twice
 -------------
 WARNING
   RWL_INTERNAL_NA (15)
     CV07NW: no measurement for 1725, inside the measured span of the series. The file records nothing for that year, which is not a fault, but detrend(), chron(), strip.rwl(), rwi.stats() and sss() fail on interior gaps and this series cannot be crossdated. Use fill.internal.NA() to close them deliberately
     CV18NN: no measurement for 1876-1909, inside the measured span of the series. The file records nothing for those years, which is not a fault, but detrend(), chron(), strip.rwl(), rwi.stats() and sss() fail on interior gaps and this series cannot be crossdated. Use fill.internal.NA() to close them deliberately
     EL26SW: no measurement for 1628-1634, inside the measured span of the series. The file records nothing for those years, which is not a fault, but detrend(), chron(), strip.rwl(), rwi.stats() and sss() fail on interior gaps and this series cannot be crossdated. Use fill.internal.NA() to close them deliberately
     EL34NE: no measurement for 1914-1917, inside the measured span of the series. The file records nothing for those years, which is not a fault, but detrend(), chron(), strip.rwl(), rwi.stats() and sss() fail on interior gaps and this series cannot be crossdated. Use fill.internal.NA() to close them deliberately
     EL3SW: no measurement for 1909-1910, inside the measured span of the series. The file records nothing for those years, which is not a fault, but detrend(), chron(), strip.rwl(), rwi.stats() and sss() fail on interior gaps and this series cannot be crossdated. Use fill.internal.NA() to close them deliberately
     EL44SW: no measurement for 1620, inside the measured span of the series. The file records nothing for that year, which is not a fault, but detrend(), chron(), strip.rwl(), rwi.stats() and sss() fail on interior gaps and this series cannot be crossdated. Use fill.internal.NA() to close them deliberately
     EL46SE: no measurement for 1890-1897, inside the measured span of the series. The file records nothing for those years, which is not a fault, but detrend(), chron(), strip.rwl(), rwi.stats() and sss() fail on interior gaps and this series cannot be crossdated. Use fill.internal.NA() to close them deliberately
     EL8NE: no measurement for 1886-1891, inside the measured span of the series. The file records nothing for those years, which is not a fault, but detrend(), chron(), strip.rwl(), rwi.stats() and sss() fail on interior gaps and this series cannot be crossdated. Use fill.internal.NA() to close them deliberately
     LT052B: no measurement for 1148-1159, inside the measured span of the series. The file records nothing for those years, which is not a fault, but detrend(), chron(), strip.rwl(), rwi.stats() and sss() fail on interior gaps and this series cannot be crossdated. Use fill.internal.NA() to close them deliberately
     RG51NE: no measurement for 1752-1868, inside the measured span of the series. The file records nothing for those years, which is not a fault, but detrend(), chron(), strip.rwl(), rwi.stats() and sss() fail on interior gaps and this series cannot be crossdated. Use fill.internal.NA() to close them deliberately
     ... and 5 more; see as.data.frame()
   RWL_MIXED_PRECISION (1)
     the file declares more than one precision (0.001 and 0.01 mm). That is legal and rare, and easy to miss: series measured at different precisions sit in one object
   RWL_NON_ASCII (1)
     18 byte(s) outside printable ASCII
   RWL_SERIES_OUTLIER (1)
     NK03SW: correlates with the rest of the collection at r = 0.165 where the collection median is 0.575 (4.2 MAD below it); it does not fit the collection it is in
 92 note(s) not shown; see rwl.check() or the 'check' element of this report.

 NOTES
-----------------------------------------------------------------------------------------------------------------------------------
 Report generated using dplR 1.8.1 (R 4.5.2) on 2026-10-01 16:57 PDT.
 Measurement file ak096.rwl, MD5 cc08f5cdfc7e9ca56bd9124db6986862.
 Filtering: each series divided by a 32-year smoothing spline (caps()), then prewhitened with
   an AR model (order by AIC, at most 3).
 Master: biweight robust mean of the other series (leave-one-out).
 Correlation: Pearson, one-tailed, pcrit = 0.01; critical r = 0.3281 for 50-year segments.
 Segments: 50 years, lagged 25, first segment floored to 100. Lags searched: +/- 10 years.
 A segment is tested only where the series and the master cover all of it, at the dated
   position and at every lag. COFECHA also tests partial segments at the ends of a series, so
   series here may show fewer segments, and no flags can be raised at the ends of the record.
 Lags follow COFECHA: negative means rings are probably missing from the series, positive means
   false rings. A missing ring carries its lag into every segment before it, so look where the
   lag changes along a series. A B flag is a hypothesis to check on the wood; the gain says how
   seriously to take it.
 A B flag marked "weak at every lag" correlates under the critical value even at its best lag:
   the segment is weak wherever it is placed, and the shift is not evidence of a dating error.
   Treat it as a low correlation, like an A.
 Averages in the summary and the totals are weighted by the number of years in each series, as
   COFECHA's are.
 Unfiltered block and mean sensitivity: the measurements as read, and sens1().
 dplR filtered block: the series that was correlated, after filtering. COFECHA's filtered
   series is defined differently, so these three columns are not COFECHA's numbers.
 AR: order of the AR model used to prewhiten.
 Left out of the crossdating: series CV07NW has internal NA values, and the 'nyrs' spline needs
   an unbroken series. Fill them with fill.internal.NA(), remove the series, or use 'n' instead
   of 'nyrs'
 Left out of the crossdating: series CV18NN has internal NA values, and the 'nyrs' spline needs
   an unbroken series. Fill them with fill.internal.NA(), remove the series, or use 'n' instead
   of 'nyrs'
 Left out of the crossdating: series TB02NW has internal NA values, and the 'nyrs' spline needs
   an unbroken series. Fill them with fill.internal.NA(), remove the series, or use 'n' instead
   of 'nyrs'
 Left out of the crossdating: series EL3SW has internal NA values, and the 'nyrs' spline needs
   an unbroken series. Fill them with fill.internal.NA(), remove the series, or use 'n' instead
   of 'nyrs'
 Left out of the crossdating: series EL8NE has internal NA values, and the 'nyrs' spline needs
   an unbroken series. Fill them with fill.internal.NA(), remove the series, or use 'n' instead
   of 'nyrs'
 Left out of the crossdating: series EL26SW has internal NA values, and the 'nyrs' spline needs
   an unbroken series. Fill them with fill.internal.NA(), remove the series, or use 'n' instead
   of 'nyrs'
 Left out of the crossdating: series EL34NE has internal NA values, and the 'nyrs' spline needs
   an unbroken series. Fill them with fill.internal.NA(), remove the series, or use 'n' instead
   of 'nyrs'
 Left out of the crossdating: series EL44SW has internal NA values, and the 'nyrs' spline needs
   an unbroken series. Fill them with fill.internal.NA(), remove the series, or use 'n' instead
   of 'nyrs'
 Left out of the crossdating: series EL46SE has internal NA values, and the 'nyrs' spline needs
   an unbroken series. Fill them with fill.internal.NA(), remove the series, or use 'n' instead
   of 'nyrs'
 Left out of the crossdating: series WS5S has internal NA values, and the 'nyrs' spline needs
   an unbroken series. Fill them with fill.internal.NA(), remove the series, or use 'n' instead
   of 'nyrs'
 Left out of the crossdating: series WS12SW has internal NA values, and the 'nyrs' spline needs
   an unbroken series. Fill them with fill.internal.NA(), remove the series, or use 'n' instead
   of 'nyrs'
 Left out of the crossdating: series WS15NW has internal NA values, and the 'nyrs' spline needs
   an unbroken series. Fill them with fill.internal.NA(), remove the series, or use 'n' instead
   of 'nyrs'
 Left out of the crossdating: series WS21SW has internal NA values, and the 'nyrs' spline needs
   an unbroken series. Fill them with fill.internal.NA(), remove the series, or use 'n' instead
   of 'nyrs'
 Left out of the crossdating: series RG51NE has internal NA values, and the 'nyrs' spline needs
   an unbroken series. Fill them with fill.internal.NA(), remove the series, or use 'n' instead
   of 'nyrs'
 Left out of the crossdating: series LT052B has internal NA values, and the 'nyrs' spline needs
   an unbroken series. Fill them with fill.internal.NA(), remove the series, or use 'n' instead
   of 'nyrs'
