
 COFECHA-style crossdating report: ak095
 Report generated using dplR 1.8.1 (R 4.5.2) on 2026-10-01 16:58 PDT
 Built with dplR's xdate.report(), not COFECHA; see the notes at the end.


      Measurement file name  : ak095.rwl
      MD5 of measurement file: 19c2c29927fa7a438adec81e230eb1b0
      Date checked           : 01OCT26
      Beginning year         : 616
      Ending year            : 1876
      Principal investigators: Wiles, G.; Calkin, P.E.
      Site name              : Columbia Bay Chronology Old
      Species information    : TSME Tsuga mertensiana (Bong.) Carrière
      Latitude               : 61.1200 N
      Longitude              : 147.0500 W
      Elevation              : 50 m

      Series intercorrelation: 0.556
      Avg mean sensitivity   : 0.249
      Avg standard deviation : 0.286
      Avg autocorrelation    : 0.800
      Number dated series    : 391
      Series crossdated      : 390
      Segment length tested  : 50

      Number problem segments: 102  (A 41, B 61; 28 of the B weak at every lag)
      Pct problem segments   : 4.60


 CORRELATION OF SERIES BY SEGMENTS: ak095
-----------------------------------------------------------------------------------------------------------------------------------
 Correlations of  50-year dated segments, lagged  25 years
 Flags:  A = correlation under   .3281 but highest as dated;  B = correlation higher at other than dated position

 Seq Series  Time_span   700  725  750  775  800  825  850  875  900  925  950  975 1000 1025 1050 1075 1100 1125 1150 1175 
                         749  774  799  824  849  874  899  924  949  974  999 1024 1049 1074 1099 1124 1149 1174 1199 1224 
 --- -------- ---------  ---- ---- ---- ---- ---- ---- ---- ---- ---- ---- ---- ---- ---- ---- ---- ---- ---- ---- ---- ---- 
 111 100101   1147 1315                                                                                            .49  .66 
 112 100102   1123 1317                                                                                            .54  .50 
 113 100401   1076 1317                                                                                  .61  .54  .64  .68 
 114 100402   1118 1318                                                                                       .35  .32A .40 
 115 100403   1081 1318                                                                                  .56  .52  .61  .66 
 116 100501   1161 1316                                                                                                 .58 
 117 100502   1146 1317                                                                                            .60  .61 
 130 01011    1160 1378                                                                                                 .52 
 131 01012    1160 1384                                                                                                 .61 
 132 01021     918 1207                                               .61  .66  .49  .57  .58  .52  .56  .67  .70  .63      
 133 01022     979 1163                                                              .63  .67  .63  .72  .69                
 134 14091    1049 1376                                                                             .59  .64  .51  .54  .72 
 135 14092    1049 1432                                                                             .59  .54  .47  .58  .65 
 141 CG05B1   1015 1440                                                                   .46  .56  .65  .59  .46  .55  .55 
 142 CG05E1   1058 1336                                                                             .66  .75  .78  .72  .74 
 143 CG05E2   1136 1308                                                                                            .58  .68 
 146 05101    1157 1435                                                                                                 .47 
 147 05102    1157 1430                                                                                                 .51 
 149 05104    1157 1423                                                                                                 .48 
 150 05121    1051 1434                                                                             .43  .62  .70  .72  .67 
 152 05061    1160 1309                                                                                                 .54 
 153 05071    1128 1342                                                                                            .61  .58 
 154 05081     954 1163                                                         .18B .61  .54  .46  .61  .68                
 155 05082     978 1148                                                              .59  .54  .44  .56                     
 156 LT052A   1015 1440                                                                   .46  .56  .65  .59  .46  .55  .55 
 158 CG9705   1136 1308                                                                                            .58  .68 
 159 C0505A   1058 1336                                                                             .66  .75  .78  .72  .74 
 250 07L4R1   1143 1537                                                                                            .54  .67 
 251 07L4R2   1143 1527                                                                                            .25B .33A
 252 07L4R3   1144 1559                                                                                            .38  .56 
 255 CGCA2     993 1136                                                              .68  .52  .62  .65                     
 256 CGCA1    1021 1138                                                                   .49  .67  .72                     
 257 CGCA3     946 1136                                                    .25B .54  .70  .56  .63  .76                     
 258 CGCB     1014 1185                                                                   .55  .55  .49  .61  .64           
 259 01085A   1041 1198                                                                        .31B .36  .43  .43           
 260 010805   1040 1197                                                                        .37  .33B .38  .42           
 261 01131A    990 1087                                                              .59  .47                               
 262 02TC6     962 1069                                                         .62  .74                                    
 263 02TC12a   966 1066                                                         .57  .64                                    
 271 020902    977 1059                                                              .52                                    
 272 020X01    892 1032                                          .54  .69  .55  .67                                         
 273 020X02    892 1062                                          .58  .67  .57  .66  .71                                    
 274 020X03    892 1059                                          .55  .77  .74  .68  .72                                    
 275 030101    911 1049                                               .64  .73  .75  .71                                    
 276 030102    911 1059                                               .73  .75  .65  .61                                    
 277 030103    911 1058                                               .76  .78  .66  .58                                    
 280 040201    773 1023                      .56  .72  .78  .58  .36  .59  .72                                              
 281 040202    773 1023                      .72  .61  .65  .59  .41  .53  .58                                              
 282 040203    773 1023                      .53  .52  .60  .64  .48  .55  .59                                              
 283 040204    774 1022                      .68  .59  .66  .59  .47  .49  .59                                              
 284 040205    774 1047                      .60  .54  .70  .66  .52  .61  .66  .62                                         
 285 011101    969 1042                                                         .52                                         
 286 011301    980 1086                                                              .55  .37                               
 287 02TC2b    998 1066                                                              .64                                    
 288 02TC5    909 1071                                               .72  .79  .64  .71                                    
 289 02TC10    991 1063                                                              .73                                    
 290 02TC12    931 1072                                                    .70  .64  .64                                    
 291 02TC12b   957 1070                                                         .67  .66                                    
 292 03TC1     987 1067                                                              .55                                    
 293 03TC1a    992 1067                                                              .61                                    
 294 040102    904 1058                                               .67  .72  .86  .86                                    
 295 040601    813  948                           .76  .75  .70                                                             
 296 040602    813  938                           .72  .70  .78                                                             
 297 040901    918 1059                                               .43  .58  .73  .72                                    
 298 040902    918 1059                                               .51  .55  .64  .78                                    
 299 041001    813  903                           .72  .71                                                                  
 300 041002    813  920                           .70  .78                                                                  
 301 041003    813  949                           .75  .79  .74  .49                                                        
 302 041401    890 1058                                          .45  .68  .51  .39  .54                                    
 303 041402    890 1058                                          .41  .69  .72  .59  .63                                    
 304 041403    890 1058                                          .41  .69  .69  .58  .66                                    
 305 041501    915 1058                                               .25B .34B .57  .64                                    
 306 041502    915 1057                                               .61  .65  .70  .77                                    
 307 041503    915 1058                                               .59  .67  .65  .67                                    
 308 041601    934 1039                                                    .51B .62                                         
 309 041602    934 1034                                                    .61  .65                                         
 310 041603    934 1014                                                    .50B                                             
 311 042001    915 1057                                               .68  .76  .72  .63                                    
 312 042002    915 1058                                               .61  .68  .68  .75                                    
 313 042201    918 1060                                               .78  .75  .72  .72                                    
 314 042202    918 1060                                               .65  .73  .77  .80                                    
 315 042203    918 1055                                               .64  .77  .70  .71                                    
 316 042301    914 1059                                               .75  .74  .73  .64                                    
 317 042302    914 1049                                               .73  .68  .60  .62                                    
 318 042303    914 1058                                               .77  .73  .81  .75                                    
 319 042601    930 1058                                                    .70  .77  .76                                    
 320 042602    930 1057                                                    .63  .76  .72                                    
 321 042603    930 1052                                                    .60  .62  .39B                                   
 322 090101    929 1071                                                    .36  .56  .73                                    
 323 090102    929 1071                                                    .41  .44  .63                                    
 324 090201    861 1053                                     .52  .48  .55  .60  .62  .66                                    
 325 090301    797 1072                      .12B .57  .69  .64  .50  .63  .71  .63  .62                                    
 326 090302    797 1068                      .38  .70  .74  .76  .66  .65  .60  .51  .46                                    
 327 090303    797 1048                      .47  .61  .69  .66  .50  .53  .57  .59                                         
 328 090501    827 1066                                .54  .58  .59  .70  .69  .71  .54                                    
 329 090502    827 1068                                .60  .68  .64  .71  .66  .61  .64                                    
 330 090601    895 1069                                          .25B .68  .65  .58  .58                                    
 331 090602    895 1059                                          .34  .59  .57  .55  .61                                    
 332 090603    895 1057                                          .48  .70  .64  .58  .64                                    
 333 070301    845 1073                                .41  .50  .50  .70  .73  .73  .67                                    
 334 070302    845 1073                                .33  .42  .46  .69  .65  .55  .66                                    
 335 070303    845  996                                .32A .45  .51  .75                                                   
 336 070401    822 1064                           .55  .60  .52  .46  .70  .68  .45  .49                                    
 337 070402    822 1061                           .55  .67  .68  .65  .70  .70  .53  .60                                    
 338 070403    822 1064                           .73  .65  .56  .56  .62  .53  .44  .59                                    
 339 070701    915 1073                                               .71  .75  .66  .73                                    
 340 070702    915 1073                                               .66  .67  .66  .74                                    
 341 071101    803 1071                           .60  .62  .39  .34  .65  .62  .63  .76                                    
 342 071102    803 1063                           .59  .67  .60  .54  .58  .56  .62  .69                                    
 343 071103    803 1067                           .54  .56  .49  .50  .57  .58  .65  .69                                    
 344 071201    771 1070                 .50  .49  .57  .60  .41  .53  .72  .55  .51  .64                                    
 345 071202    774 1064                      .36  .39  .47  .39  .51  .82  .64  .56  .67                                    
 346 071203    771 1070                 .39  .38  .35  .49  .43  .49  .78  .60  .49  .59                                    
 347 171401    904 1053                                               .83  .76  .70  .73                                    
 348 011104    691 1080  .26B .36  .62  .72  .79  .74  .64  .46  .53  .64  .60  .43  .21B .13B                              
 349 011106    691 1078  .27A .51  .51  .43  .64  .64  .63  .38  .36  .55B .58  .53  .36B .25A                              
 350 011105    691  899  .56  .68  .65  .51  .58  .63  .62                                                                  
 351 011302    975 1079                                                              .56  .49                               
 352 011102    729  900            .67  .78  .81  .74  .67                                                                  
 353 07tc1     883 1053                                          .68  .79  .74  .68  .71                                    
 354 07tc14    747 1066            .50  .44  .53  .63  .70  .60  .59  .66  .69  .81  .78                                    
 355 09tc1     829 1071                                .72  .67  .58  .65  .51  .59  .71                                    
 356 09tc1a    822 1071                           .63  .68  .70  .58  .58  .50  .41  .43                                    
 357 09tc16    840 1071                                .71  .75  .70  .67  .58  .60  .70                                    
 358 cg2101a   857 1051                                     .47  .26B .55  .64  .52  .58                                    
 359 cg2101b   857 1041                                     .62  .37B .69  .56  .39                                         
 360 cg3101a   875 1020                                          .84  .77  .72                                              
 361 cg3101b   875 1018                                          .72  .72  .71                                              
 362 cg3104a   892 1019                                          .61  .68  .72                                              
 363 cg3104b   892 1020                                          .63  .70  .79                                              
 364 cg3106a   942 1018                                                    .42                                              
 365 cg3106b   942 1019                                                    .27B                                             
 366 cg3106c   942 1020                                                    .33B                                             
 367 cg3111a   898 1014                                          .37  .61  .54                                              
 368 cg3111b   898 1021                                          .32A .58  .52                                              
 369 cg3203a   662 1003  .45  .51  .52  .64  .67  .73  .76  .73  .44  .56  .71                                              
 370 cg3204b   713 1016       .45  .55  .44  .60  .73  .65  .54  .57  .79  .79                                              
 371 cg3205a   750  997                 .35  .56  .63  .54  .39  .52  .62                                                   
 372 cg3208a   616 1006  .32A .35  .27B .34B .34  .44  .55  .54  .56  .39  .18A                                             
 373 cg3208b   616  995  .23B .28B .38  .50  .54  .55  .61  .67  .42  .27B                                                  
 374 cg3209a   766 1018                 .39  .61  .59  .62  .69  .49  .50  .58                                              
 375 cg3209b   760 1019                 .44  .63  .65  .65  .66  .39  .51  .63                                              
 376 cg3305a   710 1012       .60  .43  .35  .42  .57  .69  .62  .55  .60  .63                                              
 377 cg3404a   843 1005                                .60  .71  .56  .67  .39                                              
 378 cg3402a   764 1041                 .54  .65  .65  .57  .27A .30A .61  .49  .41                                         
 379 cg3402b   764  982                 .28A .65  .68  .59  .44  .39  .69                                                   
 380 cg4002a   881 1042                                          .56  .65  .76  .84                                         
 381 cg4002b   881 1040                                          .65  .36  .38  .38                                         
 382 cg4102a   929 1020                                                    .50                                              
 383 cg4201a   890 1015                                          .48  .73  .68                                              
 384 cg4201b   889 1015                                          .49  .68  .60                                              
 385 cg42r1a   899 1023                                               .66  .62                                              
 386 cg42r1b   899 1030                                          .12B .46  .49  .68                                         
 387 cg4304a   700  999       .65  .60  .52  .44  .43  .48  .47  .24A .29A .41                                              
 388 cg4306a   731 1021            .59  .67  .77  .74  .74  .71  .54  .67  .69                                              
 389 cg4306b   731 1028            .60  .71  .77  .72  .66  .56  .59  .73  .72  .58                                         
 390 cg4413a   856 1039                                     .61  .52  .67  .75  .73                                         
 391 cg4413b   857 1002                                     .60  .55  .65  .69                                              
 Av segment correlation  .35  .49  .53  .50  .56  .62  .63  .58  .50  .64  .61  .61  .64  .47  .53  .59  .61  .55  .56  .59 

 CORRELATION OF SERIES BY SEGMENTS: ak095
-----------------------------------------------------------------------------------------------------------------------------------
 Correlations of  50-year dated segments, lagged  25 years
 Flags:  A = correlation under   .3281 but highest as dated;  B = correlation higher at other than dated position

 Seq Series  Time_span  1200 1225 1250 1275 1300 1325 1350 1375 1400 1425 1450 1475 1500 1525 1550 1575 1600 1625 1650 1675 
                        1249 1274 1299 1324 1349 1374 1399 1424 1449 1474 1499 1524 1549 1574 1599 1624 1649 1674 1699 1724 
 --- -------- ---------  ---- ---- ---- ---- ---- ---- ---- ---- ---- ---- ---- ---- ---- ---- ---- ---- ---- ---- ---- ---- 
  14 1402     1423 1785                                               .67  .72  .74  .50  .46  .82  .81  .67  .57  .57  .46 
  15 1402B    1395 1785                                          .40  .56  .69  .57  .27A .32A .80  .87  .77  .65  .70  .54 
  16 1410     1459 1809                                                         .66  .46  .45  .64  .68  .54  .46  .49  .55 
  17 1410A    1463 1809                                                         .60  .51  .63  .71  .64  .47  .46  .55  .55 
  18 2201     1451 1791                                                         .35  .64  .61  .47  .41  .43  .65  .77  .75 
  19 2202     1453 1797                                                         .30A .50  .48  .52  .45  .29B .37  .56  .44 
  20 2202A    1452 1772                                                         .74  .73  .70  .64  .40  .23B .43  .51  .49 
  21 2205     1491 1723                                                              .61  .68  .56  .39  .29B .47  .59      
  22 2207     1490 1714                                                              .31A .32A .41B .46  .44  .41B .65      
  23 2207A    1460 1723                                                         .41  .48  .54  .57  .59  .40  .40  .57      
  24 2301     1570 1803                                                                             .45  .53  .63  .81  .81 
  25 2301A    1590 1801                                                                                  .37  .65  .83  .77 
  26 2303     1523 1794                                                                        .56  .59  .74  .75  .70  .72 
  27 2305     1598 1799                                                                                       .49  .67  .67 
  28 2305A    1599 1799                                                                                       .56  .68  .73 
  29 2306     1494 1801                                                              .63  .61  .54  .45  .38  .62  .72  .70 
  30 2306A    1560 1799                                                                             .41  .39  .68  .69  .67 
  31 2307     1646 1798                                                                                            .65  .64 
  32 2309     1472 1647                                                         .46  .71  .71  .72  .61                     
  33 2309a    1476 1791                                                              .78  .67  .59  .65  .68  .65  .74  .54 
  34 2310     1466 1669                                                         .50  .66  .54  .60  .75  .70                
  35 2310A    1596 1795                                                                                  .65  .49  .56  .55 
  36 2311     1628 1800                                                                                            .66  .74 
  37 2312     1603 1795                                                                                       .35  .54  .51 
  38 2313     1444 1800                                                    .52  .53  .66  .51  .26B .40  .61  .61  .71  .71 
  41 2403     1666 1743                                                                                                 .67 
  43 2406     1667 1793                                                                                                 .42 
  47 3201     1617 1773                                                                                       .47  .52  .53 
  48 3201A    1584 1773                                                                                  .41  .37  .54  .67 
  49 3203     1644 1783                                                                                            .55  .59 
  50 3205     1564 1782                                                                             .30A .43  .54  .68  .56 
  51 3206     1431 1784                                                    .67  .66  .67  .54  .43  .54  .44  .24B .48  .57 
  52 3207     1610 1785                                                                                       .33  .35  .40 
  53 3208     1604 1784                                                                                       .22B .72  .80 
  54 3209     1648 1784                                                                                            .51  .54 
  55 3210     1583 1783                                                                                  .52  .36  .64  .76 
  56 3212     1458 1785                                                         .57  .63  .53  .64  .54  .36  .26A .60  .69 
  57 3214     1460 1786                                                         .47  .57  .49  .53  .57  .51  .44  .57  .62 
  58 3215     1626 1786                                                                                            .70  .80 
  59 3303     1651 1799                                                                                                 .38 
  60 3304     1567 1799                                                                             .68  .56  .41  .45  .48 
  61 3305     1496 1780                                                              .55  .57  .56  .42  .15B .25B .71  .66 
  62 3306     1520 1792                                                                   .46  .38  .45  .65  .39  .57  .62 
  63 3307     1615 1793                                                                                       .58  .80  .91 
  64 3308     1608 1789                                                                                       .47  .44  .51 
  65 3311     1510 1793                                                                   .65  .65  .28A .21B .64  .71  .67 
  66 3401     1617 1807                                                                                       .60  .74  .77 
  67 3402     1565 1808                                                                             .61  .51  .20B .49  .60 
  68 3403     1656 1807                                                                                                 .74 
  69 3403A    1612 1769                                                                                       .37  .68  .67 
  70 3501     1609 1809                                                                                       .27B .40  .59 
  71 3503     1628 1799                                                                                            .67  .75 
  72 3601     1480 1799                                                              .45  .51  .51  .47  .58  .53  .52  .60 
  73 012102   1640 1796                                                                                            .66  .56 
  74 012105   1560 1806                                                                             .63  .54  .53  .66  .69 
  75 012108   1614 1808                                                                                       .45  .40  .46 
  76 012109   1602 1808                                                                                       .54  .77  .75 
  77 040101   1582 1737                                                                                  .41  .57  .63  .64 
  78 200101   1427 1745                                                    .69  .60  .53  .41  .59  .61  .52  .33  .50  .54 
  79 200201   1438 1767                                                    .80  .76  .58  .63  .71  .62  .57  .67  .73  .72 
  80 200301   1560 1769                                                                             .45  .33A .46  .72  .74 
  81 200401   1362 1766                                     .58  .50  .59  .64  .54  .59  .60  .57  .57  .55  .56  .46B .44 
  82 200402   1362 1649                                     .63  .50  .54  .61  .59  .62  .54  .51  .59  .56                
  83 200403   1362 1765                                     .65  .65  .50  .42  .53  .74  .63  .65  .69  .56  .49  .54  .60 
  84 220201   1477 1765                                                              .54  .64  .50  .41  .32A .51  .62  .66 
  85 220202   1477 1753                                                              .45  .63  .62  .67  .49  .50  .73  .77 
  86 220301   1599 1764                                                                                       .54  .76  .75 
  87 220401   1550 1751                                                                             .48  .52  .59  .78  .82 
  88 220501   1462 1752                                                         .47  .59  .64  .63  .55  .52  .58  .74  .82 
  89 220502   1465 1750                                                         .28A .54  .52  .53  .49  .47  .60  .63  .65 
  90 220601   1617 1752                                                                                       .52  .74  .77 
  91 220701   1295 1744                      .34  .53  .60  .61  .61  .73  .78  .76  .67  .65  .76  .68  .50  .63  .74  .51 
  92 220801   1470 1750                                                         .41  .85  .76  .69  .68  .61  .57  .67  .64 
  93 230401   1452 1740                                                         .68  .77  .56  .57  .64  .45  .55  .81  .77 
  94 231001   1565 1748                                                                             .36  .20A .51  .62  .46 
  95 240101   1270 1724                 .19B .56  .71  .62  .34  .34B .51  .54  .51  .53  .58  .72  .69  .60  .61  .70  .68 
  96 240102   1270 1725                 .29B .69  .45  .51  .43  .24B .52  .58  .55  .59  .69  .72  .74  .63  .49  .69  .77 
  97 250301   1520 1765                                                                   .68  .73  .72  .73  .67  .43  .50 
  98 250401   1266 1767                 .44  .52  .49  .49  .49  .62  .67  .61  .49  .39  .42  .51  .50  .54  .20B .33  .58 
  99 250402   1266 1767                 .51  .48  .43  .46  .48  .61  .72  .73  .58  .54  .48  .57  .67  .60  .39  .52  .51 
 100 260101   1507 1740                                                                   .71  .65  .56  .50  .54  .71  .76 
 101 260301   1439 1733                                                    .51  .82  .78  .78  .70  .59  .59  .64  .69  .74 
 102 260302   1439 1735                                                    .50  .70  .70  .76  .81  .80  .76  .59  .65  .74 
 103 270201   1536 1753                                                                        .65  .62  .50  .54  .60  .61 
 104 270501   1533 1751                                                                        .66  .57  .60  .67  .73  .73 
 105 3101A1   1552 1854                                                                             .64  .73  .56  .62  .57 
 106 310102   1549 1799                                                                             .60  .66  .70  .62  .54 
 107 310301   1647 1876                                                                                            .50  .52 
 108 310302   1647 1849                                                                                            .65  .59 
 109 000102   1462 1663                                                         .51  .58  .53  .52  .45  .53                
 110 001101   1518 1662                                                                   .42  .60  .47  .48                
 111 100101   1147 1315  .62  .67  .62                                                                                      
 112 100102   1123 1317  .68  .84  .78                                                                                      
 113 100401   1076 1317  .63  .71  .72                                                                                      
 114 100402   1118 1318  .66  .76  .75                                                                                      
 115 100403   1081 1318  .64  .74  .71                                                                                      
 116 100501   1161 1316  .55  .78  .70                                                                                      
 117 100502   1146 1317  .64  .80  .75                                                                                      
 118 TC0501   1265 1393                 .51  .60  .42                                                                       
 120 TC0503   1309 1401                           .63  .70                                                                  
 121 TC0506a  1288 1390                      .56  .34                                                                       
 122 TC0511   1275 1393                      .58  .62                                                                       
 123 TC0514   1294 1413                      .60  .77  .78                                                                  
 124 TC0515a  1263 1413                 .55  .55  .65  .67                                                                  
 125 TC0517   1252 1388                 .40  .38  .53                                                                       
 126 TC0525   1257 1404                 .70  .79  .79  .72                                                                  
 127 TC0526   1260 1413                 .61  .65  .74  .64                                                                  
 128 TC0533   1314 1389                           .68                                                                       
 129 TC0539   1308 1401                           .57  .64                                                                  
 130 01011    1160 1378  .60  .78  .69  .55  .54  .58                                                                       
 131 01012    1160 1384  .67  .78  .68  .61  .52  .46                                                                       
 134 14091    1049 1376  .60  .71  .67  .48  .40  .28A                                                                      
 135 14092    1049 1432  .50  .67  .72  .57  .39  .25A .41  .50                                                             
 136 15041    1375 1750                                          .55  .51  .51  .68  .70  .70  .75  .67  .56  .43  .56  .63 
 137 15042    1375 1752                                          .50  .64  .57  .55  .58  .61  .68  .60  .61  .57  .62  .68 
 138 18022    1500 1760                                                                   .40  .43  .48  .50  .44  .66  .69 
 139 18032    1510 1624                                                                   .47  .56  .43                     
 140 18033    1509 1624                                                                   .54  .63  .59                     
 141 CG05B1   1015 1440  .47  .68  .62  .49  .48  .56  .50  .28B                                                            
 142 CG05E1   1058 1336  .61  .68  .67  .68                                                                                 
 143 CG05E2   1136 1308  .67  .66  .60                                                                                      
 144 CG05K1   1216 1394       .54  .67  .76  .65  .43                                                                       
 145 CG05K2   1215 1389       .50  .58  .74  .65  .43                                                                       
 146 05101    1157 1435  .53  .73  .82  .77  .70  .63  .69  .48                                                             
 147 05102    1157 1430  .31A .25B .48  .74  .71  .43  .56  .48                                                             
 148 05103    1250 1359                 .67  .70                                                                            
 149 05104    1157 1423  .54  .63  .76  .78  .69  .51  .55                                                                  
 150 05121    1051 1434  .59  .74  .78  .64  .54  .66  .68  .47                                                             
 151 05122    1179 1439  .59  .75  .74  .65  .51  .55  .66  .52                                                             
 152 05061    1160 1309  .62  .68  .69                                                                                      
 153 05071    1128 1342  .37  .48  .60  .53                                                                                 
 156 LT052A   1015 1440  .47  .68  .62  .49  .48  .56  .50  .28B                                                            
 158 CG9705   1136 1308  .67  .66  .60                                                                                      
 159 C0505A   1058 1336  .61  .68  .67  .68                                                                                 
 160 CG06C1   1297 1387                      .61  .58                                                                       
 161 CG06C2   1310 1387                           .66                                                                       
 162 CG06D    1273 1376                      .71  .59                                                                       
 163 CG06F    1258 1389                 .43  .62  .71                                                                       
 164 CG06G    1296 1388                      .70  .75                                                                       
 166 CG06N    1243 1389            .68  .60  .71  .71                                                                       
 167 CG06P    1263 1388                 .67  .68  .72                                                                       
 168 CG06R2   1310 1388                           .56                                                                       
 169 LT0622   1270 1373                 .57  .59                                                                            
 170 LT0623   1270 1373                 .64  .70                                                                            
 171 012706   1256 1383                 .57  .54  .70                                                                       
 172 01279A   1247 1383            .55  .57  .52  .45                                                                       
 173 012709   1232 1383            .55  .44  .46  .64                                                                       
 174 012712   1203 1382       .51  .73  .64  .52  .61                                                                       
 175 012712A  1229 1382            .62  .52  .52  .41                                                                       
 176 012713   1217 1383       .46  .41  .45  .54  .68                                                                       
 177 012715   1253 1383                 .35  .35  .51                                                                       
 178 012720P  1244 1383            .64  .50  .48  .70                                                                       
 179 012722   1187 1348  .33  .50  .40  .49                                                                                 
 180 012724   1235 1359            .70  .62  .61                                                                            
 181 012728   1193 1383  .51  .76  .76  .44  .34  .48                                                                       
 182 CG15H1   1614 1761                                                                                       .75  .75  .72 
 183 CG15H2   1611 1760                                                                                       .71  .80  .78 
 184 CG15J    1626 1754                                                                                            .73  .72 
 185 CG15K2   1653 1762                                                                                                 .85 
 186 CG15L    1637 1743                                                                                            .68  .66 
 187 CG15R1   1506 1759                                                                   .53  .44  .43  .49  .36  .42  .49 
 188 CG16A    1508 1649                                                                   .48  .57  .67  .64                
 189 CG16B    1505 1772                                                                   .62  .63  .65  .62  .66  .65  .69 
 190 CG16C    1540 1649                                                                        .76  .74  .62                
 191 CG16D    1460 1767                                                         .65  .61  .61  .69  .70  .61  .50  .71  .73 
 192 CG18C    1250 1742                 .44  .39  .39  .52  .57  .47  .63  .72  .75  .70  .60  .51  .41  .36  .43  .59  .46 
 193 CG18E    1623 1764                                                                                       .39  .54  .59 
 194 CG18G    1547 1752                                                                        .44  .45  .63  .72  .67  .67 
 195 CG18H    1637 1765                                                                                            .45  .59 
 196 CG18I1   1636 1767                                                                                            .63  .60 
 197 CG18I2   1636 1750                                                                                            .70  .71 
 198 CG18J    1500 1679                                                                   .56  .60  .52  .53  .54           
 199 CG18K    1547 1755                                                                        .27A .31A .52  .57  .73  .80 
 200 CG18M1   1590 1777                                                                                  .31A .59  .78  .80 
 201 CG18M2   1590 1767                                                                                  .41  .48  .78  .73 
 202 CG21A1   1422 1767                                               .64  .55  .54  .54  .30A .30A .51  .65  .42  .44  .60 
 203 CG21A2   1289 1769                      .57  .49  .47  .51  .69  .66  .53  .47  .49  .48  .42  .48  .68  .53  .57  .64 
 204 CG21C1   1587 1751                                                                                  .50  .61  .67  .63 
 205 CG21C2   1587 1734                                                                                  .46  .61  .70  .71 
 206 CG21D1   1501 1765                                                                   .46  .56  .49  .34  .37  .62  .67 
 207 CG21E    1621 1765                                                                                       .44  .64  .70 
 208 CG21G    1530 1744                                                                        .65  .59  .47  .47  .36  .41 
 209 CG21H    1589 1767                                                                                  .58  .60  .79  .82 
 210 CG21I    1593 1766                                                                                  .57  .52  .66  .75 
 211 CG21J    1464 1764                                                         .68  .54  .53  .71  .70  .70  .48  .62  .75 
 212 CG21K    1659 1768                                                                                                 .77 
 213 CG21L    1637 1766                                                                                            .73  .76 
 214 CG21RD   1591 1752                                                                                  .36B .36  .59  .65 
 215 CG22A1   1610 1753                                                                                       .47  .66  .64 
 216 CG22A2   1609 1687                                                                                       .67           
 217 CG22B    1557 1753                                                                             .60  .57  .44  .61  .59 
 218 CG22D    1536 1747                                                                        .54  .40  .42  .45  .65  .67 
 219 CG22E1   1628 1721                                                                                            .74      
 220 CG22F    1633 1741                                                                                            .48  .53 
 221 CG22E2   1629 1753                                                                                            .62  .63 
 222 CG23C    1516 1610                                                                   .75  .62                          
 223 CG23D2   1545 1679                                                                        .49  .39  .60  .58           
 224 CG23E2   1535 1748                                                                        .50  .49  .53  .50  .52  .57 
 225 CG23F    1546 1736                                                                        .61  .58  .35  .55  .67  .78 
 226 CG23G1   1464 1567                                                         .46  .61                                    
 227 CG23I1   1465 1724                                                         .66  .63  .69  .57  .54  .56  .54  .63  .64 
 228 CG23I2   1465 1702                                                         .56  .64  .70  .65  .65  .47  .17B .50      
 229 CG24A2   1592 1751                                                                                  .49  .46  .62  .76 
 230 CG24B    1660 1741                                                                                                 .70 
 231 CG24C    1553 1767                                                                             .69  .64  .44  .72  .75 
 232 CG24D    1615 1719                                                                                       .56  .58      
 233 CG24E    1566 1750                                                                             .48  .58  .54  .67  .77 
 234 CG25B    1546 1647                                                                        .63  .52                     
 235 23L3R2   1373 1745                                          .43  .43  .59  .71  .78  .82  .71  .70  .67  .46  .36  .50 
 236 23L3R1   1663 1743                                                                                                 .58 
 237 251AR2   1597 1766                                                                                  .30B .45  .66  .66 
 238 25L5R2   1541 1765                                                                        .36  .44  .37  .48  .70  .77 
 239 251BR1   1612 1766                                                                                       .27B .61  .70 
 240 251BR2   1611 1766                                                                                       .47  .80  .85 
 241 CG26B    1548 1642                                                                        .60  .56                     
 242 CG26D    1580 1659                                                                                  .53                
 243 07L3R1   1455 1744                                                         .38B .56  .59  .46  .58  .63  .59  .82  .79 
 244 07L3R2   1455 1747                                                         .43  .47  .65  .67  .61  .58  .66  .75  .65 
 245 07L3R3   1455 1743                                                         .41B .55  .68  .59  .54  .61  .58  .76  .72 
 246 CG07A1   1390 1752                                          .60  .68  .67  .61  .50  .45  .67  .54  .47  .77  .84  .84 
 247 CG07A2   1409 1754                                               .59  .57  .51  .59  .59  .65  .72  .66  .73  .76  .74 
 248 CG07C1   1320 1613                           .51  .49  .56  .63  .68  .70  .67  .63  .55  .61                          
 249 CG07C2   1319 1627                           .43  .57  .64  .53  .61  .71  .66  .72  .67  .66  .73                     
 250 07L4R1   1143 1537  .40  .40  .55  .68  .68  .58  .60  .49  .54  .65  .67  .69                                         
 251 07L4R2   1143 1527  .24A .30A .50  .66  .70  .58  .66  .65  .55  .57  .59  .54                                         
 252 07L4R3   1144 1559  .43  .59  .57  .61  .65  .62  .66  .61  .55  .70  .71  .58  .58                                    
 253 CG07F1   1337 1511                                .71  .78  .58  .62  .66                                              
 254 CG07F2   1333 1507                                .61  .69  .65  .60  .67                                              
 Av segment correlation  .54  .64  .65  .56  .57  .56  .60  .53  .53  .61  .63  .57  .59  .58  .59  .56  .52  .51  .63  .65 

 CORRELATION OF SERIES BY SEGMENTS: ak095
-----------------------------------------------------------------------------------------------------------------------------------
 Correlations of  50-year dated segments, lagged  25 years
 Flags:  A = correlation under   .3281 but highest as dated;  B = correlation higher at other than dated position

 Seq Series  Time_span  1700 1725 1750 1775 1800 1825 
                        1749 1774 1799 1824 1849 1874 
 --- -------- ---------  ---- ---- ---- ---- ---- ---- 
   2 160301   1764 1847                 .65           
   3 160302   1764 1843                 .76           
   4 160303   1764 1847                 .70           
   5 160401   1765 1849                 .65  .70      
   6 160402   1765 1845                 .63           
   7 160403   1765 1849                 .75  .83      
   8 160501   1772 1849                 .64  .74      
   9 160502   1772 1845                 .59           
  10 160503   1772 1851                 .57  .75      
  11 160601   1761 1846                 .78           
  12 160602   1761 1850                 .69  .69      
  13 160603   1761 1845                 .67           
  14 1402     1423 1785  .38  .52                     
  15 1402B    1395 1785  .37  .69                     
  16 1410     1459 1809  .36B .33A .45                
  17 1410A    1463 1809  .39  .33  .43                
  18 2201     1451 1791  .66  .56                     
  19 2202     1453 1797  .40  .52                     
  20 2202A    1452 1772  .50                          
  24 2301     1570 1803  .76  .74  .62                
  25 2301A    1590 1801  .66  .63  .48                
  26 2303     1523 1794  .78  .80                     
  27 2305     1598 1799  .54  .34B .06B               
  28 2305A    1599 1799  .66  .76  .59                
  29 2306     1494 1801  .66  .68  .62                
  30 2306A    1560 1799  .40  .42  .43                
  31 2307     1646 1798  .47  .56                     
  33 2309a    1476 1791  .41  .41                     
  35 2310A    1596 1795  .46  .31B                    
  36 2311     1628 1800  .52  .46  .44                
  37 2312     1603 1795  .52  .63                     
  38 2313     1444 1800  .30A .45  .76                
  39 2401     1694 1788  .26A .50                     
  40 2402     1691 1787  .56  .70                     
  42 2405     1706 1799       .58  .45                
  43 2406     1667 1793  .41  .70                     
  44 2503     1706 1813       .59  .67                
  45 2504     1714 1809       .64  .71                
  46 2505     1716 1808       .61  .71                
  47 3201     1617 1773  .51                          
  48 3201A    1584 1773  .60                          
  49 3203     1644 1783  .49  .46                     
  50 3205     1564 1782  .35  .60                     
  51 3206     1431 1784  .56  .79                     
  52 3207     1610 1785  .49  .61                     
  53 3208     1604 1784  .70  .75                     
  54 3209     1648 1784  .53  .63                     
  55 3210     1583 1783  .66  .67                     
  56 3212     1458 1785  .51  .62                     
  57 3214     1460 1786  .58  .59                     
  58 3215     1626 1786  .71  .64                     
  59 3303     1651 1799  .66  .60  .50                
  60 3304     1567 1799  .52  .57  .52                
  61 3305     1496 1780  .51  .61                     
  62 3306     1520 1792  .45  .59                     
  63 3307     1615 1793  .79  .65                     
  64 3308     1608 1789  .61  .71                     
  65 3311     1510 1793  .43  .57                     
  66 3401     1617 1807  .72  .56  .47                
  67 3402     1565 1808  .55  .66  .64                
  68 3403     1656 1807  .70  .75  .61                
  69 3403A    1612 1769  .49                          
  70 3501     1609 1809  .58  .69  .68                
  71 3503     1628 1799  .54  .57  .47                
  72 3601     1480 1799  .47  .63  .61                
  73 012102   1640 1796  .47  .68                     
  74 012105   1560 1806  .45  .64  .70                
  75 012108   1614 1808  .60  .62  .52                
  76 012109   1602 1808  .62  .76  .73                
  79 200201   1438 1767  .74                          
  80 200301   1560 1769  .57                          
  81 200401   1362 1766  .35                          
  83 200403   1362 1765  .59                          
  84 220201   1477 1765  .68                          
  85 220202   1477 1753  .71                          
  86 220301   1599 1764  .49                          
  87 220401   1550 1751  .69                          
  88 220501   1462 1752  .71                          
  89 220502   1465 1750  .53                          
  90 220601   1617 1752  .58                          
  92 220801   1470 1750  .45                          
  97 250301   1520 1765  .81                          
  98 250401   1266 1767  .74                          
  99 250402   1266 1767  .54                          
 103 270201   1536 1753  .47                          
 104 270501   1533 1751  .56                          
 105 3101A1   1552 1854  .41  .72  .72  .42  .32A     
 106 310102   1549 1799  .43  .66  .72                
 107 310301   1647 1876  .56  .63  .57  .30B .28A     
 108 310302   1647 1849  .31A .47  .47  .26B .46      
 136 15041    1375 1750  .46                          
 137 15042    1375 1752  .63                          
 138 18022    1500 1760  .49                          
 182 CG15H1   1614 1761  .57                          
 183 CG15H2   1611 1760  .54                          
 184 CG15J    1626 1754  .60                          
 185 CG15K2   1653 1762  .72                          
 187 CG15R1   1506 1759  .57                          
 189 CG16B    1505 1772  .75                          
 191 CG16D    1460 1767  .53                          
 193 CG18E    1623 1764  .48                          
 194 CG18G    1547 1752  .68                          
 195 CG18H    1637 1765  .47                          
 196 CG18I1   1636 1767  .47                          
 197 CG18I2   1636 1750  .66                          
 199 CG18K    1547 1755  .66                          
 200 CG18M1   1590 1777  .72  .70                     
 201 CG18M2   1590 1767  .65                          
 202 CG21A1   1422 1767  .75                          
 203 CG21A2   1289 1769  .60                          
 204 CG21C1   1587 1751  .48                          
 206 CG21D1   1501 1765  .64                          
 207 CG21E    1621 1765  .59                          
 209 CG21H    1589 1767  .65                          
 210 CG21I    1593 1766  .60                          
 211 CG21J    1464 1764  .68                          
 212 CG21K    1659 1768  .64                          
 213 CG21L    1637 1766  .73                          
 214 CG21RD   1591 1752  .60                          
 215 CG22A1   1610 1753  .48                          
 217 CG22B    1557 1753  .46                          
 221 CG22E2   1629 1753  .52                          
 229 CG24A2   1592 1751  .54                          
 231 CG24C    1553 1767  .57                          
 233 CG24E    1566 1750  .60                          
 237 251AR2   1597 1766  .61                          
 238 25L5R2   1541 1765  .68                          
 239 251BR1   1612 1766  .62                          
 240 251BR2   1611 1766  .75                          
 246 CG07A1   1390 1752  .61                          
 247 CG07A2   1409 1754  .65                          
 Av segment correlation  .56  .60  .56  .60  .60      

 FLAGGED SEGMENTS: ak095
-----------------------------------------------------------------------------------------------------------------------------------
 Seq Series   Segment    Flag  r dated  Best lag  r at lag   Gain  Note
 --- -------- ---------  ----  -------  --------  --------  -----  -----------------
  15 1402B    1500 1549     A     .268         0
  15 1402B    1525 1574     A     .325         0
  16 1410     1700 1749     B     .359         4      .368   .009
  16 1410     1725 1774     A     .326         0
  19 2202     1475 1524     A     .301         0
  19 2202     1600 1649     B     .292         5      .311   .019  weak at every lag
  20 2202A    1600 1649     B     .230        -7      .245   .015  weak at every lag
  21 2205     1600 1649     B     .287         5      .410   .123
  22 2207     1500 1549     A     .311         0
  22 2207     1525 1574     A     .322         0
  22 2207     1550 1599     B     .410        -3      .432   .022
  22 2207     1625 1674     B     .411        -2      .419   .008
  27 2305     1725 1774     B     .340         1      .354   .014
  27 2305     1750 1799     B     .059        -7      .184   .125  weak at every lag
  35 2310A    1725 1774     B     .313        -8      .440   .127
  38 2313     1550 1599     B     .256         4      .320   .064  weak at every lag
  38 2313     1700 1749     A     .296         0
  39 2401     1700 1749     A     .262         0
  50 3205     1575 1624     A     .303         0
  51 3206     1625 1674     B     .243        -2      .296   .053  weak at every lag
  53 3208     1625 1674     B     .218         4      .344   .126
  56 3212     1625 1674     A     .263         0
  61 3305     1600 1649     B     .154         6      .168   .014  weak at every lag
  61 3305     1625 1674     B     .250         2      .260   .010  weak at every lag
  65 3311     1575 1624     A     .285         0
  65 3311     1600 1649     B     .207         5      .212   .005  weak at every lag
  67 3402     1625 1674     B     .205         6      .231   .026  weak at every lag
  70 3501     1625 1674     B     .265       -10      .346   .080
  80 200301   1600 1649     A     .326         0
  81 200401   1650 1699     B     .458         3      .470   .012
  84 220201   1600 1649     A     .317         0
  89 220502   1475 1524     A     .281         0
  94 231001   1600 1649     A     .197         0
  95 240101   1275 1324     B     .195        -8      .233   .038  weak at every lag
  95 240101   1400 1449     B     .336        -8      .346   .009
  96 240102   1275 1324     B     .293        -8      .298   .006  weak at every lag
  96 240102   1400 1449     B     .244        -4      .303   .059  weak at every lag
  98 250401   1625 1674     B     .202        -6      .250   .048  weak at every lag
 105 3101A1   1800 1849     A     .325         0
 107 310301   1775 1824     B     .305        10      .369   .065
 107 310301   1800 1849     A     .279         0
 108 310302   1700 1749     A     .314         0
 108 310302   1775 1824     B     .264        10      .326   .062  weak at every lag
 114 100402   1150 1199     A     .319         0
 134 14091    1325 1374     A     .283         0
 135 14092    1325 1374     A     .247         0
 141 CG05B1   1375 1424     B     .285         4      .328   .043  weak at every lag
 147 05102    1200 1249     A     .307         0
 147 05102    1225 1274     B     .251         1      .553   .302
 154 05081     975 1024     B     .184        -9      .266   .082  weak at every lag
 156 LT052A   1375 1424     B     .285         4      .328   .043  weak at every lag
 199 CG18K    1550 1599     A     .268         0
 199 CG18K    1575 1624     A     .310         0
 200 CG18M1   1600 1649     A     .311         0
 202 CG21A1   1525 1574     A     .302         0
 202 CG21A1   1550 1599     A     .296         0
 214 CG21RD   1600 1649     B     .357        10      .400   .043
 228 CG23I2   1625 1674     B     .174        -8      .270   .096  weak at every lag
 237 251AR2   1600 1649     B     .299         5      .304   .005  weak at every lag
 239 251BR1   1625 1674     B     .268         2      .409   .141
 243 07L3R1   1475 1524     B     .383         3      .442   .059
 245 07L3R3   1475 1524     B     .412         3      .596   .184
 251 07L4R2   1150 1199     B     .250         2      .411   .161
 251 07L4R2   1175 1224     A     .325         0
 251 07L4R2   1200 1249     A     .244         0
 251 07L4R2   1225 1274     A     .295         0
 257 CGCA3     950  999     B     .249        -1      .265   .015  weak at every lag
 259 01085A   1050 1099     B     .311        -3      .313   .002  weak at every lag
 260 010805   1075 1124     B     .332        -7      .376   .043
 305 041501    925  974     B     .248         3      .333   .085
 305 041501    950  999     B     .335         2      .442   .107
 308 041601    950  999     B     .514         1      .610   .096
 310 041603    950  999     B     .504         1      .518   .014
 321 042603   1000 1049     B     .387         1      .414   .026
 325 090301    800  849     B     .122         4      .238   .117  weak at every lag
 330 090601    900  949     B     .249         2      .277   .027  weak at every lag
 335 070303    850  899     A     .323         0
 348 011104    700  749     B     .264        -8      .301   .038  weak at every lag
 348 011104   1000 1049     B     .210         3      .316   .105  weak at every lag
 348 011104   1025 1074     B     .132         3      .330   .199
 349 011106    700  749     A     .274         0
 349 011106    925  974     B     .546         1      .614   .068
 349 011106   1000 1049     B     .363         1      .367   .004
 349 011106   1025 1074     A     .245         0
 358 cg2101a   900  949     B     .259        -1      .523   .263
 359 cg2101b   900  949     B     .373        -1      .377   .004
 365 cg3106b   950  999     B     .272       -10      .338   .066
 366 cg3106c   950  999     B     .327         2      .459   .132
 368 cg3111b   900  949     A     .319         0
 372 cg3208a   700  749     A     .317         0
 372 cg3208a   750  799     B     .275        -3      .450   .175
 372 cg3208a   775  824     B     .342        -3      .438   .096
 372 cg3208a   950  999     A     .176         0
 373 cg3208b   700  749     B     .229        -2      .289   .060  weak at every lag
 373 cg3208b   725  774     B     .285        -2      .420   .135
 373 cg3208b   925  974     B     .270         1      .272   .002  weak at every lag
 378 cg3402a   875  924     A     .272         0
 378 cg3402a   900  949     A     .304         0
 379 cg3402b   775  824     A     .285         0
 386 cg42r1b   900  949     B     .117        -6      .295   .178  weak at every lag
 387 cg4304a   900  949     A     .245         0
 387 cg4304a   925  974     A     .289         0

 DESCRIPTIVE STATISTICS: ak095
-----------------------------------------------------------------------------------------------------------------------------------

                                                Corr   //-------- Unfiltered --------\\  //-- dplR filtered --\\
                           No.    No.    No.    with   Mean   Max     Std   Auto   Mean   Max     Std   Auto  AR
 Seq Series   Interval   Years  Segmt  Flags   Master  msmt   msmt    dev   corr   sens  value    dev   corr  ()
 --- -------- ---------  -----  -----  -----   ------ -----  -----  -----  -----  -----  -----  -----  -----  --
   1 1303     1570 1623     54      0      0    .653    .68   1.14   .199   .760   .169   1.55   .176  -.066   3
   2 160301   1764 1847     84      1      0    .688    .58   1.20   .218   .694   .242   1.65   .253   .039   2
   3 160302   1764 1843     80      1      0    .705    .52   1.20   .269   .801   .287   1.92   .309   .022   1
   4 160303   1764 1847     84      1      0    .765    .61   1.14   .225   .666   .244   1.53   .254   .065   1
   5 160401   1765 1849     85      2      0    .678    .45   1.51   .255   .845   .269   1.74   .269   .061   1
   6 160402   1765 1845     81      1      0    .716    .39   1.03   .163   .719   .245   1.64   .253   .028   1
   7 160403   1765 1849     85      2      0    .774    .42   1.45   .275   .873   .277   1.88   .312  -.029   1
   8 160501   1772 1849     78      2      0    .706    .37    .94   .138   .557   .247   1.89   .278   .055   1
   9 160502   1772 1845     74      1      0    .677    .50   1.24   .259   .774   .272   1.76   .283   .051   2
  10 160503   1772 1851     80      2      0    .638    .46    .94   .155   .532   .250   1.67   .268   .038   1
  11 160601   1761 1846     86      1      0    .736    .46   1.83   .376   .888   .293   1.98   .312   .001   1
  12 160602   1761 1850     90      2      0    .629    .43   1.78   .331   .894   .281   1.76   .278  -.034   3
  13 160603   1761 1845     85      1      0    .559    .41   1.32   .303   .908   .326   1.73   .307  -.025   3
  14 1402     1423 1785    363     13      0    .567    .35   1.21   .197   .828   .276   1.70   .279   .027   1
  15 1402B    1395 1785    391     14      2    .559    .36    .96   .174   .812   .255   1.88   .257   .006   1
  16 1410     1459 1809    351     12      2    .455    .34   1.41   .197   .855   .237   1.87   .244   .003   3
  17 1410A    1463 1809    347     12      0    .478    .34   1.34   .200   .852   .247   1.74   .254  -.002   3
  18 2201     1451 1791    341     11      0    .523    .36   1.19   .172   .820   .216   1.94   .232  -.020   3
  19 2202     1453 1797    345     11      2    .362    .40    .97   .213   .857   .224   1.66   .227  -.022   3
  20 2202A    1452 1772    321     10      1    .546    .42   1.06   .215   .876   .215   1.62   .219  -.024   3
  21 2205     1491 1723    233      7      1    .500    .53   1.26   .273   .836   .248   1.85   .256  -.016   3
  22 2207     1490 1714    225      7      4    .462    .42    .87   .133   .774   .188   1.57   .181  -.011   3
  23 2207A    1460 1723    264      8      0    .499    .39    .87   .146   .681   .256   1.70   .250  -.005   3
  24 2301     1570 1803    234      8      0    .614    .46    .96   .170   .663   .248   1.83   .240  -.008   3
  25 2301A    1590 1801    212      7      0    .569    .52   1.06   .199   .743   .222   1.45   .214  -.017   3
  26 2303     1523 1794    272      8      0    .699    .22    .75   .129   .816   .312   1.83   .303  -.001   3
  27 2305     1598 1799    202      6      2    .470    .18    .35   .065   .551   .286   1.75   .268  -.015   3
  28 2305A    1599 1799    201      6      0    .659    .18    .35   .069   .619   .297   1.68   .257  -.009   3
  29 2306     1494 1801    308     11      0    .594    .27    .84   .149   .782   .287   2.31   .301   .009   3
  30 2306A    1560 1799    240      8      0    .477    .35   1.08   .189   .766   .280   1.97   .295  -.017   3
  31 2307     1646 1798    153      4      0    .570    .47   1.12   .214   .818   .234   1.76   .229   .027   3
  32 2309     1472 1647    176      5      0    .599    .45   1.19   .245   .838   .238   1.67   .245  -.044   3
  33 2309a    1476 1791    316     10      0    .512    .25   1.25   .202   .911   .282   1.81   .278  -.018   1
  34 2310     1466 1669    204      6      0    .583    .24    .96   .124   .745   .245   2.21   .256  -.029   3
  35 2310A    1596 1795    200      6      1    .421    .13    .29   .049   .758   .217   1.54   .217   .029   1
  36 2311     1628 1800    173      5      0    .529    .38    .90   .160   .794   .219   1.84   .222  -.036   3
  37 2312     1603 1795    193      5      0    .471    .31   1.47   .174   .793   .242   2.02   .266   .043   1
  38 2313     1444 1800    357     13      2    .551    .33    .84   .161   .827   .226   1.89   .239  -.003   1
  39 2401     1694 1788     95      2      1    .384   1.53   3.18   .691   .872   .151   1.50   .163  -.006   1
  40 2402     1691 1787     97      2      0    .671   1.06   3.12   .485   .761   .242   2.09   .252   .081   1
  41 2403     1666 1743     78      1      0    .619    .63   2.05   .465   .899   .301   1.85   .303  -.012   1
  42 2405     1706 1799     94      2      0    .456   1.15   3.19   .773   .939   .196   1.71   .212  -.024   3
  43 2406     1667 1793    127      3      0    .503   1.13   4.31  1.110   .930   .286   1.67   .279   .007   3
  44 2503     1706 1813    108      2      0    .401   1.01   2.95   .720   .932   .188   1.51   .202  -.029   3
  45 2504     1714 1809     96      2      0    .555   1.99   3.91   .751   .855   .158   1.37   .171  -.043   1
  46 2505     1716 1808     93      2      0    .492    .92   1.90   .455   .877   .193   1.57   .206  -.030   3
  47 3201     1617 1773    157      4      0    .519    .39    .94   .208   .857   .239   1.88   .250  -.048   3
  48 3201A    1584 1773    190      5      0    .584    .33    .96   .194   .881   .238   2.00   .235  -.009   3
  49 3203     1644 1783    140      4      0    .500    .22    .71   .120   .784   .247   1.60   .252  -.035   3
  50 3205     1564 1782    219      7      1    .482    .36    .93   .211   .844   .279   1.68   .294  -.009   3
  51 3206     1431 1784    354     12      1    .517    .28    .64   .115   .765   .236   1.82   .239  -.032   3
  52 3207     1610 1785    176      5      0    .427    .40   1.06   .146   .728   .210   1.60   .210   .006   3
  53 3208     1604 1784    181      5      1    .590    .41    .83   .147   .702   .243   1.76   .235  -.006   3
  54 3209     1648 1784    137      4      0    .510    .89   1.52   .219   .745   .143   1.62   .155   .017   2
  55 3210     1583 1783    201      6      0    .592    .39    .96   .207   .830   .268   1.69   .253  -.022   3
  56 3212     1458 1785    328     11      1    .572    .38   1.14   .183   .778   .249   2.12   .241  -.022   3
  57 3214     1460 1786    327     11      0    .512    .29   1.07   .161   .757   .311   3.55   .338  -.006   3
  58 3215     1626 1786    161      4      0    .656    .30    .71   .132   .774   .262   1.59   .252  -.002   3
  59 3303     1651 1799    149      4      0    .445    .33    .69   .145   .691   .270   1.73   .287   .004   1
  60 3304     1567 1799    233      8      0    .501    .37   1.09   .260   .954   .176   2.50   .197   .002   3
  61 3305     1496 1780    285     10      2    .502    .53   1.34   .254   .872   .224   2.05   .237   .011   3
  62 3306     1520 1792    273      9      0    .507    .44   1.21   .295   .876   .240   2.13   .239  -.020   1
  63 3307     1615 1793    179      5      0    .725    .55   1.13   .239   .844   .203   1.54   .194   .009   3
  64 3308     1608 1789    182      5      0    .558    .34    .94   .199   .791   .293   1.72   .284  -.010   3
  65 3311     1510 1793    284      9      2    .513    .35    .85   .210   .862   .234   1.85   .239  -.001   2
  66 3401     1617 1807    191      6      0    .630    .84   1.87   .253   .665   .207   1.46   .195  -.009   3
  67 3402     1565 1808    244      8      1    .528    .42    .78   .133   .674   .210   1.58   .213   .006   1
  68 3403     1656 1807    152      4      0    .659    .43    .85   .131   .701   .196   1.48   .191  -.027   3
  69 3403A    1612 1769    158      4      0    .507    .45    .94   .173   .845   .190   1.55   .194   .036   3
  70 3501     1609 1809    201      6      1    .528    .44   1.26   .223   .714   .346   1.89   .344  -.008   3
  71 3503     1628 1799    172      5      0    .550    .58   1.30   .225   .843   .184   1.61   .184  -.026   3
  72 3601     1480 1799    320     11      0    .513    .27   1.15   .181   .859   .233   2.14   .256  -.018   3
  73 012102   1640 1796    157      4      0    .526    .45    .95   .197   .803   .225   1.91   .250   .001   1
  74 012105   1560 1806    247      8      0    .589    .46    .93   .134   .664   .192   1.53   .189  -.010   3
  75 012108   1614 1808    195      6      0    .514    .52   1.67   .304   .823   .288   1.93   .275  -.017   3
  76 012109   1602 1808    207      6      0    .584    .42   1.09   .230   .860   .266   2.04   .273  -.046   3
  77 040101   1582 1737    156      4      0    .518    .25    .70   .137   .794   .297   1.78   .281   .037   1
  78 200101   1427 1745    319     10      0    .543    .38   1.36   .258   .909   .224   2.00   .242  -.002   1
  79 200201   1438 1767    330     11      0    .708    .51   1.36   .183   .733   .212   1.64   .220  -.000   2
  80 200301   1560 1769    210      6      1    .596    .39    .79   .133   .795   .175   1.66   .190   .022   3
  81 200401   1362 1766    405     14      1    .511    .29    .92   .135   .832   .199   1.77   .211   .017   1
  82 200402   1362 1649    288     10      0    .544    .35    .77   .149   .841   .187   1.71   .190  -.002   2
  83 200403   1362 1765    404     14      0    .572    .41   1.04   .221   .882   .213   1.73   .223  -.009   1
  84 220201   1477 1765    289      9      1    .517    .38   1.00   .191   .885   .201   1.89   .216  -.008   3
  85 220202   1477 1753    277      9      0    .605    .32    .85   .145   .843   .198   1.72   .208  -.016   3
  86 220301   1599 1764    166      4      0    .535    .34   1.11   .213   .847   .240   1.83   .253   .002   3
  87 220401   1550 1751    202      6      0    .617    .38    .87   .142   .668   .246   1.77   .248  -.007   1
  88 220501   1462 1752    291     10      0    .605    .30    .79   .128   .752   .224   1.75   .221  -.021   3
  89 220502   1465 1750    286     10      1    .483    .31   1.07   .154   .785   .214   2.12   .224  -.022   1
  90 220601   1617 1752    136      4      0    .606    .38   1.05   .216   .840   .259   1.73   .264   .037   3
  91 220701   1295 1744    450     16      0    .572    .29    .67   .128   .750   .266   1.80   .265  -.014   3
  92 220801   1470 1750    281     10      0    .581    .32   1.09   .208   .869   .274   2.20   .292  -.010   3
  93 230401   1452 1740    289      9      0    .648    .42    .82   .146   .680   .227   2.03   .235   .027   1
  94 231001   1565 1748    184      5      1    .429    .54   1.65   .271   .832   .204   2.12   .221   .030   3
  95 240101   1270 1724    455     17      2    .537    .39   2.09   .262   .921   .172   1.54   .169  -.017   1
  96 240102   1270 1725    456     17      2    .548    .44   1.83   .263   .888   .171   1.75   .178  -.017   1
  97 250301   1520 1765    246      8      0    .595    .28   1.50   .228   .837   .337   2.04   .337  -.013   1
  98 250401   1266 1767    502     18      1    .489    .24   1.01   .152   .794   .317   2.57   .318  -.021   3
  99 250402   1266 1767    502     18      0    .508    .29   1.07   .148   .688   .276   2.91   .306  -.023   3
 100 260101   1507 1740    234      7      0    .645    .53   1.21   .181   .777   .171   1.68   .167  -.003   1
 101 260301   1439 1733    295     10      0    .579    .55   1.14   .194   .820   .174   1.57   .174  -.026   1
 102 260302   1439 1735    297     10      0    .638    .47   1.14   .163   .697   .209   1.71   .216   .016   1
 103 270201   1536 1753    218      7      0    .532    .64   1.44   .250   .849   .170   1.71   .176  -.021   3
 104 270501   1533 1751    219      7      0    .631    .81   3.86   .662   .912   .212   1.68   .229  -.007   2
 105 3101A1   1552 1854    303     10      1    .520    .57   1.98   .371   .863   .227   1.83   .248  -.012   3
 106 310102   1549 1799    251      8      0    .576    .39   1.64   .316   .937   .225   1.93   .225   .011   2
 107 310301   1647 1876    230      7      2    .445    .30   1.39   .238   .903   .234   1.71   .248  -.002   3
 108 310302   1647 1849    203      7      2    .460    .28   1.14   .170   .906   .183   1.54   .198  -.021   3
 109 000102   1462 1663    202      6      0    .489    .87   1.76   .345   .638   .294   2.13   .292  -.012   1
 110 001101   1518 1662    145      4      0    .453    .89   2.69   .436   .635   .352   2.33   .343   .014   2
 111 100101   1147 1315    169      5      0    .573    .69   2.04   .394   .901   .190   1.45   .191  -.014   1
 112 100102   1123 1317    195      5      0    .672    .62   2.22   .381   .850   .231   1.73   .229  -.040   3
 113 100401   1076 1317    242      7      0    .641    .61   1.67   .271   .777   .260   1.72   .244  -.059   3
 114 100402   1118 1318    201      6      1    .554    .85   2.23   .393   .726   .256   1.73   .256  -.050   3
 115 100403   1081 1318    238      7      0    .633    .58   1.55   .246   .771   .244   1.57   .231  -.038   3
 116 100501   1161 1316    156      4      0    .633    .84   2.12   .432   .817   .255   1.71   .251   .007   3
 117 100502   1146 1317    172      5      0    .639    .76   1.81   .335   .739   .262   1.91   .253   .028   3
 118 TC0501   1265 1393    129      3      0    .460    .45   1.23   .251   .892   .181   1.63   .181  -.028   1
 119 TC0502   1329 1373     45      0      0    .362   2.83   5.48  1.195   .853   .177   1.38   .177   .100   1
 120 TC0503   1309 1401     93      2      0    .700   1.03   1.57   .284   .791   .146   1.33   .152   .012   1
 121 TC0506a  1288 1390    103      2      0    .421    .82   3.03   .495   .798   .262   2.52   .293  -.007   2
 122 TC0511   1275 1393    119      2      0    .604    .76   1.30   .230   .689   .187   1.57   .191   .037   1
 123 TC0514   1294 1413    120      3      0    .669    .77   2.16   .465   .896   .202   1.79   .234   .032   1
 124 TC0515a  1263 1413    151      4      0    .550    .69   2.14   .406   .835   .263   1.75   .265   .024   3
 125 TC0517   1252 1388    137      3      0    .427   1.28   3.87   .785   .908   .196   1.57   .212   .044   1
 126 TC0525   1257 1404    148      4      0    .679    .84   2.22   .414   .815   .243   1.72   .237   .013   3
 127 TC0526   1260 1413    154      4      0    .607    .83   2.24   .462   .827   .248   1.74   .242   .024   3
 128 TC0533   1314 1389     76      1      0    .646   1.82   3.45   .615   .822   .149   1.52   .157  -.011   1
 129 TC0539   1308 1401     94      2      0    .527   1.03   1.61   .262   .771   .137   1.34   .140  -.014   1
 130 01011    1160 1378    219      7      0    .618    .53   1.96   .293   .818   .247   1.90   .257  -.021   3
 131 01012    1160 1384    225      7      0    .615    .56   1.58   .252   .807   .214   1.71   .225  -.007   3
 132 01021     918 1207    290     10      0    .584    .35    .83   .136   .563   .279   1.97   .276  -.002   3
 133 01022     979 1163    185      5      0    .616    .43    .76   .123   .393   .250   2.00   .232  -.007   1
 134 14091    1049 1376    328     11      1    .540    .45   1.72   .317   .916   .200   1.70   .207  -.038   3
 135 14092    1049 1432    384     13      1    .523    .46   1.34   .240   .894   .205   1.58   .200  -.024   3
 136 15041    1375 1750    376     13      0    .576    .46   1.95   .285   .855   .247   2.01   .255   .028   1
 137 15042    1375 1752    378     13      0    .594    .44   2.30   .285   .843   .245   1.89   .257  -.003   2
 138 18022    1500 1760    261      8      0    .527    .31    .79   .126   .768   .214   1.70   .232   .098   1
 139 18032    1510 1624    115      3      0    .515    .76   1.99   .348   .877   .159   1.49   .161   .002   1
 140 18033    1509 1624    116      3      0    .593    .68   1.62   .325   .867   .170   1.52   .182  -.015   1
 141 CG05B1   1015 1440    426     15      1    .494    .37   1.13   .185   .845   .214   1.89   .214   .001   2
 142 CG05E1   1058 1336    279      9      0    .637    .50   1.41   .329   .908   .221   1.91   .227  -.039   3
 143 CG05E2   1136 1308    173      5      0    .575    .33   1.30   .172   .851   .226   1.67   .227  -.010   3
 144 CG05K1   1216 1394    179      5      0    .537    .38   1.45   .212   .796   .270   1.98   .284  -.028   3
 145 CG05K2   1215 1389    175      5      0    .507    .47   1.24   .249   .805   .280   1.81   .285  -.044   3
 146 05101    1157 1435    279      9      0    .588    .53   1.34   .258   .747   .278   1.73   .269   .029   3
 147 05102    1157 1430    274      9      2    .452    .53   1.61   .353   .819   .317   1.96   .314   .010   3
 148 05103    1250 1359    110      2      0    .548    .55   1.41   .309   .705   .361   2.03   .335   .012   3
 149 05104    1157 1423    267      8      0    .489    .49   1.70   .283   .738   .352   2.47   .341   .007   3
 150 05121    1051 1434    384     13      0    .588    .36   1.00   .189   .667   .316   2.18   .335   .010   3
 151 05122    1179 1439    261      8      0    .569    .44   1.40   .253   .788   .282   2.11   .292  -.033   3
 152 05061    1160 1309    150      4      0    .640    .31    .83   .137   .483   .345   2.15   .353   .006   1
 153 05071    1128 1342    215      6      0    .540    .58   1.39   .254   .615   .326   2.60   .325  -.018   1
 154 05081     954 1163    210      6      1    .469    .31   1.33   .188   .740   .290   2.38   .319  -.035   3
 155 05082     978 1148    171      4      0    .507    .60   1.43   .254   .747   .241   1.65   .241  -.009   2
 156 LT052A   1015 1440    426     15      1    .494    .37   1.13   .185   .845   .214   1.89   .214   .001   2
 157 LT052B   1016 1409    382                          .34   1.21   .210   .857   .225                         
 158 CG9705   1136 1308    173      5      0    .575    .33   1.30   .172   .851   .226   1.67   .227  -.010   3
 159 C0505A   1058 1336    279      9      0    .637    .50   1.41   .329   .908   .221   1.91   .227  -.039   3
 160 CG06C1   1297 1387     91      2      0    .614    .50   1.15   .253   .765   .303   1.60   .290  -.071   3
 161 CG06C2   1310 1387     78      1      0    .662    .47    .90   .177   .624   .272   1.65   .280  -.023   1
 162 CG06D    1273 1376    104      2      0    .563    .61   1.66   .270   .693   .255   1.58   .260   .063   3
 163 CG06F    1258 1389    132      3      0    .488   1.00   1.78   .253   .650   .163   1.50   .180   .032   1
 164 CG06G    1296 1388     93      2      0    .731    .90   1.94   .343   .714   .223   1.55   .222   .040   2
 165 CG06A    1324 1389     66      0      0    .584   1.03   1.82   .363   .689   .209   1.65   .251   .018   2
 166 CG06N    1243 1389    147      4      0    .678   1.13   2.12   .300   .634   .169   1.77   .186  -.002   3
 167 CG06P    1263 1388    126      3      0    .676    .59   1.18   .221   .704   .238   1.94   .260  -.023   3
 168 CG06R2   1310 1388     79      1      0    .571   1.03   1.75   .304   .527   .238   1.62   .236  -.023   1
 169 LT0622   1270 1373    104      2      0    .575   1.03   2.06   .497   .851   .219   1.77   .253   .175   1
 170 LT0623   1270 1373    104      2      0    .686    .44   1.11   .245   .780   .309   1.91   .322  -.003   1
 171 012706   1256 1383    128      3      0    .488    .81   1.88   .305   .766   .202   1.45   .204  -.024   1
 172 01279A   1247 1383    137      4      0    .506    .60   1.49   .216   .616   .227   1.79   .244   .003   2
 173 012709   1232 1383    152      4      0    .529    .63   1.74   .232   .605   .229   1.88   .248   .015   2
 174 012712   1203 1382    180      5      0    .518    .61   1.65   .302   .816   .226   1.66   .221  -.060   3
 175 012712A  1229 1382    154      4      0    .480    .50   1.49   .308   .882   .213   2.01   .239   .027   1
 176 012713   1217 1383    167      5      0    .502    .52   1.07   .235   .806   .283   1.68   .255  -.002   3
 177 012715   1253 1383    131      3      0    .522    .96   1.47   .272   .701   .181   1.45   .190   .021   1
 178 012720P  1244 1383    140      4      0    .623    .79   2.00   .321   .764   .222   1.54   .210  -.020   1
 179 012722   1187 1348    162      4      0    .392    .48   1.13   .254   .795   .260   1.74   .251  -.024   3
 180 012724   1235 1359    125      3      0    .671    .67   1.22   .216   .631   .229   1.75   .237   .044   1
 181 012728   1193 1383    191      6      0    .554    .65   1.64   .275   .745   .240   1.90   .240  -.005   3
 182 CG15H1   1614 1761    148      4      0    .656    .65   1.35   .287   .761   .264   1.65   .259   .036   3
 183 CG15H2   1611 1760    150      4      0    .642    .58   1.16   .264   .754   .269   1.96   .255   .026   3
 184 CG15J    1626 1754    129      3      0    .693    .66   1.86   .333   .831   .229   1.76   .236   .009   3
 185 CG15K2   1653 1762    110      2      0    .668    .68   1.33   .323   .819   .255   3.33   .340   .204   1
 186 CG15L    1637 1743    107      2      0    .528    .65   2.06   .370   .786   .298   1.68   .289   .031   1
 187 CG15R1   1506 1759    254      8      0    .439    .60   1.61   .296   .868   .215   1.61   .216   .000   1
 188 CG16A    1508 1649    142      4      0    .618    .35    .68   .130   .702   .259   1.59   .254  -.022   3
 189 CG16B    1505 1772    268      8      0    .661    .35    .83   .139   .719   .243   1.73   .252  -.004   3
 190 CG16C    1540 1649    110      3      0    .722    .47    .91   .169   .780   .171   1.70   .175   .002   1
 191 CG16D    1460 1767    308     10      0    .615    .43   1.54   .260   .853   .219   1.72   .225   .008   1
 192 CG18C    1250 1742    493     17      0    .456    .31   1.24   .221   .933   .215   1.76   .218  -.005   1
 193 CG18E    1623 1764    142      4      0    .544    .30    .81   .140   .785   .243   2.05   .252   .063   1
 194 CG18G    1547 1752    206      7      0    .603    .47   1.48   .224   .792   .227   1.91   .241   .000   3
 195 CG18H    1637 1765    129      3      0    .465    .42    .90   .174   .720   .247   2.11   .278   .042   1
 196 CG18I1   1636 1767    132      3      0    .568    .43   1.21   .256   .883   .238   1.85   .263  -.004   3
 197 CG18I2   1636 1750    115      3      0    .652    .32    .91   .203   .899   .244   1.69   .254   .016   3
 198 CG18J    1500 1679    180      5      0    .484    .51   1.11   .204   .683   .237   1.81   .245  -.008   2
 199 CG18K    1547 1755    209      7      2    .507    .28    .88   .157   .835   .277   1.97   .276   .024   1
 200 CG18M1   1590 1777    188      6      1    .643    .27   1.01   .154   .729   .311   2.24   .340   .002   3
 201 CG18M2   1590 1767    178      5      0    .657    .30    .78   .164   .811   .281   1.85   .286  -.028   2
 202 CG21A1   1422 1767    346     12      2    .552    .29   1.20   .185   .841   .280   1.91   .278  -.016   3
 203 CG21A2   1289 1769    481     17      0    .553    .26   1.17   .171   .786   .310   3.13   .322  -.021   3
 204 CG21C1   1587 1751    165      5      0    .548    .41   1.11   .252   .876   .236   2.05   .248   .006   3
 205 CG21C2   1587 1734    148      4      0    .612    .42    .90   .193   .822   .229   1.68   .228   .003   3
 206 CG21D1   1501 1765    265      8      0    .498    .36    .94   .144   .786   .207   2.04   .222  -.004   3
 207 CG21E    1621 1765    145      4      0    .612    .35   1.07   .191   .861   .244   1.79   .249  -.030   3
 208 CG21G    1530 1744    215      6      0    .436    .30    .98   .139   .895   .154   1.51   .161  -.013   1
 209 CG21H    1589 1767    179      5      0    .696    .64   1.39   .238   .812   .184   1.74   .192  -.014   3
 210 CG21I    1593 1766    174      5      0    .630    .63   1.50   .235   .770   .192   1.72   .211   .035   1
 211 CG21J    1464 1764    301     10      0    .646    .40    .90   .138   .671   .234   1.87   .228  -.034   3
 212 CG21K    1659 1768    110      2      0    .721    .63   1.94   .366   .810   .310   1.82   .299  -.003   3
 213 CG21L    1637 1766    130      3      0    .729    .61   1.15   .208   .796   .191   1.53   .193  -.051   3
 214 CG21RD   1591 1752    162      5      1    .546    .58   1.43   .255   .879   .180   1.50   .166  -.026   3
 215 CG22A1   1610 1753    144      4      0    .506    .78   1.96   .414   .855   .221   2.13   .251  -.003   2
 216 CG22A2   1609 1687     79      1      0    .643   1.02   1.95   .449   .856   .206   1.70   .213   .119   3
 217 CG22B    1557 1753    197      6      0    .540    .67   1.45   .295   .895   .172   1.57   .174   .011   1
 218 CG22D    1536 1747    212      6      0    .505    .78   3.03   .604   .891   .220   2.08   .248  -.019   3
 219 CG22E1   1628 1721     94      1      0    .687    .58   1.09   .218   .716   .236   1.55   .217  -.010   3
 220 CG22F    1633 1741    109      2      0    .487   1.46   5.14   .992   .913   .198   1.62   .222   .028   1
 221 CG22E2   1629 1753    125      3      0    .575    .66   1.37   .299   .830   .232   1.64   .223   .012   3
 222 CG23C    1516 1610     95      2      0    .633    .55   1.32   .244   .725   .235   2.02   .255  -.009   3
 223 CG23D2   1545 1679    135      4      0    .382    .92   2.48   .569   .843   .262   2.05   .294   .063   1
 224 CG23E2   1535 1748    214      6      0    .456    .66   2.62   .416   .861   .307   2.37   .305  -.005   3
 225 CG23F    1546 1736    191      6      0    .587    .67   1.77   .361   .795   .312   2.71   .319  -.010   1
 226 CG23G1   1464 1567    104      2      0    .554    .55   1.05   .200   .653   .224   1.65   .222  -.001   1
 227 CG23I1   1465 1724    260      9      0    .595    .33   1.03   .204   .876   .258   2.07   .260   .002   1
 228 CG23I2   1465 1702    238      8      1    .510    .38   1.16   .254   .894   .240   1.74   .240   .019   1
 229 CG24A2   1592 1751    160      5      0    .582    .46   1.29   .288   .872   .241   1.57   .235  -.011   3
 230 CG24B    1660 1741     82      1      0    .657    .47   1.43   .237   .720   .264   1.98   .291  -.020   2
 231 CG24C    1553 1767    215      6      0    .664    .45   1.10   .227   .875   .186   1.57   .208   .009   1
 232 CG24D    1615 1719    105      2      0    .604    .89   2.02   .420   .803   .259   1.67   .237  -.031   3
 233 CG24E    1566 1750    185      6      0    .601    .56   1.85   .398   .900   .230   1.71   .248   .006   1
 234 CG25B    1546 1647    102      2      0    .527    .65   1.17   .171   .228   .240   1.74   .233   .032   0
 235 23L3R2   1373 1745    373     12      0    .565    .23    .67   .124   .814   .272   1.78   .259  -.014   3
 236 23L3R1   1663 1743     81      1      0    .494    .53    .99   .200   .796   .179   1.49   .180  -.078   3
 237 251AR2   1597 1766    170      5      1    .493    .48   1.41   .212   .762   .221   2.63   .284   .037   2
 238 25L5R2   1541 1765    225      7      0    .548    .60   2.10   .301   .867   .201   1.69   .209  -.011   3
 239 251BR1   1612 1766    155      4      1    .544    .46   1.23   .225   .746   .266   1.97   .273  -.023   3
 240 251BR2   1611 1766    156      4      0    .668    .39    .93   .184   .818   .208   1.59   .212   .027   3
 241 CG26B    1548 1642     95      2      0    .517    .61   1.31   .205   .685   .206   2.09   .223  -.003   1
 242 CG26D    1580 1659     80      1      0    .488    .54   1.00   .204   .535   .312   1.73   .302  -.026   1
 243 07L3R1   1455 1744    290      9      1    .545    .34   1.10   .208   .899   .226   1.89   .242   .013   1
 244 07L3R2   1455 1747    293      9      0    .553    .36   1.14   .221   .880   .243   2.28   .262  -.016   2
 245 07L3R3   1455 1743    289      9      1    .563    .41   1.20   .270   .928   .220   1.83   .233   .031   1
 246 CG07A1   1390 1752    363     13      0    .633    .50   1.60   .273   .893   .198   1.56   .197  -.002   3
 247 CG07A2   1409 1754    346     12      0    .633    .45   1.27   .230   .905   .172   1.62   .181   .009   3
 248 CG07C1   1320 1613    294     10      0    .565    .34   1.11   .179   .774   .247   1.99   .240   .014   1
 249 CG07C2   1319 1627    309     11      0    .589    .34    .92   .173   .779   .241   2.03   .228  -.003   2
 250 07L4R1   1143 1537    395     14      0    .504    .29   1.01   .169   .828   .286   2.43   .289  -.005   3
 251 07L4R2   1143 1527    385     14      4    .413    .26    .94   .137   .748   .261   2.61   .300  -.003   3
 252 07L4R3   1144 1559    416     15      0    .542    .30   1.15   .176   .842   .264   2.33   .277  -.002   3
 253 CG07F1   1337 1511    175      5      0    .663    .44   1.51   .256   .890   .195   1.57   .200  -.024   1
 254 CG07F2   1333 1507    175      5      0    .631    .50   2.18   .377   .916   .202   1.58   .207   .004   2
 255 CGCA2     993 1136    144      4      0    .678    .73   1.66   .297   .640   .302   1.82   .298  -.001   2
 256 CGCA1    1021 1138    118      3      0    .654    .75   1.47   .298   .639   .285   1.67   .285  -.028   2
 257 CGCA3     946 1136    191      6      1    .537    .75   2.20   .379   .676   .343   2.02   .340  -.005   2
 258 CGCB     1014 1185    172      5      0    .547    .81   1.67   .290   .721   .213   1.63   .224   .006   2
 259 01085A   1041 1198    158      4      1    .445    .89   2.05   .378   .814   .204   1.60   .213   .004   3
 260 010805   1040 1197    158      4      1    .413    .75   1.69   .350   .782   .235   1.84   .244   .025   1
 261 01131A    990 1087     98      2      0    .524    .82   1.80   .361   .705   .303   2.02   .291  -.034   2
 262 02TC6     962 1069    108      2      0    .569   1.65   3.25   .615   .759   .206   1.35   .194  -.025   3
 263 02TC12a   966 1066    101      2      0    .436    .80   2.47   .578   .810   .342   1.92   .329   .025   1
 264 020601   1013 1064     52      0      0    .734   1.31   3.12   .674   .769   .289   1.54   .259   .019   2
 265 020602   1013 1063     51      0      0    .674   1.35   3.40   .784   .821   .285   1.64   .277   .015   2
 266 020603   1013 1064     52      0      0    .628   1.41   3.15   .626   .743   .261   1.55   .245   .028   2
 267 020801    978 1043     66      0      0    .478   1.21   2.57   .550   .677   .292   1.78   .302   .033   3
 268 020802    978 1042     65      0      0    .550   1.23   3.04   .777   .725   .349   1.91   .372  -.006   3
 269 020803A   978 1028     51      0      0    .596   1.44   4.23   .980   .778   .394   2.49   .462   .079   3
 270 020901    977 1041     65      0      0    .541   1.24   3.84   .896   .820   .329   1.74   .348  -.032   3
 271 020902    977 1059     83      1      0    .455   1.09   3.15   .678   .769   .306   1.97   .333  -.020   3
 272 020X01    892 1032    141      4      0    .566   1.42   4.36   .675   .804   .232   1.67   .247   .034   1
 273 020X02    892 1062    171      5      0    .587   1.61   4.17   .643   .745   .219   1.85   .235  -.028   3
 274 020X03    892 1059    168      5      0    .617   1.30   4.63   .794   .826   .242   1.94   .262  -.045   3
 275 030101    911 1049    139      4      0    .650   2.39   4.43   .891   .772   .201   1.62   .213  -.035   3
 276 030102    911 1059    149      4      0    .613   2.30   3.73   .782   .819   .171   1.57   .191  -.029   3
 277 030103    911 1058    148      4      0    .616   1.96   3.93   .770   .778   .191   1.99   .228  -.044   3
 278 030601    975 1046     72      0      0    .763   1.34   2.50   .480   .757   .197   1.63   .223  -.056   3
 279 030602    975 1042     68      0      0    .676   1.20   2.39   .473   .793   .218   1.71   .229  -.074   3
 280 040201    773 1023    251      7      0    .555    .53   1.83   .300   .672   .333   2.37   .350  -.004   3
 281 040202    773 1023    251      7      0    .563    .59   3.86   .549   .829   .351   2.21   .327  -.017   3
 282 040203    773 1023    251      7      0    .542    .63   1.67   .332   .708   .320   1.80   .309  -.029   3
 283 040204    774 1022    249      7      0    .592    .45   2.27   .340   .791   .353   2.10   .351  -.009   3
 284 040205    774 1047    274      8      0    .589    .54   2.24   .445   .814   .353   2.73   .379  -.015   3
 285 011101    969 1042     74      1      0    .442    .40    .94   .201   .836   .273   1.77   .257  -.017   2
 286 011301    980 1086    107      2      0    .455    .76   1.95   .426   .780   .319   1.98   .333  -.020   2
 287 02TC2b    998 1066     69      1      0    .635    .70   1.41   .278   .699   .271   1.52   .252  -.015   2
 288 02TC5    909 1071    163      4      0    .643    .55   2.42   .321   .653   .319   2.79   .348   .001   2
 289 02TC10    991 1063     73      1      0    .634    .85   3.39   .670   .883   .308   1.96   .356   .008   1
 290 02TC12    931 1072    142      3      0    .648    .72   1.73   .405   .766   .304   2.01   .308  -.015   3
 291 02TC12b   957 1070    114      2      0    .631    .68   2.38   .432   .732   .320   1.80   .317  -.026   3
 292 03TC1     987 1067     81      1      0    .445    .79   2.87   .506   .772   .311   2.01   .320  -.022   2
 293 03TC1a    992 1067     76      1      0    .565    .75   2.57   .481   .852   .283   2.07   .297  -.023   2
 294 040102    904 1058    155      4      0    .743   1.11   2.57   .507   .771   .270   1.73   .244  -.002   3
 295 040601    813  948    136      3      0    .721    .53   1.60   .353   .698   .420   2.39   .417   .034   3
 296 040602    813  938    126      3      0    .746    .60   1.47   .347   .703   .367   2.15   .368   .001   3
 297 040901    918 1059    142      4      0    .576   1.12   2.84   .538   .765   .260   1.73   .245   .010   2
 298 040902    918 1059    142      4      0    .595    .97   2.18   .408   .704   .258   1.47   .223   .014   2
 299 041001    813  903     91      2      0    .784    .65   1.47   .336   .671   .364   2.23   .367  -.031   3
 300 041002    813  920    108      2      0    .776    .57   1.64   .355   .701   .430   2.54   .400  -.017   3
 301 041003    813  949    137      4      0    .697    .55   1.70   .369   .706   .408   2.29   .414   .021   3
 302 041401    890 1058    169      5      0    .471    .47   1.69   .291   .754   .327   2.98   .342   .001   2
 303 041402    890 1058    169      5      0    .494    .31    .90   .177   .763   .328   2.15   .313  -.003   3
 304 041403    890 1058    169      5      0    .559    .31    .92   .180   .785   .311   1.81   .301   .006   3
 305 041501    915 1058    144      4      2    .453    .64   2.09   .381   .836   .258   1.73   .252   .009   1
 306 041502    915 1057    143      4      0    .636    .83   2.66   .463   .819   .247   1.56   .230  -.044   3
 307 041503    915 1058    144      4      0    .608    .91   2.42   .470   .795   .226   1.60   .238  -.014   3
 308 041601    934 1039    106      2      1    .485    .75   1.88   .403   .763   .283   1.54   .249  -.010   3
 309 041602    934 1034    101      2      0    .557    .87   2.15   .520   .825   .287   1.51   .261  -.025   3
 310 041603    934 1014     81      1      1    .481    .67   1.83   .386   .728   .365   1.69   .318  -.038   2
 311 042001    915 1057    143      4      0    .600    .69   1.90   .439   .850   .278   1.74   .267  -.027   3
 312 042002    915 1058    144      4      0    .634    .76   2.22   .480   .819   .278   1.81   .284  -.017   3
 313 042201    918 1060    143      4      0    .703    .65   1.96   .413   .860   .294   1.79   .285  -.025   3
 314 042202    918 1060    143      4      0    .681    .86   2.34   .480   .818   .324   1.72   .275  -.020   3
 315 042203    918 1055    138      4      0    .659    .90   2.17   .517   .823   .315   1.72   .274   .066   3
 316 042301    914 1059    146      4      0    .656    .59   2.09   .467   .924   .264   1.82   .251  -.045   3
 317 042302    914 1049    136      4      0    .623    .58   1.77   .457   .935   .227   1.52   .216  -.023   3
 318 042303    914 1058    145      4      0    .704    .75   2.16   .468   .892   .227   1.64   .233  -.037   3
 319 042601    930 1058    129      3      0    .603    .81   2.35   .547   .904   .207   1.64   .231  -.083   3
 320 042602    930 1057    128      3      0    .626    .72   2.73   .583   .893   .246   1.87   .255  -.056   3
 321 042603    930 1052    123      3      1    .437    .55   2.10   .529   .926   .265   1.84   .266  -.067   3
 322 090101    929 1071    143      3      0    .414    .93   2.65   .472   .757   .257   1.93   .279   .005   2
 323 090102    929 1071    143      3      0    .408    .75   2.16   .403   .702   .303   1.88   .328   .066   1
 324 090201    861 1053    193      6      0    .525    .54   1.56   .287   .860   .234   1.64   .250   .016   1
 325 090301    797 1072    276      9      1    .531    .59   1.70   .344   .787   .321   3.18   .351  -.057   3
 326 090302    797 1068    272      9      0    .529    .76   2.43   .356   .798   .249   1.73   .246  -.059   3
 327 090303    797 1048    252      8      0    .552    .73   2.28   .398   .775   .284   2.80   .307  -.046   3
 328 090501    827 1066    240      7      0    .563    .77   1.99   .367   .851   .184   2.15   .202  -.024   3
 329 090502    827 1068    242      7      0    .579    .85   2.31   .505   .918   .183   1.50   .192  -.029   3
 330 090601    895 1069    175      5      1    .500    .40   1.19   .254   .789   .339   1.95   .345  -.019   3
 331 090602    895 1059    165      5      0    .505    .40   1.01   .225   .765   .284   2.13   .292  -.020   3
 332 090603    895 1057    163      5      0    .578    .39   1.30   .225   .649   .348   2.56   .400   .016   3
 333 070301    845 1073    229      7      0    .590    .78   2.95   .524   .925   .198   1.60   .208  -.028   3
 334 070302    845 1073    229      7      0    .537    .72   2.91   .562   .906   .216   2.05   .256  -.032   3
 335 070303    845  996    152      4      1    .537    .90   2.74   .489   .861   .196   1.72   .200   .029   3
 336 070401    822 1064    243      8      0    .531    .57   1.46   .232   .649   .267   2.32   .274  -.016   3
 337 070402    822 1061    240      8      0    .584    .54   1.25   .218   .621   .273   2.03   .285  -.031   3
 338 070403    822 1064    243      8      0    .574    .52   1.68   .220   .649   .268   1.86   .272  -.020   3
 339 070701    915 1073    159      4      0    .654    .99   2.28   .504   .856   .201   1.65   .199  -.029   3
 340 070702    915 1073    159      4      0    .618   1.04   2.26   .395   .701   .233   1.79   .255  -.019   3
 341 071101    803 1071    269      8      0    .550    .39   1.95   .263   .908   .240   1.66   .243  -.022   3
 342 071102    803 1063    261      8      0    .567    .44   2.17   .293   .897   .212   2.28   .232  -.031   3
 343 071103    803 1067    265      8      0    .523    .35   2.73   .319   .915   .240   1.81   .240  -.024   3
 344 071201    771 1070    300     10      0    .525    .47   1.93   .376   .901   .253   1.98   .264   .002   3
 345 071202    774 1064    291      9      0    .511    .41   2.49   .394   .920   .253   2.04   .281   .005   3
 346 071203    771 1070    300     10      0    .482    .43   1.89   .348   .921   .240   1.72   .235  -.008   3
 347 171401    904 1053    150      4      0    .739    .82   1.51   .266   .565   .226   1.59   .246  -.012   3
 348 011104    691 1080    390     14      3    .470    .44   1.40   .286   .825   .290   2.27   .315  -.030   3
 349 011106    691 1078    388     14      4    .446    .37   1.00   .207   .802   .258   2.48   .274  -.033   3
 350 011105    691  899    209      7      0    .588    .29    .88   .153   .751   .355   2.04   .334  -.039   3
 351 011302    975 1079    105      2      0    .520   1.32   2.67   .528   .769   .235   1.72   .240  -.019   3
 352 011102    729  900    172      5      0    .711    .53   1.19   .226   .767   .222   1.71   .236  -.019   3
 353 07tc1     883 1053    171      5      0    .720    .96   2.17   .343   .526   .255   1.86   .276  -.023   3
 354 07tc14    747 1066    320     11      0    .623    .53   2.58   .304   .801   .224   2.18   .250  -.014   2
 355 09tc1     829 1071    243      7      0    .611    .56   2.21   .363   .846   .322   2.51   .326  -.056   3
 356 09tc1a    822 1071    250      8      0    .511    .68   2.57   .356   .808   .265   1.84   .268  -.048   3
 357 09tc16    840 1071    232      7      0    .651    .67   2.76   .434   .824   .315   2.04   .316  -.054   3
 358 cg2101a   857 1051    195      6      1    .451    .81   2.23   .362   .743   .238   1.70   .239  -.036   3
 359 cg2101b   857 1041    185      5      1    .486    .66   2.00   .354   .773   .264   1.80   .263   .001   3
 360 cg3101a   875 1020    146      3      0    .652    .86   2.18   .464   .852   .241   1.49   .237  -.036   3
 361 cg3101b   875 1018    144      3      0    .527    .92   2.25   .439   .809   .237   1.64   .225  -.005   2
 362 cg3104a   892 1019    128      3      0    .620    .75   1.72   .351   .764   .315   1.52   .266  -.057   2
 363 cg3104b   892 1020    129      3      0    .627    .87   1.99   .472   .776   .326   1.75   .309  -.040   2
 364 cg3106a   942 1018     77      1      0    .456    .96   1.89   .414   .761   .271   1.63   .252  -.034   2
 365 cg3106b   942 1019     78      1      1    .352   1.06   2.48   .492   .743   .311   1.69   .280  -.038   2
 366 cg3106c   942 1020     79      1      1    .369    .99   2.17   .510   .747   .329   1.59   .289   .010   2
 367 cg3111a   898 1014    117      3      0    .469   1.42   3.11   .610   .894   .167   1.36   .175   .000   1
 368 cg3111b   898 1021    124      3      1    .456   1.29   2.49   .469   .842   .168   1.40   .170   .030   1
 369 cg3203a   662 1003    342     11      0    .543    .54   1.85   .304   .757   .306   2.50   .310  -.003   3
 370 cg3204b   713 1016    304     10      0    .595    .67   2.51   .345   .868   .188   1.62   .195  -.048   3
 371 cg3205a   750  997    248      7      0    .497    .56   2.25   .344   .840   .271   1.64   .265  -.022   1
 372 cg3208a   616 1006    391     11      4    .397    .55   1.85   .399   .901   .246   1.88   .250   .009   1
 373 cg3208b   616  995    380     10      3    .437    .54   1.66   .366   .891   .234   1.82   .246   .013   1
 374 cg3209a   766 1018    253      8      0    .400    .53   2.11   .290   .734   .288   1.99   .318   .017   1
 375 cg3209b   760 1019    260      8      0    .483    .55   2.28   .273   .707   .264   2.01   .299  -.007   3
 376 cg3305a   710 1012    303     10      0    .561    .70   2.20   .498   .916   .231   1.84   .243  -.026   3
 377 cg3404a   843 1005    163      5      0    .478    .58   1.58   .281   .642   .344   2.29   .350  -.011   3
 378 cg3402a   764 1041    278      9      2    .495    .44   1.24   .237   .706   .316   2.00   .314  -.011   3
 379 cg3402b   764  982    219      7      1    .478    .54   1.66   .270   .727   .307   1.77   .292  -.028   3
 380 cg4002a   881 1042    162      4      0    .551    .80   2.25   .418   .758   .282   1.71   .267  -.039   3
 381 cg4002b   881 1040    160      4      0    .381    .77   1.90   .394   .679   .303   1.83   .297  -.013   3
 382 cg4102a   929 1020     92      1      0    .449    .91   2.23   .470   .777   .355   1.76   .258   .027   2
 383 cg4201a   890 1015    126      3      0    .477    .62   1.79   .330   .796   .288   1.74   .266  -.053   3
 384 cg4201b   889 1015    127      3      0    .520    .70   1.58   .301   .747   .265   1.62   .254  -.077   3
 385 cg42r1a   899 1023    125      2      0    .579    .57   1.43   .259   .686   .288   1.74   .294   .012   3
 386 cg42r1b   899 1030    132      4      1    .418    .70   1.42   .316   .762   .268   1.98   .282   .030   1
 387 cg4304a   700  999    300     10      2    .478    .40   1.09   .187   .827   .207   1.87   .231  -.027   3
 388 cg4306a   731 1021    291      9      0    .584    .64   3.26   .503   .775   .316   2.64   .339  -.003   2
 389 cg4306b   731 1028    298     10      0    .609    .57   2.71   .351   .775   .281   1.93   .286  -.028   3
 390 cg4413a   856 1039    184      5      0    .657    .68   1.97   .462   .878   .277   1.69   .266  -.012   3
 391 cg4413b   857 1002    146      4      0    .627    .95   2.58   .608   .876   .270   1.68   .264  -.028   3
 --- -------- ---------  -----  -----  -----   ------ -----  -----  -----  -----  -----  -----  -----  -----  --
 Total or mean:          76095   2219    102    .556    .55   5.48   .286   .800   .249   3.55   .255  -.007

 DATA CHECKS (rwl.check): ak095
-----------------------------------------------------------------------------------------------------------------------------------
 rwl.check: data_files/treering/measurements/northamerica/usa/ak095.rwl
 391 series, 76095 measurements, 616-1876, 0.001 mm precision
 7 error(s), 2 warning(s), 9 note(s)
 -------------
 ERROR
   RWL_DATING_LAG (4)
     041601: correlates best with the master at lag 1 (r = 0.757 against r = 0.696 as dated); the series may be misdated by 1 year(s), most likely a false ring or a ring measured twice
     041603: correlates best with the master at lag 1 (r = 0.714 against r = 0.6 as dated); the series may be misdated by 1 year(s), most likely a false ring or a ring measured twice
     cg3106b: correlates best with the master at lag 1 (r = 0.519 against r = 0.433 as dated); the series may be misdated by 1 year(s), most likely a false ring or a ring measured twice
     cg3106c: correlates best with the master at lag 1 (r = 0.563 against r = 0.506 as dated); the series may be misdated by 1 year(s), most likely a false ring or a ring measured twice
   RWL_DUP_SERIES (3)
     CG05B1: identical measurements in CG05B1, LT052A; one core may be archived twice
     CG05E1: identical measurements in CG05E1, C0505A; one core may be archived twice
     CG05E2: identical measurements in CG05E2, CG9705; one core may be archived twice
 -------------
 WARNING
   RWL_INTERNAL_NA (1)
     LT052B: no measurement for 1148-1159, inside the measured span of the series. The file records nothing for those years, which is not a fault, but detrend(), chron(), strip.rwl(), rwi.stats() and sss() fail on interior gaps and this series cannot be crossdated. Use fill.internal.NA() to close them deliberately
   RWL_NON_ASCII (1)
     18 byte(s) outside printable ASCII
 9 note(s) not shown; see rwl.check() or the 'check' element of this report.

 NOTES
-----------------------------------------------------------------------------------------------------------------------------------
 Report generated using dplR 1.8.1 (R 4.5.2) on 2026-10-01 16:58 PDT.
 Measurement file ak095.rwl, MD5 19c2c29927fa7a438adec81e230eb1b0.
 Filtering: each series divided by a 32-year smoothing spline (caps()), then prewhitened with
   an AR model (order by AIC, at most 3).
 Master: biweight robust mean of the other series (leave-one-out).
 Correlation: Pearson, one-tailed, pcrit = 0.01; critical r = 0.3281 for 50-year segments.
 Segments: 50 years, lagged 25, first segment floored to 100. Lags searched: +/- 10 years.
 A segment is tested only where the series and the master cover all of it, at the dated
   position and at every lag. COFECHA also tests partial segments at the ends of a series, so
   series here may show fewer segments, and no flags can be raised at the ends of the record.
 Lags follow COFECHA: negative means rings are probably missing from the series, positive means
   false rings. A missing ring carries its lag into every segment before it, so look where the
   lag changes along a series. A B flag is a hypothesis to check on the wood; the gain says how
   seriously to take it.
 A B flag marked "weak at every lag" correlates under the critical value even at its best lag:
   the segment is weak wherever it is placed, and the shift is not evidence of a dating error.
   Treat it as a low correlation, like an A.
 Averages in the summary and the totals are weighted by the number of years in each series, as
   COFECHA's are.
 Unfiltered block and mean sensitivity: the measurements as read, and sens1().
 dplR filtered block: the series that was correlated, after filtering. COFECHA's filtered
   series is defined differently, so these three columns are not COFECHA's numbers.
 AR: order of the AR model used to prewhiten.
 Left out of the crossdating: series LT052B has internal NA values, and the 'nyrs' spline needs
   an unbroken series. Fill them with fill.internal.NA(), remove the series, or use 'n' instead
   of 'nyrs'
