
 COFECHA-style crossdating report: ca535
 Report generated using dplR 1.8.1 (R 4.5.2) on 2026-10-01 16:51 PDT
 Built with dplR's xdate.report(), not COFECHA; see the notes at the end.


      Measurement file name  : ca535.rwl
      MD5 of measurement file: c892546a8ea2f8a3d9534732ac3f0e74
      Date checked           : 01OCT26
      Beginning year         : -6000
      Ending year            : 1979
      Principal investigators: Graybill, D.A.
      Site name              : Methuselah Walk
      Species information    : PILO Pinus longaeva D.K. Bailey = Pinus aristata var. longaeva
      Latitude               : 37.4300 N
      Longitude              : 118.1700 W
      Elevation              : 2805 m

      Series intercorrelation: 0.752
      Avg mean sensitivity   : 0.446
      Avg standard deviation : 0.113
      Avg autocorrelation    : 0.480
      Number dated series    : 285
      Segment length tested  : 50

      Number problem segments: 11  (A 7, B 4)
      Pct problem segments   : 0.14


 CORRELATION OF SERIES BY SEGMENTS: ca535
-----------------------------------------------------------------------------------------------------------------------------------
 Correlations of  50-year dated segments, lagged  25 years
 Flags:  A = correlation under   .3281 but highest as dated;  B = correlation higher at other than dated position

 Seq Series  Time_span  -6000 -5975 -5950 -5925 -5900 -5875 -5850 -5825 -5800 -5775 -5750 -5725 -5700 -5675 -5650 -5625 -5600 -5575 -5550 -5525 
                        -5951 -5926 -5901 -5876 -5851 -5826 -5801 -5776 -5751 -5726 -5701 -5676 -5651 -5626 -5601 -5576 -5551 -5526 -5501 -5476 
 --- -------- ---------  ---- ---- ---- ---- ---- ---- ---- ---- ---- ---- ---- ---- ---- ---- ---- ---- ---- ---- ---- ---- 
  13 MWK061   -6000 -4906       .52  .66  .81  .79  .78  .71  .64  .50  .68  .77  .71  .74  .76  .72  .69  .67  .76  .69  .73 
  14 MWK071   -6000 -5105       .85  .78  .77  .78  .67  .64  .73  .75  .68  .72  .66  .71  .74  .54  .51  .56  .66  .56  .68 
  15 MWK072   -6000 -5098       .74  .78  .76  .80  .79  .57  .55  .56  .62  .74  .74  .74  .69  .50  .51  .63  .72  .69  .75 
  16 MWK073   -6000 -5187       .72  .74  .75  .81  .78  .60  .62  .67  .64  .75  .79  .77  .66  .49  .55  .62  .71  .69  .77 
  70 MWK371   -5783 -5091                                               .64  .79  .62  .65  .66  .49  .64  .69  .62  .69  .63 
  71 MWK372   -5565 -5083                                                                                            .73  .71 
  72 MWK373   -5611 -5082                                                                                  .65  .65  .78  .76 
  73 MWK374   -5917 -5087                      .78  .71  .72  .72  .69  .73  .76  .72  .72  .73  .73  .79  .64  .62  .77  .64 
  85 MWK411   -5925 -5083                      .84  .79  .75  .77  .77  .81  .79  .66  .71  .73  .76  .84  .72  .64  .77  .75 
 137 MWK567   -5642 -4489                                                                             .78  .67  .49  .47  .46 
 138 MWK571   -5675 -4886                                                                        .85  .88  .80  .71  .75  .84 
 150 MWK604   -5749 -4547                                                         .69  .76  .72  .72  .80  .68  .60  .58  .47 
 151 MWK605   -5593 -4577                                                                                       .80  .80  .86 
 163 MWK635   -5577 -5007                                                                                            .78  .81 
 165 MWK642   -5600 -4589                                                                                       .81  .83  .84 
 166 MWK643   -5724 -4962                                                              .71  .79  .77  .71  .59  .56  .53  .52 
 169 MWK646   -5529 -4583                                                                                                 .85 
 170 MWK647   -5573 -4608                                                                                            .77  .82 
 171 MWK648   -5593 -4631                                                                                       .75  .72  .78 
 175 MWK663   -6000 -5447       .76  .67  .75  .85  .78  .75  .77  .70  .76  .75  .74  .76  .63  .80  .91  .81  .73  .73  .78 
 181 MWK676   -6000 -5500       .62  .73  .88  .90  .89  .84  .84  .74  .83  .86  .85  .88  .89  .88  .89  .90  .86  .80      
 187 MWK686   -5797 -5403                                               .71  .74  .58  .60  .68  .69  .61  .60  .80  .76  .76 
 189 MWK688   -6000 -5238       .62  .59  .84  .90  .88  .84  .83  .74  .83  .90  .89  .85  .81  .81  .87  .86  .85  .80  .80 
 190 MWK691   -5952 -5462                 .87  .90  .89  .88  .85  .71  .82  .91  .75  .63  .66  .75  .83  .82  .66  .53  .68 
 192 MWK693   -5664 -5385                                                                        .61  .78  .78  .79  .80  .71 
 195 MWK702   -6000 -5332       .75  .77  .83  .91  .93  .89  .85  .65  .78  .89  .79  .78  .83  .89  .87  .82  .74  .65  .81 
 197 MWK712   -5924 -5422                      .70  .73  .65  .56  .46  .71  .77  .63  .74  .80  .71  .80  .73  .50  .48  .62 
 198 MWK713   -5823 -5304                                          .34  .70  .76  .62  .79  .85  .85  .84  .77  .68  .68  .77 
 199 MWK714   -5896 -5420                           .61  .60  .57  .37  .66  .74  .64  .73  .77  .71  .76  .70  .52  .49  .60 
 200 MWK715   -5804 -5386                                          .50  .74  .80  .71  .79  .83  .85  .84  .73  .59  .59  .80 
 202 MWK721   -6000 -5831       .75  .74  .87  .89                                                                            
 206 MWK734   -5687 -4451                                                                   .77  .80  .83  .80  .81  .80  .78 
 207 MWK735   -6000 -4240       .69  .85  .90  .88  .78  .69  .76  .71  .68  .78  .81  .78  .71  .67  .77  .77  .75  .81  .86 
 208 MWK736   -5823 -5077                                          .53  .68  .71  .66  .79  .71  .66  .69  .63  .71  .64  .71 
 231 MWK791   -6000 -4476       .68  .60  .69  .79  .72  .76  .84  .69  .54  .61  .66  .71  .62  .71  .84  .83  .67  .53  .62 
 232 MWK792   -5750 -5151                                                         .60  .64  .58  .74  .80  .79  .56  .49  .70 
 Av segment correlation       .70  .72  .81  .84  .78  .73  .73  .62  .71  .78  .70  .74  .73  .72  .76  .72  .69  .68  .73 

 CORRELATION OF SERIES BY SEGMENTS: ca535
-----------------------------------------------------------------------------------------------------------------------------------
 Correlations of  50-year dated segments, lagged  25 years
 Flags:  A = correlation under   .3281 but highest as dated;  B = correlation higher at other than dated position

 Seq Series  Time_span  -5500 -5475 -5450 -5425 -5400 -5375 -5350 -5325 -5300 -5275 -5250 -5225 -5200 -5175 -5150 -5125 -5100 -5075 -5050 -5025 
                        -5451 -5426 -5401 -5376 -5351 -5326 -5301 -5276 -5251 -5226 -5201 -5176 -5151 -5126 -5101 -5076 -5051 -5026 -5001 -4976 
 --- -------- ---------  ---- ---- ---- ---- ---- ---- ---- ---- ---- ---- ---- ---- ---- ---- ---- ---- ---- ---- ---- ---- 
   5 MWK011   -5240 -4716                                                         .76  .76  .62  .68  .68  .66  .69  .72  .79 
  11 MWK051   -5253 -4795                                                    .71  .72  .73  .60  .67  .70  .62  .61  .69  .72 
  12 MWK052   -5263 -4747                                                    .67  .74  .75  .64  .68  .66  .61  .54  .63  .72 
  13 MWK061   -6000 -4906  .83  .85  .64  .62  .79  .74  .79  .82  .72  .80  .73  .67  .63  .54  .71  .80  .79  .74  .75  .76 
  14 MWK071   -6000 -5105  .79  .71  .63  .69  .81  .80  .73  .68  .68  .79  .75  .76  .80  .72                               
  15 MWK072   -6000 -5098  .79  .73  .58  .71  .82  .79  .83  .79  .73  .79  .78  .80  .82  .75  .69                          
  16 MWK073   -6000 -5187  .82  .68  .60  .80  .86  .81  .73  .73  .70  .80  .85                                              
  20 MWK082   -5045 -4550                                                                                                 .61 
  22 MWK084   -5201 -4765                                                                   .71  .70  .62  .59  .57  .57  .69 
  23 MWK091   -5194 -4497                                                                   .73  .75  .68  .70  .72  .61  .69 
  24 MWK092   -5181 -4612                                                                   .57  .54  .58  .59  .67  .59  .68 
  29 MWK121   -5339 -4710                                     .69  .61  .71  .72  .81  .81  .61  .70  .83  .73  .64  .76  .82 
  65 MWK361   -5308 -4625                                          .72  .80  .84  .87  .86  .81  .85  .83  .73  .75  .84  .82 
  66 MWK362   -5460 -4391            .78  .75  .85  .87  .90  .90  .89  .88  .82  .84  .88  .89  .81  .82  .80  .76  .83  .77 
  67 MWK363   -5342 -4821                                     .69  .85  .85  .79  .82  .79  .77  .83  .85  .74  .71  .81  .80 
  68 MWK364   -5407 -4933                      .85  .84  .80  .84  .84  .82  .85  .88  .85  .76  .83  .90  .77  .73  .81  .82 
  69 MWK365   -5421 -4961                      .77  .77  .87  .87  .87  .89  .83  .87  .87  .79  .82  .85  .75  .75  .83  .84 
  70 MWK371   -5783 -5091  .75  .61  .61  .73  .76  .74  .79  .81  .79  .81  .79  .77  .80  .86  .82                          
  71 MWK372   -5565 -5083  .71  .72  .74  .64  .76  .77  .79  .86  .84  .78  .76  .77  .80  .67  .72                          
  72 MWK373   -5611 -5082  .74  .68  .69  .82  .87  .81  .77  .84  .86  .80  .74  .72  .73  .80  .77                          
  73 MWK374   -5917 -5087  .61  .49  .52  .78  .84  .79  .76  .79  .76  .75  .74  .75  .81  .87  .78                          
  85 MWK411   -5925 -5083  .73  .68  .71  .77  .80  .75  .80  .87  .88  .84  .83  .85  .86  .89  .83                          
 120 MWK525   -5232 -4750                                                         .83  .85  .73  .78  .85  .73  .71  .80  .76 
 136 MWK566   -5399 -4823                           .85  .92  .95  .90  .81  .80  .85  .84  .75  .84  .87  .74  .69  .84  .87 
 137 MWK567   -5642 -4489  .63  .67  .51  .61  .81  .70  .74  .87  .79  .76  .77  .77  .77  .65  .79  .84  .75  .69  .75  .81 
 138 MWK571   -5675 -4886  .87  .84  .83  .82  .86  .83  .86  .91  .84  .78  .80  .87  .88  .76  .79  .85  .77  .70  .80  .89 
 150 MWK604   -5749 -4547  .68  .66  .48  .67  .84  .83  .80  .87  .88  .87  .83  .80  .83  .81  .84  .89  .81  .76  .82  .81 
 151 MWK605   -5593 -4577  .88  .87  .85  .80  .84  .84  .89  .92  .86  .82  .82  .81  .78  .79  .77  .67  .57  .63  .81  .83 
 155 MWK614   -5392 -4894                           .79  .91  .92  .89  .87  .82  .84  .84  .80  .83  .82  .76  .79  .82  .84 
 163 MWK635   -5577 -5007  .84  .80  .76  .72  .80  .82  .76  .80  .82  .80  .84  .86  .82  .75  .76  .72  .70  .71           
 164 MWK641   -5459 -4537            .74  .78  .82  .79  .85  .88  .81  .81  .87  .88  .85  .75  .69  .67  .66  .69  .80  .82 
 165 MWK642   -5600 -4589  .82  .83  .80  .70  .76  .78  .87  .89  .82  .78  .81  .80  .70  .71  .61  .49  .59  .62  .63  .73 
 166 MWK643   -5724 -4962  .72  .66  .43  .70  .87  .81  .84  .92  .87  .71  .68  .75  .77  .57  .70  .83  .81  .83  .81  .78 
 167 MWK644   -5218 -4843                                                              .87  .66  .78  .87  .78  .72  .79  .79 
 168 MWK645   -5156 -4527                                                                        .79  .90  .83  .75  .75  .77 
 169 MWK646   -5529 -4583  .83  .80  .83  .78  .81  .83  .90  .92  .88  .84  .85  .85  .81  .75  .80  .75  .57  .68  .83  .84 
 170 MWK647   -5573 -4608  .79  .80  .77  .70  .80  .81  .77  .82  .87  .83  .81  .81  .76  .75  .75  .62  .56  .69  .80  .82 
 171 MWK648   -5593 -4631  .84  .67  .50  .65  .86  .86  .81  .86  .77  .66  .76  .82  .73  .72  .75  .67  .63  .72  .78  .77 
 175 MWK663   -6000 -5447  .82                                                                                                
 179 MWK674   -5079 -4735                                                                                       .84  .84  .84 
 186 MWK685   -5200 -4893                                                                   .81  .82  .79  .80  .75  .67  .73 
 187 MWK686   -5797 -5403  .84  .83                                                                                           
 188 MWK687   -5325 -4901                                          .86  .82  .85  .88  .86  .77  .86  .89  .70  .77  .88  .81 
 189 MWK688   -6000 -5238  .82  .84  .87  .84  .87  .87  .92  .92  .86                                                        
 191 MWK692   -5097 -4165                                                                                       .79  .77  .71 
 192 MWK693   -5664 -5385  .78  .81  .68                                                                                      
 195 MWK702   -6000 -5332  .88  .87  .78  .72  .85                                                                            
 197 MWK712   -5924 -5422  .83  .78                                                                                           
 198 MWK713   -5823 -5304  .84  .81  .69  .72  .73  .64                                                                       
 199 MWK714   -5896 -5420  .82  .80                                                                                           
 200 MWK715   -5804 -5386  .86  .80  .55                                                                                      
 206 MWK734   -5687 -4451  .85  .88  .80  .80  .92  .87  .84  .87  .85  .85  .82  .84  .84  .80  .80  .86  .83  .69  .58  .61 
 207 MWK735   -6000 -4240  .84  .77  .75  .80  .85  .86  .87  .89  .62  .59  .81  .80  .79  .82  .85  .85  .77  .72  .81  .87 
 208 MWK736   -5823 -5077  .77  .68  .60  .82  .92  .75  .70  .77  .70  .75  .73  .76  .80  .82  .87                          
 223 MWK761   -5029 -4520                                                                                                 .82 
 231 MWK791   -6000 -4476  .74  .67  .65  .72  .76  .71  .59  .66  .59  .53  .61  .69  .62  .57  .51  .48  .56  .48  .41  .54 
 232 MWK792   -5750 -5151  .70  .64  .68  .59  .69  .72  .59  .67  .62  .66  .75  .74  .63                                    
 234 MWK811   -5325 -3564                                          .86  .77  .79  .84  .82  .70  .80  .87  .71  .77  .89  .81 
 Av segment correlation  .79  .75  .68  .73  .82  .80  .81  .83  .80  .78  .78  .80  .79  .73  .76  .77  .71  .70  .75  .77 

 CORRELATION OF SERIES BY SEGMENTS: ca535
-----------------------------------------------------------------------------------------------------------------------------------
 Correlations of  50-year dated segments, lagged  25 years
 Flags:  A = correlation under   .3281 but highest as dated;  B = correlation higher at other than dated position

 Seq Series  Time_span  -5000 -4975 -4950 -4925 -4900 -4875 -4850 -4825 -4800 -4775 -4750 -4725 -4700 -4675 -4650 -4625 -4600 -4575 -4550 -4525 
                        -4951 -4926 -4901 -4876 -4851 -4826 -4801 -4776 -4751 -4726 -4701 -4676 -4651 -4626 -4601 -4576 -4551 -4526 -4501 -4476 
 --- -------- ---------  ---- ---- ---- ---- ---- ---- ---- ---- ---- ---- ---- ---- ---- ---- ---- ---- ---- ---- ---- ---- 
   5 MWK011   -5240 -4716  .85  .88  .78  .70  .82  .81  .77  .76  .81  .85                                                   
   6 MWK021   -4888 -4611                           .74  .79  .82  .84  .79  .78  .74  .72  .70                               
   7 MWK031   -5001 -4632       .66  .63  .71  .64  .78  .81  .78  .85  .80  .74  .71  .71                                    
   8 MWK041   -4643 -4441                                                                             .74  .71  .74  .71  .73 
   9 MWK042   -4552 -4181                                                                                            .58  .60 
  10 MWK043   -4929 -4680                 .53  .56  .76  .78  .76  .76  .67  .72                                              
  11 MWK051   -5253 -4795  .77  .84  .82  .76  .73  .57  .57                                                                  
  12 MWK052   -5263 -4747  .79  .85  .84  .85  .71  .70  .76  .60  .63                                                        
  13 MWK061   -6000 -4906  .69  .75                                                                                           
  20 MWK082   -5045 -4550  .75  .73  .67  .61  .59  .75  .74  .72  .77  .79  .76  .76  .79  .72  .72  .72  .58                
  22 MWK084   -5201 -4765  .82  .82  .84  .70  .60  .73  .81  .78                                                             
  23 MWK091   -5194 -4497  .83  .81  .83  .76  .65  .73  .82  .75  .77  .85  .85  .82  .69  .70  .77  .77  .65  .67  .73      
  24 MWK092   -5181 -4612  .85  .84  .81  .65  .55  .66  .71  .72  .80  .87  .85  .77  .68  .68                               
  25 MWK101   -4850 -4500                                     .77  .64  .68  .74  .65  .62  .68  .82  .86  .78  .72  .51      
  29 MWK121   -5339 -4710  .81  .85  .88  .82  .74  .69  .73  .68  .73  .77                                                   
  30 MWK131   -5001 -4633       .77  .73  .68  .68  .80  .78  .72  .82  .85  .78  .72  .71                                    
  31 MWK132   -5002 -4686  .81  .82  .82  .69  .62  .75  .75  .77  .83  .79  .73                                              
  65 MWK361   -5308 -4625  .77  .77  .76  .76  .81  .80  .77  .61  .51  .64  .80  .72  .63  .68                               
  66 MWK362   -5460 -4391  .76  .83  .86  .73  .77  .81  .80  .70  .65  .56  .64  .65  .64  .76  .72  .73  .78  .76  .78  .74 
  67 MWK363   -5342 -4821  .66  .65  .70  .60  .73  .79                                                                       
  68 MWK364   -5407 -4933  .62                                                                                                
 106 MWK491   -4727 -4495                                                              .80  .86  .87  .88  .78  .81  .87      
 107 MWK492   -4661 -4401                                                                        .87  .86  .84  .88  .89  .78 
 108 MWK493   -4624 -4291                                                                                  .81  .84  .82  .75 
 111 MWK496   -4801 -4497                                          .81  .74  .71  .71  .72  .83  .88  .87  .84  .85  .84      
 120 MWK525   -5232 -4750  .77  .82  .82  .69  .73  .71  .67  .60  .61                                                        
 127 MWK545   -4725 -4259                                                              .71  .72  .72  .72  .61  .67  .75  .76 
 136 MWK566   -5399 -4823  .90  .86  .77  .80  .84  .78                                                                       
 137 MWK567   -5642 -4489  .83  .82  .75  .67  .61  .72  .73  .53  .51  .61  .71  .71  .62  .74  .86  .80  .71  .64  .43      
 138 MWK571   -5675 -4886  .89  .86  .81                                                                                      
 147 MWK601   -4954 -4732            .78  .69  .80  .79  .77  .84  .83                                                        
 148 MWK602   -4806 -4562                                          .87  .83  .73  .68  .73  .83  .88  .86                     
 150 MWK604   -5749 -4547  .85  .80  .64  .69  .64  .65  .70  .68  .67  .61  .71  .69  .68  .83  .88  .83  .70                
 151 MWK605   -5593 -4577  .82  .83  .70  .64  .73  .71  .77  .82  .79  .77  .78  .77  .82  .88  .85                          
 154 MWK613   -4879 -4402                           .61  .74  .80  .90  .83  .81  .77  .68  .85  .89  .82  .80  .88  .56  .49 
 155 MWK614   -5392 -4894  .87  .87  .80                                                                                      
 164 MWK641   -5459 -4537  .84  .86  .82  .79  .73  .74  .81  .77  .76  .74  .78  .85  .84  .86  .86  .81  .68                
 165 MWK642   -5600 -4589  .87  .88  .80  .67  .60  .72  .83  .84  .79  .67  .78  .88  .79  .88  .92                          
 167 MWK644   -5218 -4843  .82  .83  .72  .68  .74                                                                            
 168 MWK645   -5156 -4527  .83  .81  .68  .59  .61  .82  .77  .69  .72  .74  .67  .56  .59  .82  .91  .82  .72                
 169 MWK646   -5529 -4583  .85  .85  .81  .82  .82  .81  .83  .78  .83  .83  .82  .83  .75  .80  .82                          
 170 MWK647   -5573 -4608  .81  .83  .67  .52  .72  .79  .80  .85  .84  .80  .84  .88  .85  .85                               
 171 MWK648   -5593 -4631  .79  .81  .80  .76  .76  .81  .80  .76  .79  .82  .86  .90  .84                                    
 174 MWK662   -4593 -4251                                                                                       .81  .72  .67 
 179 MWK674   -5079 -4735  .85  .84  .76  .73  .81  .77  .72  .77  .80                                                        
 182 MWK681   -4875 -4399                                .76  .75  .81  .82  .82  .71  .70  .82  .89  .90  .87  .67  .44  .56 
 183 MWK682   -4815 -4308                                          .80  .80  .86  .79  .76  .85  .89  .86  .76  .77  .54  .46 
 186 MWK685   -5200 -4893  .82  .81  .73                                                                                      
 188 MWK687   -5325 -4901  .80  .85  .82                                                                                      
 191 MWK692   -5097 -4165  .76  .78  .75  .76  .68  .78  .87  .84  .81  .77  .85  .86  .73  .86  .90  .83  .67  .63  .68  .62 
 201 MWK716   -4747 -4244                                                         .66  .64  .77  .89  .86  .67  .70  .75  .66 
 206 MWK734   -5687 -4451  .61  .67  .77  .71  .57  .62  .60  .68  .78  .75  .73  .65  .69  .85  .85  .77  .71  .71  .66  .52 
 207 MWK735   -6000 -4240  .90  .92  .88  .78  .76  .80  .82  .85  .83  .82  .87  .84  .78  .90  .91  .86  .87  .83  .78  .78 
 211 MWK741   -4962 -4493            .58  .37  .39  .54  .54  .70  .70  .55  .68  .62  .60  .79  .84  .79  .82  .81  .58      
 215 MWK745   -4941 -4621                 .75  .71  .76  .75  .73  .75  .75  .77  .75  .69  .87                               
 223 MWK761   -5029 -4520  .75  .75  .70  .66  .68  .80  .86  .79  .79  .80  .81  .70  .65  .84  .86  .71  .66  .81           
 231 MWK791   -6000 -4476  .73  .65  .41  .52  .66  .73  .71  .64  .67  .71  .64  .55  .54  .62  .73  .74  .75  .70  .55  .34 
 234 MWK811   -5325 -3564  .70  .76  .73  .57  .70  .72  .65  .72  .77  .65  .59  .60  .74  .82  .85  .85  .80  .78  .71  .67 
 Av segment correlation  .80  .81  .76  .69  .69  .74  .75  .74  .76  .75  .76  .73  .71  .80  .85  .81  .74  .76  .68  .63 

 CORRELATION OF SERIES BY SEGMENTS: ca535
-----------------------------------------------------------------------------------------------------------------------------------
 Correlations of  50-year dated segments, lagged  25 years
 Flags:  A = correlation under   .3281 but highest as dated;  B = correlation higher at other than dated position

 Seq Series  Time_span  -4500 -4475 -4450 -4425 -4400 -4375 -4350 -4325 -4300 -4275 -4250 -4225 -4200 -4175 -4150 -4125 -4100 -4075 -4050 -4025 
                        -4451 -4426 -4401 -4376 -4351 -4326 -4301 -4276 -4251 -4226 -4201 -4176 -4151 -4126 -4101 -4076 -4051 -4026 -4001 -3976 
 --- -------- ---------  ---- ---- ---- ---- ---- ---- ---- ---- ---- ---- ---- ---- ---- ---- ---- ---- ---- ---- ---- ---- 
   8 MWK041   -4643 -4441  .66                                                                                                
   9 MWK042   -4552 -4181  .59  .64  .73  .70  .71  .77  .77  .67  .74  .71  .68                                              
  18 MWK075   -4104 -3726                                                                                  .75  .79  .60  .64 
  53 MWK301   -4455 -4141            .57  .51  .69  .77  .80  .70  .71  .72  .65  .66  .74                                    
  66 MWK362   -5460 -4391  .80  .84  .81                                                                                      
  81 MWK403   -4205 -2641                                                              .87  .87  .85  .80  .82  .81  .76  .86 
  82 MWK404   -4161 -3402                                                                        .76  .80  .81  .81  .79  .83 
  83 MWK405   -4171 -3402                                                                        .79  .72  .74  .81  .78  .81 
  84 MWK406   -4121 -3402                                                                                  .85  .85  .74  .81 
  93 MWK453   -4351 -3401                                     .61  .68  .68  .67  .64  .63  .65  .57  .54  .65  .69  .52  .64 
  94 MWK454   -4175 -3631                                                                        .79  .67  .76  .81  .55  .63 
  95 MWK455   -4401 -3640                           .66  .64  .68  .68  .66  .63  .64  .73  .73  .64  .42  .51  .70  .53  .66 
  96 MWK461   -4462 -4022            .81  .83  .82  .79  .71  .72  .78  .73  .72  .74  .69  .66  .60  .56  .75  .72           
  97 MWK462   -4462 -4062            .81  .80  .82  .76  .67  .78  .83  .78  .79  .72  .67  .76  .75  .73                     
  98 MWK463   -4462 -4102            .75  .72  .77  .71  .61  .75  .81  .72  .73  .70  .66  .74                               
 100 MWK481   -4301 -3500                                          .85  .86  .85  .85  .84  .85  .86  .81  .84  .87  .79  .78 
 101 MWK482   -4321 -3590                                          .83  .87  .86  .86  .84  .84  .85  .83  .86  .85  .75  .75 
 104 MWK485   -4391 -3201                           .78  .75  .65  .74  .77  .62  .73  .84  .75  .71  .78  .87  .90  .83  .85 
 107 MWK492   -4661 -4401  .77  .85  .76                                                                                      
 108 MWK493   -4624 -4291  .79  .90  .85  .81  .85  .83  .82                                                                  
 109 MWK494   -4461 -3810            .83  .82  .85  .87  .85  .82  .82  .83  .83  .86  .84  .82  .83  .84  .92  .94  .88  .88 
 110 MWK495   -4461 -3808            .71  .86  .84  .81  .68  .60  .77  .84  .84  .85  .85  .84  .85  .88  .92  .91  .87  .88 
 115 MWK513   -4111 -2762                                                                                  .89  .84  .68  .73 
 122 MWK531   -4502 -4371  .74  .74  .76  .76                                                                                 
 127 MWK545   -4725 -4259  .80  .69  .69  .76  .77  .76  .72  .74                                                             
 130 MWK553   -4145 -3219                                                                             .89  .89  .89  .83  .86 
 131 MWK561   -4219 -3471                                                              .72  .69  .81  .74  .81  .84  .73  .75 
 134 MWK564   -4403 -3714                      .70  .80  .74  .75  .70  .66  .58  .65  .70  .65  .75  .73  .74  .77  .68  .57 
 139 MWK581   -4304 -3743                                          .78  .71  .66  .74  .79  .81  .89  .85  .85  .86  .86  .90 
 154 MWK613   -4879 -4402  .72  .79                                                                                           
 174 MWK662   -4593 -4251  .61  .71  .74  .73  .66  .65  .63  .65  .79                                                        
 178 MWK673   -4483 -4083       .83  .84  .85  .78  .82  .87  .68  .67  .75  .80  .79  .85  .86  .84                          
 182 MWK681   -4875 -4399  .66  .74  .85                                                                                      
 183 MWK682   -4815 -4308  .65  .73  .79  .75  .71  .73                                                                       
 191 MWK692   -5097 -4165  .54  .65  .80  .78  .79  .85  .76  .64  .74  .81  .84  .80                                         
 201 MWK716   -4747 -4244  .78  .85  .84  .70  .65  .77  .70  .66  .76                                                        
 203 MWK731   -4214 -3284                                                              .68  .76  .52  .51  .52  .59  .73  .65 
 206 MWK734   -5687 -4451  .45B                                                                                               
 207 MWK735   -6000 -4240  .82  .89  .90  .85  .78  .80  .81  .78  .85                                                        
 227 MWK765   -4322 -3800                                          .65  .61  .38  .49  .75  .60  .54  .73  .76  .67  .50  .71 
 234 MWK811   -5325 -3564  .75  .70  .70  .78  .77  .78  .65  .63  .65  .53  .42  .61  .82  .73  .69  .60  .65  .71  .72  .66 
 Av segment correlation  .70  .77  .78  .76  .76  .77  .73  .69  .75  .74  .70  .73  .76  .76  .74  .72  .78  .80  .72  .76 

 CORRELATION OF SERIES BY SEGMENTS: ca535
-----------------------------------------------------------------------------------------------------------------------------------
 Correlations of  50-year dated segments, lagged  25 years
 Flags:  A = correlation under   .3281 but highest as dated;  B = correlation higher at other than dated position

 Seq Series  Time_span  -4000 -3975 -3950 -3925 -3900 -3875 -3850 -3825 -3800 -3775 -3750 -3725 -3700 -3675 -3650 -3625 -3600 -3575 -3550 -3525 
                        -3951 -3926 -3901 -3876 -3851 -3826 -3801 -3776 -3751 -3726 -3701 -3676 -3651 -3626 -3601 -3576 -3551 -3526 -3501 -3476 
 --- -------- ---------  ---- ---- ---- ---- ---- ---- ---- ---- ---- ---- ---- ---- ---- ---- ---- ---- ---- ---- ---- ---- 
  17 MWK074   -3810 -3267                                          .50  .55  .71  .84  .85  .73  .78  .85  .77  .70  .75  .79 
  18 MWK075   -4104 -3726  .67  .57  .68  .74  .66  .71  .75  .65  .64  .67                                                   
  19 MWK081   -3675 -3551                                                                        .63  .70  .73                
  26 MWK111   -3718 -3367                                                              .88  .81  .87  .91  .86  .85  .92  .84 
  27 MWK112   -3696 -3365                                                                   .79  .86  .91  .88  .85  .87  .85 
  28 MWK113   -3672 -3373                                                                        .89  .91  .88  .86  .83  .81 
  75 MWK391   -3966 -3419            .71  .86  .85  .87  .91  .89  .77  .71  .75  .87  .91  .76  .82  .91  .84  .79  .78  .79 
  76 MWK392   -3825 -3436                                     .87  .86  .82  .86  .93  .91  .84  .84  .85  .83  .83  .80  .76 
  77 MWK393   -3926 -3445                 .83  .82  .85  .91  .92  .82  .72  .79  .89  .90  .76  .82  .88  .84  .83  .82  .71 
  78 MWK394   -3946 -3450                 .83  .80  .78  .86  .86  .81  .78  .84  .88  .86  .80  .85  .85  .82  .80  .76  .73 
  79 MWK401   -3552 -2852                                                                                                 .88 
  80 MWK402   -3541 -3169                                                                                                 .83 
  81 MWK403   -4205 -2641  .79  .78  .89  .90  .89  .87  .90  .86  .80  .75  .81  .90  .86  .84  .89  .93  .85  .78  .86  .89 
  82 MWK404   -4161 -3402  .86  .84  .86  .89  .87  .88  .87  .87  .84  .82  .86  .69  .69  .86  .90  .91  .89  .81  .79  .87 
  83 MWK405   -4171 -3402  .82  .78  .86  .91  .88  .91  .89  .87  .84  .78  .82  .91  .94  .91  .92  .96  .92  .88  .89  .88 
  84 MWK406   -4121 -3402  .89  .87  .89  .82  .78  .88  .89  .88  .86  .85  .90  .93  .92  .90  .92  .93  .90  .89  .88  .89 
  86 MWK421   -3850 -3426                                     .66  .65  .64  .61  .70  .72  .67  .68  .64  .50  .51  .61  .68 
  87 MWK422   -3700 -3301                                                                   .66  .75  .66  .52  .52  .51  .62 
  91 MWK451   -3640 -3300                                                                             .76  .80  .74  .76  .76 
  92 MWK452   -3900 -3270                           .72  .82  .75  .68  .64  .67  .80  .82  .76  .75  .62  .62  .70  .67  .76 
  93 MWK453   -4351 -3401  .58  .58  .69  .65  .46  .50  .75  .77  .61  .50  .44  .73  .85  .66  .71  .75  .70  .72  .73  .75 
  94 MWK454   -4175 -3631  .65  .73  .82  .79  .73  .77  .86  .84  .67  .55  .63  .74  .74                                    
  95 MWK455   -4401 -3640  .70  .69  .80  .75  .58  .69  .88  .91  .70  .61  .74  .85  .78                                    
 100 MWK481   -4301 -3500  .82  .79  .81  .86  .86  .81  .88  .90  .69  .65  .85  .88  .86  .83  .86  .86  .89  .89  .86      
 101 MWK482   -4321 -3590  .80  .83  .83  .86  .83  .85  .94  .92  .60  .55  .83  .88  .88  .84  .88                          
 102 MWK483   -3590 -2960                                                                                       .89  .86  .89 
 103 MWK484   -3760 -3201                                                    .75  .87  .86  .85  .89  .89  .89  .88  .86  .87 
 104 MWK485   -4391 -3201  .85  .78  .83  .79  .69  .78  .88  .83  .63  .59  .68  .78  .79  .75  .88  .88  .85  .87  .83  .85 
 105 MWK486   -3640 -3201                                                                             .60  .79  .88  .86  .87 
 109 MWK494   -4461 -3810  .88  .87  .87  .84  .80  .86                                                                       
 110 MWK495   -4461 -3808  .87  .86  .87  .84  .78  .83                                                                       
 112 MWK501   -3864 -3261                                .75  .88  .82  .79  .77  .85  .83  .77  .75  .68  .55  .62  .76  .73 
 113 MWK511   -3801 -2591                                               .87  .86  .86  .86  .89  .90  .92  .89  .86  .88  .88 
 114 MWK512   -3901 -2901                           .84  .82  .82  .80  .77  .80  .87  .91  .90  .75  .78  .91  .90  .85  .81 
 115 MWK513   -4111 -2762  .83  .87  .88  .87  .84  .87  .88  .89  .88  .85  .85  .70  .73  .88  .90  .92  .91  .89  .89  .91 
 123 MWK541   -4024 -3392  .72  .67  .81  .79  .75  .67  .80  .85  .73  .72  .75  .84  .82  .80  .88  .86  .74  .75  .81  .80 
 130 MWK553   -4145 -3219  .85  .85  .88  .90  .93  .91  .93  .93  .86  .82  .89  .91  .86  .82  .87  .87  .70  .70  .90  .92 
 131 MWK561   -4219 -3471  .79  .70  .69  .75  .71  .73  .86  .85  .79  .82  .76  .77  .81  .82  .86  .86  .83  .82  .67  .68 
 132 MWK562   -3613 -3201                                                                                  .81  .81  .82  .77 
 134 MWK564   -4403 -3714  .57  .56  .69  .76  .74  .80  .85  .85  .69  .66                                                   
 135 MWK565   -4000 -3676  .70  .79  .80  .75  .75  .74  .79  .78  .65  .61  .67  .78                                         
 139 MWK581   -4304 -3743  .87  .86  .87  .87  .88  .90  .92  .90  .84                                                        
 144 MWK593   -3659 -3070                                                                        .83  .84  .82  .89  .80  .80 
 173 MWK661   -3619 -3266                                                                                  .86  .90  .85  .82 
 177 MWK672   -3619 -3037                                                                                  .82  .80  .84  .86 
 184 MWK683   -3579 -2863                                                                                       .53  .72  .65 
 203 MWK731   -4214 -3284  .67  .70  .74  .79  .86  .86  .89  .88  .72  .62  .72  .77  .75  .77  .85  .88  .81  .68  .71  .81 
 222 MWK756   -3674 -3087                                                                        .89  .90  .88  .84  .76  .74 
 224 MWK762   -3620 -3301                                                                                  .79  .77  .84  .85 
 225 MWK763   -3784 -2870                                               .78  .79  .84  .87  .91  .90  .90  .89  .86  .88  .90 
 227 MWK765   -4322 -3800  .75  .74  .80  .83  .74  .65  .70                                                                  
 234 MWK811   -5325 -3564  .61  .68  .79  .86  .86  .79  .76  .81  .84  .66  .61  .80  .74  .70  .82  .80                     
 Av segment correlation  .76  .76  .81  .82  .78  .80  .85  .84  .74  .70  .76  .83  .83  .80  .84  .83  .81  .79  .80  .81 

 CORRELATION OF SERIES BY SEGMENTS: ca535
-----------------------------------------------------------------------------------------------------------------------------------
 Correlations of  50-year dated segments, lagged  25 years
 Flags:  A = correlation under   .3281 but highest as dated;  B = correlation higher at other than dated position

 Seq Series  Time_span  -3500 -3475 -3450 -3425 -3400 -3375 -3350 -3325 -3300 -3275 -3250 -3225 -3200 -3175 -3150 -3125 -3100 -3075 -3050 -3025 
                        -3451 -3426 -3401 -3376 -3351 -3326 -3301 -3276 -3251 -3226 -3201 -3176 -3151 -3126 -3101 -3076 -3051 -3026 -3001 -2976 
 --- -------- ---------  ---- ---- ---- ---- ---- ---- ---- ---- ---- ---- ---- ---- ---- ---- ---- ---- ---- ---- ---- ---- 
  17 MWK074   -3810 -3267  .84  .86  .74  .60  .75  .79  .78  .66                                                             
  21 MWK083   -3382 -3167                           .74  .63  .66  .74  .77  .74  .63                                         
  26 MWK111   -3718 -3367  .77  .81  .75  .71                                                                                 
  27 MWK112   -3696 -3365  .78  .78  .70  .69                                                                                 
  28 MWK113   -3672 -3373  .80  .82  .72  .70                                                                                 
  35 MWK171   -3150 -2121                                                                             .74  .73  .64  .60  .58 
  75 MWK391   -3966 -3419  .86  .73                                                                                           
  76 MWK392   -3825 -3436  .84                                                                                                
  77 MWK393   -3926 -3445  .78                                                                                                
  78 MWK394   -3946 -3450  .72                                                                                                
  79 MWK401   -3552 -2852  .88  .90  .81  .79  .83  .79  .79  .78  .75  .81  .87  .86  .78  .66  .70  .85  .84  .81  .77  .74 
  80 MWK402   -3541 -3169  .84  .84  .73  .73  .79  .78  .73  .70  .81  .75  .79  .82                                         
  81 MWK403   -4205 -2641  .87  .85  .80  .84  .90  .82  .72  .75  .79  .83  .90  .87  .79  .75  .75  .86  .85  .78  .71  .74 
  82 MWK404   -4161 -3402  .87  .87                                                                                           
  83 MWK405   -4171 -3402  .92  .92                                                                                           
  84 MWK406   -4121 -3402  .90  .83                                                                                           
  86 MWK421   -3850 -3426  .67  .70                                                                                           
  87 MWK422   -3700 -3301  .66  .68  .70  .78  .74  .67  .71                                                                  
  91 MWK451   -3640 -3300  .76  .72  .47  .54  .56  .61  .69                                                                  
  92 MWK452   -3900 -3270  .81  .78  .61  .61  .59  .68  .78  .54                                                             
  93 MWK453   -4351 -3401  .78  .77  .66                                                                                      
  99 MWK471   -3386 -2899                           .88  .86  .81  .82  .86  .89  .76  .55  .59  .74  .78  .82  .82  .76  .76 
 102 MWK483   -3590 -2960  .91  .88  .81  .67  .77  .85  .84  .84  .82  .80  .84  .74  .49B .66  .80  .84  .88  .76  .66  .76 
 103 MWK484   -3760 -3201  .88  .89  .83  .78  .85  .83  .77  .76  .80  .74  .78                                              
 104 MWK485   -4391 -3201  .92  .87  .76  .80  .93  .87  .76  .73  .74  .77  .86                                              
 105 MWK486   -3640 -3201  .88  .86  .80  .74  .78  .79  .70  .66  .71  .69  .71                                              
 112 MWK501   -3864 -3261  .76  .74  .68  .79  .83  .73  .66  .69                                                             
 113 MWK511   -3801 -2591  .88  .84  .72  .76  .85  .83  .83  .79  .80  .80  .87  .84  .73  .76  .68  .72  .75  .71  .70  .74 
 114 MWK512   -3901 -2901  .83  .85  .69  .69  .84  .84  .79  .76  .79  .74  .79  .84  .74  .71  .76  .80  .85  .78  .72  .81 
 115 MWK513   -4111 -2762  .93  .90  .83  .78  .85  .81  .76  .71  .67  .70  .78  .82  .75  .65  .71  .85  .89  .86  .80  .75 
 123 MWK541   -4024 -3392  .75  .75  .69                                                                                      
 130 MWK553   -4145 -3219  .89  .89  .73  .75  .89  .88  .82  .67  .78  .87                                                   
 132 MWK562   -3613 -3201  .81  .87  .73  .75  .81  .77  .76  .57  .56  .66  .68                                              
 141 MWK583   -3125 -2860                                                                                  .66  .55  .55  .61 
 143 MWK592   -3281 -2621                                               .66  .64  .72  .62  .57  .65  .78  .84  .69  .59  .68 
 144 MWK593   -3659 -3070  .88  .86  .74  .77  .85  .84  .83  .78  .81  .87  .85  .76  .62  .69  .87  .83                     
 145 MWK594   -3473 -3069            .72  .80  .87  .81  .80  .76  .73  .77  .81  .82  .71  .64  .75  .80                     
 159 MWK631   -3320 -2399                                          .77  .79  .81  .78  .61  .50  .66  .77  .81  .74  .69  .75 
 160 MWK632   -3214 -2394                                                              .60  .53  .56  .69  .77  .67  .65  .77 
 161 MWK633   -3121 -2647                                                                                  .82  .81  .87  .86 
 162 MWK634   -3149 -2387                                                                             .70  .73  .64  .57  .60 
 173 MWK661   -3619 -3266  .88  .86  .80  .77  .85  .90  .87  .82                                                             
 177 MWK672   -3619 -3037  .86  .83  .70  .69  .79  .82  .75  .60  .72  .82  .76  .75  .76  .76  .78  .86  .83                
 184 MWK683   -3579 -2863  .70  .69  .66  .76  .74  .56  .57  .56  .48  .61  .74  .68  .58  .63  .67  .80  .90  .83  .74  .74 
 203 MWK731   -4214 -3284  .84  .86  .78  .78  .84  .85  .85                                                                  
 214 MWK744   -3199 -2867                                                                   .60  .50  .63  .68  .57  .65  .75 
 217 MWK751   -3100 -2894                                                                                       .66  .55  .61 
 219 MWK753   -3158 -2500                                                                        .83  .83  .71  .65  .80  .84 
 220 MWK754   -3150 -2202                                                                             .67  .73  .81  .86  .83 
 222 MWK756   -3674 -3087  .81  .80  .76  .81  .76  .73  .70  .71  .63  .59  .72  .76  .72  .64  .77                          
 224 MWK762   -3620 -3301  .84  .83  .75  .63  .68  .75  .65                                                                  
 225 MWK763   -3784 -2870  .90  .91  .88  .82  .83  .87  .84  .80  .86  .89  .91  .89  .76  .79  .80  .83  .87  .86  .87  .86 
 Av segment correlation  .83  .82  .73  .74  .80  .79  .76  .71  .74  .76  .80  .78  .68  .65  .72  .78  .80  .73  .71  .74 

 CORRELATION OF SERIES BY SEGMENTS: ca535
-----------------------------------------------------------------------------------------------------------------------------------
 Correlations of  50-year dated segments, lagged  25 years
 Flags:  A = correlation under   .3281 but highest as dated;  B = correlation higher at other than dated position

 Seq Series  Time_span  -3000 -2975 -2950 -2925 -2900 -2875 -2850 -2825 -2800 -2775 -2750 -2725 -2700 -2675 -2650 -2625 -2600 -2575 -2550 -2525 
                        -2951 -2926 -2901 -2876 -2851 -2826 -2801 -2776 -2751 -2726 -2701 -2676 -2651 -2626 -2601 -2576 -2551 -2526 -2501 -2476 
 --- -------- ---------  ---- ---- ---- ---- ---- ---- ---- ---- ---- ---- ---- ---- ---- ---- ---- ---- ---- ---- ---- ---- 
  35 MWK171   -3150 -2121  .71  .70  .37  .31B .43  .69  .82  .74  .62  .74  .70  .68  .61  .62  .77  .76  .79  .64  .64  .60 
  46 MWK272   -2575 -1961                                                                                            .58  .57 
  79 MWK401   -3552 -2852  .77  .81  .83  .82                                                                                 
  81 MWK403   -4205 -2641  .82  .87  .86  .88  .88  .88  .90  .84  .82  .87  .84  .87  .85                                    
  99 MWK471   -3386 -2899  .87  .87  .82                                                                                      
 113 MWK511   -3801 -2591  .81  .83  .72  .73  .83  .79  .76  .69  .70  .86  .84  .81  .84  .71  .69                          
 114 MWK512   -3901 -2901  .90  .89  .79                                                                                      
 115 MWK513   -4111 -2762  .82  .81  .77  .79  .88  .89  .88  .79                                                             
 124 MWK542   -2650 -1923                                                                             .80  .76  .80  .83  .86 
 125 MWK543   -2596 -2096                                                                                       .79  .73  .74 
 133 MWK563   -2942 -2528                 .81  .83  .80  .87  .87  .80  .88  .87  .84  .79  .71  .65  .53  .71                
 140 MWK582   -2955 -2631            .67  .56  .69  .68  .67  .62  .45  .61  .69  .76  .73                                    
 141 MWK583   -3125 -2860  .67  .73  .62  .57                                                                                 
 143 MWK592   -3281 -2621  .77  .82  .73  .70  .78  .84  .81  .74  .83  .88  .82  .71  .72  .68                               
 146 MWK595   -2850 -2476                                .71  .68  .67  .64  .60  .71  .72  .64  .59  .53  .59  .58  .63  .68 
 159 MWK631   -3320 -2399  .87  .90  .88  .88  .88  .91  .90  .86  .90  .95  .91  .85  .84  .62  .54  .60  .55  .45  .58  .65 
 160 MWK632   -3214 -2394  .78  .80  .77  .76  .90  .89  .87  .79  .79  .90  .86  .72  .73  .72  .63  .60  .58  .56  .60  .55 
 161 MWK633   -3121 -2647  .89  .86  .73  .73  .85  .83  .79  .74  .75  .81  .77  .76  .82                                    
 162 MWK634   -3149 -2387  .65  .72  .67  .50  .60  .81  .79  .72  .75  .88  .84  .84  .86  .76  .79  .81  .82  .70  .68  .80 
 172 MWK651   -2610 -2240                                                                                  .79  .82  .75  .78 
 184 MWK683   -3579 -2863  .78  .78  .65  .65                                                                                 
 185 MWK684   -2574 -2117                                                                                            .83  .84 
 194 MWK701   -2989 -2715       .85  .77  .81  .85  .71  .75  .88  .86  .88                                                   
 213 MWK743   -2967 -2547            .70  .67  .80  .88  .83  .72  .76  .83  .78  .71  .76  .58  .52  .67  .70                
 214 MWK744   -3199 -2867  .85  .88  .79  .74                                                                                 
 216 MWK746   -2783 -2168                                               .89  .87  .86  .88  .72  .72  .85  .87  .86  .84  .85 
 217 MWK751   -3100 -2894  .72  .75  .67                                                                                      
 219 MWK753   -3158 -2500  .84  .86  .86  .73  .81  .85  .84  .77  .73  .84  .76  .77  .84  .70  .71  .67  .68  .66  .63      
 220 MWK754   -3150 -2202  .85  .81  .67  .81  .89  .83  .79  .74  .76  .85  .81  .76  .65  .60  .58  .61  .75  .75  .72  .74 
 221 MWK755   -2550 -1835                                                                                                 .63 
 225 MWK763   -3784 -2870  .88  .89  .82  .78                                                                                 
 233 MWK801   -2672 -797                                                                        .79  .78  .75  .78  .79  .73 
 Av segment correlation  .80  .82  .73  .71  .79  .82  .81  .76  .75  .83  .80  .78  .78  .67  .66  .68  .72  .70  .70  .71 

 CORRELATION OF SERIES BY SEGMENTS: ca535
-----------------------------------------------------------------------------------------------------------------------------------
 Correlations of  50-year dated segments, lagged  25 years
 Flags:  A = correlation under   .3281 but highest as dated;  B = correlation higher at other than dated position

 Seq Series  Time_span  -2500 -2475 -2450 -2425 -2400 -2375 -2350 -2325 -2300 -2275 -2250 -2225 -2200 -2175 -2150 -2125 -2100 -2075 -2050 -2025 
                        -2451 -2426 -2401 -2376 -2351 -2326 -2301 -2276 -2251 -2226 -2201 -2176 -2151 -2126 -2101 -2076 -2051 -2026 -2001 -1976 
 --- -------- ---------  ---- ---- ---- ---- ---- ---- ---- ---- ---- ---- ---- ---- ---- ---- ---- ---- ---- ---- ---- ---- 
   4 MWK004   -2070 -1541                                                                                            .65  .71 
  35 MWK171   -3150 -2121  .40  .49  .65  .65  .71  .71  .60  .67  .75  .76  .66  .62  .76  .75                               
  46 MWK272   -2575 -1961  .68  .68  .60  .64  .81  .79  .79  .85  .89  .90  .86  .85  .86  .90  .87  .84  .80  .78  .82  .86 
  52 MWK291   -2409 -1900                      .84  .83  .80  .86  .89  .89  .87  .90  .90  .91  .87  .89  .86  .79  .87  .89 
  88 MWK431   -2150 -1271                                                                             .68  .76  .57  .56  .67 
 116 MWK521   -2400 -1830                           .87  .88  .89  .91  .91  .91  .82  .85  .89  .89  .91  .91  .85  .88  .93 
 117 MWK522   -2400 -1840                           .87  .88  .88  .91  .93  .91  .77  .84  .86  .86  .86  .83  .78  .85  .88 
 118 MWK523   -2390 -1839                           .90  .89  .89  .89  .91  .92  .81  .82  .87  .86  .87  .89  .82  .85  .90 
 119 MWK524   -2330 -1839                                     .82  .83  .92  .94  .87  .87  .89  .88  .91  .90  .83  .87  .90 
 121 MWK526   -2468 -2180            .51  .66  .84  .81  .75  .80  .84  .90  .92                                              
 124 MWK542   -2650 -1923  .88  .84  .80  .85  .79  .73  .75  .77  .78  .85  .88  .85  .87  .86  .79  .78  .80  .70  .80  .85 
 125 MWK543   -2596 -2096  .72  .61  .56  .63  .54  .55  .74  .77  .66  .66  .70  .60  .71  .71  .67                          
 126 MWK544   -2400 -1913                           .75  .70  .81  .85  .90  .89  .74  .76  .84  .86  .86  .84  .82  .90  .88 
 129 MWK552   -2342 -1567                                     .82  .82  .94  .95  .88  .86  .86  .86  .88  .86  .71  .70  .73 
 156 MWK615   -2364 -1848                                .75  .76  .81  .83  .81  .68  .61  .68  .73  .67  .67  .61  .54  .74 
 158 MWK622   -2390 -1500                           .74  .75  .67  .71  .85  .85  .78  .80  .79  .80  .87  .87  .78  .79  .83 
 159 MWK631   -3320 -2399  .73  .79  .64                                                                                      
 160 MWK632   -3214 -2394  .63  .73  .69                                                                                      
 162 MWK634   -3149 -2387  .84  .73  .59                                                                                      
 172 MWK651   -2610 -2240  .78  .68  .74  .78  .80  .80  .63  .66  .76                                                        
 185 MWK684   -2574 -2117  .80  .79  .78  .82  .88  .81  .82  .85  .86  .91  .91  .86  .87  .86                               
 193 MWK694   -2455 -2047            .60  .69  .79  .70  .60  .71  .82  .82  .67  .63  .83  .79  .55  .58  .72                
 204 MWK732   -2199 -1307                                                                   .77  .68  .77  .80  .72  .70  .76 
 205 MWK733   -2357 -1973                                .72  .79  .78  .86  .75  .52  .77  .76  .63  .76  .83  .72  .79  .74 
 212 MWK742   -2177 -1626                                                                   .80  .75  .73  .70  .53  .69  .73 
 216 MWK746   -2783 -2168  .82  .69  .60  .67  .76  .74  .77  .73  .70  .84  .88  .81                                         
 218 MWK752   -2339 -1690                                     .72  .69  .78  .81  .77  .79  .81  .75  .74  .77  .62  .65  .75 
 220 MWK754   -3150 -2202  .79  .79  .81  .77  .80  .82  .83  .84  .67  .77                                                   
 221 MWK755   -2550 -1835  .76  .81  .60  .65  .86  .79  .72  .60  .59  .74  .77  .70  .83  .89  .76  .73  .75  .66  .74  .80 
 226 MWK764   -2325 -2056                                          .70  .77  .73  .66  .69  .66  .61  .74                     
 233 MWK801   -2672 -797  .73  .78  .65  .65  .74  .68  .75  .77  .76  .83  .82  .75  .80  .83  .79  .79  .77  .73  .68  .60 
 Av segment correlation  .73  .73  .65  .71  .78  .77  .76  .78  .79  .85  .84  .76  .80  .82  .77  .79  .81  .72  .75  .80 

 CORRELATION OF SERIES BY SEGMENTS: ca535
-----------------------------------------------------------------------------------------------------------------------------------
 Correlations of  50-year dated segments, lagged  25 years
 Flags:  A = correlation under   .3281 but highest as dated;  B = correlation higher at other than dated position

 Seq Series  Time_span  -2000 -1975 -1950 -1925 -1900 -1875 -1850 -1825 -1800 -1775 -1750 -1725 -1700 -1675 -1650 -1625 -1600 -1575 -1550 -1525 
                        -1951 -1926 -1901 -1876 -1851 -1826 -1801 -1776 -1751 -1726 -1701 -1676 -1651 -1626 -1601 -1576 -1551 -1526 -1501 -1476 
 --- -------- ---------  ---- ---- ---- ---- ---- ---- ---- ---- ---- ---- ---- ---- ---- ---- ---- ---- ---- ---- ---- ---- 
   1 MWK001   -1750 -1287                                                         .91  .92  .85  .84  .78  .85  .87  .77  .65 
   2 MWK002   -1750 -1289                                                         .90  .90  .90  .89  .80  .79  .76  .79  .76 
   3 MWK003   -1913 -1291                      .82  .70  .72  .84  .90  .91  .89  .92  .94  .89  .86  .85  .87  .82  .81  .77 
   4 MWK004   -2070 -1541  .77  .74  .70  .78  .76  .70  .73  .86  .87  .85  .86  .89  .90  .88  .89  .86  .85                
  48 MWK281   -1705 -550                                                              .83  .85  .85  .73  .76  .80  .83  .80 
  50 MWK283   -1918 -1200                      .61  .59  .61  .80  .82  .79  .82  .82  .80  .82  .81  .68  .79  .87  .88  .83 
  52 MWK291   -2409 -1900  .88  .82  .81                                                                                      
  60 MWK341   -1639 -800                                                                             .55  .60  .63  .65  .74 
  61 MWK342   -1576 -800                                                                                            .72  .80 
  62 MWK343   -1870 -1100                                .69  .80  .80  .70  .71  .79  .80  .75  .73  .49  .59  .60  .54  .68 
  63 MWK344   -2000 -1230       .63  .71  .60  .62  .54  .46  .73  .75  .70  .71  .75  .65  .59  .74  .67  .69  .68  .65  .79 
  88 MWK431   -2150 -1271  .81  .79  .70  .53  .69  .75  .66  .68  .76  .79  .74  .77  .73  .63  .63  .66  .84  .82  .77  .80 
 116 MWK521   -2400 -1830  .89  .89  .90  .85  .88                                                                            
 117 MWK522   -2400 -1840  .87  .87  .88  .81  .82                                                                            
 118 MWK523   -2390 -1839  .91  .90  .88  .82  .84                                                                            
 119 MWK524   -2330 -1839  .87  .88  .87  .82  .86                                                                            
 124 MWK542   -2650 -1923  .79  .72                                                                                           
 126 MWK544   -2400 -1913  .85  .86                                                                                           
 129 MWK552   -2342 -1567  .76  .71  .68  .76  .84  .81  .73  .70  .77  .76  .79  .81  .81  .77  .72  .69                     
 156 MWK615   -2364 -1848  .79  .76  .72  .66  .62                                                                            
 157 MWK621   -1960 -1300            .87  .82  .83  .80  .69  .80  .86  .84  .82  .79  .79  .83  .80  .59  .70  .77  .81  .81 
 158 MWK622   -2390 -1500  .84  .86  .81  .78  .85  .84  .76  .82  .85  .84  .84  .83  .84  .81  .83  .73  .73  .79  .80      
 204 MWK732   -2199 -1307  .83  .82  .62  .52  .73  .74  .57  .72  .80  .79  .79  .82  .83  .72  .73  .75  .68  .72  .78  .76 
 209 MWK737   -1603 -571                                                                                  .73  .67  .55  .63 
 212 MWK742   -2177 -1626  .73  .70  .55  .59  .72  .71  .67  .70  .85  .75  .72  .76  .75  .69                               
 218 MWK752   -2339 -1690  .74  .66  .50  .55  .64  .67  .67  .77  .88  .80  .71                                              
 221 MWK755   -2550 -1835  .81  .87  .80  .72  .76                                                                            
 228 MWK771   -1825 -1338                                          .72  .67  .60  .63  .58  .52  .66  .70  .78  .74  .77  .79 
 230 MWK781   -1700 -775                                                                   .58  .63  .55  .58  .68  .62  .65 
 233 MWK801   -2672 -797  .69  .79  .68  .53  .67  .74  .70  .73  .68  .68  .71  .73  .81  .81  .75  .67  .74  .77  .79  .74 
 Av segment correlation  .81  .79  .74  .70  .75  .72  .67  .77  .81  .78  .76  .81  .80  .76  .77  .69  .74  .75  .74  .75 

 CORRELATION OF SERIES BY SEGMENTS: ca535
-----------------------------------------------------------------------------------------------------------------------------------
 Correlations of  50-year dated segments, lagged  25 years
 Flags:  A = correlation under   .3281 but highest as dated;  B = correlation higher at other than dated position

 Seq Series  Time_span  -1500 -1475 -1450 -1425 -1400 -1375 -1350 -1325 -1300 -1275 -1250 -1225 -1200 -1175 -1150 -1125 -1100 -1075 -1050 -1025 
                        -1451 -1426 -1401 -1376 -1351 -1326 -1301 -1276 -1251 -1226 -1201 -1176 -1151 -1126 -1101 -1076 -1051 -1026 -1001 -976 
 --- -------- ---------  ---- ---- ---- ---- ---- ---- ---- ---- ---- ---- ---- ---- ---- ---- ---- ---- ---- ---- ---- ---- 
   1 MWK001   -1750 -1287  .51  .67  .84  .81  .78  .77  .80                                                                  
   2 MWK002   -1750 -1289  .46  .58  .81  .79  .85  .73  .75                                                                  
   3 MWK003   -1913 -1291  .50  .60  .78  .73  .80  .78  .80                                                                  
  48 MWK281   -1705 -550  .77  .79  .80  .83  .84  .68  .70  .78  .83  .76  .60  .65  .77  .85  .84  .84  .88  .84  .67  .72 
  50 MWK283   -1918 -1200  .78  .80  .87  .92  .90  .70  .74  .85  .89  .89  .85                                              
  51 MWK284   -1199 -800                                                                   .84  .84  .87  .91  .88  .75  .79 
  60 MWK341   -1639 -800  .76  .78  .75  .72  .65  .72  .73  .65  .72  .66  .62  .69  .62  .59  .67  .75  .78  .75  .64  .66 
  61 MWK342   -1576 -800  .84  .87  .78  .66  .62  .67  .69  .74  .82  .77  .64  .68  .58  .64  .78  .70  .74  .74  .64  .72 
  62 MWK343   -1870 -1100  .78  .79  .77  .74  .65  .66  .71  .75  .81  .72  .64  .69  .69  .73  .83                          
  63 MWK344   -2000 -1230  .78  .72  .74  .64  .57  .80  .66  .62  .78                                                        
  88 MWK431   -2150 -1271  .77  .77  .79  .84  .88  .69  .63  .76                                                             
 152 MWK611   -1416 -374                      .75  .72  .71  .71  .78  .80  .68  .66  .77  .77  .79  .82  .81  .78  .72  .76 
 153 MWK612   -1410 -401                      .76  .76  .74  .72  .78  .83  .77  .75  .84  .83  .81  .84  .89  .86  .70  .75 
 157 MWK621   -1960 -1300  .76  .80  .81  .68  .64  .67  .70                                                                  
 204 MWK732   -2199 -1307  .73  .78  .80  .78  .79  .85                                                                       
 209 MWK737   -1603 -571  .63  .60  .54  .51  .54  .39  .53  .73  .70  .67  .71  .70  .69  .67  .70  .72  .82  .83  .70  .67 
 228 MWK771   -1825 -1338  .78  .77  .71  .61  .58                                                                            
 229 MWK772   -1359 -433                                .75  .78  .81  .85  .74  .72  .71  .64  .67  .75  .70  .68  .64  .71 
 230 MWK781   -1700 -775  .71  .74  .63  .48  .45  .54  .59  .70  .74  .68  .61  .61  .62  .57  .62  .73  .78  .66  .49  .51 
 233 MWK801   -2672 -797  .74  .63  .60  .71  .68  .69  .68  .69  .78  .78  .75  .67  .67  .66  .67  .76  .74  .73  .68  .68 
 271 MWK975   -1203 1780                                                              .67  .66  .54  .69  .84  .79  .52  .50 
 Av segment correlation  .71  .73  .75  .72  .71  .69  .70  .73  .79  .76  .69  .68  .69  .70  .73  .77  .81  .78  .65  .68 

 CORRELATION OF SERIES BY SEGMENTS: ca535
-----------------------------------------------------------------------------------------------------------------------------------
 Correlations of  50-year dated segments, lagged  25 years
 Flags:  A = correlation under   .3281 but highest as dated;  B = correlation higher at other than dated position

 Seq Series  Time_span  -1000 -975 -950 -925 -900 -875 -850 -825 -800 -775 -750 -725 -700 -675 -650 -625 -600 -575 -550 -525 
                        -951 -926 -901 -876 -851 -826 -801 -776 -751 -726 -701 -676 -651 -626 -601 -576 -551 -526 -501 -476 
 --- -------- ---------  ---- ---- ---- ---- ---- ---- ---- ---- ---- ---- ---- ---- ---- ---- ---- ---- ---- ---- ---- ---- 
  33 MWK151   -608 1957                                                                                  .67  .74  .79  .63 
  34 MWK161   -1010 -118  .67  .65  .74  .88  .90  .86  .79  .81  .77  .77  .80  .81  .86  .89  .84  .73  .80  .81  .75  .80 
  39 MWK211   -740  803                                                         .72  .77  .77  .61  .53  .64  .74  .72  .65 
  41 MWK231   -700 1957                                                                   .76  .73  .56  .61  .69  .73  .61 
  47 MWK273   -650  899                                                                             .59  .76  .74  .52  .62 
  48 MWK281   -1705 -550  .80  .82  .78  .83  .88  .86  .81  .75  .74  .90  .89  .86  .88  .82  .82  .85  .87                
  49 MWK282   -780 -401                                               .74  .78  .83  .84  .84  .84  .83  .83  .83  .83  .84 
  51 MWK284   -1199 -800  .83  .83  .81  .87  .90  .89  .76                                                                  
  54 MWK311   -800  100                                               .81  .78  .80  .82  .73  .69  .71  .80  .82  .53  .41 
  55 MWK312   -800  100                                               .81  .79  .82  .85  .77  .71  .55  .68  .73  .63  .67 
  56 MWK321   -956 -725            .69  .79  .86  .68  .53  .65  .62  .69                                                   
  57 MWK331   -750  850                                                         .83  .79  .74  .76  .67  .75  .78  .76  .87 
  58 MWK332   -800  200                                               .77  .82  .78  .73  .77  .81  .72  .79  .83  .81  .86 
  59 MWK333   -800  642                                               .55  .80  .80  .71  .65  .68  .66  .71  .70  .66  .72 
  60 MWK341   -1639 -800  .71  .62  .68  .72  .77  .78  .68                                                                  
  61 MWK342   -1576 -800  .70  .63  .55  .46  .71  .83  .69                                                                  
  64 MWK351   -780  400                                               .80  .82  .81  .84  .85  .83  .87  .77  .78  .79  .80 
 128 MWK551   -803 -241                                          .63  .58  .73  .77  .73  .76  .80  .80  .71  .71  .73  .69 
 142 MWK591   -575   -1                                                                                            .83  .79 
 149 MWK603   -1000 -207       .73  .75  .82  .74  .66  .78  .82  .71  .64  .77  .78  .74  .78  .83  .84  .68  .69  .58  .59 
 152 MWK611   -1416 -374  .84  .83  .71  .78  .83  .78  .78  .80  .80  .86  .87  .89  .88  .90  .86  .76  .78  .70  .71  .89 
 153 MWK612   -1410 -401  .86  .85  .80  .83  .83  .75  .80  .83  .77  .83  .85  .88  .84  .86  .87  .76  .76  .72  .72  .86 
 176 MWK671   -943  -55                 .61  .76  .72  .72  .77  .71  .80  .85  .89  .85  .81  .88  .87  .85  .80  .72  .81 
 180 MWK675   -1016 -743  .77  .83  .69  .71  .73  .69  .78  .77  .72                                                        
 196 MWK711   -848 -334                                     .73  .68  .67  .69  .70  .72  .68  .57  .56  .71  .77  .74  .71 
 209 MWK737   -1603 -571  .76  .76  .80  .76  .82  .80  .56  .70  .77  .75  .77  .76  .76  .78  .73  .62                     
 210 MWK738   -644 -428                                                                             .69  .80  .82  .74  .74 
 229 MWK772   -1359 -433  .85  .79  .62  .73  .84  .84  .83  .81  .63  .55  .75  .70  .69  .74  .66  .72  .79  .83  .70  .72 
 230 MWK781   -1700 -775  .61  .61  .60  .73  .74  .63  .64  .65                                                             
 233 MWK801   -2672 -797  .75  .71  .59  .75  .82  .77  .70                                                                  
 269 MWK973   -750 1979                                                         .72  .75  .70  .60  .47  .63  .80  .76  .75 
 271 MWK975   -1203 1780  .54  .51  .60  .59  .75  .80  .63  .68  .72  .57  .44  .31A .35  .57  .53  .39  .61  .67  .55  .53 
 272 MWK976   -600  150                                                                                       .74  .63  .65 
 Av segment correlation  .74  .73  .69  .74  .81  .77  .72  .75  .71  .73  .78  .77  .77  .77  .75  .69  .74  .76  .71  .72 

 CORRELATION OF SERIES BY SEGMENTS: ca535
-----------------------------------------------------------------------------------------------------------------------------------
 Correlations of  50-year dated segments, lagged  25 years
 Flags:  A = correlation under   .3281 but highest as dated;  B = correlation higher at other than dated position

 Seq Series  Time_span  -500 -475 -450 -425 -400 -375 -350 -325 -300 -275 -250 -225 -200 -175 -150 -125 -100  -75  -50  -25 
                        -451 -426 -401 -376 -351 -326 -301 -276 -251 -226 -201 -176 -151 -126 -101  -76  -51  -26   -1   24 
 --- -------- ---------  ---- ---- ---- ---- ---- ---- ---- ---- ---- ---- ---- ---- ---- ---- ---- ---- ---- ---- ---- ---- 
  33 MWK151   -608 1957  .61  .77  .79  .72  .67  .72  .75  .72  .71  .74  .79  .73  .78  .86  .77  .83  .86  .79  .81  .73 
  34 MWK161   -1010 -118  .80  .72  .68  .73  .70  .75  .84  .78  .78  .72  .62  .57  .49  .54                               
  36 MWK181   -186 1800                                                                   .76  .51  .55  .73  .77  .79  .70 
  37 MWK191   -300 1299                                          .76  .74  .75  .80  .84  .87  .87  .84  .85  .87  .88  .89 
  39 MWK211   -740  803  .68  .67  .75  .76  .53  .69  .85  .80  .66  .53  .53  .65  .70  .71  .66  .81  .79  .70  .72  .79 
  40 MWK221    -84 1957                                                                                       .87  .85  .88 
  41 MWK231   -700 1957  .54  .63  .75  .73  .63  .74  .76  .73  .81  .86  .82  .76  .76  .82  .74  .78  .77  .79  .86  .88 
  42 MWK241    -30 1900                                                                                                 .83 
  44 MWK261    -99 1168                                                                                       .79  .81  .86 
  45 MWK271   -404  400                      .71  .67  .66  .61  .68  .75  .76  .68  .65  .73  .76  .82  .88  .87  .80  .83 
  47 MWK273   -650  899  .65  .62  .66  .62  .45  .51  .66  .54  .56  .68  .77  .79  .68  .77  .84  .87  .90  .84  .77  .83 
  49 MWK282   -780 -401  .73  .65  .75                                                                                      
  54 MWK311   -800  100  .60  .63  .48  .62  .75  .78  .72  .65  .70  .67  .66  .60  .56  .71  .71  .72  .64  .71  .75  .70 
  55 MWK312   -800  100  .68  .63  .62  .69  .71  .78  .81  .79  .67  .65  .80  .82  .76  .77  .77  .79  .64  .68  .80  .81 
  57 MWK331   -750  850  .83  .71  .76  .73  .70  .83  .92  .84  .69  .78  .78  .73  .74  .77  .71  .76  .78  .77  .84  .85 
  58 MWK332   -800  200  .83  .76  .75  .80  .75  .80  .88  .81  .72  .79  .73  .69  .78  .81  .72  .77  .76  .64  .60  .74 
  59 MWK333   -800  642  .77  .81  .77  .79  .72  .77  .84  .80  .75  .73  .81  .83  .74  .77  .75  .83  .86  .78  .75  .84 
  64 MWK351   -780  400  .88  .86  .82  .88  .85  .80  .83  .82  .82  .83  .86  .82  .78  .81  .81  .80  .83  .85  .85  .86 
  74 MWK381   -150  400                                                                             .81  .87  .87  .79  .82 
  89 MWK441   -332  739                                     .83  .69  .73  .83  .83  .81  .71  .69  .80  .57  .60  .77  .81 
  90 MWK442    -47  228                                                                                                 .63 
 128 MWK551   -803 -241  .66  .75  .77  .61  .54  .63  .68  .68  .63                                                        
 142 MWK591   -575   -1  .71  .68  .66  .67  .72  .74  .67  .63  .70  .55  .54  .66  .64  .61  .48  .59  .68  .65  .60      
 149 MWK603   -1000 -207  .70  .69  .70  .67  .58  .63  .73  .66  .56  .58                                                   
 152 MWK611   -1416 -374  .85  .84  .81  .75                                                                                 
 153 MWK612   -1410 -401  .79  .76  .75                                                                                      
 176 MWK671   -943  -55  .78  .74  .77  .74  .72  .81  .81  .73  .66  .73  .85  .79  .67  .69  .73  .77                     
 196 MWK711   -848 -334  .76  .77  .66  .58  .58                                                                            
 210 MWK738   -644 -428  .79                                                                                                
 229 MWK772   -1359 -433  .82                                                                                                
 245 MWK871   -507 1978  .87  .87  .86  .79  .80  .85  .89  .86  .84  .89  .87  .85  .88  .92  .84  .78  .83  .88  .89  .65 
 262 MWK961   -214 1978                                                              .74  .78  .78  .81  .84  .81  .81  .71 
 269 MWK973   -750 1979  .68  .57  .62  .69  .78  .80  .86  .81  .61  .60  .73  .77  .64  .55  .47  .62  .65  .55  .70  .79 
 271 MWK975   -1203 1780  .61  .77  .80  .80  .73  .78  .84  .80  .82  .82  .80  .80  .76  .79  .82  .81  .76  .83  .90  .92 
 272 MWK976   -600  150  .64  .44  .59  .74  .68  .64  .70  .62  .57  .62  .50  .54  .65  .73  .69  .70  .69  .69  .61  .69 
 Av segment correlation  .73  .71  .72  .72  .68  .74  .78  .74  .70  .71  .74  .74  .72  .75  .72  .77  .77  .77  .78  .79 

 CORRELATION OF SERIES BY SEGMENTS: ca535
-----------------------------------------------------------------------------------------------------------------------------------
 Correlations of  50-year dated segments, lagged  25 years
 Flags:  A = correlation under   .3281 but highest as dated;  B = correlation higher at other than dated position

 Seq Series  Time_span     0   25   50   75  100  125  150  175  200  225  250  275  300  325  350  375  400  425  450  475 
                          49   74   99  124  149  174  199  224  249  274  299  324  349  374  399  424  449  474  499  524 
 --- -------- ---------  ---- ---- ---- ---- ---- ---- ---- ---- ---- ---- ---- ---- ---- ---- ---- ---- ---- ---- ---- ---- 
  32 MWK141    450 1921                                                                                                 .67 
  33 MWK151   -608 1957  .76  .84  .48  .27A .55  .83  .80  .75  .82  .79  .82  .89  .81  .82  .86  .71  .78  .77  .57  .65 
  36 MWK181   -186 1800  .74  .76  .73  .86  .86  .76  .78  .75  .77  .77  .78  .87  .80  .67  .68  .57  .75  .79  .70  .69 
  37 MWK191   -300 1299  .91  .87  .86  .87  .86  .89  .82  .68  .85  .87  .83  .89  .88  .85  .85  .76  .84  .85  .72  .70 
  38 MWK201    350 1957                                                                             .87  .90  .82  .72  .74 
  39 MWK211   -740  803  .81  .74  .68  .78  .84  .81  .80  .75  .71  .75  .79  .84  .77  .66  .74  .75  .73  .72  .63  .68 
  40 MWK221    -84 1957  .93  .91  .88  .82  .82  .90  .85  .79  .84  .84  .82  .89  .88  .86  .89  .80  .85  .86  .74  .65 
  41 MWK231   -700 1957  .80  .75  .76  .75  .79  .86  .85  .81  .79  .74  .77  .83  .82  .83  .82  .77  .80  .82  .74  .78 
  42 MWK241    -30 1900  .87  .90  .88  .84  .82  .85  .82  .75  .85  .89  .87  .79  .78  .90  .91  .89  .92  .94  .89  .86 
  44 MWK261    -99 1168  .89  .89  .77  .76  .84  .77  .74  .81  .87  .83  .83  .79  .72  .78  .85  .86  .62  .65  .74  .68 
  45 MWK271   -404  400  .89  .87  .88  .90  .84  .75  .77  .73  .80  .87  .85  .82  .80  .86  .86                          
  47 MWK273   -650  899  .90  .87  .88  .92  .85  .73  .76  .80  .90  .87  .87  .92  .88  .89  .88  .80  .80  .77  .62  .71 
  54 MWK311   -800  100  .68  .63  .64                                                                                      
  55 MWK312   -800  100  .84  .86  .82                                                                                      
  57 MWK331   -750  850  .86  .88  .82  .63  .60  .64  .62  .64  .77  .72  .82  .90  .76  .73  .73  .52  .79  .87  .79  .61 
  58 MWK332   -800  200  .84  .86  .83  .80  .77  .69  .62                                                                  
  59 MWK333   -800  642  .88  .85  .85  .73  .71  .75  .72  .60  .66  .70  .80  .90  .84  .81  .83  .72  .82  .84  .70  .66 
  64 MWK351   -780  400  .88  .88  .87  .88  .87  .79  .75  .74  .80  .84  .89  .86  .83  .83  .85                          
  74 MWK381   -150  400  .90  .89  .88  .90  .83  .75  .77  .72  .80  .87  .72  .72  .81  .86  .86                          
  89 MWK441   -332  739  .90  .91  .86  .77  .66  .68  .61  .52  .73  .80  .80  .88  .92  .87  .86  .74  .82  .86  .75  .72 
  90 MWK442    -47  228  .62  .74  .78  .79  .68  .51  .62  .62                                                             
 245 MWK871   -507 1978  .72  .89  .88  .68  .64  .80  .77  .70  .81  .86  .74  .73  .79  .89  .80  .54  .72  .79  .75  .70 
 246 MWK872    148 1978                                     .75  .79  .83  .84  .71  .65  .87  .84  .64  .81  .85  .75  .88 
 262 MWK961   -214 1978  .77  .86  .82  .77  .77  .72  .74  .70  .78  .85  .83  .78  .74  .80  .80  .62  .70  .72  .58  .63 
 263 MWK962    435 1871                                                                                            .49  .46 
 265 MWK964     40 1979            .74  .85  .83  .53  .40  .49  .66  .65  .67  .70  .66  .69  .64  .32A .49  .52  .48  .65 
 269 MWK973   -750 1979  .71  .66  .64  .60  .66  .71  .76  .85  .85  .83  .84  .87  .81  .80  .82  .78  .86  .91  .87  .82 
 270 MWK974    120 1979                           .69  .68  .71  .67  .70  .67  .79  .86  .78  .75  .67  .76  .72  .57  .65 
 271 MWK975   -1203 1780  .89  .85  .86  .84  .81  .81  .82  .73  .80  .81  .82  .85  .78  .74  .69  .69  .78  .78  .70  .62 
 272 MWK976   -600  150  .75  .75  .85  .80  .66                                                                            
 278 MWK984    125 1979                                .55  .63  .74  .77  .75  .79  .78  .71  .67  .56  .72  .75  .64  .62 
 282 MWK992    128  874                                .76  .62  .70  .66  .58  .71  .70  .69  .72  .73  .72  .74  .76  .65 
 284 MWK994    -15 1759  .83  .83  .85  .84  .76  .75  .73  .70  .62  .65  .69  .78  .77  .72  .66  .53  .63  .60  .61  .58 
 Av segment correlation  .82  .83  .80  .78  .76  .75  .73  .71  .77  .79  .79  .82  .79  .80  .79  .69  .76  .78  .69  .68 

 CORRELATION OF SERIES BY SEGMENTS: ca535
-----------------------------------------------------------------------------------------------------------------------------------
 Correlations of  50-year dated segments, lagged  25 years
 Flags:  A = correlation under   .3281 but highest as dated;  B = correlation higher at other than dated position

 Seq Series  Time_span   500  525  550  575  600  625  650  675  700  725  750  775  800  825  850  875  900  925  950  975 
                         549  574  599  624  649  674  699  724  749  774  799  824  849  874  899  924  949  974  999 1024 
 --- -------- ---------  ---- ---- ---- ---- ---- ---- ---- ---- ---- ---- ---- ---- ---- ---- ---- ---- ---- ---- ---- ---- 
  32 MWK141    450 1921  .70  .77  .82  .83  .88  .90  .88  .85  .79  .80  .79  .83  .84  .87  .85  .78  .80  .90  .80  .71 
  33 MWK151   -608 1957  .66  .67  .73  .72  .81  .81  .81  .80  .69  .69  .76  .76  .80  .78  .70  .73  .66  .72  .88  .81 
  36 MWK181   -186 1800  .70  .86  .86  .66  .59  .73  .84  .80  .73  .66  .63  .81  .83  .77  .70  .70  .63  .72  .84  .79 
  37 MWK191   -300 1299  .76  .86  .80  .74  .92  .90  .86  .88  .87  .83  .82  .89  .90  .84  .68  .68  .80  .89  .86  .82 
  38 MWK201    350 1957  .72  .85  .88  .79  .82  .82  .84  .88  .87  .77  .67  .81  .83  .81  .76  .72  .70  .78  .87  .79 
  39 MWK211   -740  803  .75  .84  .84  .71  .73  .76  .63  .70  .75  .69  .68                                              
  40 MWK221    -84 1957  .75  .89  .85  .74  .85  .85  .87  .88  .87  .88  .77  .80  .86  .87  .80  .81  .82  .79  .86  .84 
  41 MWK231   -700 1957  .76  .66  .74  .84  .81  .77  .83  .82  .71  .73  .73  .77  .79  .83  .85  .71  .60  .59  .71  .78 
  42 MWK241    -30 1900  .84  .87  .91  .89  .93  .93  .87  .86  .87  .87  .83  .90  .93  .87  .81  .84  .81  .88  .90  .85 
  44 MWK261    -99 1168  .70  .80  .81  .72  .80  .83  .77  .81  .85  .85  .76  .68  .76  .84  .69  .78  .88  .77  .68  .55 
  47 MWK273   -650  899  .71  .74  .81  .76  .68  .76  .89  .89  .70  .73  .77  .84  .89  .82  .72                          
  57 MWK331   -750  850  .65  .83  .77  .55  .75  .83  .81  .82  .72  .71  .74  .80  .83                                    
  59 MWK333   -800  642  .70  .80  .82  .73                                                                                 
  89 MWK441   -332  739  .74  .83  .86  .80  .78  .79  .84  .87                                                             
 239 MWK841    918 1978                                                                                       .87  .88  .79 
 243 MWK861    650 1978                                     .78  .75  .80  .70  .86  .92  .86  .87  .89  .83  .88  .93  .85 
 244 MWK862    540 1978            .88  .79  .87  .90  .92  .88  .79  .80  .78  .90  .92  .87  .75  .78  .79  .82  .91  .87 
 245 MWK871   -507 1978  .67  .74  .78  .72  .75  .81  .86  .83  .69  .72  .77  .82  .83  .84  .84  .75  .72  .81  .87  .85 
 246 MWK872    148 1978  .90  .87  .85  .80  .88  .88  .89  .90  .79  .75  .77  .83  .85  .85  .86  .80  .74  .87  .87  .82 
 262 MWK961   -214 1978  .72  .88  .91  .82  .76  .74  .79  .78  .69  .65  .70  .86  .87  .79  .79  .86  .85  .79  .78  .75 
 263 MWK962    435 1871  .45  .68  .69  .67  .69  .73  .74  .64  .51  .52  .61  .78  .85  .83  .69  .75  .79  .81  .83  .81 
 265 MWK964     40 1979  .40  .56  .77  .75  .78  .80  .79  .71  .53  .58  .57  .78  .86  .67  .55  .59  .49  .72  .76  .65 
 266 MWK965    509 1979       .77  .67  .51  .67  .71  .85  .77  .66  .66  .69  .79  .61  .54  .71  .65  .65  .81  .91  .89 
 268 MWK972    616 1979                           .83  .83  .84  .84  .66  .65  .84  .78  .71  .81  .86  .81  .77  .86  .84 
 269 MWK973   -750 1979  .79  .79  .80  .78  .81  .84  .83  .79  .75  .79  .82  .82  .85  .87  .76  .73  .72  .79  .86  .83 
 270 MWK974    120 1979  .71  .76  .73  .66  .75  .78  .75  .78  .82  .81  .82  .88  .88  .84  .71  .81  .83  .88  .93  .89 
 271 MWK975   -1203 1780  .52  .69  .75  .68  .84  .77  .79  .82  .78  .76  .68  .70  .75  .79  .70  .60  .66  .78  .86  .82 
 273 MWK977    950 1979                                                                                                 .64 
 274 MWK978    500 1899       .64  .71  .63  .74  .69  .78  .81  .58  .56  .62  .79  .83  .73  .59  .58  .63  .75  .80  .62 
 278 MWK984    125 1979  .70  .76  .75  .65  .56  .64  .74  .77  .69  .53  .48  .71  .63  .44  .59  .73  .74  .78  .80  .74 
 279 MWK985    890 1979                                                                                  .80  .78  .83  .85 
 280 MWK986    614 1599                           .77  .83  .74  .61  .72  .71  .84  .81  .68  .58  .60  .49  .55  .77  .79 
 282 MWK992    128  874  .66  .78  .74  .63  .68  .74  .72  .71  .67  .62  .64  .51  .55  .64                               
 284 MWK994    -15 1759  .67  .81  .78  .74  .63  .62  .74  .79  .73  .63  .62  .77  .80  .71  .64  .75  .72  .76  .79  .68 
 285 MWK995    800 1979                                                                   .72  .65  .68  .68  .68  .65  .61 
 Av segment correlation  .69  .78  .80  .72  .77  .79  .81  .81  .73  .72  .71  .80  .82  .77  .73  .74  .73  .78  .83  .78 

 CORRELATION OF SERIES BY SEGMENTS: ca535
-----------------------------------------------------------------------------------------------------------------------------------
 Correlations of  50-year dated segments, lagged  25 years
 Flags:  A = correlation under   .3281 but highest as dated;  B = correlation higher at other than dated position

 Seq Series  Time_span  1000 1025 1050 1075 1100 1125 1150 1175 1200 1225 1250 1275 1300 1325 1350 1375 1400 1425 1450 1475 
                        1049 1074 1099 1124 1149 1174 1199 1224 1249 1274 1299 1324 1349 1374 1399 1424 1449 1474 1499 1524 
 --- -------- ---------  ---- ---- ---- ---- ---- ---- ---- ---- ---- ---- ---- ---- ---- ---- ---- ---- ---- ---- ---- ---- 
  32 MWK141    450 1921  .71  .55  .60  .73  .79  .84  .80  .77  .82  .84  .79  .55  .52  .67  .79  .81  .68  .75  .66  .63 
  33 MWK151   -608 1957  .60  .53  .61  .80  .81  .70  .64  .79  .82  .89  .90  .78  .65  .74  .79  .71  .50  .43  .67  .73 
  36 MWK181   -186 1800  .64  .60  .68  .69  .72  .76  .63  .65  .70  .76  .78  .44  .46  .71  .76  .68  .46  .61  .80  .82 
  37 MWK191   -300 1299  .86  .92  .89  .84  .81  .79  .78  .77  .76  .83  .82                                              
  38 MWK201    350 1957  .65  .70  .77  .83  .88  .76  .73  .80  .83  .90  .88  .82  .74  .80  .90  .83  .63  .75  .86  .86 
  40 MWK221    -84 1957  .67  .77  .84  .76  .75  .84  .77  .78  .85  .82  .81  .72  .70  .79  .82  .75  .67  .85  .88  .86 
  41 MWK231   -700 1957  .70  .51  .61  .71  .67  .80  .75  .66  .73  .72  .66  .54  .68  .76  .86  .86  .70  .69  .80  .84 
  42 MWK241    -30 1900  .81  .79  .79  .80  .86  .89  .83  .84  .91  .91  .85  .82  .84  .80  .86  .84  .72  .89  .91  .92 
  43 MWK251   1050 1964            .65  .63  .75  .88  .81  .75  .77  .87  .86  .64  .57  .59  .77  .77  .63  .66  .77  .80 
  44 MWK261    -99 1168  .65  .78  .79  .79  .78                                                                            
 235 MWK821   1340 1978                                                                        .79  .74  .67  .80  .82  .83 
 236 MWK822   1240 1978                                                    .88  .80  .71  .78  .87  .82  .79  .80  .87  .90 
 237 MWK831   1279 1978                                                              .83  .82  .84  .72  .64  .84  .85  .87 
 239 MWK841    918 1978  .64  .86  .80  .71  .76  .76  .70  .55  .49  .77  .83  .77  .79  .70  .66  .66  .65  .79  .85  .86 
 240 MWK842   1450 1978                                                                                                 .74 
 243 MWK861    650 1978  .71  .83  .83  .79  .78  .86  .81  .83  .88  .70  .71  .85  .84  .92  .95  .92  .86  .81  .86  .90 
 244 MWK862    540 1978  .70  .77  .81  .81  .89  .89  .72  .73  .86  .89  .89  .85  .77  .83  .88  .83  .75  .74  .85  .87 
 245 MWK871   -507 1978  .80  .84  .86  .81  .81  .84  .81  .84  .86  .54  .58  .81  .66  .72  .81  .79  .61  .66  .78  .84 
 246 MWK872    148 1978  .68  .70  .78  .76  .84  .85  .81  .87  .88  .84  .87  .82  .70  .79  .81  .72  .64  .59  .75  .81 
 254 MWK912   1380 1978                                                                                  .76  .74  .83  .89 
 255 MWK921   1235 1978                                                    .90  .83  .70  .74  .77  .69  .58  .73  .90  .89 
 256 MWK922   1198 1978                                               .85  .90  .78  .68  .83  .89  .82  .72  .80  .81  .83 
 258 MWK941   1282 1978                                                              .69  .83  .86  .62  .47  .77  .89  .87 
 259 MWK942   1230 1779                                                    .82  .74  .68  .83  .88  .77  .60  .68  .82  .84 
 260 MWK951   1342 1978                                                                        .78  .66  .57  .75  .90  .82 
 261 MWK952   1350 1978                                                                             .57  .48  .63  .79  .75 
 262 MWK961   -214 1978  .76  .84  .86  .82  .84  .91  .66  .71  .84  .86  .88  .79  .75  .88  .88  .82  .85  .82  .81  .86 
 263 MWK962    435 1871  .78  .70  .66  .67  .64  .74  .74  .72  .80  .85  .82  .66  .62  .77  .77  .58  .65  .74  .78  .82 
 264 MWK963   1461 1978                                                                                                 .72 
 265 MWK964     40 1979  .57  .44  .57  .71  .83  .78  .72  .78  .82  .90  .89  .77  .71  .75  .79  .71  .65  .72  .73  .73 
 266 MWK965    509 1979  .61  .60  .63  .59  .76  .73  .67  .79  .72  .75  .79  .71  .66  .62  .66  .65  .65  .73  .75  .79 
 267 MWK971   1101 1979                           .64  .78  .84  .83  .90  .87  .70  .73  .79  .76  .64  .49  .61  .66  .38 
 268 MWK972    616 1979  .76  .78  .76  .76  .81  .82  .70  .78  .84  .85  .87  .76  .71  .76  .75  .76  .68  .70  .79  .82 
 269 MWK973   -750 1979  .72  .77  .73  .61  .67  .74  .74  .75  .78  .82  .82  .75  .74  .79  .69  .53  .64  .65  .75  .85 
 270 MWK974    120 1979  .82  .81  .81  .73  .72  .77  .80  .79  .80  .86  .84  .71  .64  .67  .70  .70  .65  .74  .76  .79 
 271 MWK975   -1203 1780  .70  .62  .68  .71  .70  .72  .67  .75  .79  .77  .77  .69  .62  .60  .65  .67  .60  .64  .73  .74 
 273 MWK977    950 1979  .41  .64  .76  .77  .76  .74  .70  .75  .72  .81  .82  .70  .65  .73  .77  .60  .54  .57  .63  .74 
 274 MWK978    500 1899  .40  .65  .75  .73  .63  .66  .63  .61  .78  .78  .74  .72  .68  .67  .62  .59  .64  .58  .63  .72 
 275 MWK981   1100 1979                      .66  .69  .57  .64  .64  .75  .76  .56  .58  .66  .58  .56  .70  .73  .81  .80 
 276 MWK982   1020 1979       .56  .80  .66  .65  .76  .73  .67  .71  .82  .74  .52  .61  .74  .68  .52  .58  .70  .68  .70 
 277 MWK983   1450 1979                                                                                            .78  .77 
 278 MWK984    125 1979  .73  .69  .67  .62  .64  .66  .63  .70  .78  .78  .71  .63  .64  .72  .73  .71  .48  .56  .80  .76 
 279 MWK985    890 1979  .81  .79  .76  .68  .77  .85  .84  .84  .82  .87  .79  .75  .67  .60  .77  .82  .75  .85  .87  .86 
 280 MWK986    614 1599  .76  .66  .65  .70  .75  .70  .62  .77  .85  .85  .82  .67  .56  .62  .62  .63  .64  .71  .81  .77 
 281 MWK991   1150 1979                                     .80  .81  .83  .80  .71  .65  .71  .79  .79  .77  .69  .70  .69 
 284 MWK994    -15 1759  .60  .70  .72  .62  .54  .62  .73  .74  .77  .81  .81  .76  .77  .73  .73  .69  .55  .70  .77  .80 
 285 MWK995    800 1979  .67  .77  .74  .73  .76  .70  .69  .80  .78  .69  .69  .72  .75  .75  .73  .68  .55  .63  .74  .80 
 Av segment correlation  .69  .71  .74  .73  .75  .77  .73  .75  .79  .81  .81  .72  .68  .74  .78  .71  .64  .71  .79  .80 

 CORRELATION OF SERIES BY SEGMENTS: ca535
-----------------------------------------------------------------------------------------------------------------------------------
 Correlations of  50-year dated segments, lagged  25 years
 Flags:  A = correlation under   .3281 but highest as dated;  B = correlation higher at other than dated position

 Seq Series  Time_span  1500 1525 1550 1575 1600 1625 1650 1675 1700 1725 1750 1775 1800 1825 1850 1875 1900 1925 
                        1549 1574 1599 1624 1649 1674 1699 1724 1749 1774 1799 1824 1849 1874 1899 1924 1949 1974 
 --- -------- ---------  ---- ---- ---- ---- ---- ---- ---- ---- ---- ---- ---- ---- ---- ---- ---- ---- ---- ---- 
  32 MWK141    450 1921  .64  .65  .79  .80  .66  .69  .78  .77  .73  .78  .80  .81  .79  .76  .74                
  33 MWK151   -608 1957  .62  .66  .82  .79  .55  .60  .60  .56  .74  .64  .70  .78  .63  .67  .72  .55  .60      
  36 MWK181   -186 1800  .70  .61  .79  .78  .71  .69  .67  .74  .71  .68  .72                                    
  38 MWK201    350 1957  .80  .80  .85  .84  .73  .70  .82  .86  .82  .83  .84  .81  .78  .74  .72  .81  .77      
  40 MWK221    -84 1957  .84  .84  .87  .87  .76  .76  .80  .74  .72  .78  .84  .85  .82  .60  .53  .59  .51      
  41 MWK231   -700 1957  .80  .53  .71  .89  .70  .78  .76  .56  .74  .77  .83  .83  .78  .78  .77  .65  .60      
  42 MWK241    -30 1900  .87  .82  .90  .90  .85  .88  .88  .79  .76  .78  .83  .87  .80  .65  .57                
  43 MWK251   1050 1964  .79  .86  .86  .84  .71  .73  .75  .74  .84  .88  .87  .85  .72  .68  .79  .75  .76      
 235 MWK821   1340 1978  .82  .79  .85  .88  .82  .84  .87  .83  .85  .86  .86  .88  .84  .83  .81  .82  .85  .86 
 236 MWK822   1240 1978  .89  .88  .90  .91  .80  .82  .87  .83  .85  .87  .89  .87  .85  .91  .93  .77  .64  .80 
 237 MWK831   1279 1978  .82  .72  .78  .89  .89  .90  .93  .89  .86  .88  .73  .71  .86  .85  .80  .80  .85  .82 
 238 MWK832   1620 1978                           .84  .85  .78  .71  .78  .76  .69  .82  .89  .83  .83  .85  .86 
 239 MWK841    918 1978  .76  .71  .83  .82  .74  .73  .70  .65  .74  .58  .59  .66  .66  .70  .69  .74  .77  .79 
 240 MWK842   1450 1978  .80  .80  .79  .84  .77  .76  .83  .79  .68  .65  .66  .70  .75  .74  .68  .70  .80  .77 
 241 MWK851   1510 1978       .86  .92  .90  .80  .87  .89  .76  .80  .85  .87  .87  .86  .90  .91  .81  .76  .85 
 242 MWK852   1510 1978       .87  .93  .91  .49  .59  .73  .82  .84  .87  .88  .86  .86  .88  .87  .83  .86  .92 
 243 MWK861    650 1978  .87  .87  .89  .88  .86  .89  .86  .82  .92  .93  .89  .88  .87  .90  .88  .85  .85  .90 
 244 MWK862    540 1978  .83  .84  .84  .81  .62  .75  .81  .76  .77  .81  .88  .84  .79  .74  .64  .69  .72  .76 
 245 MWK871   -507 1978  .61  .49  .83  .81  .66  .82  .79  .62  .74  .81  .81  .78  .83  .85  .74  .69  .72  .62 
 246 MWK872    148 1978  .76  .76  .84  .83  .70  .75  .82  .77  .74  .78  .84  .85  .80  .77  .73  .72  .68  .70 
 247 MWK881   1534 1978            .83  .82  .81  .77  .79  .80  .78  .79  .86  .82  .77  .76  .70  .72  .67  .65 
 248 MWK882   1490 1978  .81  .74  .85  .89  .84  .79  .74  .69  .79  .82  .84  .86  .83  .80  .78  .76  .71  .73 
 249 MWK891   1484 1978  .73  .80  .85  .83  .70  .76  .88  .83  .85  .85  .87  .86  .85  .81  .79  .86  .82  .79 
 250 MWK892   1480 1978  .71  .74  .80  .81  .65  .72  .86  .83  .81  .81  .82  .83  .76  .76  .84  .84  .80  .69 
 251 MWK901   1560 1978                 .77  .83  .81  .85  .84  .79  .79  .83  .87  .87  .77  .70  .74  .82  .83 
 252 MWK902   1610 1978                           .82  .78  .65  .74  .84  .86  .86  .88  .87  .84  .82  .77  .72 
 253 MWK911   1562 1978                 .85  .78  .84  .86  .78  .81  .80  .80  .77  .72  .84  .80  .69  .58  .55 
 254 MWK912   1380 1978  .87  .86  .88  .80  .71  .79  .74  .61  .77  .83  .78  .74  .71  .78  .82  .74  .63  .68 
 255 MWK921   1235 1978  .75  .66  .76  .70  .56  .72  .78  .73  .71  .68  .80  .85  .81  .78  .76  .80  .85  .84 
 256 MWK922   1198 1978  .82  .80  .78  .76  .76  .79  .76  .75  .76  .75  .74  .78  .85  .83  .80  .83  .78  .77 
 257 MWK931   1538 1978            .69  .62  .47  .64  .78  .80  .82  .86  .85  .85  .85  .87  .87  .74  .66  .76 
 258 MWK941   1282 1978  .82  .84  .90  .83  .75  .85  .86  .81  .79  .88  .94  .88  .75  .77  .81  .79  .78  .84 
 259 MWK942   1230 1779  .83  .78  .79  .79  .75  .84  .84  .74  .77  .84                                         
 260 MWK951   1342 1978  .75  .85  .86  .78  .72  .80  .62  .48  .70  .82  .71  .67  .67  .45  .39  .54  .68  .78 
 261 MWK952   1350 1978  .73  .67  .76  .79  .67  .74  .76  .68  .74  .84  .75  .72  .80  .80  .79  .73  .69  .76 
 262 MWK961   -214 1978  .87  .82  .82  .78  .69  .77  .75  .77  .80  .79  .80  .80  .82  .84  .85  .85  .81  .82 
 263 MWK962    435 1871  .83  .81  .81  .77  .57  .67  .73  .79  .81  .72  .49  .51  .73                          
 264 MWK963   1461 1978  .85  .85  .82  .84  .83  .79  .81  .74  .75  .85  .73  .63  .75  .79  .72  .55  .64  .66 
 265 MWK964     40 1979  .66  .61  .75  .80  .68  .65  .73  .63  .66  .78  .84  .75  .72  .72  .63  .62  .72  .57 
 266 MWK965    509 1979  .79  .66  .65  .64  .56  .70  .71  .67  .76  .75  .71  .72  .60  .58  .72  .63  .64  .78 
 267 MWK971   1101 1979  .33  .65  .84  .85  .75  .80  .80  .76  .71  .65  .67  .63  .50  .65  .79  .80  .80  .78 
 268 MWK972    616 1979  .83  .84  .89  .88  .81  .79  .80  .76  .75  .81  .82  .73  .73  .82  .76  .67  .75  .75 
 269 MWK973   -750 1979  .83  .73  .79  .76  .66  .80  .80  .72  .71  .73  .74  .67  .75  .77  .74  .71  .68  .76 
 270 MWK974    120 1979  .81  .72  .86  .83  .62  .77  .83  .82  .83  .79  .82  .80  .65  .71  .69  .61  .69  .65 
 271 MWK975   -1203 1780  .61  .65  .78  .73  .51  .64  .66  .48  .52  .64                                         
 273 MWK977    950 1979  .74  .71  .83  .82  .78  .78  .76  .75  .81  .83  .78  .68  .70  .76  .78  .74  .67  .66 
 274 MWK978    500 1899  .68  .66  .75  .76  .66  .52  .57  .54  .61  .58  .27A .30A .59  .68  .68                
 275 MWK981   1100 1979  .71  .65  .69  .69  .52  .64  .63  .43  .59  .68  .70  .74  .70  .48  .30A .36  .64  .65 
 276 MWK982   1020 1979  .73  .63  .62  .63  .49  .54  .65  .65  .75  .78  .69  .68  .76  .71  .61  .58  .70  .62 
 277 MWK983   1450 1979  .57  .59  .66  .65  .67  .63  .60  .57  .68  .66  .58  .55  .60  .56  .44  .42  .58  .63 
 278 MWK984    125 1979  .73  .66  .71  .71  .68  .79  .77  .66  .69  .69  .70  .71  .63  .65  .62  .64  .56  .64 
 279 MWK985    890 1979  .87  .85  .84  .86  .81  .72  .75  .78  .82  .81  .65  .67  .86  .87  .85  .77  .75  .77 
 280 MWK986    614 1599  .61  .51  .69                                                                            
 281 MWK991   1150 1979  .57  .60  .74  .70  .48  .38  .32A .44  .77  .76  .78  .76  .59  .64  .71  .63  .54  .55 
 283 MWK993   1497 1979  .73  .72  .86  .83  .59  .67  .73  .68  .72  .81  .81  .76  .79  .80  .70  .56  .56  .60 
 284 MWK994    -15 1759  .77  .70  .73  .71  .73  .76  .71  .67  .77                                              
 285 MWK995    800 1979  .66  .43  .66  .77  .58  .53  .54  .59  .71  .68  .56  .58  .43  .39B .55  .55  .57  .53 
 Av segment correlation  .75  .73  .80  .80  .69  .74  .76  .71  .76  .78  .77  .76  .75  .75  .73  .71  .71  .73 

 FLAGGED SEGMENTS: ca535
-----------------------------------------------------------------------------------------------------------------------------------
 Seq Series   Segment    Flag  r dated  Best lag  r at lag   Gain  Note
 --- -------- ---------  ----  -------  --------  --------  -----  -----------------
  33 MWK151     75  124     A     .272         0
  35 MWK171   -2925 -2876     B     .313        -1      .409   .096
 102 MWK483   -3200 -3151     B     .494         1      .498   .004
 206 MWK734   -4500 -4451     B     .450        -6      .464   .014
 265 MWK964    375  424     A     .325         0
 271 MWK975   -725 -676     A     .310         0
 274 MWK978   1750 1799     A     .266         0
 274 MWK978   1775 1824     A     .301         0
 275 MWK981   1850 1899     A     .299         0
 281 MWK991   1650 1699     A     .318         0
 285 MWK995   1825 1874     B     .392        -2      .392   .000

 DESCRIPTIVE STATISTICS: ca535
-----------------------------------------------------------------------------------------------------------------------------------

                                                Corr   //-------- Unfiltered --------\\  //-- dplR filtered --\\
                           No.    No.    No.    with   Mean   Max     Std   Auto   Mean   Max     Std   Auto  AR
 Seq Series   Interval   Years  Segmt  Flags   Master  msmt   msmt    dev   corr   sens  value    dev   corr  ()
 --- -------- ---------  -----  -----  -----   ------ -----  -----  -----  -----  -----  -----  -----  -----  --
   1 MWK001   -1750 -1287    464     16      0    .789    .14    .30   .057   .244   .443   1.70   .327  -.011   3
   2 MWK002   -1750 -1289    462     16      0    .793    .13    .36   .061   .323   .481   2.02   .357  -.008   3
   3 MWK003   -1913 -1291    623     23      0    .808    .13    .35   .058   .370   .433   1.82   .333  -.002   3
   4 MWK004   -2070 -1541    530     19      0    .792    .18    .48   .078   .535   .405   1.81   .326  -.005   2
   5 MWK011   -5240 -4716    525     19      0    .756    .40   1.02   .205   .304   .546   2.69   .446  -.017   3
   6 MWK021   -4888 -4611    278      9      0    .761    .33    .96   .176   .409   .527   2.17   .442  -.012   3
   7 MWK031   -5001 -4632    370     12      0    .720    .29    .72   .119   .393   .403   1.98   .341  -.004   2
   8 MWK041   -4643 -4441    203      6      0    .733    .42   1.18   .170   .410   .378   1.88   .311  -.006   2
   9 MWK042   -4552 -4181    372     13      0    .681    .52   1.33   .237   .539   .400   1.89   .345  -.012   1
  10 MWK043   -4929 -4680    250      8      0    .664    .44   1.50   .329   .796   .376   1.92   .320  -.017   3
  11 MWK051   -5253 -4795    459     17      0    .693    .32   1.00   .191   .164   .720   3.02   .540  -.011   3
  12 MWK052   -5263 -4747    517     19      0    .704    .35   1.00   .203   .206   .671   2.64   .507  -.008   3
  13 MWK061   -6000 -4906   1095     41      0    .710    .17    .79   .102   .467   .601   2.39   .448  -.016   3
  14 MWK071   -6000 -5105    896     33      0    .710    .15    .48   .082   .350   .584   2.42   .458  -.005   3
  15 MWK072   -6000 -5098    903     34      0    .705    .18    .61   .097   .323   .561   2.64   .443  -.009   3
  16 MWK073   -6000 -5187    814     30      0    .724    .19    .70   .102   .438   .549   2.56   .427  -.008   3
  17 MWK074   -3810 -3267    544     20      0    .733    .19    .54   .089   .218   .583   2.16   .427  -.001   2
  18 MWK075   -4104 -3726    379     14      0    .682    .27    .98   .162   .393   .584   2.23   .462  -.009   0
  19 MWK081   -3675 -3551    125      3      0    .666    .43    .77   .149  -.014   .430   1.76   .335   .014   2
  20 MWK082   -5045 -4550    496     18      0    .706    .27    .62   .125   .339   .469   2.24   .397  -.015   3
  21 MWK083   -3382 -3167    216      7      0    .686    .41   1.72   .268   .584   .513   2.90   .455  -.016   3
  22 MWK084   -5201 -4765    437     15      0    .702    .28    .97   .169   .357   .594   2.52   .472  -.017   3
  23 MWK091   -5194 -4497    698     26      0    .740    .32   1.22   .191   .420   .527   2.77   .434  -.011   3
  24 MWK092   -5181 -4612    570     21      0    .696    .29   1.13   .188   .398   .553   2.68   .461  -.013   3
  25 MWK101   -4850 -4500    351     12      0    .700    .28    .82   .133   .413   .413   2.36   .368  -.011   3
  26 MWK111   -3718 -3367    352     12      0    .835    .28    .56   .125   .264   .524   2.07   .401  -.004   2
  27 MWK112   -3696 -3365    332     11      0    .812    .29    .64   .132   .248   .539   2.47   .409  -.002   2
  28 MWK113   -3672 -3373    300     10      0    .832    .29    .61   .131   .231   .528   2.28   .403   .000   2
  29 MWK121   -5339 -4710    630     23      0    .746    .42   1.76   .273   .520   .558   2.28   .465  -.013   3
  30 MWK131   -5001 -4633    369     12      0    .751    .29    .67   .123   .394   .446   2.12   .360   .001   2
  31 MWK132   -5002 -4686    317     11      0    .762    .29    .72   .122   .439   .418   1.91   .339  -.002   2
  32 MWK141    450 1921   1472     56      0    .760    .32    .87   .128   .567   .330   1.79   .279  -.006   3
  33 MWK151   -608 1957   2566    101      1    .723    .27   1.25   .128   .720   .314   1.88   .268  -.004   3
  34 MWK161   -1010 -118    893     34      0    .762    .37   1.70   .188   .574   .424   2.43   .344  -.015   3
  35 MWK171   -3150 -2121   1030     39      1    .638    .16    .50   .074   .515   .414   2.05   .339  -.009   3
  36 MWK181   -186 1800   1987     78      0    .725    .33   1.05   .150   .574   .355   2.16   .298  -.002   3
  37 MWK191   -300 1299   1600     63      0    .827    .21    .58   .104   .522   .448   2.01   .358   .005   0
  38 MWK201    350 1957   1608     62      0    .799    .24    .67   .106   .566   .364   1.89   .307  -.008   3
  39 MWK211   -740  803   1544     60      0    .718    .38    .79   .138   .487   .329   2.19   .284  -.006   3
  40 MWK221    -84 1957   2042     80      0    .805    .30   1.30   .142   .652   .328   1.79   .285  -.001   2
  41 MWK231   -700 1957   2658    104      0    .727    .17    .48   .083   .719   .349   2.16   .294  -.002   3
  42 MWK241    -30 1900   1931     76      0    .841    .19    .90   .091   .543   .434   2.19   .343  -.003   3
  43 MWK251   1050 1964    915     35      0    .760    .16    .31   .053   .364   .328   1.69   .272   .035   0
  44 MWK261    -99 1168   1268     48      0    .771    .29    .71   .122   .392   .441   1.94   .352  -.003   2
  45 MWK271   -404  400    805     31      0    .774    .21    .45   .083   .532   .345   1.94   .278  -.004   3
  46 MWK272   -2575 -1961    615     22      0    .738    .26    .77   .140   .605   .484   2.67   .392  -.004   3
  47 MWK273   -650  899   1550     60      0    .728    .18    .40   .073   .554   .345   2.01   .282  -.003   3
  48 MWK281   -1705 -550   1156     45      0    .802    .19    .67   .089   .352   .509   1.99   .383  -.000   3
  49 MWK282   -780 -401    380     14      0    .789    .34   1.79   .261   .799   .410   1.79   .331  -.020   3
  50 MWK283   -1918 -1200    719     27      0    .788    .16    .46   .078   .360   .528   2.00   .400  -.003   3
  51 MWK284   -1199 -800    400     14      0    .840    .22    .63   .099   .379   .452   1.68   .337   .003   2
  52 MWK291   -2409 -1900    510     19      0    .846    .29    .74   .131   .557   .408   1.99   .336  -.008   2
  53 MWK301   -4455 -4141    315     11      0    .680    .25    .50   .086   .452   .321   1.86   .286  -.014   3
  54 MWK311   -800  100    901     34      0    .688    .43   1.08   .168   .510   .354   1.75   .301  -.010   3
  55 MWK312   -800  100    901     34      0    .743    .43   1.01   .180   .506   .380   1.97   .325  -.007   3
  56 MWK321   -956 -725    232      8      0    .699    .36    .65   .113   .437   .278   1.71   .238   .003   2
  57 MWK331   -750  850   1601     62      0    .763    .25    .66   .094   .646   .264   1.85   .237  -.005   3
  58 MWK332   -800  200   1001     38      0    .753    .24    .64   .088   .585   .291   1.88   .255  -.006   3
  59 MWK333   -800  642   1443     55      0    .746    .26    .73   .117   .760   .269   1.85   .242  -.006   3
  60 MWK341   -1639 -800    840     32      0    .696    .36    .80   .124   .586   .276   1.75   .243  -.006   3
  61 MWK342   -1576 -800    777     29      0    .701    .32    .75   .129   .609   .321   1.74   .282  -.005   3
  62 MWK343   -1870 -1100    771     29      0    .718    .34    .75   .114   .480   .286   1.72   .260  -.015   3
  63 MWK344   -2000 -1230    771     28      0    .677    .34    .77   .119   .580   .282   1.86   .256  -.010   3
  64 MWK351   -780  400   1181     46      0    .818    .28    .72   .118   .361   .456   2.22   .374  -.014   3
  65 MWK361   -5308 -4625    684     26      0    .746    .22    .81   .152   .267   .811   2.75   .554  -.022   3
  66 MWK362   -5460 -4391   1070     41      0    .763    .21    .87   .137   .303   .760   2.84   .534  -.020   3
  67 MWK363   -5342 -4821    522     19      0    .746    .27    .86   .169   .347   .697   2.33   .502  -.011   3
  68 MWK364   -5407 -4933    475     17      0    .790    .30    .90   .172   .284   .666   2.30   .500  -.015   3
  69 MWK365   -5421 -4961    461     16      0    .823    .30    .79   .164   .179   .675   2.60   .498  -.012   3
  70 MWK371   -5783 -5091    693     26      0    .718    .24    .69   .099   .509   .353   1.76   .297  -.003   3
  71 MWK372   -5565 -5083    483     17      0    .748    .23    .69   .086   .417   .346   1.76   .284  -.005   0
  72 MWK373   -5611 -5082    530     19      0    .764    .24    .80   .090   .482   .328   1.88   .272  -.001   3
  73 MWK374   -5917 -5087    831     31      0    .733    .26    .59   .099   .521   .333   1.88   .286  -.005   3
  74 MWK381   -150  400    551     20      0    .816    .24    .45   .074   .259   .321   1.52   .267  -.010   3
  75 MWK391   -3966 -3419    548     20      0    .806    .18    .44   .073   .385   .423   1.89   .326  -.004   1
  76 MWK392   -3825 -3436    390     14      0    .838    .18    .43   .076   .344   .437   1.71   .352  -.020   0
  77 MWK393   -3926 -3445    482     18      0    .837    .19    .51   .080   .426   .441   1.85   .336  -.063   0
  78 MWK394   -3946 -3450    497     18      0    .799    .18    .46   .077   .455   .405   1.95   .321  -.054   0
  79 MWK401   -3552 -2852    701     25      0    .809    .25    .50   .080   .467   .279   1.68   .242  -.007   3
  80 MWK402   -3541 -3169    373     13      0    .784    .23    .41   .074   .306   .322   1.65   .274  -.003   2
  81 MWK403   -4205 -2641   1565     61      0    .836    .22    .50   .085   .516   .328   1.75   .278  -.005   3
  82 MWK404   -4161 -3402    760     28      0    .832    .19    .40   .073   .257   .408   1.81   .330   .005   3
  83 MWK405   -4171 -3402    770     28      0    .860    .19    .43   .072   .292   .402   1.83   .329  -.004   2
  84 MWK406   -4121 -3402    720     26      0    .868    .20    .47   .081   .342   .427   1.87   .339  -.002   3
  85 MWK411   -5925 -5083    843     31      0    .788    .25    .59   .098   .603   .294   1.69   .263  -.005   3
  86 MWK421   -3850 -3426    425     15      0    .646    .28    .57   .088   .173   .333   1.83   .287  -.008   2
  87 MWK422   -3700 -3301    400     14      0    .646    .23   1.04   .090   .352   .326   1.98   .283   .004   3
  88 MWK431   -2150 -1271    880     33      0    .726    .30    .61   .114   .670   .260   1.73   .224   .000   2
  89 MWK441   -332  739   1072     41      0    .780    .28    .81   .143   .576   .430   2.59   .362  -.016   3
  90 MWK442    -47  228    276      9      0    .668    .33   1.02   .154   .695   .325   2.06   .294   .006   1
  91 MWK451   -3640 -3300    341     12      0    .705    .20    .43   .067   .374   .325   1.80   .287   .008   1
  92 MWK452   -3900 -3270    631     23      0    .702    .19    .49   .073   .370   .367   2.17   .315  -.008   3
  93 MWK453   -4351 -3401    951     36      0    .654    .19    .58   .097   .692   .355   1.95   .308  -.001   3
  94 MWK454   -4175 -3631    545     19      0    .726    .20    .58   .089   .566   .361   1.72   .301  -.006   3
  95 MWK455   -4401 -3640    762     28      0    .691    .26    .63   .099   .458   .345   1.87   .300  -.011   3
  96 MWK461   -4462 -4022    441     16      0    .727    .36    .89   .128   .562   .300   1.95   .268  -.024   3
  97 MWK462   -4462 -4062    401     14      0    .760    .36    .70   .116   .527   .283   1.62   .257  -.018   3
  98 MWK463   -4462 -4102    361     12      0    .714    .36    .72   .115   .554   .275   1.75   .251  -.024   3
  99 MWK471   -3386 -2899    488     18      0    .795    .24    .64   .097   .345   .397   1.93   .340  -.007   3
 100 MWK481   -4301 -3500    802     31      0    .834    .20    .73   .113   .487   .508   2.06   .402   .014   0
 101 MWK482   -4321 -3590    732     27      0    .825    .19    .56   .097   .370   .514   2.15   .396  -.046   0
 102 MWK483   -3590 -2960    631     23      1    .809    .30    .81   .129   .300   .445   2.25   .370  -.007   3
 103 MWK484   -3760 -3201    560     21      0    .829    .31    .70   .139   .187   .525   2.37   .405  -.009   2
 104 MWK485   -4391 -3201   1191     46      0    .792    .29    .89   .121   .244   .445   2.36   .354  -.002   2
 105 MWK486   -3640 -3201    440     16      0    .750    .32    .72   .135   .153   .473   1.93   .366   .001   2
 106 MWK491   -4727 -4495    233      7      0    .820    .22    .73   .125   .351   .560   2.31   .449  -.013   3
 107 MWK492   -4661 -4401    261      9      0    .814    .27   1.24   .186   .647   .540   1.97   .414   .011   2
 108 MWK493   -4624 -4291    334     11      0    .823    .25    .69   .127   .329   .522   2.37   .411  -.043   0
 109 MWK494   -4461 -3810    652     24      0    .851    .26   1.14   .147   .426   .551   2.29   .435  -.000   3
 110 MWK495   -4461 -3808    654     24      0    .821    .31   1.03   .164   .392   .519   2.14   .425  -.004   2
 111 MWK496   -4801 -4497    305     11      0    .784    .22    .68   .129   .358   .591   2.50   .483   .055   0
 112 MWK501   -3864 -3261    604     22      0    .734    .22    .59   .106   .392   .490   2.28   .400   .000   1
 113 MWK511   -3801 -2591   1211     46      0    .810    .25    .62   .100   .540   .331   1.86   .283  -.004   3
 114 MWK512   -3901 -2901   1001     38      0    .808    .24    .53   .088   .494   .335   1.80   .285   .002   2
 115 MWK513   -4111 -2762   1350     52      0    .825    .23    .55   .084   .444   .336   1.93   .284  -.000   3
 116 MWK521   -2400 -1830    571     20      0    .888    .25    .62   .110   .243   .528   2.13   .402   .000   2
 117 MWK522   -2400 -1840    561     20      0    .867    .24    .67   .106   .360   .470   1.99   .371  -.003   2
 118 MWK523   -2390 -1839    552     20      0    .875    .24    .57   .111   .324   .531   2.04   .412   .007   1
 119 MWK524   -2330 -1839    492     18      0    .871    .24    .55   .112   .273   .546   2.42   .418   .003   2
 120 MWK525   -5232 -4750    483     18      0    .746    .16    .39   .072   .460   .487   1.93   .366  -.018   3
 121 MWK526   -2468 -2180    289      9      0    .770    .22    .58   .116   .353   .596   2.09   .442  -.008   3
 122 MWK531   -4502 -4371    132      4      0    .738    .19    .53   .119   .310   .712   2.36   .506  -.024   0
 123 MWK541   -4024 -3392    633     23      0    .762    .21    .62   .103   .293   .562   2.51   .426  -.004   3
 124 MWK542   -2650 -1923    728     27      0    .808    .23    .68   .107   .496   .414   2.32   .351   .002   2
 125 MWK543   -2596 -2096    501     18      0    .652    .20    .56   .093   .603   .375   2.06   .314   .003   1
 126 MWK544   -2400 -1913    488     17      0    .808    .18    .41   .088   .329   .522   2.20   .400   .003   3
 127 MWK545   -4725 -4259    467     16      0    .724    .17    .49   .095   .096   .682   2.61   .521  -.017   3
 128 MWK551   -803 -241    563     21      0    .683    .23    .59   .097   .497   .390   1.96   .327  -.004   2
 129 MWK552   -2342 -1567    776     29      0    .783    .21    .79   .149   .527   .723   2.49   .502  -.007   3
 130 MWK553   -4145 -3219    927     35      0    .851    .23    .62   .106   .546   .390   2.08   .318  -.005   3
 131 MWK561   -4219 -3471    749     28      0    .775    .17    .46   .081   .387   .481   2.22   .393  -.003   3
 132 MWK562   -3613 -3201    413     15      0    .754    .13    .30   .052   .135   .447   2.14   .365  -.000   3
 133 MWK563   -2942 -2528    415     14      0    .759    .20    .53   .094   .224   .554   2.17   .434  -.002   2
 134 MWK564   -4403 -3714    690     26      0    .703    .25    .78   .136   .236   .620   2.38   .473  -.013   3
 135 MWK565   -4000 -3676    325     12      0    .740    .23    .51   .089   .469   .375   1.77   .301   .014   0
 136 MWK566   -5399 -4823    577     21      0    .833    .20    .52   .100   .344   .524   2.14   .407  -.009   3
 137 MWK567   -5642 -4489   1154     44      0    .708    .18    .74   .104   .658   .459   2.17   .370  -.012   3
 138 MWK571   -5675 -4886    790     29      0    .828    .27    .73   .141   .266   .583   2.41   .440  -.012   3
 139 MWK581   -4304 -3743    562     21      0    .842    .27    .55   .096   .379   .351   1.78   .286   .016   0
 140 MWK582   -2955 -2631    325     11      0    .659    .51   1.78   .294   .779   .336   1.87   .303  -.010   2
 141 MWK583   -3125 -2860    266      8      0    .614    .31    .79   .143   .419   .440   2.28   .374   .002   3
 142 MWK591   -575   -1    575     21      0    .673    .16    .38   .066   .302   .428   2.09   .367   .000   2
 143 MWK592   -3281 -2621    661     25      0    .743    .39    .97   .181   .600   .383   1.90   .335  -.002   3
 144 MWK593   -3659 -3070    590     22      0    .808    .23    .61   .117   .389   .514   2.01   .398  -.006   2
 145 MWK594   -3473 -3069    405     14      0    .783    .31    .94   .136   .455   .408   1.89   .332  -.011   3
 146 MWK595   -2850 -2476    375     14      0    .635    .17    .54   .097   .435   .549   2.37   .437  -.062   0
 147 MWK601   -4954 -4732    223      7      0    .798    .32    .81   .133   .520   .359   2.03   .322  -.009   3
 148 MWK602   -4806 -4562    245      8      0    .804    .24    .61   .106   .357   .487   2.21   .393  -.019   3
 149 MWK603   -1000 -207    794     29      0    .702    .19    .52   .086   .471   .446   2.13   .353  -.005   2
 150 MWK604   -5749 -4547   1203     46      0    .740    .16    .58   .099   .652   .482   2.16   .389  -.007   3
 151 MWK605   -5593 -4577   1017     38      0    .791    .26   1.07   .196   .621   .628   2.51   .479  -.007   3
 152 MWK611   -1416 -374   1043     40      0    .779    .27    .55   .118   .312   .531   2.16   .407  -.008   3
 153 MWK612   -1410 -401   1010     39      0    .798    .26    .56   .108   .369   .491   2.12   .375  -.008   3
 154 MWK613   -4879 -4402    478     17      0    .758    .24    .70   .127   .404   .564   2.18   .446  -.003   2
 155 MWK614   -5392 -4894    499     18      0    .831    .21    .66   .114   .460   .552   1.98   .421  -.003   2
 156 MWK615   -2364 -1848    517     19      0    .710    .33    .85   .177   .562   .530   2.10   .408  -.007   2
 157 MWK621   -1960 -1300    661     25      0    .776    .40    .99   .183   .448   .459   1.97   .366  -.001   2
 158 MWK622   -2390 -1500    891     34      0    .797    .36   1.02   .168   .410   .494   2.21   .381  -.003   2
 159 MWK631   -3320 -2399    922     35      0    .758    .30    .59   .106   .389   .343   1.80   .288  -.008   3
 160 MWK632   -3214 -2394    821     31      0    .723    .37    .73   .127   .568   .278   1.83   .251  -.010   3
 161 MWK633   -3121 -2647    475     17      0    .800    .35    .83   .107   .107   .352   2.16   .281  -.014   3
 162 MWK634   -3149 -2387    763     28      0    .686    .34   1.18   .184   .594   .480   2.11   .374  -.002   3
 163 MWK635   -5577 -5007    571     20      0    .774    .26    .87   .169   .487   .681   2.18   .494  -.007   3
 164 MWK641   -5459 -4537    923     35      0    .786    .18    .72   .129   .458   .767   3.57   .583  -.011   3
 165 MWK642   -5600 -4589   1012     38      0    .769    .24    .94   .169   .561   .679   2.72   .512  -.013   3
 166 MWK643   -5724 -4962    763     28      0    .734    .20    .61   .098   .548   .436   2.40   .362  -.002   2
 167 MWK644   -5218 -4843    376     13      0    .761    .17    .40   .082   .417   .505   1.95   .408  -.011   3
 168 MWK645   -5156 -4527    630     23      0    .739    .15    .41   .081   .516   .512   2.16   .401  -.013   3
 169 MWK646   -5529 -4583    947     36      0    .809    .23   1.15   .194   .683   .680   3.01   .532  -.014   3
 170 MWK647   -5573 -4608    966     36      0    .774    .25   1.08   .200   .636   .671   3.03   .506  -.009   3
 171 MWK648   -5593 -4631    963     36      0    .768    .26   1.18   .190   .554   .662   3.10   .503  -.009   3
 172 MWK651   -2610 -2240    371     13      0    .737    .29    .67   .131   .334   .494   2.02   .387   .004   1
 173 MWK661   -3619 -3266    354     12      0    .829    .17    .43   .085   .437   .505   1.83   .378  -.004   2
 174 MWK662   -4593 -4251    343     12      0    .695    .23    .76   .119   .588   .464   1.95   .368   .002   1
 175 MWK663   -6000 -5447    554     20      0    .770    .23    .66   .100   .493   .398   1.83   .316  -.011   3
 176 MWK671   -943  -55    889     33      0    .763    .14    .75   .081   .470   .588   2.29   .450  -.008   3
 177 MWK672   -3619 -3037    583     21      0    .778    .20    .46   .084   .599   .351   1.99   .304  -.007   3
 178 MWK673   -4483 -4083    401     14      0    .798    .19    .47   .090   .315   .526   2.10   .405   .048   0
 179 MWK674   -5079 -4735    345     12      0    .798    .17    .41   .075   .274   .507   1.93   .403   .001   1
 180 MWK675   -1016 -743    274      9      0    .732    .63   1.81   .354   .595   .530   2.15   .418   .003   1
 181 MWK676   -6000 -5500    501     18      0    .821    .30   1.00   .185   .445   .687   2.17   .499  -.013   3
 182 MWK681   -4875 -4399    477     17      0    .773    .33    .74   .129   .485   .364   1.81   .308  -.000   2
 183 MWK682   -4815 -4308    508     18      0    .761    .22    .52   .092   .449   .382   1.91   .316  -.003   3
 184 MWK683   -3579 -2863    717     27      0    .656    .18    .72   .092   .598   .433   2.30   .367   .000   2
 185 MWK684   -2574 -2117    458     16      0    .852    .25    .53   .098   .410   .407   1.70   .324  -.008   3
 186 MWK685   -5200 -4893    308     10      0    .762    .22    .61   .122   .391   .597   2.11   .434  -.035   3
 187 MWK686   -5797 -5403    395     13      0    .711    .19    .50   .105   .255   .705   2.67   .502  -.011   1
 188 MWK687   -5325 -4901    425     15      0    .832    .28    .55   .113   .210   .485   1.87   .367  -.028   3
 189 MWK688   -6000 -5238    763     28      0    .814    .21    .55   .105   .152   .635   2.32   .454  -.009   3
 190 MWK691   -5952 -5462    491     17      0    .766    .16    .48   .104   .368   .750   2.92   .557  -.020   3
 191 MWK692   -5097 -4165    933     35      0    .768    .25    .72   .125   .485   .484   2.31   .391  -.016   3
 192 MWK693   -5664 -5385    280      9      0    .735    .23    .62   .116   .218   .599   2.74   .452   .007   3
 193 MWK694   -2455 -2047    409     15      0    .696    .28    .70   .142   .809   .288   1.68   .250   .000   1
 194 MWK701   -2989 -2715    275      9      0    .822    .35    .94   .169   .357   .539   2.19   .416   .005   1
 195 MWK702   -6000 -5332    669     24      0    .821    .19    .52   .109   .273   .694   2.33   .503  -.016   3
 196 MWK711   -848 -334    515     18      0    .626    .12    .41   .067   .263   .625   3.08   .487  -.006   3
 197 MWK712   -5924 -5422    503     18      0    .678    .38    .93   .177   .657   .370   1.78   .318  -.013   3
 198 MWK713   -5823 -5304    520     18      0    .707    .42   1.15   .190   .699   .347   1.84   .300   .004   3
 199 MWK714   -5896 -5420    477     17      0    .649    .36    .93   .167   .656   .370   2.17   .323  -.015   3
 200 MWK715   -5804 -5386    419     15      0    .726    .44    .95   .179   .628   .334   1.77   .284  -.023   3
 201 MWK716   -4747 -4244    504     18      0    .732    .29   1.19   .160   .691   .374   1.94   .329  -.022   3
 202 MWK721   -6000 -5831    170      4      0    .826    .31    .86   .129   .231   .469   2.08   .388  -.016   2
 203 MWK731   -4214 -3284    931     35      0    .741    .15    .50   .086   .319   .668   2.48   .487  -.018   3
 204 MWK732   -2199 -1307    893     33      0    .746    .16    .50   .072   .503   .400   1.89   .322   .001   2
 205 MWK733   -2357 -1973    385     14      0    .740    .17    .41   .085   .264   .590   2.03   .440  -.006   2
 206 MWK734   -5687 -4451   1237     48      1    .755    .27    .65   .107   .627   .324   1.74   .274  -.008   3
 207 MWK735   -6000 -4240   1761     68      0    .802    .24    .78   .117   .350   .506   2.27   .389  -.011   3
 208 MWK736   -5823 -5077    747     27      0    .736    .49   1.91   .277   .838   .283   1.85   .251   .000   1
 209 MWK737   -1603 -571   1033     40      0    .686    .15    .39   .065   .473   .392   2.23   .312  -.010   3
 210 MWK738   -644 -428    217      6      0    .739    .20    .37   .072   .251   .407   1.99   .336   .079   0
 211 MWK741   -4962 -4493    470     17      0    .634    .44   1.69   .201   .669   .303   1.96   .277  -.010   3
 212 MWK742   -2177 -1626    552     21      0    .699    .31    .73   .127   .719   .272   1.85   .243   .045   0
 213 MWK743   -2967 -2547    421     15      0    .726    .19    .42   .074   .603   .304   1.80   .268  -.004   3
 214 MWK744   -3199 -2867    333     11      0    .681    .33    .70   .111   .526   .270   1.67   .247  -.017   3
 215 MWK745   -4941 -4621    321     11      0    .755    .33    .79   .149   .470   .413   1.87   .350  -.013   3
 216 MWK746   -2783 -2168    616     23      0    .799    .23    .66   .106   .443   .437   2.15   .361  -.002   2
 217 MWK751   -3100 -2894    207      6      0    .647    .25    .55   .092   .392   .356   1.71   .302   .020   1
 218 MWK752   -2339 -1690    650     24      0    .708    .20    .46   .064   .399   .281   1.77   .249   .000   2
 219 MWK753   -3158 -2500    659     25      0    .759    .17    .42   .084   .414   .555   2.25   .424  -.003   2
 220 MWK754   -3150 -2202    949     35      0    .760    .18    .66   .101   .401   .606   2.32   .462  -.003   2
 221 MWK755   -2550 -1835    716     26      0    .731    .13    .33   .055   .431   .423   1.99   .342  -.006   3
 222 MWK756   -3674 -3087    588     21      0    .749    .17    .66   .113   .614   .562   2.12   .428  -.007   3
 223 MWK761   -5029 -4520    510     19      0    .755    .22    .47   .090   .465   .401   2.07   .335  -.008   3
 224 MWK762   -3620 -3301    320     11      0    .764    .24    .51   .092   .595   .278   1.65   .247  -.001   3
 225 MWK763   -3784 -2870    915     35      0    .844    .23    .62   .106   .630   .374   1.82   .314  -.009   3
 226 MWK764   -2325 -2056    270      8      0    .672    .25    .49   .089   .484   .334   1.82   .287   .007   1
 227 MWK765   -4322 -3800    523     19      0    .646    .23    .67   .116   .684   .337   1.86   .298  -.005   3
 228 MWK771   -1825 -1338    488     17      0    .679    .26    .68   .118   .506   .388   1.88   .325  -.004   3
 229 MWK772   -1359 -433    927     35      0    .731    .21    .78   .099   .569   .374   2.06   .320  -.011   3
 230 MWK781   -1700 -775    926     35      0    .625    .23    .69   .113   .216   .539   2.61   .435  -.013   3
 231 MWK791   -6000 -4476   1525     59      0    .633    .22   1.26   .127   .576   .480   2.54   .389  -.016   3
 232 MWK792   -5750 -5151    600     22      0    .651    .23    .78   .111   .369   .457   2.35   .378  -.010   3
 233 MWK801   -2672 -797   1876     73      0    .726    .17    .61   .097   .216   .700   3.01   .512  -.006   3
 234 MWK811   -5325 -3564   1762     68      0    .738    .20    .58   .098   .381   .493   2.00   .387  -.017   3
 235 MWK821   1340 1978    639     24      0    .823    .25    .76   .135   .782   .346   1.77   .308  -.005   1
 236 MWK822   1240 1978    739     28      0    .844    .30   1.03   .167   .770   .338   1.73   .296   .006   1
 237 MWK831   1279 1978    700     26      0    .821    .16    .37   .073   .150   .611   2.08   .435  -.007   3
 238 MWK832   1620 1978    359     13      0    .807    .14    .29   .060   .092   .556   1.78   .385  -.014   3
 239 MWK841    918 1978   1061     41      0    .734    .16    .39   .072   .569   .369   2.08   .316  -.005   2
 240 MWK842   1450 1978    529     19      0    .740    .09    .25   .048   .469   .502   2.16   .413  -.004   3
 241 MWK851   1510 1978    469     17      0    .858    .28    .48   .087   .212   .333   1.56   .278  -.008   3
 242 MWK852   1510 1978    469     17      0    .814    .28    .61   .108   .558   .335   1.78   .305  -.015   1
 243 MWK861    650 1978   1329     51      0    .847    .19    .45   .072   .359   .385   1.74   .311  -.007   3
 244 MWK862    540 1978   1439     56      0    .810    .24    .67   .113   .681   .341   1.75   .275  -.004   3
 245 MWK871   -507 1978   2486     98      0    .771    .17    .74   .077   .608   .349   2.27   .300  -.006   3
 246 MWK872    148 1978   1831     71      0    .791    .16    .58   .085   .717   .359   2.21   .305  -.006   3
 247 MWK881   1534 1978    445     16      0    .771    .25    .48   .087   .317   .359   1.80   .282  -.011   3
 248 MWK882   1490 1978    489     18      0    .799    .28    .78   .110   .479   .340   1.72   .282   .049   0
 249 MWK891   1484 1978    495     18      0    .811    .34    .82   .129   .509   .315   1.63   .262  -.010   3
 250 MWK892   1480 1978    499     18      0    .770    .29   1.14   .165   .776   .314   1.93   .265  -.020   3
 251 MWK901   1560 1978    419     15      0    .783    .20    .44   .084   .255   .433   1.82   .337  -.021   3
 252 MWK902   1610 1978    369     13      0    .794    .27    .64   .103   .540   .318   1.73   .269  -.019   3
 253 MWK911   1562 1978    417     15      0    .766    .44   1.19   .189   .698   .290   1.72   .275  -.008   3
 254 MWK912   1380 1978    599     22      0    .767    .27    .67   .125   .515   .395   1.89   .314  -.002   2
 255 MWK921   1235 1978    744     28      0    .776    .30   1.02   .142   .718   .291   1.61   .241  -.002   3
 256 MWK922   1198 1978    781     29      0    .789    .40   1.31   .191   .770   .275   1.78   .237  -.005   3
 257 MWK931   1538 1978    441     16      0    .761    .43    .86   .151   .395   .354   1.62   .293  -.005   3
 258 MWK941   1282 1978    697     26      0    .818    .29   1.74   .180   .808   .321   1.71   .273  -.003   1
 259 MWK942   1230 1779    550     20      0    .784    .34   1.84   .258   .885   .354   2.27   .306  -.003   1
 260 MWK951   1342 1978    637     24      0    .686    .32    .92   .176   .811   .309   2.02   .281  -.014   3
 261 MWK952   1350 1978    629     23      0    .726    .34    .98   .160   .625   .361   2.08   .308   .002   3
 262 MWK961   -214 1978   2193     86      0    .789    .18    .52   .085   .553   .399   2.15   .322  -.005   3
 263 MWK962    435 1871   1437     55      0    .710    .22   1.15   .147   .754   .462   2.28   .380   .004   2
 264 MWK963   1461 1978    518     19      0    .737    .29    .74   .132   .685   .343   1.78   .305  -.012   1
 265 MWK964     40 1979   1940     76      1    .673    .16    .39   .060   .195   .387   2.28   .310  -.001   3
 266 MWK965    509 1979   1471     57      0    .691    .15    .62   .088   .576   .491   2.56   .403  -.005   3
 267 MWK971   1101 1979    879     33      0    .695    .17    .46   .070   .583   .325   1.95   .278   .008   3
 268 MWK972    616 1979   1364     53      0    .780    .22    .56   .104   .473   .476   2.11   .379  -.007   3
 269 MWK973   -750 1979   2730    107      0    .735    .17    .53   .086   .327   .538   2.70   .417  -.007   3
 270 MWK974    120 1979   1860     73      0    .752    .26    .77   .135   .591   .424   2.10   .345  -.004   3
 271 MWK975   -1203 1780   2984    118      1    .673    .15    .50   .089   .692   .432   2.90   .355  -.006   3
 272 MWK976   -600  150    751     28      0    .643    .13    .36   .060   .370   .475   2.29   .386  -.004   3
 273 MWK977    950 1979   1030     39      0    .724    .15    .52   .076   .477   .444   2.22   .377  -.007   3
 274 MWK978    500 1899   1400     54      2    .645    .18    .47   .077   .458   .399   2.19   .337  -.001   3
 275 MWK981   1100 1979    880     34      1    .632    .16    .44   .070   .354   .426   2.15   .358  -.007   0
 276 MWK982   1020 1979    960     37      0    .647    .15    .50   .079   .557   .443   2.31   .370  -.003   3
 277 MWK983   1450 1979    530     20      0    .607    .12    .33   .053   .487   .387   2.16   .342  -.004   0
 278 MWK984    125 1979   1855     72      0    .680    .13    .51   .086   .422   .679   3.01   .523  -.007   3
 279 MWK985    890 1979   1090     42      0    .788    .20    .67   .119   .259   .680   2.41   .496  -.003   2
 280 MWK986    614 1599    986     38      0    .692    .25    .57   .092   .385   .350   1.86   .282  -.004   3
 281 MWK991   1150 1979    830     31      1    .666    .14    .38   .075   .237   .598   2.80   .471  -.004   1
 282 MWK992    128  874    747     28      0    .672    .11    .34   .063   .344   .557   3.01   .477  -.010   3
 283 MWK993   1497 1979    483     18      0    .710    .22    .55   .097   .498   .391   1.96   .329  -.011   3
 284 MWK994    -15 1759   1775     69      0    .715    .14    .79   .098   .467   .649   2.71   .517  -.003   3
 285 MWK995    800 1979   1180     45      1    .656    .09    .43   .058   .430   .608   2.49   .463  -.004   3
 --- -------- ---------  -----  -----  -----   ------ -----  -----  -----  -----  -----  -----  -----  -----  --
 Total or mean:         213185   7958     11    .752    .24   1.91   .113   .480   .446   3.57   .359  -.006

 DATA CHECKS (rwl.check): ca535
-----------------------------------------------------------------------------------------------------------------------------------
 rwl.check: data_files/treering/measurements/northamerica/usa/ca535.rwl
 285 series, 213185 measurements, -6000-1979, 0.01 mm precision
 0 error(s), 3 warning(s), 198 note(s)
 -------------
 WARNING
   RWL_ALL_ZERO_YEAR (1)
     every measured series is zero in -4606
   RWL_REPEATED_VALUE (2)
     MWK003: 0.1 repeated in 6 consecutive rings, -1468--1463; a constant stretch is a placeholder, not a measurement
     MWK965: 0.08 repeated in 6 consecutive rings, 1065-1070; a constant stretch is a placeholder, not a measurement
 198 note(s) not shown; see rwl.check() or the 'check' element of this report.

 NOTES
-----------------------------------------------------------------------------------------------------------------------------------
 Report generated using dplR 1.8.1 (R 4.5.2) on 2026-10-01 16:51 PDT.
 Measurement file ca535.rwl, MD5 c892546a8ea2f8a3d9534732ac3f0e74.
 Filtering: each series divided by a 32-year smoothing spline (caps()), then prewhitened with
   an AR model (order by AIC, at most 3).
 Master: biweight robust mean of the other series (leave-one-out).
 Correlation: Pearson, one-tailed, pcrit = 0.01; critical r = 0.3281 for 50-year segments.
 Segments: 50 years, lagged 25, first segment floored to 100. Lags searched: +/- 10 years.
 A segment is tested only where the series and the master cover all of it, at the dated
   position and at every lag. COFECHA also tests partial segments at the ends of a series, so
   series here may show fewer segments, and no flags can be raised at the ends of the record.
 Lags follow COFECHA: negative means rings are probably missing from the series, positive means
   false rings. A missing ring carries its lag into every segment before it, so look where the
   lag changes along a series. A B flag is a hypothesis to check on the wood; the gain says how
   seriously to take it.
 A B flag marked "weak at every lag" correlates under the critical value even at its best lag:
   the segment is weak wherever it is placed, and the shift is not evidence of a dating error.
   Treat it as a low correlation, like an A.
 Averages in the summary and the totals are weighted by the number of years in each series, as
   COFECHA's are.
 Unfiltered block and mean sensitivity: the measurements as read, and sens1().
 dplR filtered block: the series that was correlated, after filtering. COFECHA's filtered
   series is defined differently, so these three columns are not COFECHA's numbers.
 AR: order of the AR model used to prewhiten.
