
 COFECHA-style crossdating report: ca667
 Report generated using dplR 1.8.1 (R 4.5.2) on 2026-10-01 16:58 PDT
 Built with dplR's xdate.report(), not COFECHA; see the notes at the end.


      Measurement file name  : ca667.rwl
      MD5 of measurement file: 2a22cec498d742b26f7de0eb975032ff
      Date checked           : 01OCT26
      Beginning year         : -2649
      Ending year            : 2005
      Principal investigators: Salzer, M.W.; Hughes, M.K.
      Site name              : Sheep Mountain Update
      Species information    : PILO Pinus longaeva D.K. Bailey = Pinus aristata var. longaeva
      Latitude               : 37.5200 N
      Longitude              : 118.2000 W
      Elevation              : 3470 m

      Series intercorrelation: 0.644
      Avg mean sensitivity   : 0.263
      Avg standard deviation : 0.191
      Avg autocorrelation    : 0.701
      Number dated series    : 311
      Series crossdated      : 310
      Segment length tested  : 50

      Number problem segments: 71  (A 26, B 45; 17 of the B weak at every lag)
      Pct problem segments   : 1.41


 CORRELATION OF SERIES BY SEGMENTS: ca667
-----------------------------------------------------------------------------------------------------------------------------------
 Correlations of  50-year dated segments, lagged  25 years
 Flags:  A = correlation under   .3281 but highest as dated;  B = correlation higher at other than dated position

 Seq Series  Time_span  -2600 -2575 -2550 -2525 -2500 -2475 -2450 -2425 -2400 -2375 -2350 -2325 -2300 -2275 -2250 -2225 -2200 -2175 -2150 -2125 
                        -2551 -2526 -2501 -2476 -2451 -2426 -2401 -2376 -2351 -2326 -2301 -2276 -2251 -2226 -2201 -2176 -2151 -2126 -2101 -2076 
 --- -------- ---------  ---- ---- ---- ---- ---- ---- ---- ---- ---- ---- ---- ---- ---- ---- ---- ---- ---- ---- ---- ---- 
   1 SS004B   -2649 -2454  .55  .47  .61  .65                                                                                 
   2 SL009A   -2649 -2334  .45  .32A .50  .55  .51  .48  .37  .41  .59                                                        
   4 SS024B   -2649 -2386  .70  .62  .60  .59  .63  .77  .59                                                                  
   5 SL004B   -2649 -2415  .52  .45  .53  .58  .47  .48                                                                       
   7 SN151A   -2649 -2358  .78  .73  .62  .74  .75  .76  .81  .83                                                             
   8 SL166B   -2649 -2194  .76  .70  .65  .38  .38  .70  .75  .75  .42  .46  .71  .76  .79  .74  .72                          
   9 SS004A   -2649 -2412  .51  .43  .41  .55  .56  .38                                                                       
  10 SL166C   -2649 -2215  .71  .64  .63  .64  .70  .73  .67  .76  .64  .64  .67  .75  .81  .77                               
  11 SS024A   -2649 -2213  .73  .71  .61  .58  .60  .65  .61  .64  .63  .63  .59  .61  .62  .47                               
  12 SN157B   -2649 -2551  .55                                                                                                
  13 SL009E   -2649 -2314  .46  .41  .47  .45  .55  .50  .26B .43  .56  .52                                                   
  14 ST846A   -2649 -2301  .80  .71  .66  .59  .65  .70  .65  .71  .80  .84  .71                                              
  15 SS495A   -2649 -2308  .80  .76  .71  .67  .74  .82  .73  .72  .80  .83                                                   
  16 SL495B   -2649 -2405  .83  .77  .76  .80  .80  .79                                                                       
  17 SL004C   -2649 -2476  .52  .49  .64  .39                                                                                 
  18 SL005C   -2623 -2250  .65  .58  .60  .68  .67  .71  .74  .63  .65  .61  .47  .62  .53                                    
  19 SL005A   -2622 -2259  .66  .56  .45  .51  .65  .76  .71  .62  .75  .68  .47  .70                                         
  20 SL017A   -2616 -2178  .59  .68  .67  .67  .61  .63  .53  .55  .73  .69  .73  .77  .69  .74  .76                          
  21 SL017B   -2615 -2175  .48  .69  .66  .73  .75  .75  .60  .62  .79  .73  .74  .80  .73  .71  .71  .51                     
  22 ST833A   -2610 -2280  .68  .65  .46  .19B .26A .65  .71  .66  .66  .65  .61                                              
  23 SS25B    -2585 -2426       .64  .47  .27B .56  .74                                                                       
  24 SL018A   -2564 -2339            .75  .70  .66  .62  .65  .62  .56                                                        
  25 SL018B   -2525 -2334                      .73  .73  .64  .62  .49                                                        
  26 SN150A   -2511 -2333                      .80  .82  .76  .77  .74                                                        
  27 SS517    -2475 -2251                                .52  .46  .44  .55  .64  .59  .53                                    
  28 SL517A   -2475 -2251                                .39B .40  .53  .54  .55  .54  .45                                    
  29 SS495C   -2471 -2300                                .80  .82  .88  .90  .77                                              
  30 SL495C   -2466 -2287                                .77  .73  .79  .85  .82                                              
  31 ST145    -2442 -2139                                     .57  .65  .67  .56  .71  .73  .77  .73  .54  .54                
  32 ST847A   -2441 -2328                                     .48  .69                                                        
  33 SL496A   -2425 -2318                                          .53  .69                                                   
  34 SL496B   -2425 -2317                                          .60  .71                                                   
  35 SL511A   -2401 -2226                                          .51  .49  .58  .69  .71  .41                               
  36 SL511D   -2386 -2231                                               .46  .48  .61  .68                                    
  37 ST832A   -2376 -2208                                               .49  .68  .64  .54  .48                               
  38 SS025C   -2307 -2035                                                              .66  .68  .70  .61  .81  .88  .85  .64 
  39 SS025A   -2270 -1597                                                                        .63  .56  .86  .81  .77  .64 
 Av segment correlation  .64  .60  .59  .57  .62  .67  .63  .63  .64  .65  .63  .68  .65  .64  .71  .56  .74  .84  .81  .64 

 CORRELATION OF SERIES BY SEGMENTS: ca667
-----------------------------------------------------------------------------------------------------------------------------------
 Correlations of  50-year dated segments, lagged  25 years
 Flags:  A = correlation under   .3281 but highest as dated;  B = correlation higher at other than dated position

 Seq Series  Time_span  -2100 -2075 -2050 -2025 -2000 -1975 -1950 -1925 -1900 -1875 -1850 -1825 -1800 -1775 -1750 -1725 -1700 -1675 -1650 -1625 
                        -2051 -2026 -2001 -1976 -1951 -1926 -1901 -1876 -1851 -1826 -1801 -1776 -1751 -1726 -1701 -1676 -1651 -1626 -1601 -1576 
 --- -------- ---------  ---- ---- ---- ---- ---- ---- ---- ---- ---- ---- ---- ---- ---- ---- ---- ---- ---- ---- ---- ---- 
  38 SS025C   -2307 -2035  .53                                                                                                
  39 SS025A   -2270 -1597  .53                                .62  .66  .65  .72  .76  .78  .79  .71  .69  .81  .74  .51      
  40 ST842A   -1950 -1801                                     .62  .69  .67  .42                                              
  41 SL127A   -1929 -1564                                     .65  .68  .59  .52  .70  .80  .65  .52  .52  .63  .73  .61  .42 
  42 SL486A   -1900 -1648                                               .45  .50  .53  .34  .34B .56  .65  .65                
  43 SN154B   -1850 -1730                                                         .66  .62                                    
  44 SS026A   -1840 -1351                                                         .70  .77  .81  .72  .68  .78  .80  .78  .78 
  45 ST834A   -1836 -1203                                                         .48  .41  .44  .42  .36  .46  .58  .39  .20B
  46 SN151B   -1830 -1401                                                         .52  .42  .37  .43  .34  .32B .44  .26A .28B
  47 ST851A   -1825 -1640                                                              .76  .73  .50  .41  .49                
  48 SS030A   -1791 -1476                                                                   .76  .77  .78  .80  .66  .58  .68 
  49 SL166A   -1746 -1531                                                                             .59  .42  .47  .63  .54 
  50 SG063A   -1689 -1309                                                                                       .80  .67  .59 
  51 SS33X    -1680 -1160                                                                                       .72  .67  .69 
  52 SN154A   -1668 -1521                                                                                            .57  .56 
  53 ST837B   -1625 -951                                                                                                 .46 
 Av segment correlation  .53                                .63  .68  .59  .54  .62  .61  .61  .58  .56  .60  .66  .57  .52 

 CORRELATION OF SERIES BY SEGMENTS: ca667
-----------------------------------------------------------------------------------------------------------------------------------
 Correlations of  50-year dated segments, lagged  25 years
 Flags:  A = correlation under   .3281 but highest as dated;  B = correlation higher at other than dated position

 Seq Series  Time_span  -1600 -1575 -1550 -1525 -1500 -1475 -1450 -1425 -1400 -1375 -1350 -1325 -1300 -1275 -1250 -1225 -1200 -1175 -1150 -1125 
                        -1551 -1526 -1501 -1476 -1451 -1426 -1401 -1376 -1351 -1326 -1301 -1276 -1251 -1226 -1201 -1176 -1151 -1126 -1101 -1076 
 --- -------- ---------  ---- ---- ---- ---- ---- ---- ---- ---- ---- ---- ---- ---- ---- ---- ---- ---- ---- ---- ---- ---- 
  44 SS026A   -1840 -1351  .84  .73  .73  .68  .60  .58  .65  .79  .61                                                        
  45 ST834A   -1836 -1203  .51  .67  .58  .51  .51  .44  .59  .59  .62  .57  .45  .47  .42  .40                               
  46 SN151B   -1830 -1401  .44  .52  .44  .45  .55  .53  .53                                                                  
  48 SS030A   -1791 -1476  .72  .66  .75  .64                                                                                 
  49 SL166A   -1746 -1531  .55                                                                                                
  50 SG063A   -1689 -1309  .69  .65  .64  .70  .76  .69  .69  .74  .76  .71                                                   
  51 SS33X    -1680 -1160  .68  .64  .61  .66  .70  .71  .75  .79  .81  .73  .63  .67  .81  .84  .74  .79                     
  52 SN154A   -1668 -1521  .50  .60                                                                                           
  53 ST837B   -1625 -951  .65  .57  .45  .56  .61  .33B .42  .60  .56  .59  .72  .72  .77  .68  .44B .51  .50  .31A .41  .63 
  54 ST849B   -1616 -1480  .53  .58  .34                                                                                      
  55 ST849A   -1593 -1415       .69  .57  .57  .69  .60                                                                       
  56 SN152X   -1549 -1207                 .68  .67  .66  .68  .68  .50  .29A .51  .44  .48  .55                               
  57 SL151A   -1492 -1245                           .66  .79  .77  .67  .61  .61  .74  .32A                                   
  58 SS151A   -1491 -1008                           .75  .83  .77  .62  .66  .69  .71  .72  .68  .69  .67  .48  .52  .72  .69 
  59 SG064A   -1473 -581                                .69  .64  .63  .71  .75  .77  .82  .82  .77  .79  .77  .64  .66  .80 
  60 SN150B   -1437 -1250                                     .60  .47  .51  .46  .52  .55                                    
  61 SS027A   -1426 -771                                          .69  .67  .60  .69  .82  .82  .74  .84  .77  .66  .68  .62 
  62 SN155X   -1414 -1300                                          .61  .58  .41                                              
  63 ST836C   -1389 -972                                               .62  .62  .67  .74  .65  .41  .50  .48  .48  .60  .51 
  64 SL271B   -1350 -1151                                                    .49  .55  .60  .59  .59  .58  .48                
  65 SS029A   -1349 -692                                                         .70  .82  .82  .73  .78  .78  .48  .40  .66 
  66 ST836A   -1342   49                                                         .72  .76  .65  .54  .67  .70  .69  .63  .56 
  67 SS144A   -1327 -617                                                         .51  .63  .54  .57  .60  .63  .70  .77  .70 
  68 SB030A   -1300 -1150                                                                   .88  .84  .85  .79                
  69 SL151B   -1293 -1067                                                                   .71  .63  .70  .46  .44  .66  .69 
  70 SL271C   -1285 -1151                                                                   .66  .55  .66  .76                
  71 SS022X   -1282 -1084                                                                   .44  .39  .49  .53  .63  .64      
  72 SG066B   -1270 -374                                                                        .74  .72  .69  .65  .69  .72 
  73 SG066A   -1260 -850                                                                        .79  .87  .84  .72  .60  .63 
  74 SG063D   -1253  -26                                                                        .47  .66  .56  .55  .57  .53 
  75 SL494A   -1233 -811                                                                             .58  .52  .49  .52  .64 
  76 SS32X    -1223 -547                                                                                  .65  .54  .54  .61 
  77 SL022A   -1216 -601                                                                                  .32A .49  .60  .49 
  78 SL022B   -1209 -1002                                                                                  .46  .31B .38  .54 
  79 SS160A   -1157 -918                                                                                            .44  .45 
  80 SG063B   -1150 -701                                                                                            .64  .66 
  81 ST840A   -1148 -951                                                                                                 .67 
  82 SS282A   -1141 -971                                                                                                 .50 
 Av segment correlation  .61  .63  .57  .61  .64  .59  .66  .70  .63  .60  .58  .63  .66  .67  .63  .68  .61  .55  .59  .62 

 CORRELATION OF SERIES BY SEGMENTS: ca667
-----------------------------------------------------------------------------------------------------------------------------------
 Correlations of  50-year dated segments, lagged  25 years
 Flags:  A = correlation under   .3281 but highest as dated;  B = correlation higher at other than dated position

 Seq Series  Time_span  -1100 -1075 -1050 -1025 -1000 -975 -950 -925 -900 -875 -850 -825 -800 -775 -750 -725 -700 -675 -650 -625 
                        -1051 -1026 -1001 -976 -951 -926 -901 -876 -851 -826 -801 -776 -751 -726 -701 -676 -651 -626 -601 -576 
 --- -------- ---------  ---- ---- ---- ---- ---- ---- ---- ---- ---- ---- ---- ---- ---- ---- ---- ---- ---- ---- ---- ---- 
  53 ST837B   -1625 -951  .60  .65  .65  .45  .46                                                                            
  58 SS151A   -1491 -1008  .59  .65                                                                                           
  59 SG064A   -1473 -581  .82  .81  .73  .55  .67  .72  .61  .72  .79  .78  .72  .74  .65  .70  .78  .70  .71  .73  .72      
  61 SS027A   -1426 -771  .71  .82  .76  .57  .65  .66  .35  .42  .60  .77  .65  .59                                         
  63 ST836C   -1389 -972  .68  .79  .68  .58                                                                                 
  65 SS029A   -1349 -692  .77  .73  .65  .59  .76  .79  .72  .78  .82  .78  .48  .35  .66  .84  .75                          
  66 ST836A   -1342   49  .66  .56  .25B .29B .66  .66  .63  .58  .63  .59  .50  .57  .63  .61  .65  .63  .44  .47  .61  .65 
  67 SS144A   -1327 -617  .57  .62  .67  .56  .34  .34  .56  .76  .63  .54  .55  .51  .56  .64  .61  .49  .33  .47           
  72 SG066B   -1270 -374  .73  .80  .75  .60  .65  .68  .66  .75  .82  .85  .73  .72  .80  .84  .83  .72  .72  .70  .72  .83 
  73 SG066A   -1260 -850  .77  .85  .81  .53  .63  .70  .61  .71  .84                                                        
  74 SG063D   -1253  -26  .70  .75  .68  .52  .50  .56  .52  .55  .70  .58  .41  .53  .58  .72  .70  .67  .66  .61  .64  .52 
  75 SL494A   -1233 -811  .67  .73  .55  .34  .69  .68  .56  .60  .66  .63                                                   
  76 SS32X    -1223 -547  .73  .82  .79  .55  .68  .64  .44  .78  .86  .81  .66  .66  .74  .73  .75  .77  .76  .72  .70  .67 
  77 SL022A   -1216 -601  .59  .62  .56  .22B .43  .52  .46  .62  .64  .51  .64  .78  .55  .57  .64  .53  .64  .73  .74      
  78 SL022B   -1209 -1002  .50  .69                                                                                           
  79 SS160A   -1157 -918  .55  .55  .51  .53  .58  .57                                                                       
  80 SG063B   -1150 -701  .70  .62  .60  .76  .78  .71  .64  .71  .79  .73  .49  .56  .69  .77  .82                          
  81 ST840A   -1148 -951  .63  .74  .77  .67  .69                                                                            
  82 SS282A   -1141 -971  .61  .77  .58  .57                                                                                 
  83 SS022A   -1126 -600  .51  .59  .55  .29A .49  .57  .42  .61  .70  .64  .70  .78  .64  .59  .58  .55  .67  .70  .68      
  84 ST835A   -1118 -897  .47  .50  .45  .49  .39  .44  .46                                                                  
  85 SG066D   -1058 -431            .80  .57  .69  .79  .67  .72  .84  .82  .54  .50  .64  .70  .78  .73  .68  .69  .75  .75 
  86 SS292A   -1000 -437                           .48  .40  .43  .52  .67  .65  .50  .51  .72  .57  .51  .47  .62  .57  .52 
  87 SG069A   -923 -651                                          .83  .74  .64  .70  .65  .64  .65  .61  .59                
  88 SS324    -884 -201                                               .56  .71  .58  .46  .64  .73  .74  .75  .75  .72  .61 
  89 SG097B   -837 -490                                                         .48  .57  .69  .61  .63  .65  .54  .54  .66 
  90 SB005A   -766 -436                                                                        .55  .56  .56  .57  .58  .67 
  91 SS282B   -664 -331                                                                                            .55  .72 
  92 ST850A   -662 -389                                                                                            .81  .79 
 Av segment correlation  .64  .70  .64  .51  .60  .62  .54  .65  .73  .69  .61  .60  .62  .69  .69  .63  .62  .64  .67  .67 

 CORRELATION OF SERIES BY SEGMENTS: ca667
-----------------------------------------------------------------------------------------------------------------------------------
 Correlations of  50-year dated segments, lagged  25 years
 Flags:  A = correlation under   .3281 but highest as dated;  B = correlation higher at other than dated position

 Seq Series  Time_span  -600 -575 -550 -525 -500 -475 -450 -425 -400 -375 -350 -325 -300 -275 -250 -225 -200 -175 -150 -125 
                        -551 -526 -501 -476 -451 -426 -401 -376 -351 -326 -301 -276 -251 -226 -201 -176 -151 -126 -101  -76 
 --- -------- ---------  ---- ---- ---- ---- ---- ---- ---- ---- ---- ---- ---- ---- ---- ---- ---- ---- ---- ---- ---- ---- 
  66 ST836A   -1342   49  .69  .61  .65  .57  .39  .40  .62  .55  .57  .58  .40  .67  .66  .44  .54  .45  .36  .53  .43  .33 
  72 SG066B   -1270 -374  .72  .71  .78  .70  .63  .55  .69  .71                                                             
  74 SG063D   -1253  -26  .47  .61  .66  .62  .72  .72  .59  .59  .64  .69  .61  .64  .71  .77  .84  .64  .62  .64  .60  .66 
  76 SS32X    -1223 -547  .56                                                                                                
  85 SG066D   -1058 -431  .62  .63  .78  .73  .68                                                                            
  86 SS292A   -1000 -437  .59  .65  .71  .57  .44                                                                            
  88 SS324    -884 -201  .65  .66  .44  .38  .60  .55  .67  .68  .64  .64  .53  .60  .63  .68  .61                          
  89 SG097B   -837 -490  .74  .70  .64                                                                                      
  90 SB005A   -766 -436  .53  .29A .45  .50  .38                                                                            
  91 SS282B   -664 -331  .62  .38  .43  .36B .38  .53  .80  .74  .59                                                        
  92 ST850A   -662 -389  .60  .57  .78  .79  .77  .69  .59                                                                  
  93 SN156A   -482 -118                           .73  .73  .76  .78  .72  .63  .72  .79  .74  .72  .68  .54  .43           
  94 SG072A   -479 -276                           .60  .58  .65  .66  .47  .43  .40                                         
  95 SL241A   -444 -235                                     .47  .55  .64  .55  .69  .70                                    
  96 ST838A   -400  179                                               .59  .53  .60  .57  .62  .55  .46  .53  .50  .58  .69 
  97 SS35X    -396 -249                                               .75  .54  .58  .68                                    
  98 SG063C   -380  -23                                               .69  .59  .72  .77  .74  .83  .75  .71  .63  .61  .71 
  99 SL241C   -374 -101                                                    .57  .68  .72  .69  .55  .55  .58  .53  .53      
 100 SL241B   -371 -101                                                    .43  .50  .61  .61  .58  .63  .55  .60  .56      
 101 SS355A   -365  150                                                    .25B .74  .80  .62  .53  .61  .60  .41  .46  .62 
 102 SG063E   -350 -164                                                    .56  .71  .73  .60  .56  .71                     
 103 SL492A   -339  -73                                                         .74  .77  .64  .49  .55  .52  .54  .58  .32A
 104 SHP172   -338  755                                                         .76  .80  .66  .54  .61  .55  .55  .72  .77 
 105 SS140A   -321  521                                                              .77  .67  .68  .65  .65  .73  .75  .77 
 106 ST839    -275  601                                                                        .64  .62  .54  .63  .61  .59 
 107 SS132A   -268  627                                                                        .59  .63  .58  .49  .63  .74 
 108 SG070C   -225  150                                                                                  .50  .58  .67  .72 
 109 SG064C   -192  439                                                                                       .58  .60  .52 
 Av segment correlation  .62  .58  .63  .58  .55  .60  .66  .64  .63  .64  .51  .65  .71  .65  .62  .61  .56  .56  .60  .62 

 CORRELATION OF SERIES BY SEGMENTS: ca667
-----------------------------------------------------------------------------------------------------------------------------------
 Correlations of  50-year dated segments, lagged  25 years
 Flags:  A = correlation under   .3281 but highest as dated;  B = correlation higher at other than dated position

 Seq Series  Time_span  -100  -75  -50  -25    0   25   50   75  100  125  150  175  200  225  250  275  300  325  350  375 
                         -51  -26   -1   24   49   74   99  124  149  174  199  224  249  274  299  324  349  374  399  424 
 --- -------- ---------  ---- ---- ---- ---- ---- ---- ---- ---- ---- ---- ---- ---- ---- ---- ---- ---- ---- ---- ---- ---- 
  66 ST836A   -1342   49  .40  .49  .42  .31A .44                                                                            
  74 SG063D   -1253  -26  .64  .77                                                                                           
  96 ST838A   -400  179  .67  .76  .83  .70  .64  .70  .64  .68  .67  .49                                                   
  98 SG063C   -380  -23  .76  .75                                                                                           
 101 SS355A   -365  150  .37  .64  .67  .35  .40  .52  .52  .59  .53                                                        
 104 SHP172   -338  755  .75  .57  .59  .74  .73  .65  .59  .66  .67  .72  .74  .55  .60  .66  .55  .63  .69  .73  .54  .58 
 105 SS140A   -321  521  .78  .76  .66  .47  .69  .77  .77  .78  .75  .67  .71  .75  .82  .84  .88  .84  .77  .79  .66  .62 
 106 ST839    -275  601  .61  .52  .54  .52  .67  .65  .58  .62  .51  .51  .39  .43  .60  .65  .85  .78  .71  .67  .55  .62 
 107 SS132A   -268  627  .66  .62  .59  .49  .69  .66  .68  .74  .67  .71  .78  .76  .82  .80  .73  .80  .79  .60  .54  .66 
 108 SG070C   -225  150  .63  .52  .55  .54  .53  .67  .70  .68  .64                                                        
 109 SG064C   -192  439  .56  .64  .60  .65  .77  .82  .74  .72  .72  .71  .77  .70  .76  .64  .57  .76  .60  .37  .51  .59 
 111 SS148B   -100  126       .67  .75  .63  .47  .54  .60  .51                                                             
 112 ST862A    -87 1327       .61  .57  .59  .71  .70  .73  .70  .65  .64  .60  .62  .77  .81  .79  .77  .79  .80  .56  .54 
 113 SHP182    -65 1149            .47  .55  .70  .68  .64  .57  .63  .68  .61  .55  .58  .65  .64  .63  .63  .61  .55  .54 
 114 ST861A    -38  562                 .69  .67  .64  .57  .67  .71  .27B .41  .81  .75  .72  .72  .70  .72  .77  .73  .70 
 115 SHP243     22 1177                           .80  .74  .79  .79  .76  .79  .76  .79  .76  .76  .81  .76  .68  .63  .63 
 116 ST856A     75  400                                          .57  .52  .56  .48  .43  .53  .62  .58  .62  .64  .49      
 117 SB004A    100  497                                               .77  .74  .70  .76  .72  .74  .79  .75  .72  .64  .77 
 118 SHP193    150  622                                                         .42  .56  .60  .69  .62  .59  .67  .58  .66 
 119 SHP222    150  350                                                         .64  .63  .60  .59  .71  .67                
 120 SL276C    180  537                                                              .37B .35  .40  .41  .59  .62  .31A .39 
 121 SL476A    200 1017                                                                   .39  .49  .45  .56  .48  .34  .49 
 122 SHP213    200  640                                                                   .72  .68  .70  .62  .45  .52  .50 
 123 SHP234    225  760                                                                        .70  .65  .52  .54  .54  .50 
 124 SHP242    228  524                                                                        .85  .88  .89  .83  .61  .68 
 125 SHP251    246  815                                                                        .77  .79  .77  .68  .54  .54 
 126 SL270A    253  690                                                                             .35  .54  .68  .55  .59 
 127 SG068A    255  874                                                                             .60  .58  .56  .46  .32B
 128 SHP244    260 1113                                                                             .87  .78  .67  .66  .70 
 129 SS148A    275  650                                                                                  .66  .62  .59  .76 
 130 SHP231    315 1200                                                                                       .77  .52  .36 
 131 SHP273    342 1304                                                                                            .53  .51 
 Av segment correlation  .62  .64  .60  .56  .62  .68  .65  .67  .66  .62  .64  .63  .66  .65  .69  .69  .68  .65  .55  .58 

 CORRELATION OF SERIES BY SEGMENTS: ca667
-----------------------------------------------------------------------------------------------------------------------------------
 Correlations of  50-year dated segments, lagged  25 years
 Flags:  A = correlation under   .3281 but highest as dated;  B = correlation higher at other than dated position

 Seq Series  Time_span   400  425  450  475  500  525  550  575  600  625  650  675  700  725  750  775  800  825  850  875 
                         449  474  499  524  549  574  599  624  649  674  699  724  749  774  799  824  849  874  899  924 
 --- -------- ---------  ---- ---- ---- ---- ---- ---- ---- ---- ---- ---- ---- ---- ---- ---- ---- ---- ---- ---- ---- ---- 
 104 SHP172   -338  755  .58  .59  .54  .52  .76  .77  .67  .58  .72  .72  .60  .62  .47                                    
 105 SS140A   -321  521  .67  .64  .66                                                                                      
 106 ST839    -275  601  .69  .69  .73  .75  .78  .72  .66                                                                  
 107 SS132A   -268  627  .67  .62  .63  .57  .65  .78  .79  .75                                                             
 112 ST862A    -87 1327  .74  .70  .61  .50  .69  .83  .72  .66  .77  .71  .58  .53  .57  .68  .57  .38  .45  .43  .44  .48 
 113 SHP182    -65 1149  .36  .31B .57  .54  .60  .65  .67  .69  .63  .60  .72  .72  .70  .77  .73  .64  .59  .58  .70  .73 
 114 ST861A    -38  562  .83  .80  .73  .74  .86                                                                            
 115 SHP243     22 1177  .71  .75  .72  .57  .71  .82  .82  .73  .57  .57  .73  .75  .72  .65  .64  .68  .67  .55  .66  .71 
 117 SB004A    100  497  .79  .78                                                                                           
 118 SHP193    150  622  .74  .68  .55  .48  .61  .72  .52                                                                  
 120 SL276C    180  537  .52  .60  .59  .55                                                                                 
 121 SL476A    200 1017  .56  .45  .32A .44  .69  .64  .63  .68  .73  .67  .46  .48  .50  .48  .49  .30A .37  .52  .56  .58 
 122 SHP213    200  640  .43  .53  .46  .50  .79  .81  .82  .79                                                             
 123 SHP234    225  760  .61  .66  .65  .52  .60  .60  .61  .73  .78  .76  .47  .49  .66                                    
 124 SHP242    228  524  .83  .75  .66  .59                                                                                 
 125 SHP251    246  815  .69  .78  .68  .46  .65  .80  .78  .67  .65  .71  .63  .60  .70  .70  .77                          
 126 SL270A    253  690  .60  .68  .62  .37  .49  .54  .62  .54  .57  .59                                                   
 127 SG068A    255  874  .26B .43  .42  .31B .65  .72  .62  .46  .62  .64  .60  .55  .50  .61  .52  .46  .55  .62           
 128 SHP244    260 1113  .76  .73  .67  .70  .77  .66  .64  .71  .73  .73  .68  .80  .86  .79  .77  .83  .83  .71  .62  .59 
 129 SS148A    275  650  .70  .70  .74  .56  .71  .79  .77  .60  .57                                                        
 130 SHP231    315 1200  .71  .73  .58  .58  .77  .84  .80  .64  .67  .76  .81  .82  .80  .78  .76  .70  .66  .67  .79  .83 
 131 SHP273    342 1304  .66  .67  .68  .61  .71  .82  .79  .73  .83  .87  .78  .65  .69  .65  .61  .79  .79  .64  .68  .76 
 132 SL276A    399  674  .60  .58  .51  .56  .55  .53  .55  .59  .73  .65                                                   
 133 SHP261    399  794  .69  .75  .64  .39  .56  .48  .46  .51  .50  .53  .55  .65  .54  .58                               
 134 SHP272    400 1000       .77  .68  .46  .65  .77  .84  .84  .78  .65  .47  .56  .62  .66  .54  .65  .78  .65  .57  .67 
 135 SHP235    400  601       .65  .59  .42  .58  .68  .69                                                                  
 136 ST850B    400 1024       .52  .44  .54  .74  .73  .67  .66  .78  .77  .56  .54  .59  .72  .64  .60  .68  .54  .53  .61 
 137 ST855B    400 1173       .63  .65  .59  .70  .73  .76  .83  .66  .60  .45  .52  .69  .65  .69  .68  .68  .61  .70  .73 
 138 ST850C    403  802       .58  .39  .40  .66  .73  .61  .56  .40  .34  .58  .62  .65  .71  .59                          
 139 SL490A    414  626       .60  .67  .61  .55  .62  .74  .78                                                             
 140 SL282A    425  874            .51  .37  .64  .70  .67  .68  .80  .78  .79  .72  .65  .65  .64  .76  .81  .80           
 141 SL276B    429  582            .63  .63  .59  .49                                                                       
 142 SL252B    445 1349            .47  .60  .82  .67  .56  .65  .70  .68  .67  .63  .51  .62  .54  .52  .67  .57  .64  .59 
 143 SHP321    463  769                 .71  .77  .83  .76  .70  .76  .74  .74  .80  .52                                    
 144 SL489A    475  966                      .54  .51  .49  .50  .59  .59  .61  .64  .50  .57  .63  .76  .79  .64  .61  .60 
 145 SHP181    478 1149                      .71  .70  .64  .62  .60  .62  .69  .66  .58  .65  .61  .68  .59  .49  .67  .54 
 146 SHP275    480  690                      .73  .78  .76  .77  .85  .78                                                   
 147 SL468C    493  763                      .67  .76  .85  .79  .74  .72  .75  .62  .47                                    
 148 SL468D    493  625                      .69  .71  .73  .68                                                             
 149 SS46A     500  762                           .83  .76  .76  .65  .61  .81  .85  .80                                    
 150 SL259D    500 1199                      .61  .65  .58  .51  .55  .63  .56  .42  .38  .59  .65  .72  .75  .62  .55  .61 
 151 ST844A    542  767                                .73  .78  .78  .72  .48  .56  .72                                    
 152 SHP274    550  767                                     .76  .85  .73  .66  .80  .82                                    
 153 SL441A    567  959                                     .51  .45  .54  .33B .38  .59  .63  .56  .58  .69  .48  .33  .33 
 154 SL444A    575  699                                          .60  .63  .59                                              
 155 SHP271    579 1983                                          .86  .80  .76  .77  .72  .63  .63  .80  .72  .60  .70  .72 
 156 SS46B     583 1120                                          .64  .60  .78  .87  .82  .78  .65  .61  .70  .73  .76  .67 
 157 SL281A    593  724                                          .69  .65  .69  .74                                         
 158 SHP151    624 1047                                               .79  .71  .64  .61  .67  .61  .67  .78  .57  .30A .51 
 159 SHP281    628 1013                                                    .66  .78  .81  .82  .79  .80  .83  .73  .63  .61 
 160 SL490B    628  911                                                    .57  .61  .63  .60  .54  .68  .69  .54  .64      
 161 ST855A    628 1124                                                    .59  .57  .57  .63  .64  .65  .74  .66  .65  .62 
 162 SHP291    629 1253                                                    .67  .71  .73  .77  .55  .52  .61  .57  .54  .63 
 163 SS137A    631 1113                                                    .66  .75  .76  .85  .83  .75  .76  .56  .46  .58 
 164 SL610C    650 1970                                                         .59  .58  .68  .61  .58  .65  .58  .54  .48 
 165 SHP254    660  874                                                         .62  .64  .71  .62  .67  .77  .67           
 166 SHP341    671 1470                                                         .66  .64  .49  .23B .48  .75  .54  .61  .75 
 167 SHP262    693 1246                                                              .57  .59  .69  .80  .82  .76  .74  .71 
 168 SL259E    702 1299                                                                   .62  .55  .65  .76  .46  .52  .75 
 169 SL259B    717 1282                                                                   .66  .70  .74  .78  .67  .73  .77 
 170 SL285B    725  976                                                                        .64  .69  .72  .64  .73  .71 
 171 ST853A    790 1299                                                                                  .76  .63  .49  .66 
 172 SHP361    800 1990                                                                                       .68  .68  .74 
 173 ST854A    804 1313                                                                                       .54  .53  .57 
 174 SHP022    807 1983                                                                                       .65  .73  .59 
 175 SL605A    816 1375                                                                                       .58  .67  .77 
 176 SL247A    821 1031                                                                                       .43  .47  .57 
 177 SHP343    824 1327                                                                                            .63  .58 
 178 ST861B    825 1212                                                                                            .61  .69 
 179 SHP021    830 1983                                                                                            .75  .63 
 180 SHP142    849 1983                                                                                                 .73 
 181 SL485A    854 1100                                                                                                 .68 
 182 SL288A    857 1175                                                                                                 .61 
 183 SHP351    860 1990                                                                                                 .68 
 Av segment correlation  .64  .65  .59  .54  .67  .71  .69  .67  .68  .67  .63  .65  .64  .67  .62  .65  .70  .60  .61  .64 

 CORRELATION OF SERIES BY SEGMENTS: ca667
-----------------------------------------------------------------------------------------------------------------------------------
 Correlations of  50-year dated segments, lagged  25 years
 Flags:  A = correlation under   .3281 but highest as dated;  B = correlation higher at other than dated position

 Seq Series  Time_span   900  925  950  975 1000 1025 1050 1075 1100 1125 1150 1175 1200 1225 1250 1275 1300 1325 1350 1375 
                         949  974  999 1024 1049 1074 1099 1124 1149 1174 1199 1224 1249 1274 1299 1324 1349 1374 1399 1424 
 --- -------- ---------  ---- ---- ---- ---- ---- ---- ---- ---- ---- ---- ---- ---- ---- ---- ---- ---- ---- ---- ---- ---- 
 112 ST862A    -87 1327  .51  .79  .76  .63  .56  .59  .67  .62  .60  .67  .71  .75  .66  .53  .68  .63                     
 113 SHP182    -65 1149  .59  .65  .75  .62  .64  .71  .58  .52  .55                                                        
 115 SHP243     22 1177  .58  .60  .74  .80  .80  .62  .49  .38  .63  .75                                                   
 121 SL476A    200 1017  .58  .72  .65                                                                                      
 128 SHP244    260 1113  .57  .77  .80  .81  .85  .88  .87                                                                  
 130 SHP231    315 1200  .74  .75  .82  .68  .59  .66  .61  .57  .72  .79  .77                                              
 131 SHP273    342 1304  .68  .73  .79  .70  .62  .46  .42  .64  .77  .60  .47  .80  .80  .74  .76                          
 134 SHP272    400 1000  .70  .78  .81                                                                                      
 136 ST850B    400 1024  .59  .68  .66  .59                                                                                 
 137 ST855B    400 1173  .67  .77  .75  .55  .44  .47  .49  .69  .71                                                        
 142 SL252B    445 1349  .55  .65  .64  .60  .59  .58  .69  .73  .63  .59  .68  .68  .63  .59  .67  .66  .42                
 144 SL489A    475  966  .43                                                                                                
 145 SHP181    478 1149  .36  .29A .33A .51  .58  .51  .42  .45  .42                                                        
 150 SL259D    500 1199  .56  .59  .67  .55  .41  .42  .65  .72  .71  .67  .58                                              
 153 SL441A    567  959  .46                                                                                                
 155 SHP271    579 1983  .64  .78  .80  .66  .57  .55  .63  .76  .71  .65  .64  .76  .77  .73  .64  .62  .75  .78  .74  .64 
 156 SS46B     583 1120  .64  .69  .78  .78  .66  .63  .62                                                                  
 158 SHP151    624 1047  .68  .73  .72  .73                                                                                 
 159 SHP281    628 1013  .62  .63  .66                                                                                      
 161 ST855A    628 1124  .59  .75  .77  .64  .52  .47  .52  .37                                                             
 162 SHP291    629 1253  .61  .73  .81  .62  .58  .67  .52  .55  .72  .75  .72  .75  .77                                    
 163 SS137A    631 1113  .71  .72  .71  .59  .52  .55  .48                                                                  
 164 SL610C    650 1970  .34B .63  .72  .67  .66  .29A .36  .78  .67  .67  .68  .79  .84  .71  .77  .78  .74  .80  .65  .53 
 166 SHP341    671 1470  .67  .68  .71  .70  .62  .43  .53  .70  .68  .61  .54  .62  .60  .69  .79  .75  .69  .61  .53  .53 
 167 SHP262    693 1246  .64  .72  .67  .61  .71  .75  .77  .77  .80  .77  .69  .73                                         
 168 SL259E    702 1299  .60  .59  .69  .65  .47  .37  .52  .56  .61  .64  .60  .58  .55  .36  .47                          
 169 SL259B    717 1282  .65  .69  .74  .64  .44  .48  .63  .69  .76  .74  .77  .71  .72  .72                               
 170 SL285B    725  976  .59  .69                                                                                           
 171 ST853A    790 1299  .71  .50  .62  .76  .70  .57  .50  .54  .58  .59  .66  .85  .89  .83  .76                          
 172 SHP361    800 1990  .66  .74  .87  .83  .75  .74  .69  .60  .70  .72  .66  .67  .66  .77  .76  .64  .61  .65  .70  .63 
 173 ST854A    804 1313  .45  .48  .49  .56  .60  .51  .59  .51  .56  .62  .63  .76  .74  .72  .69                          
 174 SHP022    807 1983  .44  .77  .86  .88  .88  .84  .78  .74  .81  .71  .63  .81  .84  .87  .86  .79  .84  .79  .73  .80 
 175 SL605A    816 1375  .65  .68  .74  .59  .52  .44  .48  .58  .60  .66  .67  .55  .56  .62  .69  .60  .64  .63           
 176 SL247A    821 1031  .49  .52  .57  .56                                                                                 
 177 SHP343    824 1327  .44  .49  .58  .58  .54  .38  .41  .58  .71  .78  .74  .79  .70  .68  .76  .59                     
 178 ST861B    825 1212  .72  .83  .79  .48  .45  .68  .67  .67  .75  .77  .66                                              
 179 SHP021    830 1983  .48  .72  .82  .81  .78  .76  .67  .62  .78  .75  .67  .76  .86  .91  .89  .81  .85  .77  .65  .75 
 180 SHP142    849 1983  .63  .78  .83  .84  .84  .73  .71  .55  .63  .77  .80  .85  .85  .83  .85  .82  .81  .80  .69  .66 
 181 SL485A    854 1100  .61  .71  .72  .71  .65  .58  .56                                                                  
 182 SL288A    857 1175  .56  .68  .69  .67  .69  .58  .61  .66  .78  .82                                                   
 183 SHP351    860 1990  .66  .78  .79  .82  .80  .73  .78  .68  .73  .83  .69  .79  .83  .78  .75  .71  .78  .81  .81  .80 
 184 SHP255    876 1076  .69  .76  .79  .73  .70  .65                                                                       
 185 Sn973a    900 1656       .54  .67  .45  .36B .57  .66  .49  .58  .64  .63  .65  .69  .69  .69  .73  .70  .59  .54  .60 
 186 SHP301    918 1439       .65  .70  .56  .47  .49  .46  .55  .63  .72  .69  .68  .65  .62  .73  .68  .67  .77  .76  .69 
 187 SHP263    973 1549                 .84  .80  .64  .73  .80  .80  .85  .85  .79  .76  .74  .79  .84  .81  .81  .78  .64 
 188 SH959a    992 2005                      .70  .79  .67  .66  .78  .78  .73  .81  .87  .87  .83  .77  .78  .77  .69  .67 
 189 SHP131   1001 1983                           .87  .79  .65  .79  .81  .69  .75  .76  .78  .72  .64  .82  .86  .81  .75 
 190 SHP322   1007 1608                           .57  .57  .55  .65  .73  .69  .77  .83  .83  .83  .75  .76  .77  .65  .58 
 191 SL464A   1038 1209                                .52  .60  .72  .72  .63                                              
 192 SL288B   1041 1295                                .61  .64  .68  .77  .77  .76  .70  .64                               
 193 SB004C   1042 1632                                .56  .70  .78  .79  .70  .75  .75  .73  .72  .71  .75  .66  .51  .50 
 194 SL446B   1057 1393                                     .67  .56  .56  .68  .71  .77  .80  .78  .67  .60  .66           
 195 SL261A   1075 1268                                          .46  .44  .42  .56  .59                                    
 196 SL269B   1075 1581                                          .64  .64  .71  .70  .62  .56  .61  .60  .65  .68  .59  .62 
 197 SHP256   1079 1329                                          .74  .76  .71  .78  .75  .71  .74  .65                     
 198 SHP512   1099 1970                                          .52  .50  .67  .80  .82  .75  .76  .77  .76  .74  .73  .70 
 199 SH961a   1100 2005                                               .26B .26B .75  .76  .77  .78  .73  .64  .54  .55  .63 
 200 SHP141   1108 1983                                               .47  .85  .84  .84  .79  .79  .79  .66  .64  .68  .72 
 201 SHP423   1113 1970                                               .78  .71  .72  .72  .78  .80  .71  .76  .79  .56  .53 
 202 SHP433   1124 1318                                               .65  .73  .72  .72  .83  .85                          
 203 SH968A   1130 2005                                                    .47  .53  .53  .63  .67  .53  .54  .48  .57  .72 
 204 SL111D   1147 1436                                                    .51  .71  .72  .43  .52  .61  .57  .51  .48  .58 
 205 SH966A   1147 2005                                                    .56  .74  .80  .83  .78  .63  .60  .78  .83  .71 
 206 SHP031   1150 1983                                                         .74  .77  .87  .84  .77  .75  .73  .77  .71 
 207 SHP051   1150 1849                                                         .80  .79  .84  .79  .75  .78  .75  .77  .73 
 208 SHP511   1150 1970                                                         .72  .69  .75  .77  .59  .71  .75  .60  .58 
 209 SH960A   1150 2005                                                         .61  .69  .78  .69  .60  .63  .65  .72  .70 
 210 SHP032   1152 1983                                                         .73  .75  .84  .78  .72  .77  .74  .77  .73 
 211 SL260B   1154 1324                                                         .73  .74  .64  .63  .56                     
 212 SHP253   1161 1449                                                         .75  .82  .75  .70  .65  .73  .72  .61  .58 
 213 SH922A   1162 1600                                                         .53  .56  .62  .64  .55  .53  .49  .45  .57 
 214 SHO042   1163 1983                                                         .73  .77  .83  .74  .62  .73  .83  .82  .73 
 215 SL111C   1175 1349                                                              .46  .32A .64  .64  .58                
 216 SHP071   1180 1983                                                              .89  .89  .92  .88  .82  .84  .79  .73 
 217 SH929a   1186 2005                                                              .78  .86  .79  .63  .67  .59  .56  .67 
 218 SHP111   1191 1983                                                              .76  .74  .76  .76  .81  .84  .82  .77 
 219 SHP431   1191 1963                                                              .71  .77  .81  .72  .76  .79  .69  .61 
 220 SHP523   1210 1970                                                                   .82  .88  .88  .67  .70  .83  .84 
 221 SHP041   1231 1983                                                                        .54  .50  .78  .78  .70  .64 
 222 SHP421   1240 1963                                                                        .78  .61  .71  .78  .69  .66 
 223 SH952a   1252 2005                                                                             .58  .71  .68  .51  .52 
 224 SH922b   1255 2005                                                                             .58  .55  .50  .33B .38 
 225 SH910B   1272 2005                                                                             .52  .72  .82  .67  .58 
 226 SHP352   1275 1990                                                                                  .71  .71  .72  .76 
 227 SH963A   1281 2005                                                                                  .73  .70  .57  .42 
 228 SHP002   1312 1983                                                                                       .66  .62  .48 
 229 SHP331   1322 1984                                                                                       .62  .51  .41 
 230 SH964b   1356 2005                                                                                                 .45 
 231 SHP332   1368 1775                                                                                                 .72 
 232 SHP083   1371 1780                                                                                                 .45 
 233 SH954A   1371 2005                                                                                                 .43 
 Av segment correlation  .59  .68  .72  .67  .62  .59  .60  .62  .67  .69  .66  .73  .73  .73  .74  .68  .70  .71  .66  .63 

 CORRELATION OF SERIES BY SEGMENTS: ca667
-----------------------------------------------------------------------------------------------------------------------------------
 Correlations of  50-year dated segments, lagged  25 years
 Flags:  A = correlation under   .3281 but highest as dated;  B = correlation higher at other than dated position

 Seq Series  Time_span  1400 1425 1450 1475 1500 1525 1550 1575 1600 1625 1650 1675 1700 1725 1750 1775 1800 1825 1850 1875 
                        1449 1474 1499 1524 1549 1574 1599 1624 1649 1674 1699 1724 1749 1774 1799 1824 1849 1874 1899 1924 
 --- -------- ---------  ---- ---- ---- ---- ---- ---- ---- ---- ---- ---- ---- ---- ---- ---- ---- ---- ---- ---- ---- ---- 
 155 SHP271    579 1983  .60  .64  .73  .71  .63  .58  .64  .79  .78  .65  .73  .75  .68  .65  .68  .57  .60  .74  .74  .64 
 164 SL610C    650 1970  .66  .63  .50  .48  .66  .72  .79  .71  .71  .77  .82  .86  .75  .61  .61  .72  .73  .68  .70  .74 
 166 SHP341    671 1470  .53                                                                                                
 172 SHP361    800 1990  .63  .61  .69  .74  .71  .70  .44  .51  .71  .53  .53  .70  .68  .67  .55  .41  .43  .53  .45  .43 
 174 SHP022    807 1983  .79  .65  .72  .85  .80  .71  .73  .88  .89  .77  .79  .85  .84  .82  .82  .79  .69  .71  .75  .71 
 179 SHP021    830 1983  .75  .74  .77  .80  .79  .74  .75  .82  .84  .87  .79  .83  .87  .79  .75  .64  .68  .71  .68  .70 
 180 SHP142    849 1983  .69  .65  .66  .64  .69  .75  .87  .86  .79  .63  .73  .83  .79  .74  .73  .78  .78  .71  .70  .55 
 183 SHP351    860 1990  .82  .81  .81  .87  .84  .68  .53  .59  .69  .68  .70  .78  .72  .66  .73  .70  .71  .68  .65  .64 
 185 Sn973a    900 1656  .68  .78  .77  .80  .78  .70  .51  .62  .72                                                        
 187 SHP263    973 1549  .63  .79  .85  .77  .55                                                                            
 188 SH959a    992 2005  .80  .67  .70  .79  .79  .86  .84  .85  .83  .62  .55  .75  .80  .80  .77  .64  .68  .73  .66  .65 
 189 SHP131   1001 1983  .72  .65  .73  .88  .78  .69  .60  .70  .81  .77  .75  .82  .78  .74  .74  .75  .79  .79  .74  .69 
 190 SHP322   1007 1608  .62  .68  .72  .68  .76  .75  .78                                                                  
 193 SB004C   1042 1632  .68  .68  .75  .79  .57  .54  .60  .62                                                             
 196 SL269B   1075 1581  .61  .60  .69  .65  .49  .54                                                                       
 198 SHP512   1099 1970  .73  .81  .80  .77  .79  .75  .76  .81  .84  .87  .83  .84  .85  .82  .77  .79  .86  .77  .63  .58 
 199 SH961a   1100 2005  .69  .65  .61  .66  .72  .70  .50  .73  .81  .71  .71  .74  .77  .74  .53  .54  .68  .67  .67  .64 
 200 SHP141   1108 1983  .74  .65  .64  .67  .72  .71  .63  .75  .77  .65  .72  .82  .77  .75  .71  .61  .66  .65  .66  .61 
 201 SHP423   1113 1970  .62  .71  .72  .77  .75  .70  .68  .75  .74  .70  .72  .75  .73  .74  .64  .53  .67  .69  .69  .67 
 203 SH968A   1130 2005  .66  .72  .70  .73  .79  .64  .40  .44  .56  .63  .59  .54  .47  .26B .13B .41  .48  .61  .65  .61 
 205 SH966A   1147 2005  .61  .74  .81  .82  .74  .66  .72  .73  .52  .48  .65  .69  .76  .78  .72  .70  .77  .76  .75  .71 
 206 SHP031   1150 1983  .67  .79  .83  .82  .82  .78  .81  .75  .72  .74  .79  .76  .74  .80  .82  .76  .69  .64  .72  .71 
 207 SHP051   1150 1849  .72  .79  .82  .81  .81  .78  .80  .76  .74  .76  .79  .79  .76  .78  .79  .70  .45                
 208 SHP511   1150 1970  .68  .72  .75  .78  .82  .79  .74  .81  .85  .80  .75  .74  .70  .74  .67  .58  .65  .72  .72  .66 
 209 SH960A   1150 2005  .61  .61  .65  .69  .63  .57  .75  .72  .61  .64  .60  .49  .47  .60  .69  .66  .74  .73  .67  .60 
 210 SHP032   1152 1983  .72  .74  .77  .78  .79  .74  .68  .68  .69  .73  .74  .71  .70  .71  .76  .74  .66  .62  .66  .63 
 212 SHP253   1161 1449  .54                                                                                                
 213 SH922A   1162 1600  .66  .70  .80  .74  .68  .70  .67                                                                  
 214 SHO042   1163 1983  .72  .82  .82  .78  .76  .74  .77  .83  .82  .80  .75  .76  .67  .57  .72  .74  .66  .54  .43  .54 
 216 SHP071   1180 1983  .83  .80  .78  .80  .82  .85  .85  .87  .86  .84  .87  .87  .84  .77  .69  .74  .87  .85  .79  .73 
 217 SH929a   1186 2005  .60  .59  .58  .68  .62  .55  .64  .70  .58  .59  .68  .69  .71  .69  .64  .64  .70  .66  .58  .59 
 218 SHP111   1191 1983  .75  .79  .81  .84  .86  .75  .76  .82  .83  .81  .82  .81  .80  .84  .79  .70  .71  .74  .65  .55 
 219 SHP431   1191 1963  .72  .73  .52  .47  .70  .68  .83  .89  .89  .85  .86  .86  .80  .79  .78  .69  .70  .75  .76  .69 
 220 SHP523   1210 1970  .81  .83  .78  .72  .81  .79  .60  .72  .78  .68  .71  .77  .79  .84  .88  .81  .70  .67  .70  .72 
 221 SHP041   1231 1983  .66  .78  .86  .88  .83  .80  .80  .81  .77  .79  .83  .78  .64  .57  .68  .68  .66  .66  .63  .55 
 222 SHP421   1240 1963  .78  .81  .65  .60  .79  .75  .57  .75  .80  .75  .61  .59  .68  .76  .51  .34  .76  .77  .59  .50 
 223 SH952a   1252 2005  .50  .73  .70  .62  .68  .70  .77  .59  .49  .52  .78  .78  .66  .72  .75  .76  .68  .67  .74  .68 
 224 SH922b   1255 2005  .60  .72  .74  .67  .65  .74  .76  .69  .68  .63  .60  .66  .71  .67  .65  .59  .55  .57  .49  .34 
 225 SH910B   1272 2005  .71  .59  .62  .78  .74  .44  .44  .67  .71  .73  .79  .80  .58  .65  .67  .62  .73  .60  .63  .77 
 226 SHP352   1275 1990  .78  .86  .84  .83  .89  .77  .72  .73  .66  .47  .50  .71  .71  .58  .63  .68  .58  .59  .71  .73 
 227 SH963A   1281 2005  .44  .58  .68  .78  .72  .58  .56  .60  .61  .65  .72  .60  .53  .60  .56  .50  .42  .44  .56  .60 
 228 SHP002   1312 1983  .65  .71  .74  .69  .63  .68  .75  .81  .78  .63  .59  .72  .72  .63  .60  .59  .66  .71  .61  .42 
 229 SHP331   1322 1984  .48  .40  .51  .53  .44  .46  .54  .73  .80  .72  .54  .53  .45  .45  .62  .37  .56  .77  .63  .55 
 230 SH964b   1356 2005  .58  .68  .64  .57  .62  .52  .65  .60  .67  .78  .75  .81  .74  .69  .59  .72  .64  .56  .59  .64 
 231 SHP332   1368 1775  .58  .75  .77  .77  .63  .45  .57  .71  .67  .68  .64  .71  .62  .53                               
 232 SHP083   1371 1780  .71  .76  .74  .73  .77  .77  .72  .80  .83  .70  .76  .83  .66  .66                               
 233 SH954A   1371 2005  .60  .75  .70  .64  .69  .68  .61  .70  .72  .73  .81  .85  .67  .58  .69  .73  .64  .61  .62  .54 
 234 SHP542   1374 1970  .46  .62  .64  .63  .72  .66  .68  .77  .77  .74  .76  .80  .73  .62  .54  .65  .68  .57  .32A .34 
 235 ST776B   1377 2003  .53  .60  .64  .61  .63  .58  .69  .82  .79  .74  .77  .74  .69  .69  .60  .67  .71  .65  .49  .46 
 236 SH907B   1378 2005  .38  .60  .68  .51  .33  .48  .60  .62  .60  .41  .53  .72  .70  .67  .55  .53  .60  .62  .55  .59 
 237 SH945a   1393 2005  .59  .55  .59  .64  .59  .48  .49  .73  .82  .56  .41  .67  .65  .53  .49  .54  .62  .56  .35  .43 
 238 SL446A   1400 1969       .76  .67  .54  .53  .45  .47  .58  .67  .54  .63  .79  .62  .54  .63  .61  .53  .46  .40  .49 
 239 SHP121   1400 1983       .72  .71  .68  .62  .61  .75  .86  .86  .75  .74  .79  .68  .67  .78  .71  .83  .81  .71  .77 
 240 SH933a   1406 2005       .76  .80  .79  .70  .66  .69  .73  .71  .68  .76  .84  .79  .78  .77  .72  .70  .67  .63  .65 
 241 ST817A   1407 2003       .58  .67  .64  .55  .60  .66  .81  .83  .82  .85  .84  .80  .74  .63  .66  .78  .78  .79  .76 
 242 SH918A   1407 2005       .71  .73  .59  .59  .68  .64  .71  .73  .73  .73  .81  .74  .80  .81  .63  .56  .69  .75  .63 
 243 SH964a   1417 2005       .60  .43  .58  .63  .61  .58  .46  .48  .54  .54  .66  .73  .76  .55  .42  .60  .73  .67  .63 
 244 SHP081   1418 1775       .82  .69  .56  .72  .75  .67  .76  .76  .51  .53  .69  .64  .62                               
 245 SL610A   1420 1970       .73  .73  .76  .77  .78  .77  .81  .85  .82  .76  .82  .83  .73  .75  .80  .82  .85  .83  .71 
 246 SHP561   1430 1970            .78  .78  .81  .83  .82  .81  .78  .76  .80  .76  .74  .78  .77  .71  .65  .70  .80  .70 
 247 SHP001   1432 1983            .59  .58  .56  .56  .67  .72  .79  .80  .60  .63  .69  .59  .53  .52  .55  .49  .45  .38 
 248 SHP101   1437 1983            .77  .64  .59  .73  .72  .85  .71  .50  .58  .72  .71  .62  .64  .70  .73  .72  .58  .61 
 249 SH943A   1440 2005            .66  .74  .70  .59  .44  .67  .72  .56  .37  .53  .69  .58  .61  .70  .66  .57  .47  .40 
 250 ST776A   1440 2003            .59  .56  .55  .59  .63  .67  .73  .76  .81  .80  .78  .76  .73  .79  .84  .80  .68  .68 
 251 SH950b   1444 2005            .62  .48  .41  .48  .74  .81  .82  .72  .77  .81  .72  .79  .81  .77  .78  .78  .75  .68 
 252 ST768B   1450 2003                 .58  .80  .78  .71  .75  .76  .73  .71  .65  .63  .73  .76  .80  .73  .69  .68  .32A
 253 SHP062   1456 1983                 .76  .75  .81  .85  .78  .78  .76  .77  .76  .67  .69  .78  .78  .65  .57  .60  .63 
 254 SH910A   1458 2005                 .78  .80  .64  .69  .85  .83  .77  .72  .72  .61  .53  .54  .72  .74  .73  .74  .69 
 255 SHP091   1470 1983                 .78  .79  .62  .66  .73  .69  .76  .83  .84  .77  .75  .69  .66  .78  .84  .71  .55 
 256 SL283A   1477 1761                      .46  .44  .64  .75  .79  .68  .71  .81  .61                                    
 257 ST817B   1483 2003                      .39  .50  .60  .67  .74  .72  .74  .80  .81  .71  .65  .69  .67  .60  .56  .57 
 258 SL283B   1485 1754                      .41  .47  .61  .76  .71  .61  .85  .87  .70                                    
 259 SH926A   1487 2005                      .69  .62  .71  .75  .78  .80  .72  .71  .73  .58  .56  .50  .64  .68  .51  .51 
 260 ST768A   1489 2003                      .83  .83  .82  .71  .69  .76  .89  .87  .75  .69  .70  .76  .69  .65  .69  .53 
 261 Sn975B   1495 2005                      .64  .59  .56  .57  .66  .73  .40B .47  .75  .68  .58  .55  .60  .60  .56  .49 
 262 SH926B   1504 2005                           .66  .75  .63  .69  .70  .61  .64  .67  .73  .62  .53  .58  .55  .56  .68 
 263 SHP092   1526 1983                                .75  .82  .78  .74  .83  .79  .63  .58  .66  .80  .81  .74  .54  .52 
 264 SH950a   1529 2005                                .75  .78  .80  .68  .62  .72  .60  .57  .60  .67  .66  .65  .60  .60 
 265 SH919A   1536 2005                                .14B .44  .73  .77  .76  .83  .77  .63  .63  .71  .67  .63  .54  .45 
 266 SL607B   1540 1970                                .61  .67  .70  .72  .80  .80  .70  .54  .59  .74  .76  .80  .73  .64 
 267 SH955A   1550 2005                                     .69  .74  .66  .69  .77  .74  .66  .71  .68  .58  .67  .73  .60 
 268 SH960B   1553 2005                                     .75  .73  .75  .77  .76  .76  .67  .69  .64  .71  .78  .73  .64 
 269 SH935B   1554 2005                                     .52  .77  .80  .84  .80  .72  .70  .65  .73  .75  .74  .76  .81 
 270 SH925B   1559 2005                                     .65  .65  .67  .74  .81  .84  .72  .62  .57  .74  .77  .72  .69 
 271 SH919B   1566 2005                                     .59  .71  .73  .71  .78  .78  .69  .59  .62  .64  .65  .66  .59 
 272 SHP551   1580 1970                                          .78  .66  .76  .79  .71  .76  .70  .76  .78  .72  .70  .71 
 273 SL108C   1585 1713                                          .76  .79  .81                                              
 274 ST802A   1600 2003                                               .81  .70  .53  .46  .58  .59  .63  .54  .50  .51  .53 
 275 SH937a   1600 2005                                               .66  .66  .81  .78  .65  .43  .45  .58  .51  .48  .49 
 276 SH957c   1604 1937                                               .36  .56  .73  .73  .67  .32A .31B .43  .45  .50  .54 
 277 ST770B   1604 2003                                               .76  .80  .83  .73  .62  .59  .65  .63  .57  .53  .60 
 278 SH927a   1613 2005                                               .80  .81  .82  .76  .76  .65  .60  .73  .74  .76  .69 
 279 ST977A   1625 2003                                                    .54  .68  .77  .62  .44  .58  .77  .76  .74  .75 
 280 ST890A   1630 2003                                                    .84  .81  .71  .80  .73  .67  .84  .87  .82  .77 
 281 SH907A   1637 1787                                                    .63  .73  .67  .61                               
 282 SH953B   1639 2005                                                    .72  .75  .74  .84  .71  .71  .71  .61  .50  .41 
 283 SH901B   1643 2005                                                    .61  .69  .77  .55  .37  .35  .51  .54  .49  .56 
 284 SH953A   1643 2005                                                    .72  .74  .78  .73  .65  .69  .78  .78  .66  .50 
 285 ST770A   1645 2003                                                    .81  .85  .78  .74  .77  .79  .62  .54  .50  .41 
 286 SH958c   1650 2005                                                         .63  .69  .51  .39  .67  .66  .56  .55  .73 
 287 SH935a   1654 2005                                                         .83  .75  .67  .62  .76  .78  .72  .67  .67 
 288 SH970B   1663 2005                                                         .73  .66  .62  .61  .66  .71  .55  .36  .29A
 289 ST814B   1665 2003                                                         .67  .60  .57  .52  .50  .62  .65  .46  .51 
 290 SH912B   1679 2005                                                              .62  .67  .70  .73  .64  .66  .60  .40 
 291 SH969a   1684 2005                                                              .60  .72  .68  .72  .79  .75  .58  .47 
 292 ST890B   1684 2003                                                              .72  .62  .55  .52  .57  .63  .62  .59 
 293 SH912A   1694 2005                                                              .74  .54  .50  .54  .53  .56  .48  .43 
 294 SH913A   1704 1795                                                                   .52                               
 295 SH948a   1710 2005                                                                   .79  .53  .30A .53  .60  .47  .44B
 296 SL606A   1710 1970                                                                   .66  .62  .68  .75  .76  .67  .68 
 297 SH922o   1719 2005                                                                   .74  .76  .53  .30B .43  .58  .44 
 298 Sn973B   1722 2005                                                                   .63  .63  .57  .71  .69  .64  .60 
 299 Sn973o   1733 2005                                                                        .59  .52  .60  .62  .52  .59 
 300 SH907o   1806 2005                                                                                       .69  .63  .51 
 301 ST977B   1823 2003                                                                                            .64  .67 
 302 SH970A   1825 2005                                                                                            .37  .27B
 303 SH913B   1829 2005                                                                                            .64  .60 
 304 SH965b   1829 2005                                                                                            .66  .64 
 305 ST891A   1838 2003                                                                                            .47  .62 
 306 ST891B   1838 2003                                                                                            .49  .58 
 307 SL605B   1850 1970                                                                                                 .63 
 Av segment correlation  .65  .70  .71  .70  .69  .66  .67  .72  .74  .70  .71  .75  .71  .67  .64  .64  .67  .67  .62  .59 

 CORRELATION OF SERIES BY SEGMENTS: ca667
-----------------------------------------------------------------------------------------------------------------------------------
 Correlations of  50-year dated segments, lagged  25 years
 Flags:  A = correlation under   .3281 but highest as dated;  B = correlation higher at other than dated position

 Seq Series  Time_span  1900 1925 1950 
                        1949 1974 1999 
 --- -------- ---------  ---- ---- ---- 
 155 SHP271    579 1983  .68  .77      
 164 SL610C    650 1970  .68           
 172 SHP361    800 1990  .51  .53      
 174 SHP022    807 1983  .66  .62      
 179 SHP021    830 1983  .65  .67      
 180 SHP142    849 1983  .56  .49      
 183 SHP351    860 1990  .69  .71      
 188 SH959a    992 2005  .73  .70  .64 
 189 SHP131   1001 1983  .63  .66      
 198 SHP512   1099 1970  .63           
 199 SH961a   1100 2005  .62  .64  .65 
 200 SHP141   1108 1983  .59  .46      
 201 SHP423   1113 1970  .60           
 203 SH968A   1130 2005  .67  .73  .78 
 205 SH966A   1147 2005  .71  .64  .51 
 206 SHP031   1150 1983  .71  .76      
 208 SHP511   1150 1970  .68           
 209 SH960A   1150 2005  .67  .61  .49 
 210 SHP032   1152 1983  .60  .64      
 214 SHO042   1163 1983  .72  .68      
 216 SHP071   1180 1983  .61  .55      
 217 SH929a   1186 2005  .69  .61  .61 
 218 SHP111   1191 1983  .36  .50      
 219 SHP431   1191 1963  .68           
 220 SHP523   1210 1970  .75           
 221 SHP041   1231 1983  .51  .55      
 222 SHP421   1240 1963  .45           
 223 SH952a   1252 2005  .75  .80  .71 
 224 SH922b   1255 2005  .46  .61  .67 
 225 SH910B   1272 2005  .81  .76  .54 
 226 SHP352   1275 1990  .65  .61      
 227 SH963A   1281 2005  .51  .43  .45 
 228 SHP002   1312 1983  .63  .76      
 229 SHP331   1322 1984  .57  .55      
 230 SH964b   1356 2005  .73  .71  .73 
 233 SH954A   1371 2005  .68  .64  .67 
 234 SHP542   1374 1970  .79           
 235 ST776B   1377 2003  .49  .55  .75 
 236 SH907B   1378 2005  .53  .26B .47 
 237 SH945a   1393 2005  .40  .15B .34B
 238 SL446A   1400 1969  .66           
 239 SHP121   1400 1983  .67  .43      
 240 SH933a   1406 2005  .72  .66  .69 
 241 ST817A   1407 2003  .71  .65  .60 
 242 SH918A   1407 2005  .68  .74  .28A
 243 SH964a   1417 2005  .67  .58  .54 
 245 SL610A   1420 1970  .78           
 246 SHP561   1430 1970  .72           
 247 SHP001   1432 1983  .49  .62      
 248 SHP101   1437 1983  .53  .39      
 249 SH943A   1440 2005  .63  .66  .51 
 250 ST776A   1440 2003  .71  .72  .74 
 251 SH950b   1444 2005  .75  .79  .66 
 252 ST768B   1450 2003  .29B .54  .57 
 253 SHP062   1456 1983  .55  .37      
 254 SH910A   1458 2005  .72  .67  .59 
 255 SHP091   1470 1983  .53  .55      
 257 ST817B   1483 2003  .46  .33B .40 
 259 SH926A   1487 2005  .56  .56  .45 
 260 ST768A   1489 2003  .51  .71  .76 
 261 Sn975B   1495 2005  .53  .61  .62 
 262 SH926B   1504 2005  .62  .47  .51 
 263 SHP092   1526 1983  .74  .67      
 264 SH950a   1529 2005  .61  .50  .39 
 265 SH919A   1536 2005  .61  .67  .75 
 266 SL607B   1540 1970  .73           
 267 SH955A   1550 2005  .60  .65  .76 
 268 SH960B   1553 2005  .65  .74  .70 
 269 SH935B   1554 2005  .85  .81  .75 
 270 SH925B   1559 2005  .65  .62  .51 
 271 SH919B   1566 2005  .61  .58  .67 
 272 SHP551   1580 1970  .70           
 274 ST802A   1600 2003  .64  .62  .71 
 275 SH937a   1600 2005  .54  .65  .72 
 277 ST770B   1604 2003  .76  .76  .62 
 278 SH927a   1613 2005  .67  .78  .74 
 279 ST977A   1625 2003  .63  .57  .56 
 280 ST890A   1630 2003  .67  .51  .60 
 282 SH953B   1639 2005  .51  .52  .57 
 283 SH901B   1643 2005  .37  .30A .49 
 284 SH953A   1643 2005  .55  .65  .72 
 285 ST770A   1645 2003  .68  .71  .64 
 286 SH958c   1650 2005  .74  .60  .67 
 287 SH935a   1654 2005  .79  .78  .68 
 288 SH970B   1663 2005  .41  .41  .43 
 289 ST814B   1665 2003  .62  .57  .69 
 290 SH912B   1679 2005  .63  .73  .58 
 291 SH969a   1684 2005  .72  .65  .66 
 292 ST890B   1684 2003  .54  .41  .59 
 293 SH912A   1694 2005  .47  .54  .50 
 295 SH948a   1710 2005  .57  .57  .33B
 296 SL606A   1710 1970  .72           
 297 SH922o   1719 2005  .59  .54  .55 
 298 Sn973B   1722 2005  .60  .62  .58 
 299 Sn973o   1733 2005  .56  .49  .50 
 300 SH907o   1806 2005  .51  .45  .49 
 301 ST977B   1823 2003  .55  .46  .61 
 302 SH970A   1825 2005  .46  .53  .59 
 303 SH913B   1829 2005  .70  .79  .76 
 304 SH965b   1829 2005  .58  .48  .46 
 305 ST891A   1838 2003  .54  .36  .52 
 306 ST891B   1838 2003  .57  .42  .56 
 307 SL605B   1850 1970  .70           
 309 SH958A   1884 2005  .64  .71  .70 
 310 ST814A   1887 2003  .56  .20B .35B
 311 Sn974b   1928 2005            .33 
 Av segment correlation  .62  .59  .59 

 FLAGGED SEGMENTS: ca667
-----------------------------------------------------------------------------------------------------------------------------------
 Seq Series   Segment    Flag  r dated  Best lag  r at lag   Gain  Note
 --- -------- ---------  ----  -------  --------  --------  -----  -----------------
   2 SL009A   -2575 -2526     A     .323         0
  13 SL009E   -2450 -2401     B     .255         9      .329   .074
  22 ST833A   -2525 -2476     B     .187        -6      .220   .033  weak at every lag
  22 ST833A   -2500 -2451     A     .255         0
  23 SS25B    -2525 -2476     B     .274         2      .276   .002  weak at every lag
  28 SL517A   -2450 -2401     B     .391         4      .398   .007
  42 SL486A   -1775 -1726     B     .343         1      .352   .009
  45 ST834A   -1625 -1576     B     .199         8      .252   .053  weak at every lag
  46 SN151B   -1700 -1651     B     .325       -10      .431   .107
  46 SN151B   -1650 -1601     A     .264         0
  46 SN151B   -1625 -1576     B     .284         2      .365   .081
  53 ST837B   -1475 -1426     B     .332        -7      .406   .074
  53 ST837B   -1250 -1201     B     .435         9      .519   .084
  53 ST837B   -1175 -1126     A     .312         0
  56 SN152X   -1375 -1326     A     .294         0
  57 SL151A   -1300 -1251     A     .322         0
  66 ST836A   -1050 -1001     B     .254        -7      .331   .077
  66 ST836A   -1025 -976     B     .292        -7      .522   .230
  66 ST836A    -25   24     A     .311         0
  77 SL022A   -1200 -1151     A     .317         0
  77 SL022A   -1025 -976     B     .218        -5      .307   .089  weak at every lag
  78 SL022B   -1175 -1126     B     .312         6      .365   .054
  83 SS022A   -1025 -976     A     .288         0
  90 SB005A   -575 -526     A     .291         0
  91 SS282B   -525 -476     B     .358         7      .372   .014
 101 SS355A   -350 -301     B     .251         8      .414   .164
 103 SL492A   -125  -76     A     .321         0
 113 SHP182    425  474     B     .314        -1      .356   .042
 114 ST861A    125  174     B     .270         1      .286   .016  weak at every lag
 120 SL276C    200  249     B     .367         7      .368   .001
 120 SL276C    350  399     A     .312         0
 121 SL476A    450  499     A     .323         0
 121 SL476A    775  824     A     .301         0
 127 SG068A    375  424     B     .324         2      .341   .017
 127 SG068A    400  449     B     .256         2      .302   .046  weak at every lag
 127 SG068A    475  524     B     .314         4      .322   .008  weak at every lag
 145 SHP181    925  974     A     .290         0
 145 SHP181    950  999     A     .327         0
 153 SL441A    650  699     B     .331        -6      .399   .068
 158 SHP151    850  899     A     .303         0
 164 SL610C    900  949     B     .339        -4      .385   .046
 164 SL610C   1025 1074     A     .294         0
 166 SHP341    750  799     B     .228         7      .232   .005  weak at every lag
 185 Sn973a   1000 1049     B     .362         4      .388   .026
 199 SH961a   1125 1174     B     .256         1      .298   .043  weak at every lag
 199 SH961a   1150 1199     B     .261        -7      .344   .084
 203 SH968A   1725 1774     B     .264        -5      .271   .007  weak at every lag
 203 SH968A   1750 1799     B     .132         8      .308   .176  weak at every lag
 215 SL111C   1225 1274     A     .325         0
 224 SH922b   1350 1399     B     .334         3      .395   .061
 234 SHP542   1850 1899     A     .323         0
 236 SH907B   1925 1974     B     .264        -8      .319   .055  weak at every lag
 237 SH945a   1925 1974     B     .148        -3      .316   .168  weak at every lag
 237 SH945a   1950 1999     B     .339        -4      .426   .087
 242 SH918A   1950 1999     A     .279         0
 252 ST768B   1875 1924     A     .320         0
 252 ST768B   1900 1949     B     .286        -8      .353   .067
 257 ST817B   1925 1974     B     .329         4      .339   .010
 261 Sn975B   1650 1699     B     .398        -1      .398   .001
 265 SH919A   1550 1599     B     .142         4      .310   .168  weak at every lag
 276 SH957c   1750 1799     A     .324         0
 276 SH957c   1775 1824     B     .309        10      .326   .018  weak at every lag
 283 SH901B   1925 1974     A     .296         0
 288 SH970B   1875 1924     A     .292         0
 295 SH948a   1775 1824     A     .297         0
 295 SH948a   1875 1924     B     .438        -9      .444   .006
 295 SH948a   1950 1999     B     .333         4      .416   .082
 297 SH922o   1800 1849     B     .303        -6      .313   .010  weak at every lag
 302 SH970A   1875 1924     B     .273         1      .333   .060
 310 ST814A   1925 1974     B     .199         6      .312   .113  weak at every lag
 310 ST814A   1950 1999     B     .347        -8      .406   .059

 DESCRIPTIVE STATISTICS: ca667
-----------------------------------------------------------------------------------------------------------------------------------

                                                Corr   //-------- Unfiltered --------\\  //-- dplR filtered --\\
                           No.    No.    No.    with   Mean   Max     Std   Auto   Mean   Max     Std   Auto  AR
 Seq Series   Interval   Years  Segmt  Flags   Master  msmt   msmt    dev   corr   sens  value    dev   corr  ()
 --- -------- ---------  -----  -----  -----   ------ -----  -----  -----  -----  -----  -----  -----  -----  --
   1 SS004B   -2649 -2454    196      4      0    .564    .86   2.01   .390   .808   .236   1.55   .225  -.006   1
   2 SL009A   -2649 -2334    316      9      1    .495    .32    .87   .141   .827   .217   1.74   .213  -.001   1
   3 ST860B   -2649 -2615     35      0      0    .396    .42    .58   .086   .104   .208   1.34   .179  -.157   0
   4 SS024B   -2649 -2386    264      7      0    .650    .34    .74   .134   .320   .418   1.89   .340   .010   2
   5 SL004B   -2649 -2415    235      6      0    .539    .84   1.73   .264   .600   .221   1.65   .202  -.008   2
   6 SG067A   -2649 -2576     74      0      0    .721    .24    .49   .111   .072   .555   2.18   .450  -.030   0
   7 SN151A   -2649 -2358    292      8      0    .686    .29    .73   .117   .609   .321   1.59   .273   .002   1
   8 SL166B   -2649 -2194    456     15      0    .565    .27    .75   .142   .796   .291   2.02   .276   .002   1
   9 SS004A   -2649 -2412    238      6      0    .504    .80   1.17   .173   .379   .198   1.43   .180   .054   0
  10 SL166C   -2649 -2215    435     14      0    .662    .26    .68   .119   .744   .291   2.07   .269   .000   2
  11 SS024A   -2649 -2213    437     14      0    .596    .45   1.49   .230   .478   .457   2.19   .386  -.003   2
  12 SN157B   -2649 -2551     99      1      0    .614    .42    .77   .166   .593   .298   2.08   .285   .008   2
  13 SL009E   -2649 -2314    336     10      1    .450    .39    .90   .165   .786   .233   1.69   .223   .005   2
  14 ST846A   -2649 -2301    349     11      0    .698    .76   1.82   .344   .710   .272   1.87   .262  -.004   3
  15 SS495A   -2649 -2308    342     10      0    .690    .64   1.84   .292   .664   .314   2.06   .300  -.005   3
  16 SL495B   -2649 -2405    245      6      0    .794    .67   1.33   .213   .428   .277   1.65   .256   .004   3
  17 SL004C   -2649 -2476    174      4      0    .545    .69   1.47   .275   .687   .236   1.69   .245   .005   1
  18 SL005C   -2623 -2250    374     13      0    .597    .23    .53   .082   .518   .307   1.79   .258  -.001   3
  19 SL005A   -2622 -2259    364     12      0    .609    .23    .52   .087   .530   .307   1.89   .265   .021   0
  20 SL017A   -2616 -2178    439     15      0    .660    .46   1.35   .232   .764   .275   1.73   .246  -.007   3
  21 SL017B   -2615 -2175    441     16      0    .664    .48   1.34   .216   .713   .267   1.70   .242  -.006   3
  22 ST833A   -2610 -2280    331     11      2    .570    .25    .55   .093   .583   .303   1.66   .265   .005   1
  23 SS25B    -2585 -2426    160      5      1    .504    .51   3.12   .394   .681   .464   2.65   .445   .025   1
  24 SL018A   -2564 -2339    226      7      0    .633    .80   1.42   .187   .459   .189   1.54   .185   .004   1
  25 SL018B   -2525 -2334    192      5      0    .508    .86   1.56   .207   .567   .175   1.67   .177  -.006   3
  26 SN150A   -2511 -2333    179      5      0    .751    .27    .52   .083   .267   .344   1.86   .288  -.005   2
  27 SS517    -2475 -2251    225      7      0    .519    .64   1.93   .361   .851   .270   1.98   .258   .006   1
  28 SL517A   -2475 -2251    225      7      1    .457    .52   1.61   .299   .853   .298   2.07   .266  -.003   3
  29 SS495C   -2471 -2300    172      5      0    .811    .50    .95   .154   .385   .279   1.73   .262  -.012   3
  30 SL495C   -2466 -2287    180      5      0    .711    .48   1.00   .169   .410   .328   1.84   .283  -.002   3
  31 ST145    -2442 -2139    304     10      0    .582    .58   1.32   .221   .775   .205   1.74   .207  -.005   1
  32 ST847A   -2441 -2328    114      2      0    .655    .45    .63   .088   .601   .141   1.40   .138   .002   1
  33 SL496A   -2425 -2318    108      2      0    .493    .82   1.23   .143   .360   .154   1.36   .149   .031   1
  34 SL496B   -2425 -2317    109      2      0    .560    .82   1.24   .155   .470   .153   1.38   .152   .039   1
  35 SL511A   -2401 -2226    176      6      0    .549    .92   1.86   .291   .818   .170   1.56   .175  -.025   1
  36 SL511D   -2386 -2231    156      4      0    .516    .88   1.61   .294   .850   .174   1.45   .178   .003   1
  37 ST832A   -2376 -2208    169      5      0    .519    .75   1.95   .257   .728   .199   1.74   .208   .033   1
  38 SS025C   -2307 -2035    273      9      0    .720    .58   1.64   .212   .367   .362   1.90   .312  -.003   1
  39 SS025A   -2270 -1597    674     19      0    .663    .38    .96   .165   .719   .301   1.75   .279   .010   1
  40 ST842A   -1950 -1801    150      4      0    .529    .70   1.19   .233   .521   .308   1.70   .279   .005   1
  41 SL127A   -1929 -1564    366     13      0    .594    .68   1.81   .319   .724   .291   1.94   .279  -.008   3
  42 SL486A   -1900 -1648    253      8      1    .511    .75   1.97   .398   .852   .224   1.74   .228   .031   1
  43 SN154B   -1850 -1730    121      2      0    .534    .79   1.36   .217   .731   .161   1.35   .152   .008   1
  44 SS026A   -1840 -1351    490     18      0    .695    .29   1.14   .196   .838   .400   2.09   .338   .011   1
  45 ST834A   -1836 -1203    634     23      1    .485    .52   2.09   .228   .743   .248   1.85   .237  -.003   3
  46 SN151B   -1830 -1401    430     16      3    .429    .45   1.42   .229   .712   .288   1.83   .261  -.003   3
  47 ST851A   -1825 -1640    186      5      0    .606    .74   1.16   .203   .709   .176   1.71   .176   .030   1
  48 SS030A   -1791 -1476    316     11      0    .682    .54   3.02   .401   .778   .420   2.10   .344   .053   0
  49 SL166A   -1746 -1531    216      6      0    .539    .86   1.97   .373   .800   .243   1.44   .221  -.018   3
  50 SG063A   -1689 -1309    381     13      0    .671    .37   1.03   .205   .870   .240   1.73   .229  -.015   3
  51 SS33X    -1680 -1160    521     19      0    .718    .40   1.53   .274   .855   .370   1.81   .313   .001   3
  52 SN154A   -1668 -1521    148      4      0    .590    .80   1.61   .296   .689   .223   1.72   .217  -.014   1
  53 ST837B   -1625 -951    675     26      3    .545    .39   1.30   .166   .579   .352   1.81   .294   .044   0
  54 ST849B   -1616 -1480    137      3      0    .481   1.83   3.83   .458   .521   .192   1.41   .179  -.016   1
  55 ST849A   -1593 -1415    179      5      0    .618   1.14   2.05   .336   .666   .196   1.47   .188   .053   1
  56 SN152X   -1549 -1207    343     11      1    .557    .55    .94   .155   .675   .173   1.45   .163  -.006   3
  57 SL151A   -1492 -1245    248      8      1    .565    .64   1.09   .156   .620   .166   1.63   .170   .012   2
  58 SS151A   -1491 -1008    484     17      0    .659    .62   1.19   .171   .590   .208   1.52   .182   .000   3
  59 SG064A   -1473 -581    893     33      0    .725    .50   1.01   .164   .616   .242   1.63   .220  -.001   2
  60 SN150B   -1437 -1250    188      6      0    .553    .65   1.48   .283   .778   .231   1.54   .229  -.016   3
  61 SS027A   -1426 -771    656     24      0    .666    .38   1.24   .203   .643   .359   2.31   .308  -.007   2
  62 SN155X   -1414 -1300    115      3      0    .524   1.13   1.85   .393   .745   .219   1.36   .198  -.026   3
  63 ST836C   -1389 -972    418     15      0    .602    .26    .62   .092   .611   .261   1.87   .231  -.007   2
  64 SL271B   -1350 -1151    200      7      0    .540    .43    .69   .123   .368   .266   1.73   .233  -.090   0
  65 SS029A   -1349 -692    658     24      0    .696    .28    .88   .137   .511   .416   2.11   .347  -.013   3
  66 ST836A   -1342   49   1392     54      3    .543    .44   1.33   .205   .831   .222   2.09   .217   .001   2
  67 SS144A   -1327 -617    711     27      0    .559    .46   1.07   .174   .635   .274   1.73   .245   .000   1
  68 SB030A   -1300 -1150    151      4      0    .761    .36    .78   .140   .454   .344   1.58   .307   .007   1
  69 SL151B   -1293 -1067    227      7      0    .616    .53    .94   .172   .673   .241   1.46   .198   .019   3
  70 SL271C   -1285 -1151    135      4      0    .674    .37    .69   .107   .329   .270   1.53   .214  -.004   3
  71 SS022X   -1282 -1084    199      6      0    .513    .80   1.52   .284   .866   .148   1.45   .139  -.001   2
  72 SG066B   -1270 -374    897     34      0    .720    .32    .80   .134   .504   .383   2.49   .324  -.014   3
  73 SG066A   -1260 -850    411     15      0    .754    .59   1.62   .282   .655   .337   1.83   .301  -.024   3
  74 SG063D   -1253  -26   1228     48      0    .601    .32    .96   .165   .809   .283   1.74   .251   .002   2
  75 SL494A   -1233 -811    423     15      0    .585    .54   1.85   .291   .912   .185   1.70   .188  -.010   1
  76 SS32X    -1223 -547    677     25      0    .694    .46   1.44   .199   .660   .308   1.80   .277  -.003   2
  77 SL022A   -1216 -601    616     23      2    .568    .69   1.47   .246   .772   .202   1.66   .191   .001   2
  78 SL022B   -1209 -1002    208      6      1    .530    .53    .90   .115   .555   .162   1.45   .144   .019   0
  79 SS160A   -1157 -918    240      8      0    .519    .61   1.25   .172   .718   .165   1.54   .168  -.022   1
  80 SG063B   -1150 -701    450     17      0    .691    .23    .57   .088   .621   .299   1.78   .258   .007   0
  81 ST840A   -1148 -951    198      6      0    .665    .46    .81   .127   .648   .202   1.71   .198   .011   1
  82 SS282A   -1141 -971    171      5      0    .586    .53   1.00   .161   .492   .254   1.70   .229  -.010   0
  83 SS022A   -1126 -600    527     19      1    .594    .82   2.06   .275   .732   .210   1.70   .193  -.006   3
  84 ST835A   -1118 -897    222      7      0    .443   1.34   2.44   .328   .453   .197   1.68   .185   .003   1
  85 SG066D   -1058 -431    628     23      0    .703    .41   1.34   .180   .523   .390   2.00   .327  -.001   2
  86 SS292A   -1000 -437    564     20      0    .538    .47   1.19   .225   .887   .188   1.53   .175  -.000   2
  87 SG069A   -923 -651    273      9      0    .661    .29    .86   .141   .698   .331   1.99   .283   .004   2
  88 SS324    -884 -201    684     26      0    .611    .49   1.26   .177   .604   .265   1.96   .255   .003   1
  89 SG097B   -837 -490    348     12      0    .582    .35   1.41   .235   .821   .399   2.14   .333   .027   0
  90 SB005A   -766 -436    331     11      1    .524   1.05   1.82   .218   .444   .177   1.54   .169  -.006   1
  91 SS282B   -664 -331    334     11      1    .549    .54   1.05   .195   .483   .314   1.72   .269   .009   3
  92 ST850A   -662 -389    274      9      0    .691    .44    .97   .179   .766   .224   1.75   .219  -.021   1
  93 SN156A   -482 -118    365     13      0    .667    .69   1.34   .244   .642   .249   1.55   .231  -.010   1
  94 SG072A   -479 -276    204      7      0    .509    .41   1.00   .183   .607   .366   1.75   .309   .002   2
  95 SL241A   -444 -235    210      6      0    .578   1.16   2.19   .340   .495   .241   1.68   .217   .088   0
  96 ST838A   -400  179    580     21      0    .606    .23    .61   .103   .772   .258   1.69   .239   .008   1
  97 SS35X    -396 -249    148      4      0    .687    .46    .99   .207   .579   .359   1.90   .315   .038   1
  98 SG063C   -380  -23    358     13      0    .717    .45    .87   .146   .711   .206   1.51   .194  -.002   2
  99 SL241C   -374 -101    274      9      0    .612    .53   1.08   .182   .479   .282   1.71   .231   .009   3
 100 SL241B   -371 -101    271      9      0    .562    .78   1.69   .237   .537   .245   1.59   .224  -.013   3
 101 SS355A   -365  150    516     19      1    .537    .30   1.05   .168   .795   .286   1.65   .258   .009   2
 102 SG063E   -350 -164    187      6      0    .656    .23    .46   .072   .439   .289   1.61   .248   .027   0
 103 SL492A   -339  -73    267      9      1    .566   1.14   2.11   .286   .615   .174   1.48   .168   .007   2
 104 SHP172   -338  755   1094     42      0    .644    .25    .53   .080   .572   .249   1.73   .229   .001   1
 105 SS140A   -321  521    843     31      0    .715    .32    .66   .109   .723   .215   1.70   .206  -.002   1
 106 ST839    -275  601    877     33      0    .600    .40   1.33   .231   .828   .320   1.90   .286  -.009   3
 107 SS132A   -268  627    896     34      0    .678    .27    .50   .077   .493   .245   1.68   .222  -.011   3
 108 SG070C   -225  150    376     13      0    .595    .27    .77   .135   .594   .407   2.18   .366  -.007   3
 109 SG064C   -192  439    632     23      0    .651    .32    .58   .099   .591   .238   1.75   .224  -.003   3
 110 ST850AX  -390  453    593                          .36    .73   .122   .725   .216                         
 111 SS148B   -100  126    227      7      0    .572    .49   1.08   .163   .710   .199   1.62   .195  -.020   3
 112 ST862A    -87 1327   1415     55      0    .638    .47   1.22   .239   .832   .243   1.97   .227  -.000   2
 113 SHP182    -65 1149   1215     47      1    .606    .22    .81   .097   .698   .299   2.09   .280  -.002   2
 114 ST861A    -38  562    601     22      1    .688    .30    .84   .128   .793   .219   1.64   .203  -.001   2
 115 SHP243     22 1177   1156     45      0    .692    .36   1.25   .198   .661   .420   2.31   .369   .002   1
 116 ST856A     75  400    326     11      0    .552    .59   1.03   .149   .567   .195   1.51   .185  -.004   1
 117 SB004A    100  497    398     13      0    .694    .52   1.07   .167   .629   .229   1.62   .225  -.017   3
 118 SHP193    150  622    473     16      0    .555    .41    .97   .168   .464   .381   2.07   .335  -.001   1
 119 SHP222    150  350    201      6      0    .642    .49   1.14   .162   .653   .222   1.55   .214   .010   1
 120 SL276C    180  537    358     12      2    .496    .72   1.51   .216   .758   .161   1.48   .167  -.021   1
 121 SL476A    200 1017    818     30      2    .508    .64   1.36   .214   .741   .202   1.86   .196   .000   2
 122 SHP213    200  640    441     15      0    .642    .52   1.03   .196   .757   .239   1.74   .217  -.009   2
 123 SHP234    225  760    536     19      0    .622    .37   1.25   .166   .694   .297   1.82   .270   .001   2
 124 SHP242    228  524    297     10      0    .737    .37    .80   .164   .655   .315   2.10   .292   .060   0
 125 SHP251    246  815    570     21      0    .689    .80   2.48   .398   .816   .285   1.77   .261  -.007   3
 126 SL270A    253  690    438     15      0    .541    .45   1.00   .169   .731   .231   1.73   .222  -.006   1
 127 SG068A    255  874    620     23      3    .536    .51   1.26   .244   .844   .245   1.96   .223   .004   1
 128 SHP244    260 1113    854     32      0    .740    .33   1.23   .161   .679   .355   1.87   .302  -.001   2
 129 SS148A    275  650    376     13      0    .664    .36    .71   .122   .539   .262   1.71   .247   .004   2
 130 SHP231    315 1200    886     34      0    .711    .26    .65   .109   .641   .318   2.03   .286   .005   1
 131 SHP273    342 1304    963     37      0    .673    .44   1.23   .204   .732   .313   2.23   .280   .001   1
 132 SL276A    399  674    276     10      0    .569    .57    .99   .172   .722   .177   1.49   .166   .039   0
 133 SHP261    399  794    396     14      0    .541    .62   2.20   .365   .810   .308   2.21   .300   .007   1
 134 SHP272    400 1000    601     22      0    .687    .30    .98   .213   .870   .326   1.85   .280  -.013   3
 135 SHP235    400  601    202      6      0    .625    .54   1.32   .233   .590   .330   1.92   .317   .005   2
 136 ST850B    400 1024    625     23      0    .618    .49   1.06   .210   .859   .185   1.61   .175   .001   3
 137 ST855B    400 1173    774     28      0    .648    .32    .98   .121   .664   .255   2.15   .241   .006   3
 138 ST850C    403  802    400     14      0    .555    .93   2.11   .311   .672   .230   1.71   .217  -.002   1
 139 SL490A    414  626    213      7      0    .613    .40    .84   .124   .547   .232   1.55   .191  -.006   1
 140 SL282A    425  874    450     16      0    .677    .65   1.88   .362   .864   .229   1.62   .208   .004   1
 141 SL276B    429  582    154      4      0    .588    .55   1.00   .195   .770   .203   1.49   .192   .004   2
 142 SL252B    445 1349    905     35      0    .579    .54   2.03   .248   .823   .238   3.01   .234  -.001   2
 143 SHP321    463  769    307     10      0    .657    .37   1.14   .183   .626   .401   1.91   .336  -.001   2
 144 SL489A    475  966    492     17      0    .563    .39   1.16   .164   .823   .192   1.50   .186  -.002   1
 145 SHP181    478 1149    672     25      2    .548    .21    .49   .080   .579   .308   1.88   .284  -.000   2
 146 SHP275    480  690    211      6      0    .742    .51    .99   .213   .730   .257   1.68   .225   .044   0
 147 SL468C    493  763    271      9      0    .709    .30    .76   .148   .806   .247   1.58   .223  -.006   1
 148 SL468D    493  625    133      4      0    .676    .39    .70   .098   .456   .219   1.57   .181  -.065   0
 149 SS46A     500  762    263      8      0    .762    .75   1.80   .298   .644   .278   1.71   .257   .005   2
 150 SL259D    500 1199    700     27      0    .586    .40   1.06   .135   .724   .205   1.68   .181   .011   0
 151 ST844A    542  767    226      7      0    .691    .58   1.34   .214   .599   .273   1.77   .251   .010   1
 152 SHP274    550  767    218      6      0    .746    .35    .76   .120   .512   .287   1.68   .245  -.016   2
 153 SL441A    567  959    393     14      1    .451    .65   2.95   .261   .747   .202   2.12   .212   .009   1
 154 SL444A    575  699    125      3      0    .577    .69   1.48   .250   .783   .202   1.49   .193   .045   1
 155 SHP271    579 1983   1405     54      0    .694    .25    .87   .111   .667   .326   1.78   .272  -.004   3
 156 SS46B     583 1120    538     19      0    .694    .61   1.57   .232   .589   .290   1.87   .256   .006   2
 157 SL281A    593  724    132      4      0    .699    .66   1.27   .192   .560   .217   1.52   .198  -.002   3
 158 SHP151    624 1047    424     15      1    .647    .29    .78   .150   .631   .438   2.33   .360   .010   0
 159 SHP281    628 1013    386     13      0    .711    .55   1.07   .162   .546   .236   1.86   .216   .008   1
 160 SL490B    628  911    284      9      0    .628    .24    .42   .068   .603   .214   1.57   .193   .000   2
 161 ST855A    628 1124    497     18      0    .602    .37    .88   .130   .676   .234   2.22   .231   .015   3
 162 SHP291    629 1253    625     23      0    .647    .46   1.28   .228   .806   .289   1.71   .251  -.004   3
 163 SS137A    631 1113    483     17      0    .646    .39    .86   .122   .466   .277   1.74   .245   .001   2
 164 SL610C    650 1970   1321     50      2    .637    .44   1.44   .221   .863   .226   1.86   .208   .001   2
 165 SHP254    660  874    215      7      0    .666    .40    .83   .151   .501   .331   1.78   .299  -.002   1
 166 SHP341    671 1470    800     30      1    .603    .29    .86   .121   .682   .290   1.77   .268  -.003   2
 167 SHP262    693 1246    554     20      0    .692    .43   1.19   .230   .820   .309   2.00   .269   .044   0
 168 SL259E    702 1299    598     22      0    .571    .38    .70   .093   .405   .211   1.59   .184  -.039   0
 169 SL259B    717 1282    566     21      0    .689    .61   1.01   .131   .465   .177   1.58   .156  -.007   0
 170 SL285B    725  976    252      8      0    .666    .41    .90   .119   .556   .213   1.52   .202  -.007   1
 171 ST853A    790 1299    510     19      0    .677    .67   1.55   .257   .486   .324   1.93   .292   .002   3
 172 SHP361    800 1990   1191     45      0    .627    .33   1.37   .226   .897   .263   1.84   .244  -.001   3
 173 ST854A    804 1313    510     18      0    .572    .56   1.16   .194   .494   .272   1.83   .250   .004   2
 174 SHP022    807 1983   1177     45      0    .750    .35   1.02   .136   .637   .274   1.92   .243   .001   1
 175 SL605A    816 1375    560     21      0    .584    .49    .98   .162   .652   .222   1.62   .201   .012   1
 176 SL247A    821 1031    211      7      0    .477    .45   1.02   .208   .771   .234   2.42   .248  -.001   1
 177 SHP343    824 1327    504     18      0    .613    .39    .79   .133   .620   .265   1.64   .240  -.002   3
 178 ST861B    825 1212    388     13      0    .681    .22    .48   .075   .661   .223   1.63   .186   .005   2
 179 SHP021    830 1983   1154     44      0    .740    .28    .97   .132   .708   .323   1.90   .278   .004   2
 180 SHP142    849 1983   1135     43      0    .718    .35    .86   .158   .741   .289   1.94   .258   .002   2
 181 SL485A    854 1100    247      8      0    .647    .23    .45   .069   .566   .217   1.55   .213   .000   1
 182 SL288A    857 1175    319     11      0    .664    .47   1.02   .179   .797   .202   1.49   .184   .003   3
 183 SHP351    860 1990   1131     43      0    .730    .46   1.34   .188   .656   .300   1.87   .266  -.002   1
 184 SHP255    876 1076    201      6      0    .735    .50   1.01   .165   .425   .295   1.76   .270   .074   0
 185 Sn973a    900 1656    757     28      1    .606    .30    .94   .143   .738   .297   1.76   .272   .003   1
 186 SHP301    918 1439    522     19      0    .636    .22    .60   .087   .619   .303   1.82   .266   .000   1
 187 SHP263    973 1549    577     22      0    .760    .58   1.61   .265   .782   .253   1.76   .246   .004   2
 188 SH959a    992 2005   1014     39      0    .744    .29    .59   .106   .468   .340   1.82   .290   .044   0
 189 SHP131   1001 1983    983     37      0    .737    .39    .96   .148   .635   .292   1.71   .252   .043   0
 190 SHP322   1007 1608    602     22      0    .709    .36    .92   .156   .547   .346   2.02   .306  -.003   2
 191 SL464A   1038 1209    172      5      0    .648    .24    .40   .068   .460   .243   1.46   .205  -.030   0
 192 SL288B   1041 1295    255      8      0    .698    .72   1.62   .274   .754   .217   1.70   .209   .004   1
 193 SB004C   1042 1632    591     22      0    .672    .54   1.21   .183   .696   .215   1.65   .216   .000   1
 194 SL446B   1057 1393    337     11      0    .661    .31    .75   .117   .755   .225   1.91   .224   .005   2
 195 SL261A   1075 1268    194      5      0    .512    .33    .96   .164   .798   .248   1.65   .246   .000   1
 196 SL269B   1075 1581    507     18      0    .613    .73   2.62   .471   .929   .183   1.58   .176   .002   3
 197 SHP256   1079 1329    251      8      0    .702    .92   1.75   .314   .600   .255   1.84   .235  -.002   1
 198 SHP512   1099 1970    872     33      0    .746    .40   1.47   .252   .910   .241   1.89   .219  -.000   1
 199 SH961a   1100 2005    906     34      2    .637    .34   1.14   .132   .694   .246   1.76   .225   .000   1
 200 SHP141   1108 1983    876     33      0    .665    .42   1.25   .206   .819   .244   1.95   .228  -.002   2
 201 SHP423   1113 1970    858     32      0    .702    .76   2.00   .282   .701   .220   1.72   .211  -.007   1
 202 SHP433   1124 1318    195      6      0    .746    .98   2.16   .343   .727   .216   1.58   .206  -.018   1
 203 SH968A   1130 2005    876     33      2    .562    .32    .73   .124   .747   .219   1.78   .208   .002   3
 204 SL111D   1147 1436    290     10      0    .516    .47    .96   .154   .703   .196   1.55   .186  -.009   1
 205 SH966A   1147 2005    859     33      0    .690    .30    .67   .128   .652   .328   1.83   .288   .003   2
 206 SHP031   1150 1983    834     31      0    .755    .26    .97   .112   .576   .333   1.82   .299   .005   1
 207 SHP051   1150 1849    700     26      0    .751    .27   1.67   .156   .770   .331   1.83   .300   .003   1
 208 SHP511   1150 1970    821     30      0    .696    .25    .66   .104   .745   .255   1.72   .223   .008   3
 209 SH960A   1150 2005    856     32      0    .620    .31    .91   .169   .858   .294   1.82   .271  -.005   1
 210 SHP032   1152 1983    832     31      0    .715    .28   1.09   .124   .603   .330   1.93   .300   .004   1
 211 SL260B   1154 1324    171      5      0    .619    .47    .80   .118   .493   .209   1.68   .190   .094   0
 212 SHP253   1161 1449    289     10      0    .681    .55   1.15   .210   .624   .289   1.75   .254   .032   0
 213 SH922A   1162 1600    439     16      0    .617    .27    .51   .083   .591   .236   1.68   .207  -.010   3
 214 SHO042   1163 1983    821     31      0    .721    .54   1.55   .221   .769   .224   1.89   .221  -.002   3
 215 SL111C   1175 1349    175      5      1    .504    .50   1.06   .170   .725   .219   1.55   .203   .011   2
 216 SHP071   1180 1983    804     30      0    .808    .56   1.35   .184   .662   .220   1.54   .205  -.003   1
 217 SH929a   1186 2005    820     31      0    .644    .44   1.16   .260   .854   .296   2.04   .270  -.012   1
 218 SHP111   1191 1983    793     30      0    .765    .55   1.42   .236   .674   .300   1.86   .275   .002   1
 219 SHP431   1191 1963    773     29      0    .724    .59   1.53   .244   .741   .255   1.93   .238   .007   1
 220 SHP523   1210 1970    761     28      0    .761    .28    .75   .138   .790   .302   2.06   .267  -.003   3
 221 SHP041   1231 1983    753     28      0    .707    .48    .96   .143   .657   .199   1.59   .194  -.001   3
 222 SHP421   1240 1963    724     27      0    .674    .71   1.86   .278   .734   .215   2.46   .213  -.006   1
 223 SH952a   1252 2005    754     28      0    .640    .39    .90   .164   .674   .302   2.26   .266   .008   3
 224 SH922b   1255 2005    751     28      1    .590    .33   1.09   .136   .710   .259   1.88   .228  -.018   0
 225 SH910B   1272 2005    734     28      0    .671    .44    .83   .162   .781   .210   1.56   .193  -.004   1
 226 SHP352   1275 1990    716     26      0    .676    .39   1.02   .179   .702   .330   2.10   .288   .002   1
 227 SH963A   1281 2005    725     27      0    .589    .41   1.06   .180   .701   .301   1.64   .249   .022   0
 228 SHP002   1312 1983    672     25      0    .660    .46   1.23   .211   .802   .219   1.76   .217  -.000   2
 229 SHP331   1322 1984    663     25      0    .568    .32   1.24   .197   .793   .357   2.12   .316   .001   1
 230 SH964b   1356 2005    650     24      0    .647    .45   1.31   .201   .772   .241   1.74   .223   .002   2
 231 SHP332   1368 1775    408     15      0    .648    .57   2.04   .481   .938   .341   2.12   .314   .004   1
 232 SHP083   1371 1780    410     15      0    .730    .51   1.21   .214   .879   .170   1.52   .161   .000   1
 233 SH954A   1371 2005    635     24      0    .670    .42    .95   .146   .826   .173   1.51   .166   .005   2
 234 SHP542   1374 1970    597     21      1    .656    .53   1.35   .240   .820   .232   1.88   .214  -.002   2
 235 ST776B   1377 2003    627     23      0    .657    .54   1.88   .273   .900   .179   1.45   .175   .003   2
 236 SH907B   1378 2005    628     23      1    .555    .53   1.38   .240   .744   .306   1.94   .268   .003   3
 237 SH945a   1393 2005    613     23      2    .561    .47   1.29   .273   .878   .259   1.85   .246  -.002   3
 238 SL446A   1400 1969    570     20      0    .590    .35    .81   .146   .719   .264   1.84   .256  -.012   1
 239 SHP121   1400 1983    584     21      0    .714    .40   1.43   .216   .839   .252   1.76   .229   .004   1
 240 SH933a   1406 2005    600     22      0    .718    .33    .69   .113   .635   .255   2.10   .237  -.005   3
 241 ST817A   1407 2003    597     22      0    .721    .61   1.96   .298   .814   .241   1.68   .217   .004   2
 242 SH918A   1407 2005    599     22      1    .657    .41   1.17   .169   .709   .254   1.97   .240   .002   1
 243 SH964a   1417 2005    589     22      0    .570    .38    .91   .161   .641   .299   1.98   .268   .000   2
 244 SHP081   1418 1775    358     13      0    .659    .75   2.11   .292   .749   .216   1.67   .213  -.014   3
 245 SL610A   1420 1970    551     20      0    .784    .54   1.08   .182   .663   .244   1.52   .208  -.002   2
 246 SHP561   1430 1970    541     19      0    .758    .37   1.25   .168   .761   .273   1.76   .242   .003   1
 247 SHP001   1432 1983    552     20      0    .601    .32    .88   .119   .782   .200   1.69   .200   .007   1
 248 SHP101   1437 1983    547     20      0    .662    .37   1.67   .277   .888   .313   1.94   .280  -.002   3
 249 SH943A   1440 2005    566     21      0    .596    .58   1.41   .191   .755   .184   1.58   .172  -.001   1
 250 ST776A   1440 2003    564     21      0    .700    .55   1.18   .204   .782   .201   1.45   .183  -.002   2
 251 SH950b   1444 2005    562     21      0    .708    .62   1.71   .245   .822   .187   1.54   .175   .002   2
 252 ST768B   1450 2003    554     20      2    .647    .41   1.00   .131   .677   .214   1.62   .191  -.002   1
 253 SHP062   1456 1983    528     19      0    .682    .34    .98   .184   .863   .241   1.57   .208  -.000   3
 254 SH910A   1458 2005    548     20      0    .710    .55   1.45   .262   .848   .228   1.81   .214   .005   1
 255 SHP091   1470 1983    514     19      0    .703    .33    .98   .165   .754   .348   1.96   .287  -.022   0
 256 SL283A   1477 1761    285      9      0    .649   1.24   2.70   .450   .740   .225   1.61   .206  -.011   3
 257 ST817B   1483 2003    521     19      1    .630    .33    .90   .155   .767   .285   2.09   .270  -.001   2
 258 SL283B   1485 1754    270      9      0    .651    .81   2.02   .305   .784   .206   1.77   .192  -.009   2
 259 SH926A   1487 2005    519     19      0    .665    .52   1.15   .185   .688   .229   1.60   .212  -.003   2
 260 ST768A   1489 2003    515     19      0    .709    .44    .98   .144   .770   .187   1.56   .181  -.010   1
 261 Sn975B   1495 2005    511     19      1    .595    .56   1.59   .271   .754   .304   1.69   .262   .019   0
 262 SH926B   1504 2005    502     18      0    .617    .55   1.66   .282   .868   .237   1.67   .215   .006   1
 263 SHP092   1526 1983    458     16      0    .729    .35    .91   .179   .841   .263   1.59   .242   .006   1
 264 SH950a   1529 2005    477     17      0    .613    .61   1.93   .230   .759   .213   1.53   .189  -.004   1
 265 SH919A   1536 2005    470     17      1    .585    .55   1.18   .189   .683   .218   1.60   .210  -.013   1
 266 SL607B   1540 1970    431     15      0    .694    .90   1.87   .271   .703   .191   1.56   .186  -.012   1
 267 SH955A   1550 2005    456     16      0    .672    .71   2.36   .283   .793   .211   1.89   .212  -.003   3
 268 SH960B   1553 2005    453     16      0    .719    .30    .64   .105   .679   .247   1.52   .234  -.002   3
 269 SH935B   1554 2005    452     16      0    .717    .54   1.76   .303   .862   .250   1.68   .230  -.005   1
 270 SH925B   1559 2005    447     16      0    .677    .76   1.55   .275   .709   .231   1.65   .225  -.003   2
 271 SH919B   1566 2005    440     16      0    .647    .50   1.23   .228   .853   .189   1.54   .186   .003   1
 272 SHP551   1580 1970    391     13      0    .731    .48   1.05   .161   .646   .241   1.69   .223  -.005   1
 273 SL108C   1585 1713    129      3      0    .744    .46   1.46   .189   .779   .208   1.71   .206  -.004   2
 274 ST802A   1600 2003    404     14      0    .607    .56   1.04   .135   .710   .152   1.37   .138  -.009   2
 275 SH937a   1600 2005    406     14      0    .652    .42   1.17   .228   .859   .239   1.67   .228  -.006   1
 276 SH957c   1604 1937    334     11      2    .513    .65   1.85   .325   .866   .220   1.71   .218  -.018   1
 277 ST770B   1604 2003    400     14      0    .679    .33    .74   .097   .478   .242   1.55   .217  -.002   1
 278 SH927a   1613 2005    393     14      0    .744    .68   1.59   .322   .804   .272   1.75   .253  -.019   1
 279 ST977A   1625 2003    379     13      0    .634    .71   1.80   .316   .854   .187   1.46   .182  -.015   1
 280 ST890A   1630 2003    374     13      0    .765    .60   1.46   .243   .761   .243   1.53   .228  -.002   3
 281 SH907A   1637 1787    151      4      0    .537    .61   1.24   .270   .853   .215   1.60   .213  -.021   2
 282 SH953B   1639 2005    367     13      0    .625    .48   1.12   .183   .742   .227   1.68   .213  -.003   2
 283 SH901B   1643 2005    363     13      1    .532    .80   1.86   .305   .633   .272   1.68   .235  -.002   1
 284 SH953A   1643 2005    363     13      0    .700    .93   1.89   .259   .585   .204   1.55   .184   .006   1
 285 ST770A   1645 2003    359     13      0    .684    .48    .83   .136   .568   .218   1.54   .194  -.002   2
 286 SH958c   1650 2005    356     12      0    .613    .71   1.31   .214   .708   .194   1.53   .171   .014   2
 287 SH935a   1654 2005    352     12      0    .760    .68   1.48   .270   .817   .202   1.52   .190  -.002   1
 288 SH970B   1663 2005    343     12      1    .581    .67   1.52   .223   .750   .189   1.47   .193   .002   3
 289 ST814B   1665 2003    339     12      0    .568    .35    .80   .125   .717   .220   1.66   .210   .005   1
 290 SH912B   1679 2005    327     11      0    .621    .92   1.95   .225   .472   .201   1.76   .199   .014   1
 291 SH969a   1684 2005    322     11      0    .606    .65   1.79   .291   .847   .183   1.48   .176  -.010   3
 292 ST890B   1684 2003    320     11      0    .600    .47   1.31   .215   .840   .205   1.66   .209  -.013   1
 293 SH912A   1694 2005    312     11      0    .544    .53   1.23   .193   .747   .190   1.50   .193   .009   1
 294 SH913A   1704 1795     92      1      0    .570    .67   1.26   .233   .186   .364   1.62   .270  -.017   1
 295 SH948a   1710 2005    296     10      3    .524   1.03   2.45   .347   .633   .225   1.68   .210   .001   1
 296 SL606A   1710 1970    261      8      0    .690    .82   2.33   .368   .846   .207   1.56   .190   .004   2
 297 SH922o   1719 2005    287     10      1    .518    .30    .70   .144   .851   .272   1.66   .236  -.020   3
 298 Sn973B   1722 2005    284     10      0    .621    .34    .60   .091   .426   .236   1.60   .214  -.001   1
 299 Sn973o   1733 2005    273      9      0    .514    .23    .49   .103   .797   .246   1.54   .211  -.002   2
 300 SH907o   1806 2005    200      6      0    .551    .85   1.89   .286   .767   .191   1.48   .181   .003   1
 301 ST977B   1823 2003    181      5      0    .585    .61   1.02   .197   .731   .205   1.38   .193  -.017   3
 302 SH970A   1825 2005    181      5      1    .473   1.01   2.12   .297   .762   .160   1.58   .162   .020   1
 303 SH913B   1829 2005    177      5      0    .674    .78   1.19   .168   .389   .200   1.46   .175   .017   3
 304 SH965b   1829 2005    177      5      0    .573    .48   1.00   .186   .361   .395   1.68   .324  -.008   3
 305 ST891A   1838 2003    166      5      0    .501    .56    .99   .149   .686   .175   1.46   .163  -.006   1
 306 ST891B   1838 2003    166      5      0    .551    .58   1.08   .160   .678   .176   1.50   .161   .049   0
 307 SL605B   1850 1970    121      2      0    .693    .74   1.18   .170   .281   .220   1.38   .176   .001   1
 308 SH965a   1883 1930     48      0      0    .588    .40    .63   .130   .163   .397   1.69   .311  -.077   0
 309 SH958A   1884 2005    122      3      0    .676    .57    .91   .127   .378   .212   1.40   .173   .011   2
 310 ST814A   1887 2003    117      3      2    .422    .64    .95   .113   .429   .155   1.42   .150  -.006   1
 311 Sn974b   1928 2005     78      1      0    .433   1.34   2.16   .361   .478   .209   1.45   .187   .003   0
 --- -------- ---------  -----  -----  -----   ------ -----  -----  -----  -----  -----  -----  -----  -----  --
 Total or mean:         142509   5035     71    .644    .47   3.83   .191   .701   .263   3.01   .239   .001

 DATA CHECKS (rwl.check): ca667
-----------------------------------------------------------------------------------------------------------------------------------
 rwl.check: data_files/treering/measurements/northamerica/usa/ca667.rwl
 311 series, 142509 measurements, -2649-2005, 0.002 mm precision
 0 error(s), 3 warning(s), 99 note(s)
 -------------
 WARNING
   RWL_DUPLICATE_LINE (1)
     28 line(s) are exact copies of a line earlier in the file and were removed:
   ST850A  -400   110   190   270   210   310   350   340   480   240   290
   ST850A  -410   230   450   220   280   410   160   240   280   360   330
   ST850A  -420   200   200   190   190   160   150   190   300   360   340
   ST850A  -430   370   260   370   350   310   280   210   210   290   220
   ST850A  -440   270   390   440   420   430   480   540   330   520   480
   ST850A  -450   290   430   250   410   440   320   400   460   480   300
   ST850A  -460   410   480   290   340   360   170   190   320   470   390
   ST850A  -470   180   200   230   310   320   340   300   360   430   360
   ST850A  -480   280   270   270   230   230   160   210   190   170   130
   ST850A  -490   260   290   280   240   160   260   270   330   250   230
   ... and 18 other line(s).
   RWL_ID_RENAMED (1)
     ST850AX: the file calls this series ST850A; the reader renamed it to ST850AX because of overlapping years. The id on this object is not the id in the file
   RWL_INTERNAL_NA (1)
     ST850AX: no measurement for -388--138, inside the measured span of the series. The file records nothing for those years, which is not a fault, but detrend(), chron(), strip.rwl(), rwi.stats() and sss() fail on interior gaps and this series cannot be crossdated. Use fill.internal.NA() to close them deliberately
 99 note(s) not shown; see rwl.check() or the 'check' element of this report.

 NOTES
-----------------------------------------------------------------------------------------------------------------------------------
 Report generated using dplR 1.8.1 (R 4.5.2) on 2026-10-01 16:58 PDT.
 Measurement file ca667.rwl, MD5 2a22cec498d742b26f7de0eb975032ff.
 Filtering: each series divided by a 32-year smoothing spline (caps()), then prewhitened with
   an AR model (order by AIC, at most 3).
 Master: biweight robust mean of the other series (leave-one-out).
 Correlation: Pearson, one-tailed, pcrit = 0.01; critical r = 0.3281 for 50-year segments.
 Segments: 50 years, lagged 25, first segment floored to 100. Lags searched: +/- 10 years.
 A segment is tested only where the series and the master cover all of it, at the dated
   position and at every lag. COFECHA also tests partial segments at the ends of a series, so
   series here may show fewer segments, and no flags can be raised at the ends of the record.
 Lags follow COFECHA: negative means rings are probably missing from the series, positive means
   false rings. A missing ring carries its lag into every segment before it, so look where the
   lag changes along a series. A B flag is a hypothesis to check on the wood; the gain says how
   seriously to take it.
 A B flag marked "weak at every lag" correlates under the critical value even at its best lag:
   the segment is weak wherever it is placed, and the shift is not evidence of a dating error.
   Treat it as a low correlation, like an A.
 Averages in the summary and the totals are weighted by the number of years in each series, as
   COFECHA's are.
 Unfiltered block and mean sensitivity: the measurements as read, and sens1().
 dplR filtered block: the series that was correlated, after filtering. COFECHA's filtered
   series is defined differently, so these three columns are not COFECHA's numbers.
 AR: order of the AR model used to prewhiten.
 Left out of the crossdating: series ST850AX has internal NA values, and the 'nyrs' spline
   needs an unbroken series. Fill them with fill.internal.NA(), remove the series, or use 'n'
   instead of 'nyrs'
