
 COFECHA-style crossdating report: ca726
 Report generated using dplR 1.8.1 (R 4.5.2) on 2026-10-01 16:56 PDT
 Built with dplR's xdate.report(), not COFECHA; see the notes at the end.


      Measurement file name  : ca726.rwl
      MD5 of measurement file: 208b4ece7ace89d214c1d31b92996925
      Date checked           : 01OCT26
      Beginning year         : -1372
      Ending year            : 2012
      Principal investigators: Touchan, R.; Hughes, M.K.; Meko, D.M.; Brown, P.M.; Woodhouse, C.A.; Baisan, C.H.
      Site name              : Sierra Giant Sequoia
      Species information    : SEGI Sequoiadendron giganteum (Lindl.) Buchholz
      Latitude               : 37.0534 N
      Longitude              : 119.3933 W
      Elevation              : 1105 m

      Series intercorrelation: 0.490
      Avg mean sensitivity   : 0.194
      Avg standard deviation : 0.318
      Avg autocorrelation    : 0.761
      Number dated series    : 258
      Segment length tested  : 50

      Number problem segments: 812  (A 314, B 498; 290 of the B weak at every lag)
      Pct problem segments   : 16.77


 CORRELATION OF SERIES BY SEGMENTS: ca726
-----------------------------------------------------------------------------------------------------------------------------------
 Correlations of  50-year dated segments, lagged  25 years
 Flags:  A = correlation under   .3281 but highest as dated;  B = correlation higher at other than dated position

 Seq Series  Time_span  -1300 -1275 -1250 -1225 -1200 -1175 -1150 -1125 -1100 -1075 -1050 -1025 -1000 -975 -950 -925 -900 -875 -850 -825 
                        -1251 -1226 -1201 -1176 -1151 -1126 -1101 -1076 -1051 -1026 -1001 -976 -951 -926 -901 -876 -851 -826 -801 -776 
 --- -------- ---------  ---- ---- ---- ---- ---- ---- ---- ---- ---- ---- ---- ---- ---- ---- ---- ---- ---- ---- ---- ---- 
  47 CBR21B   -1183 1697                           .18B .23A .09B .18B .27B .32A .36  .22B .16B .46  .51  .15B .36  .41  .35 
  48 CBR26    -1372 1832                           .18B .23A .09B .18B .27B .32A .36  .22B .16B .46  .51  .15B .35  .45  .56 
  55 MHF039   -833 1296                                                                                                 .38B
 Av segment correlation                           .18  .23  .09  .18  .27  .32  .36  .22  .16  .46  .51  .15  .35  .43  .43 

 CORRELATION OF SERIES BY SEGMENTS: ca726
-----------------------------------------------------------------------------------------------------------------------------------
 Correlations of  50-year dated segments, lagged  25 years
 Flags:  A = correlation under   .3281 but highest as dated;  B = correlation higher at other than dated position

 Seq Series  Time_span  -800 -775 -750 -725 -700 -675 -650 -625 -600 -575 -550 -525 -500 -475 -450 -425 -400 -375 -350 -325 
                        -751 -726 -701 -676 -651 -626 -601 -576 -551 -526 -501 -476 -451 -426 -401 -376 -351 -326 -301 -276 
 --- -------- ---------  ---- ---- ---- ---- ---- ---- ---- ---- ---- ---- ---- ---- ---- ---- ---- ---- ---- ---- ---- ---- 
  47 CBR21B   -1183 1697  .12B .35  .62  .37  .39  .46  .38  .55  .50  .37  .43  .35  .32A .38  .38  .45  .52  .59  .39  .21B
  48 CBR26    -1372 1832  .36  .51  .61  .43  .49  .60  .52  .54  .55  .48  .41  .30A .32A .15B .30A .57  .55  .40  .40  .27A
  54 MHF021   -670 1296                                .40  .63  .58  .34  .38  .28A .26A .20B .38  .54  .53  .59  .60  .35 
  55 MHF039   -833 1296  .22B .14B .28B .34  .41  .54  .49  .56  .62  .64  .61  .33A .17B .38  .56  .55  .48  .47  .53  .56 
  56 MHF091   -620  840                                          .59  .57  .64  .51  .42  .47  .47  .57  .55  .46  .54  .47 
 Av segment correlation  .23  .33  .50  .38  .43  .53  .45  .57  .57  .48  .49  .35  .30  .32  .42  .54  .53  .50  .49  .37 

 CORRELATION OF SERIES BY SEGMENTS: ca726
-----------------------------------------------------------------------------------------------------------------------------------
 Correlations of  50-year dated segments, lagged  25 years
 Flags:  A = correlation under   .3281 but highest as dated;  B = correlation higher at other than dated position

 Seq Series  Time_span  -300 -275 -250 -225 -200 -175 -150 -125 -100  -75  -50  -25    0   25   50   75  100  125  150  175 
                        -251 -226 -201 -176 -151 -126 -101  -76  -51  -26   -1   24   49   74   99  124  149  174  199  224 
 --- -------- ---------  ---- ---- ---- ---- ---- ---- ---- ---- ---- ---- ---- ---- ---- ---- ---- ---- ---- ---- ---- ---- 
   1 CSX021      0 1754                                                                   .27A .23A .70  .68  .55  .65  .59 
   3 CSX081   -140 1622                                     .54  .62  .46  .44  .57  .40  .30A .44  .61  .53  .37  .46  .47 
   7 RWB011   -300 1765       .39  .43  .54  .47  .47  .54  .58  .51  .42  .38  .49  .52  .19B .06B .68  .74  .56  .58  .57 
  45 CBR05    -100 1000                                               .55  .65  .65  .46  .33B .38  .77  .75  .56  .45  .42 
  47 CBR21B   -1183 1697  .24B .36  .37  .47  .59  .53  .32A .41  .58  .44  .44  .58  .53  .41  .43  .58  .43  .40  .53  .49 
  48 CBR26    -1372 1832  .17B .27A .46  .48  .44  .44  .29B .46  .70  .77  .67  .71  .60  .35  .34  .55  .55  .51  .56  .53 
  53 LME2C    -180 1402                           .66  .38  .39  .73  .71  .60  .53  .26B .32B .31A .59  .67  .49  .42  .48 
  54 MHF021   -670 1296  .30A .29A .40  .49  .41  .35  .32B .61  .62  .37  .29A .42  .48  .52  .34  .48  .52  .42  .40  .41 
  55 MHF039   -833 1296  .47  .29A .38  .62  .54  .50  .50  .42  .48  .34B .38  .52  .46  .40  .39  .72  .76  .55  .52  .23A
  56 MHF091   -620  840  .45  .20B .35  .60  .50  .39  .14B .48  .64  .42  .47  .63  .43  .40  .49  .56  .54  .31A .46  .56 
 132 RHG04E     45 1577                                                                        .43  .67  .61  .56  .67  .64 
 134 PPR01      70 1950                                                                             .59  .62  .75  .72  .53 
 135 PPR02      90 1950                                                                                  .58  .63  .43  .24B
 136 PPR03    -230 1755                 .52  .53  .64  .58  .50  .51  .50  .67  .61  .38  .44  .44  .59  .60  .62  .69  .63 
 156 RHR01A     70  900                                                                             .55  .64  .59  .54  .44 
 195 CLS03C    132  682                                                                                            .23A .46 
 Av segment correlation  .32  .30  .40  .53  .50  .50  .39  .49  .60  .50  .50  .57  .45  .36  .36  .62  .62  .53  .52  .48 

 CORRELATION OF SERIES BY SEGMENTS: ca726
-----------------------------------------------------------------------------------------------------------------------------------
 Correlations of  50-year dated segments, lagged  25 years
 Flags:  A = correlation under   .3281 but highest as dated;  B = correlation higher at other than dated position

 Seq Series  Time_span   200  225  250  275  300  325  350  375  400  425  450  475  500  525  550  575  600  625  650  675 
                         249  274  299  324  349  374  399  424  449  474  499  524  549  574  599  624  649  674  699  724 
 --- -------- ---------  ---- ---- ---- ---- ---- ---- ---- ---- ---- ---- ---- ---- ---- ---- ---- ---- ---- ---- ---- ---- 
   1 CSX021      0 1754  .34  .37  .63  .65  .59  .60  .49  .52  .68  .69  .32A .57  .69  .68  .81  .69  .72  .70  .75  .78 
   2 CSX031    330 1798                                .35  .46  .62  .66  .62  .66  .65  .57  .60  .66  .66  .57  .77  .85 
   3 CSX081   -140 1622  .59  .61  .55  .60  .58  .37  .21B .32A .60  .68  .65  .70  .64  .64  .72  .68  .69  .70  .70  .69 
   4 CSX101    470 1473                                                         .68  .60  .61  .59  .37  .41  .55  .71  .67 
   5 DSQ020    490 1914                                                              .65  .66  .76  .58  .69  .78  .79  .71 
   6 DSQ030    200 1914       .57  .45  .56  .72  .70  .58  .55  .48  .42  .42  .39  .43  .72  .74  .42  .50  .65  .84  .83 
   7 RWB011   -300 1765  .59  .56  .37  .36B .61  .56  .37  .34  .56  .61  .49  .58  .56  .53  .62  .43  .44  .45  .59  .63 
  45 CBR05    -100 1000  .64  .55  .53  .35  .30A .57  .67  .68  .75  .58  .31A .46  .48  .61  .55  .40  .62  .65  .72  .64 
  46 CBR06A    461 1895                                                         .53  .53  .58  .48  .41  .51  .44  .58  .62 
  47 CBR21B   -1183 1697  .46  .50  .37  .43  .66  .56  .56  .61  .48  .40  .61  .60  .56  .55  .50  .50  .66  .68  .58  .55 
  48 CBR26    -1372 1832  .49  .29B .35  .58  .63  .62  .55  .52  .66  .62  .46  .60  .57  .74  .68  .49  .41  .43  .64  .47 
  49 CBR29     350 1330                                     .73  .63  .53  .56  .76  .69  .67  .75  .60  .63  .69  .72  .65 
  52 LME03F    204 1746       .52  .44  .47  .57  .42  .40  .43  .49  .46  .46  .42  .47  .49  .26B .21B .41  .48  .63  .60 
  53 LME2C    -180 1402  .45  .55  .72  .59  .49  .59  .70  .56  .52  .56  .48  .70  .64  .64  .69  .54  .45  .39  .62  .81 
  54 MHF021   -670 1296  .40  .41  .45  .38  .37  .32A .50  .50  .41  .49  .39  .30A .25B .59  .67  .54  .66  .58  .57  .64 
  55 MHF039   -833 1296  .18A .53  .51  .45  .63  .64  .59  .67  .48  .27A .30A .43  .49  .69  .68  .56  .59  .52  .60  .60 
  56 MHF091   -620  840  .39  .35B .57  .61  .47  .44  .49  .50  .66  .68  .68  .55  .30A .41  .51  .38  .44  .45  .51  .51 
  90 BMR10     540 1790                                                                        .55  .40  .46  .56  .59  .52 
  91 BMR11     330 1620                                .42  .39  .36  .33  .51  .58  .62  .49  .39  .48  .49  .44  .58  .59 
 129 RHR02A    630 1698                                                                                            .69  .65 
 131 RHG04C    657 1704                                                                                                 .66 
 132 RHG04E     45 1577  .57  .58  .72  .71  .60  .61  .54  .19B .27B .57  .61  .62  .55  .67  .57  .46  .72  .72  .58  .62 
 133 RHG26A    609 1671                                                                                       .63  .60  .65 
 134 PPR01      70 1950  .45  .37B .42  .44  .42  .60  .69  .67  .59  .38  .26B .52  .60  .75  .70  .44  .49  .47  .57  .66 
 135 PPR02      90 1950  .19B .39B .51  .21B .09B .27A .37  .42  .45  .41  .34  .48  .61  .55  .46  .40  .40  .48  .63  .61 
 136 PPR03    -230 1755  .58  .38  .35  .57  .53  .58  .69  .52  .43  .46  .50  .64  .67  .76  .66  .44  .50  .54  .74  .74 
 137 FCG24A    421 1791                                               .36B .29B .34  .46  .49  .36  .33  .54  .59  .58  .63 
 138 FCG26B    549 1713                                                                             .25A .44  .58  .48  .51 
 142 HMW04B2   600 1984                                                                                       .27A .48  .73 
 155 BMR12     600 1936                                                                                       .44  .69  .59 
 156 RHR01A     70  900  .37  .50  .62  .52  .40  .36  .30A .20B .31A .56  .56  .64  .56  .54  .65  .40  .62  .65  .55  .63 
 189 CGN04A    650 1430                                                                                                 .33 
 193 CLS01A    300 1580                           .12B .31A .23B .35  .51  .38  .13B .29A .37  .17B .21B .46  .48  .39  .35 
 194 CLS01B    350 1400                                     .49  .47  .42  .22A .28A .47  .41  .34  .37  .39  .51  .53  .40 
 195 CLS03C    132  682  .37  .16B .04B .23B .35B .25B .26A .11B .05B .15B .43  .58  .35  .38  .49  .43  .42  .48           
 196 CLS08     520  916                                                                   .30A .36  .35  .46  .38  .03B .20B
 204 CLS17     345 1701                                .20B .26A .34  .48  .54  .46  .41  .25B .27B .42  .54  .45  .33A .42 
 209 CSG07F    585 1450                                                                                  .48  .52  .40  .44 
 Av segment correlation  .44  .46  .48  .48  .50  .48  .47  .45  .49  .49  .45  .53  .53  .56  .55  .45  .53  .54  .59  .60 

 CORRELATION OF SERIES BY SEGMENTS: ca726
-----------------------------------------------------------------------------------------------------------------------------------
 Correlations of  50-year dated segments, lagged  25 years
 Flags:  A = correlation under   .3281 but highest as dated;  B = correlation higher at other than dated position

 Seq Series  Time_span   700  725  750  775  800  825  850  875  900  925  950  975 1000 1025 1050 1075 1100 1125 1150 1175 
                         749  774  799  824  849  874  899  924  949  974  999 1024 1049 1074 1099 1124 1149 1174 1199 1224 
 --- -------- ---------  ---- ---- ---- ---- ---- ---- ---- ---- ---- ---- ---- ---- ---- ---- ---- ---- ---- ---- ---- ---- 
   1 CSX021      0 1754  .51  .55  .70  .73  .68  .76  .80  .72  .69  .74  .79  .62  .48  .71  .75  .56  .69  .75  .68  .57 
   2 CSX031    330 1798  .58  .51  .60  .68  .70  .67  .68  .61  .64  .66  .65  .55  .60  .70  .64  .57  .73  .81  .78  .77 
   3 CSX081   -140 1622  .61  .58  .59  .60  .40  .54  .66  .65  .69  .74  .78  .64  .46  .57  .64  .64  .63  .70  .74  .64 
   4 CSX101    470 1473  .56  .50  .66  .75  .69  .52  .39  .37  .53  .37  .38B .56  .46  .60  .60  .53  .29A .34  .53  .36 
   5 DSQ020    490 1914  .55  .76  .75  .78  .80  .73  .75  .77  .75  .77  .80  .61  .53  .53  .55  .62  .58  .60  .63  .59 
   6 DSQ030    200 1914  .78  .73  .78  .86  .81  .72  .73  .59  .60  .70  .74  .59  .40  .57  .45  .41  .47  .58  .46  .28B
   7 RWB011   -300 1765  .41  .52  .65  .67  .61  .74  .75  .46  .41  .69  .75  .65  .58  .61  .56  .27A .45  .70  .62  .54 
  45 CBR05    -100 1000  .39  .57  .50  .47  .59  .71  .59  .50  .59  .74  .74                                              
  46 CBR06A    461 1895  .47  .41  .44  .37  .27B .41  .34B .22B .35  .43  .34  .22A .20B .37  .51  .44  .35  .39  .38  .29B
  47 CBR21B   -1183 1697  .33A .40  .64  .78  .71  .51  .51  .54  .42  .59  .35 -.08B .24A .56  .69  .51  .55  .67  .66  .51 
  48 CBR26    -1372 1832  .31B .59  .55  .53  .53  .67  .65  .40  .43  .58  .59  .29B .20A .53  .55  .36 -.02B-.03B .47  .58 
  49 CBR29     350 1330  .43  .63  .75  .67  .46  .56  .65  .51  .54  .60  .60  .45  .57  .64  .59  .41  .44  .58  .61  .59 
  50 CBR30     700 1300       .50  .62  .74  .69  .66  .61  .45  .58  .75  .74  .55  .49  .68  .69  .54  .29B .36  .56  .40 
  51 CBR31     700 1630       .53  .37  .39  .36  .35  .25A .05B .32A .55  .52  .43  .42  .56  .53  .40  .50  .59  .55  .49 
  52 LME03F    204 1746  .44  .50  .72  .77  .71  .60  .50  .44  .51  .66  .72  .58  .47  .44B .45  .52  .42  .53  .65  .49 
  53 LME2C    -180 1402  .67  .49  .50  .66  .65  .57  .55  .60  .71  .67  .59  .60  .70  .70  .63  .52  .46  .53  .68  .58 
  54 MHF021   -670 1296  .55  .39  .37  .40  .38  .32A .34  .45  .50  .55  .52  .46  .60  .23B .20B .56  .48  .51  .56  .43 
  55 MHF039   -833 1296  .16B .16B .59  .52  .26A .50  .57  .48  .52  .60  .58  .41  .42  .44  .42  .43  .48  .53  .69  .51 
  56 MHF091   -620  840  .34  .48  .75  .81                                                                                 
  90 BMR10     540 1790  .50  .43  .47  .64  .59  .49  .42  .43  .56  .57  .45  .43  .57  .62  .50  .39  .61  .61  .63  .59 
  91 BMR11     330 1620  .37  .46  .62  .51  .33  .52  .48  .47  .60  .56  .59  .53  .44  .54  .59  .59  .45  .54  .50  .41 
 129 RHR02A    630 1698  .52  .58  .67  .71  .66  .54  .44  .46  .54  .55  .63  .74  .51  .53  .49  .44  .57  .63  .57  .43 
 130 RHG04B    691 1723  .56  .64  .74  .75  .72  .41  .41B .62  .58  .67  .62  .63  .61  .64  .71  .64  .50  .65  .71  .62 
 131 RHG04C    657 1704  .42  .34  .41  .56  .58  .38  .42  .49  .56  .63  .53  .53  .64  .53  .49  .48  .60  .72  .68  .61 
 132 RHG04E     45 1577  .72  .68  .70  .76  .71  .47  .46  .62  .69  .72  .70  .71  .67  .67  .70  .62  .49  .67  .70  .57 
 133 RHG26A    609 1671  .55  .47  .65  .61  .53  .52  .47  .48  .59  .62  .62  .64  .66  .65  .55  .43  .57  .73  .67  .50 
 134 PPR01      70 1950  .52  .49  .57  .65  .71  .48  .36  .56  .59  .61  .66  .57  .63  .69  .62  .65  .55  .66  .75  .52 
 135 PPR02      90 1950  .32A .49  .56  .46  .39  .45  .46  .55  .60  .48  .49  .56  .66  .72  .68  .31A .25B .38  .36  .30A
 136 PPR03    -230 1755  .56  .66  .71  .74  .71  .66  .68  .71  .71  .82  .83  .67  .68  .64  .56  .58  .38  .53  .72  .66 
 137 FCG24A    421 1791  .54  .30A .46  .57  .47  .42  .39  .43  .60  .58  .51  .37B .26B .40  .50  .47  .33  .40  .45  .56 
 138 FCG26B    549 1713  .34  .38  .53  .50  .54B .62  .57  .62  .61  .72  .66  .43  .43  .37  .44  .41  .47  .67  .68  .63 
 139 RMU01B    844 1963                                .17B .54  .61  .29A .29A .57  .54  .57  .58  .53  .56  .28B .22B .40 
 140 BBG19    1001 1977                                                                   .69  .70  .38  .31A .64  .64  .59 
 142 HMW04B2   600 1984  .56  .61  .46  .51  .61  .64  .58  .28A .45  .75  .65  .33A .45  .61  .59  .51  .60  .70  .77  .62 
 143 LME4C    1150 1972                                                                                                 .52 
 144 RFT       827 1991                                .58  .57  .45  .40  .42  .39  .40  .48  .60  .65  .69  .74  .73  .66 
 155 BMR12     600 1936  .47  .67  .74  .78  .49  .33B .46  .47  .71  .73  .67  .67  .63  .56  .64  .60  .37  .41  .38  .49 
 156 RHR01A     70  900  .54  .53  .42  .49  .62  .42B .43                                                                  
 158 RHR08    1050 1722                                                                             .34  .48  .41  .34  .34 
 166 PSG06A    941 1911                                                    .57  .38  .47  .61  .67  .57  .45  .46  .54  .53 
 168 PSG28B    903 1992                                               .67  .71  .59  .40  .56  .57  .43  .44  .54  .54  .48 
 183 SCG05A    792 1669                      .48  .30A .34B .57  .62  .46  .38  .38  .42  .43  .48  .53  .55  .62  .57  .43 
 184 SCG11B   1150 1846                                                                                                 .19B
 185 SCG11C    900 1859                                               .43  .63  .59  .66  .50  .27A .29A .21B .25A .35  .32A
 187 FCG26A    960 1693                                                         .29B .32B .47  .66  .58  .45  .39  .43  .48 
 188 CGN02A    870 1817                                     .07B-.09B .37  .52  .28A .23A .32A .31A .30B .39  .30A .27A .27A
 189 CGN04A    650 1430  .18B .22B .48  .49  .37  .34B .31B .29A .19B .46  .56  .44  .42  .54  .43  .19B .30A .31B .23A .27B
 190 CGN1D-1   963 1608                                                         .25A .26B .44  .46  .37  .43  .48  .51  .49 
 191 CGN1D-2   881 1608                                          .45  .62  .60  .32A .18B .30A .28A .23B .41  .45  .48  .43 
 192 CGN6-1    924 1774                                               .50  .49  .23A .34  .37  .30A .43  .57  .56  .37  .22B
 193 CLS01A    300 1580  .19B .32B .44  .48  .33  .37  .38  .46  .55  .57  .45  .31B .21B .35  .36  .38  .50  .41  .24B .26A
 194 CLS01B    350 1400  .33  .40  .45  .49  .46  .46  .32A .39  .64  .50  .51  .52  .38  .33A .31A .33  .53  .53  .36  .36 
 196 CLS08     520  916  .25A .04B .41  .48  .19A .28B .28B                                                                 
 197 CLS09C    730 1195            .30A .50  .46  .38B .35  .44  .52  .45  .38  .40  .44  .44  .55  .41  .18B .11B          
 198 CLS09F    801 1708                           .46  .48  .41  .32A .27A .28A .42  .48  .55  .50  .37  .55  .58  .47  .45 
 199 CLS10A    918 1990                                               .30B .29A .45  .50  .27A .26A .33  .39  .33  .29A .39 
 200 CLS12    1000 1443                                                                   .32A .21B-.02B .14B .40  .31B .38B
 201 CLS14B   1132 1994                                                                                           -.01B .29B
 202 CLS14C    998 1993                                                                   .42  .42  .39  .51  .26B .18B .34 
 203 CLS15B    960 1994                                                         .39  .30A .34  .37  .45  .43  .40  .45  .35 
 204 CLS17     345 1701  .38  .23B .40  .34B .30B .38  .34  .29A .33  .51  .51  .35  .45  .54  .40  .39  .60  .50  .39  .49 
 205 CSG02B    980 1784                                                              .24B .41  .58  .40  .32A .33  .23A .18B
 206 CSG03A    907 1994                                               .29A .23B .30A .09B .31A .38  .33  .67  .56  .47  .45 
 207 CSG04A   1105 1993                                                                                       .38  .32A .46 
 208 CSG04C   1046 1993                                                                        .42  .18B .25B .31A .10B .09B
 209 CSG07F    585 1450  .48  .10B .09B .15B .14B .25A .17A .09B .24A .49  .54  .30A .10B .20B .37  .50  .64  .53  .20B .38 
 Av segment correlation  .46  .47  .56  .59  .53  .50  .48  .47  .52  .57  .56  .46  .44  .51  .51  .44  .46  .50  .49  .45 

 CORRELATION OF SERIES BY SEGMENTS: ca726
-----------------------------------------------------------------------------------------------------------------------------------
 Correlations of  50-year dated segments, lagged  25 years
 Flags:  A = correlation under   .3281 but highest as dated;  B = correlation higher at other than dated position

 Seq Series  Time_span  1200 1225 1250 1275 1300 1325 1350 1375 1400 1425 1450 1475 1500 1525 1550 1575 1600 1625 1650 1675 
                        1249 1274 1299 1324 1349 1374 1399 1424 1449 1474 1499 1524 1549 1574 1599 1624 1649 1674 1699 1724 
 --- -------- ---------  ---- ---- ---- ---- ---- ---- ---- ---- ---- ---- ---- ---- ---- ---- ---- ---- ---- ---- ---- ---- 
   1 CSX021      0 1754  .43  .60  .71  .60  .59  .74  .72  .55  .48  .51  .57  .71  .75  .69  .72  .72  .64  .64  .62  .49 
   2 CSX031    330 1798  .78  .64  .66  .63  .56  .74  .73  .53  .48  .53  .54  .69  .74  .68  .70  .73  .71  .59  .32A .39 
   3 CSX081   -140 1622  .53  .55  .46  .35  .56  .69  .67  .51  .35  .44  .53  .61  .64  .65  .82                          
   4 CSX101    470 1473  .38B .50  .66  .63  .14B .35B .58  .51  .66                                                        
   5 DSQ020    490 1914  .61  .56  .59  .69  .69  .78  .75  .55  .50  .62  .70  .70  .80  .80  .77  .80  .72  .64  .49  .61 
   6 DSQ030    200 1914  .55  .67  .67  .52  .41  .59  .57  .47  .41  .47  .56  .42  .52  .70  .71  .75  .65  .71  .73  .65 
   7 RWB011   -300 1765  .56  .59  .76  .83  .67  .59  .60  .49  .30B .21B .31A .65  .75  .65  .81  .76  .46  .54  .57  .53 
  10 EVG02A   1571 2011                                                                             .61  .55  .70  .61  .64 
  11 EVG02B   1620 2011                                                                                       .66  .58  .48 
  12 EVG03A   1605 1903                                                                                       .48  .46  .40 
  13 EVG03B   1609 1954                                                                                       .48  .40  .47 
  16 EVG06A   1399 2011                                               .46  .49  .46  .61  .67  .66  .60  .51  .59  .57  .69 
  17 EVG06B   1524 2011                                                                   .77  .61  .63  .38  .32A .44  .49 
  19 EVG08A   1530 2011                                                                        .59  .53  .41  .52  .52  .58 
  20 EVG08B   1661 2011                                                                                                 .54 
  24 EVG10B   1670 2011                                                                                                 .73 
  26 EVG11B   1576 2011                                                                                  .34  .66  .56  .43 
  40 EVG18B   1668 1921                                                                                                 .47 
  42 EVG19B   1627 2011                                                                                            .57  .41 
  46 CBR06A    461 1895  .42  .59  .62  .54  .46  .58  .51  .32A .15B .30A .53  .57  .63  .49  .43  .48  .30B .35B .32B .41 
  47 CBR21B   -1183 1697  .23B .43  .72  .55  .40  .43  .38  .34  .28A .43  .56  .21B .10B .24B .60  .65  .53  .36           
  48 CBR26    -1372 1832  .59  .51  .49  .43  .14B .24B .40  .30B .15B .36  .47  .45  .47  .34  .49  .63  .42  .40  .24A .38 
  49 CBR29     350 1330  .42  .49  .55  .49                                                                                 
  50 CBR30     700 1300  .39  .52  .62                                                                                      
  51 CBR31     700 1630  .31A .45  .62  .59  .64  .65  .52  .32A .34  .43  .59  .62  .68  .67  .54  .32A                    
  52 LME03F    204 1746  .37  .61  .55  .38B .45  .56  .56  .57  .55  .31A .42  .52  .51  .42  .68  .74  .37B .25B .28A .65 
  53 LME2C    -180 1402  .51  .54  .57  .52  .49  .60  .58                                                                  
  54 MHF021   -670 1296  .49  .57                                                                                           
  55 MHF039   -833 1296  .42  .47                                                                                           
  62 MHC45B   1584 2012                                                                                  .36  .54  .60  .40 
  64 MHC46A   1671 2012                                                                                                 .45 
  66 MHC47A   1663 1950                                                                                                 .49 
  69 MHC48B   1646 2012                                                                                            .52  .37 
  90 BMR10     540 1790  .54  .61  .54  .43  .62  .41  .36  .54  .52  .51  .53  .69  .65  .48  .50  .55  .50  .56  .46  .24A
  91 BMR11     330 1620  .48  .56  .54  .44  .53  .65  .61  .63  .57  .52  .67  .67  .46  .30A .41                          
  92 BMC42A   1577 2012                                                                                  .43  .42  .30A .43 
  94 BMC43A   1516 2012                                                                   .42  .69  .68  .43  .47  .57  .34 
 102 BMC47B   1668 2012                                                                                                 .52 
 107 BMC50B1  1536 1624                                                                        .58  .56                     
 113 BMC53A   1528 2012                                                                        .67  .73  .69  .67  .44  .50 
 115 BMC54B   1653 2012                                                                                                 .47 
 123 BMC59B   1527 2012                                                                        .66  .66  .52  .54  .53  .38 
 129 RHR02A    630 1698  .64  .75  .75  .67  .52  .58  .49  .43  .45  .56  .55  .56  .75  .70  .80  .89  .63  .40           
 130 RHG04B    691 1723  .63  .48  .55  .52  .41B .57  .49  .43  .45  .54  .58  .58  .63  .60  .78  .87  .50  .41  .24B     
 131 RHG04C    657 1704  .63  .63  .62  .58  .69  .56  .50  .52  .42  .52  .60  .59  .68  .64  .61  .60  .42  .42  .34      
 132 RHG04E     45 1577  .60  .50  .58  .62  .51  .59  .70  .75  .64  .69  .72  .64  .66  .62                               
 133 RHG26A    609 1671  .67  .62  .58  .60  .73  .78  .71  .42  .45  .57  .51  .47  .62  .77  .86  .73  .39                
 134 PPR01      70 1950  .56  .67  .61  .49  .47  .61  .52  .48  .48  .53  .60  .60  .55  .52  .54  .57  .61  .54  .50  .53 
 135 PPR02      90 1950  .45  .66  .71  .68  .47  .58  .61  .33  .41  .50  .69  .57  .35  .38  .58  .58  .31A .40  .54  .53 
 136 PPR03    -230 1755  .53  .64  .70  .61  .62  .70  .65  .63  .67  .57  .60  .63  .59  .63  .82  .80  .65  .60  .53  .61 
 137 FCG24A    421 1791  .52  .35B .51  .54  .54  .62  .47  .38  .48  .74  .69  .66  .48  .36  .02B .07B .54  .48  .48  .47 
 138 FCG26B    549 1713  .54  .62  .64  .54  .61  .57  .43  .58  .63  .48  .28A .37  .62  .61  .66  .71  .63  .36B .29B     
 139 RMU01B    844 1963  .63  .60  .59  .51  .52  .54  .50  .49  .59  .59  .64  .61  .50  .56  .67  .64  .64  .52  .36  .54 
 140 BBG19    1001 1977  .65  .56  .57  .59  .53  .50  .50  .58  .51  .61  .59  .60  .70  .61  .79  .84  .70  .61  .46  .53 
 142 HMW04B2   600 1984  .35B .44  .58  .56  .51  .62  .62  .58  .55  .45  .38  .40  .54  .66  .72  .67  .10B .29B .35  .33 
 143 LME4C    1150 1972  .41  .45  .51  .52  .54  .65  .71  .61  .54  .57  .49  .45  .40  .40  .71  .55  .26A .49  .65  .74 
 144 RFT       827 1991  .67  .70  .65  .61  .64  .68  .74  .78  .77  .79  .71  .63  .69  .68  .73  .74  .45  .49  .68  .75 
 145 MHC151   1497 1698                                                              .42  .47  .65  .59  .38  .26A          
 147 MHC261   1481 1989                                                              .61  .53  .69  .73  .48  .49  .42  .37 
 148 MHC271   1480 1989                                                              .62  .44  .66  .63  .39  .30A .21B .25A
 149 MHF201   1496 1987                                                              .47  .45  .73  .74  .53  .54  .60  .38 
 150 BMG03A   1415 1991                                               .29A .28B .38  .43  .44  .59  .66  .68  .67  .48  .29B
 151 BMG09B   1524 1991                                                                        .57  .51  .23B .51  .41  .18B
 152 BMG32A   1568 1991                                                                             .58  .53  .56  .33B .23A
 153 BMG32B   1530 1991                                                                        .72  .62  .41  .54  .61  .40 
 154 BMR02    1640 1965                                                                                            .73  .45 
 155 BMR12     600 1936  .65  .63  .62  .49  .53  .67  .54  .50  .57  .50  .55  .70  .78  .75  .72  .73  .53  .51  .55  .29B
 157 RHR07A   1200 1806       .56  .66  .67  .60  .56  .50  .54  .50  .34  .48  .66  .66  .57  .64  .47  .10B .51  .50  .41 
 158 RHR08    1050 1722  .41  .46  .53  .53  .59  .66  .44  .22A .31A .42  .28A .44  .35  .33  .58  .52  .26B .24A .32A     
 159 RHG22C   1275 1992                      .23B .29A .18B .07B .04B .23A .34  .36  .35  .17B .56  .68  .25A .37  .32A .43 
 160 LMG03A   1476 1992                                                              .47  .51  .61  .60  .29A .27A .33A .55 
 161 LMG10B   1476 1808                                                              .40B .34  .37  .45  .24B .17B .15B .27B
 162 LMG20B   1624 1992                                                                                       .44  .72  .66 
 163 LMG24A   1504 1992                                                                   .50  .69  .70  .52  .57  .60  .67 
 164 LMG29A   1308 1992                           .35  .17B .14B .15B .30B .43  .40  .42  .46  .59  .54  .26A .43  .30B .38B
 165 LMG29B   1526 1992                                                                        .47  .61  .17B .29B .42  .39 
 166 PSG06A    941 1911  .52  .63  .56  .44  .55  .52  .49  .39  .52  .63  .46  .43  .56  .62  .62  .62  .54  .42B .46  .59 
 167 PSG28A   1487 1992                                                              .53  .33A .52  .63  .56  .69  .54  .41 
 168 PSG28B    903 1992  .31B .37B .46  .42  .58  .62  .59  .49  .33  .36  .51  .57  .60  .48  .57  .65  .50  .52  .55  .49 
 169 PSG30B   1347 1992                                .49  .41  .52  .43  .47  .54  .42  .32B .51  .52  .45  .53  .48  .40 
 170 DCG04A   1341 1992                                .36  .47  .37  .39  .47  .47  .65  .72  .75  .70  .62  .57  .53  .58 
 171 DCG04B   1324 1992                           .53  .47  .29A .54  .43  .48  .51  .53  .50  .58  .56  .63  .75  .52  .45 
 172 DCG09B   1451 1992                                                         .50  .73  .52  .57  .62  .38  .38  .36  .44 
 173 DCG13B   1404 1992                                               .28B .38  .30A .39  .49  .82  .75  .60  .71  .54  .36 
 174 DCG21B   1358 1910                                     .44  .40  .35B .41  .47  .41  .38  .57  .53  .40  .57  .46  .52 
 175 EFK05A   1405 1991                                               .54  .67  .66  .65  .49  .59  .69  .52  .52  .44B .28B
 176 EFK05B   1423 1991                                                    .49  .56  .55  .49  .68  .63  .33  .33B .24B .44 
 177 EFK08A   1425 1991                                                    .74  .63  .49  .56  .78  .72  .46  .65  .69  .35 
 178 GAR21A   1424 1940                                                    .31A .54  .53  .48  .62  .55  .24B .25B .15B .30A
 179 GAR21B   1435 1991                                                    .45  .43  .49  .57  .63  .60  .48  .43  .34  .32A
 180 GAR24A   1360 1991                                     .51  .40  .30B .42  .36  .54  .52  .75  .76  .50  .36  .37  .50 
 181 GAR24B   1360 1991                                     .56  .55  .33B .42  .44  .42  .42  .81  .78  .56  .60  .43  .58 
 182 MUI10C   1399 1991                                               .55  .52  .47  .55  .61  .73  .67  .50  .35  .15B .25A
 183 SCG05A    792 1669  .43  .55  .61  .61  .59  .55  .35  .18B .20B .43  .36  .45  .53  .41  .57  .69  .42                
 184 SCG11B   1150 1846  .16B .29A .61  .59  .46  .58  .52  .36  .33  .39  .28A .18B .30A .48  .46  .49  .32A .30B .56  .62 
 185 SCG11C    900 1859  .41  .56  .70  .57  .44  .66  .70  .43  .30B .44  .47  .38  .32A .35  .67  .69  .45  .45  .37B .28B
 186 FCG22B   1205 1992       .44  .55  .52  .37  .49  .41  .33  .45  .51  .47  .35  .37  .28A .41  .53  .53  .53  .35  .43 
 187 FCG26A    960 1693  .22A .29A .48  .52  .52  .57  .39  .41  .39  .44  .45  .45  .44  .37  .68  .72  .40  .40           
 188 CGN02A    870 1817  .28B .51  .56  .43  .43  .46  .31A .28A .40  .01B .10B .34  .18B .18B .33B .35  .39  .46  .45  .26A
 189 CGN04A    650 1430  .20A .31A .52  .48  .61  .57  .40  .38                                                             
 190 CGN1D-1   963 1608  .27A .36  .49  .32A .20A .48  .46  .43  .24A .32A .45  .45  .35  .37  .63                          
 191 CGN1D-2   881 1608  .42  .53  .55  .43  .32A .46  .47  .34  .15B .18B .30B .36  .48  .39  .48                          
 192 CGN6-1    924 1774  .10B .13B .34  .36  .61  .66  .54  .48  .26B .17B .48  .46  .38  .43  .56  .55  .21B .22B .33  .27B
 193 CLS01A    300 1580  .32B .35  .53  .43  .53  .54  .26A .22A .15B .16B .19B .35  .62  .64                               
 194 CLS01B    350 1400  .33B .52  .71  .68  .68  .58  .48                                                                  
 198 CLS09F    801 1708  .41  .43  .56  .49  .44  .50  .39  .25B .18B .26A .39  .43  .54  .58  .64  .60  .19A .10B .10B     
 199 CLS10A    918 1990  .37  .44  .60  .55  .28A .45  .52  .42  .29A .23B .42  .44  .49  .45  .61  .70  .39  .25B .28A .45 
 200 CLS12    1000 1443  .44  .39  .50  .43  .29A .48  .41  .26B                                                            
 201 CLS14B   1132 1994  .45  .57  .57  .47  .43  .37  .30B .37  .33  .38  .55  .55  .15B-.09B .51  .62  .44  .35  .40  .50 
 202 CLS14C    998 1993  .37  .63  .64  .52  .62  .57  .40  .28A .27B .41  .38  .20B .06B .01B .60  .76  .55  .39  .30A .48 
 203 CLS15B    960 1994  .31A .41  .64  .61  .37  .26A .23A .40  .47  .33A .30A .44  .42  .41  .58  .51  .19B .10B .21B .50 
 204 CLS17     345 1701  .41  .39  .52  .49  .60  .54  .43  .57  .51  .30A .38  .35  .19B .23B .54  .59  .42  .15B .12B     
 205 CSG02B    980 1784  .15B .35  .61  .35  .48  .69  .58  .51  .41  .39  .46  .58  .61  .51  .52  .58  .51  .25B .04B .50 
 206 CSG03A    907 1994  .49  .57  .66  .71  .51  .53  .37  .25A .30A .30B .46  .62  .47  .37  .60  .62  .48  .29A .34  .53 
 207 CSG04A   1105 1993  .40  .57  .73  .54  .27A .33  .36  .39  .30A .04B .16B .46  .62  .53  .64  .70  .49  .24A .25A .45 
 208 CSG04C   1046 1993  .32A .43  .60  .57  .50  .60  .50  .36  .35B .24B .33B .59  .61  .45  .68  .70  .49  .36  .29A .45 
 209 CSG07F    585 1450  .59  .57  .57  .38  .31A .49  .24A .13B .08B                                                       
 210 CSP01A   1647 1970                                                                                            .33  .16B
 241 CSP21B   1642 2012                                                                                            .20B .25B
 243 CSP22B   1522 1810                                                                   .28B .40  .50  .38  .32A .18B .19B
 Av segment correlation  .45  .51  .59  .53  .49  .55  .49  .43  .40  .41  .47  .50  .52  .48  .62  .63  .45  .45  .42  .45 

 CORRELATION OF SERIES BY SEGMENTS: ca726
-----------------------------------------------------------------------------------------------------------------------------------
 Correlations of  50-year dated segments, lagged  25 years
 Flags:  A = correlation under   .3281 but highest as dated;  B = correlation higher at other than dated position

 Seq Series  Time_span  1700 1725 1750 1775 1800 1825 1850 1875 1900 1925 1950 
                        1749 1774 1799 1824 1849 1874 1899 1924 1949 1974 1999 
 --- -------- ---------  ---- ---- ---- ---- ---- ---- ---- ---- ---- ---- ---- 
   1 CSX021      0 1754  .55                                                   
   2 CSX031    330 1798  .51  .54                                              
   5 DSQ020    490 1914  .70  .67  .82  .81  .66  .68  .60                     
   6 DSQ030    200 1914  .64  .72  .75  .74  .77  .74  .58                     
   7 RWB011   -300 1765  .55                                                   
   8 EVG01A   1811 2011                           .66  .52  .58  .51  .66  .79 
   9 EVG01B   1710 2011       .70  .74  .69  .46  .49  .53  .57  .58  .66  .73 
  10 EVG02A   1571 2011  .80  .75  .73  .75  .78  .75  .67  .68  .62  .67  .72 
  11 EVG02B   1620 2011  .70  .79  .73  .69  .80  .82  .79  .70  .62  .66  .69 
  12 EVG03A   1605 1903  .56  .72  .68  .65  .65  .67  .59                     
  13 EVG03B   1609 1954  .65  .76  .78  .68  .42  .55  .54  .51  .34           
  14 EVG05A   1740 2011            .55  .61  .73  .77  .71  .75  .74  .71  .74 
  15 EVG05B   1780 2011                      .77  .72  .54  .72  .74  .70  .71 
  16 EVG06A   1399 2011  .77  .78  .79  .78  .77  .75  .69  .65  .72  .76  .75 
  17 EVG06B   1524 2011  .61  .67  .73  .81  .80  .80  .67  .62  .66  .74  .77 
  18 EVG07B   1690 2011  .65  .68  .69  .69  .71  .58  .57  .74  .69  .73  .72 
  19 EVG08A   1530 2011  .72  .72  .75  .75  .61  .68  .56  .56  .69  .64  .63 
  20 EVG08B   1661 2011  .57  .60  .78  .75  .62  .70  .69  .62  .55  .68  .64 
  21 EVG09A   1793 2011                      .69  .71  .62  .65  .75  .75  .67 
  22 EVG09B   1805 2011                           .62  .58  .67  .59  .66  .69 
  23 EVG10A   1777 2011                      .77  .79  .73  .71  .71  .73  .68 
  24 EVG10B   1670 2011  .72  .69  .78  .76  .74  .75  .71  .80  .75  .71  .68 
  25 EVG11A   1729 2011            .72  .76  .66  .62  .59  .65  .60  .68  .71 
  26 EVG11B   1576 2011  .54  .70  .80  .78  .74  .71  .68  .61  .51  .64  .65 
  27 EVG12A   1738 2011            .64  .63  .77  .80  .72  .72  .68  .75  .74 
  28 EVG12B   1691 2011  .74  .76  .75  .64  .65  .82  .73  .72  .74  .78  .66 
  29 EVG13A   1733 2011            .64  .61  .48  .58  .69  .74  .70  .77  .75 
  30 EVG13B   1757 2011                 .56  .43  .60  .64  .66  .72  .82  .83 
  31 EVG14A   1816 2010                           .52  .64  .50  .54  .69  .66 
  32 EVG14B   1821 2011                           .58  .64  .58  .59  .69  .70 
  33 EVG15A   1787 2011                      .59  .58  .54  .51  .50  .57  .65 
  34 EVG15B   1699 2011       .58  .51  .43  .41  .50  .40B .56  .59  .59  .63 
  35 EVG16A   1722 2011       .73  .70  .66  .58  .53  .55  .64  .62  .70  .62 
  36 EVG16B   1696 2007  .61  .59  .64  .68  .68  .55  .39  .52  .56  .64  .58 
  37 EVG17A   1723 2011            .69  .73  .60  .50  .47  .55  .47  .38B .44B
  38 EVG17B   1773 2011                      .33  .37  .62  .52  .31B .48  .64 
  39 EVG18A   1733 2011            .76  .72  .55  .60  .58  .55  .43  .39B .55 
  40 EVG18B   1668 1921  .59  .70  .72  .68  .45  .50  .59                     
  41 EVG19A   1697 2011  .43  .53  .60  .49  .28A .25A .20B .57  .66  .57  .57 
  42 EVG19B   1627 2011  .43  .55  .64  .50  .34  .35  .25A .62  .65  .64  .62 
  43 EVG20A   1775 2011                      .70  .76  .48  .53  .59  .66  .72 
  44 EVG20B   1747 2011            .76  .69  .51  .54  .65  .66  .68  .70  .73 
  46 CBR06A    461 1895  .44  .50  .64  .56  .60  .66                          
  48 CBR26    -1372 1832  .45  .35B .57  .51                                    
  57 MHC41A   1797 2012                      .50  .58  .71  .74  .54  .59  .69 
  58 MHC41B   1764 2012                 .49  .54  .43  .49  .77  .79  .69  .74 
  59 MHC44A   1875 2012                                          .64  .68  .71 
  60 MHC44B   1675 2012  .47  .48  .73  .77  .57  .53  .52  .46  .44  .60  .59 
  61 MHC45A   1780 2012                      .65  .76  .60  .66  .66  .55  .51 
  62 MHC45B   1584 2012  .51  .58  .80  .77  .56  .58  .46  .52  .68  .70  .66 
  63 MHC45C   1677 2012  .50  .46  .70  .69  .52  .65  .47  .39  .47  .43  .49 
  64 MHC46A   1671 2012  .48  .64  .81  .68  .33  .35  .10B .56  .73  .71  .74 
  65 MHC46B   1850 2012                                     .54  .48  .42  .45 
  66 MHC47A   1663 1950  .52  .46  .61  .56  .65  .54  .24B .56  .65           
  67 MHC47B   1675 2012  .38  .28A .48  .48  .49  .40  .32B .38  .47  .41  .36 
  68 MHC48A   1690 2012  .47  .62  .83  .82  .69  .64  .49  .57  .72  .85  .83 
  69 MHC48B   1646 2012  .37B .38  .64  .63  .53  .38  .35  .48  .59  .78  .83 
  70 MHC49A   1901 2012                                               .74  .74 
  71 MHC49B   1874 2012                                          .62  .67  .75 
  72 MHC50A   1874 2012                                          .53  .70  .81 
  73 MHC50B   1867 2012                                     .55  .65  .77  .79 
  74 MHC51A   1882 2012                                          .70  .67  .66 
  75 MHC51B   1849 2012                                     .65  .57  .62  .79 
  76 MHC52A   1846 2012                                .50  .71  .67  .64  .65 
  77 MHC53A   1882 2012                                          .56  .65  .77 
  78 MHC53B   1806 2012                           .71  .53  .57  .60  .70  .64 
  79 MHC55A   1881 2012                                          .49  .54  .73 
  80 MHC55B   1800 2012                           .63  .55  .69  .65  .64  .58 
  81 MHC56A   1852 2012                                     .67  .68  .79  .83 
  82 MHC56B   1820 2012                           .51  .57  .54  .72  .74  .70 
  83 MHC56C   1816 2012                           .56  .58  .54  .68  .70  .67 
  84 MHC58A   1864 2012                                     .61  .61  .64  .69 
  85 MHC58B   1886 2012                                          .63  .74  .69 
  86 MHC59A   1867 2012                                     .58  .57  .62  .51 
  87 MHC60A   1835 2012                                .57  .70  .74  .75  .78 
  88 MHC60B   1816 2012                           .71  .67  .67  .67  .73  .75 
  89 MHC61A   1808 2012                           .30B .42  .66  .75  .66  .67 
  90 BMR10     540 1790  .24B .28B                                             
  92 BMC42A   1577 2012  .47  .48  .81  .69  .48  .64  .51  .69  .64  .67  .75 
  93 BMC42B   1777 2012                      .00B .26B .44B .65  .57  .53  .59 
  94 BMC43A   1516 2012  .43  .49  .61  .48  .02B .12B .35  .56  .61  .72  .75 
  95 BMC43B   1800 2012                           .43  .45  .58  .61  .61  .75 
  96 BMC44A   1871 2012                                     .59  .44  .26B .26B
  97 BMC44B   1871 2012                                     .59  .75  .48  .29B
  98 BMC46A   1901 2012                                               .45  .50 
  99 BMC46B   1815 2012                           .45  .26A .30A .48  .39  .44 
 100 BMC46C   1722 1850       .42  .57  .35  .19B                              
 101 BMC47A   1781 2012                      .20A .10B .15B .31B .40  .54  .48 
 102 BMC47B   1668 2012  .54  .50  .60  .50  .09B .20B .38  .39  .30A .31A .54 
 103 BMC48A   1857 2012                                     .50  .41  .47  .38 
 104 BMC48B   1774 2012                      .29B .24B .30B .33  .33  .30A .38 
 105 BMC49A   1706 2012       .07B .52  .52  .40  .52  .37  .34  .41  .27A .40 
 106 BMC50A   1853 2012                                     .32A .23A .36  .48 
 108 BMC50B2  1850 2012                                     .35  .41  .14B .18B
 109 BMC51A   1785 2012                      .31B .29B .06B .40  .58  .42  .56 
 110 BMC51B   1875 2012                                          .41  .26A .30A
 111 BMC52A   1680 2012  .61  .74  .72  .64  .42  .37  .30B .54  .49  .56  .70 
 112 BMC52B   1824 2012                                .51  .63  .61  .55  .48 
 113 BMC53A   1528 2012  .57  .64  .84  .82  .75  .65  .44  .60  .58  .70  .80 
 114 BMC54A   1709 2012       .65  .78  .77  .68  .61  .45  .64  .66  .52  .43 
 115 BMC54B   1653 2012  .58  .72  .80  .79  .65  .66  .53  .59  .69  .70  .61 
 116 BMC55A   1884 2012                                          .41  .64  .67 
 117 BMC55B   1915 2012                                               .60  .68 
 118 BMC57A   1700 2012       .27A .49  .65  .59  .46  .19B .41  .41  .15B .32B
 119 BMC57B   1754 2012                 .53  .47  .60  .44  .47  .37  .43  .53 
 120 BMC58A   1729 2012            .35  .45  .57  .62  .54  .57  .52  .42  .49 
 121 BMC58B   1676 2012  .46  .39  .62  .68  .73  .71  .25A .39  .49  .32A .49 
 122 BMC59A   1767 2012                 .61  .58  .58  .46  .59  .54  .48  .46 
 123 BMC59B   1527 2012  .47  .67  .78  .75  .50  .47  .37B .49  .44  .22B .31A
 124 BMC60A   1752 2012                 .78  .68  .51  .28B .34  .32A .19B .49 
 125 BMC60B   1696 2012  .21B .09B .66  .81  .66  .65  .51  .54  .52  .37  .43 
 126 BMC61A   1835 2012                                .46  .53  .56  .33  .42 
 127 BMC61B   1709 2012       .44  .52  .44B .48  .63  .50  .54  .39  .36  .42 
 128 BMC62B   1717 2012       .53  .69  .68  .53  .57  .53  .54  .52  .56  .70 
 134 PPR01      70 1950  .57  .47  .54  .53  .30A .31A .39  .43  .17B          
 135 PPR02      90 1950  .60  .60  .57  .58  .70  .62  .42  .47  .46           
 136 PPR03    -230 1755  .68                                                   
 137 FCG24A    421 1791  .59  .40                                              
 139 RMU01B    844 1963  .54  .49  .60  .50  .46  .55  .49  .45  .50           
 140 BBG19    1001 1977  .54  .42  .66  .73  .70  .50  .16B .44B .44  .49      
 141 EGR151   1699 1989       .58  .74  .74  .75  .70  .29A .35  .42  .55      
 142 HMW04B2   600 1984  .49  .45  .63  .62  .57  .60  .42  .46  .59  .50      
 143 LME4C    1150 1972  .79  .66  .50  .54  .73  .73  .41B .50  .53           
 144 RFT       827 1991  .78  .60  .48  .51  .58  .61  .52  .66  .51  .34      
 146 MHCA51   1760 1989                 .57  .45  .41  .26B .31A .52  .72      
 147 MHC261   1481 1989  .55  .66  .47  .43  .59  .39  .41  .62  .52  .52      
 148 MHC271   1480 1989  .28A .29A .58  .63  .53  .49  .33B .36  .40  .35      
 149 MHF201   1496 1987  .49  .57  .58  .56  .56  .52  .26B .40  .43  .36      
 150 BMG03A   1415 1991  .47  .62  .58  .58  .60  .61  .48  .54  .51 -.06B     
 151 BMG09B   1524 1991  .19B .36  .58  .56  .44  .45  .36  .52  .41  .24B     
 152 BMG32A   1568 1991  .37  .55  .59  .59  .59  .43  .35B .58  .59  .56      
 153 BMG32B   1530 1991  .43  .54  .60  .55  .78  .71  .50  .65  .58  .57      
 154 BMR02    1640 1965  .60  .68  .80  .87  .77  .75  .66  .72  .71           
 155 BMR12     600 1936  .55  .80  .82  .76  .67  .58  .35  .56                
 157 RHR07A   1200 1806  .47  .31A .50                                         
 159 RHG22C   1275 1992  .41 -.01B .22A .39  .33  .30A .35  .48  .54  .50      
 160 LMG03A   1476 1992  .55  .51  .42  .32A .33A .21B .21B .12B .26B .51      
 161 LMG10B   1476 1808  .49  .35  .09B                                        
 162 LMG20B   1624 1992  .74  .71  .75  .70  .49  .48  .46  .54  .57  .67      
 163 LMG24A   1504 1992  .73  .68  .61  .55  .56  .60  .39  .48  .47  .09B     
 164 LMG29A   1308 1992  .41  .34  .47  .32A .40  .60  .48  .52  .67  .61      
 165 LMG29B   1526 1992  .35  .36  .58  .53  .54  .55  .43  .57  .62  .55      
 166 PSG06A    941 1911  .36  .27B .54  .52  .49  .49  .38B                    
 167 PSG28A   1487 1992  .45  .47  .56  .54  .37  .37  .19B-.05B .26A .65      
 168 PSG28B    903 1992  .47  .36  .46  .57  .48  .44  .33  .39  .41  .45      
 169 PSG30B   1347 1992  .46  .39B .28B .36  .46  .45  .45  .52  .61  .80      
 170 DCG04A   1341 1992  .63  .48  .47  .47  .36  .33A .23B .34  .33A .46      
 171 DCG04B   1324 1992  .65  .37B .29B .54  .33A .29A .29A .36B .42  .55      
 172 DCG09B   1451 1992  .68  .60  .67  .63  .51  .63  .44  .29A .40  .34      
 173 DCG13B   1404 1992  .48  .41  .47  .48  .30A .25A .17B .20B .40  .65      
 174 DCG21B   1358 1910  .60  .37B .51  .63  .47  .51  .45                     
 175 EFK05A   1405 1991  .44  .53  .66  .67  .40  .35  .29A .48  .48  .48      
 176 EFK05B   1423 1991  .52  .44  .72  .66  .47  .42  .16B .50  .65  .57      
 177 EFK08A   1425 1991  .41  .65  .76  .71  .72  .71  .39  .42  .44  .51      
 178 GAR21A   1424 1940  .60  .72  .69  .65  .47  .49  .30A .25A               
 179 GAR21B   1435 1991  .43  .66  .60  .54  .64  .67  .52  .60  .34  .22A     
 180 GAR24A   1360 1991  .72  .74  .66  .71  .71  .73  .54  .63  .54  .24B     
 181 GAR24B   1360 1991  .70  .68  .67  .69  .57  .63  .66  .55  .38  .40      
 182 MUI10C   1399 1991  .46  .61  .70  .67  .50  .36  .17B .50  .68  .71      
 184 SCG11B   1150 1846  .48  .32A .57  .55                                    
 185 SCG11C    900 1859  .21A .15B .44  .51  .39                               
 186 FCG22B   1205 1992  .65  .59  .43  .42  .45  .43  .49  .50  .40  .52      
 188 CGN02A    870 1817  .30A .31A .32B                                        
 192 CGN6-1    924 1774  .22A .33                                              
 199 CLS10A    918 1990  .38  .37  .42  .36  .49  .63  .49  .52  .54  .52      
 201 CLS14B   1132 1994  .37  .25B .47  .38  .38  .43  .32A .52  .54  .26B     
 202 CLS14C    998 1993  .51  .36  .52  .51  .40  .45  .39  .49  .47  .22B     
 203 CLS15B    960 1994  .45B .34B .48  .34  .19A .27B .44  .42  .11B .25B     
 205 CSG02B    980 1784  .55  .38                                              
 206 CSG03A    907 1994  .57  .55  .43  .50  .54  .36  .32A .51  .49  .30B     
 207 CSG04A   1105 1993  .49  .34  .36  .40B .32A .31A .26A .47  .50  .27B     
 208 CSG04C   1046 1993  .54  .38  .48  .51  .37  .35  .26B .32A .34  .19B     
 210 CSP01A   1647 1970  .20B .18B .22B .23B .26B .34  .28B .22A .18B          
 211 CSP02A   1902 2012                                               .13B .24A
 212 CSP02B   1887 2012                                          .17B .30B .35 
 213 CSP03A   1842 2012                                .29A .32A .20B .22B .46 
 214 CSP03B   1827 2012                                .20B .29B .25A .19B .24B
 215 CSP04B   1865 2012                                     .25B .22B .19B .24A
 216 CSP05A   1837 2012                                .13B .13B .21B .34  .40 
 217 CSP05B   1846 2012                                .28B .27B .24A .29B .36 
 218 CSP05C   1853 2012                                     .32A .12B .16B .18B
 219 CSP07A   1851 2012                                     .30B .27A .40  .26A
 220 CSP07B   1803 2012                           .23A .42  .35  .25B .29A .29A
 221 CSP08A   1794 2012                      .19B .14B .46  .51  .31A .28A .12B
 222 CSP09A   1819 2012                           .54  .52  .50  .40  .35  .28A
 223 CSP09B   1830 2012                                .47  .28A .19B .21A .42 
 224 CSP10A   1774 2012                 .30A .12B .16B .32A .24A .29A .22A .33 
 225 CSP10B   1800 2012                           .13B .35  .21A .27A .29A .26A
 226 CSP11A   1851 2012                                     .39  .32A .43  .22A
 227 CSP11B   1844 2012                                .53  .64  .36  .10B .21B
 228 CSP12A   1822 2012                           .10B .50  .45  .04B .00B .24A
 229 CSP12B   1838 2012                                .64  .51  .25A .09B .34 
 230 CSP14A   1847 2012                                .48  .60  .42  .11B .06B
 231 CSP14B   1887 2012                                          .48  .37  .42 
 232 CSP15A   1810 2012                          -.04B .41  .46  .47  .36  .29A
 233 CSP15B   1815 2012                           .00B .32A .40  .38  .21A .34 
 234 CSP16A   1850 2012                                     .14B .23A .24A .42 
 235 CSP16B   1675 2012  .25A .22A .44B .47  .26B .28B .23B .16B .18B .33A .28A
 236 CSP17A   1906 2012                                               .20B .31B
 237 CSP17B   1906 2012                                               .20A .20A
 238 CSP19A   1878 2012                                          .33  .15B .24A
 239 CSP20A   1909 2012                                               .39  .36 
 240 CSP20B   1905 2012                                               .35  .56 
 241 CSP21B   1642 2012  .35  .22B .18B .27A .43  .42  .40  .42  .30A .13B .37 
 242 CSP22A   1797 2011                      .52  .51  .28A .35  .41  .15B .27B
 243 CSP22B   1522 1810  .22B .09B .47                                         
 244 CSP23A   1694 2012  .45  .53  .39  .35  .38  .35  .25B .45  .45  .50  .49 
 245 CSP23B   1849 2012                                .27B .50  .51  .21B .26B
 246 CSP24A   1850 2012                                     .29A .24A .16B .47 
 247 CSP24B   1846 1980                                .18B .31A .28B .19B     
 248 CSP25A   1861 2012                                     .39  .34  .31A .56 
 249 CSP25B   1883 2012                                          .36  .36  .64 
 250 CSP27A   1917 2012                                               .16B .58 
 251 CSP27B   1908 2012                                               .13B .43 
 252 CSP28A   1876 2012                                          .21B .20A .33 
 253 CSP28B   1900 2012                                               .26B .48 
 254 CSP29B   1770 2012                 .16B .35  .36  .23B .29B .24B-.03B .08B
 255 CSP32A   1752 2012                 .42  .21B .34B .19B .18B .23B .29B .47 
 256 CSP32B   1753 2012                 .49  .41  .41  .17B .25B .31B .09B .42 
 257 CSP33A   1724 2012            .29B .23B .19B .26B .17B .20B .50  .34  .23B
 258 CSP33B   1883 2012                                          .34  .19B .41 
 Av segment correlation  .51  .50  .60  .59  .51  .51  .43  .49  .49  .47  .53 

 FLAGGED SEGMENTS: ca726
-----------------------------------------------------------------------------------------------------------------------------------
 Seq Series   Segment    Flag  r dated  Best lag  r at lag   Gain  Note
 --- -------- ---------  ----  -------  --------  --------  -----  -----------------
   1 CSX021     25   74     A     .265         0
   1 CSX021     50   99     A     .231         0
   1 CSX021    450  499     A     .322         0
   2 CSX031   1650 1699     A     .318         0
   3 CSX081     25   74     A     .295         0
   3 CSX081    350  399     B     .213        -9      .254   .041  weak at every lag
   3 CSX081    375  424     A     .320         0
   4 CSX101    950  999     B     .381        -1      .493   .112
   4 CSX101   1100 1149     A     .286         0
   4 CSX101   1200 1249     B     .383       -10      .408   .024
   4 CSX101   1300 1349     B     .138        -1      .401   .263
   4 CSX101   1325 1374     B     .347        -1      .494   .147
   6 DSQ030   1175 1224     B     .279         5      .313   .034  weak at every lag
   7 RWB011     25   74     B     .195         4      .467   .272
   7 RWB011     50   99     B     .060         3      .282   .222  weak at every lag
   7 RWB011    275  324     B     .356        -8      .414   .058
   7 RWB011   1075 1124     A     .271         0
   7 RWB011   1400 1449     B     .300         7      .335   .035
   7 RWB011   1425 1474     B     .211         5      .239   .027  weak at every lag
   7 RWB011   1450 1499     A     .306         0
  17 EVG06B   1625 1674     A     .317         0
  34 EVG15B   1850 1899     B     .397         6      .488   .091
  37 EVG17A   1925 1974     B     .378         1      .404   .026
  37 EVG17A   1950 1999     B     .435         1      .449   .014
  38 EVG17B   1900 1949     B     .308         4      .315   .007  weak at every lag
  39 EVG18A   1925 1974     B     .393         1      .478   .084
  41 EVG19A   1800 1849     A     .284         0
  41 EVG19A   1825 1874     A     .249         0
  41 EVG19A   1850 1899     B     .196         7      .261   .064  weak at every lag
  42 EVG19B   1850 1899     A     .245         0
  45 CBR05      25   74     B     .329         1      .339   .011
  45 CBR05     300  349     A     .300         0
  45 CBR05     450  499     A     .306         0
  46 CBR06A    800  849     B     .267        -1      .383   .116
  46 CBR06A    850  899     B     .342        -4      .388   .046
  46 CBR06A    875  924     B     .221         5      .278   .056  weak at every lag
  46 CBR06A    975 1024     A     .219         0
  46 CBR06A   1000 1049     B     .203         3      .220   .017  weak at every lag
  46 CBR06A   1175 1224     B     .285         6      .289   .004  weak at every lag
  46 CBR06A   1375 1424     A     .319         0
  46 CBR06A   1400 1449     B     .153        -3      .350   .197
  46 CBR06A   1425 1474     A     .296         0
  46 CBR06A   1600 1649     B     .296         1      .368   .072
  46 CBR06A   1625 1674     B     .352         1      .468   .116
  46 CBR06A   1650 1699     B     .321         1      .456   .134
  47 CBR21B   -1175 -1126     B     .182         3      .318   .136  weak at every lag
  47 CBR21B   -1150 -1101     A     .234         0
  47 CBR21B   -1125 -1076     B     .089        -5      .263   .173  weak at every lag
  47 CBR21B   -1100 -1051     B     .183         3      .357   .174
  47 CBR21B   -1075 -1026     B     .270         3      .300   .030  weak at every lag
  47 CBR21B   -1050 -1001     A     .317         0
  47 CBR21B   -1000 -951     B     .219        -9      .250   .031  weak at every lag
  47 CBR21B   -975 -926     B     .165        10      .194   .030  weak at every lag
  47 CBR21B   -900 -851     B     .151         5      .349   .197
  47 CBR21B   -800 -751     B     .124        -9      .309   .185  weak at every lag
  47 CBR21B   -500 -451     A     .324         0
  47 CBR21B   -325 -276     B     .207        -5      .271   .064  weak at every lag
  47 CBR21B   -300 -251     B     .238        -8      .275   .038  weak at every lag
  47 CBR21B   -150 -101     A     .320         0
  47 CBR21B    700  749     A     .326         0
  47 CBR21B    975 1024     B    -.078        -6      .360   .438
  47 CBR21B   1000 1049     A     .242         0
  47 CBR21B   1200 1249     B     .226       -10      .396   .170
  47 CBR21B   1400 1449     A     .281         0
  47 CBR21B   1475 1524     B     .207        -3      .264   .057  weak at every lag
  47 CBR21B   1500 1549     B     .102        -3      .311   .209  weak at every lag
  47 CBR21B   1525 1574     B     .241         1      .412   .171
  48 CBR26    -1175 -1126     B     .182        -3      .258   .076  weak at every lag
  48 CBR26    -1150 -1101     A     .234         0
  48 CBR26    -1125 -1076     B     .089         5      .275   .186  weak at every lag
  48 CBR26    -1100 -1051     B     .183        -3      .356   .173
  48 CBR26    -1075 -1026     B     .270        -3      .349   .079
  48 CBR26    -1050 -1001     A     .317         0
  48 CBR26    -1000 -951     B     .219         9      .320   .101  weak at every lag
  48 CBR26    -975 -926     B     .165        -7      .329   .164
  48 CBR26    -900 -851     B     .151         8      .272   .120  weak at every lag
  48 CBR26    -525 -476     A     .300         0
  48 CBR26    -500 -451     A     .320         0
  48 CBR26    -475 -426     B     .152         3      .305   .153  weak at every lag
  48 CBR26    -450 -401     A     .304         0
  48 CBR26    -325 -276     A     .267         0
  48 CBR26    -300 -251     B     .170         8      .254   .084  weak at every lag
  48 CBR26    -275 -226     A     .272         0
  48 CBR26    -150 -101     B     .293        -3      .416   .123
  48 CBR26     225  274     B     .285         7      .357   .072
  48 CBR26     700  749     B     .308        -1      .326   .019  weak at every lag
  48 CBR26     975 1024     B     .286        -1      .330   .044
  48 CBR26    1000 1049     A     .201         0
  48 CBR26    1100 1149     B    -.023        -8      .252   .275  weak at every lag
  48 CBR26    1125 1174     B    -.025        -8      .142   .167  weak at every lag
  48 CBR26    1300 1349     B     .140         1      .558   .418
  48 CBR26    1325 1374     B     .238         1      .370   .133
  48 CBR26    1375 1424     B     .301         8      .361   .059
  48 CBR26    1400 1449     B     .150        -1      .328   .177  weak at every lag
  48 CBR26    1650 1699     A     .242         0
  48 CBR26    1725 1774     B     .352        -7      .356   .005
  50 CBR30    1100 1149     B     .291        -5      .330   .039
  51 CBR31     850  899     A     .253         0
  51 CBR31     875  924     B     .055        -2      .122   .067  weak at every lag
  51 CBR31     900  949     A     .324         0
  51 CBR31    1200 1249     A     .312         0
  51 CBR31    1375 1424     A     .317         0
  51 CBR31    1575 1624     A     .315         0
  52 LME03F    550  599     B     .255        -4      .268   .013  weak at every lag
  52 LME03F    575  624     B     .209         5      .221   .012  weak at every lag
  52 LME03F   1025 1074     B     .442        -7      .489   .047
  52 LME03F   1275 1324     B     .378         8      .485   .108
  52 LME03F   1425 1474     A     .314         0
  52 LME03F   1600 1649     B     .372        -5      .374   .002
  52 LME03F   1625 1674     B     .252        -5      .290   .038  weak at every lag
  52 LME03F   1650 1699     A     .284         0
  53 LME2C       0   49     B     .264        -1      .319   .056  weak at every lag
  53 LME2C      25   74     B     .322        -1      .445   .123
  53 LME2C      50   99     A     .312         0
  54 MHF021   -525 -476     A     .284         0
  54 MHF021   -500 -451     A     .261         0
  54 MHF021   -475 -426     B     .203        10      .266   .063  weak at every lag
  54 MHF021   -300 -251     A     .300         0
  54 MHF021   -275 -226     A     .287         0
  54 MHF021   -150 -101     B     .324         8      .394   .070
  54 MHF021    -50   -1     A     .290         0
  54 MHF021    325  374     A     .319         0
  54 MHF021    475  524     A     .301         0
  54 MHF021    500  549     B     .251        -1      .370   .119
  54 MHF021    825  874     A     .321         0
  54 MHF021   1025 1074     B     .229        -2      .307   .078  weak at every lag
  54 MHF021   1050 1099     B     .199        -2      .420   .222
  55 MHF039   -825 -776     B     .382         6      .403   .022
  55 MHF039   -800 -751     B     .215         6      .282   .067  weak at every lag
  55 MHF039   -775 -726     B     .136         9      .205   .069  weak at every lag
  55 MHF039   -750 -701     B     .276        -4      .362   .086
  55 MHF039   -525 -476     A     .325         0
  55 MHF039   -500 -451     B     .168        -2      .171   .002  weak at every lag
  55 MHF039   -275 -226     A     .293         0
  55 MHF039    -75  -26     B     .344         6      .421   .077
  55 MHF039    175  224     A     .227         0
  55 MHF039    200  249     A     .177         0
  55 MHF039    425  474     A     .270         0
  55 MHF039    450  499     A     .298         0
  55 MHF039    700  749     B     .158        -8      .386   .228
  55 MHF039    725  774     B     .162        -7      .383   .221
  55 MHF039    800  849     A     .263         0
  56 MHF091   -275 -226     B     .200        -4      .268   .068  weak at every lag
  56 MHF091   -150 -101     B     .144        -8      .322   .178  weak at every lag
  56 MHF091    125  174     A     .312         0
  56 MHF091    225  274     B     .352         8      .389   .037
  56 MHF091    500  549     A     .295         0
  64 MHC46A   1850 1899     B     .098       -10      .350   .252
  66 MHC47A   1850 1899     B     .239        -3      .330   .091
  67 MHC47B   1725 1774     A     .283         0
  67 MHC47B   1850 1899     B     .325         6      .381   .056
  69 MHC48B   1700 1749     B     .367         4      .448   .081
  89 MHC61A   1825 1874     B     .300         1      .342   .042
  90 BMR10    1675 1724     A     .243         0
  90 BMR10    1700 1749     B     .239         1      .315   .076  weak at every lag
  90 BMR10    1725 1774     B     .284         8      .352   .068
  91 BMR11    1525 1574     A     .298         0
  92 BMC42A   1650 1699     A     .300         0
  93 BMC42B   1800 1849     B     .004         7      .185   .181  weak at every lag
  93 BMC42B   1825 1874     B     .261         6      .386   .125
  93 BMC42B   1850 1899     B     .441         6      .502   .061
  94 BMC43A   1800 1849     B     .020         2      .213   .193  weak at every lag
  94 BMC43A   1825 1874     B     .125         2      .243   .118  weak at every lag
  96 BMC44A   1925 1974     B     .258        -2      .262   .004  weak at every lag
  96 BMC44A   1950 1999     B     .255        -2      .290   .034  weak at every lag
  97 BMC44B   1950 1999     B     .294        -2      .296   .002  weak at every lag
  99 BMC46B   1850 1899     A     .259         0
  99 BMC46B   1875 1924     A     .300         0
 100 BMC46C   1800 1849     B     .193         8      .222   .029  weak at every lag
 101 BMC47A   1800 1849     A     .199         0
 101 BMC47A   1825 1874     B     .102         5      .203   .101  weak at every lag
 101 BMC47A   1850 1899     B     .147        -1      .249   .102  weak at every lag
 101 BMC47A   1875 1924     B     .306       -10      .333   .027
 102 BMC47B   1800 1849     B     .091        -1      .212   .121  weak at every lag
 102 BMC47B   1825 1874     B     .201         4      .328   .127
 102 BMC47B   1900 1949     A     .303         0
 102 BMC47B   1925 1974     A     .306         0
 104 BMC48B   1800 1849     B     .286         2      .289   .002  weak at every lag
 104 BMC48B   1825 1874     B     .240         2      .298   .059  weak at every lag
 104 BMC48B   1850 1899     B     .300        -1      .338   .038
 104 BMC48B   1925 1974     A     .303         0
 105 BMC49A   1725 1774     B     .074        -7      .261   .187  weak at every lag
 105 BMC49A   1925 1974     A     .266         0
 106 BMC50A   1875 1924     A     .320         0
 106 BMC50A   1900 1949     A     .228         0
 108 BMC50B2  1925 1974     B     .142        -4      .252   .109  weak at every lag
 108 BMC50B2  1950 1999     B     .181        -4      .372   .191
 109 BMC51A   1800 1849     B     .306         8      .333   .027
 109 BMC51A   1825 1874     B     .290        -7      .309   .019  weak at every lag
 109 BMC51A   1850 1899     B     .057        -7      .348   .291
 110 BMC51B   1925 1974     A     .260         0
 110 BMC51B   1950 1999     A     .301         0
 111 BMC52A   1850 1899     B     .303        10      .408   .106
 118 BMC57A   1725 1774     A     .267         0
 118 BMC57A   1850 1899     B     .185        -3      .199   .014  weak at every lag
 118 BMC57A   1925 1974     B     .154        -2      .327   .173  weak at every lag
 118 BMC57A   1950 1999     B     .317         1      .384   .066
 121 BMC58B   1850 1899     A     .250         0
 121 BMC58B   1925 1974     A     .322         0
 123 BMC59B   1850 1899     B     .368        -6      .414   .047
 123 BMC59B   1925 1974     B     .224        -2      .411   .186
 123 BMC59B   1950 1999     A     .306         0
 124 BMC60A   1850 1899     B     .275        -7      .346   .071
 124 BMC60A   1900 1949     A     .323         0
 124 BMC60A   1925 1974     B     .187         8      .245   .058  weak at every lag
 125 BMC60B   1700 1749     B     .210         9      .220   .010  weak at every lag
 125 BMC60B   1725 1774     B     .095         7      .269   .174  weak at every lag
 127 BMC61B   1775 1824     B     .439        -1      .454   .015
 130 RHG04B    850  899     B     .408        -4      .416   .009
 130 RHG04B   1300 1349     B     .409        -4      .421   .011
 130 RHG04B   1650 1699     B     .242        10      .246   .004  weak at every lag
 132 RHG04E    375  424     B     .193         5      .258   .065  weak at every lag
 132 RHG04E    400  449     B     .270        -4      .285   .015  weak at every lag
 134 PPR01     225  274     B     .373        -7      .421   .048
 134 PPR01     450  499     B     .260        10      .273   .013  weak at every lag
 134 PPR01    1800 1849     A     .303         0
 134 PPR01    1825 1874     A     .309         0
 134 PPR01    1900 1949     B     .173        -7      .403   .230
 135 PPR02     175  224     B     .241         3      .249   .008  weak at every lag
 135 PPR02     200  249     B     .193        -1      .252   .060  weak at every lag
 135 PPR02     225  274     B     .392        -7      .399   .007
 135 PPR02     275  324     B     .214         1      .305   .090  weak at every lag
 135 PPR02     300  349     B     .091       -10      .280   .189  weak at every lag
 135 PPR02     325  374     A     .269         0
 135 PPR02     700  749     A     .319         0
 135 PPR02    1075 1124     A     .309         0
 135 PPR02    1100 1149     B     .252         8      .262   .010  weak at every lag
 135 PPR02    1175 1224     A     .301         0
 135 PPR02    1600 1649     A     .305         0
 137 FCG24A    425  474     B     .356         8      .412   .056
 137 FCG24A    450  499     B     .293         7      .384   .091
 137 FCG24A    725  774     A     .302         0
 137 FCG24A    975 1024     B     .366        -1      .482   .116
 137 FCG24A   1000 1049     B     .257        -7      .277   .020  weak at every lag
 137 FCG24A   1225 1274     B     .353        -4      .441   .089
 137 FCG24A   1550 1599     B     .017         9      .299   .283  weak at every lag
 137 FCG24A   1575 1624     B     .070         1      .326   .256  weak at every lag
 138 FCG26B    575  624     A     .252         0
 138 FCG26B    800  849     B     .539        10      .604   .065
 138 FCG26B   1450 1499     A     .279         0
 138 FCG26B   1625 1674     B     .361       -10      .406   .045
 138 FCG26B   1650 1699     B     .290        -7      .411   .121
 139 RMU01B    850  899     B     .171         4      .410   .239
 139 RMU01B    925  974     A     .286         0
 139 RMU01B    950  999     A     .286         0
 139 RMU01B   1125 1174     B     .284         5      .285   .000  weak at every lag
 139 RMU01B   1150 1199     B     .217        -1      .320   .103  weak at every lag
 140 BBG19    1100 1149     A     .312         0
 140 BBG19    1850 1899     B     .159        -9      .302   .142  weak at every lag
 140 BBG19    1875 1924     B     .439         7      .451   .013
 141 EGR151   1850 1899     A     .287         0
 142 HMW04B2   625  674     A     .269         0
 142 HMW04B2   875  924     A     .280         0
 142 HMW04B2   975 1024     A     .326         0
 142 HMW04B2  1200 1249     B     .346        10      .348   .001
 142 HMW04B2  1600 1649     B     .102         2      .352   .250
 142 HMW04B2  1625 1674     B     .292        -5      .398   .107
 143 LME4C    1600 1649     A     .265         0
 143 LME4C    1850 1899     B     .413        -3      .414   .001
 145 MHC151   1625 1674     A     .257         0
 146 MHCA51   1850 1899     B     .257         6      .369   .112
 146 MHCA51   1875 1924     A     .312         0
 148 MHC271   1625 1674     A     .304         0
 148 MHC271   1650 1699     B     .212       -10      .266   .055  weak at every lag
 148 MHC271   1675 1724     A     .248         0
 148 MHC271   1700 1749     A     .282         0
 148 MHC271   1725 1774     A     .294         0
 148 MHC271   1850 1899     B     .332         3      .407   .075
 149 MHF201   1850 1899     B     .264         6      .283   .019  weak at every lag
 150 BMG03A   1425 1474     A     .291         0
 150 BMG03A   1450 1499     B     .282        -5      .308   .027  weak at every lag
 150 BMG03A   1675 1724     B     .294         3      .360   .066
 150 BMG03A   1925 1974     B    -.062         6      .507   .569
 151 BMG09B   1600 1649     B     .233         3      .264   .030  weak at every lag
 151 BMG09B   1675 1724     B     .176         8      .238   .062  weak at every lag
 151 BMG09B   1700 1749     B     .195         8      .294   .099  weak at every lag
 151 BMG09B   1925 1974     B     .243        -2      .248   .004  weak at every lag
 152 BMG32A   1650 1699     B     .335        -5      .422   .087
 152 BMG32A   1675 1724     A     .227         0
 152 BMG32A   1850 1899     B     .349        -3      .377   .028
 155 BMR12     825  874     B     .329        -8      .417   .087
 155 BMR12    1675 1724     B     .291         1      .384   .093
 156 RHR01A    350  399     A     .303         0
 156 RHR01A    375  424     B     .198        10      .355   .157
 156 RHR01A    400  449     A     .311         0
 156 RHR01A    825  874     B     .420       -10      .481   .061
 157 RHR07A   1600 1649     B     .096        -5      .306   .211  weak at every lag
 157 RHR07A   1725 1774     A     .313         0
 158 RHR08    1375 1424     A     .223         0
 158 RHR08    1400 1449     A     .311         0
 158 RHR08    1450 1499     A     .283         0
 158 RHR08    1600 1649     B     .258         4      .293   .034  weak at every lag
 158 RHR08    1625 1674     A     .235         0
 158 RHR08    1650 1699     A     .322         0
 159 RHG22C   1300 1349     B     .227        -9      .248   .021  weak at every lag
 159 RHG22C   1325 1374     A     .287         0
 159 RHG22C   1350 1399     B     .178        -1      .213   .035  weak at every lag
 159 RHG22C   1375 1424     B     .066         7      .270   .204  weak at every lag
 159 RHG22C   1400 1449     B     .042        -3      .298   .256  weak at every lag
 159 RHG22C   1425 1474     A     .231         0
 159 RHG22C   1525 1574     B     .168        -8      .318   .149  weak at every lag
 159 RHG22C   1600 1649     A     .253         0
 159 RHG22C   1650 1699     A     .323         0
 159 RHG22C   1725 1774     B    -.012         7      .290   .302  weak at every lag
 159 RHG22C   1750 1799     A     .216         0
 159 RHG22C   1825 1874     A     .300         0
 160 LMG03A   1600 1649     A     .288         0
 160 LMG03A   1625 1674     A     .271         0
 160 LMG03A   1650 1699     A     .327         0
 160 LMG03A   1775 1824     A     .325         0
 160 LMG03A   1800 1849     A     .325         0
 160 LMG03A   1825 1874     B     .211       -10      .251   .039  weak at every lag
 160 LMG03A   1850 1899     B     .206         6      .241   .034  weak at every lag
 160 LMG03A   1875 1924     B     .120         6      .293   .173  weak at every lag
 160 LMG03A   1900 1949     B     .265        -2      .286   .022  weak at every lag
 161 LMG10B   1500 1549     B     .396         8      .423   .027
 161 LMG10B   1600 1649     B     .240         5      .260   .019  weak at every lag
 161 LMG10B   1625 1674     B     .173         5      .317   .144  weak at every lag
 161 LMG10B   1650 1699     B     .148         4      .333   .184
 161 LMG10B   1675 1724     B     .270         4      .394   .125
 161 LMG10B   1750 1799     B     .095        -4      .194   .099  weak at every lag
 163 LMG24A   1925 1974     B     .088        -8      .389   .301
 164 LMG29A   1350 1399     B     .173         8      .180   .008  weak at every lag
 164 LMG29A   1375 1424     B     .145        -7      .246   .101  weak at every lag
 164 LMG29A   1400 1449     B     .149        -4      .319   .170  weak at every lag
 164 LMG29A   1425 1474     B     .303        -9      .308   .005  weak at every lag
 164 LMG29A   1600 1649     A     .258         0
 164 LMG29A   1650 1699     B     .298        -1      .398   .100
 164 LMG29A   1675 1724     B     .383        -1      .392   .009
 164 LMG29A   1775 1824     A     .323         0
 165 LMG29B   1600 1649     B     .168        -6      .370   .202
 165 LMG29B   1625 1674     B     .290        -1      .404   .114
 166 PSG06A   1625 1674     B     .422         5      .488   .065
 166 PSG06A   1725 1774     B     .274        -6      .323   .049  weak at every lag
 166 PSG06A   1850 1899     B     .378         3      .435   .057
 167 PSG28A   1525 1574     A     .326         0
 167 PSG28A   1850 1899     B     .187        -4      .320   .133  weak at every lag
 167 PSG28A   1875 1924     B    -.047        -4      .195   .242  weak at every lag
 167 PSG28A   1900 1949     A     .261         0
 168 PSG28B   1200 1249     B     .312        10      .341   .029
 168 PSG28B   1225 1274     B     .371         3      .440   .069
 169 PSG30B   1525 1574     B     .316         4      .317   .001  weak at every lag
 169 PSG30B   1725 1774     B     .385         4      .408   .023
 169 PSG30B   1750 1799     B     .276         4      .373   .097
 170 DCG04A   1825 1874     A     .327         0
 170 DCG04A   1850 1899     B     .230         7      .320   .089  weak at every lag
 170 DCG04A   1900 1949     A     .326         0
 171 DCG04B   1375 1424     A     .292         0
 171 DCG04B   1725 1774     B     .371         6      .387   .016
 171 DCG04B   1750 1799     B     .292         6      .481   .189
 171 DCG04B   1800 1849     A     .328         0
 171 DCG04B   1825 1874     A     .293         0
 171 DCG04B   1850 1899     A     .287         0
 171 DCG04B   1875 1924     B     .364         7      .448   .084
 172 DCG09B   1875 1924     A     .294         0
 173 DCG13B   1425 1474     B     .276        -1      .288   .012  weak at every lag
 173 DCG13B   1475 1524     A     .298         0
 173 DCG13B   1800 1849     A     .304         0
 173 DCG13B   1825 1874     A     .253         0
 173 DCG13B   1850 1899     B     .170         7      .218   .048  weak at every lag
 173 DCG13B   1875 1924     B     .197         7      .251   .054  weak at every lag
 174 DCG21B   1425 1474     B     .348        -4      .378   .030
 174 DCG21B   1725 1774     B     .369         6      .404   .035
 175 EFK05A   1650 1699     B     .438        -1      .476   .039
 175 EFK05A   1675 1724     B     .279        -1      .287   .008  weak at every lag
 175 EFK05A   1850 1899     A     .289         0
 176 EFK05B   1625 1674     B     .331        -1      .462   .131
 176 EFK05B   1650 1699     B     .240        -1      .313   .072  weak at every lag
 176 EFK05B   1850 1899     B     .164         5      .214   .050  weak at every lag
 178 GAR21A   1450 1499     A     .306         0
 178 GAR21A   1600 1649     B     .239         5      .249   .011  weak at every lag
 178 GAR21A   1625 1674     B     .246         5      .367   .120
 178 GAR21A   1650 1699     B     .148       -10      .226   .078  weak at every lag
 178 GAR21A   1675 1724     A     .296         0
 178 GAR21A   1850 1899     A     .303         0
 178 GAR21A   1875 1924     A     .246         0
 179 GAR21B   1675 1724     A     .316         0
 179 GAR21B   1925 1974     A     .216         0
 180 GAR24A   1425 1474     B     .301        -2      .352   .051
 180 GAR24A   1925 1974     B     .242        -2      .272   .029  weak at every lag
 181 GAR24B   1425 1474     B     .326         7      .497   .171
 182 MUI10C   1650 1699     B     .148        -8      .320   .171  weak at every lag
 182 MUI10C   1675 1724     A     .252         0
 182 MUI10C   1850 1899     B     .167       -10      .207   .040  weak at every lag
 183 SCG05A    825  874     A     .303         0
 183 SCG05A    850  899     B     .341        -8      .375   .035
 183 SCG05A   1375 1424     B     .182        -3      .253   .071  weak at every lag
 183 SCG05A   1400 1449     B     .201        -9      .348   .147
 184 SCG11B   1175 1224     B     .191        -7      .232   .040  weak at every lag
 184 SCG11B   1200 1249     B     .158         9      .183   .024  weak at every lag
 184 SCG11B   1225 1274     A     .294         0
 184 SCG11B   1450 1499     A     .275         0
 184 SCG11B   1475 1524     B     .183         8      .255   .072  weak at every lag
 184 SCG11B   1500 1549     A     .304         0
 184 SCG11B   1600 1649     A     .316         0
 184 SCG11B   1625 1674     B     .304         2      .346   .042
 184 SCG11B   1725 1774     A     .323         0
 185 SCG11C   1050 1099     A     .275         0
 185 SCG11C   1075 1124     A     .288         0
 185 SCG11C   1100 1149     B     .208        -8      .249   .042  weak at every lag
 185 SCG11C   1125 1174     A     .249         0
 185 SCG11C   1175 1224     A     .318         0
 185 SCG11C   1400 1449     B     .301        -9      .359   .058
 185 SCG11C   1500 1549     A     .324         0
 185 SCG11C   1650 1699     B     .368         4      .411   .043
 185 SCG11C   1675 1724     B     .278         4      .337   .060
 185 SCG11C   1700 1749     A     .214         0
 185 SCG11C   1725 1774     B     .147         2      .283   .136  weak at every lag
 186 FCG22B   1525 1574     A     .275         0
 187 FCG26A    975 1024     B     .295        -8      .332   .038
 187 FCG26A   1000 1049     B     .323        -6      .351   .029
 187 FCG26A   1200 1249     A     .221         0
 187 FCG26A   1225 1274     A     .289         0
 188 CGN02A    875  924     B     .067         8      .363   .297
 188 CGN02A    900  949     B    -.085         2      .203   .288  weak at every lag
 188 CGN02A    975 1024     A     .279         0
 188 CGN02A   1000 1049     A     .228         0
 188 CGN02A   1025 1074     A     .321         0
 188 CGN02A   1050 1099     A     .309         0
 188 CGN02A   1075 1124     B     .296        -9      .391   .095
 188 CGN02A   1125 1174     A     .295         0
 188 CGN02A   1150 1199     A     .271         0
 188 CGN02A   1175 1224     A     .268         0
 188 CGN02A   1200 1249     B     .282       -10      .335   .054
 188 CGN02A   1350 1399     A     .305         0
 188 CGN02A   1375 1424     A     .281         0
 188 CGN02A   1425 1474     B     .007         5      .226   .219  weak at every lag
 188 CGN02A   1450 1499     B     .100         2      .354   .254
 188 CGN02A   1500 1549     B     .185        -6      .317   .132  weak at every lag
 188 CGN02A   1525 1574     B     .180        10      .281   .101  weak at every lag
 188 CGN02A   1550 1599     B     .328        10      .379   .051
 188 CGN02A   1675 1724     A     .260         0
 188 CGN02A   1700 1749     A     .304         0
 188 CGN02A   1725 1774     A     .311         0
 188 CGN02A   1750 1799     B     .320         1      .352   .031
 189 CGN04A    700  749     B     .182        -4      .309   .127  weak at every lag
 189 CGN04A    725  774     B     .218        -2      .261   .043  weak at every lag
 189 CGN04A    825  874     B     .336         7      .394   .059
 189 CGN04A    850  899     B     .314         7      .351   .037
 189 CGN04A    875  924     A     .288         0
 189 CGN04A    900  949     B     .193        -9      .305   .113  weak at every lag
 189 CGN04A   1075 1124     B     .194         5      .321   .127  weak at every lag
 189 CGN04A   1100 1149     A     .298         0
 189 CGN04A   1125 1174     B     .305         6      .335   .030
 189 CGN04A   1150 1199     A     .230         0
 189 CGN04A   1175 1224     B     .274        10      .306   .032  weak at every lag
 189 CGN04A   1200 1249     A     .204         0
 189 CGN04A   1225 1274     A     .313         0
 190 CGN1D-1   975 1024     A     .253         0
 190 CGN1D-1  1000 1049     B     .265         6      .336   .071
 190 CGN1D-1  1200 1249     A     .274         0
 190 CGN1D-1  1275 1324     A     .317         0
 190 CGN1D-1  1300 1349     A     .201         0
 190 CGN1D-1  1400 1449     A     .244         0
 190 CGN1D-1  1425 1474     A     .316         0
 191 CGN1D-2   975 1024     A     .315         0
 191 CGN1D-2  1000 1049     B     .179         6      .273   .094  weak at every lag
 191 CGN1D-2  1025 1074     A     .297         0
 191 CGN1D-2  1050 1099     A     .276         0
 191 CGN1D-2  1075 1124     B     .228        -5      .309   .081  weak at every lag
 191 CGN1D-2  1300 1349     A     .316         0
 191 CGN1D-2  1400 1449     B     .148         8      .276   .128  weak at every lag
 191 CGN1D-2  1425 1474     B     .183         2      .191   .008  weak at every lag
 191 CGN1D-2  1450 1499     B     .302         2      .394   .092
 192 CGN6-1    975 1024     A     .231         0
 192 CGN6-1   1050 1099     A     .297         0
 192 CGN6-1   1175 1224     B     .221         5      .267   .046  weak at every lag
 192 CGN6-1   1200 1249     B     .095         5      .201   .106  weak at every lag
 192 CGN6-1   1225 1274     B     .126         6      .220   .094  weak at every lag
 192 CGN6-1   1400 1449     B     .262         5      .277   .015  weak at every lag
 192 CGN6-1   1425 1474     B     .170         4      .238   .069  weak at every lag
 192 CGN6-1   1600 1649     B     .212        -8      .311   .099  weak at every lag
 192 CGN6-1   1625 1674     B     .216        -8      .305   .089  weak at every lag
 192 CGN6-1   1675 1724     B     .269        -3      .288   .018  weak at every lag
 192 CGN6-1   1700 1749     A     .223         0
 193 CLS01A    325  374     B     .118        -8      .239   .121  weak at every lag
 193 CLS01A    350  399     A     .313         0
 193 CLS01A    375  424     B     .230         3      .295   .065  weak at every lag
 193 CLS01A    475  524     B     .128         9      .321   .193  weak at every lag
 193 CLS01A    500  549     A     .294         0
 193 CLS01A    550  599     B     .170         4      .294   .124  weak at every lag
 193 CLS01A    575  624     B     .213         4      .235   .022  weak at every lag
 193 CLS01A    700  749     B     .189         7      .212   .023  weak at every lag
 193 CLS01A    725  774     B     .320         8      .346   .026
 193 CLS01A    975 1024     B     .315        -1      .371   .056
 193 CLS01A   1000 1049     B     .212        -1      .297   .085  weak at every lag
 193 CLS01A   1150 1199     B     .244        -6      .248   .004  weak at every lag
 193 CLS01A   1175 1224     A     .256         0
 193 CLS01A   1200 1249     B     .317       -10      .383   .065
 193 CLS01A   1350 1399     A     .256         0
 193 CLS01A   1375 1424     A     .215         0
 193 CLS01A   1400 1449     B     .149         5      .332   .183
 193 CLS01A   1425 1474     B     .156         5      .309   .153  weak at every lag
 193 CLS01A   1450 1499     B     .189        -2      .253   .064  weak at every lag
 194 CLS01B    450  499     A     .218         0
 194 CLS01B    475  524     A     .278         0
 194 CLS01B    850  899     A     .319         0
 194 CLS01B   1025 1074     A     .325         0
 194 CLS01B   1050 1099     A     .307         0
 194 CLS01B   1200 1249     B     .334       -10      .357   .022
 195 CLS03C    150  199     A     .232         0
 195 CLS03C    225  274     B     .157         1      .165   .009  weak at every lag
 195 CLS03C    250  299     B     .036       -10      .320   .284  weak at every lag
 195 CLS03C    275  324     B     .230        -3      .301   .072  weak at every lag
 195 CLS03C    300  349     B     .349        10      .461   .112
 195 CLS03C    325  374     B     .251        10      .259   .007  weak at every lag
 195 CLS03C    350  399     A     .261         0
 195 CLS03C    375  424     B     .108        -3      .198   .089  weak at every lag
 195 CLS03C    400  449     B     .052         4      .234   .182  weak at every lag
 195 CLS03C    425  474     B     .151        -3      .207   .056  weak at every lag
 196 CLS08     525  574     A     .296         0
 196 CLS08     650  699     B     .032        -3      .269   .237  weak at every lag
 196 CLS08     675  724     B     .195         3      .210   .015  weak at every lag
 196 CLS08     700  749     A     .246         0
 196 CLS08     725  774     B     .038        -2      .305   .267  weak at every lag
 196 CLS08     800  849     A     .191         0
 196 CLS08     825  874     B     .281         7      .386   .105
 196 CLS08     850  899     B     .276         7      .356   .080
 197 CLS09C    750  799     A     .296         0
 197 CLS09C    825  874     B     .379        -1      .388   .009
 197 CLS09C   1100 1149     B     .176        -9      .284   .108  weak at every lag
 197 CLS09C   1125 1174     B     .108        -3      .295   .187  weak at every lag
 198 CLS09F    900  949     A     .324         0
 198 CLS09F    925  974     A     .275         0
 198 CLS09F    950  999     A     .278         0
 198 CLS09F   1375 1424     B     .246        -4      .256   .011  weak at every lag
 198 CLS09F   1400 1449     B     .176         9      .255   .079  weak at every lag
 198 CLS09F   1425 1474     A     .258         0
 198 CLS09F   1600 1649     A     .186         0
 198 CLS09F   1625 1674     B     .102        -1      .179   .077  weak at every lag
 198 CLS09F   1650 1699     B     .096         1      .253   .158  weak at every lag
 199 CLS10A    925  974     B     .302         3      .393   .090
 199 CLS10A    950  999     A     .295         0
 199 CLS10A   1025 1074     A     .271         0
 199 CLS10A   1050 1099     A     .261         0
 199 CLS10A   1150 1199     A     .290         0
 199 CLS10A   1300 1349     A     .277         0
 199 CLS10A   1400 1449     A     .288         0
 199 CLS10A   1425 1474     B     .233        -7      .430   .197
 199 CLS10A   1625 1674     B     .253        -1      .259   .006  weak at every lag
 199 CLS10A   1650 1699     A     .280         0
 200 CLS12    1025 1074     A     .324         0
 200 CLS12    1050 1099     B     .207         8      .262   .055  weak at every lag
 200 CLS12    1075 1124     B    -.022         6      .298   .320  weak at every lag
 200 CLS12    1100 1149     B     .135         6      .240   .105  weak at every lag
 200 CLS12    1150 1199     B     .310         9      .375   .065
 200 CLS12    1175 1224     B     .378         3      .393   .016
 200 CLS12    1300 1349     A     .287         0
 200 CLS12    1375 1424     B     .256        -8      .336   .080
 201 CLS14B   1150 1199     B    -.012        -1      .237   .249  weak at every lag
 201 CLS14B   1175 1224     B     .290       -10      .293   .004  weak at every lag
 201 CLS14B   1350 1399     B     .298        -4      .444   .145
 201 CLS14B   1500 1549     B     .150        -3      .277   .127  weak at every lag
 201 CLS14B   1525 1574     B    -.087        -3      .391   .478
 201 CLS14B   1725 1774     B     .253         1      .313   .060  weak at every lag
 201 CLS14B   1850 1899     A     .323         0
 201 CLS14B   1925 1974     B     .263        -2      .286   .023  weak at every lag
 202 CLS14C   1125 1174     B     .257         6      .311   .054  weak at every lag
 202 CLS14C   1150 1199     B     .176         6      .224   .048  weak at every lag
 202 CLS14C   1375 1424     A     .275         0
 202 CLS14C   1400 1449     B     .275         7      .318   .044  weak at every lag
 202 CLS14C   1475 1524     B     .200         2      .210   .010  weak at every lag
 202 CLS14C   1500 1549     B     .065        -6      .242   .177  weak at every lag
 202 CLS14C   1525 1574     B     .007        -3      .296   .289  weak at every lag
 202 CLS14C   1650 1699     A     .304         0
 202 CLS14C   1925 1974     B     .217        -9      .284   .067  weak at every lag
 203 CLS15B   1000 1049     A     .296         0
 203 CLS15B   1200 1249     A     .308         0
 203 CLS15B   1325 1374     A     .261         0
 203 CLS15B   1350 1399     A     .226         0
 203 CLS15B   1425 1474     A     .326         0
 203 CLS15B   1450 1499     A     .296         0
 203 CLS15B   1600 1649     B     .185         7      .251   .066  weak at every lag
 203 CLS15B   1625 1674     B     .095        -5      .293   .197  weak at every lag
 203 CLS15B   1650 1699     B     .210        -2      .210   .000  weak at every lag
 203 CLS15B   1700 1749     B     .453        -8      .477   .024
 203 CLS15B   1725 1774     B     .336        -8      .411   .075
 203 CLS15B   1800 1849     A     .192         0
 203 CLS15B   1825 1874     B     .266         3      .317   .050  weak at every lag
 203 CLS15B   1900 1949     B     .111         4      .429   .318
 203 CLS15B   1925 1974     B     .255         4      .313   .058  weak at every lag
 204 CLS17     350  399     B     .203        -9      .267   .064  weak at every lag
 204 CLS17     375  424     A     .264         0
 204 CLS17     525  574     B     .249         4      .356   .107
 204 CLS17     550  599     B     .273         4      .465   .192
 204 CLS17     650  699     A     .326         0
 204 CLS17     725  774     B     .233         5      .247   .014  weak at every lag
 204 CLS17     775  824     B     .343         7      .346   .002
 204 CLS17     800  849     B     .295         7      .333   .037
 204 CLS17     875  924     A     .287         0
 204 CLS17    1425 1474     A     .304         0
 204 CLS17    1500 1549     B     .186        -3      .260   .074  weak at every lag
 204 CLS17    1525 1574     B     .226         4      .350   .124
 204 CLS17    1625 1674     B     .146         6      .320   .174  weak at every lag
 204 CLS17    1650 1699     B     .123        10      .274   .151  weak at every lag
 205 CSG02B   1000 1049     B     .243         7      .291   .048  weak at every lag
 205 CSG02B   1100 1149     A     .317         0
 205 CSG02B   1150 1199     A     .234         0
 205 CSG02B   1175 1224     B     .182         3      .221   .040  weak at every lag
 205 CSG02B   1200 1249     B     .147         6      .268   .121  weak at every lag
 205 CSG02B   1625 1674     B     .249       -10      .281   .032  weak at every lag
 205 CSG02B   1650 1699     B     .037         2      .335   .298
 206 CSG03A    925  974     A     .291         0
 206 CSG03A    950  999     B     .226        -2      .241   .014  weak at every lag
 206 CSG03A    975 1024     A     .301         0
 206 CSG03A   1000 1049     B     .094        -8      .319   .225  weak at every lag
 206 CSG03A   1025 1074     A     .308         0
 206 CSG03A   1375 1424     A     .249         0
 206 CSG03A   1400 1449     A     .305         0
 206 CSG03A   1425 1474     B     .298        -9      .341   .042
 206 CSG03A   1625 1674     A     .294         0
 206 CSG03A   1850 1899     A     .316         0
 206 CSG03A   1925 1974     B     .301        -2      .464   .163
 207 CSG04A   1150 1199     A     .316         0
 207 CSG04A   1300 1349     A     .265         0
 207 CSG04A   1400 1449     A     .304         0
 207 CSG04A   1425 1474     B     .036        10      .325   .289  weak at every lag
 207 CSG04A   1450 1499     B     .158        -7      .294   .136  weak at every lag
 207 CSG04A   1625 1674     A     .240         0
 207 CSG04A   1650 1699     A     .253         0
 207 CSG04A   1775 1824     B     .399         1      .406   .006
 207 CSG04A   1800 1849     A     .322         0
 207 CSG04A   1825 1874     A     .305         0
 207 CSG04A   1850 1899     A     .261         0
 207 CSG04A   1925 1974     B     .266        -7      .317   .051  weak at every lag
 208 CSG04C   1075 1124     B     .178        -9      .224   .046  weak at every lag
 208 CSG04C   1100 1149     B     .246         4      .292   .045  weak at every lag
 208 CSG04C   1125 1174     A     .312         0
 208 CSG04C   1150 1199     B     .103        -8      .253   .150  weak at every lag
 208 CSG04C   1175 1224     B     .090        -8      .429   .339
 208 CSG04C   1200 1249     A     .322         0
 208 CSG04C   1400 1449     B     .353         9      .382   .029
 208 CSG04C   1425 1474     B     .240         5      .397   .157
 208 CSG04C   1450 1499     B     .335        -7      .397   .062
 208 CSG04C   1650 1699     A     .290         0
 208 CSG04C   1850 1899     B     .263        -9      .347   .083
 208 CSG04C   1875 1924     A     .321         0
 208 CSG04C   1925 1974     B     .185        -7      .432   .246
 209 CSG07F    725  774     B     .102        -6      .319   .218  weak at every lag
 209 CSG07F    750  799     B     .087        -7      .253   .166  weak at every lag
 209 CSG07F    775  824     B     .145       -10      .216   .070  weak at every lag
 209 CSG07F    800  849     B     .145         7      .243   .098  weak at every lag
 209 CSG07F    825  874     A     .251         0
 209 CSG07F    850  899     A     .174         0
 209 CSG07F    875  924     B     .093         1      .319   .226  weak at every lag
 209 CSG07F    900  949     A     .235         0
 209 CSG07F    975 1024     A     .296         0
 209 CSG07F   1000 1049     B     .101         5      .273   .172  weak at every lag
 209 CSG07F   1025 1074     B     .196        -8      .256   .060  weak at every lag
 209 CSG07F   1150 1199     B     .205         9      .247   .043  weak at every lag
 209 CSG07F   1300 1349     A     .314         0
 209 CSG07F   1350 1399     A     .241         0
 209 CSG07F   1375 1424     B     .131        -7      .180   .049  weak at every lag
 209 CSG07F   1400 1449     B     .077         7      .361   .284
 210 CSP01A   1675 1724     B     .159         3      .210   .051  weak at every lag
 210 CSP01A   1700 1749     B     .195        -5      .257   .062  weak at every lag
 210 CSP01A   1725 1774     B     .182         2      .208   .027  weak at every lag
 210 CSP01A   1750 1799     B     .219        -1      .320   .100  weak at every lag
 210 CSP01A   1775 1824     B     .233        -1      .251   .018  weak at every lag
 210 CSP01A   1800 1849     B     .264        -1      .347   .084
 210 CSP01A   1850 1899     B     .277         6      .310   .033  weak at every lag
 210 CSP01A   1875 1924     A     .217         0
 210 CSP01A   1900 1949     B     .178        10      .279   .100  weak at every lag
 211 CSP02A   1925 1974     B     .132        -1      .303   .171  weak at every lag
 211 CSP02A   1950 1999     A     .243         0
 212 CSP02B   1900 1949     B     .169         2      .435   .266
 212 CSP02B   1925 1974     B     .299        -1      .491   .192
 213 CSP03A   1850 1899     A     .286         0
 213 CSP03A   1875 1924     A     .315         0
 213 CSP03A   1900 1949     B     .200         5      .262   .062  weak at every lag
 213 CSP03A   1925 1974     B     .223         4      .322   .099  weak at every lag
 214 CSP03B   1850 1899     B     .197        -6      .380   .183
 214 CSP03B   1875 1924     B     .295        -6      .511   .216
 214 CSP03B   1900 1949     A     .247         0
 214 CSP03B   1925 1974     B     .187        -5      .297   .110  weak at every lag
 214 CSP03B   1950 1999     B     .245        -8      .301   .056  weak at every lag
 215 CSP04B   1875 1924     B     .252         2      .345   .093
 215 CSP04B   1900 1949     B     .220         2      .319   .099  weak at every lag
 215 CSP04B   1925 1974     B     .185        -6      .352   .167
 215 CSP04B   1950 1999     A     .240         0
 216 CSP05A   1850 1899     B     .133         6      .359   .226
 216 CSP05A   1875 1924     B     .133        -9      .381   .248
 216 CSP05A   1900 1949     B     .210        -8      .222   .012  weak at every lag
 217 CSP05B   1850 1899     B     .276         9      .311   .035  weak at every lag
 217 CSP05B   1875 1924     B     .274        -9      .349   .075
 217 CSP05B   1900 1949     A     .241         0
 217 CSP05B   1925 1974     B     .287        10      .313   .026  weak at every lag
 218 CSP05C   1875 1924     A     .315         0
 218 CSP05C   1900 1949     B     .124        -8      .328   .204  weak at every lag
 218 CSP05C   1925 1974     B     .155        -8      .234   .079  weak at every lag
 218 CSP05C   1950 1999     B     .182        10      .396   .214
 219 CSP07A   1875 1924     B     .302         9      .321   .019  weak at every lag
 219 CSP07A   1900 1949     A     .269         0
 219 CSP07A   1950 1999     A     .260         0
 220 CSP07B   1825 1874     A     .233         0
 220 CSP07B   1900 1949     B     .251        -8      .391   .140
 220 CSP07B   1925 1974     A     .288         0
 220 CSP07B   1950 1999     A     .294         0
 221 CSP08A   1800 1849     B     .192        -1      .240   .049  weak at every lag
 221 CSP08A   1825 1874     B     .139        -9      .275   .136  weak at every lag
 221 CSP08A   1900 1949     A     .311         0
 221 CSP08A   1925 1974     A     .278         0
 221 CSP08A   1950 1999     B     .117        -6      .260   .143  weak at every lag
 222 CSP09A   1950 1999     A     .284         0
 223 CSP09B   1875 1924     A     .283         0
 223 CSP09B   1900 1949     B     .192         2      .285   .093  weak at every lag
 223 CSP09B   1925 1974     A     .215         0
 224 CSP10A   1775 1824     A     .300         0
 224 CSP10A   1800 1849     B     .121        -3      .442   .322
 224 CSP10A   1825 1874     B     .155        -3      .340   .185
 224 CSP10A   1850 1899     A     .320         0
 224 CSP10A   1875 1924     A     .236         0
 224 CSP10A   1900 1949     A     .286         0
 224 CSP10A   1925 1974     A     .222         0
 225 CSP10B   1825 1874     B     .135        -3      .416   .281
 225 CSP10B   1875 1924     A     .206         0
 225 CSP10B   1900 1949     A     .274         0
 225 CSP10B   1925 1974     A     .289         0
 225 CSP10B   1950 1999     A     .264         0
 226 CSP11A   1900 1949     A     .319         0
 226 CSP11A   1950 1999     A     .222         0
 227 CSP11B   1925 1974     B     .102        10      .387   .285
 227 CSP11B   1950 1999     B     .208         9      .255   .047  weak at every lag
 228 CSP12A   1825 1874     B     .096         8      .299   .203  weak at every lag
 228 CSP12A   1900 1949     B     .036        10      .227   .191  weak at every lag
 228 CSP12A   1925 1974     B     .001        -1      .300   .299  weak at every lag
 228 CSP12A   1950 1999     A     .239         0
 229 CSP12B   1900 1949     A     .250         0
 229 CSP12B   1925 1974     B     .092        -1      .235   .143  weak at every lag
 230 CSP14A   1925 1974     B     .105         5      .204   .099  weak at every lag
 230 CSP14A   1950 1999     B     .064         7      .281   .217  weak at every lag
 232 CSP15A   1825 1874     B    -.044        -8      .276   .321  weak at every lag
 232 CSP15A   1950 1999     A     .286         0
 233 CSP15B   1825 1874     B     .001        -8      .233   .232  weak at every lag
 233 CSP15B   1850 1899     A     .323         0
 233 CSP15B   1925 1974     A     .212         0
 234 CSP16A   1875 1924     B     .136       -10      .294   .158  weak at every lag
 234 CSP16A   1900 1949     A     .230         0
 234 CSP16A   1925 1974     A     .241         0
 235 CSP16B   1700 1749     A     .246         0
 235 CSP16B   1725 1774     A     .221         0
 235 CSP16B   1750 1799     B     .437        -1      .469   .032
 235 CSP16B   1800 1849     B     .259         5      .296   .036  weak at every lag
 235 CSP16B   1825 1874     B     .275         5      .321   .046  weak at every lag
 235 CSP16B   1850 1899     B     .228        -8      .272   .043  weak at every lag
 235 CSP16B   1875 1924     B     .162         9      .242   .080  weak at every lag
 235 CSP16B   1900 1949     B     .179        -2      .273   .094  weak at every lag
 235 CSP16B   1925 1974     A     .327         0
 235 CSP16B   1950 1999     A     .281         0
 236 CSP17A   1925 1974     B     .196        -1      .375   .179
 236 CSP17A   1950 1999     B     .312        -2      .388   .075
 237 CSP17B   1925 1974     A     .203         0
 237 CSP17B   1950 1999     A     .197         0
 238 CSP19A   1925 1974     B     .146         4      .278   .132  weak at every lag
 238 CSP19A   1950 1999     A     .243         0
 241 CSP21B   1650 1699     B     .204         4      .229   .026  weak at every lag
 241 CSP21B   1675 1724     B     .251       -10      .275   .024  weak at every lag
 241 CSP21B   1725 1774     B     .217        -4      .259   .043  weak at every lag
 241 CSP21B   1750 1799     B     .181        10      .277   .096  weak at every lag
 241 CSP21B   1775 1824     A     .268         0
 241 CSP21B   1900 1949     A     .296         0
 241 CSP21B   1925 1974     B     .132         5      .182   .050  weak at every lag
 242 CSP22A   1850 1899     A     .279         0
 242 CSP22A   1925 1974     B     .153        -7      .309   .156  weak at every lag
 242 CSP22A   1950 1999     B     .269         4      .364   .094
 243 CSP22B   1525 1574     B     .277        -6      .304   .027  weak at every lag
 243 CSP22B   1625 1674     A     .321         0
 243 CSP22B   1650 1699     B     .176         9      .216   .041  weak at every lag
 243 CSP22B   1675 1724     B     .194        -3      .241   .047  weak at every lag
 243 CSP22B   1700 1749     B     .222        -4      .262   .040  weak at every lag
 243 CSP22B   1725 1774     B     .092         6      .288   .196  weak at every lag
 244 CSP23A   1850 1899     B     .249         4      .326   .077  weak at every lag
 245 CSP23B   1850 1899     B     .266         4      .308   .041  weak at every lag
 245 CSP23B   1925 1974     B     .213         4      .439   .226
 245 CSP23B   1950 1999     B     .257         4      .316   .059  weak at every lag
 246 CSP24A   1875 1924     A     .286         0
 246 CSP24A   1900 1949     A     .240         0
 246 CSP24A   1925 1974     B     .162        -8      .204   .041  weak at every lag
 247 CSP24B   1850 1899     B     .176         6      .292   .115  weak at every lag
 247 CSP24B   1875 1924     A     .312         0
 247 CSP24B   1900 1949     B     .278         9      .369   .091
 247 CSP24B   1925 1974     B     .186        -8      .305   .119  weak at every lag
 248 CSP25A   1925 1974     A     .312         0
 250 CSP27A   1925 1974     B     .160        -3      .340   .181
 251 CSP27B   1925 1974     B     .134         4      .329   .195
 252 CSP28A   1900 1949     B     .207         9      .286   .079  weak at every lag
 252 CSP28A   1925 1974     A     .198         0
 253 CSP28B   1925 1974     B     .262         2      .266   .004  weak at every lag
 254 CSP29B   1775 1824     B     .158         1      .241   .083  weak at every lag
 254 CSP29B   1850 1899     B     .231        -9      .344   .113
 254 CSP29B   1875 1924     B     .289        -9      .312   .024  weak at every lag
 254 CSP29B   1900 1949     B     .238         7      .295   .057  weak at every lag
 254 CSP29B   1925 1974     B    -.032        -8      .219   .251  weak at every lag
 254 CSP29B   1950 1999     B     .081         4      .350   .270
 255 CSP32A   1800 1849     B     .214        10      .226   .012  weak at every lag
 255 CSP32A   1825 1874     B     .339         3      .347   .008
 255 CSP32A   1850 1899     B     .187         3      .226   .039  weak at every lag
 255 CSP32A   1875 1924     B     .176         4      .479   .303
 255 CSP32A   1900 1949     B     .230        -3      .403   .173
 255 CSP32A   1925 1974     B     .290        -3      .341   .050
 256 CSP32B   1850 1899     B     .165        -3      .173   .008  weak at every lag
 256 CSP32B   1875 1924     B     .254         2      .265   .011  weak at every lag
 256 CSP32B   1900 1949     B     .314        -2      .414   .100
 256 CSP32B   1925 1974     B     .092        -2      .306   .214  weak at every lag
 257 CSP33A   1750 1799     B     .292         1      .452   .159
 257 CSP33A   1775 1824     B     .227         1      .433   .206
 257 CSP33A   1800 1849     B     .186         2      .332   .147
 257 CSP33A   1825 1874     B     .256         3      .337   .081
 257 CSP33A   1850 1899     B     .171         3      .292   .121  weak at every lag
 257 CSP33A   1875 1924     B     .199        -9      .266   .068  weak at every lag
 257 CSP33A   1950 1999     B     .227        -4      .258   .030  weak at every lag
 258 CSP33B   1925 1974     B     .187         4      .210   .023  weak at every lag

 DESCRIPTIVE STATISTICS: ca726
-----------------------------------------------------------------------------------------------------------------------------------

                                                Corr   //-------- Unfiltered --------\\  //-- dplR filtered --\\
                           No.    No.    No.    with   Mean   Max     Std   Auto   Mean   Max     Std   Auto  AR
 Seq Series   Interval   Years  Segmt  Flags   Master  msmt   msmt    dev   corr   sens  value    dev   corr  ()
 --- -------- ---------  -----  -----  -----   ------ -----  -----  -----  -----  -----  -----  -----  -----  --
   1 CSX021      0 1754   1755     68      3    .635    .82   1.79   .223   .727   .162   1.47   .152  -.004   3
   2 CSX031    330 1798   1469     56      1    .614    .45   1.03   .185   .867   .181   1.58   .173  -.009   3
   3 CSX081   -140 1622   1763     68      3    .571    .61   1.40   .170   .765   .161   1.77   .155  -.006   3
   4 CSX101    470 1473   1004     38      5    .509    .53    .94   .151   .517   .242   1.53   .210  -.002   1
   5 DSQ020    490 1914   1425     55      0    .674    .69   1.52   .229   .641   .257   1.72   .225  -.001   3
   6 DSQ030    200 1914   1715     66      1    .579    .55   1.49   .238   .757   .312   2.03   .276  -.000   3
   7 RWB011   -300 1765   2066     80      7    .538    .77   2.40   .266   .872   .141   1.54   .136  -.000   2
   8 EVG01A   1811 2011    201      6      0    .642    .78   1.59   .283   .567   .306   1.62   .276  -.016   1
   9 EVG01B   1710 2011    302     10      0    .627    .92   2.41   .354   .603   .309   1.71   .276  -.008   3
  10 EVG02A   1571 2011    441     16      0    .683    .72   2.17   .412   .776   .407   1.85   .347   .019   1
  11 EVG02B   1620 2011    392     14      0    .694    .94   2.57   .499   .776   .362   1.86   .317   .004   3
  12 EVG03A   1605 1903    299     10      0    .589    .63   2.95   .378   .796   .340   1.86   .308  -.010   3
  13 EVG03B   1609 1954    346     12      0    .527    .74   2.57   .456   .839   .313   2.13   .270   .009   3
  14 EVG05A   1740 2011    272      9      0    .673   1.07   3.85   .638   .800   .281   2.01   .282  -.001   3
  15 EVG05B   1780 2011    232      7      0    .693   1.10   3.89   .510   .710   .270   1.81   .267  -.011   3
  16 EVG06A   1399 2011    613     22      0    .650    .60   1.16   .224   .597   .314   1.76   .276  -.000   3
  17 EVG06B   1524 2011    488     18      1    .646    .62   1.56   .270   .691   .348   1.93   .295   .020   1
  18 EVG07B   1690 2011    322     11      0    .658    .59   1.12   .214   .605   .319   1.84   .282   .004   3
  19 EVG08A   1530 2011    482     17      0    .597    .61   1.32   .236   .556   .337   1.73   .275   .010   3
  20 EVG08B   1661 2011    351     12      0    .615    .55   1.23   .206   .562   .321   2.11   .276   .017   3
  21 EVG09A   1793 2011    219      7      0    .666   1.35   5.09   .651   .687   .317   1.73   .288   .003   3
  22 EVG09B   1805 2011    207      6      0    .629   1.36   4.28   .678   .604   .347   2.11   .321   .006   3
  23 EVG10A   1777 2011    235      7      0    .692   1.00   3.00   .472   .685   .378   1.91   .325  -.022   3
  24 EVG10B   1670 2011    342     12      0    .724    .89   2.52   .398   .692   .336   1.68   .289   .027   3
  25 EVG11A   1729 2011    283      9      0    .661    .95   4.28   .507   .663   .322   2.24   .302   .027   1
  26 EVG11B   1576 2011    436     15      0    .606    .72   4.09   .457   .819   .375   2.06   .320   .007   3
  27 EVG12A   1738 2011    274      9      0    .700   1.01   2.21   .348   .616   .272   1.63   .250   .010   3
  28 EVG12B   1691 2011    321     11      0    .691   1.01   3.00   .398   .780   .230   1.73   .219  -.005   3
  29 EVG13A   1733 2011    279      9      0    .652   1.20   4.01   .602   .825   .265   1.77   .242  -.001   3
  30 EVG13B   1757 2011    255      8      0    .679   1.27   3.04   .574   .756   .279   1.62   .253  -.006   3
  31 EVG14A   1816 2010    195      6      0    .578   1.27   2.88   .498   .711   .254   1.96   .238   .031   3
  32 EVG14B   1821 2011    191      6      0    .632   1.33   5.21   .805   .857   .269   1.71   .255  -.005   3
  33 EVG15A   1787 2011    225      7      0    .588    .91   1.69   .306   .757   .214   1.51   .206   .027   2
  34 EVG15B   1699 2011    313     10      1    .520   1.22   4.22   .525   .821   .208   1.83   .212  -.004   3
  35 EVG16A   1722 2011    290     10      0    .630    .79   2.47   .424   .744   .342   2.20   .316   .007   3
  36 EVG16B   1696 2007    312     11      0    .591    .67   2.05   .325   .687   .334   2.00   .301  -.005   3
  37 EVG17A   1723 2011    289      9      2    .531    .81   1.73   .301   .772   .238   1.55   .222  -.005   3
  38 EVG17B   1773 2011    239      7      1    .504   1.46   3.88   .572   .790   .212   1.93   .215  -.009   3
  39 EVG18A   1733 2011    279      9      1    .555   1.01   2.09   .491   .797   .339   1.99   .295  -.004   3
  40 EVG18B   1668 1921    254      8      0    .550    .91   1.68   .310   .528   .285   1.55   .236  -.034   3
  41 EVG19A   1697 2011    315     11      3    .497    .81   1.96   .326   .798   .248   1.55   .229   .002   3
  42 EVG19B   1627 2011    385     13      1    .537    .78   1.97   .338   .827   .216   1.52   .217  -.002   3
  43 EVG20A   1775 2011    237      7      0    .654   1.24   3.32   .527   .807   .221   1.72   .217   .019   3
  44 EVG20B   1747 2011    265      9      0    .675   1.31   3.42   .449   .741   .211   1.59   .205   .000   3
  45 CBR05    -100 1000   1101     42      3    .564    .75   1.47   .206   .593   .212   1.67   .197  -.004   3
  46 CBR06A    461 1895   1435     55     12    .450   1.00   3.43   .562   .902   .199   1.72   .179   .025   3
  47 CBR21B   -1183 1697   2881    113     22    .390    .70   4.78   .468   .949   .145   2.28   .154   .000   2
  48 CBR26    -1372 1832   3205    119     29    .404    .84   2.78   .398   .878   .203   2.38   .205  -.004   3
  49 CBR29     350 1330    981     37      0    .590    .52   1.04   .184   .768   .218   1.57   .202  -.003   2
  50 CBR30     700 1300    601     22      1    .573    .77   1.28   .201   .555   .219   1.57   .197   .022   2
  51 CBR31     700 1630    931     35      6    .449    .58   1.37   .202   .686   .252   1.65   .225  -.004   2
  52 LME03F    204 1746   1543     59      8    .518    .66   1.45   .178   .722   .166   1.61   .160   .008   1
  53 LME2C    -180 1402   1583     62      3    .560    .58   1.15   .163   .757   .168   1.49   .159  -.003   2
  54 MHF021   -670 1296   1967     76     13    .441    .51   1.90   .205   .834   .183   1.61   .173  -.001   1
  55 MHF039   -833 1296   2130     83     15    .446    .64   1.39   .199   .691   .201   1.74   .190  -.003   3
  56 MHF091   -620  840   1461     56      5    .489    .79   3.32   .467   .912   .206   1.65   .191   .004   3
  57 MHC41A   1797 2012    216      7      0    .598   1.36   4.53   .635   .916   .142   1.41   .133  -.007   1
  58 MHC41B   1764 2012    249      8      0    .604   1.38   3.84   .531   .872   .150   1.46   .145   .002   3
  59 MHC44A   1875 2012    138      3      0    .597   1.04   2.34   .499   .911   .146   1.54   .157   .017   1
  60 MHC44B   1675 2012    338     11      0    .543    .77   1.37   .186   .653   .159   1.56   .154   .011   2
  61 MHC45A   1780 2012    233      7      0    .594    .97   3.14   .340   .798   .133   1.77   .138   .004   2
  62 MHC45B   1584 2012    429     15      0    .586    .71   2.13   .263   .883   .141   1.57   .143   .002   2
  63 MHC45C   1677 2012    336     11      0    .511   1.01   2.34   .297   .867   .109   1.41   .115   .018   1
  64 MHC46A   1671 2012    342     12      1    .565    .78   1.47   .193   .593   .171   1.97   .174   .007   2
  65 MHC46B   1850 2012    163      4      0    .431    .79   1.27   .176   .401   .212   1.44   .152  -.005   3
  66 MHC47A   1663 1950    288     10      1    .515    .68   1.15   .154   .483   .197   1.47   .149   .008   3
  67 MHC47B   1675 2012    338     11      2    .400    .56   1.85   .329   .882   .262   1.78   .197   .011   3
  68 MHC48A   1690 2012    323     11      0    .674    .94   2.40   .315   .735   .176   1.50   .177  -.002   1
  69 MHC48B   1646 2012    367     13      1    .549   1.01   3.27   .528   .776   .224   1.59   .214  -.009   1
  70 MHC49A   1901 2012    112      2      0    .699   2.60   6.03   .932   .581   .239   1.72   .262  -.011   3
  71 MHC49B   1874 2012    139      3      0    .673   1.98   8.64  1.063   .811   .197   2.06   .203   .022   3
  72 MHC50A   1874 2012    139      3      0    .715   1.76   4.09   .750   .733   .249   1.56   .231  -.000   3
  73 MHC50B   1867 2012    146      4      0    .715   2.32   7.21   .874   .664   .233   1.80   .212   .006   3
  74 MHC51A   1882 2012    131      3      0    .653   2.46   6.95  1.057   .762   .210   1.92   .233   .015   3
  75 MHC51B   1849 2012    164      4      0    .647   1.82   8.91   .895   .728   .232   1.69   .213   .023   3
  76 MHC52A   1846 2012    167      5      0    .590   1.60   8.12   .970   .859   .211   1.59   .204  -.016   3
  77 MHC53A   1882 2012    131      3      0    .650   1.80   4.87   .876   .782   .254   2.16   .273  -.015   3
  78 MHC53B   1806 2012    207      6      0    .605   1.10   2.30   .428   .814   .209   1.51   .201  -.006   3
  79 MHC55A   1881 2012    132      3      0    .633   2.55   6.28   .868   .628   .225   1.95   .238   .007   3
  80 MHC55B   1800 2012    213      6      0    .597   1.39   3.26   .426   .711   .194   1.57   .187  -.002   1
  81 MHC56A   1852 2012    161      4      0    .698   1.77   4.60   .814   .856   .199   1.62   .203   .001   1
  82 MHC56B   1820 2012    193      6      0    .598   1.69  10.21  1.096   .810   .227   2.55   .247   .005   1
  83 MHC56C   1816 2012    197      6      0    .591   1.65   9.78  1.091   .814   .229   2.37   .244   .010   1
  84 MHC58A   1864 2012    149      4      0    .574   1.64   4.93   .991   .766   .289   1.81   .252   .002   3
  85 MHC58B   1886 2012    127      3      0    .615   2.29   9.87  1.636   .843   .311   1.77   .295  -.017   1
  86 MHC59A   1867 2012    146      4      0    .470   1.28   9.37   .938   .722   .238   2.83   .258   .002   3
  87 MHC60A   1835 2012    178      5      0    .681   1.45   6.19   .803   .747   .238   2.04   .268   .013   1
  88 MHC60B   1816 2012    197      6      0    .717   1.18   2.77   .450   .736   .212   1.76   .223   .009   3
  89 MHC61A   1808 2012    205      6      1    .584   1.34   2.93   .473   .744   .212   1.94   .216   .017   1
  90 BMR10     540 1790   1251     48      3    .489    .68   1.40   .177   .778   .140   1.51   .140  -.004   3
  91 BMR11     330 1620   1291     49      1    .494    .61   1.71   .183   .809   .146   1.62   .143  -.004   3
  92 BMC42A   1577 2012    436     15      1    .575    .97   2.22   .341   .768   .192   1.58   .177  -.020   3
  93 BMC42B   1777 2012    236      7      3    .385   1.38   3.37   .517   .808   .186   1.55   .176   .017   1
  94 BMC43A   1516 2012    497     18      2    .490    .81   1.70   .279   .667   .259   1.56   .227  -.014   3
  95 BMC43B   1800 2012    213      6      0    .581   1.09   2.60   .396   .773   .213   1.66   .191  -.001   1
  96 BMC44A   1871 2012    142      4      2    .381   2.55   5.71   .880   .717   .165   1.75   .186   .011   3
  97 BMC44B   1871 2012    142      4      1    .445   2.49  11.77  1.621   .763   .203   2.21   .254  -.026   1
  98 BMC46A   1901 2012    112      2      0    .505   1.20   2.03   .295   .804   .126   1.27   .119   .034   3
  99 BMC46B   1815 2012    198      6      2    .400   1.66   2.92   .478   .842   .129   1.46   .130  -.006   1
 100 BMC46C   1722 1850    129      4      1    .371    .77   1.12   .124   .584   .119   1.34   .110  -.006   1
 101 BMC47A   1781 2012    232      7      4    .317   1.12   2.21   .306   .746   .153   1.46   .153   .010   1
 102 BMC47B   1668 2012    345     12      4    .416    .99   2.25   .253   .667   .168   1.53   .157   .009   2
 103 BMC48A   1857 2012    156      4      0    .439   1.45   5.94   .788   .843   .204   1.77   .221  -.017   3
 104 BMC48B   1774 2012    239      7      4    .329   1.27   3.04   .490   .766   .215   1.56   .195  -.014   3
 105 BMC49A   1706 2012    307     10      2    .396    .59   1.08   .155   .226   .273   1.68   .223  -.066   0
 106 BMC50A   1853 2012    160      4      2    .408   1.16   2.19   .305   .803   .135   1.49   .132   .020   1
 107 BMC50B1  1536 1624     89      2      0    .503    .76   1.31   .212   .709   .174   1.33   .162   .132   0
 108 BMC50B2  1850 2012    163      4      2    .258    .82   1.85   .258   .712   .179   1.58   .162  -.007   2
 109 BMC51A   1785 2012    228      7      3    .442   1.08   2.56   .372   .812   .168   1.45   .154   .002   1
 110 BMC51B   1875 2012    138      3      2    .312   1.28   4.88   .648   .765   .211   2.49   .250   .035   1
 111 BMC52A   1680 2012    333     11      1    .565    .60   1.08   .201   .670   .241   1.51   .213  -.005   2
 112 BMC52B   1824 2012    189      5      0    .458   1.30   6.29   .740   .785   .201   2.43   .209   .034   3
 113 BMC53A   1528 2012    485     17      0    .643    .66   1.67   .261   .704   .294   1.72   .247  -.007   3
 114 BMC54A   1709 2012    304     10      0    .607   1.04   2.58   .328   .804   .158   1.36   .150   .001   3
 115 BMC54B   1653 2012    360     12      0    .630    .74   1.53   .206   .727   .158   1.36   .147  -.001   1
 116 BMC55A   1884 2012    129      3      0    .576   2.13   6.45  1.019   .789   .190   1.93   .198   .012   3
 117 BMC55B   1915 2012     98      2      0    .657   2.23   7.14  1.137   .740   .233   1.83   .235   .051   1
 118 BMC57A   1700 2012    313     10      4    .361    .71   1.52   .227   .705   .214   1.78   .199   .001   2
 119 BMC57B   1754 2012    259      8      0    .485   1.12   3.23   .553   .858   .175   1.54   .180   .043   3
 120 BMC58A   1729 2012    284      9      0    .458    .84   2.00   .283   .778   .165   1.46   .166  -.016   1
 121 BMC58B   1676 2012    337     11      2    .513    .75   1.70   .223   .673   .164   1.46   .167  -.001   1
 122 BMC59A   1767 2012    246      8      0    .539    .99   2.87   .454   .787   .263   1.59   .233  -.020   3
 123 BMC59B   1527 2012    486     17      3    .507    .74   1.77   .252   .668   .260   1.62   .227   .003   3
 124 BMC60A   1752 2012    261      8      3    .521    .89   2.24   .297   .628   .234   2.05   .220   .010   3
 125 BMC60B   1696 2012    317     11      2    .460    .93   1.80   .250   .630   .189   1.87   .188  -.005   3
 126 BMC61A   1835 2012    178      5      0    .479   1.31   3.38   .593   .875   .149   1.66   .161  -.025   3
 127 BMC61B   1709 2012    304     10      1    .460   1.12   2.32   .332   .654   .201   1.54   .171   .010   3
 128 BMC62B   1717 2012    296     10      0    .619    .99   2.25   .291   .610   .205   1.76   .204   .017   1
 129 RHR02A    630 1698   1069     40      0    .599    .76   1.25   .142   .612   .132   1.50   .131  -.001   2
 130 RHG04B    691 1723   1033     39      3    .582    .44    .97   .139   .739   .201   1.74   .188  -.016   3
 131 RHG04C    657 1704   1048     40      0    .544    .40    .78   .123   .608   .225   1.89   .217  -.013   3
 132 RHG04E     45 1577   1533     60      2    .605    .44    .85   .136   .749   .189   1.72   .181  -.007   3
 133 RHG26A    609 1671   1063     40      0    .592    .67   1.10   .146   .676   .143   1.55   .140  -.003   2
 134 PPR01      70 1950   1881     74      5    .519    .57   1.35   .194   .844   .158   2.02   .159   .000   2
 135 PPR02      90 1950   1861     73     11    .484    .51   1.37   .191   .831   .178   1.65   .172  -.004   3
 136 PPR03    -230 1755   1986     78      0    .608    .75   2.27   .227   .792   .157   1.60   .158  -.001   3
 137 FCG24A    421 1791   1371     53      8    .427    .49   1.29   .146   .683   .189   2.10   .192  -.004   3
 138 FCG26B    549 1713   1165     44      5    .516    .39    .90   .112   .670   .198   1.64   .190  -.002   3
 139 RMU01B    844 1963   1120     43      5    .480    .64   1.71   .192   .774   .178   1.58   .179   .002   1
 140 BBG19    1001 1977    977     37      3    .587    .63   1.30   .173   .825   .130   1.40   .135   .001   1
 141 EGR151   1699 1989    291      9      1    .618    .91   1.36   .190   .441   .180   1.46   .161  -.007   3
 142 HMW04B2   600 1984   1385     53      6    .523    .80   2.40   .230   .781   .148   2.01   .157  -.005   3
 143 LME4C    1150 1972    823     30      2    .539    .35    .76   .126   .815   .177   1.53   .167  -.001   3
 144 RFT       827 1991   1165     44      0    .563   1.02   1.97   .215   .562   .155   1.72   .148  -.005   3
 145 MHC151   1497 1698    202      6      1    .469    .94   1.56   .236   .775   .135   1.52   .137   .003   1
 146 MHCA51   1760 1989    230      7      2    .533    .67   1.14   .156   .595   .172   1.63   .162   .004   1
 147 MHC261   1481 1989    509     18      0    .520    .62   1.02   .131   .713   .130   1.35   .121  -.005   1
 148 MHC271   1480 1989    510     18      6    .444    .40    .93   .138   .578   .261   1.68   .204   .002   3
 149 MHF201   1496 1987    492     18      1    .499    .72   2.19   .195   .503   .158   1.73   .158   .092   2
 150 BMG03A   1415 1991    577     21      4    .438    .60   1.12   .156   .451   .225   1.66   .197  -.010   0
 151 BMG09B   1524 1991    468     16      4    .400    .70   1.57   .251   .640   .286   1.98   .256  -.001   2
 152 BMG32A   1568 1991    424     15      3    .525    .68   1.39   .243   .661   .279   1.52   .233   .008   3
 153 BMG32B   1530 1991    462     16      0    .587    .59   1.06   .207   .621   .290   1.64   .245   .003   3
 154 BMR02    1640 1965    326     11      0    .708   1.04   1.80   .268   .666   .169   1.44   .171   .003   1
 155 BMR12     600 1936   1337     51      2    .580    .73   1.93   .304   .856   .190   1.68   .184  -.005   3
 156 RHR01A     70  900    831     32      4    .501    .41    .82   .132   .723   .210   1.57   .202  -.012   3
 157 RHR07A   1200 1806    607     22      2    .514    .62   1.22   .142   .661   .152   1.43   .146   .005   1
 158 RHR08    1050 1722    673     24      6    .408    .55   1.05   .144   .710   .163   1.52   .163  -.002   3
 159 RHG22C   1275 1992    718     26     12    .324    .65   1.68   .204   .776   .170   1.41   .135   .021   3
 160 LMG03A   1476 1992    517     18      9    .373    .71   1.58   .250   .811   .184   1.56   .167  -.001   3
 161 LMG10B   1476 1808    333     11      6    .247    .66   1.14   .168   .487   .203   1.46   .193  -.003   3
 162 LMG20B   1624 1992    369     13      0    .600    .96   1.48   .179   .644   .124   1.30   .122   .011   1
 163 LMG24A   1504 1992    489     17      1    .527    .71   1.52   .231   .755   .193   1.50   .184   .010   3
 164 LMG29A   1308 1992    685     25      8    .416    .62   1.42   .191   .650   .223   1.69   .210   .007   1
 165 LMG29B   1526 1992    467     16      2    .426    .67   1.59   .203   .603   .239   1.68   .218  -.004   1
 166 PSG06A    941 1911    971     37      3    .493    .49   1.06   .147   .738   .184   1.66   .179  -.006   3
 167 PSG28A   1487 1992    506     18      4    .434    .70   1.31   .147   .697   .135   1.40   .137  -.003   2
 168 PSG28B    903 1992   1090     41      2    .480    .39    .83   .120   .821   .150   1.49   .148  -.004   2
 169 PSG30B   1347 1992    646     24      3    .449    .58   1.14   .168   .664   .198   1.63   .182  -.000   2
 170 DCG04A   1341 1992    652     24      3    .496    .68   1.65   .216   .649   .231   1.65   .204   .007   1
 171 DCG04B   1324 1992    669     25      7    .481    .84   2.03   .274   .751   .200   1.67   .193  -.011   1
 172 DCG09B   1451 1992    542     19      1    .508    .72   1.64   .258   .818   .190   1.59   .184  -.001   2
 173 DCG13B   1404 1992    589     21      6    .492    .74   1.74   .274   .831   .189   1.63   .186   .011   1
 174 DCG21B   1358 1910    553     20      2    .471    .59   1.66   .251   .812   .247   1.78   .231   .003   2
 175 EFK05A   1405 1991    587     21      3    .549    .62   1.35   .194   .627   .227   1.69   .204   .013   2
 176 EFK05B   1423 1991    569     20      3    .499    .64   1.34   .192   .540   .254   1.53   .190   .004   3
 177 EFK08A   1425 1991    567     20      0    .602    .56   1.29   .198   .704   .233   1.64   .212  -.006   1
 178 GAR21A   1424 1940    517     18      7    .460    .59   1.45   .255   .824   .251   1.71   .200  -.014   3
 179 GAR21B   1435 1991    557     20      2    .504    .64   1.43   .211   .760   .205   1.48   .182   .006   2
 180 GAR24A   1360 1991    632     23      2    .568    .44    .99   .126   .643   .188   1.48   .176  -.009   3
 181 GAR24B   1360 1991    632     23      1    .579    .48    .94   .116   .721   .140   1.32   .134   .003   1
 182 MUI10C   1399 1991    593     21      3    .517    .69   1.58   .226   .711   .219   1.66   .206  -.009   3
 183 SCG05A    792 1669    878     33      4    .471    .79   1.89   .256   .895   .130   1.58   .137  -.001   3
 184 SCG11B   1150 1846    697     25      9    .389    .66   1.18   .138   .788   .108   1.52   .115  -.002   3
 185 SCG11C    900 1859    960     36     11    .442    .66   1.30   .133   .747   .113   1.42   .117  -.001   3
 186 FCG22B   1205 1992    788     29      1    .427    .53   1.16   .154   .520   .246   1.99   .216   .002   2
 187 FCG26A    960 1693    734     27      4    .454    .47    .81   .116   .623   .177   1.72   .179   .008   3
 188 CGN02A    870 1817    948     36     22    .308   1.21   3.47   .703   .930   .161   1.78   .166  -.003   3
 189 CGN04A    650 1430    781     29     13    .366   1.13   4.85   .525   .896   .147   1.75   .156  -.017   3
 190 CGN1D-1   963 1608    646     24      7    .416   1.36   2.28   .326   .793   .118   1.45   .116   .004   3
 191 CGN1D-2   881 1608    728     27      9    .416   1.27   2.31   .301   .823   .110   1.35   .112   .002   3
 192 CGN6-1    924 1774    851     33     11    .373   1.12   3.49   .611   .905   .170   1.79   .178   .007   1
 193 CLS01A    300 1580   1281     49     19    .362    .63   1.42   .191   .761   .184   1.65   .175   .004   2
 194 CLS01B    350 1400   1051     40      6    .437    .61   1.07   .161   .665   .185   1.53   .170  -.004   2
 195 CLS03C    132  682    551     20     10    .281   1.19   2.91   .367   .825   .137   1.55   .145   .017   1
 196 CLS08     520  916    397     14      8    .286   1.04   1.84   .216   .644   .137   1.50   .130  -.007   2
 197 CLS09C    730 1195    466     16      4    .361   1.26   2.37   .342   .735   .158   1.52   .156  -.009   3
 198 CLS09F    801 1708    908     34      9    .424   1.04   2.34   .402   .876   .160   1.51   .158  -.004   2
 199 CLS10A    918 1990   1073     41     10    .416   1.01   2.99   .417   .845   .168   1.73   .176  -.000   2
 200 CLS12    1000 1443    444     15      8    .329    .96   2.02   .330   .884   .137   1.38   .126  -.021   3
 201 CLS14B   1132 1994    863     32      8    .382   1.02   2.56   .407   .895   .137   1.56   .133   .004   3
 202 CLS14C    998 1993    996     37      9    .406   1.08   2.85   .448   .904   .136   1.61   .136  -.000   3
 203 CLS15B    960 1994   1035     39     15    .364    .94   3.24   .621   .950   .163   1.58   .157   .004   2
 204 CLS17     345 1701   1357     53     14    .387    .82   3.51   .533   .948   .184   1.64   .179   .002   1
 205 CSG02B    980 1784    805     30      7    .424   1.38   3.74   .455   .754   .166   1.52   .150   .007   3
 206 CSG03A    907 1994   1088     41     11    .457    .96   3.49   .555   .916   .176   1.52   .171  -.009   1
 207 CSG04A   1105 1993    889     33     12    .407   1.17   2.82   .436   .851   .162   1.76   .170   .020   1
 208 CSG04C   1046 1993    948     36     13    .424   1.21   2.44   .432   .812   .171   1.65   .173  -.001   2
 209 CSG07F    585 1450    866     33     16    .314    .79   1.83   .268   .880   .136   1.55   .143  -.002   2
 210 CSP01A   1647 1970    324     11      9    .232    .86   4.04   .703   .942   .215   2.04   .221   .006   1
 211 CSP02A   1902 2012    111      2      2    .232   1.64   4.68  1.132   .964   .163   1.51   .175   .009   1
 212 CSP02B   1887 2012    126      3      2    .289   2.29   4.83  1.242   .956   .139   1.55   .149  -.022   3
 213 CSP03A   1842 2012    171      5      4    .322   1.31   3.34   .619   .876   .173   1.53   .181   .006   3
 214 CSP03B   1827 2012    186      5      5    .215   1.13   3.71   .602   .793   .203   2.55   .258   .068   3
 215 CSP04B   1865 2012    148      4      4    .249    .71   1.76   .313   .780   .210   1.55   .226   .028   2
 216 CSP05A   1837 2012    176      5      3    .270   1.15   2.26   .382   .790   .166   1.50   .176   .016   2
 217 CSP05B   1846 2012    167      5      4    .298   1.41   2.67   .394   .654   .178   1.44   .180   .000   1
 218 CSP05C   1853 2012    160      4      4    .176   1.33   2.40   .395   .680   .175   1.68   .187   .017   1
 219 CSP07A   1851 2012    162      4      3    .301   1.73   3.87   .671   .816   .181   1.65   .188   .012   3
 220 CSP07B   1803 2012    210      6      4    .297   1.35   5.84   .819   .893   .194   2.04   .229   .080   2
 221 CSP08A   1794 2012    219      7      5    .241   1.25   2.17   .325   .642   .176   1.66   .183  -.005   3
 222 CSP09A   1819 2012    194      6      1    .440   1.38   3.55   .704   .783   .242   1.74   .245  -.038   3
 223 CSP09B   1830 2012    183      5      3    .404   1.76   3.09   .435   .406   .232   1.60   .217   .034   1
 224 CSP10A   1774 2012    239      8      7    .251    .97   2.71   .536   .861   .261   1.70   .269   .019   1
 225 CSP10B   1800 2012    213      6      5    .236    .99   2.23   .463   .754   .288   1.85   .286  -.023   1
 226 CSP11A   1851 2012    162      4      2    .279   1.57   5.22  1.246   .954   .196   1.49   .191   .030   1
 227 CSP11B   1844 2012    169      5      2    .332   1.90   7.31  1.449   .957   .175   1.63   .170  -.002   3
 228 CSP12A   1822 2012    191      6      4    .197   1.38   3.44   .889   .909   .259   1.91   .254   .034   1
 229 CSP12B   1838 2012    175      5      2    .331   1.13   3.25   .779   .929   .259   2.06   .257   .048   1
 230 CSP14A   1847 2012    166      5      2    .280   1.67   6.92   .833   .796   .217   1.54   .193  -.016   3
 231 CSP14B   1887 2012    126      3      0    .425   2.13   4.57   .826   .815   .210   1.53   .208   .020   1
 232 CSP15A   1810 2012    203      6      2    .219   1.32   4.07   .978   .854   .269   1.99   .279   .014   1
 233 CSP15B   1815 2012    198      6      3    .202   1.39   5.21  1.133   .847   .289   2.24   .299  -.012   1
 234 CSP16A   1850 2012    163      4      3    .292    .53   1.17   .212   .755   .223   1.61   .222   .015   1
 235 CSP16B   1675 2012    338     11     10    .292    .78   2.46   .400   .864   .214   1.82   .225   .008   1
 236 CSP17A   1906 2012    107      2      2    .237   2.38   4.97   .861   .769   .168   1.49   .175   .015   3
 237 CSP17B   1906 2012    107      2      2    .191   2.26   4.83   .865   .766   .162   1.80   .190   .005   3
 238 CSP19A   1878 2012    135      3      2    .306   1.81   6.74  1.208   .782   .319   2.50   .321   .047   1
 239 CSP20A   1909 2012    104      2      0    .338   2.47   4.70   .874   .753   .207   1.74   .208   .033   3
 240 CSP20B   1905 2012    108      2      0    .457   2.26   5.56  1.291   .953   .166   1.65   .173   .050   1
 241 CSP21B   1642 2012    371     13      7    .304   1.06   2.35   .324   .801   .155   1.50   .149   .013   3
 242 CSP22A   1797 2011    215      7      3    .354   1.36   3.62   .440   .803   .138   1.81   .155  -.030   1
 243 CSP22B   1522 1810    289     10      6    .314    .82   5.09   .514   .892   .193   1.98   .197   .002   1
 244 CSP23A   1694 2012    319     11      1    .413   1.09   2.13   .343   .784   .176   1.50   .156   .033   0
 245 CSP23B   1849 2012    164      5      3    .302    .66   3.35   .366   .871   .221   1.51   .185  -.106   0
 246 CSP24A   1850 2012    163      4      3    .363   1.15   1.77   .225   .554   .154   1.33   .140  -.008   2
 247 CSP24B   1846 1980    135      4      4    .272   1.03   1.83   .341   .771   .197   1.53   .164  -.005   0
 248 CSP25A   1861 2012    152      4      1    .419   2.53   4.70   .700   .741   .152   1.49   .164  -.044   1
 249 CSP25B   1883 2012    130      3      0    .545   2.60   5.84   .822   .822   .150   1.44   .153   .007   1
 250 CSP27A   1917 2012     96      2      1    .437   3.18   5.23   .772   .684   .144   1.25   .119  -.010   3
 251 CSP27B   1908 2012    105      2      1    .374   2.47   4.22   .471   .591   .141   1.32   .131   .027   3
 252 CSP28A   1876 2012    137      3      2    .292   2.13   4.69   .719   .756   .166   1.57   .174  -.025   1
 253 CSP28B   1900 2012    113      2      1    .359   3.17   5.04   .871   .701   .158   1.39   .165  -.020   1
 254 CSP29B   1770 2012    243      8      6    .210   1.13   2.77   .367   .740   .176   1.57   .176   .003   3
 255 CSP32A   1752 2012    261      8      6    .347    .92   1.82   .316   .873   .143   1.43   .146  -.017   1
 256 CSP32B   1753 2012    260      8      4    .345    .57    .96   .159   .690   .182   1.62   .176   .072   0
 257 CSP33A   1724 2012    289      9      7    .235    .96   2.21   .282   .809   .143   1.47   .146  -.000   2
 258 CSP33B   1883 2012    130      3      1    .273    .92   1.32   .193   .703   .129   1.31   .125   .110   0
 --- -------- ---------  -----  -----  -----   ------ -----  -----  -----  -----  -----  -----  -----  -----  --
 Total or mean:         135185   4842    812    .490    .82  11.77   .318   .761   .194   2.83   .185   .001

 DATA CHECKS (rwl.check): ca726
-----------------------------------------------------------------------------------------------------------------------------------
 rwl.check: data_files/treering/measurements/northamerica/usa/ca726.rwl
 258 series, 135185 measurements, -1372-2012, 0.01 mm precision
 0 error(s), 1 warning(s), 58 note(s)
 -------------
 WARNING
   RWL_HEADER_SPAN (1)
     the header declares 1372-1992 but the measurements cover -1372-2012
 58 note(s) not shown; see rwl.check() or the 'check' element of this report.

 NOTES
-----------------------------------------------------------------------------------------------------------------------------------
 Report generated using dplR 1.8.1 (R 4.5.2) on 2026-10-01 16:56 PDT.
 Measurement file ca726.rwl, MD5 208b4ece7ace89d214c1d31b92996925.
 Filtering: each series divided by a 32-year smoothing spline (caps()), then prewhitened with
   an AR model (order by AIC, at most 3).
 Master: biweight robust mean of the other series (leave-one-out).
 Correlation: Pearson, one-tailed, pcrit = 0.01; critical r = 0.3281 for 50-year segments.
 Segments: 50 years, lagged 25, first segment floored to 100. Lags searched: +/- 10 years.
 A segment is tested only where the series and the master cover all of it, at the dated
   position and at every lag. COFECHA also tests partial segments at the ends of a series, so
   series here may show fewer segments, and no flags can be raised at the ends of the record.
 Lags follow COFECHA: negative means rings are probably missing from the series, positive means
   false rings. A missing ring carries its lag into every segment before it, so look where the
   lag changes along a series. A B flag is a hypothesis to check on the wood; the gain says how
   seriously to take it.
 A B flag marked "weak at every lag" correlates under the critical value even at its best lag:
   the segment is weak wherever it is placed, and the shift is not evidence of a dating error.
   Treat it as a low correlation, like an A.
 Averages in the summary and the totals are weighted by the number of years in each series, as
   COFECHA's are.
 Unfiltered block and mean sensitivity: the measurements as read, and sens1().
 dplR filtered block: the series that was correlated, after filtering. COFECHA's filtered
   series is defined differently, so these three columns are not COFECHA's numbers.
 AR: order of the AR model used to prewhiten.
