
 COFECHA-style crossdating report: me038
 Report generated using dplR 1.8.1 (R 4.5.2) on 2026-10-01 16:49 PDT
 Built with dplR's xdate.report(), not COFECHA; see the notes at the end.


      Measurement file name  : me038.rwl
      MD5 of measurement file: 4114c02dac306a9e94983b99d6703878
      Date checked           : 01OCT26
      Beginning year         : 1649
      Ending year            : 2001
      Principal investigators: Costanza, K.K.L.; Toth, N.A.; Speer, J.H.
      Site name              : Schoodic Pennisula
      Species information    : PCRU Picea rubens Sarg.
      Latitude               : 44.3328 N
      Longitude              : 68.0609 W
      Elevation              : 18 m

      Series intercorrelation: 0.565
      Avg mean sensitivity   : 0.271
      Avg standard deviation : 0.573
      Avg autocorrelation    : 0.853
      Number dated series    : 775
      Series crossdated      : 764
      Segment length tested  : 50

      Number problem segments: 256  (A 69, B 187; 79 of the B weak at every lag)
      Pct problem segments   : 10.64


 CORRELATION OF SERIES BY SEGMENTS: me038
-----------------------------------------------------------------------------------------------------------------------------------
 Correlations of  50-year dated segments, lagged  25 years
 Flags:  A = correlation under   .3281 but highest as dated;  B = correlation higher at other than dated position

 Seq Series  Time_span  1700 1725 1750 1775 1800 1825 1850 1875 1900 1925 1950 
                        1749 1774 1799 1824 1849 1874 1899 1924 1949 1974 1999 
 --- -------- ---------  ---- ---- ---- ---- ---- ---- ---- ---- ---- ---- ---- 
   1 AA30-11  1784 1998                      .65  .62  .65  .83  .86  .71      
   2 AA30-28  1890 1998                                          .61  .60      
   3 AA30-37  1890 1998                                          .43  .14B     
   4 AA30-56  1797 1998                      .52  .62  .50  .75  .78  .67      
   5 AB12-23  1903 1999                                               .37  .51 
   6 AB12-29  1912 1999                                               .37  .60 
   7 AB5-100  1844 2000                                .52  .35B .35B .70  .81 
   8 AB5-102  1798 2000                           .60  .44  .80  .75  .73  .82 
   9 AB5-103  1850 2000                                     .65  .60  .53  .65 
  10 AB5-107  1821 2000                           .18B .14B .45B .50B .60  .77 
  11 AB5-108  1823 2000                           .54  .31A .44  .55  .72  .89 
  12 AB5-114  1859 2000                                     .33A .42  .65  .84 
  13 AB5-115  1821 2000                           .42  .30A .68  .77  .73  .62 
  14 AB5-116  1813 2000                           .65  .46  .76  .81  .78  .85 
  15 AB5-118  1866 2000                                     .28B .38B .63  .77 
  16 AB5-122  1838 2000                                .51  .45  .49  .61  .80 
  17 AB5-125  1843 2000                                .42  .50B .51  .55  .21B
  18 AB5-126  1821 2000                           .48  .48  .10B .10B .69  .79 
  19 AB5-127  1807 2000                           .36  .42  .80  .78  .63  .77 
  20 AB5-131  1879 2000                                          .68  .63  .71 
  21 AB5-132  1823 2000                           .47  .36  .73  .80  .69  .72 
  22 AB5-135  1894 2000                                          .33  .68  .74 
  23 AB5-136  1813 2000                           .50  .34B .45B .52B .83  .86 
  24 AB5-137  1767 2000                 .28A .26A .52  .39  .61  .57  .51  .71 
  25 AB5-140  1819 2000                           .40  .40  .38  .28A .37  .75 
  26 AB5-141  1816 2000                           .51  .42  .60  .63  .60  .68 
  27 AB5-144  1874 2000                                     .68  .72  .56  .76 
  28 AB5-146  1877 2000                                          .77  .44  .64 
  29 AB5-147  1880 2000                                          .66  .58  .84 
  30 AB5-148  1892 2000                                          .51  .53  .71 
  31 AB5-149  1881 2000                                          .54  .55  .78 
  32 AB5-150  1882 2000                                          .54  .51  .71 
  33 AB5-152  1834 2000                                .50  .70  .63  .58  .78 
  34 AB5-153  1803 2000                           .62  .52  .81  .77  .62  .80 
  35 AB5-155  1825 2000                                .50  .77  .73  .61  .69 
  36 AB5-158  1880 2000                                          .59  .58  .66 
  37 AB5-159  1883 2000                                          .36  .60  .78 
  38 AB5-160  1807 2000                           .45  .30A .75  .78  .73  .78 
  39 AB5-162  1818 2000                           .32A .17B .36  .49  .48  .73 
  40 AB5-163  1818 2000                           .72  .53  .72  .70  .62  .78 
  41 AB5-164  1804 2000                           .54  .35  .64  .65  .60  .67 
  42 AB5-165  1805 2000                           .59  .48  .64  .67  .58  .78 
  43 AB5-166  1804 2000                           .67  .47  .70  .70  .70  .61 
  44 AB5-167  1907 2000                                               .63  .75 
  45 AB5-2    1832 2000                                .44  .60  .68  .70  .79 
  46 AB5-20   1828 2000                                .44  .55  .54  .43  .66 
  47 AB5-22   1816 2000                           .62  .50  .55  .55  .55  .74 
  48 AB5-23   1920 1998                                               .51      
  49 AB5-4    1846 2000                                .26B .38  .37  .55  .80 
  50 AB5-49   1852 2000                                     .56  .47  .34  .67 
  51 AB5-51   1869 2000                                     .22B .19B .62  .77 
  52 AB5-52   1847 2000                                .63  .72  .64  .50  .60 
  53 AB5-59   1882 2000                                          .52  .59  .77 
  55 AB5-61   1813 2000                           .64  .38  .49  .40B .26B .84 
  56 AB5-65   1818 2000                           .44  .26B .51  .67  .61  .80 
  57 AB5-68   1809 2000                           .53  .36  .26B .29B .56  .76 
  58 AB5-7    1856 2000                                     .24B .20B .43  .82 
  59 AB5-81   1818 2000                           .71  .51  .61  .56  .28B .44B
  60 AB5-87   1922 2000                                               .69  .87 
  61 AB5-88   1839 2000                                .28A .61  .76  .61  .78 
  62 AB5-89   1834 2000                                .37  .31B .24B .57  .70 
  63 AB5-90   1830 2000                                .48  .71  .76  .70  .81 
  64 AC24-12  1887 1999                                          .11B .39  .82 
  65 AC24-28  1880 1999                                          .62  .63  .76 
  66 AC24-39  1881 1999                                          .70  .61  .71 
  67 AC24-40  1880 1999                                          .76  .59  .51 
  68 AC24-56  1877 1999                                          .37  .75  .73 
  69 AC24-6   1871 1999                                     .71  .80  .64  .76 
  70 AC47-10  1900 1999                                               .56  .75 
  71 AC47-11  1883 1999                                          .81  .61  .82 
  72 AC47-12  1845 1999                                .41  .74  .80  .78  .80 
  73 AC47-13  1836 1999                                .66  .79  .82  .63  .70 
  74 AC47-16  1880 1999                                          .55  .41  .56 
  75 AC47-17  1875 1999                                          .70  .47  .49 
  76 AC47-3   1858 1999                                     .78  .72  .42  .79 
  77 AC47-45  1912 1999                                               .58  .77 
  78 AC47-48  1907 1999                                               .59  .57 
  79 AC47-51  1864 1999                                     .69  .81  .73  .74 
  80 AC47-52  1883 1999                                          .69  .61  .84 
  81 AC47-56  1845 1999                                .25A .54  .64  .64  .73 
  82 AC47-58  1893 1999                                          .38B .32A .68 
  83 AC47-60  1843 1999                                .51  .69  .77  .52  .70 
  84 AC47-62  1880 1999                                          .50  .52  .57 
  85 AC47-63  1879 1999                                          .38  .36  .72 
  86 AC47-64  1840 1999                                .36  .73  .80  .62  .64 
  87 AC47-68  1785 1999                      .52  .60  .37  .51  .48  .51  .64 
  88 AC47-69  1842 1999                                .37  .66  .69  .70  .58 
  89 AC47-8   1890 1999                                          .82  .68  .68 
  90 AC47-80  1883 1999                                          .62  .38  .61 
  91 AC8-12   1839 1999                                .42  .69  .56  .37B .72 
  92 AC8-2    1820 1999                           .23B .34B .69  .67  .57  .60 
  93 AC8-20   1876 1999                                          .46  .76  .59 
  94 AC8-3    1802 1999                           .62  .45  .78  .74  .59  .78 
  95 AC8-53   1786 1999                      .69  .49  .26A .70  .51  .36  .65 
  96 AC8-54   1905 1999                                               .60  .76 
  97 AC8-83   1859 1999                                     .78  .80  .79  .86 
  98 AD27-53  1888 1999                                          .51  .39  .56 
 100 AD30-101 1898 2000                                          .46  .30A .55 
 101 AD30-102 1899 2000                                               .24B .54 
 102 AD30-11  1827 2000                                .42  .42  .60  .64  .76 
 103 AD30-112 1853 2000                                     .12B .34B .76  .35B
 104 AD30-115 1830 2000                                .72  .60  .56  .56  .75 
 105 AD30-116 1833 2000                                .75  .60  .54  .50  .76 
 106 AD30-117 1834 2000                                .36  .63  .60  .65  .76 
 107 AD30-119 1831 2000                                .49  .46  .66  .80  .60 
 108 AD30-12  1837 2000                                .54  .55  .75  .68  .74 
 109 AD30-125 1832 2000                                .15B .23B .54  .55  .78 
 110 AD30-129 1907 2000                                               .50  .56 
 111 AD30-13  1852 2000                                     .42  .71  .77  .63 
 112 AD30-132 1906 2000                                               .61  .69 
 113 AD30-136 1863 2000                                     .37B .41  .35  .39 
 114 AD30-138 1842 2000                                .03B .23B .58  .59  .59 
 115 AD30-14  1781 2000                      .37  .60  .61  .66  .70  .39  .53 
 116 AD30-140 1725 2000            .19B .65  .72  .61  .45  .55  .61  .62  .67 
 117 AD30-148 1845 2000                                .16B .27A .58  .63  .61 
 118 AD30-15  1825 2000                                .55  .74  .68  .60  .71 
 119 AD30-156 1831 2000                                .55  .23B .26B .40  .48 
 120 AD30-16  1756 2000                 .66  .67  .55  .18B .40  .60  .59  .62 
 121 AD30-160 1852 2000                                     .29B .38B .57  .64 
 122 AD30-161 1885 2000                                          .51  .72  .74 
 123 AD30-163 1834 2000                                .61  .52B .61  .63  .59 
 124 AD30-164 1765 2000                 .55  .66  .54  .35  .58  .61  .48  .62 
 125 AD30-165 1739 2000            .29B .52  .64  .68  .55  .51  .58  .69  .72 
 126 AD30-168 1907 2000                                               .61  .55 
 127 AD30-17  1839 2000                                .51  .69  .67  .63  .77 
 128 AD30-171 1905 2000                                               .49  .54 
 129 AD30-172 1907 2000                                               .66  .84 
 130 AD30-173 1906 2000                                               .69  .75 
 131 AD30-174 1739 2000            .28A .52  .58  .22B .27A .62  .62  .43  .47 
 132 AD30-176 1841 2000                                .34  .64  .66  .43  .33 
 133 AD30-178 1825 2000                                .74  .82  .77  .59  .77 
 134 AD30-18  1819 2000                           .35  .45  .57  .67  .72  .79 
 135 AD30-182 1839 2000                                .50  .70  .77  .75  .72 
 136 AD30-189 1915 2000                                               .51  .60 
 137 AD30-19  1839 2000                                .39  .55  .61  .70  .79 
 138 AD30-190 1917 2000                                               .61  .62 
 139 AD30-193 1908 2000                                               .61  .68 
 140 AD30-196 1837 2000                                .21B .38B .53  .37  .77 
 141 AD30-198 1822 2000                           .52  .47  .64  .57  .32A .71 
 142 AD30-199 1833 2000                                .73  .78  .72  .46  .67 
 143 AD30-2   1838 2000                                .21B .15B .50  .69  .71 
 144 AD30-20  1902 2000                                               .40  .43 
 145 AD30-200 1827 2000                                .50  .59  .68  .66  .78 
 146 AD30-203 1818 2000                           .50  .56  .62  .68  .76  .79 
 147 AD30-204 1815 2000                           .30A .33  .52  .63  .70  .85 
 148 AD30-211 1908 2000                                               .57  .75 
 149 AD30-22  1843 2000                                .22B .22A .61  .49  .65 
 150 AD30-25  1906 2000                                               .59  .71 
 151 AD30-27  1832 2000                                .13B .42  .73  .61  .69 
 152 AD30-29  1843 2000                                .55  .81  .81  .66  .73 
 153 AD30-30  1815 2000                           .50  .54  .65  .63  .45  .50 
 154 AD30-31  1843 2000                                .68  .60B .61  .64  .70 
 155 AD30-32  1832 2000                                .56  .62  .49  .39  .63 
 156 AD30-33  1898 2000                                               .14B .57 
 157 AD30-34  1902 2000                                               .50  .51 
 158 AD30-43  1846 2000                                .48  .64  .69  .60  .60 
 159 AD30-44  1854 2000                                     .52  .63  .57  .45 
 160 AD30-45  1842 2000                                .16B .59  .82  .77  .77 
 161 AD30-47  1780 2000                      .42  .48  .48  .56  .60  .38  .46 
 162 AD30-48  1805 2000                           .53  .22B .55  .66  .69  .69 
 163 AD30-49  1836 1988                                .25A .59  .81  .51      
 164 AD30-5   1901 2000                                               .66  .62 
 165 AD30-50  1845 2000                                .74  .74  .68  .61  .69 
 166 AD30-54  1883 2000                                          .55  .20A .54 
 167 AD30-56  1900 2000                                               .47  .54 
 168 AD30-58  1836 2000                                .30A .50  .77  .61  .82 
 169 AD30-70  1833 2000                                .51  .77  .80  .51  .76 
 171 AD30-73  1831 2000                                .64  .60  .66  .72  .73 
 172 AD30-74  1832 2000                                .59  .52  .55  .62  .68 
 173 AD30-75  1846 2000                                .62  .64  .63  .49  .49 
 174 AD30-76  1820 2000                           .65  .70  .64  .65  .58  .56 
 175 AD30-77  1788 2000                      .47  .68  .56  .66  .70  .69  .67 
 176 AD30-78  1822 2000                           .59  .03B .14B .49  .42  .63 
 177 AD30-79  1799 2000                      .54  .52  .36  .44  .53  .32A .47 
 178 AD30-80  1848 2000                                .23B .57  .74  .65  .77 
 179 AD30-91  1828 2000                                .63  .57  .62  .70  .79 
 180 AD30-92  1819 2000                           .21B .29A .54  .54  .46  .16B
 181 AD30-93  1760 2000                 .65  .73  .77  .53  .56  .62  .58  .78 
 182 AD30-94  1824 2000                                .62  .62  .61  .59  .73 
 183 AD30-96  1786 2000                      .23B .57  .44  .36B .48  .55  .72 
 184 AD30-98  1812 2000                           .48  .56  .64  .62  .55  .67 
 185 AD30-99  1856 2000                                     .54  .77  .75  .70 
 186 AF38-12  1868 2001                                     .55  .52  .49  .68 
 187 AF38-13  1850 2001                                     .61  .61  .65  .77 
 188 AF38-43  1892 2001                                          .35  .73  .79 
 189 AF38-67  1899 2001                                               .30A .30A
 190 AF38-85  1881 2001                                          .21B .35  .56 
 191 AF38-87  1889 2001                                          .43  .33  .54 
 192 AF38-91  1902 2001                                               .68  .69 
 193 AJ22-10  1890 1999                                          .16B .63  .68 
 194 AJ22-16  1877 1999                                          .57  .41  .73 
 195 AJ22-24  1828 1999                                .24B .45  .40B .42  .76 
 196 AJ22-28  1850 1999                                     .42  .70  .59  .77 
 197 AJ22-36  1878 1999                                          .55  .42  .77 
 198 AJ22-37  1842 1999                                .40  .76  .77  .71  .69 
 199 AJ22-38  1876 1999                                          .74  .71  .85 
 200 AJ22-42  1884 1999                                          .62  .57  .74 
 201 AJ22-46  1857 1999                                     .51  .56  .55  .76 
 202 AJ22-48  1900 1999                                               .59  .62 
 203 AJ22-51  1867 1999                                     .26B .33  .59  .72 
 204 AJ22-53  1860 1999                                     .67  .62  .48  .68 
 205 B8-71    1876 2000                                          .37  .42  .59 
 206 C20-101  1802 2000                           .20B .06B .63  .28A .18B .75 
 207 C20-103  1847 2000                                .24B .28A .33  .59  .44 
 208 C20-105  1910 2000                                               .49  .69 
 209 C20-108  1897 2000                                          .42  .77  .86 
 210 C20-109  1913 2000                                               .53  .62 
 211 C20-110  1912 2000                                               .60  .62 
 212 C20-111  1885 2000                                          .56  .49  .67 
 213 C20-112  1873 2000                                     .53  .77  .75  .73 
 214 C20-114  1884 2000                                          .70  .62  .45 
 215 C20-116  1885 2000                                          .59  .59  .68 
 216 C20-117  1783 2000                      .42  .69  .67  .63  .59  .49  .54 
 217 C20-118  1882 2000                                          .71  .72  .71 
 218 C20-122  1907 2000                                               .27B .54 
 219 C20-123  1914 2000                                               .70  .81 
 220 C20-13   1839 2000                                .37  .63  .69  .79  .43 
 221 C20-130  1880 2000                                          .64  .54  .52 
 222 C20-132  1889 2000                                          .64  .72  .74 
 223 C20-133  1890 2000                                          .70  .62  .61 
 224 C20-135  1791 2000                      .38B .36  .38  .32A .41  .55  .53 
 225 C20-137  1871 2000                                     .33A .39  .66  .65 
 226 C20-138  1909 2000                                               .10B .24A
 227 C20-139  1890 2000                                          .55  .72  .70 
 228 C20-140  1905 2000                                               .66  .64 
 229 C20-142  1909 2000                                               .63  .69 
 230 C20-143  1912 2000                                               .66  .52 
 231 C20-145  1915 2000                                               .70  .72 
 232 C20-146  1878 2000                                          .65  .70  .73 
 233 C20-147  1906 2000                                               .69  .76 
 234 C20-148  1913 2000                                               .36  .41 
 235 C20-149  1858 2000                                     .58  .76  .66  .61 
 236 C20-16   1900 2000                                               .59  .56 
 237 C20-17   1892 2000                                          .60  .76  .77 
 238 C20-21   1911 2000                                               .61  .48 
 239 C20-24   1864 2000                                     .46  .40  .42  .59 
 240 C20-26   1819 2000                           .45  .47  .59  .73  .72  .60 
 241 C20-29   1892 2000                                          .30B .65  .67 
 242 C20-30   1899 2000                                          .38B .72  .80 
 243 C20-32   1892 2000                                          .51  .55  .74 
 244 C20-33   1786 2000                      .52  .64  .60  .56  .57  .70  .80 
 245 C20-38   1784 2000                      .30A .31A .61  .78  .69  .48  .68 
 246 C20-41   1857 2000                                     .61  .71  .68  .80 
 247 C20-44   1885 2000                                          .75  .66  .73 
 248 C20-48   1909 2000                                               .70  .76 
 249 C20-50   1882 2000                                          .62  .59  .76 
 250 C20-52   1845 2000                                .33  .70  .79  .68  .77 
 251 C20-55   1902 2000                                               .64  .80 
 252 C20-58   1897 2000                                          .69  .67  .65 
 253 C20-62   1822 2000                           .55  .31A .56  .53  .40  .58 
 254 C20-63   1910 2000                                               .37  .63 
 255 C20-64   1829 2000                                .30A .63  .55  .57  .76 
 256 C20-66   1826 2000                                .23B .54  .70  .74  .64 
 257 C20-67   1878 2000                                          .54  .58  .53 
 259 C20-7    1779 2000                      .62  .56  .61  .57  .63  .47  .65 
 260 C20-70   1884 2000                                          .74  .69  .69 
 261 C20-71   1859 2000                                     .65  .56  .40  .69 
 262 C20-72   1870 2000                                     .22B .49  .70  .72 
 263 C20-76   1900 2000                                               .61  .70 
 264 C20-77   1897 2000                                          .62  .73  .82 
 265 C20-79   1886 2000                                          .32B .57  .76 
 266 C20-8    1827 2000                                .62  .76  .77  .54  .74 
 267 C20-83   1889 2000                                          .59  .59  .58 
 268 C20-84   1838 2000                                .32B .48  .64  .62  .63 
 269 C20-89   1868 2000                                     .51  .64  .69  .62 
 270 C20-9    1865 2000                                     .43  .64  .69  .76 
 271 C20-93   1888 2000                                          .29B .47  .73 
 272 C20-94   1910 2000                                               .65  .77 
 273 C20-95   1907 2000                                               .46  .54 
 274 C20-96   1787 2000                      .42  .42  .30A .50  .55  .43  .46 
 275 C20-98   1882 2000                                          .65  .74  .73 
 276 C20-99   1829 2000                                .45  .60  .68  .55  .67 
 277 E17-22   1865 1999                                     .64  .50  .47  .79 
 278 E17-23   1862 1999                                     .57  .51  .30B .35 
 280 E17-46   1875 1999                                          .31B .53  .78 
 281 E17-47   1910 1999                                               .73  .55 
 282 E17-50   1874 1999                                     .58  .66  .67  .82 
 283 E17-51   1880 1999                                          .55  .58  .69 
 284 E17-61   1850 1999                                     .61  .67  .56  .76 
 285 E17-8    1785 1999                      .67  .66  .31A .76  .77  .59  .71 
 286 E3-1     1850 1999                                     .63  .73  .72  .73 
 287 E3-10    1829 1999                                .37  .62  .65  .54  .64 
 288 E3-11    1822 1999                           .59  .41  .61  .62  .39  .54 
 289 E3-13    1787 1999                      .38  .44  .43  .65  .76  .59  .65 
 290 E3-14    1912 1999                                               .36  .74 
 291 E3-15    1803 1999                           .44  .18B .65  .73  .64  .69 
 292 E3-16    1869 1999                                     .19B .56  .70  .64 
 293 E3-17    1871 1999                                     .45B .55  .45  .73 
 294 E3-18    1871 1999                                     .54  .64  .53  .31A
 295 E3-21    1844 1999                                .48  .46  .41  .44  .70 
 296 E3-38    1878 1999                                          .59  .58  .66 
 297 E3-39    1877 1999                                          .65  .71  .78 
 298 E3-5     1868 1999                                     .70  .70  .67  .64 
 299 E3-8     1817 1999                           .38  .17B .56  .66  .73  .78 
 300 E3-9     1839 1999                                .23B .62  .67  .60  .76 
 301 F30-2    1867 1999                                     .64  .59  .50  .69 
 302 F30-24   1895 1999                                          .45  .44  .73 
 303 F30-28   1911 1999                                               .56  .62 
 304 F30-32   1749 1999                 .67  .65  .59  .46  .64  .63  .66  .82 
 305 F30-34   1875 1999                                          .84  .65  .79 
 306 F30-45   1895 1999                                          .73  .61  .72 
 307 F30-46   1906 1999                                               .70  .76 
 308 F30-62   1810 1999                           .53  .50  .52  .34  .31B .69 
 309 F30-64   1823 1999                           .66  .69  .70  .66  .57  .79 
 310 F30-66   1866 1999                                     .73  .80  .79  .82 
 311 F30-67   1845 1999                                .31A .65  .74  .74  .75 
 312 F30-70   1832 1999                                .40  .75  .76  .69  .80 
 313 F30-71   1867 1999                                     .47  .44  .50  .70 
 314 F30-72   1868 1999                                     .61  .61  .38  .69 
 315 F30-75   1888 1999                                          .55  .67  .71 
 316 F30-76   1892 1999                                          .73  .70  .79 
 317 F30-86   1864 1999                                     .45  .60  .73  .73 
 318 G4-15    1873 1999                                     .49  .50  .40  .75 
 319 G4-26    1878 1999                                          .66  .70  .60 
 320 G4-27    1833 1999                                .46  .74  .71  .70  .88 
 321 G4-28    1889 1999                                          .77  .68  .68 
 322 G4-35    1900 1999                                               .62  .81 
 323 G4-39    1866 1999                                     .47B .53  .58  .76 
 324 G4-43    1864 1999                                     .74  .73  .58  .74 
 325 G4-45    1912 1999                                               .65  .65 
 326 G4-48    1884 1999                                          .79  .73  .74 
 327 G4-50    1865 1999                                     .72  .73  .70  .72 
 328 G4-56    1876 1999                                          .72  .70  .71 
 329 G4-57    1900 1999                                               .45  .80 
 330 G41-39   1876 1999                                          .27A .34  .62 
 331 G41-61   1849 1999                                     .23B .28B .47  .61 
 332 I18-15   1869 1999                                     .66  .76  .69  .76 
 333 I18-16   1876 1999                                          .59  .73  .79 
 334 I18-19   1847 1999                                .24A .53  .15B .04B .75 
 335 I18-21   1850 1999                                     .71  .79  .64  .76 
 336 I18-27   1906 1999                                               .56  .74 
 337 I18-38   1798 1999                           .61  .49  .59  .76  .63  .74 
 338 I18-39   1842 1999                                .56  .76  .77  .76  .56 
 339 I18-41   1889 1999                                          .54  .28B .63 
 340 I18-7    1910 1999                                               .49  .26B
 341 I18-9    1912 1999                                               .38  .70 
 342 I39-73   1867 1999                                     .73  .73  .64  .79 
 343 I39-75   1848 1999                                .21B .51  .52  .69  .73 
 344 I39-76   1830 1999                                .46  .25B .33B .76  .73 
 345 I39-77   1852 1999                                     .62  .64  .62  .52 
 346 J11-10   1764 1999                 .52  .63  .42  .35  .60  .67  .60  .77 
 347 J11-13   1902 1999                                               .50  .75 
 348 J11-14   1884 1999                                          .69  .49  .74 
 349 J11-22   1876 1999                                          .42  .63  .69 
 350 J11-23   1861 1999                                     .48  .58  .50  .59 
 351 J11-24   1796 1999                      .30A .41  .30A .68  .81  .68  .69 
 352 J11-25   1863 1999                                     .68  .71  .68  .68 
 353 J11-27   1869 1999                                     .59  .59  .62  .72 
 354 J11-30   1906 1999                                               .42  .65 
 355 J11-42   1845 1999                                .43  .74  .79  .69  .80 
 356 J11-48   1827 1999                                .26B .23B .20B .50  .65 
 357 J11-49   1827 1999                                .40  .62  .62  .68  .79 
 358 J11-5    1870 1999                                     .71  .79  .77  .77 
 359 K47-1    1916 1999                                               .30B .66 
 360 K47-10   1800 1999                           .40  .57  .60  .61  .72  .71 
 361 K47-13   1900 1999                                               .56  .72 
 362 K47-28   1804 1999                           .22B .19B .66  .63  .57  .51 
 363 K47-48   1850 1999                                     .24A .40  .46  .80 
 364 K47-56   1815 1999                           .51  .44  .79  .77  .42  .58 
 365 K47-66   1850 1999                                     .59  .52  .50  .54 
 366 K47-67   1790 1999                      .54  .41  .31A .70  .74  .66  .77 
 367 K47-68   1788 1999                      .72  .51  .55  .74  .60  .54  .77 
 368 L7-16    1859 1999                                     .64  .59  .54  .65 
 369 L7-25    1852 1999                                     .49  .52  .47  .57 
 370 L7-26    1865 1999                                     .28A .32A .44  .48 
 371 L7-27    1868 1999                                     .54  .50  .36  .55 
 372 L7-28    1862 1999                                     .48  .43  .28A .46 
 373 L7-36    1896 1999                                          .34B .27A .49 
 374 M12-32   1910 1999                                               .62  .59 
 375 M12-4    1840 1999                                .14B .58  .77  .75  .64 
 376 M12-40   1871 1999                                     .53  .54  .64  .65 
 377 N30-34   1869 2000                                     .64  .62  .55  .75 
 378 P43-101  1859 1999                                     .53  .51  .41  .70 
 379 P43-115  1873 1999                                     .49  .65  .70  .27A
 380 P43-19   1882 1999                                          .61  .54  .60 
 381 P43-25   1903 1999                                               .69  .71 
 382 P43-28   1874 1999                                     .52  .64  .70  .69 
 383 P43-30   1857 1999                                     .73  .77  .78  .77 
 384 P43-44   1908 1999                                               .47  .58 
 385 P43-68   1878 1999                                          .29A .58  .69 
 386 P43-84   1904 1999                                               .60  .80 
 387 P43-94   1834 1999                                .65  .72  .65  .64  .81 
 388 R48-107  1892 1999                                          .25B .72  .62 
 389 R48-17   1769 1999                 .62  .77  .59  .47  .81  .75  .61  .70 
 390 R48-3    1878 1999                                          .57  .31A .45 
 391 R48-39   1892 1999                                          .48  .76  .84 
 392 R48-41   1873 1999                                     .77  .82  .76  .68 
 393 R48-42   1862 1999                                     .52  .68  .49  .61 
 394 R48-45   1901 1999                                               .49  .50 
 395 R48-48   1876 1999                                          .68  .73  .81 
 396 R48-51   1857 1999                                     .34  .47  .38  .59 
 397 R48-54   1879 1999                                          .46  .40  .54 
 398 R48-6    1838 1999                                .23B .73  .57  .61  .65 
 399 R48-70   1866 1999                                     .53  .52  .39  .43 
 400 R48-94   1869 1999                                     .76  .72  .50  .54 
 401 T5-10    1888 1999                                          .76  .64  .57 
 402 T5-11    1824 1999                                .37  .66  .74  .68  .70 
 403 T5-12    1863 1999                                     .65  .73  .70  .71 
 404 T5-14    1865 1999                                     .48  .78  .66  .71 
 405 T5-17    1872 1999                                     .71  .75  .70  .82 
 406 T5-18    1888 1999                                          .84  .68  .33B
 407 T5-2     1830 1999                                .66  .83  .75  .49  .61 
 408 T5-23    1819 1999                           .49  .34  .69  .70  .61  .70 
 409 T5-3     1832 1999                                .39  .45  .66  .80  .70 
 410 T5-33    1792 1993                      .53  .43  .45  .70  .76  .53      
 411 T5-34    1842 1999                                .11B .65  .71  .67  .84 
 412 T5-36    1863 1999                                     .45  .46  .43  .70 
 413 T5-37    1839 1999                                .33  .77  .77  .62  .68 
 414 T5-42    1855 1999                                     .66  .65  .41  .63 
 415 T5-43    1868 1999                                     .55  .62  .48  .58 
 416 T5-5     1820 1999                           .38  .46  .56  .59  .32A .51 
 417 T5-67    1812 1999                           .48  .37  .58  .67  .49  .45 
 418 T5-9     1909 1999                                               .52  .58 
 419 V35-1    1848 1999                                .59  .70  .68  .63  .72 
 420 V35-10   1902 1999                                               .64  .63 
 421 V35-14   1843 1999                                .20A .52  .74  .76  .75 
 422 V35-18   1820 1999                           .65  .46  .49  .64  .69  .80 
 423 V35-19   1899 1999                                          .80  .69  .85 
 424 V35-2    1897 1999                                          .43B .50  .58 
 425 V35-22   1805 1999                           .52  .50  .69  .65  .54  .75 
 426 V35-23   1863 1999                                     .59  .69  .60  .65 
 427 V35-24   1903 1999                                               .53  .57 
 428 V35-25   1904 1999                                               .29A .23B
 429 V35-26   1907 1999                                               .67  .62 
 430 V35-29   1770 1999                 .48  .65  .56  .47  .73  .76  .66  .71 
 431 V35-3    1864 1999                                     .59  .71  .70  .80 
 432 V35-35   1878 1999                                          .75  .71  .63 
 434 V35-39   1803 1999                           .33  .44  .79  .85  .66  .57 
 435 V35-41   1841 1999                                .50  .64  .52  .25B .69 
 436 V35-43   1826 1995                                .66  .67  .72  .53      
 437 V35-45   1846 1999                                .40  .51B .62  .76  .61 
 438 V35-48   1775 1999                      .62  .41  .36  .72  .74  .60  .72 
 439 V35-49   1769 1999                 .66  .71  .49  .44  .74  .66  .38  .63 
 440 V35-52   1867 1999                                     .60  .65  .52  .53 
 441 V35-53   1880 1999                                          .53  .39  .42 
 442 V35-54   1890 1999                                          .62  .55  .50 
 443 V35-6    1880 1999                                          .37B .63  .64 
 444 V35-8    1786 1999                      .47  .64  .56  .76  .76  .45  .66 
 445 W2-11    1908 1999                                               .62  .66 
 446 W2-19    1909 1999                                               .48  .44 
 447 W2-22    1865 1999                                     .47  .54  .60  .75 
 448 W2-25    1868 1999                                     .25B .49  .63  .60 
 449 W2-32    1860 1999                                     .32A .48  .77  .79 
 450 W2-35    1914 1999                                               .62  .68 
 451 W2-61    1876 1999                                          .78  .70  .78 
 452 W9-25    1878 1999                                          .77  .68  .60 
 453 W9-26    1882 1999                                          .26B .45  .64 
 454 X18-13   1908 1999                                               .47  .70 
 455 X26-13   1873 1999                                     .72  .77  .63  .40 
 456 X26-15   1842 1999                                .12B .64  .68  .66  .57 
 457 X26-17   1865 1999                                     .55  .75  .66  .72 
 458 X26-20   1851 1999                                     .83  .81  .46  .68 
 459 X26-21   1877 1999                                          .65  .49  .77 
 460 X26-22   1857 1999                                     .78  .70  .71  .75 
 461 X26-23   1884 1999                                          .58  .51  .56 
 462 X26-3    1850 1999                                     .73  .76  .77  .81 
 463 X26-30   1898 1999                                          .56  .69  .63 
 464 X26-32   1874 1999                                     .35B .39B .56  .76 
 465 X26-34   1870 1999                                     .69  .81  .44  .63 
 466 X26-39   1898 1999                                               .66  .72 
 467 X26-42   1813 1999                           .23B .56  .79  .69  .55  .77 
 468 X26-47   1884 1999                                          .66  .47  .67 
 469 X26-64   1890 1999                                          .74  .72  .79 
 470 X26-69   1836 1999                                .48  .50  .48  .44  .62 
 471 X26-8    1827 1999                                .28A .67  .71  .44  .76 
 472 X26-9    1859 1999                                     .72  .61  .44  .72 
 473 Y1-67    1889 1999                                          .46  .41  .75 
 474 L7-41    1910 1998                                               .46      
 484 AB12-22  1922 1999                                               .44  .69 
 485 AB12-42  1927 1999                                                    .68 
 486 AB12-69  1919 1999                                               .33B .59 
 487 AB5-10   1934 2000                                                    .64 
 488 AB5-101  1926 2000                                                    .71 
 489 AB5-104  1929 2000                                                    .83 
 491 AB5-113  1926 2000                                                    .74 
 492 AB5-119  1921 2000                                               .64  .37 
 493 AB5-12   1925 2000                                                    .38 
 494 AB5-120  1935 2000                                                    .39 
 495 AB5-123  1920 2000                                               .41  .78 
 496 AB5-129  1937 2000                                                    .72 
 497 AB5-134  1932 2000                                                    .85 
 498 AB5-14   1932 2000                                                    .69 
 499 AB5-145  1935 2000                                                    .56 
 500 AB5-15   1926 2000                                                    .76 
 501 AB5-17   1934 2000                                                    .82 
 502 AB5-18   1932 2000                                                    .79 
 503 AB5-19   1927 2000                                                    .80 
 504 AB5-21   1933 2000                                                    .64 
 505 AB5-24   1932 2000                                                    .76 
 506 AB5-25   1932 2000                                                    .62 
 507 AB5-26   1934 2000                                                    .81 
 508 AB5-27   1931 2000                                                    .74 
 509 AB5-28   1932 2000                                                    .78 
 511 AB5-30   1933 2000                                                    .76 
 512 AB5-31   1931 2000                                                    .78 
 513 AB5-33   1937 2000                                                    .64 
 514 AB5-34   1940 2000                                                    .81 
 515 AB5-35   1937 2000                                                    .82 
 516 AB5-36   1932 2000                                                    .83 
 517 AB5-37   1933 2000                                                    .75 
 518 AB5-38   1946 2000                                                    .75 
 519 AB5-39   1939 2000                                                    .46 
 520 AB5-40   1937 2000                                                    .81 
 521 AB5-42   1926 2000                                                    .80 
 522 AB5-43   1930 2000                                                    .34B
 523 AB5-44   1930 2000                                                    .70 
 524 AB5-48   1937 2000                                                    .82 
 525 AB5-53   1933 2000                                                    .82 
 526 AB5-55   1935 2000                                                    .84 
 527 AB5-56   1942 2000                                                    .82 
 528 AB5-58   1932 2000                                                    .78 
 529 AB5-60   1927 2000                                                    .78 
 531 AB5-72   1930 2000                                                    .49 
 532 AB5-73   1934 2000                                                    .37B
 533 AB5-74   1932 2000                                                    .76 
 534 AB5-75   1925 2000                                                    .76 
 535 AB5-76   1941 2000                                                    .43 
 536 AB5-77   1935 2000                                                    .78 
 537 AB5-78   1929 2000                                                    .82 
 538 AB5-79   1930 2000                                                    .81 
 539 AB5-82   1931 2000                                                    .56 
 540 AB5-83   1930 2000                                                    .51 
 541 AB5-84   1940 2000                                                    .55 
 542 AB5-85   1929 2000                                                    .30B
 543 AB5-9    1931 2000                                                    .58 
 544 AB5-91   1935 2000                                                    .73 
 545 AB5-92   1932 2000                                                    .78 
 546 AB5-93   1934 2000                                                    .81 
 547 AB5-94   1934 2000                                                    .67 
 549 AB5-96   1934 2000                                                    .71 
 550 AB5-98   1929 2000                                                    .85 
 551 AB5-99   1932 2000                                                    .87 
 552 AC24-10  1938 1999                                                    .78 
 553 AC24-13  1939 1999                                                    .67 
 554 AC24-36  1929 1999                                                    .63 
 555 AC24-42  1942 1999                                                    .68 
 556 AC24-53  1929 1999                                                    .61 
 557 AC24-64  1948 1999                                                    .37 
 558 AC47-15  1935 1999                                                    .67 
 559 AC47-20  1937 1999                                                    .66 
 560 AC8-51   1923 1999                                               .41  .65 
 561 AC8-82   1932 1999                                                    .51 
 562 AD30-105 1929 2000                                                    .72 
 563 AD30-106 1922 2000                                               .24A .69 
 564 AD30-107 1923 2000                                               .37  .50 
 565 AD30-108 1922 2000                                               .58  .57 
 566 AD30-109 1922 2000                                               .34  .70 
 567 AD30-110 1924 2000                                                    .72 
 568 AD30-111 1924 2000                                               .50  .64 
 569 AD30-113 1933 2000                                                    .54 
 570 AD30-114 1935 2000                                                    .59 
 571 AD30-120 1921 2000                                               .56  .53 
 572 AD30-121 1920 2000                                               .30A .43 
 574 AD30-124 1929 2000                                                    .26B
 575 AD30-126 1922 2000                                               .72  .70 
 576 AD30-127 1924 2000                                               .54  .52 
 577 AD30-128 1924 2000                                                    .43 
 578 AD30-130 1922 2000                                               .51  .71 
 579 AD30-134 1933 2000                                                    .77 
 580 AD30-137 1939 2000                                                    .70 
 581 AD30-153 1934 2000                                                    .66 
 582 AD30-159 1947 2000                                                    .70 
 583 AD30-170 1934 2000                                                    .70 
 584 AD30-192 1919 2000                                               .46  .58 
 585 AD30-194 1917 2000                                               .63  .53 
 586 AD30-195 1922 2000                                               .65  .81 
 587 AD30-210 1922 2000                                               .66  .76 
 588 AD30-23  1925 2000                                                    .43 
 589 AD30-3   1928 2000                                                    .79 
 590 AD30-36  1919 2000                                               .56  .55 
 591 AD30-39  1923 2000                                               .28A .55 
 592 AD30-4   1925 2000                                                    .46 
 593 AD30-40  1923 2000                                               .36  .65 
 594 AD30-41  1922 2000                                               .50  .67 
 595 AD30-42  1925 2000                                                    .74 
 596 AD30-52  1935 2000                                                    .74 
 597 AD30-57  1924 2000                                               .71  .48 
 598 AD30-59  1918 2000                                               .44  .68 
 599 AD30-60  1918 2000                                               .70  .47 
 600 AD30-61  1921 2000                                               .53  .67 
 601 AD30-63  1924 2000                                               .54  .75 
 602 AD30-64  1925 2000                                                    .78 
 603 AD30-65  1926 2000                                                    .38 
 604 AD30-67  1921 2000                                               .52  .74 
 605 AD30-84  1923 2000                                               .40  .71 
 606 AD30-86  1926 2000                                                    .61 
 607 AD30-88  1922 2000                                               .63  .72 
 608 AD30-89  1923 2000                                                    .61 
 610 AF38-29  1931 2001                                                    .73 
 611 AF38-30  1947 2001                                                    .67 
 613 AF38-40  1942 2001                                                    .61 
 614 AF38-41  1928 2001                                                    .56 
 615 AF38-42  1926 2001                                                    .73 
 616 AF38-71  1931 2001                                                    .68 
 617 AF38-80  1933 2001                                                    .63 
 619 AJ22-2   1928 1999                                                    .62 
 620 AJ22-23  1924 1999                                               .57  .73 
 621 AJ22-4   1926 1999                                                    .59 
 622 C20-1    1931 2000                                                    .44 
 623 C20-104  1922 2000                                               .50  .70 
 624 C20-106  1923 2000                                               .56  .73 
 625 C20-107  1923 2000                                               .50  .78 
 627 C20-119  1926 2000                                                    .64 
 628 C20-120  1920 2000                                               .59  .63 
 631 C20-144  1920 2000                                               .73  .60 
 632 C20-18   1927 2000                                                    .67 
 633 C20-19   1923 2000                                               .48  .75 
 634 C20-2    1936 2000                                                    .72 
 636 C20-35   1933 2000                                                    .67 
 637 C20-39   1927 2000                                                    .37 
 638 C20-4    1924 2000                                               .80  .75 
 639 C20-40   1923 2000                                               .59  .74 
 640 C20-42   1923 2000                                               .61  .53 
 641 C20-69   1925 2000                                                    .70 
 642 C20-87   1920 2000                                               .39  .74 
 643 E17-19   1924 1999                                                    .46 
 644 E17-21   1923 1999                                               .70  .65 
 645 E17-53   1931 1999                                                    .62 
 648 E3-29    1944 1999                                                    .46 
 651 E38-51   1925 1999                                                    .66 
 652 E38-53   1925 1999                                                    .54 
 653 E38-54   1927 1999                                                    .49 
 654 F30-13   1940 1999                                                    .58 
 655 F30-14   1937 1999                                                    .77 
 656 F30-15   1937 1999                                                    .70 
 657 F30-17   1938 1999                                                    .66 
 658 F30-19   1937 1999                                                    .18B
 659 F30-20   1932 1999                                                    .74 
 660 F30-22   1934 1999                                                    .74 
 661 F30-35   1934 1999                                                    .76 
 662 F30-36   1948 1999                                                    .75 
 663 F30-37   1946 1999                                                    .19B
 664 F30-4    1950 1999                                                    .76 
 665 F30-41   1942 1999                                                    .76 
 666 F30-42   1940 1999                                                    .63 
 667 F30-44   1941 1999                                                    .81 
 671 F30-7    1925 1999                                                    .76 
 672 F30-8    1932 1999                                                    .82 
 673 F30-9    1931 1999                                                    .64 
 674 F30-90   1950 1999                                                    .65 
 675 G4-10    1929 1999                                                    .71 
 676 G4-23    1929 1999                                                    .68 
 677 G4-30    1927 1999                                                    .74 
 678 G4-34    1939 1999                                                    .73 
 679 G4-55    1926 1999                                                    .71 
 680 G41-16   1917 1999                                               .52  .67 
 681 G41-83   1933 1999                                                    .68 
 682 I18-13   1929 1999                                                    .80 
 683 I18-2    1936 1999                                                    .60 
 684 I18-30   1928 1999                                                    .67 
 685 I18-52   1936 1999                                                    .61 
 686 I18-6    1926 1999                                                    .42 
 687 I39-103  1931 1999                                                    .64 
 688 I39-32   1925 1999                                                    .74 
 689 I39-36   1937 1999                                                    .38 
 690 I39-42   1932 1999                                                    .52 
 691 I39-48   1934 1999                                                    .60 
 692 I39-50   1922 1999                                               .51  .67 
 693 I39-51   1919 1999                                               .32A .68 
 694 I39-83   1929 1999                                                    .68 
 695 I39-91   1933 1999                                                    .45 
 696 I39-96   1933 1999                                                    .49 
 697 J11-15   1926 1999                                                    .10B
 699 J11-19   1934 1999                                                    .22B
 701 J11-39   1920 1999                                               .25B .51 
 702 K47-24   1939 1999                                                    .67 
 703 K47-61   1927 1999                                                    .74 
 704 L7-15    1927 1999                                                    .73 
 705 L7-33    1922 1999                                               .49  .50 
 706 M12-29   1926 1999                                                    .74 
 707 M12-30   1937 1999                                                    .61 
 710 N30-18   1940 2000                                                    .37 
 711 N30-22   1940 2000                                                    .70 
 715 P43-104  1940 1999                                                    .32A
 716 P43-14   1929 1999                                                    .37 
 717 P43-16   1922 1999                                               .58  .76 
 718 P43-18   1930 1999                                                    .58 
 719 P43-21   1929 1999                                                    .40 
 720 P43-22   1932 1999                                                    .30A
 721 P43-26   1934 1999                                                    .40 
 722 P43-39   1936 1999                                                    .74 
 723 P43-5    1933 1999                                                    .59 
 724 P43-61   1946 1999                                                    .20B
 725 P43-62   1926 1999                                                    .81 
 727 P43-78   1929 1999                                                    .54 
 728 P43-87   1922 1999                                               .64  .47 
 729 P43-9    1930 1999                                                    .67 
 730 R48-103  1946 1999                                                    .40 
 731 R48-104  1937 1999                                                    .69 
 732 R48-105  1934 1999                                                    .64 
 733 R48-21   1928 1999                                                    .61 
 736 R48-90   1938 1999                                                    .75 
 737 T5-32    1943 1999                                                    .54 
 738 T5-4     1929 1999                                                    .65 
 739 V35-16   1927 1999                                                    .35B
 740 V35-28   1921 1999                                               .60  .64 
 741 V35-32   1937 1999                                                    .68 
 742 V35-33   1921 1999                                               .40  .50 
 743 V35-55   1925 1999                                                    .64 
 744 W2-14    1920 1999                                               .23B .44 
 745 W2-20    1932 1999                                                    .43 
 746 W2-29    1921 1999                                               .52  .52 
 747 W2-41    1928 1999                                                    .54 
 748 W2-69    1933 1999                                                    .51 
 749 W2-9     1922 1999                                               .69  .39 
 750 X18-17   1922 1999                                               .65  .70 
 751 X18-18   1925 1999                                                    .81 
 752 X18-63   1927 1999                                                    .78 
 753 X26-45   1937 1999                                                    .66 
 754 X26-62   1924 1999                                               .37  .57 
 755 Y1-25    1922 1999                                               .40  .51 
 756 Y1-56    1931 1999                                                    .65 
 757 AB5-130  1692 2000  .13B .19B .28B .43  .49  .54  .24B .44  .50  .39  .69 
 758 AD30-122 1706 2000       .29A .23B .64  .72  .57  .32B .41B .44B .60  .63 
 759 AD30-149 1676 2000  .41  .63  .70  .68  .66  .61  .43  .48  .53  .54  .40 
 760 AD30-151 1649 2000  .06B .18B .39B .59  .56  .51  .51  .55  .49  .37  .66 
 761 AD30-167 1696 1908  .28A .32B .45  .72  .65  .41  .38B                    
 762 AD30-175 1695 2000 -.01B .19B .31B .08B .06B .38  .36  .52B .58B .46  .72 
 763 AD30-185 1683 2000  .10B .21B .48  .75  .79  .68  .65  .75  .67  .73  .79 
 764 AD30-201 1697 2000  .21B .24B .33  .48  .55  .59  .43  .68  .63  .62  .82 
 765 AD30-206 1696 2000  .57  .63  .69  .61  .62  .56  .33  .56  .60  .41  .38B
 766 V35-27   1699 1999       .21B .48  .83  .82  .56  .44  .33  .34B .53  .76 
 767 MM_9711  1688 1990  .12B .47  .54  .65  .68  .46  .40  .63  .68  .65      
 768 MM_4A10  1689 1990  .39  .72  .64  .58  .62  .40  .17B .35B .42B .12B     
 769 MM_4A02  1677 1990  .29B .56  .63  .43  .40  .45  .32A .48B .53  .63      
 770 MM_4B04  1682 1990  .61  .53  .56  .65  .60  .34  .26B .57  .59 -.03B     
 771 MM_4A03  1688 1990  .23B .33  .39  .53  .68  .66  .39  .50  .59  .56      
 772 ER_W233  1678 1999  .03B .30A .46  .63  .65  .40  .29A .49  .62  .49  .45 
 773 ER_W151  1680 1999  .28A .23B .43  .36  .42  .63  .39  .60  .63  .53  .64 
 775 MH024A   1694 1879  .46  .37  .37  .54B .35B .09B                         
 Av segment correlation  .26  .37  .44  .57  .55  .50  .41  .57  .60  .56  .66 

 FLAGGED SEGMENTS: me038
-----------------------------------------------------------------------------------------------------------------------------------
 Seq Series   Segment    Flag  r dated  Best lag  r at lag   Gain  Note
 --- -------- ---------  ----  -------  --------  --------  -----  -----------------
   3 AA30-37  1925 1974     B     .140        -2      .415   .275
   7 AB5-100  1875 1924     B     .346         2      .351   .006
   7 AB5-100  1900 1949     B     .351       -10      .375   .024
  10 AB5-107  1825 1874     B     .177        10      .236   .059  weak at every lag
  10 AB5-107  1850 1899     B     .137        -8      .229   .093  weak at every lag
  10 AB5-107  1875 1924     B     .449         2      .483   .035
  10 AB5-107  1900 1949     B     .502         2      .515   .013
  11 AB5-108  1850 1899     A     .313         0
  12 AB5-114  1875 1924     A     .327         0
  13 AB5-115  1850 1899     A     .305         0
  15 AB5-118  1875 1924     B     .277        -2      .284   .007  weak at every lag
  15 AB5-118  1900 1949     B     .380         7      .386   .007
  17 AB5-125  1875 1924     B     .502         2      .555   .054
  17 AB5-125  1950 1999     B     .210        -3      .345   .135
  18 AB5-126  1875 1924     B     .101         2      .622   .521
  18 AB5-126  1900 1949     B     .103         2      .531   .427
  23 AB5-136  1850 1899     B     .342         2      .366   .024
  23 AB5-136  1875 1924     B     .446         2      .712   .266
  23 AB5-136  1900 1949     B     .519         2      .653   .133
  24 AB5-137  1775 1824     A     .282         0
  24 AB5-137  1800 1849     A     .264         0
  25 AB5-140  1900 1949     A     .282         0
  38 AB5-160  1850 1899     A     .297         0
  39 AB5-162  1825 1874     A     .325         0
  39 AB5-162  1850 1899     B     .169        -5      .240   .070  weak at every lag
  49 AB5-4    1850 1899     B     .260        -2      .327   .067  weak at every lag
  51 AB5-51   1875 1924     B     .216         4      .337   .121
  51 AB5-51   1900 1949     B     .189         4      .377   .188
  55 AB5-61   1900 1949     B     .402         2      .497   .095
  55 AB5-61   1925 1974     B     .258         2      .303   .045  weak at every lag
  56 AB5-65   1850 1899     B     .262        10      .380   .119
  57 AB5-68   1875 1924     B     .263        -2      .409   .146
  57 AB5-68   1900 1949     B     .292         5      .405   .112
  58 AB5-7    1875 1924     B     .235         4      .401   .166
  58 AB5-7    1900 1949     B     .198         4      .396   .198
  59 AB5-81   1925 1974     B     .278        -7      .285   .007  weak at every lag
  59 AB5-81   1950 1999     B     .438        -1      .441   .003
  61 AB5-88   1850 1899     A     .280         0
  62 AB5-89   1875 1924     B     .310        10      .374   .064
  62 AB5-89   1900 1949     B     .235         8      .248   .013  weak at every lag
  64 AC24-12  1900 1949     B     .114        -2      .346   .232
  81 AC47-56  1850 1899     A     .246         0
  82 AC47-58  1900 1949     B     .384        -1      .395   .010
  82 AC47-58  1925 1974     A     .324         0
  91 AC8-12   1925 1974     B     .373        -3      .376   .003
  92 AC8-2    1825 1874     B     .233         5      .324   .091  weak at every lag
  92 AC8-2    1850 1899     B     .342       -10      .350   .008
  95 AC8-53   1850 1899     A     .261         0
 100 AD30-101 1925 1974     A     .299         0
 101 AD30-102 1925 1974     B     .239        -8      .261   .022  weak at every lag
 103 AD30-112 1875 1924     B     .124        -5      .336   .211
 103 AD30-112 1900 1949     B     .344        -4      .470   .126
 103 AD30-112 1950 1999     B     .345         1      .483   .138
 109 AD30-125 1850 1899     B     .145         4      .271   .126  weak at every lag
 109 AD30-125 1875 1924     B     .227        -1      .230   .004  weak at every lag
 113 AD30-136 1875 1924     B     .367        -2      .392   .025
 114 AD30-138 1850 1899     B     .028        -5      .364   .337
 114 AD30-138 1875 1924     B     .228         2      .274   .046  weak at every lag
 116 AD30-140 1750 1799     B     .190        -2      .253   .063  weak at every lag
 117 AD30-148 1850 1899     B     .156         5      .245   .089  weak at every lag
 117 AD30-148 1875 1924     A     .275         0
 119 AD30-156 1875 1924     B     .230         4      .287   .056  weak at every lag
 119 AD30-156 1900 1949     B     .256        -8      .413   .158
 120 AD30-16  1850 1899     B     .180        -7      .192   .012  weak at every lag
 121 AD30-160 1875 1924     B     .286        -7      .321   .035  weak at every lag
 121 AD30-160 1900 1949     B     .379        -7      .417   .039
 123 AD30-163 1875 1924     B     .522        -1      .549   .027
 125 AD30-165 1750 1799     B     .293         2      .351   .058
 131 AD30-174 1750 1799     A     .283         0
 131 AD30-174 1825 1874     B     .225         1      .258   .033  weak at every lag
 131 AD30-174 1850 1899     A     .275         0
 140 AD30-196 1850 1899     B     .207         8      .242   .035  weak at every lag
 140 AD30-196 1875 1924     B     .382         2      .430   .048
 141 AD30-198 1925 1974     A     .321         0
 143 AD30-2   1850 1899     B     .207         8      .244   .037  weak at every lag
 143 AD30-2   1875 1924     B     .150         1      .217   .067  weak at every lag
 147 AD30-204 1825 1874     A     .300         0
 149 AD30-22  1850 1899     B     .220         6      .245   .025  weak at every lag
 149 AD30-22  1875 1924     A     .223         0
 151 AD30-27  1850 1899     B     .128         5      .220   .092  weak at every lag
 154 AD30-31  1875 1924     B     .602        -2      .623   .021
 156 AD30-33  1925 1974     B     .136         1      .160   .024  weak at every lag
 160 AD30-45  1850 1899     B     .162         4      .252   .091  weak at every lag
 162 AD30-48  1850 1899     B     .220         4      .260   .041  weak at every lag
 163 AD30-49  1850 1899     A     .248         0
 166 AD30-54  1925 1974     A     .197         0
 168 AD30-58  1850 1899     A     .301         0
 176 AD30-78  1850 1899     B     .027         9      .251   .224  weak at every lag
 176 AD30-78  1875 1924     B     .137        -1      .360   .223
 177 AD30-79  1925 1974     A     .324         0
 178 AD30-80  1850 1899     B     .226         7      .257   .031  weak at every lag
 180 AD30-92  1825 1874     B     .213        -2      .355   .142
 180 AD30-92  1850 1899     A     .288         0
 180 AD30-92  1950 1999     B     .159         1      .189   .030  weak at every lag
 183 AD30-96  1800 1849     B     .233        -5      .242   .010  weak at every lag
 183 AD30-96  1875 1924     B     .365        -4      .394   .029
 189 AF38-67  1925 1974     A     .305         0
 189 AF38-67  1950 1999     A     .303         0
 190 AF38-85  1900 1949     B     .214         1      .314   .100  weak at every lag
 193 AJ22-10  1900 1949     B     .160        -2      .546   .385
 195 AJ22-24  1850 1899     B     .239        -8      .293   .054  weak at every lag
 195 AJ22-24  1900 1949     B     .397        -2      .472   .076
 203 AJ22-51  1875 1924     B     .260         4      .312   .052  weak at every lag
 206 C20-101  1825 1874     B     .201        -7      .227   .026  weak at every lag
 206 C20-101  1850 1899     B     .057        -2      .309   .252  weak at every lag
 206 C20-101  1900 1949     A     .281         0
 206 C20-101  1925 1974     B     .184       -10      .385   .200
 207 C20-103  1850 1899     B     .239        -2      .258   .019  weak at every lag
 207 C20-103  1875 1924     A     .278         0
 218 C20-122  1925 1974     B     .266       -10      .336   .069
 224 C20-135  1800 1849     B     .380        -3      .383   .003
 224 C20-135  1875 1924     A     .317         0
 225 C20-137  1875 1924     A     .327         0
 226 C20-138  1925 1974     B     .102         4      .447   .345
 226 C20-138  1950 1999     A     .240         0
 241 C20-29   1900 1949     B     .301        -7      .431   .130
 242 C20-30   1900 1949     B     .376        -2      .405   .029
 245 C20-38   1800 1849     A     .303         0
 245 C20-38   1825 1874     A     .309         0
 253 C20-62   1850 1899     A     .312         0
 255 C20-64   1850 1899     A     .304         0
 256 C20-66   1850 1899     B     .230        -7      .270   .040  weak at every lag
 262 C20-72   1875 1924     B     .216        -7      .222   .006  weak at every lag
 265 C20-79   1900 1949     B     .322        -5      .423   .101
 268 C20-84   1850 1899     B     .319         5      .340   .021
 271 C20-93   1900 1949     B     .288         2      .345   .057
 274 C20-96   1850 1899     A     .301         0
 278 E17-23   1925 1974     B     .301         3      .313   .012  weak at every lag
 280 E17-46   1900 1949     B     .311         1      .369   .058
 285 E17-8    1850 1899     A     .314         0
 291 E3-15    1850 1899     B     .178        -2      .238   .061  weak at every lag
 292 E3-16    1875 1924     B     .193         3      .222   .028  weak at every lag
 293 E3-17    1875 1924     B     .451         1      .555   .105
 294 E3-18    1950 1999     A     .306         0
 299 E3-8     1850 1899     B     .172        -8      .278   .106  weak at every lag
 300 E3-9     1850 1899     B     .230         8      .283   .053  weak at every lag
 308 F30-62   1925 1974     B     .312        -5      .320   .009  weak at every lag
 311 F30-67   1850 1899     A     .313         0
 323 G4-39    1875 1924     B     .472         2      .544   .072
 330 G41-39   1900 1949     A     .275         0
 331 G41-61   1875 1924     B     .232         8      .427   .194
 331 G41-61   1900 1949     B     .284         7      .304   .019  weak at every lag
 334 I18-19   1850 1899     A     .239         0
 334 I18-19   1900 1949     B     .150        -1      .292   .142  weak at every lag
 334 I18-19   1925 1974     B     .038         4      .222   .184  weak at every lag
 339 I18-41   1925 1974     B     .276         3      .432   .156
 340 I18-7    1950 1999     B     .258        -2      .282   .024  weak at every lag
 343 I39-75   1850 1899     B     .212         5      .405   .193
 344 I39-76   1875 1924     B     .255        -4      .451   .197
 344 I39-76   1900 1949     B     .325        -4      .560   .235
 351 J11-24   1800 1849     A     .300         0
 351 J11-24   1850 1899     A     .297         0
 356 J11-48   1850 1899     B     .264        -7      .378   .114
 356 J11-48   1875 1924     B     .235        -2      .312   .077  weak at every lag
 356 J11-48   1900 1949     B     .205        -3      .469   .264
 359 K47-1    1925 1974     B     .300         5      .439   .140
 362 K47-28   1825 1874     B     .215         5      .223   .008  weak at every lag
 362 K47-28   1850 1899     B     .189       -10      .252   .063  weak at every lag
 363 K47-48   1875 1924     A     .237         0
 366 K47-67   1850 1899     A     .311         0
 370 L7-26    1875 1924     A     .275         0
 370 L7-26    1900 1949     A     .320         0
 372 L7-28    1925 1974     A     .276         0
 373 L7-36    1900 1949     B     .336         1      .346   .010
 373 L7-36    1925 1974     A     .274         0
 375 M12-4    1850 1899     B     .136         3      .227   .090  weak at every lag
 379 P43-115  1950 1999     A     .274         0
 385 P43-68   1900 1949     A     .292         0
 388 R48-107  1900 1949     B     .247        10      .391   .144
 390 R48-3    1925 1974     A     .312         0
 398 R48-6    1850 1899     B     .232         8      .337   .105
 406 T5-18    1950 1999     B     .332         1      .435   .103
 411 T5-34    1850 1899     B     .114        -9      .170   .056  weak at every lag
 416 T5-5     1925 1974     A     .316         0
 421 V35-14   1850 1899     A     .205         0
 424 V35-2    1900 1949     B     .432         1      .538   .105
 428 V35-25   1925 1974     A     .293         0
 428 V35-25   1950 1999     B     .226         2      .290   .064  weak at every lag
 435 V35-41   1925 1974     B     .248        -4      .276   .028  weak at every lag
 437 V35-45   1875 1924     B     .510         2      .567   .056
 443 V35-6    1900 1949     B     .369         4      .478   .109
 448 W2-25    1875 1924     B     .246         7      .383   .137
 449 W2-32    1875 1924     A     .325         0
 453 W9-26    1900 1949     B     .261        -2      .400   .139
 456 X26-15   1850 1899     B     .124         8      .260   .136  weak at every lag
 464 X26-32   1875 1924     B     .346        -2      .673   .327
 464 X26-32   1900 1949     B     .389        -2      .470   .080
 467 X26-42   1825 1874     B     .234         6      .296   .062  weak at every lag
 471 X26-8    1850 1899     A     .281         0
 486 AB12-69  1925 1974     B     .327         1      .333   .006
 522 AB5-43   1950 1999     B     .337         1      .428   .091
 532 AB5-73   1950 1999     B     .371         1      .384   .013
 542 AB5-85   1950 1999     B     .296         1      .450   .154
 563 AD30-106 1925 1974     A     .244         0
 572 AD30-121 1925 1974     A     .300         0
 574 AD30-124 1950 1999     B     .260        -6      .400   .140
 591 AD30-39  1925 1974     A     .280         0
 658 F30-19   1950 1999     B     .182        -3      .370   .187
 663 F30-37   1950 1999     B     .193        -1      .555   .361
 693 I39-51   1925 1974     A     .320         0
 697 J11-15   1950 1999     B     .103        -3      .209   .106  weak at every lag
 699 J11-19   1950 1999     B     .218       -10      .392   .175
 701 J11-39   1925 1974     B     .250         4      .278   .028  weak at every lag
 715 P43-104  1950 1999     A     .321         0
 720 P43-22   1950 1999     A     .297         0
 724 P43-61   1950 1999     B     .195       -10      .270   .075  weak at every lag
 739 V35-16   1950 1999     B     .349         1      .376   .027
 744 W2-14    1925 1974     B     .230        -2      .343   .113
 757 AB5-130  1700 1749     B     .130         2      .233   .102  weak at every lag
 757 AB5-130  1725 1774     B     .188        -1      .351   .163
 757 AB5-130  1750 1799     B     .281        -1      .344   .063
 757 AB5-130  1850 1899     B     .243         6      .264   .021  weak at every lag
 758 AD30-122 1725 1774     A     .288         0
 758 AD30-122 1750 1799     B     .227         2      .316   .089  weak at every lag
 758 AD30-122 1850 1899     B     .317         8      .358   .040
 758 AD30-122 1875 1924     B     .414        -2      .419   .005
 758 AD30-122 1900 1949     B     .438        -1      .447   .008
 760 AD30-151 1700 1749     B     .061        -8      .304   .243  weak at every lag
 760 AD30-151 1725 1774     B     .184        -3      .240   .056  weak at every lag
 760 AD30-151 1750 1799     B     .389        -2      .460   .071
 761 AD30-167 1700 1749     A     .282         0
 761 AD30-167 1725 1774     B     .316         5      .331   .015
 761 AD30-167 1850 1899     B     .383        -4      .478   .095
 762 AD30-175 1700 1749     B    -.010         8      .205   .216  weak at every lag
 762 AD30-175 1725 1774     B     .190         8      .287   .097  weak at every lag
 762 AD30-175 1750 1799     B     .311        -5      .393   .082
 762 AD30-175 1775 1824     B     .078        -2      .604   .526
 762 AD30-175 1800 1849     B     .055        -2      .619   .564
 762 AD30-175 1875 1924     B     .517        -1      .624   .107
 762 AD30-175 1900 1949     B     .576        -1      .600   .024
 763 AD30-185 1700 1749     B     .103        -4      .311   .208  weak at every lag
 763 AD30-185 1725 1774     B     .208         3      .222   .013  weak at every lag
 764 AD30-201 1700 1749     B     .210        -4      .274   .065  weak at every lag
 764 AD30-201 1725 1774     B     .239        -4      .280   .042  weak at every lag
 765 AD30-206 1950 1999     B     .380        -4      .462   .082
 766 V35-27   1725 1774     B     .205        -5      .311   .106  weak at every lag
 766 V35-27   1900 1949     B     .344         2      .362   .018
 767 MM_9711  1700 1749     B     .121         2      .390   .269
 768 MM_4A10  1850 1899     B     .170         7      .259   .089  weak at every lag
 768 MM_4A10  1875 1924     B     .354         1      .423   .069
 768 MM_4A10  1900 1949     B     .420         1      .437   .017
 768 MM_4A10  1925 1974     B     .117        -4      .283   .166  weak at every lag
 769 MM_4A02  1700 1749     B     .295         7      .379   .085
 769 MM_4A02  1850 1899     A     .325         0
 769 MM_4A02  1875 1924     B     .479        -1      .509   .030
 770 MM_4B04  1850 1899     B     .261         8      .372   .111
 770 MM_4B04  1925 1974     B    -.033        -1      .297   .330  weak at every lag
 771 MM_4A03  1700 1749     B     .234        -5      .335   .101
 772 ER_W233  1700 1749     B     .030        -5      .303   .272  weak at every lag
 772 ER_W233  1725 1774     A     .299         0
 772 ER_W233  1850 1899     A     .291         0
 773 ER_W151  1700 1749     A     .280         0
 773 ER_W151  1725 1774     B     .226        -9      .260   .034  weak at every lag
 775 MH024A   1775 1824     B     .541         2      .576   .034
 775 MH024A   1800 1849     B     .345         1      .592   .246
 775 MH024A   1825 1874     B     .093         1      .216   .123  weak at every lag

 DESCRIPTIVE STATISTICS: me038
-----------------------------------------------------------------------------------------------------------------------------------

                                                Corr   //-------- Unfiltered --------\\  //-- dplR filtered --\\
                           No.    No.    No.    with   Mean   Max     Std   Auto   Mean   Max     Std   Auto  AR
 Seq Series   Interval   Years  Segmt  Flags   Master  msmt   msmt    dev   corr   sens  value    dev   corr  ()
 --- -------- ---------  -----  -----  -----   ------ -----  -----  -----  -----  -----  -----  -----  -----  --
   1 AA30-11  1784 1998    215      6      0    .667    .73   2.19   .369   .824   .233   1.79   .248   .017   1
   2 AA30-28  1890 1998    109      2      0    .615    .87   2.78   .557   .896   .288   2.23   .283   .029   3
   3 AA30-37  1890 1998    109      2      1    .502   1.59   5.04  1.193   .949   .233   2.36   .269   .005   3
   4 AA30-56  1797 1998    202      6      0    .625    .86   2.88   .642   .919   .246   2.04   .260  -.002   1
   5 AB12-23  1903 1999     97      2      0    .496   1.42   2.73   .559   .748   .254   1.59   .260   .011   1
   6 AB12-29  1912 1999     88      2      0    .524   1.25   4.16   .823   .871   .309   1.73   .289  -.100   1
   7 AB5-100  1844 2000    157      5      2    .604    .71   2.26   .516   .814   .320   2.09   .333   .000   3
   8 AB5-102  1798 2000    203      6      0    .678    .66   2.62   .369   .761   .276   2.07   .297  -.011   3
   9 AB5-103  1850 2000    151      4      0    .601    .75   2.40   .454   .844   .272   1.88   .281  -.027   3
  10 AB5-107  1821 2000    180      6      4    .424    .57   2.15   .464   .865   .356   3.93   .411  -.006   3
  11 AB5-108  1823 2000    178      6      1    .648    .61   2.05   .466   .854   .307   2.08   .322  -.004   2
  12 AB5-114  1859 2000    142      4      1    .562    .72   1.60   .332   .712   .282   2.19   .309   .021   1
  13 AB5-115  1821 2000    180      6      1    .594    .42   1.23   .236   .865   .238   1.68   .234  -.018   3
  14 AB5-116  1813 2000    188      6      0    .748    .78   2.12   .422   .786   .304   1.97   .303   .015   2
  15 AB5-118  1866 2000    135      4      2    .586    .97   2.92   .592   .872   .251   1.88   .252   .057   2
  16 AB5-122  1838 2000    163      5      0    .575    .60   1.44   .323   .828   .275   1.77   .280   .003   2
  17 AB5-125  1843 2000    158      5      2    .353    .40   2.03   .384   .897   .328   3.24   .404  -.011   3
  18 AB5-126  1821 2000    180      6      2    .367    .65   2.41   .583   .914   .312   3.72   .406   .036   1
  19 AB5-127  1807 2000    194      6      0    .548    .82   3.52   .677   .918   .319   1.90   .292  -.014   3
  20 AB5-131  1879 2000    122      3      0    .664   1.57   3.92   .828   .820   .313   1.98   .296  -.021   1
  21 AB5-132  1823 2000    178      6      0    .670    .97   3.14   .639   .850   .275   2.12   .296   .008   2
  22 AB5-135  1894 2000    107      3      0    .599    .67   2.04   .522   .857   .353   1.99   .345   .036   2
  23 AB5-136  1813 2000    188      6      3    .621    .84   2.97   .650   .887   .305   1.96   .291   .001   2
  24 AB5-137  1767 2000    234      8      2    .521    .65   2.17   .389   .864   .275   1.90   .258  -.006   3
  25 AB5-140  1819 2000    182      6      1    .466    .62   2.12   .486   .924   .270   1.88   .269   .026   1
  26 AB5-141  1816 2000    185      6      0    .562    .62   1.75   .416   .885   .341   2.50   .316   .002   3
  27 AB5-144  1874 2000    127      4      0    .667   1.36   5.29   .968   .883   .261   2.12   .281   .016   1
  28 AB5-146  1877 2000    124      3      0    .657   1.00   3.35   .753   .906   .322   1.62   .282   .024   1
  29 AB5-147  1880 2000    121      3      0    .736   1.12   2.88   .674   .789   .322   1.90   .326  -.049   1
  30 AB5-148  1892 2000    109      3      0    .617    .71   2.14   .532   .860   .344   2.29   .350  -.062   1
  31 AB5-149  1881 2000    120      3      0    .671    .64   1.59   .455   .851   .393   2.52   .393   .024   2
  32 AB5-150  1882 2000    119      3      0    .619    .61   1.68   .446   .849   .411   2.98   .418  -.015   1
  33 AB5-152  1834 2000    167      5      0    .681    .90   2.60   .568   .854   .301   1.82   .313   .000   1
  34 AB5-153  1803 2000    198      6      0    .674    .95   3.05   .555   .866   .269   1.65   .263   .007   1
  35 AB5-155  1825 2000    176      5      0    .688    .82   2.37   .499   .891   .275   2.28   .261  -.012   1
  36 AB5-158  1880 2000    121      3      0    .574    .68   2.02   .551   .936   .323   1.77   .353  -.039   1
  37 AB5-159  1883 2000    118      3      0    .523    .68   2.00   .435   .839   .335   2.53   .353  -.013   3
  38 AB5-160  1807 2000    194      6      1    .537   1.06   2.92   .707   .908   .276   2.55   .306  -.015   3
  39 AB5-162  1818 2000    183      6      2    .426    .51   1.67   .396   .844   .373   3.10   .458  -.006   2
  40 AB5-163  1818 2000    183      6      0    .705   1.29   4.23   .736   .877   .231   2.31   .252  -.013   1
  41 AB5-164  1804 2000    197      6      0    .512   1.49   4.17   .942   .859   .268   1.91   .276  -.023   1
  42 AB5-165  1805 2000    196      6      0    .590    .57   1.65   .340   .833   .291   2.06   .292   .018   1
  43 AB5-166  1804 2000    197      6      0    .607   1.16   3.69   .902   .923   .323   2.77   .302   .004   2
  44 AB5-167  1907 2000     94      2      0    .695   1.22   2.37   .586   .822   .251   1.85   .277   .024   1
  45 AB5-2    1832 2000    169      5      0    .668    .99   4.74   .946   .936   .287   1.86   .276  -.041   1
  46 AB5-20   1828 2000    173      5      0    .556    .70   2.66   .458   .792   .324   2.01   .331  -.008   3
  47 AB5-22   1816 2000    185      6      0    .607    .79   1.94   .454   .805   .306   1.68   .290   .021   2
  48 AB5-23   1920 1998     79      1      0    .626    .89   2.43   .429   .660   .295   1.73   .290   .034   2
  49 AB5-4    1846 2000    155      5      1    .497    .60   2.05   .555   .870   .355   3.11   .442   .006   2
  50 AB5-49   1852 2000    149      4      0    .552    .54   1.84   .356   .828   .316   1.87   .304  -.025   1
  51 AB5-51   1869 2000    132      4      2    .429    .77   2.08   .593   .848   .357   3.77   .458  -.052   1
  52 AB5-52   1847 2000    154      5      0    .618    .97   2.24   .394   .674   .284   2.10   .282  -.023   1
  53 AB5-59   1882 2000    119      3      0    .542    .98   2.82   .839   .920   .380   3.25   .554   .014   3
  54 AB5-6    1856 2000    145                         1.09   3.94  1.176   .942   .374                         
  55 AB5-61   1813 2000    188      6      2    .515    .81   3.69   .815   .887   .379   2.74   .410   .009   2
  56 AB5-65   1818 2000    183      6      1    .609    .66   2.58   .471   .906   .285   1.87   .288  -.020   3
  57 AB5-68   1809 2000    192      6      2    .521    .49   1.89   .460   .940   .318   2.11   .301   .006   3
  58 AB5-7    1856 2000    145      4      2    .395    .61   2.53   .578   .937   .339   3.18   .468   .039   1
  59 AB5-81   1818 2000    183      6      2    .505    .45   1.47   .356   .858   .338   3.58   .440  -.036   1
  60 AB5-87   1922 2000     79      2      0    .804    .87   1.95   .497   .756   .432   1.93   .373  -.095   1
  61 AB5-88   1839 2000    162      5      1    .646    .75   2.56   .607   .894   .355   1.92   .343  -.037   1
  62 AB5-89   1834 2000    167      5      2    .435    .53   2.11   .350   .874   .277   2.09   .278   .014   3
  63 AB5-90   1830 2000    171      5      0    .723    .77   2.23   .431   .847   .286   1.68   .276  -.043   3
  64 AC24-12  1887 1999    113      3      1    .402   1.10   3.35   .877   .927   .270   2.66   .336   .064   1
  65 AC24-28  1880 1999    120      3      0    .693   1.42   3.09   .693   .867   .254   1.98   .263  -.043   1
  66 AC24-39  1881 1999    119      3      0    .676    .88   2.17   .559   .895   .315   1.97   .290  -.009   1
  67 AC24-40  1880 1999    120      3      0    .582    .93   2.26   .526   .854   .270   1.63   .270   .001   2
  68 AC24-56  1877 1999    123      3      0    .539    .79   2.62   .544   .902   .272   1.84   .273  -.014   3
  69 AC24-6   1871 1999    129      4      0    .718   1.27   3.04   .675   .866   .237   1.55   .227  -.025   1
  70 AC47-10  1900 1999    100      2      0    .418    .68   1.55   .361   .873   .270   1.62   .254   .038   1
  71 AC47-11  1883 1999    117      3      0    .752    .85   1.88   .450   .854   .281   1.89   .273  -.004   1
  72 AC47-12  1845 1999    155      5      0    .713    .90   2.32   .475   .848   .284   1.78   .261  -.018   3
  73 AC47-13  1836 1999    164      5      0    .703   1.35   2.70   .584   .837   .205   1.68   .221   .015   1
  74 AC47-16  1880 1999    120      3      0    .548   1.58   3.73   .782   .858   .269   1.77   .254   .071   1
  75 AC47-17  1875 1999    125      3      0    .496   1.68   3.73   .699   .706   .227   1.87   .264   .036   1
  76 AC47-3   1858 1999    142      4      0    .690   1.44   3.08   .783   .886   .240   1.67   .244   .009   2
  77 AC47-45  1912 1999     88      2      0    .508   1.08   2.45   .695   .879   .270   1.80   .287   .170   2
  78 AC47-48  1907 1999     93      2      0    .663   1.54   2.89   .531   .836   .179   1.46   .189   .034   1
  79 AC47-51  1864 1999    136      4      0    .588   1.16   2.67   .599   .883   .220   2.57   .263  -.005   1
  80 AC47-52  1883 1999    117      3      0    .726    .76   1.79   .423   .889   .248   1.88   .245   .053   1
  81 AC47-56  1845 1999    155      5      1    .559   1.16   4.78  1.049   .911   .268   2.02   .260  -.033   3
  82 AC47-58  1893 1999    107      3      2    .452    .69   1.97   .493   .880   .296   2.50   .343   .078   1
  83 AC47-60  1843 1999    157      5      0    .613   1.13   3.30   .954   .949   .255   2.08   .264   .048   1
  84 AC47-62  1880 1999    120      3      0    .408    .81   2.13   .540   .925   .236   2.23   .277   .095   3
  85 AC47-63  1879 1999    121      3      0    .468    .77   3.41   .614   .800   .339   3.17   .389  -.025   1
  86 AC47-64  1840 1999    160      5      0    .612    .76   2.82   .692   .928   .292   2.14   .301   .018   2
  87 AC47-68  1785 1999    215      7      0    .497   1.38   3.46   .872   .928   .240   1.71   .233  -.023   3
  88 AC47-69  1842 1999    158      5      0    .576    .92   2.38   .574   .823   .313   2.36   .339   .073   1
  89 AC47-8   1890 1999    110      3      0    .729   1.07   1.92   .475   .844   .255   1.77   .260   .069   1
  90 AC47-80  1883 1999    117      3      0    .591   1.84   4.01   .883   .852   .218   1.61   .223   .015   1
  91 AC8-12   1839 1999    161      5      1    .532   1.26   3.14   .898   .934   .246   1.58   .231  -.009   1
  92 AC8-2    1820 1999    180      6      2    .482   1.19   2.81   .710   .910   .278   2.34   .292   .059   2
  93 AC8-20   1876 1999    124      3      0    .465   1.03   2.72   .653   .910   .240   1.83   .253   .097   1
  94 AC8-3    1802 1999    198      6      0    .580   1.17   2.92   .733   .881   .245   2.18   .267  -.027   1
  95 AC8-53   1786 1999    214      7      1    .561    .89   2.41   .490   .882   .227   1.72   .234   .014   1
  96 AC8-54   1905 1999     95      2      0    .712    .90   2.59   .623   .872   .328   1.85   .332  -.046   1
  97 AC8-83   1859 1999    141      4      0    .799   1.28   4.00   .901   .930   .235   1.66   .239  -.023   1
  98 AD27-53  1888 1999    112      3      0    .534    .95   2.63   .497   .821   .259   1.79   .269  -.027   2
  99 AD30-10  1826 2000    175                          .44   1.65   .334   .893   .328                         
 100 AD30-101 1898 2000    103      3      1    .514    .99   2.56   .589   .915   .258   1.58   .225   .040   1
 101 AD30-102 1899 2000    102      2      1    .522   1.26   2.39   .655   .904   .215   1.84   .236  -.011   2
 102 AD30-11  1827 2000    174      5      0    .583    .86   2.08   .490   .923   .224   1.60   .210  -.004   1
 103 AD30-112 1853 2000    148      4      3    .215    .54   2.02   .525   .951   .293   3.66   .373  -.009   2
 104 AD30-115 1830 2000    171      5      0    .677    .73   1.77   .307   .872   .206   1.63   .206   .010   1
 105 AD30-116 1833 2000    168      5      0    .636   1.01   2.14   .376   .708   .247   1.61   .232   .041   3
 106 AD30-117 1834 2000    167      5      0    .593    .62   1.68   .342   .825   .289   1.84   .276   .016   3
 107 AD30-119 1831 2000    170      5      0    .565    .53   1.49   .313   .898   .262   1.66   .247   .008   1
 108 AD30-12  1837 2000    164      5      0    .637    .85   2.69   .576   .922   .236   1.77   .241   .002   1
 109 AD30-125 1832 2000    169      5      2    .361    .89   2.94   .864   .955   .298   2.70   .342   .002   2
 110 AD30-129 1907 2000     94      2      0    .396   1.06   2.65   .611   .900   .272   1.49   .208  -.070   3
 111 AD30-13  1852 2000    149      4      0    .480    .69   2.12   .506   .916   .277   2.27   .299   .011   2
 112 AD30-132 1906 2000     95      2      0    .606   1.16   3.55   .917   .957   .268   1.55   .268   .117   1
 113 AD30-136 1863 2000    138      4      1    .347    .43   1.70   .390   .902   .384   2.66   .462   .025   1
 114 AD30-138 1842 2000    159      5      2    .394    .63   1.80   .402   .904   .282   1.82   .276  -.010   3
 115 AD30-14  1781 2000    220      7      0    .390    .93   3.03   .412   .769   .230   3.00   .267   .037   3
 116 AD30-140 1725 2000    276      9      1    .492    .77   2.53   .618   .927   .225   1.87   .256   .046   1
 117 AD30-148 1845 2000    156      5      2    .360    .59   1.88   .500   .932   .310   3.25   .426  -.028   1
 118 AD30-15  1825 2000    176      5      0    .545    .53   1.43   .289   .859   .251   1.79   .242  -.020   3
 119 AD30-156 1831 2000    170      5      2    .406    .99   1.95   .386   .829   .189   1.60   .197   .043   1
 120 AD30-16  1756 2000    245      8      1    .535    .83   2.37   .567   .910   .225   1.92   .268   .017   3
 121 AD30-160 1852 2000    149      4      2    .422    .50   1.24   .287   .835   .264   1.57   .249   .001   2
 122 AD30-161 1885 2000    116      3      0    .618    .43    .91   .177   .710   .263   1.82   .278  -.046   1
 123 AD30-163 1834 2000    167      5      1    .589    .53   2.01   .300   .800   .245   2.60   .270   .056   1
 124 AD30-164 1765 2000    236      8      0    .547    .85   2.75   .513   .865   .263   2.43   .304   .012   1
 125 AD30-165 1739 2000    262      9      1    .518    .78   2.47   .546   .928   .241   2.29   .264  -.003   2
 126 AD30-168 1907 2000     94      2      0    .562   1.14   2.62   .515   .888   .190   1.62   .201  -.004   2
 127 AD30-17  1839 2000    162      5      0    .653    .37   1.88   .289   .914   .266   1.67   .244   .034   1
 128 AD30-171 1905 2000     96      2      0    .542    .75   2.01   .433   .888   .268   2.03   .275   .108   1
 129 AD30-172 1907 2000     94      2      0    .759    .81   2.06   .407   .908   .221   1.49   .209   .089   1
 130 AD30-173 1906 2000     95      2      0    .683   1.05   2.80   .485   .895   .188   1.52   .206   .034   1
 131 AD30-174 1739 2000    262      9      3    .428    .75   2.08   .571   .954   .259   2.40   .286   .031   1
 132 AD30-176 1841 2000    160      5      0    .429    .54   1.35   .306   .843   .288   2.66   .333   .037   1
 133 AD30-178 1825 2000    176      5      0    .731    .84   1.84   .439   .766   .331   2.30   .351   .008   1
 134 AD30-18  1819 2000    182      6      0    .590    .73   1.86   .343   .802   .237   1.81   .258  -.005   3
 135 AD30-182 1839 2000    162      5      0    .669    .45   1.29   .205   .769   .246   1.60   .236   .019   2
 136 AD30-189 1915 2000     86      2      0    .463    .87   2.43   .504   .892   .221   1.64   .218   .023   3
 137 AD30-19  1839 2000    162      5      0    .569    .58   1.85   .388   .923   .227   1.66   .224   .019   3
 138 AD30-190 1917 2000     84      2      0    .493    .96   2.05   .348   .777   .194   1.61   .193   .045   1
 139 AD30-193 1908 2000     93      2      0    .624    .79   2.23   .537   .926   .299   1.75   .248  -.021   3
 140 AD30-196 1837 2000    164      5      2    .460    .66   2.17   .523   .913   .252   2.68   .329   .019   2
 141 AD30-198 1822 2000    179      6      1    .596    .94   2.18   .381   .816   .185   1.70   .205  -.039   1
 142 AD30-199 1833 2000    168      5      0    .654    .89   2.09   .361   .779   .227   1.68   .234  -.030   1
 143 AD30-2   1838 2000    163      5      2    .401    .66   2.91   .493   .875   .261   2.74   .336   .009   2
 144 AD30-20  1902 2000     99      2      0    .445    .71   1.86   .451   .924   .241   1.55   .222  -.007   1
 145 AD30-200 1827 2000    174      5      0    .605    .49   1.23   .314   .875   .303   1.95   .300  -.053   1
 146 AD30-203 1818 2000    183      6      0    .657    .78   2.17   .494   .914   .250   1.70   .237  -.033   1
 147 AD30-204 1815 2000    186      6      1    .615    .74   2.63   .460   .825   .298   1.85   .309   .003   1
 148 AD30-211 1908 2000     93      2      0    .742    .73   1.55   .326   .871   .244   1.48   .223  -.003   1
 149 AD30-22  1843 2000    158      5      2    .266    .83   4.11   .673   .897   .318   5.44   .632   .063   1
 150 AD30-25  1906 2000     95      2      0    .655    .97   1.88   .395   .805   .257   1.63   .244   .047   1
 151 AD30-27  1832 2000    169      5      1    .426    .79   1.93   .463   .832   .344   2.65   .345   .046   1
 152 AD30-29  1843 2000    158      5      0    .602    .69   1.63   .337   .843   .242   1.54   .248  -.007   1
 153 AD30-30  1815 2000    186      6      0    .524    .99   3.32   .510   .894   .192   1.47   .188   .026   1
 154 AD30-31  1843 2000    158      5      1    .670    .81   1.53   .355   .905   .212   1.75   .196   .021   1
 155 AD30-32  1832 2000    169      5      0    .559   1.09   2.44   .348   .771   .170   1.60   .193  -.027   1
 156 AD30-33  1898 2000    103      2      1    .476    .99   1.95   .412   .863   .195   1.50   .194   .022   3
 157 AD30-34  1902 2000     99      2      0    .534    .92   1.97   .455   .900   .213   1.43   .197  -.007   2
 158 AD30-43  1846 2000    155      5      0    .593    .60   1.10   .185   .586   .216   1.74   .221   .014   3
 159 AD30-44  1854 2000    147      4      0    .478    .48   1.19   .249   .862   .214   1.59   .242  -.025   3
 160 AD30-45  1842 2000    159      5      1    .601    .43   1.13   .283   .927   .245   1.89   .257   .040   1
 161 AD30-47  1780 2000    221      7      0    .443   1.06   3.41   .541   .776   .213   2.99   .307   .050   1
 162 AD30-48  1805 2000    196      6      1    .586   1.11   3.43   .565   .819   .224   2.32   .229   .129   3
 163 AD30-49  1836 1988    153      4      1    .433    .46   1.62   .339   .893   .270   1.92   .278  -.017   3
 164 AD30-5   1901 2000    100      2      0    .573    .71   2.02   .439   .893   .263   1.53   .258  -.024   3
 165 AD30-50  1845 2000    156      5      0    .672    .51   1.28   .279   .840   .298   1.92   .286  -.058   1
 166 AD30-54  1883 2000    118      3      1    .493   1.34   4.21   .836   .943   .180   1.55   .188   .025   1
 167 AD30-56  1900 2000    101      2      0    .536   1.06   3.30   .582   .863   .238   1.98   .247   .049   1
 168 AD30-58  1836 2000    165      5      1    .594    .82   2.38   .608   .922   .250   1.76   .262   .024   2
 169 AD30-70  1833 2000    168      5      0    .657    .70   2.23   .506   .928   .269   1.65   .254   .023   1
 170 AD30-71  1880 2000    121                          .62   1.81   .407   .881   .300                         
 171 AD30-73  1831 2000    170      5      0    .634    .71   1.51   .308   .816   .234   1.93   .233  -.015   1
 172 AD30-74  1832 2000    169      5      0    .583   1.00   2.79   .351   .629   .231   1.80   .236   .003   3
 173 AD30-75  1846 2000    155      5      0    .551    .34   1.37   .261   .871   .286   2.10   .349   .061   1
 174 AD30-76  1820 2000    181      6      0    .602    .68   1.95   .390   .895   .209   1.58   .212  -.001   2
 175 AD30-77  1788 2000    213      7      0    .458   1.13   3.58   .483   .793   .205   2.73   .261  -.027   3
 176 AD30-78  1822 2000    179      6      2    .407    .34   1.13   .215   .845   .278   1.77   .307   .018   1
 177 AD30-79  1799 2000    202      7      1    .472    .91   3.41   .627   .809   .299   2.28   .298   .053   1
 178 AD30-80  1848 2000    153      5      1    .572    .72   1.87   .457   .909   .233   2.05   .247   .075   1
 179 AD30-91  1828 2000    173      5      0    .678    .70   1.84   .369   .913   .216   1.56   .210  -.008   3
 180 AD30-92  1819 2000    182      6      3    .290    .42   1.75   .349   .885   .313   2.09   .317   .017   2
 181 AD30-93  1760 2000    241      8      0    .651    .79   2.13   .470   .881   .263   1.73   .262  -.016   1
 182 AD30-94  1824 2000    177      5      0    .667   1.28   2.77   .476   .797   .186   1.79   .206   .002   3
 183 AD30-96  1786 2000    215      7      2    .453    .92   2.22   .404   .837   .205   2.04   .238   .025   3
 184 AD30-98  1812 2000    189      6      0    .606    .73   1.96   .459   .922   .210   1.66   .219   .026   1
 185 AD30-99  1856 2000    145      4      0    .591    .93   2.21   .575   .909   .254   2.28   .261  -.044   1
 186 AF38-12  1868 2001    134      4      0    .552   1.59   3.65   .836   .917   .216   1.85   .223  -.040   1
 187 AF38-13  1850 2001    152      4      0    .599    .93   2.21   .501   .837   .260   1.86   .269  -.033   1
 188 AF38-43  1892 2001    110      3      0    .553    .79   2.30   .480   .862   .288   2.00   .303  -.003   1
 189 AF38-67  1899 2001    103      2      2    .316    .77   2.46   .452   .709   .323   2.28   .377  -.006   2
 190 AF38-85  1881 2001    121      3      1    .339    .65   2.76   .587   .923   .293   2.25   .336  -.011   3
 191 AF38-87  1889 2001    113      3      0    .447    .55   2.75   .537   .899   .357   1.86   .357   .022   2
 192 AF38-91  1902 2001    100      2      0    .643    .55   1.64   .471   .921   .337   1.84   .329  -.005   1
 193 AJ22-10  1890 1999    110      3      1    .307   1.09   3.33   .921   .951   .323   3.50   .419   .042   2
 194 AJ22-16  1877 1999    123      3      0    .625   1.39   3.98   .814   .875   .246   1.75   .239  -.028   1
 195 AJ22-24  1828 1999    172      5      2    .422    .81   2.39   .533   .843   .286   2.18   .314  -.004   1
 196 AJ22-28  1850 1999    150      4      0    .590   1.15   2.92   .804   .907   .241   2.22   .266   .015   3
 197 AJ22-36  1878 1999    122      3      0    .657    .80   1.90   .379   .791   .282   1.71   .291  -.041   1
 198 AJ22-37  1842 1999    158      5      0    .682   1.27   2.60   .627   .870   .215   1.75   .232   .006   3
 199 AJ22-38  1876 1999    124      3      0    .787   1.25   2.64   .552   .661   .294   1.97   .292   .014   2
 200 AJ22-42  1884 1999    116      3      0    .626    .97   2.24   .649   .923   .282   1.96   .280   .046   1
 201 AJ22-46  1857 1999    143      4      0    .607   1.36   4.28   .959   .923   .230   2.07   .249  -.014   3
 202 AJ22-48  1900 1999    100      2      0    .540   1.54   3.46   .811   .883   .199   1.77   .219  -.004   1
 203 AJ22-51  1867 1999    133      4      1    .372   1.12   2.98   .931   .933   .295   2.18   .344  -.000   3
 204 AJ22-53  1860 1999    140      4      0    .597   1.52   3.26   .783   .870   .213   1.75   .221   .049   2
 205 B8-71    1876 2000    125      3      0    .432    .83   2.68   .534   .875   .256   1.98   .274  -.013   1
 206 C20-101  1802 2000    199      6      4    .334    .53   1.51   .319   .900   .252   2.33   .281   .013   3
 207 C20-103  1847 2000    154      5      2    .288   1.54   4.53  1.207   .932   .252   2.81   .327   .024   1
 208 C20-105  1910 2000     91      2      0    .558   1.19   2.24   .474   .801   .258   1.44   .227  -.124   3
 209 C20-108  1897 2000    104      3      0    .642   1.53   3.93   .792   .859   .230   1.83   .253   .020   3
 210 C20-109  1913 2000     88      2      0    .379   1.94   3.62   .652   .723   .200   1.62   .242   .006   1
 211 C20-110  1912 2000     89      2      0    .393   1.14   2.72   .558   .837   .260   1.83   .253   .097   1
 212 C20-111  1885 2000    116      3      0    .610   1.41   3.19   .877   .885   .290   1.76   .275   .077   1
 213 C20-112  1873 2000    128      4      0    .614   1.00   2.09   .488   .881   .232   1.72   .229   .012   1
 214 C20-114  1884 2000    117      3      0    .535    .95   2.34   .556   .891   .262   1.66   .266   .074   1
 215 C20-116  1885 2000    116      3      0    .619    .98   2.36   .402   .757   .237   1.84   .243  -.025   1
 216 C20-117  1783 2000    218      7      0    .447    .93   3.61   .649   .909   .214   2.35   .257   .003   1
 217 C20-118  1882 2000    119      3      0    .700   1.24   3.77   .715   .885   .234   1.67   .257   .045   1
 218 C20-122  1907 2000     94      2      1    .326    .60   1.61   .385   .857   .295   2.09   .323   .070   1
 219 C20-123  1914 2000     87      2      0    .716    .87   2.51   .574   .934   .259   1.44   .211   .022   3
 220 C20-13   1839 2000    162      5      0    .461    .58   1.53   .303   .867   .227   2.02   .244  -.004   1
 221 C20-130  1880 2000    121      3      0    .547   1.92   4.47   .921   .853   .209   1.55   .215   .042   1
 222 C20-132  1889 2000    112      3      0    .676   1.55   3.14   .536   .741   .204   1.64   .222   .010   1
 223 C20-133  1890 2000    111      3      0    .602   1.24   2.64   .459   .727   .224   1.61   .222  -.000   1
 224 C20-135  1791 2000    210      7      2    .377   1.02   4.02  1.081   .934   .319   2.50   .344  -.036   1
 225 C20-137  1871 2000    130      4      1    .535   1.80   3.99   .759   .823   .209   1.74   .226  -.049   1
 226 C20-138  1909 2000     92      2      2    .263    .71   2.83   .622   .913   .306   2.36   .365   .027   1
 227 C20-139  1890 2000    111      3      0    .578    .97   2.60   .467   .835   .197   1.80   .218   .040   1
 228 C20-140  1905 2000     96      2      0    .616   1.04   2.27   .597   .914   .300   1.64   .276   .053   3
 229 C20-142  1909 2000     92      2      0    .623   1.25   2.65   .474   .750   .221   1.72   .235  -.041   1
 230 C20-143  1912 2000     89      2      0    .533   1.58   3.04   .708   .841   .233   1.58   .224  -.002   3
 231 C20-145  1915 2000     86      2      0    .614    .99   2.99   .562   .903   .224   1.62   .217  -.122   1
 232 C20-146  1878 2000    123      3      0    .674   1.50   3.19   .609   .818   .209   1.68   .213   .008   3
 233 C20-147  1906 2000     95      2      0    .648   1.09   1.92   .328   .680   .205   1.53   .206   .073   1
 234 C20-148  1913 2000     88      2      0    .469    .70   2.39   .565   .898   .319   1.78   .306   .026   1
 235 C20-149  1858 2000    143      4      0    .523   1.44   3.59   .764   .867   .236   1.74   .248  -.014   1
 236 C20-16   1900 2000    101      2      0    .507   1.22   2.96   .711   .873   .258   1.96   .261  -.017   3
 237 C20-17   1892 2000    109      3      0    .650   1.18   2.26   .477   .850   .205   1.69   .212   .004   1
 238 C20-21   1911 2000     90      2      0    .479    .66   1.70   .393   .908   .274   1.56   .273   .040   3
 239 C20-24   1864 2000    137      4      0    .504   1.24   4.59   .621   .789   .242   2.13   .265  -.031   3
 240 C20-26   1819 2000    182      6      0    .540    .86   2.93   .672   .917   .254   2.27   .288   .027   1
 241 C20-29   1892 2000    109      3      1    .518    .73   2.14   .450   .876   .273   2.00   .276   .104   0
 242 C20-30   1899 2000    102      3      1    .654   1.05   2.13   .425   .823   .192   1.45   .198   .027   1
 243 C20-32   1892 2000    109      3      0    .618    .82   2.07   .558   .927   .283   2.20   .291  -.031   3
 244 C20-33   1786 2000    215      7      0    .622    .69   3.01   .541   .878   .252   1.68   .255  -.014   3
 245 C20-38   1784 2000    217      7      2    .539   1.19   4.02   .869   .895   .270   2.68   .301   .052   1
 246 C20-41   1857 2000    144      4      0    .627   1.10   2.49   .500   .834   .224   1.71   .234  -.014   3
 247 C20-44   1885 2000    116      3      0    .683   1.28   2.82   .569   .842   .204   1.60   .227  -.008   1
 248 C20-48   1909 2000     92      2      0    .531   1.18   2.24   .577   .871   .240   1.59   .238  -.249   3
 249 C20-50   1882 2000    119      3      0    .677   1.36   3.33   .833   .944   .208   1.82   .222   .009   1
 250 C20-52   1845 2000    156      5      0    .586    .81   3.11   .700   .940   .221   2.70   .267   .003   2
 251 C20-55   1902 2000     99      2      0    .542   1.46   2.87   .741   .871   .218   2.38   .267  -.035   1
 252 C20-58   1897 2000    104      3      0    .653   1.15   2.91   .520   .751   .237   1.99   .265  -.061   1
 253 C20-62   1822 2000    179      6      1    .527    .34   1.42   .264   .866   .335   1.90   .328  -.003   3
 254 C20-63   1910 2000     91      2      0    .550    .99   2.08   .476   .840   .298   1.48   .246  -.062   3
 255 C20-64   1829 2000    172      5      1    .562    .81   1.59   .299   .733   .214   1.83   .234   .005   2
 256 C20-66   1826 2000    175      5      1    .445   1.33   4.27   .821   .892   .229   3.09   .311  -.008   1
 257 C20-67   1878 2000    123      3      0    .502    .54   1.30   .306   .877   .307   1.75   .272   .006   2
 258 C20-68   1914 2000     87                         1.77   3.51   .766   .901   .189                         
 259 C20-7    1779 2000    222      7      0    .589    .79   2.63   .557   .934   .210   1.76   .219  -.046   1
 260 C20-70   1884 2000    117      3      0    .617   1.07   2.42   .642   .917   .266   1.66   .251   .043   3
 261 C20-71   1859 2000    142      4      0    .608   1.17   2.89   .817   .953   .191   1.61   .202   .015   1
 262 C20-72   1870 2000    131      4      1    .501    .70   2.24   .336   .703   .270   2.10   .286  -.018   1
 263 C20-76   1900 2000    101      2      0    .639   1.07   2.15   .383   .796   .203   1.46   .202   .013   1
 264 C20-77   1897 2000    104      3      0    .721   1.08   2.36   .457   .825   .205   1.69   .223   .050   1
 265 C20-79   1886 2000    115      3      1    .501    .90   2.09   .537   .851   .261   2.67   .316   .012   1
 266 C20-8    1827 2000    174      5      0    .671   1.11   3.11   .742   .937   .193   1.47   .201   .002   1
 267 C20-83   1889 2000    112      3      0    .553   1.09   2.42   .594   .932   .165   1.64   .195  -.061   3
 268 C20-84   1838 2000    163      5      1    .507    .90   2.68   .547   .916   .224   1.70   .236   .013   2
 269 C20-89   1868 2000    133      4      0    .544   1.09   2.90   .734   .921   .230   1.98   .237   .027   1
 270 C20-9    1865 2000    136      4      0    .643   1.35   3.35   .824   .861   .229   2.14   .241   .004   1
 271 C20-93   1888 2000    113      3      1    .534    .82   1.68   .352   .860   .198   1.78   .207  -.000   1
 272 C20-94   1910 2000     91      2      0    .664    .94   2.11   .388   .823   .210   1.54   .217   .064   1
 273 C20-95   1907 2000     94      2      0    .511   1.27   2.26   .431   .621   .232   1.82   .237   .038   3
 274 C20-96   1787 2000    214      7      1    .368    .50   1.95   .492   .894   .471   3.85   .586  -.019   3
 275 C20-98   1882 2000    119      3      0    .687   1.08   2.28   .590   .931   .230   1.72   .225   .057   1
 276 C20-99   1829 2000    172      5      0    .567   1.04   2.76   .726   .935   .213   1.74   .231  -.012   3
 277 E17-22   1865 1999    135      4      0    .634    .83   2.50   .547   .883   .301   1.70   .287   .023   1
 278 E17-23   1862 1999    138      4      1    .395   1.23   4.26  1.072   .908   .335   1.96   .350  -.019   1
 279 E17-25   1870 1989    120                          .80   2.78   .611   .918   .288                         
 280 E17-46   1875 1999    125      3      1    .514    .95   3.41   .840   .920   .301   1.83   .287   .005   2
 281 E17-47   1910 1999     90      2      0    .504    .93   2.58   .548   .810   .300   1.93   .309   .041   1
 282 E17-50   1874 1999    126      4      0    .669    .76   2.11   .407   .874   .240   1.73   .247   .013   1
 283 E17-51   1880 1999    120      3      0    .529    .93   2.92   .711   .931   .294   2.27   .305   .052   2
 284 E17-61   1850 1999    150      4      0    .556   1.37   3.76  1.025   .917   .268   1.69   .282   .031   1
 285 E17-8    1785 1999    215      7      1    .660   1.16   3.65   .608   .918   .192   1.65   .208   .002   2
 286 E3-1     1850 1999    150      4      0    .664    .92   2.82   .679   .929   .286   1.80   .246   .056   1
 287 E3-10    1829 1999    171      5      0    .575   1.27   4.08   .786   .839   .224   1.62   .240  -.012   1
 288 E3-11    1822 1999    178      6      0    .560   1.16   4.26   .691   .838   .277   1.73   .275  -.041   1
 289 E3-13    1787 1999    213      7      0    .527   1.04   4.20   .848   .941   .229   2.55   .261  -.006   1
 290 E3-14    1912 1999     88      2      0    .699   1.63   3.98   .790   .882   .222   2.00   .246   .030   1
 291 E3-15    1803 1999    197      6      1    .560   1.05   4.13   .893   .942   .223   1.78   .236   .014   2
 292 E3-16    1869 1999    131      4      1    .502   1.19   3.16   .715   .821   .327   2.09   .341  -.035   1
 293 E3-17    1871 1999    129      4      1    .606   1.03   2.40   .446   .764   .272   1.95   .281   .032   1
 294 E3-18    1871 1999    129      4      1    .418    .99   2.32   .431   .824   .223   1.72   .236  -.012   3
 295 E3-21    1844 1999    156      5      0    .576   1.13   2.41   .522   .832   .216   1.77   .236  -.009   1
 296 E3-38    1878 1999    122      3      0    .574   1.17   2.95   .587   .812   .230   1.98   .239   .005   1
 297 E3-39    1877 1999    123      3      0    .677   1.10   3.05   .603   .835   .234   1.77   .267   .028   1
 298 E3-5     1868 1999    132      4      0    .650   1.43   3.43   .762   .858   .292   1.91   .283  -.012   1
 299 E3-8     1817 1999    183      6      1    .592    .76   2.51   .456   .871   .237   1.78   .253   .044   1
 300 E3-9     1839 1999    161      5      1    .538    .60   2.60   .381   .804   .312   2.11   .321  -.001   3
 301 F30-2    1867 1999    133      4      0    .620   1.01   2.67   .528   .779   .283   1.80   .283   .023   2
 302 F30-24   1895 1999    105      3      0    .579   1.04   2.46   .550   .820   .266   2.13   .288   .004   1
 303 F30-28   1911 1999     89      2      0    .536    .61   2.07   .441   .886   .313   1.72   .259   .031   2
 304 F30-32   1749 1999    251      8      0    .659   1.19   4.30   .950   .927   .262   1.90   .271   .010   2
 305 F30-34   1875 1999    125      3      0    .752   1.36   3.81   .707   .841   .273   1.85   .251   .032   2
 306 F30-45   1895 1999    105      3      0    .725   1.12   2.47   .572   .628   .397   2.08   .361   .011   2
 307 F30-46   1906 1999     94      2      0    .757   1.67   5.50   .999   .811   .280   1.79   .276   .006   3
 308 F30-62   1810 1999    190      6      1    .484    .42   2.27   .374   .870   .276   2.33   .281  -.021   1
 309 F30-64   1823 1999    177      6      0    .711    .78   4.05   .702   .912   .228   1.94   .246  -.037   1
 310 F30-66   1866 1999    134      4      0    .735    .99   2.55   .445   .750   .246   1.73   .257  -.055   1
 311 F30-67   1845 1999    155      5      1    .673   1.13   3.21   .710   .872   .286   1.59   .259   .041   2
 312 F30-70   1832 1999    168      5      0    .696    .94   4.85   .741   .885   .280   1.91   .297  -.008   3
 313 F30-71   1867 1999    133      4      0    .563    .75   1.84   .355   .754   .280   1.85   .274   .005   3
 314 F30-72   1868 1999    132      4      0    .602    .71   1.65   .340   .659   .313   2.09   .314   .023   2
 315 F30-75   1888 1999    112      3      0    .584   1.52   2.87   .576   .654   .268   1.72   .244  -.009   2
 316 F30-76   1892 1999    108      3      0    .749    .93   2.02   .412   .690   .293   1.71   .281   .022   2
 317 F30-86   1864 1999    136      4      0    .619   1.51   3.91   .869   .826   .268   2.06   .288   .045   2
 318 G4-15    1873 1999    127      4      0    .564   1.23   3.32   .875   .841   .319   2.52   .382   .008   2
 319 G4-26    1878 1999    122      3      0    .587   1.12   4.12   .849   .902   .319   2.03   .302  -.016   1
 320 G4-27    1833 1999    167      5      0    .683   1.56   4.99   .970   .857   .250   2.40   .292   .036   2
 321 G4-28    1889 1999    111      3      0    .704   2.49   5.01  1.280   .823   .269   2.33   .302   .036   2
 322 G4-35    1900 1999    100      2      0    .621    .95   3.65   .732   .855   .322   2.04   .347   .129   1
 323 G4-39    1866 1999    134      4      1    .576   1.25   4.45  1.026   .937   .321   2.63   .346   .029   3
 324 G4-43    1864 1999    136      4      0    .706   1.16   4.04   .733   .848   .281   2.42   .314  -.017   1
 325 G4-45    1912 1999     88      2      0    .605   2.07   4.15   .814   .464   .308   1.97   .322   .036   1
 326 G4-48    1884 1999    116      3      0    .737    .98   2.83   .711   .892   .332   1.91   .310  -.030   3
 327 G4-50    1865 1999    135      4      0    .708   1.86   4.29   .880   .781   .288   2.56   .304   .078   1
 328 G4-56    1876 1999    124      3      0    .703    .78   2.40   .494   .780   .332   1.77   .314  -.027   1
 329 G4-57    1900 1999    100      2      0    .594    .47   2.54   .384   .794   .404   1.94   .349  -.024   1
 330 G41-39   1876 1999    124      3      1    .504   1.78   3.76   .888   .836   .259   1.97   .264  -.014   3
 331 G41-61   1849 1999    151      4      2    .414    .56   2.43   .397   .860   .240   1.72   .253   .002   2
 332 I18-15   1869 1999    131      4      0    .710   1.35   3.31   .603   .795   .238   1.55   .240   .044   1
 333 I18-16   1876 1999    124      3      0    .642    .85   3.59   .672   .924   .320   1.82   .290  -.015   1
 334 I18-19   1847 1999    153      5      3    .266    .90   3.35   .823   .934   .338   6.16   .528  -.040   1
 335 I18-21   1850 1999    150      4      0    .657   1.05   2.89   .676   .906   .188   1.78   .213  -.028   1
 336 I18-27   1906 1999     94      2      0    .656   1.20   2.83   .681   .891   .210   2.31   .253   .031   1
 337 I18-38   1798 1999    202      6      0    .590   1.06   4.05   .643   .903   .215   1.78   .237  -.031   3
 338 I18-39   1842 1999    158      5      0    .613   1.13   3.09   .790   .933   .241   1.85   .240   .012   2
 339 I18-41   1889 1999    111      3      1    .583   1.52   3.02   .644   .787   .244   1.91   .260   .042   1
 340 I18-7    1910 1999     90      2      1    .255    .73   1.96   .554   .899   .322   3.69   .548   .048   1
 341 I18-9    1912 1999     88      2      0    .525   1.14   2.47   .549   .851   .297   1.75   .267   .020   2
 342 I39-73   1867 1999    133      4      0    .623   1.59   4.19   .937   .906   .216   1.69   .234  -.041   1
 343 I39-75   1848 1999    152      5      1    .554    .49   1.56   .342   .904   .275   2.40   .292   .025   2
 344 I39-76   1830 1999    170      5      2    .511    .74   3.08   .640   .906   .242   1.85   .256   .009   1
 345 I39-77   1852 1999    148      4      0    .574   1.53   3.64   .872   .869   .209   1.77   .225  -.003   3
 346 J11-10   1764 1999    236      8      0    .574    .95   2.42   .464   .851   .249   1.82   .244   .044   1
 347 J11-13   1902 1999     98      2      0    .608    .85   2.56   .449   .674   .320   1.96   .341  -.035   1
 348 J11-14   1884 1999    116      3      0    .696   1.50   3.71   .834   .879   .235   1.76   .250   .078   1
 349 J11-22   1876 1999    124      3      0    .540    .90   2.69   .621   .892   .302   2.14   .283  -.054   1
 350 J11-23   1861 1999    139      4      0    .534    .57   1.99   .346   .683   .325   2.97   .371  -.006   2
 351 J11-24   1796 1999    204      7      2    .498    .90   3.36   .665   .897   .302   2.38   .344  -.013   1
 352 J11-25   1863 1999    137      4      0    .646    .90   2.52   .588   .865   .297   2.10   .308   .011   1
 353 J11-27   1869 1999    131      4      0    .656    .66   2.13   .375   .853   .281   2.21   .290  -.040   1
 354 J11-30   1906 1999     94      2      0    .506   1.13   3.89   .678   .833   .278   1.83   .306   .024   2
 355 J11-42   1845 1999    155      5      0    .654   1.12   3.60   .819   .871   .321   2.05   .314   .010   2
 356 J11-48   1827 1999    173      5      3    .347    .57   2.78   .646   .904   .355   2.54   .378  -.024   1
 357 J11-49   1827 1999    173      5      0    .600   1.27   4.87  1.040   .928   .264   1.99   .282   .064   1
 358 J11-5    1870 1999    130      4      0    .741   1.01   2.44   .623   .888   .299   1.88   .300   .066   1
 359 K47-1    1916 1999     84      2      1    .617   1.46   3.32   .795   .876   .261   1.56   .254  -.005   1
 360 K47-10   1800 1999    200      6      0    .591    .61   2.30   .416   .874   .234   1.71   .250  -.028   1
 361 K47-13   1900 1999    100      2      0    .623   1.56   3.78   .798   .728   .295   2.09   .334   .060   1
 362 K47-28   1804 1999    196      6      2    .450    .40   1.31   .267   .844   .324   2.20   .320   .027   2
 363 K47-48   1850 1999    150      4      1    .352    .76   2.90   .702   .914   .323   3.71   .423  -.001   2
 364 K47-56   1815 1999    185      6      0    .610    .57   1.54   .274   .721   .279   2.03   .300   .041   3
 365 K47-66   1850 1999    150      4      0    .481    .68   1.86   .399   .795   .321   1.91   .332   .079   1
 366 K47-67   1790 1999    210      7      1    .597    .45   2.40   .425   .914   .264   1.73   .264   .001   2
 367 K47-68   1788 1999    212      7      0    .677    .59   1.83   .348   .833   .236   2.27   .258   .030   1
 368 L7-16    1859 1999    141      4      0    .575   1.15   2.31   .412   .726   .227   1.94   .233   .033   1
 369 L7-25    1852 1999    148      4      0    .500   1.39   3.48   .778   .878   .297   1.64   .261   .035   1
 370 L7-26    1865 1999    135      4      2    .430   1.49   2.94   .526   .680   .216   1.98   .252  -.026   1
 371 L7-27    1868 1999    132      4      0    .432    .83   2.17   .472   .874   .237   2.22   .265   .025   1
 372 L7-28    1862 1999    138      4      1    .353   1.13   3.24   .650   .847   .250   2.53   .284  -.035   1
 373 L7-36    1896 1999    104      3      2    .416   1.26   2.55   .618   .874   .236   1.65   .228   .009   3
 374 M12-32   1910 1999     90      2      0    .517    .96   3.48   .659   .923   .212   1.73   .241  -.012   2
 375 M12-4    1840 1999    160      5      1    .506    .69   2.54   .460   .818   .331   1.98   .369   .011   2
 376 M12-40   1871 1999    129      4      0    .592    .52   2.21   .426   .892   .322   2.25   .335   .017   1
 377 N30-34   1869 2000    132      4      0    .626   1.19   2.78   .528   .788   .233   1.88   .242   .046   1
 378 P43-101  1859 1999    141      4      0    .535    .94   3.87   .924   .926   .277   2.22   .297  -.058   1
 379 P43-115  1873 1999    127      4      1    .342    .72   1.96   .409   .770   .298   3.66   .401  -.006   2
 380 P43-19   1882 1999    118      3      0    .577    .62   1.60   .301   .815   .219   2.62   .284   .023   3
 381 P43-25   1903 1999     97      2      0    .710   1.32   3.03   .589   .756   .235   1.72   .227   .021   3
 382 P43-28   1874 1999    126      4      0    .581    .70   1.91   .397   .831   .253   2.66   .300  -.007   1
 383 P43-30   1857 1999    143      4      0    .609   1.12   3.08   .764   .887   .233   2.69   .279   .007   3
 384 P43-44   1908 1999     92      2      0    .504    .70   1.77   .389   .793   .285   2.14   .313   .065   1
 385 P43-68   1878 1999    122      3      1    .472    .69   2.21   .556   .927   .227   1.77   .238   .004   1
 386 P43-84   1904 1999     96      2      0    .735   1.40   2.43   .438   .593   .228   1.66   .236  -.003   1
 387 P43-94   1834 1999    166      5      0    .684    .92   3.09   .605   .878   .234   1.77   .255   .019   2
 388 R48-107  1892 1999    108      3      1    .450    .79   2.15   .498   .850   .322   2.21   .361   .029   1
 389 R48-17   1769 1999    231      8      0    .666    .88   2.10   .417   .861   .196   1.83   .212   .041   1
 390 R48-3    1878 1999    122      3      1    .509    .68   1.51   .320   .720   .328   1.59   .301   .006   1
 391 R48-39   1892 1999    108      3      0    .689    .99   2.07   .457   .820   .245   1.86   .254   .019   1
 392 R48-41   1873 1999    127      4      0    .709    .99   2.70   .458   .841   .230   1.76   .236  -.026   2
 393 R48-42   1862 1999    138      4      0    .519    .68   1.77   .292   .757   .244   1.96   .275   .027   1
 394 R48-45   1901 1999     99      2      0    .403    .95   2.89   .565   .774   .301   2.38   .343  -.015   3
 395 R48-48   1876 1999    124      3      0    .644    .73   2.11   .456   .838   .237   2.14   .293   .050   1
 396 R48-51   1857 1999    143      4      0    .399   1.13   3.20   .608   .775   .259   2.02   .282   .031   1
 397 R48-54   1879 1999    121      3      0    .496    .58   2.03   .444   .893   .299   1.78   .278  -.032   1
 398 R48-6    1838 1999    162      5      1    .566    .53   1.10   .253   .847   .223   1.81   .229   .020   1
 399 R48-70   1866 1999    134      4      0    .459   1.51   4.67   .707   .719   .233   1.85   .246  -.024   3
 400 R48-94   1869 1999    131      4      0    .580    .94   2.22   .504   .792   .287   2.19   .316   .108   1
 401 T5-10    1888 1999    112      3      0    .638   1.10   2.72   .659   .851   .336   1.93   .307   .044   2
 402 T5-11    1824 1999    176      5      0    .586    .90   2.78   .704   .922   .262   2.01   .277   .031   2
 403 T5-12    1863 1999    137      4      0    .667    .87   1.72   .455   .874   .302   1.95   .299   .014   3
 404 T5-14    1865 1999    135      4      0    .578    .80   2.27   .506   .884   .318   1.97   .306   .030   2
 405 T5-17    1872 1999    128      4      0    .767    .74   1.94   .416   .837   .297   2.01   .302  -.004   1
 406 T5-18    1888 1999    112      3      1    .464    .69   1.68   .499   .873   .371   2.86   .446   .034   1
 407 T5-2     1830 1999    170      5      0    .652   1.43   4.28  1.033   .943   .211   1.85   .231   .096   1
 408 T5-23    1819 1999    181      6      0    .644   1.24   4.67   .932   .868   .289   2.00   .323   .025   2
 409 T5-3     1832 1999    168      5      0    .594    .71   2.55   .571   .909   .359   2.05   .336  -.012   3
 410 T5-33    1792 1993    202      6      0    .412    .94   4.28   .771   .897   .305   1.93   .312   .038   1
 411 T5-34    1842 1999    158      5      1    .660    .76   2.35   .458   .852   .312   1.79   .289   .009   1
 412 T5-36    1863 1999    137      4      0    .554   1.31   3.15   .833   .886   .283   1.69   .254   .051   1
 413 T5-37    1839 1999    161      5      0    .665   1.25   3.20   .642   .819   .246   1.84   .273   .026   3
 414 T5-42    1855 1999    145      4      0    .617    .99   2.95   .768   .947   .261   2.12   .278  -.025   1
 415 T5-43    1868 1999    132      4      0    .579   1.55   3.72   .753   .845   .218   1.64   .233   .008   2
 416 T5-5     1820 1999    180      6      1    .506    .59   2.51   .407   .856   .324   2.29   .325  -.012   2
 417 T5-67    1812 1999    188      6      0    .494    .78   5.67   .858   .922   .276   2.09   .313   .048   3
 418 T5-9     1909 1999     91      2      0    .497   1.04   2.01   .554   .851   .292   1.79   .308  -.028   1
 419 V35-1    1848 1999    152      5      0    .650    .77   2.22   .420   .862   .223   2.50   .249   .009   1
 420 V35-10   1902 1999     98      2      0    .628   1.13   2.87   .497   .785   .252   1.73   .262  -.003   1
 421 V35-14   1843 1999    157      5      1    .641    .59   2.08   .357   .834   .277   2.33   .300   .009   2
 422 V35-18   1820 1999    180      6      0    .691   1.27   4.02   .834   .890   .234   2.07   .248  -.012   1
 423 V35-19   1899 1999    101      3      0    .834   1.91   4.99  1.152   .888   .298   1.63   .289  -.032   1
 424 V35-2    1897 1999    103      3      1    .515   1.34   3.62   .861   .916   .258   1.54   .235  -.014   1
 425 V35-22   1805 1999    195      6      0    .669    .82   3.84   .677   .901   .285   1.81   .289   .050   3
 426 V35-23   1863 1999    137      4      0    .554    .53   2.00   .395   .826   .303   2.12   .345  -.013   1
 427 V35-24   1903 1999     97      2      0    .564    .42   1.60   .389   .910   .321   1.87   .333  -.020   1
 428 V35-25   1904 1999     96      2      2    .268    .63   1.97   .523   .906   .305   1.89   .324   .059   1
 429 V35-26   1907 1999     93      2      0    .626   1.12   2.39   .603   .904   .221   1.48   .202  -.039   3
 430 V35-29   1770 1999    230      8      0    .558    .70   1.68   .368   .724   .303   2.70   .338   .037   3
 431 V35-3    1864 1999    136      4      0    .629    .55   1.86   .435   .864   .334   2.74   .361   .008   1
 432 V35-35   1878 1999    122      3      0    .510   1.16   2.94   .743   .899   .257   2.07   .311   .080   1
 433 V35-36   1915 1999     85                         1.24   3.63   .849   .905   .241                         
 434 V35-39   1803 1999    197      6      0    .539    .85   2.55   .526   .897   .232   1.73   .249   .023   1
 435 V35-41   1841 1999    159      5      1    .574    .86   2.44   .637   .930   .269   1.79   .273   .007   2
 436 V35-43   1826 1995    170      4      0    .622    .86   2.51   .517   .901   .225   1.64   .238  -.003   1
 437 V35-45   1846 1999    154      5      1    .560    .57   1.79   .407   .893   .361   1.70   .285  -.000   3
 438 V35-48   1775 1999    225      7      0    .569    .92   2.70   .553   .899   .256   2.32   .290  -.003   3
 439 V35-49   1769 1999    231      8      0    .612   1.21   4.14   .906   .906   .249   2.13   .287   .071   1
 440 V35-52   1867 1999    133      4      0    .510    .60   1.97   .352   .786   .253   1.99   .287   .024   2
 441 V35-53   1880 1999    120      3      0    .436    .61   2.29   .583   .939   .362   3.13   .410  -.004   1
 442 V35-54   1890 1999    110      3      0    .479    .68   2.67   .579   .894   .278   2.77   .356   .070   1
 443 V35-6    1880 1999    120      3      1    .517    .90   2.60   .523   .804   .308   1.84   .287   .057   2
 444 V35-8    1786 1999    214      7      0    .569    .66   2.18   .417   .872   .265   1.66   .257  -.002   2
 445 W2-11    1908 1999     92      2      0    .564   1.18   2.90   .685   .879   .247   1.85   .260   .005   1
 446 W2-19    1909 1999     91      2      0    .511    .69   1.28   .256   .740   .225   1.61   .225  -.024   3
 447 W2-22    1865 1999    135      4      0    .593    .99   2.98   .523   .695   .331   2.13   .363   .044   3
 448 W2-25    1868 1999    132      4      1    .490    .65   1.86   .332   .732   .314   2.06   .311  -.000   2
 449 W2-32    1860 1999    140      4      1    .589    .97   2.96   .634   .826   .288   1.98   .297   .022   1
 450 W2-35    1914 1999     86      2      0    .663   1.46   3.52   .759   .693   .330   1.89   .360   .096   1
 451 W2-61    1876 1999    124      3      0    .754   1.38   3.60   .662   .776   .273   1.87   .278   .015   1
 452 W9-25    1878 1999    122      3      0    .636   1.65   3.66   .810   .866   .218   1.71   .224   .066   3
 453 W9-26    1882 1999    118      3      1    .480   1.00   2.91   .673   .853   .349   2.32   .332  -.021   3
 454 X18-13   1908 1999     92      2      0    .517   1.54   3.21   .557   .756   .211   1.50   .214  -.008   1
 455 X26-13   1873 1999    127      4      0    .519    .89   3.30   .821   .929   .334   2.25   .353  -.001   1
 456 X26-15   1842 1999    158      5      1    .486    .53   1.84   .475   .906   .370   2.36   .395   .051   1
 457 X26-17   1865 1999    135      4      0    .568    .88   2.86   .579   .878   .299   1.81   .277   .071   1
 458 X26-20   1851 1999    149      4      0    .659    .90   4.37   .641   .887   .271   1.99   .274   .043   1
 459 X26-21   1877 1999    123      3      0    .711   1.11   2.68   .611   .874   .277   1.93   .258  -.029   1
 460 X26-22   1857 1999    143      4      0    .710    .60   2.36   .464   .931   .271   1.74   .261   .023   1
 461 X26-23   1884 1999    116      3      0    .537    .68   2.80   .539   .909   .269   1.82   .264   .045   1
 462 X26-3    1850 1999    150      4      0    .705   1.00   4.08   .756   .901   .224   1.83   .264  -.012   1
 463 X26-30   1898 1999    102      3      0    .583    .55   1.94   .405   .880   .290   1.87   .316  -.012   1
 464 X26-32   1874 1999    126      4      2    .554   1.03   2.37   .500   .834   .250   1.74   .244   .057   1
 465 X26-34   1870 1999    130      4      0    .567   1.43   6.47  1.205   .869   .347   2.88   .359  -.056   1
 466 X26-39   1898 1999    102      2      0    .412    .68   2.51   .489   .723   .397   2.71   .390  -.053   3
 467 X26-42   1813 1999    187      6      1    .528   1.37   4.51  1.154   .908   .363   2.41   .356  -.012   1
 468 X26-47   1884 1999    116      3      0    .595   1.13   3.69   .912   .890   .360   2.61   .350   .007   1
 469 X26-64   1890 1999    110      3      0    .718   1.25   3.53   .752   .861   .263   1.91   .301   .084   1
 470 X26-69   1836 1999    164      5      0    .451    .90   4.84   .768   .834   .277   1.93   .290   .001   3
 471 X26-8    1827 1999    173      5      1    .522    .76   3.94   .785   .918   .334   2.56   .377   .024   1
 472 X26-9    1859 1999    141      4      0    .616    .92   2.25   .626   .911   .261   1.98   .282  -.024   1
 473 Y1-67    1889 1999    111      3      0    .534   1.10   2.90   .808   .940   .258   2.05   .277   .087   1
 474 L7-41    1910 1998     89      1      0    .424   1.62   3.73   .991   .899   .296   2.14   .293  -.119   1
 475 AA30-13  1931 1998     68      0      0    .683   1.16   3.11   .622   .804   .339   1.93   .291   .033   1
 476 AA30-2   1926 1998     73      0      0    .630   1.41   3.04   .793   .904   .271   1.67   .221   .049   1
 477 AA30-21  1956 1998     43      0      0    .641   1.42   2.65   .538   .559   .287   1.88   .314   .097   1
 478 AA30-24  1936 1998     63      0      0    .746   1.76   3.04   .576   .743   .185   1.48   .212  -.017   1
 479 AA30-3   1940 1998     59      0      0    .787   1.28   2.49   .592   .828   .262   2.00   .276   .059   1
 480 AA30-30  1934 1998     65      0      0    .777   1.57   3.10   .786   .790   .345   1.74   .292  -.026   2
 481 AA30-39  1928 1998     71      0      0    .677   1.25   2.66   .475   .738   .260   1.62   .251  -.021   1
 482 AA30-50  1933 1992     60                         1.67   4.26  1.065   .878   .327                         
 483 AA30-51  1937 1998     62      0      0    .701   1.34   2.84   .481   .700   .197   1.65   .228  -.023   1
 484 AB12-22  1922 1999     78      2      0    .622   1.20   2.47   .539   .849   .220   1.51   .231  -.027   1
 485 AB12-42  1927 1999     73      1      0    .624   1.13   2.62   .681   .941   .292   2.06   .279   .075   1
 486 AB12-69  1919 1999     81      2      1    .481    .69   1.86   .445   .881   .283   1.77   .291   .034   1
 487 AB5-10   1934 2000     67      1      0    .628   1.28   3.02   .697   .915   .245   1.55   .241  -.025   1
 488 AB5-101  1926 2000     75      1      0    .601   1.29   2.63   .526   .667   .287   1.88   .312   .027   1
 489 AB5-104  1929 2000     72      1      0    .765   1.48   3.04   .638   .733   .318   1.75   .301  -.025   1
 490 AB5-111  1954 2000     47      0      0    .598   1.15   2.22   .488   .631   .340   1.79   .328  -.003   1
 491 AB5-113  1926 2000     75      1      0    .666   1.22   2.63   .440   .454   .290   1.99   .304  -.023   1
 492 AB5-119  1921 2000     80      2      0    .376    .92   2.17   .538   .801   .353   2.67   .391   .000   1
 493 AB5-12   1925 2000     76      1      0    .375    .72   2.59   .650   .916   .386   2.20   .397   .041   1
 494 AB5-120  1935 2000     66      1      0    .404    .96   2.16   .464   .731   .369   1.64   .316  -.017   2
 495 AB5-123  1920 2000     81      2      0    .641   1.07   3.63   .742   .815   .387   1.73   .345   .012   1
 496 AB5-129  1937 2000     64      1      0    .715   1.45   2.28   .395   .642   .191   1.66   .201   .012   1
 497 AB5-134  1932 2000     69      1      0    .824   1.39   3.38   .611   .794   .264   1.58   .257   .021   2
 498 AB5-14   1932 2000     69      1      0    .622   1.73   3.82   .606   .661   .254   1.53   .255   .010   1
 499 AB5-145  1935 2000     66      1      0    .550    .80   2.35   .477   .709   .387   2.32   .386  -.004   1
 500 AB5-15   1926 2000     75      1      0    .710   1.23   3.56   .756   .850   .301   2.11   .313  -.020   1
 501 AB5-17   1934 2000     67      1      0    .793   1.02   3.32   .794   .918   .324   1.97   .330  -.015   3
 502 AB5-18   1932 2000     69      1      0    .773   1.18   2.82   .792   .912   .349   1.74   .339  -.073   1
 503 AB5-19   1927 2000     74      1      0    .744   1.72   3.68   .802   .729   .335   1.98   .342   .000   1
 504 AB5-21   1933 2000     68      1      0    .633    .94   1.99   .502   .868   .359   1.74   .295   .048   2
 505 AB5-24   1932 2000     69      1      0    .749    .98   2.48   .630   .857   .346   1.74   .313  -.009   2
 506 AB5-25   1932 2000     69      1      0    .609    .76   2.64   .627   .916   .350   1.85   .382  -.084   1
 507 AB5-26   1934 2000     67      1      0    .754    .87   1.74   .351   .653   .369   1.57   .309  -.003   2
 508 AB5-27   1931 2000     70      1      0    .696   1.02   2.06   .553   .864   .302   1.91   .306  -.092   1
 509 AB5-28   1932 2000     69      1      0    .760   1.09   1.88   .403   .622   .321   1.74   .279  -.031   2
 510 AB5-3    1962 2000     39      0      0    .601    .48    .97   .188   .436   .327   1.87   .340   .211   0
 511 AB5-30   1933 2000     68      1      0    .708   1.24   3.24   .940   .938   .286   1.78   .268  -.065   3
 512 AB5-31   1931 2000     70      1      0    .743   1.00   2.46   .518   .857   .318   1.77   .290  -.015   1
 513 AB5-33   1937 2000     64      1      0    .635   1.71   2.78   .538   .410   .278   1.51   .246   .129   0
 514 AB5-34   1940 2000     61      1      0    .797   1.01   2.71   .575   .836   .342   1.67   .314   .018   2
 515 AB5-35   1937 2000     64      1      0    .797   1.50   2.64   .600   .836   .299   1.55   .234  -.026   3
 516 AB5-36   1932 2000     69      1      0    .808   1.00   2.38   .577   .879   .281   1.84   .295   .001   1
 517 AB5-37   1933 2000     68      1      0    .728   1.95   3.57   .586   .319   .293   1.83   .281   .163   0
 518 AB5-38   1946 2000     55      1      0    .736    .97   1.73   .417   .659   .364   1.82   .332  -.023   1
 519 AB5-39   1939 2000     62      1      0    .429    .62   1.32   .323   .760   .407   1.70   .311   .040   2
 520 AB5-40   1937 2000     64      1      0    .680   1.38   3.24   .603   .596   .366   2.14   .338  -.049   1
 521 AB5-42   1926 2000     75      1      0    .775   1.77   3.43   .753   .638   .348   2.05   .329  -.015   1
 522 AB5-43   1930 2000     71      1      1    .339    .90   2.43   .711   .924   .338   2.19   .368  -.082   1
 523 AB5-44   1930 2000     71      1      0    .693    .81   2.46   .668   .922   .294   1.77   .295  -.056   1
 524 AB5-48   1937 2000     64      1      0    .787    .97   2.04   .455   .831   .296   1.48   .260  -.023   2
 525 AB5-53   1933 2000     68      1      0    .758   1.11   2.05   .458   .665   .338   2.08   .321   .052   1
 526 AB5-55   1935 2000     66      1      0    .812   1.40   2.45   .549   .751   .315   1.73   .276  -.099   1
 527 AB5-56   1942 2000     59      1      0    .820   1.36   2.24   .545   .716   .326   1.89   .294   .009   3
 528 AB5-58   1932 2000     69      1      0    .737   1.12   2.77   .677   .846   .347   1.92   .318  -.006   3
 529 AB5-60   1927 2000     74      1      0    .755   1.56   4.22   .982   .874   .330   1.95   .322  -.012   1
 530 AB5-71   1952 2000     49      0      0    .394    .80   2.24   .531   .856   .349   1.71   .322  -.002   1
 531 AB5-72   1930 2000     71      1      0    .486    .93   3.29   .706   .930   .293   1.82   .298  -.047   3
 532 AB5-73   1934 2000     67      1      1    .379    .76   2.61   .639   .965   .269   2.10   .295   .043   1
 533 AB5-74   1932 2000     69      1      0    .734   1.20   2.22   .557   .783   .323   1.50   .300   .020   2
 534 AB5-75   1925 2000     76      1      0    .666    .99   2.97   .614   .777   .380   2.07   .380   .024   1
 535 AB5-76   1941 2000     60      1      0    .430    .60   2.08   .556   .867   .487   4.57   .667   .084   1
 536 AB5-77   1935 2000     66      1      0    .721   1.33   2.61   .581   .671   .333   1.80   .305   .017   2
 537 AB5-78   1929 2000     72      1      0    .768    .97   1.94   .441   .750   .316   1.75   .320  -.088   1
 538 AB5-79   1930 2000     71      1      0    .758   1.23   2.79   .537   .772   .253   1.73   .269  -.039   1
 539 AB5-82   1931 2000     70      1      0    .548    .89   2.39   .555   .912   .355   1.77   .301  -.078   1
 540 AB5-83   1930 2000     71      1      0    .475   1.01   2.18   .614   .863   .336   2.03   .334   .018   2
 541 AB5-84   1940 2000     61      1      0    .549    .71   1.88   .377   .536   .432   2.30   .428  -.062   1
 542 AB5-85   1929 2000     72      1      1    .308    .67   2.71   .607   .930   .271   1.75   .292   .087   1
 543 AB5-9    1931 2000     70      1      0    .559   1.35   2.83   .811   .894   .360   1.75   .281   .007   2
 544 AB5-91   1935 2000     66      1      0    .700    .78   2.10   .497   .825   .400   1.95   .357   .005   2
 545 AB5-92   1932 2000     69      1      0    .754   1.09   3.27   .810   .930   .333   1.92   .325  -.049   1
 546 AB5-93   1934 2000     67      1      0    .773   1.09   2.09   .463   .719   .304   1.61   .291  -.028   1
 547 AB5-94   1934 2000     67      1      0    .648    .89   2.52   .657   .931   .290   1.61   .275  -.025   1
 548 AB5-95   1957 2000     44      0      0    .766   1.17   2.19   .470   .666   .330   1.78   .316  -.092   1
 549 AB5-96   1934 2000     67      1      0    .694   1.41   3.67   .702   .814   .259   1.57   .243  -.030   1
 550 AB5-98   1929 2000     72      1      0    .825   1.62   3.14   .771   .776   .338   2.04   .330  -.012   1
 551 AB5-99   1932 2000     69      1      0    .837    .91   2.12   .572   .894   .317   1.78   .313   .024   2
 552 AC24-10  1938 1999     62      1      0    .742   1.40   3.11   .704   .859   .237   1.55   .240  -.067   1
 553 AC24-13  1939 1999     61      1      0    .619   1.31   3.65   .823   .909   .275   1.42   .225   .046   1
 554 AC24-36  1929 1999     71      1      0    .591    .89   2.63   .709   .966   .223   1.43   .199   .104   1
 555 AC24-42  1942 1999     58      1      0    .673    .86   2.75   .544   .865   .367   1.70   .294   .008   1
 556 AC24-53  1929 1999     71      1      0    .570    .80   1.76   .357   .848   .230   1.69   .236  -.007   1
 557 AC24-64  1948 1999     52      1      0    .375    .86   1.81   .524   .829   .341   1.79   .320  -.021   1
 558 AC47-15  1935 1999     65      1      0    .674   1.42   2.48   .558   .809   .260   1.48   .218   .025   2
 559 AC47-20  1937 1999     63      1      0    .640   2.16   4.59   .860   .637   .257   1.74   .283   .011   1
 560 AC8-51   1923 1999     77      2      0    .528   1.09   2.48   .667   .867   .265   1.74   .282  -.022   1
 561 AC8-82   1932 1999     68      1      0    .438    .82   1.79   .544   .912   .271   1.37   .228  -.041   1
 562 AD30-105 1929 2000     72      1      0    .705   1.31   2.23   .542   .895   .221   1.59   .208  -.016   3
 563 AD30-106 1922 2000     79      2      1    .501    .97   2.90   .601   .855   .308   1.55   .255   .067   1
 564 AD30-107 1923 2000     78      2      0    .478    .97   2.58   .536   .918   .214   1.61   .216   .008   1
 565 AD30-108 1922 2000     79      2      0    .541    .66   1.58   .386   .936   .258   1.59   .229  -.024   1
 566 AD30-109 1922 2000     79      2      0    .639   1.23   1.87   .381   .739   .211   1.69   .224  -.006   1
 567 AD30-110 1924 2000     77      1      0    .713    .93   1.99   .448   .901   .228   1.79   .231   .003   2
 568 AD30-111 1924 2000     77      2      0    .600   1.26   2.82   .559   .827   .229   1.71   .236   .082   1
 569 AD30-113 1933 2000     68      1      0    .529   1.58   2.28   .543   .878   .180   1.46   .179  -.000   2
 570 AD30-114 1935 2000     66      1      0    .561    .93   1.86   .406   .834   .206   1.57   .209   .065   1
 571 AD30-120 1921 2000     80      2      0    .527    .73   1.95   .486   .928   .271   1.65   .264  -.010   1
 572 AD30-121 1920 2000     81      2      1    .388    .65   2.14   .469   .908   .236   1.61   .247  -.064   1
 573 AD30-123 1926 1994     69                          .76   1.91   .499   .957   .220                         
 574 AD30-124 1929 2000     72      1      1    .277   1.17   2.71   .768   .918   .241   2.53   .309  -.023   2
 575 AD30-126 1922 2000     79      2      0    .692    .93   1.68   .294   .724   .195   1.70   .213   .015   2
 576 AD30-127 1924 2000     77      2      0    .470   1.37   2.03   .366   .790   .142   1.38   .158  -.012   1
 577 AD30-128 1924 2000     77      1      0    .387   1.43   4.09   .936   .942   .252   1.88   .249  -.023   3
 578 AD30-130 1922 2000     79      2      0    .627    .81   1.92   .312   .821   .187   1.37   .186  -.037   3
 579 AD30-134 1933 2000     68      1      0    .736   1.51   2.39   .433   .744   .199   1.43   .188   .037   1
 580 AD30-137 1939 2000     62      1      0    .669   1.05   2.14   .581   .875   .295   1.36   .222   .058   2
 581 AD30-153 1934 2000     67      1      0    .644    .73   1.69   .441   .888   .274   2.12   .290  -.055   1
 582 AD30-159 1947 2000     54      1      0    .687    .80   1.47   .386   .829   .260   1.45   .252  -.062   1
 583 AD30-170 1934 2000     67      1      0    .656    .75   2.25   .514   .912   .221   1.46   .225  -.087   1
 584 AD30-192 1919 2000     82      2      0    .567   1.40   2.93   .506   .820   .179   1.60   .192   .040   1
 585 AD30-194 1917 2000     84      2      0    .451    .90   2.22   .630   .925   .323   2.47   .423   .068   1
 586 AD30-195 1922 2000     79      2      0    .783   1.55   3.32   .827   .941   .174   1.41   .186   .014   2
 587 AD30-210 1922 2000     79      2      0    .721    .98   2.32   .541   .930   .199   1.57   .199   .018   1
 588 AD30-23  1925 2000     76      1      0    .388    .91   1.92   .433   .833   .236   1.89   .273   .006   2
 589 AD30-3   1928 2000     73      1      0    .776    .95   2.40   .565   .932   .289   1.68   .271  -.018   1
 590 AD30-36  1919 2000     82      2      0    .477    .89   2.05   .502   .894   .274   1.51   .250   .010   2
 591 AD30-39  1923 2000     78      2      1    .497    .64   1.74   .439   .932   .244   1.68   .253   .001   1
 592 AD30-4   1925 2000     76      1      0    .481   1.02   2.35   .532   .890   .229   1.56   .230  -.026   3
 593 AD30-40  1923 2000     78      2      0    .536    .76   1.72   .348   .875   .248   1.43   .210  -.096   1
 594 AD30-41  1922 2000     79      2      0    .606   1.11   3.01   .701   .944   .205   1.50   .200   .079   1
 595 AD30-42  1925 2000     76      1      0    .695   1.05   2.27   .448   .892   .193   1.41   .189  -.029   1
 596 AD30-52  1935 2000     66      1      0    .729   1.32   2.33   .497   .788   .224   1.39   .231   .068   1
 597 AD30-57  1924 2000     77      2      0    .482    .96   2.42   .666   .940   .274   1.58   .278  -.063   1
 598 AD30-59  1918 2000     83      2      0    .601    .85   3.14   .824   .959   .293   2.26   .285   .043   1
 599 AD30-60  1918 2000     83      2      0    .464    .85   2.45   .691   .941   .311   2.22   .366  -.032   1
 600 AD30-61  1921 2000     80      2      0    .655   1.15   2.97   .685   .954   .174   1.63   .183  -.066   1
 601 AD30-63  1924 2000     77      2      0    .698    .90   2.40   .593   .915   .277   1.67   .271   .006   1
 602 AD30-64  1925 2000     76      1      0    .760    .62   1.82   .440   .954   .242   1.76   .231   .040   3
 603 AD30-65  1926 2000     75      1      0    .417    .66   2.31   .538   .946   .315   2.45   .346   .025   1
 604 AD30-67  1921 2000     80      2      0    .715   1.61   4.17   .973   .949   .168   1.65   .190   .053   1
 605 AD30-84  1923 2000     78      2      0    .650   1.37   4.37  1.050   .965   .202   1.67   .222  -.031   1
 606 AD30-86  1926 2000     75      1      0    .553    .92   2.20   .508   .917   .214   1.66   .228   .219   1
 607 AD30-88  1922 2000     79      2      0    .647   1.58   3.46   .892   .942   .251   1.62   .210   .088   1
 608 AD30-89  1923 2000     78      1      0    .610   1.03   2.69   .572   .882   .253   1.59   .217   .035   3
 609 AF38-17  1953 2001     49      0      0    .362   1.35   2.41   .450   .785   .199   1.36   .190   .064   1
 610 AF38-29  1931 2001     71      1      0    .577   1.34   3.01   .709   .852   .243   1.65   .250  -.048   2
 611 AF38-30  1947 2001     55      1      0    .669   1.17   2.79   .516   .774   .234   1.80   .241   .041   1
 612 AF38-38  1950 2001     52      0      0    .603   1.31   2.43   .542   .815   .204   1.77   .237   .205   1
 613 AF38-40  1942 2001     60      1      0    .602   1.54   3.17   .619   .805   .207   1.42   .207   .092   1
 614 AF38-41  1928 2001     74      1      0    .553   1.68   2.72   .401   .425   .215   1.48   .190  -.044   3
 615 AF38-42  1926 2001     76      1      0    .687    .98   2.10   .416   .816   .233   1.50   .221  -.022   3
 616 AF38-71  1931 2001     71      1      0    .672   1.71   4.21   .745   .724   .234   1.86   .259   .029   1
 617 AF38-80  1933 2001     69      1      0    .625   1.17   2.25   .436   .693   .253   1.74   .267   .056   1
 618 AF38-92  1961 2001     41      0      0    .458   1.48   2.44   .518   .768   .210   1.73   .218  -.038   1
 619 AJ22-2   1928 1999     72      1      0    .595   1.20   3.50   .678   .782   .361   2.22   .322   .104   1
 620 AJ22-23  1924 1999     76      2      0    .736   1.74   4.69  1.043   .899   .248   1.71   .257   .112   1
 621 AJ22-4   1926 1999     74      1      0    .563   1.55   2.82   .572   .540   .270   1.72   .280  -.013   2
 622 C20-1    1931 2000     70      1      0    .437    .68   2.83   .630   .906   .334   1.81   .307   .085   1
 623 C20-104  1922 2000     79      2      0    .589   1.02   2.95   .545   .799   .211   1.79   .239  -.005   1
 624 C20-106  1923 2000     78      2      0    .655    .84   2.10   .590   .932   .331   1.74   .299   .070   2
 625 C20-107  1923 2000     78      2      0    .674   1.29   3.29   .664   .839   .264   1.67   .244   .004   1
 626 C20-11   1954 2000     47      0      0    .756    .75   1.43   .281   .582   .279   1.74   .279   .138   0
 627 C20-119  1926 2000     75      1      0    .599   1.94   3.95   .611   .639   .215   1.63   .224  -.017   1
 628 C20-120  1920 2000     81      2      0    .505   1.13   2.92   .803   .940   .277   2.81   .397   .254   2
 629 C20-131  1961 2000     40      0      0    .466   1.11   2.17   .424   .486   .300   1.74   .269   .005   0
 630 C20-134  1930 1994     65      0      0    .586   1.52   3.28   .879   .873   .275   1.94   .289   .095   1
 631 C20-144  1920 2000     81      2      0    .577   1.25   2.56   .503   .785   .212   1.71   .222   .020   1
 632 C20-18   1927 2000     74      1      0    .641   1.54   3.10   .778   .891   .215   1.73   .222   .027   3
 633 C20-19   1923 2000     78      2      0    .692   1.35   2.58   .647   .888   .285   1.72   .260  -.023   1
 634 C20-2    1936 2000     65      1      0    .705    .68   2.07   .438   .892   .258   1.68   .253   .020   1
 635 C20-31   1975 2000     26      0      0    .509   1.14   1.96   .458   .619   .279   1.65   .263  -.100   2
 636 C20-35   1933 2000     68      1      0    .657   1.13   2.38   .604   .941   .162   1.57   .168   .037   3
 637 C20-39   1927 2000     74      1      0    .372    .65   1.79   .427   .885   .284   3.87   .438  -.040   1
 638 C20-4    1924 2000     77      2      0    .721    .82   2.36   .653   .946   .328   2.27   .328   .018   1
 639 C20-40   1923 2000     78      2      0    .661    .60   1.71   .395   .851   .309   1.68   .294  -.067   1
 640 C20-42   1923 2000     78      2      0    .523    .95   1.77   .422   .847   .279   1.64   .240   .041   2
 641 C20-69   1925 2000     76      1      0    .664   1.37   2.66   .562   .839   .213   1.88   .226  -.063   1
 642 C20-87   1920 2000     81      2      0    .640   1.41   2.89   .559   .800   .200   1.77   .221   .024   1
 643 E17-19   1924 1999     76      1      0    .475    .84   2.46   .627   .927   .311   2.07   .284  -.004   2
 644 E17-21   1923 1999     77      2      0    .626    .72   1.65   .427   .819   .331   2.46   .350   .018   2
 645 E17-53   1931 1999     69      1      0    .594   1.52   3.27   .861   .941   .237   1.37   .174   .015   3
 646 E3-23    1953 1999     47      0      0    .391   1.18   2.86   .892   .924   .426   2.22   .322  -.068   1
 647 E3-28    1962 1999     38      0      0    .467   1.14   3.01   .702   .729   .460   1.96   .403  -.061   1
 648 E3-29    1944 1999     56      1      0    .447   1.11   2.46   .568   .759   .385   1.58   .322   .005   2
 649 E3-30    1954 1999     46      0      0    .439    .98   1.88   .413   .645   .327   1.64   .301  -.026   1
 650 E3-6     1958 1999     42      0      0    .366   1.38   2.79   .736   .887   .240   1.53   .241  -.004   1
 651 E38-51   1925 1999     75      1      0    .648   1.26   3.15   .735   .921   .290   1.61   .261   .056   1
 652 E38-53   1925 1999     75      1      0    .483   1.22   2.82   .748   .914   .229   2.06   .269  -.006   3
 653 E38-54   1927 1999     73      1      0    .485    .82   2.41   .564   .915   .252   1.97   .282   .007   1
 654 F30-13   1940 1999     60      1      0    .589    .92   1.88   .502   .828   .337   1.59   .312  -.004   3
 655 F30-14   1937 1999     63      1      0    .749    .96   2.01   .517   .794   .357   1.63   .326  -.027   2
 656 F30-15   1937 1999     63      1      0    .621    .70   1.53   .369   .822   .340   1.50   .314  -.001   2
 657 F30-17   1938 1999     62      1      0    .629   1.19   2.97   .621   .794   .339   1.50   .265   .065   2
 658 F30-19   1937 1999     63      1      1    .199   1.79   2.94   .731   .660   .313   1.88   .304  -.059   1
 659 F30-20   1932 1999     68      1      0    .701   1.35   2.70   .577   .804   .267   1.71   .263  -.015   1
 660 F30-22   1934 1999     66      1      0    .702   1.87   4.00   .755   .672   .264   1.60   .265  -.074   1
 661 F30-35   1934 1999     66      1      0    .721    .75   1.41   .352   .709   .374   1.74   .320  -.016   2
 662 F30-36   1948 1999     52      1      0    .748   1.29   2.71   .661   .839   .314   1.45   .266  -.099   1
 663 F30-37   1946 1999     54      1      1    .208    .89   1.81   .392   .730   .305   1.77   .297   .007   1
 664 F30-4    1950 1999     50      1      0    .758   2.13   3.57   .804   .453   .369   1.60   .292   .020   0
 665 F30-41   1942 1999     58      1      0    .747   1.17   2.35   .553   .815   .315   1.50   .255   .005   2
 666 F30-42   1940 1999     60      1      0    .621   1.50   4.19   .770   .758   .263   1.88   .270  -.034   2
 667 F30-44   1941 1999     59      1      0    .793    .99   2.09   .602   .836   .415   2.23   .385   .033   2
 668 F30-48   1954 1999     46      0      0    .418    .88   3.21   .614   .763   .416   1.87   .378   .057   1
 669 F30-5    1950 1999     50      0      0    .761   1.35   3.50   .846   .814   .407   1.79   .342  -.066   1
 670 F30-54   1954 1999     46      0      0    .688   1.42   3.20   .907   .849   .322   2.15   .377  -.055   1
 671 F30-7    1925 1999     75      1      0    .699   1.29   3.08   .648   .597   .406   1.71   .341   .001   3
 672 F30-8    1932 1999     68      1      0    .778   1.20   2.33   .492   .626   .364   1.96   .317   .008   2
 673 F30-9    1931 1999     69      1      0    .605   1.19   2.61   .582   .694   .347   1.75   .316  -.027   1
 674 F30-90   1950 1999     50      1      0    .648   1.39   3.04   .896   .867   .332   1.68   .287   .016   0
 675 G4-10    1929 1999     71      1      0    .716   1.53   2.83   .769   .760   .341   2.41   .352  -.049   3
 676 G4-23    1929 1999     71      1      0    .658   1.12   2.64   .621   .879   .258   1.95   .272   .038   1
 677 G4-30    1927 1999     73      1      0    .696   1.11   3.27   .688   .782   .310   2.23   .358   .005   1
 678 G4-34    1939 1999     61      1      0    .692    .97   2.04   .498   .828   .312   1.83   .297   .261   1
 679 G4-55    1926 1999     74      1      0    .688   1.07   2.72   .626   .765   .331   2.19   .320  -.048   1
 680 G41-16   1917 1999     83      2      0    .536   1.49   2.61   .592   .787   .239   1.57   .231   .041   1
 681 G41-83   1933 1999     67      1      0    .634   1.63   3.37   .669   .804   .211   1.53   .214  -.014   1
 682 I18-13   1929 1999     71      1      0    .758   1.20   2.27   .625   .896   .223   1.68   .235   .015   2
 683 I18-2    1936 1999     64      1      0    .585    .96   2.09   .509   .844   .327   1.58   .262  -.001   3
 684 I18-30   1928 1999     72      1      0    .639    .91   2.08   .507   .841   .330   1.63   .277  -.079   1
 685 I18-52   1936 1999     64      1      0    .539    .89   2.54   .500   .812   .279   1.70   .278  -.022   1
 686 I18-6    1926 1999     74      1      0    .410   1.38   2.92   .750   .857   .358   1.81   .317   .032   1
 687 I39-103  1931 1999     69      1      0    .584   1.20   3.28   .823   .940   .234   1.88   .263   .037   1
 688 I39-32   1925 1999     75      1      0    .659   1.08   2.63   .443   .679   .242   1.80   .270   .057   1
 689 I39-36   1937 1999     63      1      0    .366   1.04   2.34   .357   .672   .236   1.63   .237   .024   1
 690 I39-42   1932 1999     68      1      0    .435   1.04   2.94   .489   .657   .256   1.91   .274   .018   1
 691 I39-48   1934 1999     66      1      0    .547   1.29   4.21   .797   .809   .280   1.56   .267   .050   1
 692 I39-50   1922 1999     78      2      0    .605   1.43   3.26   .716   .904   .179   1.45   .181  -.023   2
 693 I39-51   1919 1999     81      2      1    .590    .99   3.14   .656   .926   .280   1.79   .248   .046   1
 694 I39-83   1929 1999     71      1      0    .629   1.04   2.34   .665   .927   .275   2.45   .326   .008   2
 695 I39-91   1933 1999     67      1      0    .417    .69   2.29   .489   .884   .338   1.92   .295   .054   1
 696 I39-96   1933 1999     67      1      0    .410   1.72   2.97   .595   .771   .194   2.02   .235   .017   2
 697 J11-15   1926 1999     74      1      1    .133    .73   2.00   .522   .843   .427   3.06   .422  -.015   2
 698 J11-18   1963 1999     37      0      0    .693   1.39   3.81   .813   .745   .425   2.12   .390   .079   1
 699 J11-19   1934 1999     66      1      1    .213    .91   2.53   .727   .954   .291   2.05   .268   .148   1
 700 J11-20   1927 1999     73                          .96   2.77   .773   .944   .304                         
 701 J11-39   1920 1999     80      2      1    .420   1.24   3.01   .583   .815   .222   1.61   .228   .008   1
 702 K47-24   1939 1999     61      1      0    .645    .93   2.80   .555   .842   .264   1.93   .273   .052   2
 703 K47-61   1927 1999     73      1      0    .729    .86   1.58   .298   .706   .224   1.61   .220  -.036   1
 704 L7-15    1927 1999     73      1      0    .690    .89   2.01   .427   .870   .225   1.49   .217  -.009   2
 705 L7-33    1922 1999     78      2      0    .488   1.26   2.83   .621   .861   .231   1.75   .234  -.016   1
 706 M12-29   1926 1999     74      1      0    .706   1.45   3.60   .588   .731   .278   1.69   .262  -.023   1
 707 M12-30   1937 1999     63      1      0    .579   1.25   3.19   .653   .730   .307   2.80   .353   .045   1
 708 M12-43   1925 1999     75                          .59   2.27   .526   .883   .302                         
 709 N30-10   1956 2000     45      0      0    .443   1.01   2.06   .487   .797   .278   1.80   .288   .038   1
 710 N30-18   1940 2000     61      1      0    .376   1.54   3.47   .931   .885   .276   1.92   .249   .039   1
 711 N30-22   1940 2000     61      1      0    .700   1.53   2.45   .525   .827   .192   1.49   .194  -.027   1
 712 N30-53   1960 2000     41      0      0    .434   1.43   2.49   .589   .864   .177   1.44   .199   .101   1
 713 N30-58   1960 2000     41      0      0    .521   1.38   2.60   .511   .724   .220   1.40   .205   .007   2
 714 N30-77   1956 2000     45      0      0    .289   1.37   2.11   .374   .534   .214   1.57   .213   .061   1
 715 P43-104  1940 1999     60      1      1    .317    .99   2.02   .486   .781   .232   1.59   .244  -.082   1
 716 P43-14   1929 1999     71      1      0    .341    .94   1.81   .301   .658   .210   1.59   .209   .033   3
 717 P43-16   1922 1999     78      2      0    .667   1.73   4.14   .787   .756   .227   1.70   .256  -.076   1
 718 P43-18   1930 1999     70      1      0    .510   1.40   2.49   .471   .583   .248   1.59   .258   .046   1
 719 P43-21   1929 1999     71      1      0    .358    .62   1.51   .309   .797   .286   2.02   .292   .026   1
 720 P43-22   1932 1999     68      1      1    .286    .77   1.21   .241   .547   .247   1.61   .232   .167   0
 721 P43-26   1934 1999     66      1      0    .418    .78   1.76   .394   .665   .326   2.43   .363   .026   1
 722 P43-39   1936 1999     64      1      0    .726    .98   1.81   .366   .734   .234   1.53   .215  -.014   2
 723 P43-5    1933 1999     67      1      0    .529    .97   2.08   .352   .629   .231   1.75   .243   .033   3
 724 P43-61   1946 1999     54      1      1    .200   1.03   2.44   .434   .279   .379   1.96   .366   .174   0
 725 P43-62   1926 1999     74      1      0    .692   1.09   2.44   .468   .730   .257   1.50   .231  -.004   1
 726 P43-76   1922 1999     78                         1.29   2.91   .637   .792   .269                         
 727 P43-78   1929 1999     71      1      0    .482   1.00   2.87   .486   .680   .271   2.24   .307   .039   1
 728 P43-87   1922 1999     78      2      0    .491   1.39   3.65   .615   .796   .204   1.71   .217  -.010   3
 729 P43-9    1930 1999     70      1      0    .645   1.30   2.40   .415   .549   .236   1.79   .250  -.039   1
 730 R48-103  1946 1999     54      1      0    .402    .89   2.29   .624   .866   .401   2.85   .461   .034   1
 731 R48-104  1937 1999     63      1      0    .682   1.02   3.14   .767   .918   .372   2.06   .360   .033   1
 732 R48-105  1934 1999     66      1      0    .620   1.09   2.29   .648   .912   .283   1.90   .275   .043   2
 733 R48-21   1928 1999     72      1      0    .592   1.77   3.80   .780   .843   .176   1.55   .192   .097   1
 734 R48-30   1964 1999     36      0      0    .606   1.33   3.21   .746   .533   .358   1.96   .396  -.002   3
 735 R48-46   1931 1998     68      0      0    .604   1.19   2.47   .545   .793   .263   1.91   .286   .115   1
 736 R48-90   1938 1999     62      1      0    .734   1.41   3.00   .850   .879   .253   1.84   .264   .011   1
 737 T5-32    1943 1999     57      1      0    .508    .99   2.57   .552   .791   .351   1.77   .317   .021   1
 738 T5-4     1929 1999     71      1      0    .640    .92   2.01   .604   .920   .266   1.95   .271  -.048   1
 739 V35-16   1927 1999     73      1      1    .361    .42   1.44   .278   .773   .440   1.96   .414   .059   1
 740 V35-28   1921 1999     79      2      0    .595    .86   2.71   .596   .912   .278   2.05   .275   .065   1
 741 V35-32   1937 1999     63      1      0    .683   1.40   3.16   .852   .903   .227   1.67   .224   .001   2
 742 V35-33   1921 1999     79      2      0    .480   1.18   2.62   .853   .942   .298   2.13   .333   .013   1
 743 V35-55   1925 1999     75      1      0    .599    .66   1.96   .466   .886   .289   1.98   .303   .030   1
 744 W2-14    1920 1999     80      2      1    .397    .64   2.25   .503   .870   .304   2.15   .340   .033   3
 745 W2-20    1932 1999     68      1      0    .399    .47   1.65   .301   .781   .333   2.29   .336   .094   1
 746 W2-29    1921 1999     79      2      0    .555   1.03   2.60   .632   .898   .273   1.50   .241  -.073   1
 747 W2-41    1928 1999     72      1      0    .511    .93   2.36   .598   .930   .194   1.54   .198  -.001   3
 748 W2-69    1933 1999     67      1      0    .501    .72   1.50   .425   .868   .328   2.26   .372  -.063   1
 749 W2-9     1922 1999     78      2      0    .429    .71   2.45   .565   .935   .329   1.73   .276  -.053   1
 750 X18-17   1922 1999     78      2      0    .663   1.71   3.55   .688   .823   .206   1.53   .217   .002   1
 751 X18-18   1925 1999     75      1      0    .664   1.17   3.75   .684   .841   .287   1.89   .300   .096   1
 752 X18-63   1927 1999     73      1      0    .713   1.39   2.90   .773   .835   .261   1.87   .270  -.012   1
 753 X26-45   1937 1999     63      1      0    .648   1.01   2.31   .701   .947   .259   1.33   .207   .032   2
 754 X26-62   1924 1999     76      2      0    .453   1.07   2.47   .393   .618   .223   1.86   .262  -.023   1
 755 Y1-25    1922 1999     78      2      0    .490    .83   2.47   .623   .906   .328   1.77   .318  -.002   1
 756 Y1-56    1931 1999     69      1      0    .644   1.46   3.07   .876   .911   .261   1.52   .273   .028   3
 757 AB5-130  1692 2000    309     11      4    .390    .74   3.01   .572   .891   .339   2.56   .363  -.014   1
 758 AD30-122 1706 2000    295     10      5    .539    .56   2.29   .440   .894   .261   2.21   .257   .050   3
 759 AD30-149 1676 2000    325     11      0    .519    .71   4.21   .538   .903   .250   2.08   .254   .009   3
 760 AD30-151 1649 2000    352     11      3    .364    .66   2.27   .515   .927   .287   3.12   .356   .039   1
 761 AD30-167 1696 1908    213      7      3    .475    .42   1.14   .225   .900   .210   2.31   .247   .001   1
 762 AD30-175 1695 2000    306     11      7    .223    .65   2.90   .607   .935   .355   5.00   .494  -.022   1
 763 AD30-185 1683 2000    318     11      2    .503    .53   2.58   .438   .938   .277   2.51   .306   .016   1
 764 AD30-201 1697 2000    304     11      2    .461    .66   2.52   .560   .936   .310   2.62   .314  -.034   1
 765 AD30-206 1696 2000    305     11      1    .533    .66   2.33   .353   .908   .175   1.63   .190  -.000   1
 766 V35-27   1699 1999    301     10      2    .551    .76   3.33   .529   .897   .242   2.00   .248  -.013   3
 767 MM_9711  1688 1990    303     10      1    .522    .64   1.88   .427   .861   .314   2.29   .299   .036   2
 768 MM_4A10  1689 1990    302     10      4    .376    .58   1.71   .335   .931   .187   2.03   .192  -.020   3
 769 MM_4A02  1677 1990    314     10      3    .492    .71   3.53   .513   .873   .240   1.87   .263  -.019   3
 770 MM_4B04  1682 1990    309     10      2    .429    .39   1.31   .248   .898   .268   2.27   .260   .013   3
 771 MM_4A03  1688 1990    303     10      1    .428    .84   2.38   .622   .929   .262   2.65   .284   .032   1
 772 ER_W233  1678 1999    322     11      3    .386    .25   1.41   .186   .868   .299   2.10   .312   .011   3
 773 ER_W151  1680 1999    320     11      2    .428    .58   2.06   .504   .936   .296   2.11   .289  -.036   3
 774 MH003A   1658 1701     44      0      0    .247   2.02   3.66   .784   .562   .276   1.55   .261   .155   1
 775 MH024A   1694 1879    186      6      3    .366   1.09   3.13   .632   .918   .185   1.50   .198  -.019   1
 --- -------- ---------  -----  -----  -----   ------ -----  -----  -----  -----  -----  -----  -----  -----  --
 Total or mean:          92151   2406    256    .565    .96   6.47   .573   .853   .271   6.16   .283   .009

 DATA CHECKS (rwl.check): me038
-----------------------------------------------------------------------------------------------------------------------------------
 rwl.check: data_files/treering/measurements/northamerica/usa/me038.rwl
 775 series, 92151 measurements, 1649-2001, 0.005 mm precision
 14 error(s), 5 warning(s), 253 note(s)
 -------------
 ERROR
   RWL_DATING_LAG (14)
     AB5-120: correlates best with the master at lag 2 (r = 0.487 against r = 0.374 as dated); the series may be misdated by 2 year(s), most likely a false ring or a ring measured twice
     AC24-64: correlates best with the master at lag 2 (r = 0.549 against r = 0.488 as dated); the series may be misdated by 2 year(s), most likely a false ring or a ring measured twice
     AC47-15: correlates best with the master at lag -3 (r = 0.663 against r = 0.497 as dated); the series may be misdated by 3 year(s), most likely a missing ring
     AD30-124: correlates best with the master at lag -5 (r = 0.413 against r = 0.32 as dated); the series may be misdated by 5 year(s), most likely a missing ring
     AD30-137: correlates best with the master at lag -4 (r = 0.535 against r = 0.465 as dated); the series may be misdated by 4 year(s), most likely a missing ring
     AD30-189: correlates best with the master at lag 4 (r = 0.491 against r = 0.228 as dated); the series may be misdated by 4 year(s), most likely a false ring or a ring measured twice
     C20-13: correlates best with the master at lag -3 (r = 0.54 against r = 0.394 as dated); the series may be misdated by 3 year(s), most likely a missing ring
     C20-138: correlates best with the master at lag 4 (r = 0.485 against r = 0.38 as dated); the series may be misdated by 4 year(s), most likely a false ring or a ring measured twice
     F30-19: correlates best with the master at lag -3 (r = 0.674 against r = 0.302 as dated); the series may be misdated by 3 year(s), most likely a missing ring
     F30-37: correlates best with the master at lag -1 (r = 0.621 against r = 0.512 as dated); the series may be misdated by 1 year(s), most likely a missing ring
     ... and 4 more; see as.data.frame()
 -------------
 WARNING
   RWL_MIXED_PRECISION (1)
     the file declares more than one precision (0.001 and 0.01 mm). That is legal and rare, and easy to miss: series measured at different precisions sit in one object
   RWL_SERIES_OUTLIER (4)
     C20-122: correlates with the rest of the collection at r = 0.07 where the collection median is 0.641 (4.7 MAD below it); it does not fit the collection it is in
     P43-104: correlates with the rest of the collection at r = 0.089 where the collection median is 0.641 (4.5 MAD below it); it does not fit the collection it is in
     P43-22: correlates with the rest of the collection at r = 0.148 where the collection median is 0.641 (4 MAD below it); it does not fit the collection it is in
     P43-61: correlates with the rest of the collection at r = -0.014 where the collection median is 0.641 (5.3 MAD below it); it does not fit the collection it is in
 253 note(s) not shown; see rwl.check() or the 'check' element of this report.

 NOTES
-----------------------------------------------------------------------------------------------------------------------------------
 Report generated using dplR 1.8.1 (R 4.5.2) on 2026-10-01 16:49 PDT.
 Measurement file me038.rwl, MD5 4114c02dac306a9e94983b99d6703878.
 Filtering: each series divided by a 32-year smoothing spline (caps()), then prewhitened with
   an AR model (order by AIC, at most 3).
 Master: biweight robust mean of the other series (leave-one-out).
 Correlation: Pearson, one-tailed, pcrit = 0.01; critical r = 0.3281 for 50-year segments.
 Segments: 50 years, lagged 25, first segment floored to 100. Lags searched: +/- 10 years.
 A segment is tested only where the series and the master cover all of it, at the dated
   position and at every lag. COFECHA also tests partial segments at the ends of a series, so
   series here may show fewer segments, and no flags can be raised at the ends of the record.
 Lags follow COFECHA: negative means rings are probably missing from the series, positive means
   false rings. A missing ring carries its lag into every segment before it, so look where the
   lag changes along a series. A B flag is a hypothesis to check on the wood; the gain says how
   seriously to take it.
 A B flag marked "weak at every lag" correlates under the critical value even at its best lag:
   the segment is weak wherever it is placed, and the shift is not evidence of a dating error.
   Treat it as a low correlation, like an A.
 Averages in the summary and the totals are weighted by the number of years in each series, as
   COFECHA's are.
 Unfiltered block and mean sensitivity: the measurements as read, and sens1().
 dplR filtered block: the series that was correlated, after filtering. COFECHA's filtered
   series is defined differently, so these three columns are not COFECHA's numbers.
 AR: order of the AR model used to prewhiten.
 Left out of the crossdating: the 'nyrs' spline for series AB5-6 is not all positive, so
   dividing by it would give negative or infinite indices. Remove the series, or detrend the
   data yourself with detrend() and pass the indices with 'nyrs = NULL'
 Left out of the crossdating: the 'nyrs' spline for series AD30-10 is not all positive, so
   dividing by it would give negative or infinite indices. Remove the series, or detrend the
   data yourself with detrend() and pass the indices with 'nyrs = NULL'
 Left out of the crossdating: the 'nyrs' spline for series AD30-71 is not all positive, so
   dividing by it would give negative or infinite indices. Remove the series, or detrend the
   data yourself with detrend() and pass the indices with 'nyrs = NULL'
 Left out of the crossdating: the 'nyrs' spline for series C20-68 is not all positive, so
   dividing by it would give negative or infinite indices. Remove the series, or detrend the
   data yourself with detrend() and pass the indices with 'nyrs = NULL'
 Left out of the crossdating: the 'nyrs' spline for series E17-25 is not all positive, so
   dividing by it would give negative or infinite indices. Remove the series, or detrend the
   data yourself with detrend() and pass the indices with 'nyrs = NULL'
 Left out of the crossdating: the 'nyrs' spline for series V35-36 is not all positive, so
   dividing by it would give negative or infinite indices. Remove the series, or detrend the
   data yourself with detrend() and pass the indices with 'nyrs = NULL'
 Left out of the crossdating: the 'nyrs' spline for series AA30-50 is not all positive, so
   dividing by it would give negative or infinite indices. Remove the series, or detrend the
   data yourself with detrend() and pass the indices with 'nyrs = NULL'
 Left out of the crossdating: the 'nyrs' spline for series AD30-123 is not all positive, so
   dividing by it would give negative or infinite indices. Remove the series, or detrend the
   data yourself with detrend() and pass the indices with 'nyrs = NULL'
 Left out of the crossdating: the 'nyrs' spline for series J11-20 is not all positive, so
   dividing by it would give negative or infinite indices. Remove the series, or detrend the
   data yourself with detrend() and pass the indices with 'nyrs = NULL'
 Left out of the crossdating: the 'nyrs' spline for series M12-43 is not all positive, so
   dividing by it would give negative or infinite indices. Remove the series, or detrend the
   data yourself with detrend() and pass the indices with 'nyrs = NULL'
 Left out of the crossdating: the 'nyrs' spline for series P43-76 is not all positive, so
   dividing by it would give negative or infinite indices. Remove the series, or detrend the
   data yourself with detrend() and pass the indices with 'nyrs = NULL'
