
 COFECHA-style crossdating report: mt180
 Report generated using dplR 1.8.1 (R 4.5.2) on 2026-10-01 16:52 PDT
 Built with dplR's xdate.report(), not COFECHA; see the notes at the end.


      Measurement file name  : mt180.rwl
      MD5 of measurement file: 2801f1141d60efa02e69f69f1ba7b2c6
      Date checked           : 01OCT26
      Beginning year         : 1608
      Ending year            : 2012
      Principal investigators: Kichas, N.E.; Shanahan, E.K.; Hood, S.M.
      Site name              : Gallatin Crest
      Species information    : PIAL Pinus albicaulis Engelm.
      Latitude               : 45.3439 N
      Longitude              : 111.1077 W
      Elevation              : 2741 m

      Series intercorrelation: 0.413
      Avg mean sensitivity   : 0.222
      Avg standard deviation : 0.209
      Avg autocorrelation    : 0.854
      Number dated series    : 438
      Segment length tested  : 50

      Number problem segments: 384  (A 162, B 222; 140 of the B weak at every lag)
      Pct problem segments   : 21.69


 CORRELATION OF SERIES BY SEGMENTS: mt180
-----------------------------------------------------------------------------------------------------------------------------------
 Correlations of  50-year dated segments, lagged  25 years
 Flags:  A = correlation under   .3281 but highest as dated;  B = correlation higher at other than dated position

 Seq Series  Time_span  1700 1725 1750 1775 1800 1825 1850 1875 1900 1925 1950 
                        1749 1774 1799 1824 1849 1874 1899 1924 1949 1974 1999 
 --- -------- ---------  ---- ---- ---- ---- ---- ---- ---- ---- ---- ---- ---- 
   1 GTLA2    1847 2011                                .57  .64  .54  .48  .59 
   2 GTLA4    1852 2010                                     .43  .42  .38  .56 
   3 GTLA5    1847 2010                                .63  .75  .65  .55  .56 
   4 GTLA1A   1858 2011                                     .56  .36  .54  .67 
   5 GTLA1B   1853 2011                                     .57  .48  .59  .64 
   6 GTLA2A   1859 2011                                     .51  .49  .60  .72 
   7 GTLA2B   1845 2011                                .48  .39  .23B .38  .59 
   8 GTLA3A   1848 2011                                .48  .48  .28B .36  .52 
   9 GTLA3B   1844 2011                                .44  .57  .48  .61  .58 
  10 GTLA4A   1860 2011                                     .46  .34  .42  .52 
  11 GTLA4B   1850 2011                                     .55  .30A .45  .45 
  12 GTLA5A   1865 2011                                     .47  .34  .35  .45 
  13 GTLA5B   1857 1983                                     .39  .48  .69      
  14 GTLA6A   1873 2011                                          .42  .53  .56 
  15 GTLA6B   1858 2011                                     .28B .31A .28B .42 
  16 GTLA7A   1864 1987                                     .65  .25A .50      
  17 GTLA7B   1854 2011                                     .63  .47  .59  .52 
  18 GTLA8A   1879 2011                                          .61  .63  .51 
  19 GTLA8B   1870 2011                                     .69  .60  .63  .55 
  20 GTLA9A   1863 1981                                     .57  .52  .37      
  21 GTLA9B   1855 2011                                     .58  .24B .35  .59 
  22 GTLA10A  1863 2011                                     .58  .56  .43  .49 
  23 GTLA10B  1843 2011                                .40  .44  .40  .49  .58 
  24 GTLA11A  1870 2011                                     .58  .54  .45  .52 
  25 GTLA11B  1871 2011                                     .58  .50  .40  .51 
  26 GTLA12A  1859 2007                                     .41  .24B .27A .41 
  27 GTLA12B  1860 2005                                     .48  .22B .45  .62 
  28 GTLA13A  1871 2010                                     .55  .50  .42  .41 
  29 GTLA13B  1852 2011                                     .54  .40  .66  .36B
  30 GTLA14A  1938 2009                                                    .51 
  31 GTLA14B  1925 2010                                                    .40 
  32 GTLA15A  1938 2011                                                    .62 
  33 GTLA15B  1929 2011                                                    .61 
  34 GTLA16A  1873 2010                                     .50  .40  .39  .44 
  35 GTLA16B  1847 1956                                .28B .19B-.09B          
  36 GTLA17A  1890 2011                                          .45  .57  .61 
  37 GTLA17B  1860 2011                                     .11B .48  .51  .61 
  38 GTLA18A  1895 2011                                          .26B .48  .47 
  39 GTLA18B  1873 2011                                     .41  .24B .36  .35 
  40 GTLA20A  1863 2011                                     .38  .41  .42  .49 
  41 GTLA20B  1853 2011                                     .40  .51  .44  .46 
  42 GTLA21A  1870 2011                                     .34B .62  .30B .39B
  43 GTLA21B  1843 2011                                .36  .29B .10B .30B .45 
  44 GTLA22A  1896 2011                                          .42  .26B .34 
  45 GTLA22B  1881 2011                                          .45  .33B .29B
  46 GTLA23A  1877 2011                                          .34  .58  .44 
  47 GTLA23B  1878 2011                                          .35  .56  .65 
  48 GTLA24A  1896 2011                                          .48  .43  .51 
  49 GTLA24B  1855 2011                                     .48  .25A .29A .55 
  50 GTLA25A  1921 2011                                               .17B .36 
  51 GTLA25B  1910 2011                                               .24B .26B
  52 GTLA26A  1913 2011                                               .57  .61 
  53 GTLA26B  1909 2011                                               .54  .57 
  54 GTLB1A   1724 2011       .63  .58  .65  .56  .47  .60  .56  .23B .61  .53 
  55 GTLB1B   1734 2011            .46  .66  .73  .68  .64  .60  .48  .70  .65 
  56 GTLB2A   1743 2011            .06B .34  .44  .49  .62  .57  .29A .41  .48 
  57 GTLB2B   1768 2011                 .43  .36  .53  .64  .43  .39  .59  .54 
  58 GTLB3A   1764 2011                 .43  .53  .46B .55  .60  .39  .42  .54 
  59 GTLB3B   1781 2011                      .54  .59  .59  .44  .21B .42  .43 
  60 GTLB4A   1690 2011  .59  .53  .57  .59  .61  .58  .51  .38  .25B .72  .71 
  61 GTLB4B   1698 2011  .57  .47  .43  .53  .39  .36  .47  .42  .42  .45  .22A
  62 GTLB5A   1754 2011                 .70  .63  .52  .34  .26B .35  .42  .43 
  63 GTLB5B   1691 2011  .09B .32A .55  .63  .64  .41  .44  .62  .43  .42  .45 
  64 GTLB6A   1924 2011                                               .29A .59 
  65 GTLB6B   1867 2011                                     .14B .20B .49  .52 
  66 GTLB7A   1929 2011                                                    .56 
  67 GTLB7B   1901 2011                                               .47  .45 
  68 GTLB8A   1696 2011  .24A .27A .56  .39  .54  .63  .47  .46  .40  .54  .42 
  69 GTLB8B   1678 2010  .34  .51  .69  .63  .64  .67  .61  .53  .43  .66  .43 
  70 GTLB9A   1806 2011                           .46  .49  .57  .40  .50  .61 
  71 GTLB9B   1707 2011       .45  .51  .58  .69  .69  .50  .50  .45  .41  .54 
  72 GTLB10A  1743 2011            .23A .25A .51  .49  .53  .50  .34B .34  .27A
  73 GTLB10B  1740 2011            .47  .52  .44  .37  .32A .29B .30B .57  .23A
  74 GTLB12A  1710 2011       .43  .49  .34  .46  .54  .51  .50  .24A .28B .31A
  75 GTLB12B  1706 2010       .30B .42  .35  .29A .54  .69  .65  .50  .59  .62 
  76 GTLB13A  1753 2011                 .13B .54  .50  .38  .47  .50  .49  .51 
  77 GTLB13B  1720 2011       .32A .43  .37  .42  .45  .56  .56  .45  .46  .50 
  78 GTLB14A  1689 2011  .49  .51  .38  .30A .53  .60  .54  .56  .42  .54  .48 
  79 GTLB14B  1667 2011  .52  .58  .60  .47  .53  .61  .61  .53  .48  .51  .51 
  80 GTB15AE  1674 1923  .28A .42  .59  .50  .56  .46  .18B                    
  81 GTB15AL  1950 2011                                                    .54 
  82 GTB15BE  1652 1931  .48  .50  .46  .41  .44  .53  .54  .35                
  83 GTB15BL  1944 2011                                                    .51 
  84 GTLB16A  1689 2011  .47  .65  .50  .31A .61  .63  .39  .31A .41  .57  .53 
  85 GTLB16B  1691 2011  .54  .45  .45  .50  .68  .62  .51  .50  .51  .65  .56 
  86 GTLB17A  1816 2011                           .41  .29A .32A .39  .60  .57 
  87 GTLB17B  1796 2011                      .47  .43  .56  .54  .51  .57  .52 
  88 GTLB18A  1685 2011  .50  .48  .54  .53  .72  .68  .49  .45  .46  .59  .43 
  89 GTB18BE  1692 1779  .44  .44                                              
  91 GTLB19A  1689 2011  .20B .31A .54  .43  .48  .49  .50  .46  .37  .42  .42 
  92 GTLB19B  1670 2011  .38  .50  .66  .67  .46  .41  .57  .47  .36  .53  .42 
  93 GTLB20A  1702 2011       .61  .62  .49  .53  .57  .56  .41  .22B .32A .29B
  94 GTLB20B  1712 2011       .63  .47  .51  .44  .43  .53  .42  .34  .43  .13B
  95 GTLB21A  1690 2011  .57  .63  .46  .57  .52  .41  .38  .39  .51  .60  .53 
  96 GTLB21B  1657 2011  .50  .43  .52  .66  .48  .33  .47  .52  .52  .48  .42 
  97 GTLB22A  1704 2011       .64  .59  .41  .47  .50  .50  .56  .39  .36  .45 
  98 GTLB22B  1688 2011  .35  .43  .45  .50  .36  .36B .50  .51  .43  .38  .57 
  99 GTLB23A  1708 2011       .71  .49  .51  .77  .68  .52  .44  .05B .45  .45 
 100 GTLB23B  1694 2011  .59  .60  .42  .51  .69  .61  .41  .43  .36  .59  .56 
 101 GTLB24A  1680 2011  .48  .49  .43  .27B .65  .63  .34  .38  .33  .31A .23B
 102 GTLB24B  1663 2011  .65  .59  .44  .49  .63  .53  .41  .47  .52  .51  .38 
 103 GTLB25A  1760 2011                 .62  .63  .58  .61  .61  .45  .63  .63 
 104 GTLB25B  1764 2011                 .52  .50  .51  .60  .66  .64  .63  .64 
 105 GTLB26A  1725 2011            .57  .50  .59  .61  .55  .50  .31A .52  .59 
 106 GTLB26B  1700 2011       .36  .51  .45  .38  .57  .54  .45  .56  .63  .44 
 107 NHLA1A   1910 2012                                               .42  .55 
 108 NHLA1B   1877 2012                                          .20B .45  .40 
 109 NHLA2A   1927 2012                                                    .14B
 110 NHLA2B   1917 2004                                               .25B .28A
 111 NHLA3A   1928 2012                                                    .44 
 112 NHLA3B   1920 2012                                               .39  .36 
 113 NHLA4A   1929 2012                                                    .48 
 114 NHLA4B   1918 2012                                               .29A .31A
 115 NHLA5A   1937 2012                                                    .41 
 116 NHLA5B   1929 2012                                                    .33B
 117 NHLA6A   1931 2012                                                    .42 
 118 NHLA6B   1912 2012                                               .40  .36 
 119 NHLA7A   1935 2012                                                    .32A
 120 NHLA7B   1931 2012                                                    .20B
 121 NHLA8A   1934 2012                                                    .37 
 122 NHLA8B   1921 2012                                               .42  .24A
 123 NHLA9A   1915 1991                                               .28A     
 124 NHLA9B   1897 1991                                          .16B .37      
 125 NHLA10A  1939 2012                                                    .56 
 126 NHLA10B  1925 2012                                                    .56 
 127 NHLA11A  1720 2008       .25A .36  .27B .40  .51  .30B .12B .02B .33  .27A
 128 NHLA11B  1724 2012            .23B .26B .54  .57  .49  .35  .19A .43  .40 
 130 NHLA12B  1943 2012                                                   -.09B
 131 NHLA13A  1938 2012                                                    .58 
 132 NHLA13B  1923 2012                                                    .38 
 133 NHLA14A  1868 2012                                     .52  .63  .65  .63 
 134 NHLA14B  1848 2012                                .46  .47  .57  .43  .42 
 135 NHLA15A  1940 2012                                                    .24B
 136 NHLA15B  1945 2012                                                    .27A
 137 NHLA16A  1802 2011                           .21A .43  .46  .26A .38  .47 
 138 NHLA16B  1789 2001                      .34  .54  .44  .46  .27A .35  .47 
 139 NHLA17A  1854 2012                                     .56  .14B .38  .43 
 140 NHLA17B  1853 2012                                     .47  .27B .38  .55 
 141 NHLA18A  1890 2012                                          .36  .46  .47 
 142 NHLA18B  1870 2012                                     .38  .38  .48  .51 
 143 NHLA19A  1854 2012                                     .38  .14B .48  .68 
 144 NHLA19B  1844 2012                                .32A .35B .22B .53  .52 
 145 NHLA20A  1876 2012                                          .19B .51  .59 
 146 NHLA20B  1861 2012                                     .20B .60  .46  .35 
 147 NHLB1A   1633 2012  .19B .37  .51  .64  .48  .36  .53  .56  .43  .49  .32A
 148 NHLB1B   1631 2012  .46  .50  .52  .59  .47  .41  .58  .60  .51  .58  .54 
 149 NHB2AE   1674 1805  .57  .44  .32A                                        
 150 NHB2AL   1880 2012                                          .32A .40  .47 
 151 NHB2BL   1900 2012                                               .64  .47 
 152 NHB3AE   1620 1767  .30B                                                  
 156 NHLB4A   1639 2012  .23B .35  .43  .54  .58  .58  .58  .54  .22A .43  .55 
 157 NHB4BE   1621 1765  .31A                                                  
 158 NHB4BL   1942 2012                                                    .58 
 159 NHLB5A   1671 2012  .39  .39  .33  .17B .42  .40  .34  .42  .24A .46  .35 
 160 NHLB5B   1659 2012  .42  .46  .49  .46  .56  .58  .58  .46  .34  .49  .45 
 161 NHLB6A   1633 2012  .42  .39  .50  .50  .46  .42  .46  .45  .29A .23A .40 
 162 NHB6BE   1628 1843  .37  .35  .40  .36                                    
 163 NHB6BL   1870 2012                                     .51  .12B .21B .46 
 164 NHLB7A   1807 2012                           .18B .24A .21A .23B .48  .54 
 165 NHB7BE   1718 1831       .24A .28A .39                                    
 166 NHB7BL   1895 2012                                          .34  .51  .53 
 167 NHLB8A   1687 2012  .25A .47  .39  .35  .67  .59  .24A .20B .26A .21B .23A
 168 NHLB8B   1671 2012  .08B .29A .40  .38  .45  .45  .24A .12B .40  .46  .47 
 169 NHLB9A   1872 2012                                     .43  .46  .43  .36 
 170 NHLB9B   1857 2012                                     .45  .44  .44  .39 
 171 NHB10AE  1791 1872                      .22B                              
 172 NHB10AL  1930 2012                                                    .21B
 173 NHB10BE  1744 1839            .41  .38                                    
 174 NHB10BL  1930 2012                                                    .25B
 175 NHLB11A  1708 2012       .34  .16B .07B .46  .42  .40  .45  .39  .66  .64 
 176 NHB11BL  1806 2012                           .22A .16B .07B .40  .56  .65 
 179 NHLB13A  1788 2012                      .26A .35  .48  .50  .32A .40  .43 
 180 NHLB13B  1747 2012            .35  .45  .50  .56  .42  .39  .43  .50  .57 
 181 NHLB14A  1798 2012                      .46  .51  .57  .52  .28A .42  .46 
 182 NHLB14B  1754 2012                 .34  .39  .42  .49  .46  .34  .52  .53 
 183 NHLB15A  1790 2012                      .40  .48  .53  .34  .17B .20A .10B
 184 NHLB15B  1771 2012                 .51  .61  .51  .41  .43  .37  .39  .37 
 185 NHLB16A  1804 2010                           .49  .28A .22B .32B .32A .41 
 186 NHB16BL  1844 2012                                .24B .08B .10B .29B .39 
 187 NHLB17A  1800 2012                           .30A .39  .33  .22A .26B .33B
 188 NHLB17B  1776 2012                      .41  .26B .31A .45  .41  .40  .23A
 189 NHLB18A  1708 2012       .43  .29A .24A .46  .45  .16B .15B .22A .23B .40 
 190 NHLB18B  1684 2012  .48  .40  .34  .37  .37  .41  .31A .23B .31A .24B .31B
 191 NHLB19A  1763 2012                 .23B .42  .38  .31A .38  .47  .54  .57 
 192 NHLB19B  1749 2012                 .18B .44  .50  .39  .38  .28A .32A .44 
 193 NHLB20A  1773 2012                      .57  .47  .47  .56  .29A .42  .49 
 194 NHLB20B  1781 2012                      .53  .51  .50  .55  .41  .55  .53 
 195 NHLB21A  1796 2012                      .43  .40  .38  .49  .33  .33  .24A
 196 NHB21BE  1755 1899                 .20B .28B .40B .17B                    
 197 NHB21BL  1900 2012                                               .20A .26A
 198 NHLB22A  1745 2012            .46  .45  .43  .47  .57  .61  .55  .62  .57 
 199 NHLB22B  1638 2012  .32A .38  .42  .33B .47  .65  .61  .53  .56  .53  .58 
 200 NHLB23A  1788 2012                      .30A .40  .36  .44  .26B .38  .58 
 201 NHLB23B  1792 2012                      .48  .50  .40  .44  .36  .57  .47 
 203 NHLB24B  1908 2012                                               .38  .33 
 204 NHLB25A  1944 2012                                                    .52 
 205 NHLB25B  1931 2012                                                    .56 
 206 PCRA2    1870 2012                                     .36  .09B .48  .54 
 207 PCRA4    1864 2012                                     .49  .16B .49  .42 
 208 PCRA1A   1855 2010                                     .48  .63  .62  .63 
 209 PCRA1B   1841 2009                                .48  .50  .43  .48  .56 
 210 PCRA2A   1838 1987                                .55  .28A .03B .46      
 211 PCRA2B   1837 1984                                .39  .24B .24B .56      
 212 PCRA3B   1880 2011                                          .36  .50  .55 
 213 PCRA5A   1860 2011                                     .39  .04B .32A .44 
 214 PCRA5B   1839 2011                                .39  .24A-.19B .28A .51 
 215 PCRA6B   1839 2011                                .35  .50  .44  .28A .39 
 216 PCRA7A   1869 2002                                     .48  .29A .46  .57 
 217 PCRA7B   1846 2003                                .49  .43B .13B .45  .57 
 218 PCRA8A   1908 2006                                               .33A .46 
 219 PCRA8B   1873 2007                                     .31A .03B .33  .56 
 220 PCRA9A   1888 2002                                          .30A .48  .50 
 221 PCRA9B   1866 2002                                     .45  .37  .49  .57 
 222 PCRA10A  1874 2012                                          .47  .50  .44 
 223 PCRA10B  1870 2012                                     .15B .13B .39  .47 
 224 PCRA11A  1876 2012                                          .34  .48  .44 
 225 PCRA11B  1850 2012                                     .41  .08B .36  .53 
 226 PCRA12A  1910 2012                                               .35  .41 
 227 PCRA12B  1879 2012                                          .19B .21B .40 
 228 PCRA13A  1899 2012                                               .32A .46 
 229 PCRA13B  1875 2010                                          .06B .33  .43 
 230 PCRA14A  1880 2011                                          .48  .69  .68 
 231 PCRA14B  1888 2010                                          .56  .58  .52 
 232 PCRA15A  1876 2009                                          .38  .36  .50 
 233 PCRA15B  1872 2009                                     .40  .21A .32A .40 
 234 PCRA16A  1890 2012                                          .16B .54  .60 
 235 PCRA16B  1874 2012                                     .43  .38  .58  .62 
 236 PCRA17A  1854 2011                                     .44  .37  .56  .50 
 237 PCRA17B  1849 2010                                .45  .35  .16B .38  .37 
 238 PCRA18A  1851 1978                                     .62  .42  .40      
 239 PCRA18B  1843 1956                                .37  .49  .34           
 240 PCRA19A  1858 2009                                     .46  .52  .43  .44 
 241 PCRA19B  1856 1995                                     .40  .44  .47      
 242 PCRA20A  1751 2011                 .48  .59  .38  .34  .35  .25B .53  .55 
 243 PCRA20B  1746 2011            .50  .38  .56  .52  .45  .37  .35  .48  .48 
 244 PCRA21A  1742 2010            .52  .67  .45  .41  .68  .54  .46  .66  .72 
 245 PCRA21B  1729 2011            .45  .56  .35  .43  .63  .45  .46  .70  .63 
 246 PCRA22A  1864 2011                                     .60  .42  .35B .46 
 247 PCRA22B  1855 2010                                     .42  .34  .24A .33B
 248 PCRA23A  1905 2011                                               .48  .63 
 249 PCRA23B  1900 2012                                               .69  .68 
 250 PCRA24B  1720 1869       .27B .28A .54  .55                               
 251 PCRA25A  1837 2012                                .50  .48  .43  .54  .26A
 252 PCRA25B  1826 2012                                .39  .48  .45  .50  .43 
 253 PCRB1    1848 2012                                .53  .54  .16B .31A .38 
 254 PCRB3    1899 2011                                          .39  .45  .51 
 258 PCRB2B   1928 2012                                                    .50 
 259 PCRB3A   1904 2012                                               .35  .46 
 260 PCRB3B   1884 2012                                          .30A .42  .53 
 261 PCRB4A   1894 2011                                          .49  .28B .32A
 262 PCRB4B   1895 2012                                          .43  .29B .34 
 263 PCRB5A   1902 2011                                               .37  .39 
 264 PCRB5B   1900 2011                                               .37  .49 
 265 PCRB6A   1875 2012                                          .37  .54  .61 
 266 PCRB6B   1863 2012                                     .43  .37  .56  .58 
 267 PCB7AL   1900 2012                                               .51  .42 
 268 PCB7BE   1747 1888            .22B .11B .50  .49                          
 269 PCB7BL   1904 2012                                               .51  .46 
 271 PCRB8B   1897 2012                                          .15B .23B .32A
 272 PCRB9A   1945 2012                                                    .27B
 273 PCRB9B   1905 2012                                               .37  .35 
 275 PCRB10B  1917 2012                                               .29A .38 
 276 PCRB11A  1905 2012                                               .34  .31A
 277 PCRB11B  1890 2012                                          .46  .33  .27A
 278 PCRB12A  1898 2012                                          .24A .42  .49 
 279 PCRB12B  1882 2011                                          .20A .44  .47 
 280 PCRB13A  1932 2012                                                    .15B
 283 PCRB14B  1931 2012                                                    .43 
 285 PCRB15B  1938 2012                                                    .32A
 286 PCRB16A  1891 2012                                          .46  .53  .26A
 287 PCRB16B  1839 2012                                .32A .33  .15B .32A .17B
 288 PCRB17A  1905 2012                                               .38  .31A
 289 PCRB17B  1925 2012                                                    .33A
 292 PCRB19A  1878 2012                                          .24B .39  .45 
 293 PCRB19B  1878 2012                                          .37  .36  .45 
 294 PCRB20A  1907 2012                                               .42  .49 
 295 PCRB20B  1916 2012                                               .26B .43 
 296 PCRB21A  1916 2012                                               .46  .54 
 297 PCRB21B  1918 2012                                               .38  .41 
 300 PCRB23A  1915 2011                                               .51  .51 
 301 PCRB23B  1877 2011                                          .52  .33  .37 
 302 PCRB24A  1879 2012                                          .49  .34  .37 
 303 PCRB24B  1883 1994                                          .19B .25A     
 304 PCRB25A  1903 2012                                               .35  .35 
 305 PCRB25B  1861 1951                                     .30A .30A          
 306 SCRA1A   1874 2011                                          .23B .12B .13B
 307 SCRA1B   1918 2011                                               .32B .29B
 308 SCRA2A   1908 2011                                               .25A .23B
 309 SCRA2B   1893 2011                                          .28B .29A .39 
 310 SCRA3A   1907 2008                                               .39  .44 
 311 SCRA3B   1905 2009                                               .43  .50 
 312 SCRA4A   1912 2011                                               .25A .46 
 313 SCRA4B   1898 2009                                          .04B .10B .25A
 314 SCRA5A   1903 2011                                               .37  .27A
 315 SCRA5B   1896 2011                                          .29A .47  .40B
 316 SCRA6A   1906 2011                                               .25B .30A
 317 SCRA7A   1923 2011                                               .49  .46 
 318 SCRA7B   1912 2011                                               .26A .33A
 319 SCRA8A   1913 2011                                               .23B .11B
 320 SCRA8B   1895 2011                                          .31A .26B .15B
 321 SCRA9A   1893 2011                                          .20B .30A .23B
 322 SCRA9B   1900 2011                                               .17B .07B
 323 SCRA10A  1911 2011                                               .13B .50 
 324 SCRA10B  1888 2011                                          .09B .34  .41 
 325 SCRA11A  1913 2011                                               .29A .38 
 326 SCRA12A  1917 2011                                               .20A .38 
 327 SCRA12B  1903 2011                                               .19B .28B
 328 SCRA13A  1902 2011                                               .45  .52 
 329 SCRA13B  1898 2011                                          .09B .45  .56 
 330 SCRA14A  1902 2011                                               .30B .40 
 331 SCRA14B  1903 2011                                               .20B .22B
 332 SCRA15A  1904 2011                                               .22B .20B
 333 SCRA16A  1919 2011                                               .33A .43 
 334 SCRA16B  1915 2011                                               .29A .43 
 335 SCRA17A  1911 2011                                               .19B .29B
 336 SCRA17B  1916 2011                                               .14B .18B
 337 SCRA18A  1908 2011                                               .40  .47 
 338 SCRA18B  1897 2011                                          .17B .31B .42 
 339 SCRA20A  1895 2011                                          .42  .69  .64 
 340 SCRA20B  1895 2011                                          .32A .49  .47 
 341 SCRA21A  1898 2011                                               .56  .49 
 342 SCRA21B  1908 2011                                               .58  .65 
 343 SCRA22A  1898 2009                                          .27B .47  .44 
 344 SCRA22B  1887 2009                                          .33A .45  .43 
 345 SCRA23A  1903 2011                                               .38  .56 
 346 SCRA23B  1891 2011                                          .05B .21B .51 
 347 SCRA24A  1909 2011                                               .51  .34 
 348 SCRA24B  1914 2011                                               .48  .39 
 349 SCRA25A  1906 2011                                               .33A .36 
 350 SCRA25B  1893 2011                                          .26B .39  .35 
 351 SCA26AE  1899 1953                                          .43           
 353 SCA26BE  1897 1951                                          .41           
 356 SCRB2B   1912 2011                                               .20A .34 
 357 SCRB3A   1867 2011                                     .02B .45  .53  .58 
 358 SCRB3B   1883 2011                                          .35  .50  .65 
 359 SCRB4A   1850 2011                                     .20A .14B .34  .30A
 360 SCRB4B   1843 2011                                .37  .20B .17B .39  .38 
 361 SCRB5A   1873 2011                                     .39  .41  .44  .50 
 362 SCRB5B   1915 2011                                               .46  .55 
 363 SCRB6A   1937 2011                                                    .61 
 365 SHLA1    1739 2012            .33  .41  .59  .58  .41  .37  .41  .36  .37 
 366 SHLA3    1623 2012  .08B .29B .30A .39  .43  .24B .42  .56  .25A .38  .43 
 367 SHLA4    1659 2012  .41  .41  .50  .40  .49  .61  .50  .47  .42  .20B .35 
 368 SHLA1A   1735 2012            .33  .47  .46  .46  .56  .61  .36  .29A .52 
 369 SHLA1B   1780 2012                      .49  .50  .37  .44  .33  .46  .54 
 370 SHLA2A   1638 2012  .30B .29B .49  .46  .55  .54  .45  .58  .47  .34  .43 
 371 SHLA2B   1630 2012  .33A .49  .59  .55  .56  .57  .67  .71  .47  .35B .42 
 372 SHLA3A   1802 2012                           .33  .40  .49  .59  .48  .47 
 373 SHA3BL   1890 2012                                          .42  .48  .52 
 374 SHLA4A   1665 2012  .53  .41  .31A .33  .48  .37  .26A .39  .29A .51  .65 
 375 SHA4BE   1632 1751  .48                                                   
 376 SHA4BL   1810 2012                           .31A .33  .49  .33  .36  .46 
 377 SHLA5A   1637 2012  .38  .56  .54  .49  .64  .44  .13B .47  .43  .33  .52 
 378 SHLA5B   1640 1809  .35  .47  .43                                         
 379 SHLA6A   1642 1915  .48  .47  .42  .44  .67  .62  .41                     
 380 SHLA6B   1627 1948  .44  .55  .58  .54  .44  .48  .59  .40                
 381 SHLA7A   1645 2012  .31B .42  .48  .41  .54  .55  .63  .41  .38  .26B .22B
 382 SHA7BL   1790 2012                      .60  .58  .66  .58  .41  .40  .60 
 383 SHLA8A   1693 1847 -.03B .22B .40  .36                                    
 384 SHLA8B   1608 1772  .44                                                   
 385 SHLA9A   1689 2012  .60  .55  .54  .27B .47  .53  .28A .38  .56  .52  .52 
 386 SHLA9B   1697 1863  .44  .46  .62  .57  .53                               
 387 SHLA10A  1810 2011                           .44  .51  .54  .51  .39  .35 
 388 SHLA10B  1802 2002                           .55  .60  .54  .59  .49  .06B
 389 SHLB7A   1822 2012                           .58  .60  .56  .35  .56  .59 
 390 SHLB7B   1800 2012                           .55  .58  .49  .43  .47  .51 
 391 SHLB8A   1819 2012                           .50  .46  .39  .57  .70  .58 
 392 SHLB8B   1806 2012                           .29A .39  .50  .40  .60  .60 
 393 SHLB9A   1847 2012                                .28A .28A .31A .35  .46 
 394 SHLB9B   1842 2012                                .43  .26A .34  .37  .51 
 395 SHLB10A  1930 2012                                                    .41 
 396 SHLB10B  1935 2012                                                    .40 
 397 SHLB11A  1801 2012                           .47  .19B .17B .35  .24B .34 
 398 SHLB11B  1795 2012                      .35  .46  .46  .43  .21B .32A .50 
 399 SHLB12A  1794 2012                      .36  .44  .73  .72  .38  .38  .44 
 400 SHLB12B  1795 2012                      .45  .49  .59  .52  .40  .56  .51 
 401 SHLB13A  1735 2012            .30A .14B .27A .41  .61  .59  .46  .39  .37 
 402 SHLB13B  1699 2012  .49  .55  .47  .21B .12B .45  .69  .58  .37  .48  .54 
 403 SHLB14A  1814 2012                           .35  .48  .39  .36  .52  .48 
 404 SHLB14B  1821 2012                           .33  .55  .69  .53  .37  .47 
 405 SHLB15A  1947 2012                                                    .52 
 410 SHLB17B  1935 2012                                                    .20A
 411 SHLB18A  1937 2012                                                    .37 
 412 SHLB18B  1927 2012                                                    .35 
 413 SHLB19A  1915 2012                                               .11B .14B
 414 SHLB19B  1891 2012                                          .25B .36  .23A
 416 SHLB20B  1930 2012                                                    .48 
 418 SHLB21B  1931 2012                                                    .51 
 424 SHLB24B  1937 2012                                                    .45 
 431 SHLB28A  1891 2012                                          .19B .09B .39 
 432 SHLB28B  1876 2012                                          .25B .20A .50 
 436 SHLB30B  1946 2012                                                    .42 
 Av segment correlation  .39  .45  .45  .43  .49  .48  .46  .44  .35  .42  .44 

 FLAGGED SEGMENTS: mt180
-----------------------------------------------------------------------------------------------------------------------------------
 Seq Series   Segment    Flag  r dated  Best lag  r at lag   Gain  Note
 --- -------- ---------  ----  -------  --------  --------  -----  -----------------
   7 GTLA2B   1900 1949     B     .228        -7      .265   .037  weak at every lag
   8 GTLA3A   1900 1949     B     .280        10      .287   .007  weak at every lag
  11 GTLA4B   1900 1949     A     .295         0
  15 GTLA6B   1875 1924     B     .276         7      .361   .084
  15 GTLA6B   1900 1949     A     .313         0
  15 GTLA6B   1925 1974     B     .276         7      .400   .124
  16 GTLA7A   1900 1949     A     .253         0
  21 GTLA9B   1900 1949     B     .241         2      .352   .111
  26 GTLA12A  1900 1949     B     .241         8      .247   .006  weak at every lag
  26 GTLA12A  1925 1974     A     .272         0
  27 GTLA12B  1900 1949     B     .224         8      .484   .260
  29 GTLA13B  1950 1999     B     .361         4      .368   .007
  35 GTLA16B  1850 1899     B     .278         6      .353   .076
  35 GTLA16B  1875 1924     B     .194         6      .360   .166
  35 GTLA16B  1900 1949     B    -.095         4      .313   .408  weak at every lag
  37 GTLA17B  1875 1924     B     .106         8      .192   .085  weak at every lag
  38 GTLA18A  1900 1949     B     .265         3      .331   .066
  39 GTLA18B  1900 1949     B     .244       -10      .263   .019  weak at every lag
  42 GTLA21A  1875 1924     B     .341         3      .351   .010
  42 GTLA21A  1925 1974     B     .302       -10      .306   .003  weak at every lag
  42 GTLA21A  1950 1999     B     .387       -10      .464   .077
  43 GTLA21B  1875 1924     B     .288         3      .301   .012  weak at every lag
  43 GTLA21B  1900 1949     B     .097         3      .192   .095  weak at every lag
  43 GTLA21B  1925 1974     B     .301       -10      .327   .025  weak at every lag
  44 GTLA22A  1925 1974     B     .261        -3      .330   .069
  45 GTLA22B  1925 1974     B     .334         8      .365   .031
  45 GTLA22B  1950 1999     B     .294       -10      .470   .176
  49 GTLA24B  1900 1949     A     .253         0
  49 GTLA24B  1925 1974     A     .285         0
  50 GTLA25A  1925 1974     B     .168         4      .224   .055  weak at every lag
  51 GTLA25B  1925 1974     B     .235        -4      .241   .006  weak at every lag
  51 GTLA25B  1950 1999     B     .265         4      .269   .004  weak at every lag
  54 GTLB1A   1900 1949     B     .233         9      .259   .026  weak at every lag
  56 GTLB2A   1750 1799     B     .064        -4      .172   .108  weak at every lag
  56 GTLB2A   1900 1949     A     .286         0
  58 GTLB3A   1825 1874     B     .455         2      .458   .002
  59 GTLB3B   1900 1949     B     .206        -7      .285   .079  weak at every lag
  60 GTLB4A   1900 1949     B     .249         2      .315   .066  weak at every lag
  61 GTLB4B   1950 1999     A     .219         0
  62 GTLB5A   1875 1924     B     .265        -8      .277   .012  weak at every lag
  63 GTLB5B   1700 1749     B     .095        -7      .370   .276
  63 GTLB5B   1725 1774     A     .323         0
  64 GTLB6A   1925 1974     A     .286         0
  65 GTLB6B   1875 1924     B     .140         4      .280   .140  weak at every lag
  65 GTLB6B   1900 1949     B     .203        -9      .269   .066  weak at every lag
  68 GTLB8A   1700 1749     A     .241         0
  68 GTLB8A   1725 1774     A     .266         0
  72 GTLB10A  1750 1799     A     .230         0
  72 GTLB10A  1775 1824     A     .248         0
  72 GTLB10A  1900 1949     B     .340        -6      .347   .007
  72 GTLB10A  1950 1999     A     .273         0
  73 GTLB10B  1850 1899     A     .317         0
  73 GTLB10B  1875 1924     B     .291        -4      .293   .002  weak at every lag
  73 GTLB10B  1900 1949     B     .295        -6      .307   .012  weak at every lag
  73 GTLB10B  1950 1999     A     .226         0
  74 GTLB12A  1900 1949     A     .243         0
  74 GTLB12A  1925 1974     B     .279        -1      .281   .002  weak at every lag
  74 GTLB12A  1950 1999     A     .311         0
  75 GTLB12B  1725 1774     B     .303         9      .328   .025
  75 GTLB12B  1800 1849     A     .287         0
  76 GTLB13A  1775 1824     B     .129        -9      .225   .095  weak at every lag
  77 GTLB13B  1725 1774     A     .321         0
  78 GTLB14A  1775 1824     A     .304         0
  80 GTB15AE  1700 1749     A     .278         0
  80 GTB15AE  1850 1899     B     .179         2      .393   .214
  84 GTLB16A  1775 1824     A     .314         0
  84 GTLB16A  1875 1924     A     .310         0
  86 GTLB17A  1850 1899     A     .289         0
  86 GTLB17A  1875 1924     A     .319         0
  91 GTLB19A  1700 1749     B     .195        -7      .275   .080  weak at every lag
  91 GTLB19A  1725 1774     A     .312         0
  93 GTLB20A  1900 1949     B     .216         2      .229   .012  weak at every lag
  93 GTLB20A  1925 1974     A     .324         0
  93 GTLB20A  1950 1999     B     .286         2      .343   .057
  94 GTLB20B  1950 1999     B     .135         6      .155   .020  weak at every lag
  98 GTLB22B  1825 1874     B     .361        -2      .378   .017
  99 GTLB23A  1900 1949     B     .051        -3      .338   .287
 101 GTLB24A  1775 1824     B     .268         6      .294   .026  weak at every lag
 101 GTLB24A  1925 1974     A     .313         0
 101 GTLB24A  1950 1999     B     .229         2      .354   .125
 105 GTLB26A  1900 1949     A     .312         0
 108 NHLA1B   1900 1949     B     .205         6      .296   .091  weak at every lag
 109 NHLA2A   1950 1999     B     .139         7      .383   .244
 110 NHLA2B   1925 1974     B     .253         6      .259   .007  weak at every lag
 110 NHLA2B   1950 1999     A     .284         0
 114 NHLA4B   1925 1974     A     .293         0
 114 NHLA4B   1950 1999     A     .310         0
 116 NHLA5B   1950 1999     B     .334         1      .449   .115
 119 NHLA7A   1950 1999     A     .318         0
 120 NHLA7B   1950 1999     B     .200         7      .203   .003  weak at every lag
 122 NHLA8B   1950 1999     A     .237         0
 123 NHLA9A   1925 1974     A     .285         0
 124 NHLA9B   1900 1949     B     .156       -10      .264   .108  weak at every lag
 127 NHLA11A  1725 1774     A     .254         0
 127 NHLA11A  1775 1824     B     .266        10      .366   .100
 127 NHLA11A  1850 1899     B     .298        -6      .351   .054
 127 NHLA11A  1875 1924     B     .118        -2      .313   .195  weak at every lag
 127 NHLA11A  1900 1949     B     .016        -2      .333   .317
 127 NHLA11A  1950 1999     A     .270         0
 128 NHLA11B  1750 1799     B     .234       -10      .311   .077  weak at every lag
 128 NHLA11B  1775 1824     B     .255        -3      .287   .032  weak at every lag
 128 NHLA11B  1900 1949     A     .191         0
 130 NHLA12B  1950 1999     B    -.088         3      .182   .270  weak at every lag
 135 NHLA15A  1950 1999     B     .240        10      .273   .033  weak at every lag
 136 NHLA15B  1950 1999     A     .266         0
 137 NHLA16A  1825 1874     A     .214         0
 137 NHLA16A  1900 1949     A     .263         0
 138 NHLA16B  1900 1949     A     .271         0
 139 NHLA17A  1900 1949     B     .141         1      .287   .146  weak at every lag
 140 NHLA17B  1900 1949     B     .272        -8      .366   .094
 143 NHLA19A  1900 1949     B     .144        -7      .334   .189
 144 NHLA19B  1850 1899     A     .316         0
 144 NHLA19B  1875 1924     B     .348         8      .370   .022
 144 NHLA19B  1900 1949     B     .218        -8      .267   .049  weak at every lag
 145 NHLA20A  1900 1949     B     .190         5      .225   .036  weak at every lag
 146 NHLA20B  1875 1924     B     .201         1      .319   .118  weak at every lag
 147 NHLB1A   1700 1749     B     .192         4      .297   .105  weak at every lag
 147 NHLB1A   1950 1999     A     .320         0
 149 NHB2AE   1750 1799     A     .317         0
 150 NHB2AL   1900 1949     A     .323         0
 152 NHB3AE   1700 1749     B     .302        -3      .334   .031
 156 NHLB4A   1700 1749     B     .232         2      .287   .055  weak at every lag
 156 NHLB4A   1900 1949     A     .216         0
 157 NHB4BE   1700 1749     A     .310         0
 159 NHLB5A   1775 1824     B     .167        -4      .206   .038  weak at every lag
 159 NHLB5A   1900 1949     A     .243         0
 161 NHLB6A   1900 1949     A     .293         0
 161 NHLB6A   1925 1974     A     .228         0
 163 NHB6BL   1900 1949     B     .117        -7      .314   .197  weak at every lag
 163 NHB6BL   1925 1974     B     .210       -10      .383   .172
 164 NHLB7A   1825 1874     B     .183         6      .318   .135  weak at every lag
 164 NHLB7A   1850 1899     A     .245         0
 164 NHLB7A   1875 1924     A     .214         0
 164 NHLB7A   1900 1949     B     .226         6      .246   .020  weak at every lag
 165 NHB7BE   1725 1774     A     .245         0
 165 NHB7BE   1750 1799     A     .284         0
 167 NHLB8A   1700 1749     A     .250         0
 167 NHLB8A   1850 1899     A     .238         0
 167 NHLB8A   1875 1924     B     .196         2      .323   .126  weak at every lag
 167 NHLB8A   1900 1949     A     .261         0
 167 NHLB8A   1925 1974     B     .207         2      .208   .001  weak at every lag
 167 NHLB8A   1950 1999     A     .225         0
 168 NHLB8B   1700 1749     B     .078         4      .351   .273
 168 NHLB8B   1725 1774     A     .292         0
 168 NHLB8B   1850 1899     A     .236         0
 168 NHLB8B   1875 1924     B     .122         8      .316   .194  weak at every lag
 171 NHB10AE  1800 1849     B     .218         9      .223   .005  weak at every lag
 172 NHB10AL  1950 1999     B     .210         8      .242   .032  weak at every lag
 174 NHB10BL  1950 1999     B     .252         9      .262   .010  weak at every lag
 175 NHLB11A  1750 1799     B     .158        -1      .478   .320
 175 NHLB11A  1775 1824     B     .069        -4      .217   .147  weak at every lag
 176 NHB11BL  1825 1874     A     .221         0
 176 NHB11BL  1850 1899     B     .163         6      .210   .047  weak at every lag
 176 NHB11BL  1875 1924     B     .071        -6      .229   .158  weak at every lag
 179 NHLB13A  1800 1849     A     .261         0
 179 NHLB13A  1900 1949     A     .322         0
 181 NHLB14A  1900 1949     A     .283         0
 183 NHLB15A  1900 1949     B     .171        -2      .218   .047  weak at every lag
 183 NHLB15A  1925 1974     A     .199         0
 183 NHLB15A  1950 1999     B     .103        -4      .312   .209  weak at every lag
 185 NHLB16A  1850 1899     A     .285         0
 185 NHLB16A  1875 1924     B     .218       -10      .248   .030  weak at every lag
 185 NHLB16A  1900 1949     B     .316       -10      .444   .128
 185 NHLB16A  1925 1974     A     .319         0
 186 NHB16BL  1850 1899     B     .242         3      .362   .120
 186 NHB16BL  1875 1924     B     .078        -1      .202   .124  weak at every lag
 186 NHB16BL  1900 1949     B     .103        -8      .248   .146  weak at every lag
 186 NHB16BL  1925 1974     B     .286        -8      .296   .010  weak at every lag
 187 NHLB17A  1825 1874     A     .296         0
 187 NHLB17A  1900 1949     A     .217         0
 187 NHLB17A  1925 1974     B     .256       -10      .380   .124
 187 NHLB17A  1950 1999     B     .328         2      .365   .037
 188 NHLB17B  1825 1874     B     .260        -2      .287   .027  weak at every lag
 188 NHLB17B  1850 1899     A     .311         0
 188 NHLB17B  1950 1999     A     .233         0
 189 NHLB18A  1750 1799     A     .293         0
 189 NHLB18A  1775 1824     A     .236         0
 189 NHLB18A  1850 1899     B     .156         8      .303   .147  weak at every lag
 189 NHLB18A  1875 1924     B     .149         9      .260   .111  weak at every lag
 189 NHLB18A  1900 1949     A     .216         0
 189 NHLB18A  1925 1974     B     .232         2      .330   .097
 190 NHLB18B  1850 1899     A     .308         0
 190 NHLB18B  1875 1924     B     .226         2      .240   .013  weak at every lag
 190 NHLB18B  1900 1949     A     .309         0
 190 NHLB18B  1925 1974     B     .238        -8      .287   .049  weak at every lag
 190 NHLB18B  1950 1999     B     .315         2      .328   .014
 191 NHLB19A  1775 1824     B     .228        -4      .296   .068  weak at every lag
 191 NHLB19A  1850 1899     A     .313         0
 192 NHLB19B  1775 1824     B     .177        -3      .268   .092  weak at every lag
 192 NHLB19B  1900 1949     A     .276         0
 192 NHLB19B  1925 1974     A     .319         0
 193 NHLB20A  1900 1949     A     .288         0
 195 NHLB21A  1950 1999     A     .243         0
 196 NHB21BE  1775 1824     B     .204        -5      .302   .098  weak at every lag
 196 NHB21BE  1800 1849     B     .281        -2      .395   .115
 196 NHB21BE  1825 1874     B     .398        -2      .442   .045
 196 NHB21BE  1850 1899     B     .166        -2      .310   .144  weak at every lag
 197 NHB21BL  1925 1974     A     .204         0
 197 NHB21BL  1950 1999     A     .255         0
 199 NHLB22B  1700 1749     A     .321         0
 199 NHLB22B  1775 1824     B     .333         3      .370   .036
 200 NHLB23A  1800 1849     A     .297         0
 200 NHLB23A  1900 1949     B     .257        -9      .289   .033  weak at every lag
 206 PCRA2    1900 1949     B     .091        -1      .212   .122  weak at every lag
 207 PCRA4    1900 1949     B     .157        -1      .321   .164  weak at every lag
 210 PCRA2A   1875 1924     A     .282         0
 210 PCRA2A   1900 1949     B     .032         8      .166   .134  weak at every lag
 211 PCRA2B   1875 1924     B     .238        -2      .256   .017  weak at every lag
 211 PCRA2B   1900 1949     B     .240        -2      .277   .037  weak at every lag
 213 PCRA5A   1900 1949     B     .043        -4      .346   .303
 213 PCRA5A   1925 1974     A     .318         0
 214 PCRA5B   1875 1924     A     .244         0
 214 PCRA5B   1900 1949     B    -.190         2      .220   .410  weak at every lag
 214 PCRA5B   1925 1974     A     .275         0
 215 PCRA6B   1925 1974     A     .277         0
 216 PCRA7A   1900 1949     A     .285         0
 217 PCRA7B   1875 1924     B     .428        10      .442   .014
 217 PCRA7B   1900 1949     B     .134        -7      .337   .203
 218 PCRA8A   1925 1974     A     .325         0
 219 PCRA8B   1875 1924     A     .311         0
 219 PCRA8B   1900 1949     B     .026        -7      .204   .179  weak at every lag
 220 PCRA9A   1900 1949     A     .295         0
 223 PCRA10B  1875 1924     B     .154        -5      .254   .100  weak at every lag
 223 PCRA10B  1900 1949     B     .128        -7      .252   .124  weak at every lag
 225 PCRA11B  1900 1949     B     .084        -5      .359   .275
 227 PCRA12B  1900 1949     B     .193         7      .336   .143
 227 PCRA12B  1925 1974     B     .210         7      .375   .165
 228 PCRA13A  1925 1974     A     .316         0
 229 PCRA13B  1900 1949     B     .064         7      .277   .213  weak at every lag
 233 PCRA15B  1900 1949     A     .207         0
 233 PCRA15B  1925 1974     A     .323         0
 234 PCRA16A  1900 1949     B     .160        -9      .208   .048  weak at every lag
 237 PCRA17B  1900 1949     B     .160         2      .198   .038  weak at every lag
 242 PCRA20A  1900 1949     B     .250        10      .262   .012  weak at every lag
 246 PCRA22A  1925 1974     B     .348         1      .381   .032
 247 PCRA22B  1925 1974     A     .236         0
 247 PCRA22B  1950 1999     B     .333         3      .361   .028
 250 PCRA24B  1725 1774     B     .267         2      .310   .043  weak at every lag
 250 PCRA24B  1750 1799     A     .280         0
 251 PCRA25A  1950 1999     A     .262         0
 253 PCRB1    1900 1949     B     .163        -9      .235   .072  weak at every lag
 253 PCRB1    1925 1974     A     .307         0
 260 PCRB3B   1900 1949     A     .300         0
 261 PCRB4A   1925 1974     B     .285        -4      .302   .017  weak at every lag
 261 PCRB4A   1950 1999     A     .317         0
 262 PCRB4B   1925 1974     B     .295        -4      .345   .051
 268 PCB7BE   1750 1799     B     .222         6      .247   .025  weak at every lag
 268 PCB7BE   1775 1824     B     .110         6      .297   .187  weak at every lag
 271 PCRB8B   1900 1949     B     .150        -2      .227   .077  weak at every lag
 271 PCRB8B   1925 1974     B     .225         8      .261   .036  weak at every lag
 271 PCRB8B   1950 1999     A     .316         0
 272 PCRB9A   1950 1999     B     .268         1      .272   .004  weak at every lag
 275 PCRB10B  1925 1974     A     .287         0
 276 PCRB11A  1950 1999     A     .305         0
 277 PCRB11B  1950 1999     A     .274         0
 278 PCRB12A  1900 1949     A     .241         0
 279 PCRB12B  1900 1949     A     .201         0
 280 PCRB13A  1950 1999     B     .151       -10      .319   .168  weak at every lag
 285 PCRB15B  1950 1999     A     .316         0
 286 PCRB16A  1950 1999     A     .260         0
 287 PCRB16B  1850 1899     A     .325         0
 287 PCRB16B  1900 1949     B     .148        -9      .257   .109  weak at every lag
 287 PCRB16B  1925 1974     A     .322         0
 287 PCRB16B  1950 1999     B     .167        10      .211   .043  weak at every lag
 288 PCRB17A  1950 1999     A     .308         0
 289 PCRB17B  1950 1999     A     .327         0
 292 PCRB19A  1900 1949     B     .242        -7      .257   .015  weak at every lag
 295 PCRB20B  1925 1974     B     .264         1      .331   .067
 303 PCRB24B  1900 1949     B     .192        -2      .302   .111  weak at every lag
 303 PCRB24B  1925 1974     A     .246         0
 305 PCRB25B  1875 1924     A     .296         0
 305 PCRB25B  1900 1949     A     .302         0
 306 SCRA1A   1900 1949     B     .235         1      .275   .041  weak at every lag
 306 SCRA1A   1925 1974     B     .117         1      .456   .339
 306 SCRA1A   1950 1999     B     .130         1      .265   .134  weak at every lag
 307 SCRA1B   1925 1974     B     .323         1      .385   .062
 307 SCRA1B   1950 1999     B     .291         1      .416   .124
 308 SCRA2A   1925 1974     A     .253         0
 308 SCRA2A   1950 1999     B     .228        -4      .345   .117
 309 SCRA2B   1900 1949     B     .281         1      .516   .235
 309 SCRA2B   1925 1974     A     .285         0
 312 SCRA4A   1925 1974     A     .253         0
 313 SCRA4B   1900 1949     B     .039         1      .257   .218  weak at every lag
 313 SCRA4B   1925 1974     B     .102         4      .290   .188  weak at every lag
 313 SCRA4B   1950 1999     A     .255         0
 314 SCRA5A   1950 1999     A     .274         0
 315 SCRA5B   1900 1949     A     .286         0
 315 SCRA5B   1950 1999     B     .400        -3      .426   .026
 316 SCRA6A   1925 1974     B     .245        -4      .279   .034  weak at every lag
 316 SCRA6A   1950 1999     A     .304         0
 318 SCRA7B   1925 1974     A     .256         0
 318 SCRA7B   1950 1999     A     .328         0
 319 SCRA8A   1925 1974     B     .232         1      .278   .046  weak at every lag
 319 SCRA8A   1950 1999     B     .114         4      .211   .096  weak at every lag
 320 SCRA8B   1900 1949     A     .309         0
 320 SCRA8B   1925 1974     B     .257        -5      .284   .028  weak at every lag
 320 SCRA8B   1950 1999     B     .147         4      .251   .104  weak at every lag
 321 SCRA9A   1900 1949     B     .200         1      .294   .094  weak at every lag
 321 SCRA9A   1925 1974     A     .298         0
 321 SCRA9A   1950 1999     B     .232         4      .311   .079  weak at every lag
 322 SCRA9B   1925 1974     B     .171         1      .352   .181
 322 SCRA9B   1950 1999     B     .072         8      .295   .223  weak at every lag
 323 SCRA10A  1925 1974     B     .134        -4      .220   .085  weak at every lag
 324 SCRA10B  1900 1949     B     .086        -6      .163   .076  weak at every lag
 325 SCRA11A  1925 1974     A     .293         0
 326 SCRA12A  1925 1974     A     .198         0
 327 SCRA12B  1925 1974     B     .185        -4      .237   .051  weak at every lag
 327 SCRA12B  1950 1999     B     .279        -3      .312   .033  weak at every lag
 329 SCRA13B  1900 1949     B     .094         9      .215   .122  weak at every lag
 330 SCRA14A  1925 1974     B     .301         8      .310   .010  weak at every lag
 331 SCRA14B  1925 1974     B     .201         8      .279   .077  weak at every lag
 331 SCRA14B  1950 1999     B     .217       -10      .385   .168
 332 SCRA15A  1925 1974     B     .216        -3      .342   .126
 332 SCRA15A  1950 1999     B     .197        -3      .348   .150
 333 SCRA16A  1925 1974     A     .327         0
 334 SCRA16B  1925 1974     A     .290         0
 335 SCRA17A  1925 1974     B     .188         5      .194   .006  weak at every lag
 335 SCRA17A  1950 1999     B     .294         1      .330   .036
 336 SCRA17B  1925 1974     B     .139         1      .472   .334
 336 SCRA17B  1950 1999     B     .184         1      .442   .258
 338 SCRA18B  1900 1949     B     .174         1      .188   .015  weak at every lag
 338 SCRA18B  1925 1974     B     .306         1      .380   .074
 340 SCRA20B  1900 1949     A     .319         0
 343 SCRA22A  1900 1949     B     .274         3      .291   .017  weak at every lag
 344 SCRA22B  1900 1949     A     .327         0
 346 SCRA23B  1900 1949     B     .046        -5      .242   .197  weak at every lag
 346 SCRA23B  1925 1974     B     .214         6      .248   .034  weak at every lag
 349 SCRA25A  1925 1974     A     .326         0
 350 SCRA25B  1900 1949     B     .258        -2      .311   .053  weak at every lag
 356 SCRB2B   1925 1974     A     .204         0
 357 SCRB3A   1875 1924     B     .022        -2      .283   .261  weak at every lag
 359 SCRB4A   1875 1924     A     .200         0
 359 SCRB4A   1900 1949     B     .141        -1      .283   .142  weak at every lag
 359 SCRB4A   1950 1999     A     .303         0
 360 SCRB4B   1875 1924     B     .199         3      .334   .134
 360 SCRB4B   1900 1949     B     .173         7      .189   .016  weak at every lag
 366 SHLA3    1700 1749     B     .085         7      .400   .315
 366 SHLA3    1725 1774     B     .288        -9      .355   .067
 366 SHLA3    1750 1799     A     .301         0
 366 SHLA3    1825 1874     B     .237         8      .336   .098
 366 SHLA3    1900 1949     A     .248         0
 367 SHLA4    1925 1974     B     .197        10      .223   .025  weak at every lag
 368 SHLA1A   1925 1974     A     .293         0
 370 SHLA2A   1700 1749     B     .304        -7      .346   .043
 370 SHLA2A   1725 1774     B     .287         9      .360   .073
 371 SHLA2B   1700 1749     A     .328         0
 371 SHLA2B   1925 1974     B     .346         6      .361   .014
 374 SHLA4A   1750 1799     A     .312         0
 374 SHLA4A   1850 1899     A     .256         0
 374 SHLA4A   1900 1949     A     .285         0
 376 SHA4BL   1825 1874     A     .308         0
 377 SHLA5A   1850 1899     B     .133         4      .302   .169  weak at every lag
 381 SHLA7A   1700 1749     B     .306         8      .331   .025
 381 SHLA7A   1925 1974     B     .259        -3      .372   .113
 381 SHLA7A   1950 1999     B     .219         1      .377   .158
 383 SHLA8A   1700 1749     B    -.029        -7      .375   .404
 383 SHLA8A   1725 1774     B     .217         1      .219   .002  weak at every lag
 385 SHLA9A   1775 1824     B     .268        -7      .317   .050  weak at every lag
 385 SHLA9A   1850 1899     A     .275         0
 388 SHLA10B  1950 1999     B     .058         5      .217   .158  weak at every lag
 392 SHLB8B   1825 1874     A     .291         0
 393 SHLB9A   1850 1899     A     .279         0
 393 SHLB9A   1875 1924     A     .277         0
 393 SHLB9A   1900 1949     A     .315         0
 394 SHLB9B   1875 1924     A     .256         0
 397 SHLB11A  1850 1899     B     .194         2      .332   .138
 397 SHLB11A  1875 1924     B     .170        -6      .302   .132  weak at every lag
 397 SHLB11A  1925 1974     B     .241         2      .308   .067  weak at every lag
 398 SHLB11B  1900 1949     B     .214         2      .299   .085  weak at every lag
 398 SHLB11B  1925 1974     A     .323         0
 401 SHLB13A  1750 1799     A     .303         0
 401 SHLB13A  1775 1824     B     .142        -8      .222   .080  weak at every lag
 401 SHLB13A  1800 1849     A     .266         0
 402 SHLB13B  1775 1824     B     .214       -10      .252   .038  weak at every lag
 402 SHLB13B  1800 1849     B     .124        -5      .186   .061  weak at every lag
 410 SHLB17B  1950 1999     A     .199         0
 413 SHLB19A  1925 1974     B     .114         8      .330   .215
 413 SHLB19A  1950 1999     B     .138         9      .233   .095  weak at every lag
 414 SHLB19B  1900 1949     B     .249         1      .302   .053  weak at every lag
 414 SHLB19B  1950 1999     A     .226         0
 431 SHLB28A  1900 1949     B     .190         3      .390   .200
 431 SHLB28A  1925 1974     B     .089         8      .379   .290
 432 SHLB28B  1900 1949     B     .252         3      .277   .025  weak at every lag
 432 SHLB28B  1925 1974     A     .200         0

 DESCRIPTIVE STATISTICS: mt180
-----------------------------------------------------------------------------------------------------------------------------------

                                                Corr   //-------- Unfiltered --------\\  //-- dplR filtered --\\
                           No.    No.    No.    with   Mean   Max     Std   Auto   Mean   Max     Std   Auto  AR
 Seq Series   Interval   Years  Segmt  Flags   Master  msmt   msmt    dev   corr   sens  value    dev   corr  ()
 --- -------- ---------  -----  -----  -----   ------ -----  -----  -----  -----  -----  -----  -----  -----  --
   1 GTLA2    1847 2011    165      5      0    .554    .63   1.34   .316   .906   .172   1.41   .157   .107   0
   2 GTLA4    1852 2010    159      4      0    .472    .74   1.59   .292   .849   .162   1.43   .148   .008   2
   3 GTLA5    1847 2010    164      5      0    .604    .90   1.66   .304   .851   .150   1.40   .155  -.009   1
   4 GTLA1A   1858 2011    154      4      0    .564    .25    .83   .198   .894   .290   2.05   .285  -.026   1
   5 GTLA1B   1853 2011    159      4      0    .542    .33   1.63   .321   .925   .215   1.76   .237  -.005   1
   6 GTLA2A   1859 2011    153      4      0    .580    .28   1.02   .202   .845   .293   1.84   .288   .038   1
   7 GTLA2B   1845 2011    167      5      1    .462    .20    .91   .152   .904   .290   2.02   .282   .022   1
   8 GTLA3A   1848 2011    164      5      1    .423    .32    .63   .112   .715   .206   1.63   .213  -.045   1
   9 GTLA3B   1844 2011    168      5      0    .461    .25    .59   .115   .774   .247   1.54   .245  -.016   1
  10 GTLA4A   1860 2011    152      4      0    .433    .34    .77   .127   .793   .189   1.58   .192  -.017   3
  11 GTLA4B   1850 2011    162      4      1    .470    .32    .69   .121   .795   .197   1.78   .196   .005   1
  12 GTLA5A   1865 2011    147      4      0    .430    .23    .82   .146   .790   .336   2.06   .304  -.039   3
  13 GTLA5B   1857 1983    127      3      0    .488    .24   1.32   .248   .929   .310   2.12   .314  -.039   1
  14 GTLA6A   1873 2011    139      3      0    .429    .25    .74   .144   .803   .241   2.00   .249  -.007   3
  15 GTLA6B   1858 2011    154      4      3    .304    .22   1.05   .174   .845   .307   1.66   .291   .002   2
  16 GTLA7A   1864 1987    124      3      1    .369    .30   1.27   .272   .964   .224   1.73   .251  -.038   1
  17 GTLA7B   1854 2011    158      4      0    .495    .39   1.71   .393   .943   .238   2.07   .255   .007   1
  18 GTLA8A   1879 2011    133      3      0    .532    .45   1.12   .241   .837   .195   1.47   .197  -.024   1
  19 GTLA8B   1870 2011    142      4      0    .550    .46   1.31   .238   .816   .223   1.61   .234  -.001   2
  20 GTLA9A   1863 1981    119      3      0    .474    .37   1.26   .324   .890   .236   1.48   .224   .097   3
  21 GTLA9B   1855 2011    157      4      1    .479    .30    .98   .239   .926   .214   1.66   .247   .050   1
  22 GTLA10A  1863 2011    149      4      0    .477    .24    .79   .161   .800   .281   2.08   .274   .022   1
  23 GTLA10B  1843 2011    169      5      0    .492    .27    .77   .167   .896   .217   1.66   .230   .010   1
  24 GTLA11A  1870 2011    142      4      0    .549    .44   1.25   .206   .792   .222   1.63   .227  -.028   1
  25 GTLA11B  1871 2011    141      4      0    .495    .42   1.22   .211   .856   .211   2.05   .223   .011   2
  26 GTLA12A  1859 2007    149      4      2    .374    .24   1.43   .257   .933   .317   1.79   .290   .047   1
  27 GTLA12B  1860 2005    146      4      1    .483    .23   1.01   .208   .926   .284   1.81   .300   .028   1
  28 GTLA13A  1871 2010    140      4      0    .447    .39   1.33   .296   .927   .176   1.62   .179  -.009   1
  29 GTLA13B  1852 2011    160      4      1    .485    .37   1.17   .279   .928   .234   1.57   .217  -.006   1
  30 GTLA14A  1938 2009     72      1      0    .401    .45    .87   .151   .598   .211   1.62   .228   .003   2
  31 GTLA14B  1925 2010     86      1      0    .324    .45    .86   .174   .734   .241   1.81   .263   .009   1
  32 GTLA15A  1938 2011     74      1      0    .659    .58    .96   .144   .449   .212   1.46   .203  -.035   1
  33 GTLA15B  1929 2011     83      1      0    .603    .52   1.02   .167   .621   .224   1.39   .211  -.039   3
  34 GTLA16A  1873 2010    138      4      0    .411    .29   1.05   .187   .919   .170   1.50   .180  -.045   1
  35 GTLA16B  1847 1956    110      3      3    .108    .41   1.03   .222   .873   .237   1.52   .236  -.005   3
  36 GTLA17A  1890 2011    122      3      0    .537    .24    .66   .126   .877   .183   1.47   .188  -.009   1
  37 GTLA17B  1860 2011    152      4      1    .313    .25    .64   .132   .878   .197   1.67   .219   .044   1
  38 GTLA18A  1895 2011    117      3      1    .451    .38    .98   .237   .945   .171   1.61   .180  -.006   1
  39 GTLA18B  1873 2011    139      4      1    .378    .33    .85   .142   .734   .225   1.53   .236   .014   1
  40 GTLA20A  1863 2011    149      4      0    .443    .28   1.42   .263   .852   .273   1.89   .302   .042   1
  41 GTLA20B  1853 2011    159      4      0    .406    .24   1.01   .231   .849   .299   2.24   .326  -.007   1
  42 GTLA21A  1870 2011    142      4      3    .408    .30   1.37   .218   .864   .281   1.83   .287   .034   1
  43 GTLA21B  1843 2011    169      5      3    .358    .34   1.20   .260   .903   .264   1.74   .270   .049   1
  44 GTLA22A  1896 2011    116      3      1    .406    .20    .77   .150   .815   .255   1.90   .263   .002   1
  45 GTLA22B  1881 2011    131      3      2    .364    .21    .57   .110   .809   .251   1.62   .252   .087   1
  46 GTLA23A  1877 2011    135      3      0    .410    .25   1.11   .210   .886   .292   2.25   .311  -.029   1
  47 GTLA23B  1878 2011    134      3      0    .549    .19    .97   .143   .806   .303   1.96   .291   .043   1
  48 GTLA24A  1896 2011    116      3      0    .516    .30    .90   .188   .868   .232   1.80   .241   .070   3
  49 GTLA24B  1855 2011    157      4      2    .450    .18    .68   .119   .766   .333   2.06   .320   .027   2
  50 GTLA25A  1921 2011     91      2      1    .341    .53   1.18   .194   .767   .187   1.58   .204   .043   1
  51 GTLA25B  1910 2011    102      2      2    .243    .61   1.45   .239   .751   .214   1.78   .234   .047   3
  52 GTLA26A  1913 2011     99      2      0    .498    .65   1.59   .282   .822   .206   1.77   .216   .052   1
  53 GTLA26B  1909 2011    103      2      0    .523    .80   1.50   .286   .805   .171   1.58   .192   .060   1
  54 GTLB1A   1724 2011    288     10      1    .558    .25    .92   .203   .933   .213   1.53   .204  -.016   1
  55 GTLB1B   1734 2011    278      9      0    .635    .27   1.42   .245   .916   .219   1.62   .224  -.012   1
  56 GTLB2A   1743 2011    269      9      2    .398    .20    .51   .094   .814   .230   1.69   .216  -.008   3
  57 GTLB2B   1768 2011    244      8      0    .481    .24    .71   .132   .864   .226   1.89   .223  -.003   3
  58 GTLB3A   1764 2011    248      8      1    .439    .23    .85   .122   .827   .207   1.77   .220   .001   2
  59 GTLB3B   1781 2011    231      7      1    .443    .42   1.74   .274   .887   .265   1.65   .253   .009   1
  60 GTLB4A   1690 2011    322     11      1    .556    .27   1.24   .213   .952   .177   1.57   .175   .003   2
  61 GTLB4B   1698 2011    314     11      1    .406    .24   1.45   .217   .929   .182   2.13   .189  -.002   2
  62 GTLB5A   1754 2011    258      8      1    .492    .21    .90   .176   .914   .221   1.63   .217   .001   2
  63 GTLB5B   1691 2011    321     11      2    .454    .18    .96   .135   .879   .270   2.04   .262   .018   3
  64 GTLB6A   1924 2011     88      2      1    .346   1.00   2.52   .414   .686   .223   1.71   .234   .035   1
  65 GTLB6B   1867 2011    145      4      2    .254    .74   3.14   .693   .930   .246   1.57   .237   .070   1
  66 GTLB7A   1929 2011     83      1      0    .390    .47   1.28   .284   .877   .244   1.52   .256   .018   1
  67 GTLB7B   1901 2011    111      2      0    .348    .43   1.36   .294   .925   .227   1.88   .273   .035   1
  68 GTLB8A   1696 2011    316     11      2    .430    .19    .75   .135   .890   .229   1.67   .229  -.015   3
  69 GTLB8B   1678 2010    333     11      0    .497    .25   1.06   .171   .900   .216   1.68   .227   .058   1
  70 GTLB9A   1806 2011    206      6      0    .552    .23    .68   .108   .861   .190   1.60   .181  -.007   3
  71 GTLB9B   1707 2011    305     10      0    .509    .21    .70   .111   .781   .227   2.12   .223  -.019   1
  72 GTLB10A  1743 2011    269      9      4    .421    .36   1.27   .199   .879   .178   1.55   .185   .022   3
  73 GTLB10B  1740 2011    272      9      4    .382    .32   1.02   .171   .861   .188   1.61   .193   .008   1
  74 GTLB12A  1710 2011    302     10      3    .437    .23   1.00   .189   .916   .214   1.72   .207   .001   3
  75 GTLB12B  1706 2010    305     10      2    .454    .26    .95   .190   .918   .180   1.64   .190  -.029   1
  76 GTLB13A  1753 2011    259      8      1    .454    .40    .95   .154   .842   .172   1.62   .172   .017   2
  77 GTLB13B  1720 2011    292     10      1    .443    .35    .94   .142   .857   .182   1.45   .181  -.031   3
  78 GTLB14A  1689 2011    323     11      1    .463    .27    .96   .207   .957   .200   1.57   .197   .010   2
  79 GTLB14B  1667 2011    345     11      0    .506    .32   1.63   .269   .957   .186   1.61   .191  -.011   3
  80 GTB15AE  1674 1923    250      7      2    .331    .30   1.78   .319   .943   .244   1.68   .229   .011   1
  81 GTB15AL  1950 2011     62      1      0    .532    .13    .33   .088   .706   .377   1.57   .323   .169   0
  82 GTB15BE  1652 1931    280      8      0    .393    .29   1.34   .263   .909   .223   1.74   .233   .022   1
  83 GTB15BL  1944 2011     68      1      0    .510    .26    .96   .215   .889   .255   1.50   .227   .111   0
  84 GTLB16A  1689 2011    323     11      2    .487    .36   1.57   .363   .946   .205   1.73   .201  -.008   1
  85 GTLB16B  1691 2011    321     11      0    .526    .35   2.21   .335   .936   .187   1.64   .188  -.020   1
  86 GTLB17A  1816 2011    196      6      2    .437    .35   1.92   .353   .927   .221   2.59   .278  -.010   3
  87 GTLB17B  1796 2011    216      7      0    .524    .28   1.93   .361   .965   .201   1.84   .203  -.003   1
  88 GTLB18A  1685 2011    327     11      0    .519    .22   1.14   .206   .942   .203   1.66   .205   .000   2
  89 GTB18BE  1692 1779     88      2      0    .447    .22    .52   .121   .849   .211   1.48   .211   .028   1
  90 GTB18BL  1960 2011     52      0      0    .616    .42   1.32   .382   .964   .203   1.67   .232  -.034   2
  91 GTLB19A  1689 2011    323     11      2    .385    .27   1.02   .173   .919   .165   2.09   .187  -.033   3
  92 GTLB19B  1670 2011    342     11      0    .455    .31   1.01   .167   .910   .170   1.51   .183  -.014   3
  93 GTLB20A  1702 2011    310     10      3    .482    .34    .95   .154   .892   .157   1.49   .164   .019   2
  94 GTLB20B  1712 2011    300     10      1    .413    .28    .74   .125   .846   .186   1.98   .195  -.011   3
  95 GTLB21A  1690 2011    322     11      0    .498    .29   1.07   .214   .958   .135   1.34   .133  -.016   1
  96 GTLB21B  1657 2011    355     11      0    .418    .34   1.59   .245   .932   .174   1.59   .174   .008   2
  97 GTLB22A  1704 2011    308     10      0    .500    .28   1.25   .247   .954   .199   1.53   .192   .003   1
  98 GTLB22B  1688 2011    324     11      1    .437    .27    .96   .194   .932   .183   1.60   .183   .005   1
  99 GTLB23A  1708 2011    304     10      1    .523    .19    .72   .158   .903   .231   1.68   .212   .070   0
 100 GTLB23B  1694 2011    318     11      0    .508    .17    .82   .138   .891   .236   1.87   .231  -.003   1
 101 GTLB24A  1680 2011    332     11      3    .377    .30   1.82   .300   .931   .211   1.90   .207  -.021   1
 102 GTLB24B  1663 2011    349     11      0    .489    .28   1.43   .205   .922   .193   1.65   .193  -.011   1
 103 GTLB25A  1760 2011    252      8      0    .599    .22    .97   .156   .892   .235   1.61   .228   .011   2
 104 GTLB25B  1764 2011    248      8      0    .576    .30   1.37   .187   .898   .212   1.69   .211   .007   1
 105 GTLB26A  1725 2011    287      9      1    .550    .22    .86   .139   .920   .211   1.70   .205  -.024   1
 106 GTLB26B  1700 2011    312     10      0    .482    .25    .81   .136   .864   .205   1.67   .206   .015   3
 107 NHLA1A   1910 2012    103      2      0    .392    .66   1.92   .423   .905   .210   1.57   .230   .045   1
 108 NHLA1B   1877 2012    136      3      1    .315    .51   1.48   .315   .906   .236   1.61   .240   .033   2
 109 NHLA2A   1927 2012     86      1      1    .277    .54   1.52   .487   .954   .324   1.98   .315   .013   2
 110 NHLA2B   1917 2004     88      2      2    .335    .62   2.09   .492   .916   .288   2.05   .297  -.015   1
 111 NHLA3A   1928 2012     85      1      0    .365    .50   1.18   .301   .902   .206   1.63   .198   .021   1
 112 NHLA3B   1920 2012     93      2      0    .335    .50   1.09   .262   .868   .190   1.59   .204   .086   1
 113 NHLA4A   1929 2012     84      1      0    .469    .51   1.79   .359   .842   .325   2.29   .310   .031   3
 114 NHLA4B   1918 2012     95      2      2    .261    .43   1.42   .277   .834   .267   1.74   .284   .057   3
 115 NHLA5A   1937 2012     76      1      0    .385    .48   1.49   .387   .925   .211   1.95   .236   .015   2
 116 NHLA5B   1929 2012     84      1      1    .331    .39   1.37   .308   .883   .233   1.80   .265   .022   2
 117 NHLA6A   1931 2012     82      1      0    .379    .49   1.32   .326   .875   .224   2.19   .256   .049   3
 118 NHLA6B   1912 2012    101      2      0    .339    .38   1.04   .231   .801   .304   1.75   .281   .036   1
 119 NHLA7A   1935 2012     78      1      1    .321    .62   1.74   .418   .824   .267   1.61   .288   .045   1
 120 NHLA7B   1931 2012     82      1      1    .168    .68   1.50   .365   .749   .275   1.83   .282   .064   3
 121 NHLA8A   1934 2012     79      1      0    .230    .41    .87   .187   .622   .346   1.98   .350  -.049   2
 122 NHLA8B   1921 2012     92      2      1    .229    .47   1.12   .183   .511   .286   1.89   .311   .003   2
 123 NHLA9A   1915 1991     77      1      1    .320    .48   1.65   .344   .844   .253   1.79   .255   .003   3
 124 NHLA9B   1897 1991     95      2      1    .264    .42   1.33   .263   .846   .261   1.59   .241   .114   0
 125 NHLA10A  1939 2012     74      1      0    .499    .65   1.95   .420   .907   .204   1.81   .228  -.024   2
 126 NHLA10B  1925 2012     88      1      0    .418    .67   1.76   .295   .743   .229   1.73   .227   .041   2
 127 NHLA11A  1720 2008    289     10      6    .230    .18    .93   .124   .759   .289   2.20   .289  -.007   1
 128 NHLA11B  1724 2012    289      9      3    .379    .19    .78   .118   .831   .282   1.76   .278  -.003   3
 129 NHLA12A  1966 2012     47      0      0    .115    .56   1.05   .224   .739   .205   1.61   .212   .157   1
 130 NHLA12B  1943 2012     70      1      1    .017    .41   1.11   .227   .790   .281   2.94   .353   .078   1
 131 NHLA13A  1938 2012     75      1      0    .576    .51   1.34   .239   .770   .232   1.80   .263   .027   1
 132 NHLA13B  1923 2012     90      1      0    .434    .41   1.04   .226   .820   .243   2.01   .280  -.016   3
 133 NHLA14A  1868 2012    145      4      0    .541    .41   1.41   .231   .733   .223   2.22   .235   .015   1
 134 NHLA14B  1848 2012    165      5      0    .469    .38   1.08   .164   .744   .204   1.60   .225   .001   2
 135 NHLA15A  1940 2012     73      1      1    .289   1.06   2.10   .372   .565   .288   1.76   .267   .139   0
 136 NHLA15B  1945 2012     68      1      1    .339   1.14   2.10   .363   .662   .208   1.62   .230   .020   1
 137 NHLA16A  1802 2011    210      6      2    .305    .34   1.23   .156   .762   .208   2.10   .236   .004   2
 138 NHLA16B  1789 2001    213      7      1    .346    .25    .67   .122   .794   .222   2.35   .244   .051   1
 139 NHLA17A  1854 2012    159      4      1    .406    .51   1.77   .275   .914   .160   1.57   .164  -.028   3
 140 NHLA17B  1853 2012    160      4      1    .443    .64   1.38   .262   .860   .169   1.56   .173  -.016   3
 141 NHLA18A  1890 2012    123      3      0    .490    .48   1.05   .187   .646   .225   1.49   .232   .015   2
 142 NHLA18B  1870 2012    143      4      0    .439    .43   1.08   .193   .759   .253   1.78   .267   .038   1
 143 NHLA19A  1854 2012    159      4      1    .436    .38   1.07   .180   .861   .191   1.46   .191  -.005   1
 144 NHLA19B  1844 2012    169      5      3    .406    .41   1.41   .208   .842   .220   1.64   .220  -.012   1
 145 NHLA20A  1876 2012    137      3      1    .358    .39    .81   .159   .824   .190   1.68   .203   .027   1
 146 NHLA20B  1861 2012    152      4      1    .336    .36    .80   .145   .817   .210   1.98   .221   .047   1
 147 NHLB1A   1633 2012    380     11      2    .408    .25   1.49   .227   .958   .172   1.81   .175  -.008   1
 148 NHLB1B   1631 2012    382     11      0    .539    .28   1.26   .241   .947   .166   1.72   .177  -.009   1
 149 NHB2AE   1674 1805    132      3      1    .391    .22   1.00   .220   .928   .239   1.77   .243  -.003   2
 150 NHB2AL   1880 2012    133      3      1    .401    .21   1.14   .194   .839   .244   2.23   .279  -.016   3
 151 NHB2BL   1900 2012    113      2      0    .439    .23   1.04   .248   .945   .228   2.02   .242   .007   3
 152 NHB3AE   1620 1767    148      1      1    .438    .26   1.00   .205   .924   .173   1.54   .196  -.035   1
 153 NHB3AL   1950 2012     63      0      0    .533    .09    .19   .044   .807   .288   1.98   .294   .034   1
 154 NHB3BE   1617 1744    128      0      0    .212    .27   1.14   .199   .857   .183   1.41   .199   .009   1
 155 NHB3BL   1974 2012     39      0      0    .352    .14    .24   .055   .799   .189   1.43   .196   .181   1
 156 NHLB4A   1639 2012    374     11      2    .499    .21   1.40   .196   .955   .212   1.66   .208   .006   1
 157 NHB4BE   1621 1765    145      1      1    .414    .35   1.09   .260   .952   .170   1.68   .178   .025   1
 158 NHB4BL   1942 2012     71      1      0    .570    .32    .79   .232   .951   .231   1.58   .232   .027   1
 159 NHLB5A   1671 2012    342     11      2    .335    .23    .96   .115   .840   .196   1.82   .196  -.009   3
 160 NHLB5B   1659 2012    354     11      0    .403    .24   1.04   .115   .866   .197   1.65   .191  -.005   3
 161 NHLB6A   1633 2012    380     11      2    .383    .15    .90   .110   .857   .307   1.94   .294   .012   1
 162 NHB6BE   1628 1843    216      4      0    .371    .14    .88   .130   .863   .356   2.32   .333   .007   2
 163 NHB6BL   1870 2012    143      4      2    .391    .13    .42   .084   .858   .289   1.73   .259   .007   1
 164 NHLB7A   1807 2012    206      6      4    .331    .28   1.50   .291   .935   .287   1.79   .287   .015   2
 165 NHB7BE   1718 1831    114      3      2    .316    .14    .33   .063   .618   .323   1.79   .310   .022   1
 166 NHB7BL   1895 2012    118      3      0    .448    .48   2.87   .634   .940   .262   2.19   .323   .008   1
 167 NHLB8A   1687 2012    326     11      6    .352    .27   1.55   .265   .961   .173   1.59   .174  -.004   1
 168 NHLB8B   1671 2012    342     11      4    .327    .26   1.03   .190   .948   .152   1.55   .162  -.009   1
 169 NHLB9A   1872 2012    141      4      0    .428    .40   1.28   .247   .810   .286   1.91   .279   .020   3
 170 NHLB9B   1857 2012    156      4      0    .403    .49   1.28   .237   .753   .288   2.06   .311   .011   2
 171 NHB10AE  1791 1872     82      1      1    .186    .18    .56   .120   .872   .255   2.16   .307  -.014   1
 172 NHB10AL  1930 2012     83      1      1    .257    .19    .47   .105   .860   .215   1.74   .211   .007   1
 173 NHB10BE  1744 1839     96      2      0    .398    .21    .43   .104   .822   .290   1.73   .296  -.034   3
 174 NHB10BL  1930 2012     83      1      1    .303    .18    .41   .101   .822   .272   1.65   .283   .056   1
 175 NHLB11A  1708 2012    305     10      2    .382    .21   1.35   .195   .926   .255   1.92   .268   .016   1
 176 NHB11BL  1806 2012    207      6      3    .323    .30   1.42   .235   .904   .254   2.35   .286  -.024   3
 177 NHLB12A  1997 2012     16      0      0    .346   1.94   3.12   .623   .780   .169   1.34   .170   .177   0
 178 NHLB12B  1972 2012     41      0      0   -.058   1.05   3.13   .850   .796   .280  13.45  1.994   .789   0
 179 NHLB13A  1788 2012    225      7      2    .408    .25    .91   .136   .823   .225   2.18   .239  -.008   2
 180 NHLB13B  1747 2012    266      9      0    .452    .21    .74   .109   .828   .240   1.62   .234  -.012   1
 181 NHLB14A  1798 2012    215      7      1    .478    .36   1.25   .262   .919   .195   1.50   .186  -.005   1
 182 NHLB14B  1754 2012    259      8      0    .414    .33   1.53   .269   .932   .197   1.50   .200   .015   1
 183 NHLB15A  1790 2012    223      7      3    .275    .25    .82   .122   .755   .215   2.56   .256  -.013   1
 184 NHLB15B  1771 2012    242      8      0    .415    .23    .57   .104   .825   .199   1.64   .196  -.011   1
 185 NHLB16A  1804 2010    207      6      4    .394    .24    .84   .173   .888   .250   1.55   .230  -.009   1
 186 NHB16BL  1844 2012    169      5      4    .233    .21    .86   .182   .942   .235   2.04   .268   .023   1
 187 NHLB17A  1800 2012    213      6      4    .323    .34   1.18   .230   .907   .222   1.63   .230  -.019   3
 188 NHLB17B  1776 2012    237      7      3    .348    .29   1.68   .275   .914   .231   2.42   .248  -.013   1
 189 NHLB18A  1708 2012    305     10      6    .346    .29   1.52   .225   .905   .201   1.59   .188   .005   2
 190 NHLB18B  1684 2012    329     11      5    .352    .36   1.10   .208   .915   .187   1.85   .184   .011   2
 191 NHLB19A  1763 2012    250      8      2    .371    .24    .75   .125   .855   .181   1.95   .217  -.020   3
 192 NHLB19B  1749 2012    264      8      3    .359    .26    .88   .160   .904   .189   1.82   .205  -.044   3
 193 NHLB20A  1773 2012    240      7      1    .447    .33   1.58   .293   .932   .218   1.86   .221  -.012   3
 194 NHLB20B  1781 2012    232      7      0    .479    .39   2.02   .372   .945   .218   2.04   .242  -.017   3
 195 NHLB21A  1796 2012    217      7      1    .345    .18   1.05   .214   .953   .266   1.96   .264  -.013   3
 196 NHB21BE  1755 1899    145      4      4    .219    .16    .39   .078   .806   .269   1.76   .240   .014   0
 197 NHB21BL  1900 2012    113      2      2    .316    .20   1.32   .255   .945   .287   2.39   .300   .043   2
 198 NHLB22A  1745 2012    268      9      0    .522    .33   2.19   .363   .946   .208   1.70   .216  -.012   3
 199 NHLB22B  1638 2012    375     11      2    .425    .38   3.26   .448   .960   .202   1.83   .228   .024   1
 200 NHLB23A  1788 2012    225      7      2    .394    .39   1.05   .176   .860   .174   1.65   .175   .000   2
 201 NHLB23B  1792 2012    221      7      0    .444    .42   1.44   .260   .904   .183   1.99   .195   .009   2
 202 NHLB24A  1978 2012     35      0      0    .292    .98   1.71   .386   .820   .206   1.57   .206   .000   2
 203 NHLB24B  1908 2012    105      2      0    .353    .40   1.70   .420   .960   .243   1.75   .263   .016   2
 204 NHLB25A  1944 2012     69      1      0    .589    .66   1.31   .220   .526   .271   1.67   .258  -.059   1
 205 NHLB25B  1931 2012     82      1      0    .626    .57   1.17   .212   .659   .247   1.91   .255   .015   1
 206 PCRA2    1870 2012    143      4      1    .472    .80   1.52   .261   .775   .159   1.59   .193   .042   2
 207 PCRA4    1864 2012    149      4      1    .438   1.02   1.73   .299   .733   .183   1.42   .190   .010   3
 208 PCRA1A   1855 2010    156      4      0    .435    .43    .98   .225   .893   .200   1.51   .212   .026   2
 209 PCRA1B   1841 2009    169      5      0    .479    .46   1.28   .276   .919   .190   1.67   .204   .005   2
 210 PCRA2A   1838 1987    150      4      2    .324    .27    .98   .201   .911   .284   1.55   .251  -.021   1
 211 PCRA2B   1837 1984    148      4      2    .411    .26    .63   .128   .833   .240   1.66   .236  -.012   1
 212 PCRA3B   1880 2011    132      3      0    .310    .29    .68   .125   .838   .202   1.59   .218   .072   1
 213 PCRA5A   1860 2011    152      4      2    .369    .25    .70   .129   .837   .228   1.66   .224   .026   1
 214 PCRA5B   1839 2011    173      5      3    .301    .23    .65   .122   .853   .255   1.82   .237   .001   3
 215 PCRA6B   1839 2011    173      5      1    .386    .20    .79   .141   .816   .288   2.26   .331   .058   1
 216 PCRA7A   1869 2002    134      4      1    .446    .24    .67   .122   .855   .212   1.68   .205   .010   2
 217 PCRA7B   1846 2003    158      5      2    .468    .26    .70   .117   .744   .229   1.70   .234   .008   2
 218 PCRA8A   1908 2006     99      2      1    .313    .32    .68   .144   .860   .211   1.71   .231   .025   1
 219 PCRA8B   1873 2007    135      4      2    .342    .21    .55   .100   .719   .267   2.47   .314   .031   1
 220 PCRA9A   1888 2002    115      3      1    .396    .41    .97   .241   .931   .159   1.34   .155   .034   1
 221 PCRA9B   1866 2002    137      4      0    .427    .26   1.00   .142   .870   .196   1.59   .213   .050   1
 222 PCRA10A  1874 2012    139      3      0    .341    .37    .86   .175   .879   .193   1.61   .200   .008   2
 223 PCRA10B  1870 2012    143      4      2    .306    .34    .76   .135   .782   .193   1.86   .223  -.004   3
 224 PCRA11A  1876 2012    137      3      0    .492    .36    .71   .179   .873   .197   1.88   .226  -.012   1
 225 PCRA11B  1850 2012    163      4      1    .392    .36    .75   .166   .771   .265   1.86   .290  -.007   3
 226 PCRA12A  1910 2012    103      2      0    .380    .31    .99   .217   .839   .302   1.82   .292   .031   2
 227 PCRA12B  1879 2012    134      3      2    .367    .23    .65   .109   .677   .282   1.82   .288   .036   1
 228 PCRA13A  1899 2012    114      2      1    .243    .28    .96   .235   .932   .230   1.69   .242   .006   3
 229 PCRA13B  1875 2010    136      3      1    .300    .29    .82   .160   .861   .243   1.58   .241  -.008   3
 230 PCRA14A  1880 2011    132      3      0    .375    .53   1.36   .345   .943   .181   1.65   .204   .033   2
 231 PCRA14B  1888 2010    123      3      0    .467    .53   1.17   .331   .954   .144   1.63   .167   .106   1
 232 PCRA15A  1876 2009    134      3      0    .420    .25    .85   .184   .883   .241   1.62   .233   .008   1
 233 PCRA15B  1872 2009    138      4      2    .384    .24    .87   .194   .900   .269   1.61   .264   .036   1
 234 PCRA16A  1890 2012    123      3      1    .465    .57   1.00   .157   .650   .177   1.46   .190  -.027   3
 235 PCRA16B  1874 2012    139      4      0    .554    .52    .95   .165   .744   .174   1.56   .194   .041   1
 236 PCRA17A  1854 2011    158      4      0    .416    .35    .96   .196   .846   .256   1.94   .265   .011   1
 237 PCRA17B  1849 2010    162      5      1    .345    .28    .99   .188   .865   .249   1.72   .259   .057   1
 238 PCRA18A  1851 1978    128      3      0    .453    .33   1.47   .326   .951   .201   1.50   .195   .026   1
 239 PCRA18B  1843 1956    114      3      0    .368    .36   1.32   .240   .888   .226   1.52   .223   .036   1
 240 PCRA19A  1858 2009    152      4      0    .438    .26   1.02   .181   .909   .194   1.62   .201   .040   1
 241 PCRA19B  1856 1995    140      3      0    .420    .34   1.11   .219   .917   .185   1.43   .179   .043   3
 242 PCRA20A  1751 2011    261      8      1    .458    .32   1.43   .238   .926   .184   1.64   .180  -.018   3
 243 PCRA20B  1746 2011    266      9      0    .480    .29    .97   .196   .926   .180   1.48   .180  -.015   1
 244 PCRA21A  1742 2010    269      9      0    .557    .38    .96   .158   .848   .183   1.69   .188  -.012   1
 245 PCRA21B  1729 2011    283      9      0    .522    .44   1.02   .168   .797   .185   1.83   .195  -.015   1
 246 PCRA22A  1864 2011    148      4      1    .508    .51   1.23   .272   .870   .244   2.13   .260   .088   2
 247 PCRA22B  1855 2010    156      4      2    .346    .47   1.42   .291   .838   .223   1.91   .244   .088   1
 248 PCRA23A  1905 2011    107      2      0    .391    .36    .85   .177   .769   .260   1.87   .266  -.019   1
 249 PCRA23B  1900 2012    113      2      0    .497    .41    .88   .195   .810   .246   1.74   .261  -.020   1
 250 PCRA24B  1720 1869    150      4      2    .258    .30    .95   .153   .781   .212   2.53   .292   .071   3
 251 PCRA25A  1837 2012    176      5      1    .353    .42   1.16   .255   .887   .208   1.67   .221   .067   1
 252 PCRA25B  1826 2012    187      5      0    .384    .38    .92   .200   .811   .213   1.83   .240   .020   1
 253 PCRB1    1848 2012    165      5      2    .443    .85   1.57   .293   .775   .188   1.76   .195   .009   1
 254 PCRB3    1899 2011    113      3      0    .501   1.07   2.07   .561   .926   .157   1.41   .159  -.021   1
 255 PCRB1A   1962 2012     51      0      0    .319   1.16   2.08   .346   .760   .169   1.51   .195   .118   1
 256 PCRB1B   1961 2012     52      0      0    .420   1.14   2.27   .380   .674   .189   1.71   .226   .143   1
 257 PCRB2A   1964 2012     49      0      0    .551    .74   1.53   .257   .542   .246   1.59   .250  -.061   3
 258 PCRB2B   1928 2012     85      1      0    .409    .54   1.49   .261   .717   .270   1.71   .285  -.006   1
 259 PCRB3A   1904 2012    109      2      0    .445    .52   1.07   .215   .789   .209   1.70   .229   .037   2
 260 PCRB3B   1884 2012    129      3      1    .493    .51   1.42   .288   .800   .272   1.73   .269   .037   3
 261 PCRB4A   1894 2011    118      3      2    .464    .55   1.06   .206   .758   .222   1.63   .227   .016   1
 262 PCRB4B   1895 2012    118      3      1    .425    .55   1.05   .219   .755   .234   1.69   .243   .073   1
 263 PCRB5A   1902 2011    110      2      0    .346    .54   1.14   .201   .804   .176   1.59   .189   .027   2
 264 PCRB5B   1900 2011    112      2      0    .430    .68   1.42   .263   .816   .169   1.79   .196   .017   2
 265 PCRB6A   1875 2012    138      3      0    .538    .38    .79   .137   .728   .198   1.65   .213   .007   1
 266 PCRB6B   1863 2012    150      4      0    .499    .28    .56   .087   .442   .254   1.75   .238   .007   1
 267 PCB7AL   1900 2012    113      2      0    .416    .17    .55   .134   .937   .166   1.40   .177   .043   2
 268 PCB7BE   1747 1888    142      4      2    .414    .30    .67   .135   .910   .160   1.30   .155   .001   1
 269 PCB7BL   1904 2012    109      2      0    .432    .16    .62   .165   .961   .212   1.57   .218   .043   2
 270 PCRB8A   1975 2012     38      0      0    .416    .92   1.34   .345   .743   .204   1.53   .236   .158   1
 271 PCRB8B   1897 2012    116      3      3    .261    .31   1.15   .271   .906   .262   2.04   .282   .033   1
 272 PCRB9A   1945 2012     68      1      1    .307    .66   1.58   .468   .916   .261   2.78   .345   .075   3
 273 PCRB9B   1905 2012    108      2      0    .363    .45   1.60   .442   .942   .210   1.78   .240   .021   2
 274 PCRB10A  1956 2012     57      0      0    .270    .82   1.63   .441   .892   .203   1.60   .230  -.014   1
 275 PCRB10B  1917 2012     96      2      1    .283    .44   1.37   .407   .934   .242   1.68   .255   .064   1
 276 PCRB11A  1905 2012    108      2      1    .322    .56   1.71   .357   .914   .193   1.60   .214   .029   1
 277 PCRB11B  1890 2012    123      3      1    .341    .53   1.65   .346   .921   .188   1.60   .203   .058   2
 278 PCRB12A  1898 2012    115      3      1    .411    .30   1.15   .222   .890   .279   1.81   .292   .045   2
 279 PCRB12B  1882 2011    130      3      1    .390    .31    .83   .159   .868   .229   1.61   .225   .053   3
 280 PCRB13A  1932 2012     81      1      1    .211    .45   1.55   .341   .920   .202   1.52   .211   .019   1
 281 PCRB13B  1949 2012     64      0      0    .356    .66   1.75   .386   .885   .210   1.76   .257   .008   3
 282 PCRB14A  1950 2012     63      0      0    .670    .49   1.07   .269   .836   .250   1.45   .235  -.049   3
 283 PCRB14B  1931 2012     82      1      0    .381    .33    .91   .191   .823   .263   1.58   .262   .016   2
 284 PCRB15A  1953 2012     60      0      0    .468    .55   2.01   .353   .773   .321   1.86   .320   .035   1
 285 PCRB15B  1938 2012     75      1      1    .336    .46   1.50   .324   .866   .269   1.76   .289   .068   1
 286 PCRB16A  1891 2012    122      3      1    .343    .52   1.17   .246   .915   .157   1.40   .194   .067   1
 287 PCRB16B  1839 2012    174      5      4    .233    .50   1.04   .233   .868   .197   1.83   .236   .054   1
 288 PCRB17A  1905 2012    108      2      1    .358    .36    .84   .185   .836   .200   1.67   .210   .047   1
 289 PCRB17B  1925 2012     88      1      1    .372    .36    .76   .172   .870   .187   1.38   .187   .039   1
 290 PCRB18A  1957 2012     56      0      0    .207    .65   1.03   .190   .696   .174   1.38   .182  -.010   3
 291 PCRB18B  1957 2012     56      0      0    .288    .64   1.06   .240   .842   .165   1.39   .169   .111   3
 292 PCRB19A  1878 2012    135      3      1    .372    .50   1.27   .168   .581   .221   1.65   .209   .062   3
 293 PCRB19B  1878 2012    135      3      0    .317    .47   1.05   .165   .667   .213   1.89   .225   .007   1
 294 PCRB20A  1907 2012    106      2      0    .512    .66   1.07   .194   .718   .175   1.56   .210   .105   1
 295 PCRB20B  1916 2012     97      2      1    .399    .74   1.28   .235   .780   .167   1.63   .191   .127   2
 296 PCRB21A  1916 2012     97      2      0    .507    .45   1.57   .377   .905   .274   2.05   .297  -.034   1
 297 PCRB21B  1918 2012     95      2      0    .469    .44   1.40   .364   .902   .262   1.67   .277   .051   2
 298 PCRB22A  1985 2012     28      0      0    .555   1.15   1.87   .306   .468   .196   1.51   .211   .120   3
 299 PCRB22B  1977 2012     36      0      0    .460   1.04   1.94   .473   .779   .263   1.53   .261   .253   1
 300 PCRB23A  1915 2011     97      2      0    .518    .54   1.45   .295   .913   .162   1.61   .184   .084   2
 301 PCRB23B  1877 2011    135      3      0    .443    .42   1.46   .281   .914   .201   2.07   .222  -.004   2
 302 PCRB24A  1879 2012    134      3      0    .438    .40   1.77   .343   .917   .232   1.64   .238  -.016   3
 303 PCRB24B  1883 1994    112      2      2    .235    .28    .88   .151   .794   .250   1.64   .247   .009   1
 304 PCRB25A  1903 2012    110      2      0    .338    .42    .78   .141   .656   .232   1.67   .232   .056   1
 305 PCRB25B  1861 1951     91      2      2    .369    .36    .61   .106   .571   .210   1.60   .220  -.056   3
 306 SCRA1A   1874 2011    138      3      3    .087    .27   1.24   .206   .728   .353   2.32   .394  -.009   3
 307 SCRA1B   1918 2011     94      2      2    .314    .22   1.19   .173   .720   .341   2.33   .397   .037   2
 308 SCRA2A   1908 2011    104      2      2    .260    .32    .83   .183   .878   .206   1.87   .221   .063   1
 309 SCRA2B   1893 2011    119      3      2    .383    .31    .73   .144   .782   .221   1.71   .232   .051   1
 310 SCRA3A   1907 2008    102      2      0    .371    .39    .91   .138   .599   .231   1.54   .234   .020   2
 311 SCRA3B   1905 2009    105      2      0    .430    .36    .85   .144   .740   .218   1.77   .228   .042   1
 312 SCRA4A   1912 2011    100      2      1    .235    .39    .89   .142   .772   .173   1.72   .205   .024   1
 313 SCRA4B   1898 2009    112      3      3    .245    .39    .84   .149   .788   .188   1.68   .205  -.018   1
 314 SCRA5A   1903 2011    109      2      1    .276    .39    .71   .136   .687   .213   1.57   .224  -.000   2
 315 SCRA5B   1896 2011    116      3      2    .292    .28    .67   .135   .808   .211   1.84   .221   .047   1
 316 SCRA6A   1906 2011    106      2      2    .330    .29   1.20   .261   .872   .354   2.53   .399   .007   2
 317 SCRA7A   1923 2011     89      2      0    .374    .42    .97   .198   .857   .231   1.73   .243   .000   1
 318 SCRA7B   1912 2011    100      2      2    .269    .40   1.05   .175   .689   .266   2.08   .280   .099   1
 319 SCRA8A   1913 2011     99      2      2    .189    .67   1.83   .340   .852   .181   1.45   .186  -.026   3
 320 SCRA8B   1895 2011    117      3      3    .165    .61   1.67   .286   .787   .223   1.62   .234   .021   1
 321 SCRA9A   1893 2011    119      3      3    .237    .31    .76   .128   .607   .310   1.78   .280   .042   2
 322 SCRA9B   1900 2011    112      2      2    .107    .33    .85   .187   .632   .361   2.91   .417   .032   2
 323 SCRA10A  1911 2011    101      2      1    .244    .39   1.66   .349   .933   .253   2.18   .272  -.006   2
 324 SCRA10B  1888 2011    124      3      1    .295    .46   1.12   .290   .915   .247   1.83   .232  -.004   2
 325 SCRA11A  1913 2011     99      2      1    .332    .25    .62   .141   .729   .398   2.03   .389   .068   1
 326 SCRA12A  1917 2011     95      2      1    .298    .67   1.73   .333   .897   .161   1.56   .176   .029   3
 327 SCRA12B  1903 2011    109      2      2    .291    .76   1.82   .356   .846   .218   1.72   .226  -.009   2
 328 SCRA13A  1902 2011    110      2      0    .406    .66   2.22   .364   .894   .166   1.56   .170   .015   3
 329 SCRA13B  1898 2011    114      3      1    .377    .56   1.32   .258   .823   .218   1.74   .219   .009   2
 330 SCRA14A  1902 2011    110      2      1    .311    .43   1.22   .252   .852   .227   3.26   .309   .012   2
 331 SCRA14B  1903 2011    109      2      2    .265    .48   1.18   .261   .853   .257   2.34   .255  -.040   2
 332 SCRA15A  1904 2011    108      2      2    .225    .42   1.42   .308   .875   .227   2.12   .271  -.039   2
 333 SCRA16A  1919 2011     93      2      1    .419    .37   1.01   .229   .888   .227   1.48   .231  -.039   1
 334 SCRA16B  1915 2011     97      2      1    .412    .32    .91   .201   .841   .265   1.73   .263   .007   1
 335 SCRA17A  1911 2011    101      2      2    .239    .39    .82   .175   .800   .263   1.76   .252  -.025   2
 336 SCRA17B  1916 2011     96      2      2    .281    .40   1.02   .186   .723   .272   2.20   .300  -.017   2
 337 SCRA18A  1908 2011    104      2      0    .405    .47   1.28   .230   .784   .272   2.31   .309   .015   2
 338 SCRA18B  1897 2011    115      3      2    .341    .45   1.34   .236   .817   .298   1.86   .290  -.008   2
 339 SCRA20A  1895 2011    117      3      0    .533    .58   1.02   .188   .764   .169   1.46   .176   .020   2
 340 SCRA20B  1895 2011    117      3      1    .441    .57   1.05   .183   .784   .165   1.59   .169   .064   1
 341 SCRA21A  1898 2011    114      2      0    .430    .33    .73   .170   .855   .228   1.59   .232  -.029   3
 342 SCRA21B  1908 2011    104      2      0    .543    .31    .91   .167   .853   .227   1.66   .239  -.005   2
 343 SCRA22A  1898 2009    112      3      1    .330    .25    .64   .154   .863   .269   1.75   .251  -.027   2
 344 SCRA22B  1887 2009    123      3      1    .304    .26    .73   .166   .853   .284   1.60   .269   .097   1
 345 SCRA23A  1903 2011    109      2      0    .329    .59   1.60   .356   .924   .178   1.61   .192   .029   3
 346 SCRA23B  1891 2011    121      3      2    .216    .64   1.65   .402   .904   .220   1.72   .223   .048   2
 347 SCRA24A  1909 2011    103      2      0    .338    .36   1.20   .204   .794   .274   1.60   .276   .066   1
 348 SCRA24B  1914 2011     98      2      0    .407    .37   1.60   .230   .817   .287   1.63   .268   .044   2
 349 SCRA25A  1906 2011    106      2      1    .337    .45   1.25   .271   .901   .203   1.48   .212  -.017   3
 350 SCRA25B  1893 2011    119      3      1    .213    .38    .92   .219   .911   .197   1.52   .200   .034   2
 351 SCA26AE  1899 1953     55      1      0    .417    .48   1.19   .350   .883   .266   1.86   .288   .107   1
 352 SCA26AL  1970 2011     42      0      0    .467    .25    .51   .126   .868   .214   1.35   .218   .025   1
 353 SCA26BE  1897 1951     55      1      0    .399    .37    .89   .249   .902   .237   1.51   .242   .051   3
 354 SCA26BL  1975 2011     37      0      0    .247    .23    .36   .076   .659   .193   1.35   .196   .165   0
 355 SCRB2A   1954 2011     58      0      0    .128    .69   1.78   .473   .922   .221   1.67   .256   .019   1
 356 SCRB2B   1912 2011    100      2      1    .279    .52   2.19   .501   .904   .303   2.25   .322   .009   2
 357 SCRB3A   1867 2011    145      4      1    .270    .29    .81   .127   .766   .198   2.20   .263  -.007   2
 358 SCRB3B   1883 2011    129      3      0    .175    .30    .81   .138   .772   .197   3.05   .296  -.008   2
 359 SCRB4A   1850 2011    162      4      3    .324    .43   1.09   .215   .894   .170   1.76   .189  -.004   1
 360 SCRB4B   1843 2011    169      5      2    .323    .41   1.24   .250   .912   .190   1.56   .198   .010   1
 361 SCRB5A   1873 2011    139      4      0    .441    .22   1.35   .190   .875   .290   2.36   .331   .045   2
 362 SCRB5B   1915 2011     97      2      0    .485    .32   1.34   .230   .838   .240   2.69   .344   .004   2
 363 SCRB6A   1937 2011     75      1      0    .599    .51   1.39   .308   .875   .212   1.66   .234   .013   3
 364 SCRB6B   1954 2011     58      0      0    .575    .61   1.41   .316   .812   .222   1.78   .246   .093   1
 365 SHLA1    1739 2012    274      9      0    .413    .50   1.19   .183   .794   .191   1.57   .191  -.020   3
 366 SHLA3    1623 2012    390     11      5    .397    .23   1.23   .245   .963   .248   1.67   .225   .027   0
 367 SHLA4    1659 2012    354     11      1    .441    .24   1.12   .189   .921   .216   1.73   .214   .006   1
 368 SHLA1A   1735 2012    278      9      1    .429    .32    .70   .157   .902   .188   1.70   .206   .008   2
 369 SHLA1B   1780 2012    233      7      0    .451    .30    .80   .166   .885   .218   1.67   .228   .017   2
 370 SHLA2A   1638 2012    375     11      2    .435    .31    .75   .128   .878   .149   1.50   .156  -.007   3
 371 SHLA2B   1630 2012    383     11      2    .480    .32    .79   .134   .865   .162   1.65   .167   .006   2
 372 SHLA3A   1802 2012    211      6      0    .401    .29   1.10   .166   .886   .216   1.63   .229   .041   1
 373 SHA3BL   1890 2012    123      3      0    .451    .29    .87   .167   .874   .233   1.71   .237   .026   1
 374 SHLA4A   1665 2012    348     11      3    .412    .16    .58   .105   .882   .221   2.16   .225  -.001   3
 375 SHA4BE   1632 1751    120      1      0    .456    .17    .35   .073   .797   .211   1.60   .223   .037   1
 376 SHA4BL   1810 2012    203      6      1    .397    .15    .47   .078   .870   .185   1.67   .201   .031   3
 377 SHLA5A   1637 2012    376     11      1    .446    .17    .91   .145   .937   .222   2.12   .221  -.010   3
 378 SHLA5B   1640 1809    170      3      0    .395    .26    .73   .183   .947   .188   1.48   .192   .026   2
 379 SHLA6A   1642 1915    274      7      0    .452    .17    .57   .081   .786   .219   1.86   .219   .009   1
 380 SHLA6B   1627 1948    322      8      0    .455    .15    .75   .122   .918   .241   1.74   .227  -.010   3
 381 SHLA7A   1645 2012    368     11      3    .439    .12    .40   .070   .842   .256   1.95   .259  -.018   1
 382 SHA7BL   1790 2012    223      7      0    .563    .10    .33   .050   .755   .233   1.89   .247   .017   1
 383 SHLA8A   1693 1847    155      4      2    .163    .21    .93   .160   .870   .229   1.78   .245  -.057   1
 384 SHLA8B   1608 1772    165      1      0    .401    .20    .62   .143   .897   .226   2.09   .240  -.025   1
 385 SHLA9A   1689 2012    324     11      2    .496    .19    .52   .072   .813   .177   1.61   .188  -.015   3
 386 SHLA9B   1697 1863    167      5      0    .470    .19    .42   .078   .830   .183   1.66   .194  -.011   3
 387 SHLA10A  1810 2011    202      6      0    .383    .28    .96   .203   .878   .251   1.61   .236  -.010   1
 388 SHLA10B  1802 2002    201      6      1    .313    .33    .98   .223   .886   .247   2.54   .273   .020   1
 389 SHLB7A   1822 2012    191      6      0    .562    .36    .84   .147   .748   .226   1.87   .243   .057   2
 390 SHLB7B   1800 2012    213      6      0    .500    .26    .77   .117   .768   .232   1.85   .254   .023   1
 391 SHLB8A   1819 2012    194      6      0    .493    .20    .75   .115   .828   .221   1.94   .218   .013   1
 392 SHLB8B   1806 2012    207      6      1    .448    .16    .45   .088   .824   .223   2.37   .240  -.001   2
 393 SHLB9A   1847 2012    166      5      3    .393    .24    .53   .092   .500   .261   1.75   .239   .035   0
 394 SHLB9B   1842 2012    171      5      1    .435    .32    .78   .136   .653   .268   1.94   .254   .030   2
 395 SHLB10A  1930 2012     83      1      0    .467    .72   1.37   .265   .685   .236   1.67   .215  -.027   2
 396 SHLB10B  1935 2012     78      1      0    .473    .83   1.37   .229   .499   .220   1.37   .202   .109   0
 397 SHLB11A  1801 2012    212      6      3    .315    .22    .78   .120   .621   .394   2.02   .313   .001   1
 398 SHLB11B  1795 2012    218      7      2    .430    .19    .85   .142   .842   .334   1.73   .314  -.010   1
 399 SHLB12A  1794 2012    219      7      0    .476    .19    .44   .077   .799   .211   1.55   .205  -.006   1
 400 SHLB12B  1795 2012    218      7      0    .481    .22    .51   .097   .829   .200   1.67   .214  -.018   1
 401 SHLB13A  1735 2012    278      9      3    .417    .23    .90   .163   .911   .212   2.18   .225  -.007   3
 402 SHLB13B  1699 2012    314     11      2    .456    .25   1.11   .159   .886   .233   1.87   .230  -.013   1
 403 SHLB14A  1814 2012    199      6      0    .433    .24    .53   .101   .758   .236   1.66   .225   .001   1
 404 SHLB14B  1821 2012    192      6      0    .496    .25    .65   .118   .784   .233   1.80   .229  -.012   3
 405 SHLB15A  1947 2012     66      1      0    .494    .82   1.88   .451   .902   .191   1.46   .191   .060   1
 406 SHLB15B  1954 2012     59      0      0    .527    .80   1.57   .417   .910   .181   1.28   .177   .063   1
 407 SHLB16A  1966 2012     47      0      0    .342    .97   1.91   .487   .875   .240   1.50   .236   .071   2
 408 SHLB16B  1955 2012     58      0      0    .440   1.03   2.12   .544   .902   .188   1.40   .187   .103   1
 409 SHLB17A  1956 2012     57      0      0    .274    .70   1.70   .409   .831   .260   1.66   .271   .031   1
 410 SHLB17B  1935 2012     78      1      1    .269    .66   1.55   .440   .879   .278   1.86   .299   .020   1
 411 SHLB18A  1937 2012     76      1      0    .360    .42    .90   .178   .755   .249   1.65   .253   .028   1
 412 SHLB18B  1927 2012     86      1      0    .284    .32    .98   .173   .787   .265   2.72   .345  -.010   3
 413 SHLB19A  1915 2012     98      2      2    .063    .49   1.31   .264   .739   .370   2.32   .366   .025   1
 414 SHLB19B  1891 2012    122      3      2    .177    .44   1.59   .333   .887   .297   2.19   .316  -.035   1
 415 SHLB20A  1959 2012     54      0      0    .422    .85   1.66   .330   .741   .209   1.59   .223  -.144   3
 416 SHLB20B  1930 2012     83      1      0    .418    .62   1.83   .463   .837   .330   2.07   .332  -.044   3
 417 SHLB21A  1962 2012     51      0      0    .515    .73   1.37   .316   .715   .311   1.86   .283  -.124   3
 418 SHLB21B  1931 2012     82      1      0    .466    .56   1.40   .319   .728   .407   2.00   .336  -.054   3
 419 SHLB22A  1994 2012     19      0      0    .010   1.44   2.21   .618   .879   .156   1.61   .187  -.137   1
 420 SHLB22B  1987 2012     26      0      0    .091   1.22   2.11   .468   .559   .333   1.65   .288   .029   3
 421 SHLB23A  1973 2012     40      0      0    .232    .94   1.34   .197   .471   .173   1.27   .168   .210   0
 422 SHLB23B  1970 2012     43      0      0    .232   1.01   1.43   .210   .471   .181   1.33   .159  -.032   3
 423 SHLB24A  1953 2012     60      0      0    .486   1.09   2.18   .393   .781   .159   1.50   .182   .058   1
 424 SHLB24B  1937 2012     76      1      0    .435   1.07   2.08   .364   .803   .181   1.52   .188   .040   2
 425 SHLB25A  1991 2012     22      0      0    .002   1.30   1.68   .204   .546   .121   1.21   .103   .153   3
 426 SHLB25B  1981 2012     32      0      0    .128   1.10   1.47   .246   .631   .157   1.24   .136  -.223   1
 427 SHLB26A  1988 2012     25      0      0    .379    .95   1.33   .179   .454   .172   1.33   .147  -.070   2
 428 SHLB26B  1980 2012     33      0      0    .296    .83   1.49   .218   .438   .224   1.58   .224   .190   0
 429 SHLB27A  1984 2012     29      0      0    .565    .84   1.44   .230   .650   .179   1.49   .170  -.090   3
 430 SHLB27B  1966 2012     47      0      0    .214    .72   1.51   .289   .848   .191   1.33   .194   .101   1
 431 SHLB28A  1891 2012    122      3      2    .279    .63   1.30   .275   .839   .203   1.50   .221   .050   1
 432 SHLB28B  1876 2012    137      3      2    .355    .58   1.68   .303   .848   .225   1.73   .235   .028   1
 433 SHLB29A  1993 2012     20      0      0    .610   1.35   2.00   .497   .846   .175   1.30   .169   .076   1
 434 SHLB29B  1983 2012     30      0      0    .010   1.10   2.00   .510   .880   .187   1.56   .213   .056   1
 435 SHLB30A  1966 2012     47      0      0    .579    .57    .98   .239   .834   .208   1.33   .189   .080   2
 436 SHLB30B  1946 2012     67      1      0    .481    .54   1.31   .253   .821   .250   1.65   .235   .084   3
 437 SHLB31A  1964 2012     49      0      0    .509   1.25   2.05   .338   .012   .318   1.56   .241  -.017   1
 438 SHLB31B  1954 2012     59      0      0    .545   1.50   2.64   .449   .229   .327   1.65   .279   .101   0
 --- -------- ---------  -----  -----  -----   ------ -----  -----  -----  -----  -----  -----  -----  -----  --
 Total or mean:          67451   1770    384    .413    .35   3.26   .209   .854   .222  13.45   .230   .011

 DATA CHECKS (rwl.check): mt180
-----------------------------------------------------------------------------------------------------------------------------------
 rwl.check: data_files/treering/measurements/northamerica/usa/mt180.rwl
 438 series, 67451 measurements, 1608-2012, 0.001 mm precision
 1 error(s), 2 warning(s), 54 note(s)
 -------------
 ERROR
   RWL_DATING_LAG (1)
     PCRB10A: correlates best with the master at lag 3 (r = 0.386 against r = 0.327 as dated); the series may be misdated by 3 year(s), most likely a false ring or a ring measured twice
 -------------
 WARNING
   RWL_HEADER_SPAN (1)
     the header declares 1652-2011 but the measurements cover 1608-2012
   RWL_SERIES_OUTLIER (1)
     SHLB19A: correlates with the rest of the collection at r = -0.14 where the collection median is 0.407 (5.1 MAD below it); it does not fit the collection it is in
 54 note(s) not shown; see rwl.check() or the 'check' element of this report.

 NOTES
-----------------------------------------------------------------------------------------------------------------------------------
 Report generated using dplR 1.8.1 (R 4.5.2) on 2026-10-01 16:52 PDT.
 Measurement file mt180.rwl, MD5 2801f1141d60efa02e69f69f1ba7b2c6.
 Filtering: each series divided by a 32-year smoothing spline (caps()), then prewhitened with
   an AR model (order by AIC, at most 3).
 Master: biweight robust mean of the other series (leave-one-out).
 Correlation: Pearson, one-tailed, pcrit = 0.01; critical r = 0.3281 for 50-year segments.
 Segments: 50 years, lagged 25, first segment floored to 100. Lags searched: +/- 10 years.
 A segment is tested only where the series and the master cover all of it, at the dated
   position and at every lag. COFECHA also tests partial segments at the ends of a series, so
   series here may show fewer segments, and no flags can be raised at the ends of the record.
 Lags follow COFECHA: negative means rings are probably missing from the series, positive means
   false rings. A missing ring carries its lag into every segment before it, so look where the
   lag changes along a series. A B flag is a hypothesis to check on the wood; the gain says how
   seriously to take it.
 A B flag marked "weak at every lag" correlates under the critical value even at its best lag:
   the segment is weak wherever it is placed, and the shift is not evidence of a dating error.
   Treat it as a low correlation, like an A.
 Averages in the summary and the totals are weighted by the number of years in each series, as
   COFECHA's are.
 Unfiltered block and mean sensitivity: the measurements as read, and sens1().
 dplR filtered block: the series that was correlated, after filtering. COFECHA's filtered
   series is defined differently, so these three columns are not COFECHA's numbers.
 AR: order of the AR model used to prewhiten.
