
 COFECHA-style crossdating report: nd013
 Report generated using dplR 1.8.1 (R 4.5.2) on 2026-10-01 16:50 PDT
 Built with dplR's xdate.report(), not COFECHA; see the notes at the end.


      Measurement file name  : nd013.rwl
      MD5 of measurement file: 3b850cea5e69167a289668894fb08b51
      Date checked           : 01OCT26
      Beginning year         : 1643
      Ending year            : 2010
      Principal investigators: Friedman, J.; Edmondson, J.R.; Edmondson, A.
      Site name              : Theodore Roosevelt National Park North Unit
      Species information    : PPDE Populus deltoides Bartr. ex Marsh.
      Latitude               : 47.5825 N
      Longitude              : 103.3635 W
      Elevation              : 589 m

      Series intercorrelation: 0.649
      Avg mean sensitivity   : 0.353
      Avg standard deviation : 1.067
      Avg autocorrelation    : 0.701
      Number dated series    : 649
      Series crossdated      : 648
      Segment length tested  : 50

      Number problem segments: 24  (A 8, B 16; 8 of the B weak at every lag)
      Pct problem segments   : 1.40


 CORRELATION OF SERIES BY SEGMENTS: nd013
-----------------------------------------------------------------------------------------------------------------------------------
 Correlations of  50-year dated segments, lagged  25 years
 Flags:  A = correlation under   .3281 but highest as dated;  B = correlation higher at other than dated position

 Seq Series  Time_span  1700 1725 1750 1775 1800 1825 1850 1875 1900 1925 1950 
                        1749 1774 1799 1824 1849 1874 1899 1924 1949 1974 1999 
 --- -------- ---------  ---- ---- ---- ---- ---- ---- ---- ---- ---- ---- ---- 
   1 F003A    1848 2009                                .66  .76  .78  .76  .68 
   2 F003B    1846 2009                                .69  .72  .83  .79  .71 
   3 F004B    1933 2009                                                    .60 
   4 F004A    1931 2009                                                    .48 
   5 F005A    1885 2010                                          .69  .76  .81 
   6 F005D    1880 2010                                          .68  .72  .77 
   7 F006B    1911 2010                                               .57  .64 
   8 F007A    1908 2010                                               .80  .78 
   9 F007B    1911 2010                                               .78  .82 
  10 F010A    1871 2009                                     .47  .55  .65  .55 
  11 F013A    1846 2009                                .62  .66  .74  .57  .45 
  12 F013B    1842 2009                                .62  .68  .79  .72  .51 
  13 F015A    1867 2010                                     .42  .68  .78  .82 
  14 F015B    1867 2010                                     .45  .69  .77  .82 
  15 F017A    1940 2010                                                    .50 
  16 F017B    1943 2010                                                    .45 
  17 F019A    1876 2009                                          .63  .75  .45 
  18 F019B    1876 2009                                          .61  .77  .68 
  19 F020A    1843 2010                                .61  .43  .68  .83  .74 
  20 F020C    1832 2010                                .59  .55  .77  .83  .67 
  21 F021C    1917 2010                                               .85  .81 
  22 F021D    1915 2010                                               .85  .76 
  25 F023C    1858 2009                                     .73  .86  .82  .81 
  26 F025B    1833 2009                                .40  .48  .52  .67  .60 
  27 F026B    1822 2009                           .75  .77  .67  .63  .59  .68 
  28 F027A    1747 2009            .64  .83  .89  .77  .45  .63  .70  .56  .56 
  29 F027B    1742 2009            .72  .84  .89  .69  .21B .52  .65  .60  .57 
  30 F027C    1742 1814            .62                                         
  31 F028B    1884 2009                                          .77  .84  .86 
  32 F028C    1887 2009                                          .79  .84  .85 
  33 F031A    1889 2009                                          .65  .75  .79 
  34 F031C    1884 2009                                          .68  .74  .74 
  35 F032A    1948 2010                                                    .58 
  36 F032B    1948 2010                                                    .58 
  37 F035A    1790 2009                      .84  .87  .76  .63  .72  .73  .69 
  38 F035B    1778 2009                      .89  .88  .85  .73  .79  .79  .72 
  39 F037A    1879 2009                                          .87  .82  .77 
  40 F037B    1879 2009                                          .87  .81  .77 
  41 F039A    1827 2009                                .43  .67  .81  .79  .56 
  42 F039B    1826 2009                                .51  .75  .85  .69  .54 
  43 F040A    1863 2010                                     .26B .51  .60  .65 
  44 F040B    1860 2010                                     .37  .72  .74  .57 
  45 F042A    1881 2010                                          .70  .73  .58 
  46 F042B    1876 2010                                          .73  .79  .61 
  47 F043A    1938 2010                                                    .64 
  48 F043B    1938 2010                                                    .62 
  49 F045A    1876 2009                                          .80  .69  .64 
  50 F045B    1877 2009                                          .78  .71  .67 
  57 F053A    1890 2009                                          .63  .68  .70 
  58 F053D    1884 2009                                          .77  .71  .73 
  59 F055B    1833 2009                                .64  .70  .71  .68  .74 
  60 F057A    1882 2010                                          .57  .59  .58 
  61 F057B    1878 2009                                          .53  .63  .59 
  62 F060C    1747 2009            .62  .62  .75  .79  .64  .62  .60  .53  .49 
  63 F060D    1737 2009            .76  .74  .82  .84  .72  .64  .63  .59  .65 
  64 F060E    1749 2009            .77  .72  .83  .87  .73  .68  .67  .60  .66 
  65 F060F    1747 2009            .74  .73  .83  .87  .72  .66  .67  .60  .66 
  68 F062A    1880 2010                                          .77  .77  .77 
  69 F062B    1878 2010                                          .77  .73  .75 
  70 F064A    1894 2010                                          .61  .57  .66 
  71 F064B    1889 2010                                          .72  .67  .64 
  72 F066A    1849 2009                                .61  .83  .81  .79  .80 
  73 F066B    1837 2009                                .65  .73  .76  .72  .69 
  74 F067A    1932 2009                                                    .60 
  75 F067B    1931 2009                                                    .56 
  76 F071A    1946 2009                                                    .68 
  77 F071B    1946 2009                                                    .66 
  78 F072B    1881 2009                                          .74  .77  .72 
  79 F072C    1883 2009                                          .70  .79  .71 
  80 F075A    1940 2010                                                    .33A
  81 F075B    1940 2010                                                    .44 
  82 F076B    1917 2009                                               .71  .70 
  83 F076C    1913 2009                                               .70  .67 
  84 F077A    1948 2010                                                    .40 
  85 F077B    1948 2010                                                    .47 
  86 F080A    1828 2009                                .45  .47  .66  .74  .75 
  87 F080B    1829 2009                                .53  .58  .68  .79  .76 
  88 F081B    1846 2009                                .61  .61  .60  .55  .62 
  89 F082A    1878 2009                                          .76  .74  .42 
  90 F082B    1878 2009                                          .84  .86  .53 
  91 F084A    1830 2009                                .65  .62  .73  .71  .63 
  92 F084B    1829 2009                                .64  .59  .75  .77  .64 
  93 F085A    1874 2009                                     .65  .72  .67  .76 
  94 F085B    1880 2009                                          .69  .62  .72 
  95 F086B    1783 2009                      .79  .87  .80  .75  .70  .50  .54 
  96 F086C    1792 2009                      .79  .86  .83  .70  .73  .64  .61 
  97 F087A    1888 2009                                          .62  .75  .75 
  98 F087B    1884 2009                                          .63  .69  .69 
  99 F088A    1869 2009                                     .71  .80  .82  .85 
 100 F088B    1866 2009                                     .73  .80  .83  .78 
 101 F089A    1832 2009                                .61  .64  .70  .61  .53 
 102 F089B    1830 2009                                .58  .71  .76  .59  .52 
 103 F091A    1930 2009                                                    .79 
 104 F091B    1930 2009                                                    .75 
 105 F092A    1872 2009                                     .63  .77  .80  .78 
 106 F092C    1865 2009                                     .73  .81  .76  .78 
 107 F093A    1931 2010                                                    .67 
 108 F093B    1931 2010                                                    .74 
 109 F094A    1868 2009                                     .81  .87  .87  .77 
 110 F094B    1868 2009                                     .67  .69  .73  .75 
 111 F095A    1909 2009                                               .65  .64 
 112 F095B    1910 2009                                               .60  .63 
 113 F096A    1868 2010                                     .55  .64  .78  .60 
 114 F096B    1867 2010                                     .58  .67  .80  .61 
 116 F101A    1880 2010                                          .64  .62  .59 
 117 F101B    1883 2010                                          .65  .55  .50 
 118 F102A    1933 2010                                                    .77 
 119 F102B    1933 2010                                                    .71 
 120 F103A    1874 2009                                          .80  .77  .74 
 121 F103B    1876 2009                                          .62  .58  .72 
 122 F106A    1909 2010                                               .46  .59 
 123 F106B    1913 2010                                               .60  .67 
 124 F107A    1929 2010                                                    .73 
 125 F107B    1929 2010                                                    .65 
 126 F108A    1875 2009                                          .79  .78  .72 
 127 F108B    1875 2009                                          .77  .80  .77 
 128 F111A    1736 2009            .70  .80  .89  .86  .64  .63  .79  .81  .71 
 129 F111B    1734 2009            .74  .83  .89  .85  .67  .58  .76  .82  .69 
 130 F111D    1745 2009            .71  .83  .90  .83  .68  .68  .82  .84  .85 
 131 F112B    1756 2009                 .74  .83  .86  .78  .85  .83  .73  .70 
 132 F112C    1757 1843                 .81                                    
 133 F112D    1753 1843                 .81                                    
 134 F113B    1785 2009                      .77  .77  .80  .60  .65  .72  .78 
 135 F113C    1779 2009                      .82  .81  .78  .63  .71  .76  .73 
 136 F114A    1914 2009                                               .76  .79 
 137 F114B    1915 2009                                               .77  .74 
 138 F118A    1903 2010                                               .83  .79 
 139 F118B    1903 2010                                               .78  .80 
 140 F123A    1899 2010                                          .67  .72  .58 
 141 F123B    1901 2010                                               .67  .57 
 142 F124B    1829 2010                                .42  .72  .57  .47  .63 
 143 F124D    1809 2010                           .47  .36B .78  .69  .62  .66 
 144 F124A    1803 2010                           .63  .40  .68  .59  .57  .72 
 145 F124C    1809 2010                           .51  .35  .64  .49  .51  .71 
 146 F126A    1870 2009                                     .38  .54  .71  .66 
 147 F127B    1940 2009                                                    .57 
 148 F127C    1940 2009                                                    .60 
 149 F129A    1853 2009                                     .72  .84  .85  .73 
 150 F129B    1845 2009                                .49  .75  .86  .84  .79 
 151 F131A    1882 2010                                          .65  .68  .70 
 152 F131B    1888 2010                                          .73  .78  .78 
 153 F132A    1937 2010                                                    .47 
 154 F132B    1937 2010                                                    .56 
 155 F133B    1872 2009                                     .46  .61  .67  .69 
 156 F134A    1878 2009                                          .74  .78  .67 
 157 F134B    1878 2009                                          .73  .68  .61 
 158 F135D    1797 2010                      .61  .60  .20B .68  .64  .51  .63 
 159 F135E    1799 2010                      .72  .71  .37  .53  .66  .55  .61 
 160 F136A    1872 2009                                     .47  .66  .69  .50 
 161 F136B    1872 2009                                     .51  .57  .67  .59 
 162 F138A    1815 2010                           .77  .68  .70  .71  .58  .56 
 163 F138C    1816 2010                           .83  .69  .60  .69  .66  .68 
 164 F139A    1871 2010                                     .46  .75  .79  .79 
 165 F139B    1871 2010                                     .13B .55  .73  .74 
 166 F140B    1836 2009                                .50  .46  .56  .67  .72 
 167 F143A    1746 2009            .52  .72  .87  .79  .43  .65  .83  .82  .79 
 168 F143B    1750 2009                 .70  .84  .77  .45  .66  .82  .83  .81 
 169 F143C    1743 2009            .62  .72  .82  .82  .64  .68  .81  .81  .79 
 170 F144A    1929 2010                                                    .57 
 171 F144B    1929 2010                                                    .49 
 172 F145C    1870 2009                                     .56  .69  .78  .80 
 173 F148A    1875 2010                                          .65  .63  .60 
 174 F148B    1875 2010                                          .62  .38  .35B
 175 F149A    1933 2009                                                    .56 
 176 F149B    1933 2009                                                    .60 
 177 F150A    1905 2009                                               .80  .81 
 178 F150B    1911 2009                                               .85  .83 
 179 F151A    1871 2009                                     .75  .83  .78  .72 
 180 F151B    1870 2009                                     .76  .69  .62  .70 
 181 F152A    1852 2009                                     .54  .63  .64  .57 
 182 F152B    1852 2009                                     .56  .57  .54  .56 
 183 F155A    1880 2009                                          .74  .78  .82 
 184 F155B    1880 2009                                          .76  .80  .82 
 185 F157B    1882 2009                                          .75  .70  .64 
 186 F157C    1881 2009                                          .78  .64  .61 
 187 F158A    1818 2010                           .82  .77  .64  .61  .62  .73 
 188 F161A    1834 2009                                .66  .60  .64  .60  .59 
 189 F161B    1839 2009                                .61  .71  .71  .64  .57 
 190 F162A    1736 2009            .75  .83  .90  .84  .71  .75  .80  .73  .61 
 191 F162B    1732 2009            .79  .88  .93  .94  .82  .77  .82  .79  .71 
 192 F162C    1738 2009            .79  .86  .90  .85  .74  .76  .84  .75  .62 
 193 F163A    1931 2010                                                    .76 
 194 F163B    1931 2010                                                    .37 
 195 F165A    1928 2010                                                    .76 
 196 F166A    1882 2009                                          .71  .76  .53 
 197 F166B    1882 2009                                          .76  .80  .62 
 198 F167A    1871 2009                                     .56  .70  .75  .64 
 199 F167B    1868 2009                                     .62  .69  .76  .72 
 200 F168A    1870 2009                                     .72  .82  .77  .68 
 201 F168B    1872 2009                                     .59  .77  .67  .60 
 202 F169B    1881 2009                                          .74  .75  .65 
 203 F169C    1877 2009                                          .75  .71  .57 
 204 F170A    1783 2009                      .78  .77  .72  .69  .71  .73  .73 
 205 F170B    1757 2009                 .69  .77  .69  .60  .67  .67  .71  .75 
 206 F170C    1761 2009                 .64  .80  .79  .70  .71  .58  .55  .64 
 209 F175A    1883 2009                                          .67  .64  .70 
 210 F175B    1881 2009                                          .62  .65  .72 
 211 F177A    1916 2009                                               .62  .79 
 212 F177B    1916 2009                                               .60  .70 
 213 F178A    1875 2010                                          .74  .75  .82 
 214 F178B    1875 2010                                     .56  .70  .68  .63 
 215 F179B    1835 2009                                .70  .53  .49  .58  .71 
 216 F181A    1823 2009                           .65  .75  .74  .73  .74  .78 
 217 F181D    1821 2009                           .50  .69  .71  .73  .74  .74 
 218 F184A    1870 2009                                     .63  .72  .63  .58 
 219 F184B    1868 2009                                     .71  .71  .69  .77 
 220 F185A    1932 2009                                                    .72 
 221 F185B    1932 2009                                                    .72 
 222 F187A    1836 2009                                .55  .51  .61  .65  .76 
 223 F187B    1836 2009                                .58  .50  .61  .72  .85 
 224 F189A    1791 2010                      .71  .74  .66  .64  .78  .81  .71 
 225 F189B    1807 2010                           .68  .69  .65  .75  .78  .67 
 226 F189C    1795 2010                      .82  .81  .63  .61  .67  .64  .57 
 227 F190B    1903 2010                                               .72  .73 
 228 F190C    1905 2010                                               .69  .74 
 229 F191A    1862 2009                                     .70  .81  .69  .59 
 230 F192B    1881 2009                                          .89  .84  .61 
 231 F193A    1872 2009                                     .65  .71  .76  .78 
 232 F193B    1869 2009                                     .77  .84  .87  .88 
 233 F194A    1827 2010                                .44  .45  .61  .74  .69 
 234 F194C    1828 2010                                .69  .56  .68  .72  .60 
 235 F195A    1938 2010                                                    .71 
 236 F195B    1939 2010                                                    .76 
 237 F196A    1839 2009                                .56  .59  .74  .78  .74 
 238 F196B    1842 2009                                .55  .45  .66  .78  .76 
 241 F201A    1891 2010                                          .77  .57  .39 
 242 F201B    1885 2010                                          .82  .74  .66 
 243 F204B    1762 2010                 .51  .84  .80  .61  .49  .66  .82  .80 
 244 F205A    1906 2010                                               .67  .69 
 245 F205B    1902 2010                                               .70  .81 
 246 F206A    1937 2010                                                    .54 
 247 F206B    1937 2010                                                    .25B
 248 F207A    1865 2010                                     .60  .70  .72  .65 
 249 F207B    1856 2010                                     .68  .79  .73  .71 
 250 F210A    1931 2010                                                    .74 
 251 F210B    1931 2010                                                    .81 
 252 F211A    1935 2009                                                    .70 
 253 F211B    1937 2009                                                    .68 
 254 F213A    1879 2009                                          .75  .75  .76 
 255 F215A    1878 2009                                          .83  .74  .59 
 256 F215B    1878 2009                                          .83  .78  .71 
 257 F216A    1872 2009                                     .59  .72  .80  .78 
 258 F216B    1876 2009                                          .79  .79  .81 
 259 F217A    1872 2009                                     .78  .89  .85  .77 
 260 F218A    1950 2010                                                    .60 
 262 F220A    1789 2009                      .87  .86  .78  .72  .86  .86  .82 
 263 F220B    1788 2009                      .88  .85  .75  .81  .84  .81  .82 
 264 F220C    1779 2009                      .83  .83  .74  .72  .81  .80  .81 
 265 F221A    1874 2010                                     .32A .44  .41  .47 
 266 F222A    1932 2010                                                    .73 
 267 F222B    1934 2010                                                    .76 
 268 F223A    1941 2010                                                    .49 
 269 F223B    1941 2010                                                    .59 
 270 F224D    1790 2010                      .40  .58  .56  .60  .70  .72  .78 
 271 F225B    1783 2010                      .80  .65  .55  .71  .78  .79  .82 
 272 F225C    1788 2010                      .61  .46  .55  .70  .81  .82  .83 
 273 F226A    1886 2010                                          .65  .68  .69 
 274 F226B    1873 2010                                     .31A .62  .75  .66 
 275 F227A    1760 2010                 .84  .81  .74  .72  .55  .64  .67  .51 
 276 F227B    1746 2010            .64  .69  .81  .83  .64  .55  .71  .74  .75 
 277 F228A    1940 2010                                                    .44 
 278 F228B    1940 2010                                                    .47 
 279 F231C    1922 2010                                               .49  .67 
 280 F232A    1928 2010                                                    .63 
 281 F233A    1909 2010                                               .65  .60 
 282 F233B    1911 2010                                               .59  .65 
 285 F235A    1872 2010                                     .63  .78  .78  .77 
 286 F235B    1865 2010                                     .44  .78  .77  .73 
 289 F237D    1860 2010                                     .77  .82  .71  .66 
 290 F237E    1867 2010                                     .73  .75  .71  .62 
 291 F238A    1785 2010                      .70  .66  .44  .38  .46  .53  .49 
 292 F238B    1755 2009                 .72  .72  .63  .51  .56  .61  .53  .53 
 293 F238D    1788 2010                      .68  .76  .64  .41  .48  .55  .42 
 294 F242A    1907 2010                                               .64  .71 
 295 F242B    1909 2010                                               .67  .83 
 296 F243A    1878 2010                                          .82  .78  .69 
 297 F243B    1873 2010                                     .75  .80  .76  .61 
 298 F245A    1808 2010                           .78  .78  .71  .76  .72  .72 
 299 F246B    1880 2010                                          .60  .69  .42 
 300 F246C    1878 2010                                          .51  .76  .53 
 301 F247A    1856 2010                                     .59  .70  .73  .75 
 302 F247B    1864 2010                                     .46  .68  .76  .73 
 303 F248A    1948 2010                                                    .54 
 304 F248B    1944 2010                                                    .54 
 305 F250A    1901 2010                                               .78  .73 
 306 F250B    1904 2010                                               .76  .66 
 307 F251A    1945 2010                                                    .61 
 308 F251B    1943 2010                                                    .65 
 311 F255A    1880 2010                                          .83  .82  .74 
 312 F255B    1880 2010                                          .78  .80  .69 
 313 F256A    1890 2010                                          .68  .73  .62 
 314 F256B    1893 2010                                          .68  .71  .69 
 315 F257A    1872 2010                                     .42  .53  .69  .78 
 316 F257C    1872 2010                                     .38  .53  .76  .79 
 317 F258A    1931 2010                                                    .71 
 318 F258B    1931 2010                                                    .71 
 319 F261A    1936 2010                                                    .72 
 320 F261B    1932 2010                                                    .73 
 321 F262B    1826 2010                                .58  .48  .69  .70  .54 
 322 F262C    1822 2010                           .74  .58  .55  .72  .66  .58 
 323 F264A    1903 2009                                               .73  .46 
 324 F264B    1903 2009                                               .73  .73 
 325 F265A    1941 2009                                                    .49 
 326 F265B    1933 2009                                                    .66 
 327 F269A    1876 2009                                          .69  .78  .77 
 328 F269B    1868 2009                                     .60  .65  .66  .66 
 329 F270A    1846 2009                                .58  .76  .78  .67  .61 
 330 F270B    1837 2009                                .58  .73  .70  .61  .72 
 331 F272A    1869 2009                                     .58  .66  .74  .71 
 332 F272C    1871 2009                                     .58  .66  .75  .69 
 333 F273A    1914 2010                                               .63  .76 
 334 F273B    1907 2010                                               .75  .78 
 335 F274A    1931 2010                                                    .60 
 336 F274B    1931 2010                                                    .49 
 337 F275A    1871 2010                                     .61  .70  .78  .48 
 338 F275B    1871 2009                                     .56  .65  .82  .77 
 340 F278A    1850 2009                                     .37  .60  .73  .69 
 341 F279B    1883 2009                                          .81  .78  .76 
 342 F280B    1886 2009                                          .71  .70  .77 
 343 F281A    1914 2009                                               .83  .73 
 344 F281B    1911 2009                                               .82  .75 
 345 F282A    1860 2009                                     .71  .76  .65  .64 
 346 F282B    1858 2009                                     .72  .80  .63  .62 
 347 F283A    1938 2010                                                    .72 
 348 F283B    1941 2010                                                    .78 
 349 F284A    1894 2009                                          .65  .66  .71 
 350 F284D    1879 2009                                          .67  .67  .73 
 351 F286B    1907 2010                                               .64  .68 
 352 F288A    1837 2009                                .70  .72  .73  .70  .79 
 353 F288B    1837 2009                                .60  .71  .78  .74  .74 
 354 F290A    1931 2010                                                    .62 
 355 F290B    1931 2010                                                    .65 
 356 F291A    1828 2010                                .69  .76  .78  .70  .62 
 357 F291B    1830 2010                                .76  .70  .46  .42  .61 
 360 F293A    1796 2010                      .32B .30B .67  .58  .60  .61  .51 
 361 F293B    1797 2010                      .78  .71  .57  .60  .66  .61  .49 
 362 F293C    1797 2010                      .53  .45  .49  .64  .63  .63  .64 
 363 F294A    1946 2009                                                    .64 
 364 F295A    1848 2009                                .58  .53  .56  .54  .54 
 365 F295B    1844 2009                                .64  .64  .55  .55  .40 
 366 F296A    1833 2010                                .43  .56  .69  .63  .60 
 367 F297A    1886 2010                                          .73  .75  .77 
 368 F297B    1887 2010                                          .79  .81  .82 
 369 F299A    1940 2010                                                    .49 
 370 F299B    1940 2010                                                    .68 
 373 F301B    1906 2009                                               .66  .73 
 374 F301C    1904 2009                                               .77  .79 
 375 F302A    1886 2009                                          .74  .76  .82 
 376 F302C    1887 2009                                          .72  .73  .85 
 378 F305B    1947 2010                                                    .56 
 379 F306A    1877 2009                                          .80  .77  .68 
 380 F307A    1756 2009                 .67  .74  .73  .56  .65  .55  .50  .60 
 381 F307B    1828 2009                                .70  .67  .60  .58  .55 
 382 F308E    1903 2009                                               .63  .73 
 383 F309C    1877 2010                                          .70  .78  .76 
 384 F309D    1875 2010                                     .40  .60  .51  .50 
 385 F311A    1874 2010                                     .62  .77  .74  .73 
 386 F311C    1873 2010                                          .82  .75  .64 
 387 F312A    1806 2009                           .67  .67  .46  .64  .80  .78 
 388 F312B    1827 2009                                .74  .54  .64  .78  .82 
 389 F313A    1784 2009                      .72  .56  .36B .65  .61  .58  .74 
 390 F313B    1792 2009                      .82  .77  .51  .60  .62  .59  .79 
 391 F314A    1875 2010                                          .79  .74  .66 
 392 F314B    1892 2010                                          .72  .59  .59 
 393 F317A    1870 2010                                     .73  .74  .71  .59 
 394 F317B    1877 2010                                          .60  .63  .60 
 395 F316A    1870 2010                                     .74  .78  .70  .31A
 396 F316B    1870 2010                                     .57  .58  .63  .69 
 397 F318B    1871 2010                                     .52  .83  .86  .73 
 398 F321A    1880 2009                                          .71  .66  .53 
 399 F321B    1880 2009                                          .68  .53  .50 
 400 F323A    1948 2010                                                    .70 
 401 F323B    1949 2010                                                    .62 
 402 F326A    1918 2009                                               .37  .71 
 403 F326C    1919 2009                                               .52  .70 
 404 F327A    1857 2009                                     .75  .74  .73  .57 
 405 F327B    1858 2009                                     .74  .72  .74  .65 
 406 F330B    1833 2010                                .65  .66  .79  .74  .64 
 407 F330C    1834 2010                                .69  .63  .82  .77  .63 
 408 F331C    1880 2010                                          .58  .78  .70 
 409 F334B    1851 2010                                     .75  .80  .53  .41 
 410 F334C    1844 2010                                .66  .76  .81  .74  .74 
 411 F336B    1646 2010  .78  .70  .66  .73  .83  .84  .63  .58  .52  .42  .56 
 412 F336E    1643 2010  .73  .70  .64  .69  .84  .84  .64  .64  .59  .50  .58 
 413 F336G    1656 1756  .62                                                   
 415 F336I    1643 1780  .69  .47                                              
 416 F338C    1841 2009                                .55  .41  .59  .73  .76 
 417 F338D    1840 2009                                .48  .50  .66  .66  .67 
 418 F339A    1841 2009                                .47  .48  .70  .68  .59 
 419 F339B    1842 2009                                .42  .47  .70  .67  .39 
 420 F340A    1936 2010                                                    .66 
 421 F340B    1936 2010                                                    .60 
 422 F341A    1941 2009                                                    .63 
 423 F343A    1737 2010            .76  .77  .82  .85  .78  .67  .65  .56  .56 
 424 F343C    1740 2010            .64  .77  .82  .88  .80  .57  .57  .57  .63 
 425 F343D    1702 2010       .57  .70  .74  .54  .38B .75  .60  .54  .52  .56 
 426 F345A    1932 2010                                                    .75 
 427 F345B    1933 2010                                                    .81 
 428 F346B    1900 2010                                               .84  .80 
 429 F349B    1947 2010                                                    .56 
 432 F352A    1865 2010                                     .63  .53  .52  .73 
 433 F352B    1870 2010                                     .58  .43  .39  .52 
 436 F354A    1872 2009                                     .64  .78  .69  .67 
 437 F354B    1872 2009                                     .63  .74  .74  .67 
 438 F355A    1870 2009                                     .69  .67  .57  .67 
 439 F356A    1859 2010                                     .62  .70  .71  .69 
 440 F358D    1834 2010                                .54  .43  .51  .61  .71 
 441 F359C    1845 2010                                .54  .52  .69  .73  .85 
 442 F362C    1874 2010                                          .51  .60  .65 
 443 F365A    1879 2009                                          .73  .73  .70 
 444 F365B    1881 2009                                          .73  .67  .65 
 445 F366A    1884 2009                                          .57  .71  .84 
 446 F366B    1894 2009                                          .71  .77  .77 
 447 F367A    1907 2009                                               .75  .68 
 448 F367B    1915 2009                                               .71  .60 
 449 F369A    1841 2010                                .67  .58  .59  .69  .64 
 450 F369B    1834 2010                                .67  .48  .57  .66  .57 
 451 F370A    1889 2009                                          .76  .80  .77 
 452 F370B    1893 2010                                          .80  .85  .78 
 453 F372B    1834 2009                                .52  .70  .80  .81  .77 
 454 F374A    1869 2009                                     .51  .64  .85  .65 
 455 F374B    1872 2009                                     .49  .60  .73  .63 
 456 F375A    1888 2009                                          .81  .82  .80 
 457 F375B    1886 2009                                          .83  .82  .79 
 458 F376A    1931 2010                                                    .61 
 459 F376B    1931 2010                                                    .63 
 460 F377A    1904 2009                                               .79  .77 
 461 F378B    1869 2010                                     .52  .67  .68  .71 
 462 F379A    1757 2009                 .64  .79  .66  .31B .54  .70  .76  .76 
 463 F381C    1874 2010                                     .54  .72  .82  .79 
 464 F381E    1880 2010                                          .72  .73  .63 
 465 F382A    1945 2009                                                    .70 
 466 F382B    1945 2009                                                    .60 
 467 F383B    1937 2010                                                    .68 
 468 F385A    1887 2009                                          .78  .80  .76 
 469 F385B    1887 2009                                          .76  .76  .66 
 470 F386B    1834 2009                                .69  .67  .78  .75  .58 
 471 F387A    1874 2009                                     .51  .69  .66  .54 
 472 F387B    1875 2009                                          .71  .76  .60 
 473 F388A    1884 2009                                          .67  .83  .73 
 474 F388B    1884 2009                                          .61  .83  .81 
 475 F390A    1889 2009                                          .65  .79  .79 
 476 F390C    1892 2009                                          .65  .71  .70 
 477 F391A    1852 2009                                     .53  .70  .71  .66 
 478 F391B    1852 2009                                     .72  .73  .58  .54 
 479 F392A    1915 2009                                               .62  .58 
 480 F392C    1914 2009                                               .63  .68 
 481 F393A    1808 2009                           .77  .63  .76  .72  .68  .80 
 482 F393B    1805 2009                           .77  .57  .71  .72  .72  .81 
 483 F393C    1798 2009                      .79  .75  .64  .76  .79  .73  .77 
 484 F394B    1869 2009                                     .58  .62  .55  .62 
 485 F395A    1749 2009            .23A .66  .78  .70  .56  .51  .58  .68  .63 
 486 F395F    1755 2009                 .78  .82  .73  .62  .58  .67  .75  .72 
 487 F395G    1746 2009            .63  .77  .82  .77  .68  .56  .66  .75  .71 
 488 F396A    1883 2010                                          .69  .78  .83 
 489 F396B    1883 2010                                          .54  .71  .68 
 490 F396C    1882 2010                                          .70  .77  .79 
 491 F397A    1909 2010                                               .66  .73 
 492 F397B    1909 2010                                               .60  .43 
 493 F398A    1931 2010                                                    .74 
 494 F398B    1932 2010                                                    .68 
 495 F399A    1879 2010                                          .66  .75  .75 
 496 F399B    1877 2010                                          .50  .51  .71 
 497 F400A    1949 2010                                                    .43 
 498 F400B    1949 2010                                                    .31A
 499 C014A    1756 2009                 .71  .78  .72  .46  .44  .60  .63  .71 
 500 C028A    1763 2010                 .64  .29A .00B .26B .62  .56  .48  .46 
 501 C028B    1753 2010                 .56  .29A .02B .10B .51  .59  .47  .49 
 502 C030A    1909 2010                                               .71  .67 
 503 C030B    1908 2010                                               .71  .69 
 645 P101A    1944 2010                                                    .69 
 Av segment correlation  .71  .61  .67  .74  .77  .72  .60  .61  .70  .70  .67 

 FLAGGED SEGMENTS: nd013
-----------------------------------------------------------------------------------------------------------------------------------
 Seq Series   Segment    Flag  r dated  Best lag  r at lag   Gain  Note
 --- -------- ---------  ----  -------  --------  --------  -----  -----------------
  29 F027B    1850 1899     B     .213        -2      .305   .092  weak at every lag
  43 F040A    1875 1924     B     .258        -7      .274   .016  weak at every lag
  80 F075A    1950 1999     A     .328         0
 143 F124D    1850 1899     B     .355        -2      .362   .007
 158 F135D    1850 1899     B     .201        -3      .270   .069  weak at every lag
 165 F139B    1875 1924     B     .131        -6      .195   .064  weak at every lag
 174 F148B    1950 1999     B     .354         8      .368   .015
 247 F206B    1950 1999     B     .253         7      .266   .013  weak at every lag
 265 F221A    1875 1924     A     .316         0
 274 F226B    1875 1924     A     .312         0
 360 F293A    1800 1849     B     .325         3      .423   .098
 360 F293A    1825 1874     B     .297         1      .381   .084
 389 F313A    1850 1899     B     .355        -4      .423   .068
 395 F316A    1950 1999     A     .315         0
 425 F343D    1825 1874     B     .384        -4      .605   .221
 462 F379A    1850 1899     B     .307        -4      .441   .134
 485 F395A    1750 1799     A     .233         0
 498 F400B    1950 1999     A     .315         0
 500 C028A    1800 1849     A     .294         0
 500 C028A    1825 1874     B     .000         3      .237   .237  weak at every lag
 500 C028A    1850 1899     B     .257       -10      .335   .078
 501 C028B    1800 1849     A     .285         0
 501 C028B    1825 1874     B     .021       -10      .294   .272  weak at every lag
 501 C028B    1850 1899     B     .102       -10      .244   .142  weak at every lag

 DESCRIPTIVE STATISTICS: nd013
-----------------------------------------------------------------------------------------------------------------------------------

                                                Corr   //-------- Unfiltered --------\\  //-- dplR filtered --\\
                           No.    No.    No.    with   Mean   Max     Std   Auto   Mean   Max     Std   Auto  AR
 Seq Series   Interval   Years  Segmt  Flags   Master  msmt   msmt    dev   corr   sens  value    dev   corr  ()
 --- -------- ---------  -----  -----  -----   ------ -----  -----  -----  -----  -----  -----  -----  -----  --
   1 F003A    1848 2009    162      5      0    .719   1.19   3.25   .672   .637   .400   2.13   .390  -.029   1
   2 F003B    1846 2009    164      5      0    .737   1.02   2.89   .573   .513   .467   2.11   .415   .004   2
   3 F004B    1933 2009     77      1      0    .613   2.15   9.38  2.581   .894   .357   2.44   .401   .019   1
   4 F004A    1931 2009     79      1      0    .540   1.91  13.38  2.266   .725   .330   2.11   .363   .140   0
   5 F005A    1885 2010    126      3      0    .715   1.71   5.34  1.042   .772   .309   1.75   .308   .039   1
   6 F005D    1880 2010    131      3      0    .666   1.69   5.18  1.012   .760   .319   2.12   .319   .023   1
   7 F006B    1911 2010    100      2      0    .595   1.83   4.79   .880   .612   .296   1.98   .333  -.024   1
   8 F007A    1908 2010    103      2      0    .763   2.38   5.70  1.378   .796   .362   1.93   .341   .017   1
   9 F007B    1911 2010    100      2      0    .809   2.23   6.71  1.488   .748   .380   2.07   .362  -.002   1
  10 F010A    1871 2009    139      4      0    .560   1.37   3.76   .776   .708   .342   1.78   .326   .010   1
  11 F013A    1846 2009    164      5      0    .613   1.39   5.26   .726   .595   .350   2.02   .323  -.008   1
  12 F013B    1842 2009    168      5      0    .648   1.27   3.32   .594   .625   .332   1.83   .300   .006   1
  13 F015A    1867 2010    144      4      0    .682   1.73   6.57  1.209   .859   .306   1.82   .303   .020   1
  14 F015B    1867 2010    144      4      0    .697   1.74   6.94  1.142   .838   .303   1.80   .299   .014   1
  15 F017A    1940 2010     71      1      0    .464   2.38   9.42  2.114   .873   .387   1.93   .345   .100   3
  16 F017B    1943 2010     68      1      0    .460   2.30   8.93  1.639   .805   .342   1.73   .318   .096   1
  17 F019A    1876 2009    134      3      0    .548   1.22   3.10   .647   .735   .338   1.90   .327  -.015   1
  18 F019B    1876 2009    134      3      0    .621   1.21   2.78   .601   .642   .368   1.82   .339  -.041   3
  19 F020A    1843 2010    168      5      0    .669   1.04   2.52   .472   .657   .310   1.99   .307   .006   1
  20 F020C    1832 2010    179      5      0    .652   1.12   2.81   .547   .666   .320   1.90   .322  -.028   1
  21 F021C    1917 2010     94      2      0    .764   2.29   4.99   .973   .614   .331   1.64   .280   .011   2
  22 F021D    1915 2010     96      2      0    .742   2.12   4.73   .887   .481   .360   1.64   .332   .005   2
  23 F022A    1954 2009     56      0      0    .636   2.01   5.78  1.405   .760   .387   2.18   .378  -.012   1
  24 F022B    1954 2009     56      0      0    .669   1.58   3.65   .764   .575   .376   1.81   .357   .129   0
  25 F023C    1858 2009    152      4      0    .784   2.09   5.60  1.065   .698   .296   2.11   .298  -.007   1
  26 F025B    1833 2009    177      5      0    .512   1.30   4.59   .735   .662   .337   2.60   .338  -.013   1
  27 F026B    1822 2009    188      6      0    .682   1.10   3.17   .583   .753   .311   1.67   .294  -.000   1
  28 F027A    1747 2009    263      9      0    .704   1.09   4.70   .542   .645   .307   2.60   .325  -.011   1
  29 F027B    1742 2009    268      9      1    .668   1.19   4.33   .527   .574   .300   2.49   .317   .008   2
  30 F027C    1742 1814     73      1      0    .697    .97   2.36   .462   .637   .294   1.85   .320  -.024   1
  31 F028B    1884 2009    126      3      0    .781   2.08   6.90  1.278   .725   .400   1.80   .385  -.016   1
  32 F028C    1887 2009    123      3      0    .788   2.00   4.96  1.103   .680   .373   1.82   .370  -.014   1
  33 F031A    1889 2009    121      3      0    .695   1.44   3.24   .687   .456   .449   2.43   .384   .088   0
  34 F031C    1884 2009    126      3      0    .695   1.64   3.78   .885   .513   .518   2.45   .437   .018   1
  35 F032A    1948 2010     63      1      0    .615   2.61   7.31  1.381   .701   .337   1.98   .318   .031   1
  36 F032B    1948 2010     63      1      0    .622   2.62   7.49  1.400   .701   .334   2.02   .320   .039   1
  37 F035A    1790 2009    220      7      0    .752   1.31   4.61   .711   .811   .275   2.54   .273   .013   2
  38 F035B    1778 2009    232      7      0    .801   1.33   5.12   .743   .620   .361   2.26   .335  -.001   1
  39 F037A    1879 2009    131      3      0    .748   1.61   4.32   .848   .498   .448   2.09   .386  -.015   1
  40 F037B    1879 2009    131      3      0    .744   1.65   4.32   .879   .527   .444   2.14   .385  -.005   1
  41 F039A    1827 2009    183      5      0    .566   1.36   5.45   .787   .702   .307   2.31   .312   .013   2
  42 F039B    1826 2009    184      5      0    .588   1.53   6.20   .968   .761   .322   1.92   .308  -.024   1
  43 F040A    1863 2010    148      4      1    .476   1.58   3.26   .716   .653   .305   1.97   .305   .010   1
  44 F040B    1860 2010    151      4      0    .547   1.55   3.77   .812   .746   .321   2.07   .322   .008   1
  45 F042A    1881 2010    130      3      0    .661   1.78   5.08   .928   .579   .402   1.89   .361   .018   1
  46 F042B    1876 2010    135      3      0    .686   1.91   4.72   .931   .604   .374   1.89   .337   .018   1
  47 F043A    1938 2010     73      1      0    .580   2.09   5.26   .932   .584   .344   1.72   .287   .023   2
  48 F043B    1938 2010     73      1      0    .499   1.74   4.97   .993   .609   .365   1.74   .312  -.007   2
  49 F045A    1876 2009    134      3      0    .635   1.88   6.68  1.222   .828   .302   1.89   .294   .002   1
  50 F045B    1877 2009    133      3      0    .659   1.98   5.99  1.325   .842   .325   1.74   .319   .015   1
  51 F047A    1951 2010     60      0      0    .721   3.72  11.06  2.180   .714   .320   1.91   .314   .053   1
  52 F047B    1952 2010     59      0      0    .643   3.95   9.11  2.073   .732   .307   1.63   .287   .040   1
  53 F048A    1953 2010     58      0      0    .646   3.76   9.89  2.366   .604   .442   2.76   .439   .164   0
  54 F048B    1953 2010     58      0      0    .729   3.30  11.06  2.402   .639   .470   2.56   .462  -.005   1
  55 F052A    1964 2010     47      0      0    .678   2.16   4.66   .985   .331   .410   1.93   .330   .088   3
  56 F052B    1964 2010     47      0      0    .596   1.92   3.96   .873   .247   .453   2.11   .358   .091   2
  57 F053A    1890 2009    120      3      0    .649   2.47   9.54  1.945   .904   .245   2.00   .261   .031   1
  58 F053D    1884 2009    126      3      0    .688   2.45   7.27  1.502   .872   .251   1.60   .247   .012   1
  59 F055B    1833 2009    177      5      0    .695   1.32   3.37   .547   .646   .281   1.64   .272   .015   1
  60 F057A    1882 2010    129      3      0    .552    .99   3.55   .690   .686   .385   2.26   .391   .015   2
  61 F057B    1878 2009    132      3      0    .545   1.19   5.39   .798   .563   .394   2.79   .407   .022   1
  62 F060C    1747 2009    263      9      0    .643   1.23   5.39   .789   .570   .443   4.33   .495  -.007   1
  63 F060D    1737 2009    273      9      0    .712   1.33   4.32   .813   .603   .410   2.88   .457  -.024   1
  64 F060E    1749 2009    261      9      0    .743   1.28   4.63   .799   .600   .417   3.01   .458  -.033   1
  65 F060F    1747 2009    263      9      0    .738   1.31   4.44   .805   .601   .401   2.87   .450  -.028   1
  66 F061A    1964 2010     47      0      0    .622   5.23  11.94  2.870   .765   .350   2.49   .381   .057   1
  67 F061B    1964 2010     47      0      0    .630   5.09  11.82  2.631   .703   .366   2.31   .376   .050   1
  68 F062A    1880 2010    131      3      0    .735   3.19   9.46  1.561   .619   .360   1.79   .338   .014   2
  69 F062B    1878 2010    133      3      0    .716   3.36   6.95  1.367   .515   .346   1.63   .322  -.001   2
  70 F064A    1894 2010    117      3      0    .643   1.38   5.07   .726   .376   .428   1.93   .369   .052   0
  71 F064B    1889 2010    122      3      0    .674   1.57   6.53   .948   .675   .374   2.09   .352  -.013   2
  72 F066A    1849 2009    161      5      0    .740   2.02   7.95  1.223   .743   .318   1.76   .303  -.009   1
  73 F066B    1837 2009    173      5      0    .693   2.04   8.12  1.615   .841   .329   1.84   .307  -.017   1
  74 F067A    1932 2009     78      1      0    .548   2.61  14.48  2.822   .894   .316   2.34   .424   .078   1
  75 F067B    1931 2009     79      1      0    .532   2.36  14.15  2.723   .871   .421   2.44   .470   .077   1
  76 F071A    1946 2009     64      1      0    .679   2.41   9.85  1.970   .852   .312   1.66   .305  -.036   1
  77 F071B    1946 2009     64      1      0    .662   2.44   9.48  1.812   .816   .331   1.84   .334  -.016   1
  78 F072B    1881 2009    129      3      0    .681   2.49   7.51  1.546   .834   .274   1.76   .266   .033   1
  79 F072C    1883 2009    127      3      0    .601   2.39   8.50  1.495   .845   .278   1.82   .271   .040   1
  80 F075A    1940 2010     71      1      1    .410   1.74   5.06   .992   .672   .422   2.04   .377  -.035   2
  81 F075B    1940 2010     71      1      0    .434   1.46   3.76   .821   .592   .491   2.33   .428  -.033   2
  82 F076B    1917 2009     93      2      0    .702   1.92   4.96   .916   .323   .443   2.27   .410   .022   3
  83 F076C    1913 2009     97      2      0    .709   2.07   6.22  1.073   .443   .443   2.52   .427   .017   3
  84 F077A    1948 2010     63      1      0    .412   2.51   6.86  1.283   .773   .259   1.73   .268  -.027   1
  85 F077B    1948 2010     63      1      0    .482   2.20   5.54  1.140   .758   .294   2.00   .301  -.064   1
  86 F080A    1828 2009    182      5      0    .579   1.27   4.02   .773   .793   .317   2.48   .319   .039   3
  87 F080B    1829 2009    181      5      0    .649   1.30   4.65   .871   .808   .319   1.99   .321   .043   1
  88 F081B    1846 2009    164      5      0    .602   1.50   5.47   .946   .716   .400   1.94   .361   .016   1
  89 F082A    1878 2009    132      3      0    .592   1.03   4.45   .660   .741   .379   1.96   .342   .008   1
  90 F082B    1878 2009    132      3      0    .643   1.21   4.32   .738   .787   .330   1.86   .315   .004   1
  91 F084A    1830 2009    180      5      0    .678   1.60   3.89   .737   .479   .391   2.17   .366  -.007   1
  92 F084B    1829 2009    181      5      0    .681   1.33   3.00   .622   .372   .438   2.04   .396   .006   1
  93 F085A    1874 2009    136      4      0    .675   1.73   7.67  1.480   .914   .280   1.61   .272  -.026   1
  94 F085B    1880 2009    130      3      0    .678   1.51   5.39  1.096   .847   .303   1.76   .271  -.012   1
  95 F086B    1783 2009    227      7      0    .702   2.09   7.06  1.169   .700   .338   1.94   .333   .007   2
  96 F086C    1792 2009    218      7      0    .735   2.18   6.39  1.146   .636   .372   1.99   .356   .019   1
  97 F087A    1888 2009    122      3      0    .675   1.84   8.32  1.509   .863   .342   2.27   .342  -.009   1
  98 F087B    1884 2009    126      3      0    .638   1.67   6.02  1.234   .746   .358   1.80   .348   .014   1
  99 F088A    1869 2009    141      4      0    .797   1.54   6.96  1.328   .882   .350   2.15   .355   .004   1
 100 F088B    1866 2009    144      4      0    .779   1.58   6.39  1.365   .880   .340   2.11   .340   .012   1
 101 F089A    1832 2009    178      5      0    .548   1.34   4.01   .715   .546   .391   2.28   .375   .001   2
 102 F089B    1830 2009    180      5      0    .569   1.23   4.53   .730   .586   .393   2.57   .404  -.018   1
 103 F091A    1930 2009     80      1      0    .732   1.68   4.30   .737   .367   .440   1.87   .381   .064   0
 104 F091B    1930 2009     80      1      0    .663   1.78   4.19   .737   .359   .408   1.74   .358   .122   0
 105 F092A    1872 2009    138      4      0    .753   1.38   4.83   .880   .811   .340   1.74   .330  -.017   1
 106 F092C    1865 2009    145      4      0    .755   1.71   6.30  1.207   .892   .283   1.80   .289   .036   1
 107 F093A    1931 2010     80      1      0    .576   1.39   4.75  1.170   .853   .422   2.53   .399   .018   1
 108 F093B    1931 2010     80      1      0    .669   1.54   4.41   .979   .754   .411   2.00   .378   .031   1
 109 F094A    1868 2009    142      4      0    .828   1.46   3.60   .678   .627   .337   1.97   .318  -.017   3
 110 F094B    1868 2009    142      4      0    .734   1.44   3.45   .671   .662   .337   2.00   .316  -.026   3
 111 F095A    1909 2009    101      2      0    .638   2.12   6.24  1.251   .738   .389   2.03   .348   .044   1
 112 F095B    1910 2009    100      2      0    .589   1.97   5.93  1.191   .688   .429   2.00   .388   .040   1
 113 F096A    1868 2010    143      4      0    .637   2.39   5.87  1.085   .726   .286   1.64   .264   .015   1
 114 F096B    1867 2010    144      4      0    .655   2.49   5.94  1.145   .730   .283   2.32   .273   .016   1
 115 F097A    1973 2009     37      0      0    .575   2.76   5.78  1.373   .749   .321   1.82   .304   .066   1
 116 F101A    1880 2010    131      3      0    .610   1.40   3.82   .704   .550   .376   2.05   .359   .011   2
 117 F101B    1883 2010    128      3      0    .589   1.60   4.76   .863   .621   .357   1.88   .343   .021   1
 118 F102A    1933 2010     78      1      0    .641   2.56   8.02  1.595   .738   .444   1.59   .355   .019   2
 119 F102B    1933 2010     78      1      0    .579   2.35   7.51  1.559   .714   .402   1.75   .357   .059   1
 120 F103A    1874 2009    136      3      0    .737   1.65   5.45  1.098   .841   .314   1.77   .291   .014   2
 121 F103B    1876 2009    134      3      0    .660   1.68   6.02  1.057   .842   .292   1.79   .281  -.012   1
 122 F106A    1909 2010    102      2      0    .520   1.72   4.71  1.142   .831   .338   2.04   .325  -.009   2
 123 F106B    1913 2010     98      2      0    .625   1.83   5.94  1.416   .814   .347   2.15   .315  -.014   2
 124 F107A    1929 2010     82      1      0    .696   1.83   5.22   .974   .530   .386   2.03   .368   .007   1
 125 F107B    1929 2010     82      1      0    .640   1.58   4.40   .966   .657   .405   2.02   .367   .137   0
 126 F108A    1875 2009    135      3      0    .715   1.40   4.94   .994   .758   .431   2.39   .411  -.001   1
 127 F108B    1875 2009    135      3      0    .733   1.51   4.71   .937   .744   .396   2.01   .363   .005   2
 128 F111A    1736 2009    274      9      0    .757   1.39   4.63   .684   .680   .301   2.37   .322   .007   2
 129 F111B    1734 2009    276      9      0    .747   1.43   4.98   .708   .659   .311   2.45   .318   .002   2
 130 F111D    1745 2009    265      9      0    .800   1.46   5.10   .665   .606   .313   2.15   .319   .000   2
 131 F112B    1756 2009    254      8      0    .779   1.07   3.09   .500   .624   .337   1.93   .310  -.011   3
 132 F112C    1757 1843     87      1      0    .796   1.12   2.82   .576   .588   .426   2.00   .389   .001   3
 133 F112D    1753 1843     91      1      0    .798   1.15   2.65   .592   .604   .428   2.15   .399  -.002   3
 134 F113B    1785 2009    225      7      0    .751   1.11   4.03   .646   .705   .373   2.23   .368  -.030   1
 135 F113C    1779 2009    231      7      0    .773   1.14   4.16   .674   .702   .382   2.23   .375   .009   3
 136 F114A    1914 2009     96      2      0    .739   2.18   8.17  1.762   .763   .344   1.79   .321   .000   2
 137 F114B    1915 2009     95      2      0    .749   1.91   6.31  1.219   .677   .366   2.02   .341   .016   2
 138 F118A    1903 2010    108      2      0    .752   2.11   5.94  1.066   .529   .367   2.21   .367   .015   1
 139 F118B    1903 2010    108      2      0    .705   2.37   6.04  1.139   .562   .350   2.10   .340   .027   1
 140 F123A    1899 2010    112      3      0    .644   1.65   5.35   .969   .556   .439   1.91   .391   .089   0
 141 F123B    1901 2010    110      2      0    .453   1.75   5.30  1.048   .570   .453   1.90   .401   .016   1
 142 F124B    1829 2010    182      5      0    .541   1.24   7.46  1.202   .707   .483   2.89   .459  -.007   3
 143 F124D    1809 2010    202      6      1    .623   1.21   7.44  1.182   .705   .477   2.76   .476   .013   2
 144 F124A    1803 2010    208      6      0    .647   1.12   5.30   .931   .707   .453   2.65   .418   .008   2
 145 F124C    1809 2010    202      6      0    .577   1.18   5.03   .963   .689   .454   2.57   .426   .015   2
 146 F126A    1870 2009    140      4      0    .603   1.42   3.77   .700   .654   .363   1.90   .349   .022   1
 147 F127B    1940 2009     70      1      0    .513   2.45   9.33  1.932   .816   .393   1.92   .359  -.021   2
 148 F127C    1940 2009     70      1      0    .545   2.31   8.39  1.781   .811   .373   1.99   .352  -.020   3
 149 F129A    1853 2009    157      4      0    .743   1.94   6.34  1.117   .753   .346   1.87   .325   .006   1
 150 F129B    1845 2009    165      5      0    .728   1.90   5.64  1.074   .686   .374   1.87   .349   .014   1
 151 F131A    1882 2010    129      3      0    .676   1.48   4.19   .736   .554   .329   2.35   .361   .014   1
 152 F131B    1888 2010    123      3      0    .710   1.37   3.72   .695   .646   .333   1.94   .316   .004   1
 153 F132A    1937 2010     74      1      0    .451   1.77   5.11  1.377   .813   .417   2.89   .409   .041   1
 154 F132B    1937 2010     74      1      0    .462   1.89   4.85  1.303   .818   .386   1.99   .335   .030   2
 155 F133B    1872 2009    138      4      0    .621    .99   2.89   .511   .655   .335   1.89   .326   .005   1
 156 F134A    1878 2009    132      3      0    .723   1.33   4.52   .882   .850   .292   1.87   .278   .021   1
 157 F134B    1878 2009    132      3      0    .663   1.36   4.12   .855   .861   .274   1.95   .280  -.010   1
 158 F135D    1797 2010    214      7      1    .554   1.04   3.76   .602   .688   .313   1.96   .309   .000   1
 159 F135E    1799 2010    212      7      0    .616    .93   4.02   .579   .729   .348   2.01   .323   .030   1
 160 F136A    1872 2009    138      4      0    .548   1.11   3.96   .700   .730   .399   1.78   .337   .007   2
 161 F136B    1872 2009    138      4      0    .581   1.21   4.45   .849   .681   .454   2.73   .438   .023   1
 162 F138A    1815 2010    196      6      0    .687   1.36   3.72   .614   .587   .317   1.83   .303   .014   1
 163 F138C    1816 2010    195      6      0    .688   1.40   3.67   .678   .601   .333   1.96   .312   .023   1
 164 F139A    1871 2010    140      4      0    .696   1.18   4.97   .810   .788   .368   1.83   .327   .013   1
 165 F139B    1871 2010    140      4      1    .585   1.38   6.65  1.023   .862   .330   1.73   .298   .033   1
 166 F140B    1836 2009    174      5      0    .619   1.58   5.67  1.049   .806   .280   2.08   .279  -.020   1
 167 F143A    1746 2009    264      9      0    .733   1.03   2.77   .485   .676   .296   2.12   .313  -.013   3
 168 F143B    1750 2009    260      8      0    .727   1.01   2.65   .481   .652   .314   2.01   .319   .014   1
 169 F143C    1743 2009    267      9      0    .756   1.08   3.28   .605   .730   .321   2.30   .329   .011   1
 170 F144A    1929 2010     82      1      0    .524   1.67   4.36   .870   .690   .374   1.75   .355   .058   1
 171 F144B    1929 2010     82      1      0    .429   2.18   5.27  1.104   .551   .426   2.23   .391   .023   2
 172 F145C    1870 2009    140      4      0    .709   2.33   5.61  1.088   .625   .354   2.37   .340   .003   1
 173 F148A    1875 2010    136      3      0    .513   1.69   3.47   .719   .661   .302   2.01   .288  -.002   2
 174 F148B    1875 2010    136      3      1    .422   1.29   3.27   .612   .637   .315   1.80   .322   .032   1
 175 F149A    1933 2009     77      1      0    .517   1.87   8.74  1.182   .633   .336   1.90   .313   .103   2
 176 F149B    1933 2009     77      1      0    .492   2.05  10.84  1.734   .804   .342   2.33   .358   .056   1
 177 F150A    1905 2009    105      2      0    .817   2.57   6.13  1.244   .555   .400   2.06   .387   .032   1
 178 F150B    1911 2009     99      2      0    .853   2.26   4.57   .947   .473   .387   1.95   .353   .017   1
 179 F151A    1871 2009    139      4      0    .723   2.31  11.24  1.746   .814   .336   1.78   .309  -.037   1
 180 F151B    1870 2009    140      4      0    .656   2.21   9.41  1.614   .778   .323   2.18   .320   .004   2
 181 F152A    1852 2009    158      4      0    .590    .93   2.48   .449   .583   .370   1.99   .353  -.009   1
 182 F152B    1852 2009    158      4      0    .565    .91   2.72   .423   .556   .370   2.06   .346  -.008   1
 183 F155A    1880 2009    130      3      0    .744   1.86   4.52   .846   .476   .393   1.90   .357   .020   1
 184 F155B    1880 2009    130      3      0    .764   1.85   4.42   .880   .486   .439   1.94   .385   .012   1
 185 F157B    1882 2009    128      3      0    .699   2.31   5.66  1.016   .470   .362   1.98   .326  -.021   1
 186 F157C    1881 2009    129      3      0    .708   2.83   6.58  1.236   .462   .357   2.00   .331  -.011   1
 187 F158A    1818 2010    193      6      0    .733   1.24   3.29   .703   .578   .437   2.27   .379   .051   0
 188 F161A    1834 2009    176      5      0    .612   1.15   6.07  1.114   .875   .298   2.05   .305   .000   3
 189 F161B    1839 2009    171      5      0    .634   1.10   5.57   .868   .803   .287   2.45   .303  -.016   1
 190 F162A    1736 2009    274      9      0    .761   1.44   5.33   .792   .727   .303   2.80   .322  -.002   1
 191 F162B    1732 2009    278      9      0    .817   1.59   5.21   .771   .696   .303   2.60   .308   .006   2
 192 F162C    1738 2009    272      9      0    .790   1.41   5.17   .690   .655   .310   2.81   .318  -.022   1
 193 F163A    1931 2010     80      1      0    .652   1.75   3.94   .744   .432   .395   1.63   .335  -.037   2
 194 F163B    1931 2010     80      1      0    .465   1.63   3.25   .730   .523   .356   1.91   .360  -.022   2
 195 F165A    1928 2010     83      1      0    .589   2.12   5.13   .974   .478   .434   1.94   .360   .007   2
 196 F166A    1882 2009    128      3      0    .610   1.32   3.23   .680   .615   .380   1.75   .326   .104   0
 197 F166B    1882 2009    128      3      0    .672   1.47   3.40   .710   .546   .384   1.89   .333  -.018   2
 198 F167A    1871 2009    139      4      0    .624   1.51   7.42  1.139   .873   .313   1.72   .301   .010   1
 199 F167B    1868 2009    142      4      0    .690   1.51   5.79  1.032   .811   .337   2.13   .332  -.017   1
 200 F168A    1870 2009    140      4      0    .742   1.75   7.26  1.482   .803   .427   2.17   .428  -.015   1
 201 F168B    1872 2009    138      4      0    .667   1.76   6.73  1.459   .836   .422   2.25   .444   .031   1
 202 F169B    1881 2009    129      3      0    .662   1.29   3.44   .703   .646   .351   1.81   .329   .027   1
 203 F169C    1877 2009    133      3      0    .657   1.27   4.32   .851   .711   .341   1.94   .339   .025   1
 204 F170A    1783 2009    227      7      0    .728    .84   2.34   .459   .750   .326   2.39   .344  -.015   1
 205 F170B    1757 2009    253      8      0    .694    .82   2.10   .446   .757   .324   2.41   .323  -.002   1
 206 F170C    1761 2009    249      8      0    .648    .85   2.77   .539   .847   .336   2.57   .340   .023   1
 207 F172A    1951 2010     60      0      0    .560   3.12   6.41  1.467   .652   .326   1.57   .281   .105   0
 208 F172B    1952 2010     59      0      0    .598   2.81   6.14  1.337   .558   .371   1.59   .326   .146   0
 209 F175A    1883 2009    127      3      0    .650   1.76   4.49  1.016   .612   .427   2.76   .424  -.010   2
 210 F175B    1881 2009    129      3      0    .641   1.63   4.07   .833   .495   .400   2.43   .409  -.010   2
 211 F177A    1916 2009     94      2      0    .740   3.43   8.80  1.666   .647   .378   1.80   .329   .047   1
 212 F177B    1916 2009     94      2      0    .658   3.13   8.55  1.678   .729   .370   1.77   .331   .027   1
 213 F178A    1875 2010    136      3      0    .723   1.77   5.44   .928   .587   .366   2.16   .349  -.006   2
 214 F178B    1875 2010    136      4      0    .632   1.56   4.70   .785   .646   .360   1.77   .315   .116   0
 215 F179B    1835 2009    175      5      0    .609   1.35   3.92   .703   .598   .355   1.81   .337   .000   1
 216 F181A    1823 2009    187      6      0    .698   1.88   6.91  1.232   .829   .323   1.72   .325  -.003   1
 217 F181D    1821 2009    189      6      0    .624   1.86   6.86  1.220   .841   .324   1.70   .310  -.021   1
 218 F184A    1870 2009    140      4      0    .640   1.36   6.21  1.191   .909   .277   1.83   .268   .008   1
 219 F184B    1868 2009    142      4      0    .740   1.27   5.07   .974   .895   .307   1.63   .287  -.004   1
 220 F185A    1932 2009     78      1      0    .608   1.51   7.98  1.594   .888   .418   1.98   .395  -.032   1
 221 F185B    1932 2009     78      1      0    .646   1.91   9.17  1.846   .901   .337   1.85   .326  -.001   1
 222 F187A    1836 2009    174      5      0    .654   1.54   5.28   .805   .603   .386   2.14   .347   .009   1
 223 F187B    1836 2009    174      5      0    .686   1.41   3.19   .642   .495   .357   2.35   .343  -.003   1
 224 F189A    1791 2010    220      7      0    .683   1.04   3.35   .750   .799   .393   2.56   .388   .008   2
 225 F189B    1807 2010    204      6      0    .678    .94   2.83   .566   .700   .365   2.49   .344   .010   2
 226 F189C    1795 2010    216      7      0    .661   1.16   4.14   .636   .702   .319   2.68   .339  -.009   1
 227 F190B    1903 2010    108      2      0    .698   1.95   4.65   .961   .570   .392   1.72   .361   .016   1
 228 F190C    1905 2010    106      2      0    .712   1.84   5.19   .976   .593   .395   2.08   .368   .009   3
 229 F191A    1862 2009    148      4      0    .685   1.57   4.32   .915   .705   .373   1.89   .338  -.012   1
 230 F192B    1881 2009    129      3      0    .688   2.22   7.09  1.273   .703   .396   2.30   .349  -.013   1
 231 F193A    1872 2009    138      4      0    .726   1.56   4.93   .949   .769   .323   1.86   .301   .009   2
 232 F193B    1869 2009    141      4      0    .836   1.63   6.00  1.192   .812   .363   2.08   .345  -.023   1
 233 F194A    1827 2010    184      5      0    .599   1.24   3.55   .729   .778   .317   1.86   .300  -.006   1
 234 F194C    1828 2010    183      5      0    .658   1.10   3.96   .584   .711   .308   2.01   .312   .022   1
 235 F195A    1938 2010     73      1      0    .639   3.25  10.26  2.361   .826   .364   1.83   .320   .024   2
 236 F195B    1939 2010     72      1      0    .702   2.87   7.82  1.920   .812   .362   1.84   .321   .020   2
 237 F196A    1839 2009    171      5      0    .703   1.39   5.01   .914   .769   .301   1.90   .304   .002   1
 238 F196B    1842 2009    168      5      0    .674   1.38   5.38   .984   .818   .308   2.44   .329   .015   1
 239 F200A    1956 2009     54      0      0    .593   3.19   7.33  2.099   .859   .319   1.62   .287  -.047   2
 240 F200B    1956 2010     55      0      0    .639   2.78   9.73  2.084   .818   .353   1.68   .315  -.030   2
 241 F201A    1891 2010    120      3      0    .603   1.39   4.45  1.042   .749   .448   2.85   .431  -.022   1
 242 F201B    1885 2010    126      3      0    .726   1.46   4.70  1.012   .729   .392   1.95   .385   .018   1
 243 F204B    1762 2010    249      8      0    .659   1.55   4.44   .829   .624   .333   2.43   .363  -.011   1
 244 F205A    1906 2010    105      2      0    .649   1.93   7.06  1.103   .582   .397   2.18   .349   .019   2
 245 F205B    1902 2010    109      2      0    .687   1.92   6.54  1.224   .695   .421   1.93   .381   .008   1
 246 F206A    1937 2010     74      1      0    .487   1.80   7.09  1.359   .756   .317   2.08   .336   .042   1
 247 F206B    1937 2010     74      1      1    .370   1.70   5.19  1.182   .792   .418   2.93   .431   .120   0
 248 F207A    1865 2010    146      4      0    .641   1.95   4.61   .823   .469   .341   2.41   .315   .054   0
 249 F207B    1856 2010    155      4      0    .682   2.09   5.64   .964   .706   .290   1.62   .260   .001   1
 250 F210A    1931 2010     80      1      0    .648   2.65   6.89  1.631   .777   .382   2.16   .341   .013   1
 251 F210B    1931 2010     80      1      0    .702   2.68   8.02  1.800   .740   .458   1.92   .367   .023   3
 252 F211A    1935 2009     75      1      0    .538   3.36   8.73  2.310   .820   .321   1.72   .284  -.038   2
 253 F211B    1937 2009     73      1      0    .544   3.17   8.84  2.158   .769   .319   1.67   .280  -.028   2
 254 F213A    1879 2009    131      3      0    .731   1.77   7.28  1.285   .874   .322   1.74   .296  -.014   2
 255 F215A    1878 2009    132      3      0    .694   1.31   4.47   .898   .770   .372   1.98   .365  -.005   1
 256 F215B    1878 2009    132      3      0    .743   1.31   3.55   .747   .754   .328   1.93   .325   .006   1
 257 F216A    1872 2009    138      4      0    .702   1.87   6.40  1.031   .786   .285   1.83   .278   .005   1
 258 F216B    1876 2009    134      3      0    .773   1.38   4.06   .654   .580   .355   2.03   .339  -.005   1
 259 F217A    1872 2009    138      4      0    .789   1.74   4.64   .955   .679   .374   1.78   .332  -.020   1
 260 F218A    1950 2010     61      1      0    .644   4.61  10.41  1.852   .512   .284   1.67   .240  -.097   0
 261 F218B    1952 2010     59      0      0    .638   3.87   7.69  1.495   .498   .270   1.44   .242   .033   0
 262 F220A    1789 2009    221      7      0    .831   2.15   6.32  1.088   .603   .340   2.33   .325  -.001   1
 263 F220B    1788 2009    222      7      0    .823   2.02   7.40  1.360   .773   .360   2.48   .342  -.001   2
 264 F220C    1779 2009    231      7      0    .781   2.02   8.52  1.390   .778   .349   2.57   .333  -.021   1
 265 F221A    1874 2010    137      4      1    .450   1.98   6.12  1.089   .779   .320   1.96   .312   .026   1
 266 F222A    1932 2010     79      1      0    .664   2.53   8.87  1.891   .873   .339   1.74   .325   .027   1
 267 F222B    1934 2010     77      1      0    .723   2.69   9.25  1.875   .904   .302   1.72   .280  -.009   1
 268 F223A    1941 2010     70      1      0    .437   3.92   9.97  2.054   .780   .226   1.53   .228   .043   2
 269 F223B    1941 2010     70      1      0    .562   3.19   8.07  1.845   .849   .248   1.54   .242   .052   1
 270 F224D    1790 2010    221      7      0    .508    .95   3.57   .644   .703   .394   2.44   .397  -.001   1
 271 F225B    1783 2010    228      7      0    .746   1.28   3.09   .707   .715   .352   2.34   .358  -.002   1
 272 F225C    1788 2010    223      7      0    .685   1.24   3.21   .707   .718   .380   2.34   .364  -.038   1
 273 F226A    1886 2010    125      3      0    .659   2.24   4.68   .862   .491   .325   1.78   .297   .012   1
 274 F226B    1873 2010    138      4      1    .568   2.37   7.05  1.245   .582   .404   2.13   .354   .105   0
 275 F227A    1760 2010    251      8      0    .700   1.32   3.68   .592   .643   .289   2.14   .298  -.007   1
 276 F227B    1746 2010    265      9      0    .709   1.38   3.85   .654   .706   .280   2.19   .286  -.042   1
 277 F228A    1940 2010     71      1      0    .506   1.38   5.62   .959   .714   .434   2.05   .379  -.005   2
 278 F228B    1940 2010     71      1      0    .483   1.45   4.74   .928   .705   .432   2.24   .420   .033   2
 279 F231C    1922 2010     89      2      0    .550   3.13  15.41  2.707   .732   .383   2.13   .377   .041   2
 280 F232A    1928 2010     83      1      0    .567   2.38   4.86  1.019   .642   .321   1.67   .295   .020   2
 281 F233A    1909 2010    102      2      0    .586   2.61  10.32  1.628   .650   .364   2.87   .391   .014   1
 282 F233B    1911 2010    100      2      0    .571   2.94  13.50  1.981   .733   .323   2.25   .350  -.002   2
 283 F234A    1952 2010     59      0      0    .552   2.07   5.08  1.063   .553   .397   1.85   .385  -.004   2
 284 F234B    1952 2010     59      0      0    .624   2.93   6.06  1.387   .575   .340   1.76   .315  -.027   1
 285 F235A    1872 2010    139      4      0    .718   1.43   5.66   .973   .840   .322   2.47   .311   .013   1
 286 F235B    1865 2010    146      4      0    .580   1.51   5.58   .919   .621   .412   2.31   .413  -.002   1
 287 F236A    1950 2010     61      0      0    .468   2.07   6.66  1.608   .876   .342   1.71   .330   .082   1
 288 F236B    1950 2010     61      0      0    .678   2.67   6.88  1.948   .852   .378   2.19   .345   .016   1
 289 F237D    1860 2010    151      4      0    .747   2.45  10.35  1.522   .782   .368   1.88   .328  -.003   1
 290 F237E    1867 2010    144      4      0    .707   2.25   7.24  1.257   .727   .342   1.94   .311  -.005   1
 291 F238A    1785 2010    226      7      0    .557    .78   1.93   .347   .619   .287   1.99   .292  -.007   1
 292 F238B    1755 2009    255      8      0    .621    .90   2.66   .465   .731   .282   2.21   .284   .010   2
 293 F238D    1788 2010    223      7      0    .579    .85   2.26   .391   .579   .318   2.90   .342  -.018   1
 294 F242A    1907 2010    104      2      0    .630   2.35  10.25  2.111   .885   .363   2.27   .345  -.013   1
 295 F242B    1909 2010    102      2      0    .669   2.41   7.69  1.650   .847   .291   1.50   .260  -.002   1
 296 F243A    1878 2010    133      3      0    .740   1.78   6.62   .958   .687   .359   2.01   .327  -.015   2
 297 F243B    1873 2010    138      4      0    .696   1.72   4.77   .831   .633   .343   2.01   .311  -.006   2
 298 F245A    1808 2010    203      6      0    .736   1.42   6.37  1.084   .815   .330   1.72   .314  -.033   1
 299 F246B    1880 2010    131      3      0    .478   1.51   4.45   .849   .636   .401   1.99   .365   .005   1
 300 F246C    1878 2010    133      3      0    .492   1.49   4.31   .875   .651   .413   1.88   .355  -.001   1
 301 F247A    1856 2010    155      4      0    .606   2.44   5.52   .995   .626   .280   1.82   .281   .037   1
 302 F247B    1864 2010    147      4      0    .500   2.34   5.65   .957   .696   .259   2.01   .266   .031   1
 303 F248A    1948 2010     63      1      0    .593   2.91   9.54  2.137   .772   .336   2.07   .392   .112   1
 304 F248B    1944 2010     67      1      0    .559   3.21  12.39  2.785   .834   .396   2.18   .407   .093   1
 305 F250A    1901 2010    110      2      0    .710   2.54   7.97  1.838   .791   .396   2.21   .386   .024   1
 306 F250B    1904 2010    107      2      0    .674   2.16   6.66  1.579   .814   .401   2.18   .362   .016   1
 307 F251A    1945 2010     66      1      0    .496   4.15   9.86  2.008   .702   .327   1.70   .276   .034   2
 308 F251B    1943 2010     68      1      0    .688   4.19   8.80  2.149   .776   .338   1.56   .271   .053   2
 309 F252A    1974 2010     37      0      0    .729   2.97   4.77   .895   .303   .287   1.51   .262   .081   0
 310 F252B    1974 2010     37      0      0    .541   2.86   5.01   .942   .422   .332   1.50   .278   .181   0
 311 F255A    1880 2010    131      3      0    .719   1.36   3.11   .666   .535   .438   2.13   .377   .111   0
 312 F255B    1880 2010    131      3      0    .671   1.44   4.85   .806   .695   .366   1.94   .341  -.008   2
 313 F256A    1890 2010    121      3      0    .650   1.95   9.47  1.797   .866   .349   2.04   .335   .006   1
 314 F256B    1893 2010    118      3      0    .665   1.62   7.48  1.450   .842   .458   2.52   .400  -.050   0
 315 F257A    1872 2010    139      4      0    .611   2.10  10.52  1.630   .804   .347   2.12   .354   .002   1
 316 F257C    1872 2010    139      4      0    .603   2.03   7.33  1.341   .796   .313   2.13   .323   .043   2
 317 F258A    1931 2010     80      1      0    .727   2.07   5.55  1.248   .577   .489   2.52   .451   .017   1
 318 F258B    1931 2010     80      1      0    .723   2.04   7.68  1.350   .557   .488   2.28   .478   .008   1
 319 F261A    1936 2010     75      1      0    .577   2.35   9.81  2.051   .835   .423   2.05   .414  -.028   1
 320 F261B    1932 2010     79      1      0    .523   2.45  10.06  2.063   .852   .367   3.78   .512  -.282   1
 321 F262B    1826 2010    185      5      0    .599   1.07   9.14  1.054   .758   .364   2.05   .351   .026   1
 322 F262C    1822 2010    189      6      0    .631   1.17   7.36  1.069   .790   .430   2.69   .413   .005   1
 323 F264A    1903 2009    107      2      0    .438   1.74  12.27  2.072   .783   .504   2.26   .471   .021   1
 324 F264B    1903 2009    107      2      0    .644   1.81   8.24  1.802   .807   .420   2.37   .397   .009   1
 325 F265A    1941 2009     69      1      0    .566   2.51  10.29  2.247   .863   .313   1.73   .281   .017   3
 326 F265B    1933 2009     77      1      0    .633   3.41  10.55  2.540   .853   .334   1.99   .306   .032   2
 327 F269A    1876 2009    134      3      0    .682   1.68   9.44  1.233   .886   .232   1.85   .245  -.035   1
 328 F269B    1868 2009    142      4      0    .657   1.70   7.19  1.150   .866   .256   1.63   .256  -.019   1
 329 F270A    1846 2009    164      5      0    .664   1.73   5.31  1.024   .692   .357   1.81   .321  -.008   2
 330 F270B    1837 2009    173      5      0    .656   1.88   4.88  1.081   .751   .312   1.78   .290  -.019   1
 331 F272A    1869 2009    141      4      0    .673   2.20   8.35  1.791   .841   .348   2.03   .325   .019   1
 332 F272C    1871 2009    139      4      0    .670   2.02   7.13  1.530   .811   .346   2.05   .327   .014   1
 333 F273A    1914 2010     97      2      0    .674   2.66  12.45  1.675   .670   .285   1.73   .295   .107   1
 334 F273B    1907 2010    104      2      0    .695   2.31   5.34   .967   .585   .311   1.56   .283   .024   1
 335 F274A    1931 2010     80      1      0    .546   2.15   6.25  1.428   .571   .501   2.11   .463   .031   2
 336 F274B    1931 2010     80      1      0    .492   1.90   6.07  1.376   .645   .447   2.94   .447   .004   1
 337 F275A    1871 2010    140      4      0    .606    .96   3.26   .526   .614   .383   2.11   .353   .008   1
 338 F275B    1871 2009    139      4      0    .708   1.32   3.34   .534   .297   .365   2.37   .346   .109   0
 339 F276A    1963 2009     47      0      0    .747   3.76   9.44  2.463   .724   .410   1.94   .380   .039   1
 340 F278A    1850 2009    160      4      0    .628   1.16   6.34   .887   .865   .329   2.16   .319  -.000   1
 341 F279B    1883 2009    127      3      0    .738   2.34   7.66  1.377   .845   .303   1.56   .281   .009   1
 342 F280B    1886 2009    124      3      0    .713   1.27   4.05   .805   .634   .492   2.53   .426   .014   1
 343 F281A    1914 2009     96      2      0    .789   2.83   8.67  1.529   .610   .390   2.15   .366   .032   1
 344 F281B    1911 2009     99      2      0    .790   2.84   7.81  1.842   .686   .409   2.03   .391   .065   1
 345 F282A    1860 2009    150      4      0    .689   2.21   5.88  1.016   .666   .335   1.80   .299  -.013   1
 346 F282B    1858 2009    152      4      0    .655   2.91   8.88  1.457   .745   .303   1.85   .279  -.013   1
 347 F283A    1938 2010     73      1      0    .621   3.07  12.00  2.231   .694   .416   2.15   .411   .002   1
 348 F283B    1941 2010     70      1      0    .673   2.93   7.41  1.929   .766   .412   2.06   .380   .020   1
 349 F284A    1894 2009    116      3      0    .693   2.34   7.49  1.584   .705   .420   3.06   .443   .026   1
 350 F284D    1879 2009    131      3      0    .688   2.25   8.46  1.658   .732   .416   2.92   .450   .041   1
 351 F286B    1907 2010    104      2      0    .668   1.16   5.36   .864   .615   .464   2.66   .426   .031   1
 352 F288A    1837 2009    173      5      0    .721   1.17   3.75   .713   .686   .386   1.92   .347  -.013   1
 353 F288B    1837 2009    173      5      0    .695   1.30   3.32   .569   .525   .346   1.87   .313  -.008   1
 354 F290A    1931 2010     80      1      0    .559   1.49   4.74   .973   .736   .379   1.69   .331   .054   1
 355 F290B    1931 2010     80      1      0    .613   1.63   5.20  1.060   .765   .325   1.78   .296   .065   1
 356 F291A    1828 2010    183      5      0    .709   1.31   7.55  1.227   .886   .353   1.76   .313   .010   2
 357 F291B    1830 2010    181      5      0    .556   1.40   7.07  1.148   .821   .376   3.86   .393   .008   1
 358 F292A    1965 2010     46      0      0    .602   2.52   8.11  1.787   .548   .411   1.81   .359   .014   0
 359 F292B    1963 2010     48      0      0    .586   3.50  10.23  2.393   .626   .359   1.74   .337   .133   0
 360 F293A    1796 2010    215      7      2    .459   1.37   5.59   .805   .739   .306   3.20   .334   .004   1
 361 F293B    1797 2010    214      7      0    .627   1.37   4.43   .830   .802   .293   2.04   .313  -.006   2
 362 F293C    1797 2010    214      7      0    .566   1.26   5.41   .837   .767   .351   2.82   .376   .026   1
 363 F294A    1946 2009     64      1      0    .617   2.09   6.75  1.519   .768   .378   2.23   .422   .021   1
 364 F295A    1848 2009    162      5      0    .541    .84   4.04   .584   .779   .373   2.07   .374   .010   1
 365 F295B    1844 2009    166      5      0    .526   1.19   6.30  1.076   .841   .350   1.94   .343   .009   1
 366 F296A    1833 2010    178      5      0    .561   1.58   4.51   .753   .608   .323   1.82   .323  -.007   1
 367 F297A    1886 2010    125      3      0    .733   2.11   7.47  1.680   .868   .408   2.33   .388   .016   1
 368 F297B    1887 2010    124      3      0    .786   2.08   7.47  1.523   .772   .455   2.34   .427   .010   1
 369 F299A    1940 2010     71      1      0    .485   2.42   7.90  1.448   .462   .482   2.40   .449   .013   2
 370 F299B    1940 2010     71      1      0    .663   1.78   4.70   .851   .382   .425   2.12   .374   .009   2
 371 F300A    1959 2010     52      0      0    .557   3.00  10.32  2.495   .848   .375   1.84   .337   .140   1
 372 F300B    1959 2010     52      0      0    .532   2.34  10.29  2.487   .903   .302   2.51   .341   .001   2
 373 F301B    1906 2009    104      2      0    .672   2.40  10.40  1.832   .721   .418   2.53   .394  -.012   3
 374 F301C    1904 2009    106      2      0    .770   2.24   5.39  1.273   .632   .429   1.97   .375  -.003   2
 375 F302A    1886 2009    124      3      0    .699   1.83   4.46  1.024   .835   .289   1.52   .262   .007   1
 376 F302C    1887 2009    123      3      0    .744   1.57   4.71  1.059   .859   .327   2.17   .321   .020   1
 377 F305A    1950 2010     61      0      0    .594   2.84   5.83  1.109   .413   .360   1.79   .324  -.010   2
 378 F305B    1947 2010     64      1      0    .601   2.58   5.80  1.162   .446   .395   2.06   .370   .024   2
 379 F306A    1877 2009    133      3      0    .722   1.55   4.19   .853   .673   .382   1.91   .360   .020   1
 380 F307A    1756 2009    254      8      0    .623    .69   2.40   .388   .694   .344   2.18   .329  -.018   3
 381 F307B    1828 2009    182      5      0    .607    .80   2.13   .356   .572   .323   2.15   .331   .018   1
 382 F308E    1903 2009    107      2      0    .598   2.23   8.75  1.631   .749   .406   1.80   .339   .052   2
 383 F309C    1877 2010    134      3      0    .715   2.49   9.41  1.247   .625   .329   2.31   .318   .022   1
 384 F309D    1875 2010    136      4      0    .550   2.48   7.07  1.170   .443   .357   2.05   .329   .091   0
 385 F311A    1874 2010    137      4      0    .698   1.86   7.58  1.309   .840   .354   2.19   .343  -.001   1
 386 F311C    1873 2010    138      3      0    .697   1.80   6.13  1.121   .817   .376   2.00   .339   .038   3
 387 F312A    1806 2009    204      6      0    .621   1.57   5.59   .871   .634   .381   3.16   .402   .040   1
 388 F312B    1827 2009    183      5      0    .650   1.60   6.24   .913   .661   .366   2.82   .392  -.005   2
 389 F313A    1784 2009    226      7      1    .578   1.78   8.31  1.289   .851   .309   2.03   .305   .013   2
 390 F313B    1792 2009    218      7      0    .696   2.00   7.22  1.160   .799   .301   2.52   .306   .012   2
 391 F314A    1875 2010    136      3      0    .626   1.30   5.13   .849   .678   .354   2.52   .359  -.006   1
 392 F314B    1892 2010    119      3      0    .669   1.45   4.99   .821   .674   .306   1.89   .295   .117   0
 393 F317A    1870 2010    141      4      0    .649   1.54   7.11  1.392   .865   .354   1.87   .330   .020   1
 394 F317B    1877 2010    134      3      0    .589   1.48   6.32  1.135   .825   .342   2.24   .337  -.001   1
 395 F316A    1870 2010    141      4      1    .571   1.36   4.59  1.055   .749   .475   3.10   .484  -.020   2
 396 F316B    1870 2010    141      4      0    .609   1.67   5.53  1.152   .726   .446   2.85   .426   .019   0
 397 F318B    1871 2010    140      4      0    .703   2.08   7.75  1.389   .803   .340   1.74   .321   .026   1
 398 F321A    1880 2009    130      3      0    .547   1.19   4.32  1.025   .758   .428   2.28   .413  -.002   3
 399 F321B    1880 2009    130      3      0    .553   1.20   4.09  1.118   .810   .479   2.74   .472   .047   0
 400 F323A    1948 2010     63      1      0    .664   4.52   9.36  2.187   .720   .279   1.87   .276   .142   0
 401 F323B    1949 2010     62      1      0    .634   4.26   9.02  2.091   .765   .254   1.78   .275   .070   1
 402 F326A    1918 2009     92      2      0    .498   2.65  10.11  2.173   .805   .390   2.46   .390   .026   2
 403 F326C    1919 2009     91      2      0    .546   2.80   9.24  2.413   .860   .377   2.33   .351   .003   2
 404 F327A    1857 2009    153      4      0    .648   1.78   6.37   .912   .705   .316   1.88   .288   .007   1
 405 F327B    1858 2009    152      4      0    .692   1.51   5.23  1.022   .848   .312   1.65   .289  -.003   1
 406 F330B    1833 2010    178      5      0    .717   1.22   4.75   .746   .723   .315   1.86   .285  -.001   1
 407 F330C    1834 2010    177      5      0    .742   1.29   4.50   .701   .689   .286   1.88   .280   .010   1
 408 F331C    1880 2010    131      3      0    .612   2.16   4.98   .918   .706   .265   1.70   .280  -.015   1
 409 F334B    1851 2010    160      4      0    .560   1.39   4.68   .917   .761   .362   2.15   .381  -.004   1
 410 F334C    1844 2010    167      5      0    .727   1.52   4.59   .889   .751   .359   2.20   .357  -.016   1
 411 F336B    1646 2010    365     11      0    .700   1.27   3.87   .677   .813   .277   2.50   .280   .003   3
 412 F336E    1643 2010    368     11      0    .698   1.28   6.58   .763   .839   .277   2.42   .278  -.001   3
 413 F336G    1656 1756    101      1      0    .624    .82   2.62   .533   .890   .256   1.80   .266   .038   1
 414 F336H    1646 1743     98      0      0    .741   1.11   2.59   .546   .763   .282   1.87   .271   .052   1
 415 F336I    1643 1780    138      2      0    .689   1.01   5.19   .737   .897   .272   1.68   .265   .015   1
 416 F338C    1841 2009    169      5      0    .655   1.61   4.54   .827   .633   .357   1.96   .344  -.002   1
 417 F338D    1840 2009    170      5      0    .631   1.59   4.37   .789   .677   .318   2.01   .321   .034   1
 418 F339A    1841 2009    169      5      0    .597   1.24   5.07  1.008   .819   .359   1.80   .331  -.001   1
 419 F339B    1842 2009    168      5      0    .490   1.22   4.63   .974   .792   .357   2.12   .345   .012   1
 420 F340A    1936 2010     75      1      0    .601   2.00   4.31  1.071   .749   .365   1.87   .328   .005   1
 421 F340B    1936 2010     75      1      0    .537   2.07   5.16  1.209   .752   .376   1.92   .351  -.011   1
 422 F341A    1941 2009     69      1      0    .583   2.03   5.79  1.228   .770   .290   1.53   .254   .041   2
 423 F343A    1737 2010    274      9      0    .699   1.31   3.76   .663   .789   .265   1.83   .260   .014   1
 424 F343C    1740 2010    271      9      0    .673   1.59   4.03   .825   .803   .267   1.88   .266   .004   1
 425 F343D    1702 2010    309     10      1    .530   1.24   4.08   .679   .819   .271   2.04   .277   .019   2
 426 F345A    1932 2010     79      1      0    .651   2.78   6.01  1.295   .534   .402   1.84   .335   .030   2
 427 F345B    1933 2010     78      1      0    .651   3.00   8.23  1.589   .488   .436   1.94   .363   .038   2
 428 F346B    1900 2010    111      2      0    .796   2.40   5.16  1.082   .462   .414   2.00   .377   .020   1
 429 F349B    1947 2010     64      1      0    .598   3.46   8.21  2.276   .838   .337   2.09   .336   .035   1
 430 F350A    1963 2010     48      0      0    .625   3.90  10.22  2.181   .734   .362   1.65   .333   .053   1
 431 F350B    1964 2010     47      0      0    .640   4.27  10.65  2.322   .737   .326   1.95   .317   .193   0
 432 F352A    1865 2010    146      4      0    .628   1.54   4.99   .839   .756   .296   1.95   .276  -.008   1
 433 F352B    1870 2010    141      4      0    .510   1.48   5.23   .884   .804   .298   1.63   .285  -.002   1
 434 F353A    1952 2009     58      0      0    .735   2.04  10.41  2.029   .942   .338   1.84   .336  -.007   1
 435 F353B    1950 2009     60      0      0    .758   2.34  12.03  2.375   .883   .384   1.71   .358  -.011   2
 436 F354A    1872 2009    138      4      0    .695   1.23   3.01   .606   .491   .392   2.03   .376   .003   1
 437 F354B    1872 2009    138      4      0    .674   1.33   4.54   .722   .514   .411   2.26   .391   .012   1
 438 F355A    1870 2009    140      4      0    .638   1.29   6.27  1.210   .902   .318   1.90   .314   .047   1
 439 F356A    1859 2010    152      4      0    .700   1.55   5.74  1.071   .875   .314   1.80   .286   .031   1
 440 F358D    1834 2010    177      5      0    .596   1.13   3.70   .864   .800   .369   2.17   .359   .012   1
 441 F359C    1845 2010    166      5      0    .703   2.32   6.60  1.237   .775   .283   1.85   .270   .013   1
 442 F362C    1874 2010    137      3      0    .583   2.76   6.62  1.225   .582   .332   1.89   .299  -.046   2
 443 F365A    1879 2009    131      3      0    .694   1.69   5.72   .999   .689   .403   1.82   .336   .076   0
 444 F365B    1881 2009    129      3      0    .659   1.50   4.94   .856   .675   .391   2.29   .378   .008   1
 445 F366A    1884 2009    126      3      0    .689   2.80   7.37  1.552   .721   .373   1.82   .367   .003   1
 446 F366B    1894 2009    116      3      0    .729   2.70   7.36  1.622   .756   .368   1.97   .352  -.026   1
 447 F367A    1907 2009    103      2      0    .704   1.72   7.98  1.451   .816   .405   1.86   .350  -.025   2
 448 F367B    1915 2009     95      2      0    .685   2.03   7.45  1.251   .644   .390   2.37   .382   .014   1
 449 F369A    1841 2010    170      5      0    .633   1.67   6.21   .982   .742   .314   1.84   .297  -.009   1
 450 F369B    1834 2010    177      5      0    .619   1.47   4.20   .939   .807   .319   1.76   .305  -.004   1
 451 F370A    1889 2009    121      3      0    .728   2.35   6.47  1.072   .692   .323   1.65   .296   .010   1
 452 F370B    1893 2010    118      3      0    .737   1.75   5.80  1.105   .782   .393   2.01   .368   .018   1
 453 F372B    1834 2009    176      5      0    .684   1.41   4.42   .801   .664   .351   2.49   .373   .008   1
 454 F374A    1869 2009    141      4      0    .653   1.25   5.61   .939   .803   .355   2.23   .341   .002   1
 455 F374B    1872 2009    138      4      0    .628   1.11   4.45   .797   .800   .391   1.81   .346   .013   1
 456 F375A    1888 2009    122      3      0    .796   1.68   3.76   .690   .515   .351   1.81   .320   .022   1
 457 F375B    1886 2009    124      3      0    .791   1.78   4.40   .814   .600   .361   1.84   .342   .019   1
 458 F376A    1931 2010     80      1      0    .589   2.63  11.27  2.109   .876   .314   1.96   .295   .053   1
 459 F376B    1931 2010     80      1      0    .504   2.52  10.92  2.097   .862   .330   1.63   .301   .111   0
 460 F377A    1904 2009    106      2      0    .716   2.33  13.11  2.531   .901   .380   2.74   .411   .021   1
 461 F378B    1869 2010    142      4      0    .661   1.09   4.05   .750   .774   .395   2.34   .387   .006   1
 462 F379A    1757 2009    253      8      1    .639    .92   4.84   .741   .791   .412   3.88   .445  -.029   1
 463 F381C    1874 2010    137      4      0    .691   1.70   4.60   .802   .669   .324   1.86   .297  -.013   1
 464 F381E    1880 2010    131      3      0    .636   1.83   3.94   .718   .578   .309   1.62   .266   .056   0
 465 F382A    1945 2009     65      1      0    .689   2.25   5.26  1.222   .644   .341   1.60   .258   .002   2
 466 F382B    1945 2009     65      1      0    .608   1.91   5.95  1.192   .684   .334   1.84   .298   .049   2
 467 F383B    1937 2010     74      1      0    .628   3.39   8.44  2.055   .768   .356   1.87   .349   .015   2
 468 F385A    1887 2009    123      3      0    .727   1.48   3.46   .715   .686   .320   1.80   .313   .034   1
 469 F385B    1887 2009    123      3      0    .661   1.22   3.79   .737   .745   .346   2.08   .358   .017   1
 470 F386B    1834 2009    176      5      0    .672   1.04   5.86   .823   .765   .341   1.96   .311   .006   1
 471 F387A    1874 2009    136      4      0    .606   1.51   3.91   .830   .679   .348   1.88   .338   .014   1
 472 F387B    1875 2009    135      3      0    .631   1.31   3.26   .676   .604   .401   2.11   .360   .008   1
 473 F388A    1884 2009    126      3      0    .683   1.99   4.83  1.037   .688   .303   1.93   .295  -.005   1
 474 F388B    1884 2009    126      3      0    .698   2.15   5.10  1.299   .770   .336   1.69   .308   .005   2
 475 F390A    1889 2009    121      3      0    .661   1.58   5.11   .932   .668   .347   1.79   .309  -.003   1
 476 F390C    1892 2009    118      3      0    .648   1.61   4.19   .827   .622   .394   1.71   .341   .003   2
 477 F391A    1852 2009    158      4      0    .612   1.56   3.92   .699   .628   .297   1.65   .276  -.008   1
 478 F391B    1852 2009    158      4      0    .615   1.41   4.44   .737   .649   .311   1.84   .310  -.022   1
 479 F392A    1915 2009     95      2      0    .606   3.61   7.61  1.683   .702   .317   1.73   .295   .029   1
 480 F392C    1914 2009     96      2      0    .609   2.83   6.04  1.345   .674   .323   1.63   .292   .010   2
 481 F393A    1808 2009    202      6      0    .763   1.37   5.55   .886   .751   .358   2.23   .350  -.009   2
 482 F393B    1805 2009    205      6      0    .758   1.41   5.83   .978   .789   .340   2.02   .322  -.002   2
 483 F393C    1798 2009    212      7      0    .747   1.23   6.16   .880   .766   .370   1.96   .344  -.020   1
 484 F394B    1869 2009    141      4      0    .623   1.89   7.44  1.362   .874   .317   1.95   .325  -.016   1
 485 F395A    1749 2009    261      9      1    .592   1.21   4.08   .727   .749   .347   2.05   .336  -.031   1
 486 F395F    1755 2009    255      8      0    .721   1.07   4.65   .678   .750   .366   2.62   .358   .007   2
 487 F395G    1746 2009    264      9      0    .710   1.04   4.30   .691   .760   .357   2.43   .348   .005   2
 488 F396A    1883 2010    128      3      0    .704   1.72   8.68  1.206   .793   .386   2.26   .369   .010   1
 489 F396B    1883 2010    128      3      0    .577   1.34   6.98  1.127   .838   .436   2.79   .429   .008   1
 490 F396C    1882 2010    129      3      0    .702   1.64   8.08  1.149   .794   .390   2.16   .362   .029   1
 491 F397A    1909 2010    102      2      0    .660   1.52   7.02  1.510   .865   .359   1.80   .350  -.009   1
 492 F397B    1909 2010    102      2      0    .473   1.83   7.70  1.661   .903   .328   1.78   .311   .062   1
 493 F398A    1931 2010     80      1      0    .628   2.41   8.98  1.511   .693   .428   2.05   .377   .074   1
 494 F398B    1932 2010     79      1      0    .702   2.86   8.17  1.539   .611   .424   1.91   .364   .011   3
 495 F399A    1879 2010    132      3      0    .660   2.16   5.80  1.128   .666   .331   1.93   .334   .019   1
 496 F399B    1877 2010    134      3      0    .544   2.32   6.02  1.161   .651   .326   2.84   .336  -.008   2
 497 F400A    1949 2010     62      1      0    .420   1.70   6.85  1.441   .721   .413   2.94   .428   .027   1
 498 F400B    1949 2010     62      1      1    .347   2.43   9.17  2.186   .784   .449   2.00   .397  -.009   1
 499 C014A    1756 2009    254      8      0    .675    .90   2.32   .433   .599   .340   2.11   .340   .007   1
 500 C028A    1763 2010    248      8      3    .402   1.12   3.44   .521   .531   .370   2.06   .337  -.005   1
 501 C028B    1753 2010    258      8      3    .390   1.18   4.07   .559   .550   .372   2.43   .346   .002   1
 502 C030A    1909 2010    102      2      0    .646   2.97   5.88  1.106   .483   .320   1.75   .263   .015   2
 503 C030B    1908 2010    103      2      0    .671   2.77   5.07   .940   .446   .312   1.59   .272  -.013   2
 504 P001A    1988 2010     23      0      0    .693   2.19   3.67   .767   .369   .281   1.56   .298   .204   0
 505 P001B    1988 2010     23      0      0    .123   2.26   5.50  1.267   .134   .426   2.28   .467  -.043   0
 506 P003A    1970 2010     41      0      0    .642   1.50   4.71  1.014   .641   .440   1.81   .381   .030   2
 507 P003B    1970 2010     41      0      0    .519   1.17   4.58   .934   .716   .474   1.92   .405  -.013   2
 508 P004A    1951 2010     60      0      0    .561   2.86  15.21  2.704   .691   .476   2.35   .433   .051   1
 509 P004B    1951 2010     60      0      0    .525   2.62   8.27  2.094   .735   .468   1.91   .423   .066   1
 510 P007A    1952 2010     59      0      0    .510   2.57   8.49  2.070   .870   .373   1.71   .327  -.080   2
 511 P007B    1953 2010     58      0      0    .521   2.92   9.37  2.474   .884   .380   1.68   .319  -.068   2
 512 P009A    1952 2010     59      0      0    .631   1.87   8.59  1.688   .929   .302   2.34   .348   .068   1
 513 P009B    1952 2010     59      0      0    .613   1.88   8.92  1.800   .935   .358   2.32   .378   .014   1
 514 P010A    1987 2010     24      0      0    .675   3.17   6.20  1.168   .471   .278   1.44   .252   .111   0
 515 P010B    1987 2010     24      0      0    .807   3.25   6.58  1.289   .638   .267   1.60   .259   .239   0
 516 P015A    1963 2010     48      0      0    .696   1.78   4.03   .894   .721   .287   1.57   .274   .052   1
 517 P015B    1963 2010     48      0      0    .617   1.83   4.62   .976   .760   .279   1.43   .261   .008   1
 518 P016A    2006 2010      5      0      0    .768   3.16   4.72  1.116   .203   .403   1.29   .205  -.493   0
 519 P017A    1985 2010     26      0      0    .437   4.27   7.80  1.477   .177   .338   1.64   .298  -.041   0
 520 P017B    1985 2010     26      0      0    .629   3.79   6.56  1.343   .201   .363   1.54   .294   .161   2
 521 P018A    1964 2010     47      0      0    .651   1.84   5.33  1.450   .732   .446   2.30   .441   .055   2
 522 P018B    1964 2010     47      0      0    .695   1.38   3.73   .959   .648   .467   2.34   .418   .061   2
 523 P019A    1984 2010     27      0      0    .447   2.72   4.50   .813   .384   .271   1.64   .266   .035   1
 524 P019B    1984 2010     27      0      0    .449   3.60   6.10  1.049   .623   .211   1.41   .211   .114   1
 525 P020A    1983 2010     28      0      0    .452   2.90   5.84  1.637   .729   .453   1.90   .374   .186   1
 526 P020B    1983 2010     28      0      0    .265   3.24  12.54  2.437   .520   .479   2.59   .491   .001   2
 527 P021A    1973 2010     38      0      0    .543   2.88   6.70  1.448   .602   .345   1.96   .373   .131   2
 528 P021B    1973 2010     38      0      0    .665   2.94   7.99  1.674   .562   .391   2.56   .452   .128   1
 529 P022A    1960 2010     51      0      0    .451   1.46   5.06  1.035   .726   .370   1.91   .379  -.010   2
 530 P022B    1960 2010     51      0      0    .453   1.39   4.77   .972   .783   .406   1.70   .376  -.018   2
 531 P023A    2006 2010      5      0      0   -.529   4.58   6.89  2.303   .511   .488   1.16   .079   .492   1
 532 P023B    2006 2010      5      0      0    .143   4.86   6.70  2.188   .445   .425   1.41   .326  -.896   0
 533 P024A    1960 2010     51      0      0    .617   2.12   6.78  1.582   .796   .380   1.66   .355   .064   1
 534 P024B    1960 2010     51      0      0    .481   2.11   5.76  1.461   .755   .414   1.75   .354   .005   2
 535 P025A    1974 2010     37      0      0    .852   2.83  10.21  2.238   .862   .306   1.51   .281   .021   1
 536 P025B    1974 2010     37      0      0    .707   2.81   9.27  1.968   .850   .344   1.48   .292  -.019   2
 537 P027A    2000 2010     11      0      0    .117   5.63   7.62  1.190   .040   .221   1.37   .206  -.043   0
 538 P027B    2000 2010     11      0      0    .433   5.14   6.99  1.216   .131   .236   1.35   .213   .015   0
 539 P028A    1973 2010     38      0      0    .787   2.54   5.34  1.355   .379   .440   2.03   .444   .148   0
 540 P028B    1973 2010     38      0      0    .812   1.95   5.38  1.103   .452   .405   2.06   .441   .037   1
 541 P029A    1961 2010     50      0      0    .573   2.03   8.79  1.680   .705   .404   2.19   .385   .107   2
 542 P029B    1961 2010     50      0      0    .462   1.21   3.99   .880   .661   .378   1.61   .380   .089   1
 543 P030A    1978 2010     33      0      0    .621   1.36   3.39   .754   .575   .403   1.97   .367   .314   1
 544 P030B    1978 2010     33      0      0    .678   1.68   3.68   .967   .678   .355   1.72   .353   .181   1
 545 P031A    1982 2010     29      0      0    .272   2.18   4.23  1.042   .493   .425   1.80   .365   .123   0
 546 P031B    1982 2010     29      0      0    .515   2.71   5.42  1.348   .737   .305   1.56   .280   .109   1
 547 P032A    1979 2010     32      0      0    .533   4.58  10.06  1.893   .735   .213   1.63   .212  -.035   2
 548 P032B    1979 2010     32      0      0    .703   4.76   9.98  1.642   .544   .235   1.75   .248   .024   1
 549 P036A    1967 2010     44      0      0    .590   1.90   8.51  1.922   .801   .450   1.99   .385  -.091   3
 550 P036B    1967 2010     44      0      0    .531   2.80  14.88  2.881   .787   .404   1.89   .339  -.078   3
 551 P038A    1973 2010     38      0      0    .831   2.29   4.77  1.299   .607   .455   2.01   .439   .054   1
 552 P038B    1973 2010     38      0      0    .839   2.41   5.40  1.449   .679   .414   1.83   .422   .076   1
 553 P039A    1983 2010     28      0      0    .663   5.20   9.18  1.836   .068   .430   1.61   .335  -.089   0
 554 P039B    1983 2010     28      0      0    .661   5.89   9.18  1.839   .202   .354   1.45   .280  -.066   0
 555 P040A    1995 2010     16      0      0    .326   2.33   3.39   .640   .065   .296   1.24   .180   .114   2
 556 P040B    1995 2010     16      0      0    .399   2.44   3.81   .633   .210   .289   1.35   .194  -.103   2
 557 P043A    1998 2010     13      0      0    .536   3.69   5.06   .737  -.206   .248   1.34   .198  -.285   0
 558 P043B    1998 2010     13      0      0    .729   3.66   4.95   .754   .073   .227   1.30   .199  -.068   0
 559 P044A    1954 2010     57      0      0    .711   3.19   8.37  2.024   .798   .317   1.85   .288   .089   1
 560 P044B    1954 2010     57      0      0    .697   2.86   7.29  1.700   .776   .323   1.73   .315   .046   2
 561 P044C    1956 2010     55      0      0    .611   2.85   7.11  1.488   .790   .274   1.47   .248   .028   3
 562 P046A    1969 2010     42      0      0    .647   4.27   8.47  1.787   .400   .422   1.75   .352   .172   0
 563 P046B    1970 2010     41      0      0    .703   3.94  10.31  1.822   .479   .384   1.68   .298   .022   2
 564 P047A    1973 2010     38      0      0    .537   3.71   6.05  1.058   .303   .256   1.65   .237   .008   2
 565 P047B    1973 2010     38      0      0    .573   3.87   6.36  1.261   .620   .234   1.54   .226   .139   1
 566 P048A    1990 2010     21      0      0    .366   2.46   5.58  1.521   .671   .400   2.11   .425   .099   2
 567 P048B    1990 2010     21      0      0    .339   2.06   5.03  1.331   .767   .352   1.95   .402   .239   1
 568 P050A    1997 2010     14      0      0    .556   4.34   7.47  1.781   .146   .409   1.70   .405   .130   0
 569 P050B    1997 2010     14      0      0    .478   4.26   6.55  1.476   .013   .372   1.62   .354   .046   0
 570 P052A    1962 2010     49      0      0    .420   3.93   9.73  2.839   .792   .328   1.81   .332   .116   1
 571 P052B    1961 2010     50      0      0    .522   4.41  11.16  3.086   .756   .373   1.88   .337  -.020   1
 572 P053A    1994 2010     17      0      0   -.169   4.17   9.93  2.800   .690   .425   1.78   .482   .175   1
 573 P053B    1994 2010     17      0      0   -.094   2.64   8.30  2.351   .758   .350   1.75   .452   .416   1
 574 P054A    1971 2010     40      0      0    .555   2.90   4.43   .981   .329   .303   1.64   .283  -.063   2
 575 P054B    1971 2010     40      0      0    .481   2.26   4.46   .822   .181   .335   1.96   .306  -.040   2
 576 P054C    1969 2010     42      0      0    .549   2.13   4.27   .807   .268   .357   1.89   .318  -.026   2
 577 P055A    1979 2010     32      0      0    .631   4.02   8.82  1.685   .438   .343   1.71   .316  -.093   2
 578 P055B    1979 2010     32      0      0    .736   3.07   5.55  1.140   .507   .302   1.68   .292   .084   1
 579 P056A    1964 2010     47      0      0    .561   1.10   3.65   .761   .691   .395   2.13   .370   .102   0
 580 P056B    1964 2010     47      0      0    .572   1.34   5.17  1.230   .856   .368   1.70   .346   .026   2
 581 P057A    1967 2010     44      0      0    .317   2.20   4.85  1.017   .364   .467   2.02   .390   .092   2
 582 P057B    1967 2010     44      0      0    .454   2.17   5.93  1.242   .361   .538   2.49   .488   .007   2
 583 P058A    1995 2010     16      0      0    .454   4.37   6.42  1.657   .367   .400   1.58   .381   .278   0
 584 P058B    1995 2010     16      0      0    .573   2.97   4.70  1.118   .144   .383   1.65   .383   .099   0
 585 P059A    1964 2010     47      0      0    .573   2.66   7.15  1.910   .831   .498   2.28   .449   .023   1
 586 P059B    1965 2010     46      0      0    .549   2.05   5.58  1.366   .697   .561   2.06   .451   .038   2
 587 P061A    1986 2010     25      0      0    .187   2.52   5.15  1.520   .709   .432   2.08   .442   .191   1
 588 P061B    1986 2010     25      0      0    .243   3.02   6.54  1.649   .551   .421   1.66   .418  -.082   1
 589 P063A    1997 2010     14      0      0    .171   2.13   5.60  1.927   .686   .490  70.12 18.496   .808   0
 590 P063B    1997 2010     14                         2.30   8.24  2.484   .467   .509                         
 591 P065A    1982 2010     29      0      0    .628   3.87   6.27  1.486   .615   .326   1.47   .290   .151   1
 592 P065B    1982 2010     29      0      0    .697   3.20   5.07  1.157   .460   .290   1.52   .279   .077   3
 593 P066A    2003 2010      8      0      0    .404   3.45   4.95   .890   .254   .248   1.36   .248   .277   0
 594 P066B    2003 2010      8      0      0    .425   3.63   5.34  1.118   .088   .316   1.23   .238  -.160   0
 595 P067A    1976 2010     35      0      0    .302   1.15   2.83   .618   .507   .420   1.86   .398   .015   3
 596 P067B    1976 2010     35      0      0    .290   1.41   6.14  1.072   .381   .407   3.83   .613   .009   1
 597 P069A    1955 2010     56      0      0    .746   4.45  16.52  3.417   .867   .266   1.52   .244   .038   1
 598 P069B    1954 2010     57      0      0    .764   4.57  14.82  3.559   .878   .295   1.69   .299   .088   1
 599 P070A    1981 2010     30      0      0    .564   3.63   8.65  2.311   .584   .479   1.74   .388  -.051   1
 600 P070B    1981 2010     30      0      0    .602   3.90   8.17  1.688   .366   .446   1.88   .385   .216   0
 601 P073A    1981 2010     30      0      0    .571   4.32   7.47  1.304   .480   .256   1.40   .225  -.060   2
 602 P073B    1981 2010     30      0      0    .738   3.82   6.95  1.355   .424   .279   1.65   .278  -.006   2
 603 P074A    1993 2010     18      0      0    .280   3.25   5.25  1.177   .680   .229   1.46   .255   .006   1
 604 P074B    1993 2010     18      0      0    .116   3.21   4.95  1.135   .661   .218   1.58   .238  -.042   1
 605 P075A    1955 2010     56      0      0    .439   1.82   5.89  1.446   .880   .327   2.13   .328  -.024   1
 606 P075B    1955 2010     56      0      0    .434   1.69   4.75  1.190   .823   .386   1.74   .336   .019   1
 607 P076A    1999 2010     12      0      0    .232   2.60   5.34  1.573   .856   .318   3.37   .735  -.180   0
 608 P076B    1999 2010     12      0      0    .135   2.56   4.78  1.429   .869   .303   2.63   .547  -.386   0
 609 P077A    1974 2010     37      0      0    .541   2.31   8.25  2.058   .837   .363   1.58   .301  -.040   2
 610 P077B    1974 2010     37      0      0    .597   1.75   7.74  1.819   .916   .384   1.93   .361   .047   2
 611 P079A    1958 2010     53      0      0    .589   2.03   5.98  1.613   .932   .261   1.49   .245   .022   2
 612 P079B    1958 2010     53      0      0    .659   2.08   5.77  1.666   .925   .326   1.88   .317   .018   1
 613 P080A    1975 2010     36      0      0    .563   3.98   9.17  2.151   .651   .370   1.77   .357   .149   0
 614 P080B    1978 2010     33      0      0    .823   3.09   8.61  1.968   .756   .342   1.61   .327   .045   1
 615 P081A    1979 2010     32      0      0    .661   2.03   3.81   .985   .384   .470   1.58   .283   .301   2
 616 P081B    1979 2010     32      0      0    .576   2.27   4.62  1.068   .349   .468   1.54   .334   .002   2
 617 P082A    1989 2010     22      0      0    .423   2.82   4.56   .803   .510   .230   1.53   .252   .304   0
 618 P082B    1989 2010     22      0      0    .595   2.83   4.75   .884   .507   .257   1.73   .292   .296   0
 619 P083A    2003 2010      8      0      0   -.042   5.90  11.77  2.949   .319   .440   1.55   .390  -.199   0
 620 P083B    2003 2010      8      0      0   -.233   5.60  10.23  2.480   .438   .350   1.53   .361   .260   0
 621 P084A    1971 2010     40      0      0    .585   3.00  14.21  3.201   .895   .366   2.12   .362   .012   2
 622 P084B    1971 2010     40      0      0    .716   3.24  12.51  2.976   .851   .361   1.76   .342   .094   1
 623 P085A    1975 2010     36      0      0    .843   2.19   4.23   .994   .561   .378   1.67   .334  -.009   2
 624 P085B    1975 2010     36      0      0    .789   2.28   4.40   .976   .382   .392   1.70   .350  -.036   2
 625 P090A    1972 2010     39      0      0    .638   3.69  11.53  2.628   .831   .301   1.49   .284   .119   1
 626 P090B    1966 2010     45      0      0    .709   3.46  10.99  2.687   .732   .392   1.96   .380  -.015   1
 627 P091A    1967 2010     44      0      0    .374   1.94   5.32   .900   .412   .391   2.19   .408  -.010   1
 628 P091B    1968 2010     43      0      0    .430   1.57   3.43   .661   .466   .372   1.68   .346  -.016   1
 629 P093A    1973 2010     38      0      0    .284   1.73   4.41  1.275   .808   .387   1.58   .326   .112   2
 630 P093B    1973 2010     38      0      0    .426   1.99   4.83  1.496   .847   .359   2.00   .354   .030   2
 631 P094A    1965 2010     46      0      0    .226   2.72   5.76  1.520   .744   .311   1.62   .348   .096   1
 632 P094B    1965 2010     46      0      0    .383   2.82   7.50  1.837   .756   .341   1.92   .366   .048   2
 633 P095A    1965 2010     46      0      0    .679   2.65   8.31  1.794   .636   .401   2.00   .408   .061   1
 634 P095B    1965 2010     46      0      0    .830   3.03   8.43  1.846   .646   .368   1.92   .388   .036   1
 635 P096A    1986 2010     25      0      0    .617   2.48   6.76  1.640   .521   .382   2.07   .430   .231   0
 636 P096B    1986 2010     25      0      0    .611   2.20   6.49  1.454   .531   .458   2.27   .472   .242   0
 637 P097A    1991 2010     20      0      0    .673   4.27   7.29  1.514   .664   .257   1.62   .266   .277   0
 638 P097B    1991 2010     20      0      0    .649   4.24   7.83  1.618   .584   .308   1.76   .297   .217   0
 639 P098A    1987 2010     24      0      0    .191   8.88  15.54  3.428   .854   .168   1.34   .135   .108   1
 640 P098B    1989 2010     22      0      0    .108   8.49  15.61  2.909   .693   .201   1.34   .182  -.013   0
 641 P099A    1956 2010     55      0      0    .593   2.05   5.86  1.362   .725   .429   2.34   .399   .005   2
 642 P099B    1956 2010     55      0      0    .563   2.00   4.72  1.253   .774   .350   1.81   .333  -.026   3
 643 P100A    1999 2010     12      0      0    .724   4.89   6.78  1.071   .451   .178   1.21   .135  -.235   0
 644 P100B    1999 2010     12      0      0    .369   5.44   7.62  1.246   .361   .220   1.42   .186   .073   0
 645 P101A    1944 2010     67      1      0    .680   2.20   7.46  1.898   .783   .470   2.23   .431   .014   1
 646 P102A    1964 2010     47      0      0    .581   1.52   3.04   .741   .254   .456   1.97   .401  -.013   2
 647 P102B    1964 2010     47      0      0    .478   1.35   2.56   .646   .218   .492   1.72   .383   .067   2
 648 P103A    1999 2010     12      0      0    .627   2.99   4.82   .962   .582   .247   1.30   .203   .087   0
 649 P103B    1999 2010     12      0      0    .609   3.98   7.64  1.421   .219   .304   1.40   .239  -.213   0
 --- -------- ---------  -----  -----  -----   ------ -----  -----  -----  -----  -----  -----  -----  -----  --
 Total or mean:          72689   1711     24    .649   1.76  16.52  1.067   .701   .353  70.12   .343   .012

 DATA CHECKS (rwl.check): nd013
-----------------------------------------------------------------------------------------------------------------------------------
 rwl.check: data_files/treering/measurements/northamerica/usa/nd013.rwl
 649 series, 72689 measurements, 1643-2010, 0.001 mm precision
 0 error(s), 152 warning(s), 135 note(s)
 -------------
 WARNING
   RWL_SERIES_OUTLIER (1)
     P075A: correlates with the rest of the collection at r = 0.23 where the collection median is 0.633 (4.1 MAD below it); it does not fit the collection it is in
   RWL_SITE_CODE (151)
     C014A: site code differs from the f used by 498 of 649 series
     C028A: site code differs from the f used by 498 of 649 series
     C028B: site code differs from the f used by 498 of 649 series
     C030A: site code differs from the f used by 498 of 649 series
     C030B: site code differs from the f used by 498 of 649 series
     P001A: site code differs from the f used by 498 of 649 series
     P001B: site code differs from the f used by 498 of 649 series
     P003A: site code differs from the f used by 498 of 649 series
     P003B: site code differs from the f used by 498 of 649 series
     P004A: site code differs from the f used by 498 of 649 series
     ... and 141 more; see as.data.frame()
 135 note(s) not shown; see rwl.check() or the 'check' element of this report.

 NOTES
-----------------------------------------------------------------------------------------------------------------------------------
 Report generated using dplR 1.8.1 (R 4.5.2) on 2026-10-01 16:50 PDT.
 Measurement file nd013.rwl, MD5 3b850cea5e69167a289668894fb08b51.
 Filtering: each series divided by a 32-year smoothing spline (caps()), then prewhitened with
   an AR model (order by AIC, at most 3).
 Master: biweight robust mean of the other series (leave-one-out).
 Correlation: Pearson, one-tailed, pcrit = 0.01; critical r = 0.3281 for 50-year segments.
 Segments: 50 years, lagged 25, first segment floored to 100. Lags searched: +/- 10 years.
 A segment is tested only where the series and the master cover all of it, at the dated
   position and at every lag. COFECHA also tests partial segments at the ends of a series, so
   series here may show fewer segments, and no flags can be raised at the ends of the record.
 Lags follow COFECHA: negative means rings are probably missing from the series, positive means
   false rings. A missing ring carries its lag into every segment before it, so look where the
   lag changes along a series. A B flag is a hypothesis to check on the wood; the gain says how
   seriously to take it.
 A B flag marked "weak at every lag" correlates under the critical value even at its best lag:
   the segment is weak wherever it is placed, and the shift is not evidence of a dating error.
   Treat it as a low correlation, like an A.
 Averages in the summary and the totals are weighted by the number of years in each series, as
   COFECHA's are.
 Unfiltered block and mean sensitivity: the measurements as read, and sens1().
 dplR filtered block: the series that was correlated, after filtering. COFECHA's filtered
   series is defined differently, so these three columns are not COFECHA's numbers.
 AR: order of the AR model used to prewhiten.
 Left out of the crossdating: the 'nyrs' spline for series P063B is not all positive, so
   dividing by it would give negative or infinite indices. Remove the series, or detrend the
   data yourself with detrend() and pass the indices with 'nyrs = NULL'
