
 COFECHA-style crossdating report: aust115
 Report generated using dplR 1.8.1 (R 4.5.2) on 2026-10-01 16:52 PDT
 Built with dplR's xdate.report(), not COFECHA; see the notes at the end.


      Measurement file name  : aust115.rwl
      MD5 of measurement file: 5e93e48a4f0b933c7040c6f28cd76485
      Date checked           : 01OCT26
      Beginning year         : 1319
      Ending year            : 2002
      Principal investigators: Gutiérrez, E.
      Site name              : Poellau
      Species information    : PILR
      Latitude               : 47.9500 N
      Longitude              : 16.0600 E
      Elevation              : 500 m

      Series intercorrelation: 0.614
      Avg mean sensitivity   : 0.325
      Avg standard deviation : 0.598
      Avg autocorrelation    : 0.770
      Number dated series    : 588
      Segment length tested  : 50

      Number problem segments: 51  (A 22, B 29; 14 of the B weak at every lag)
      Pct problem segments   : 1.91


 CORRELATION OF SERIES BY SEGMENTS: aust115
-----------------------------------------------------------------------------------------------------------------------------------
 Correlations of  50-year dated segments, lagged  25 years
 Flags:  A = correlation under   .3281 but highest as dated;  B = correlation higher at other than dated position

 Seq Series  Time_span  1400 1425 1450 1475 1500 1525 1550 1575 1600 1625 1650 1675 1700 1725 1750 1775 1800 1825 1850 1875 
                        1449 1474 1499 1524 1549 1574 1599 1624 1649 1674 1699 1724 1749 1774 1799 1824 1849 1874 1899 1924 
 --- -------- ---------  ---- ---- ---- ---- ---- ---- ---- ---- ---- ---- ---- ---- ---- ---- ---- ---- ---- ---- ---- ---- 
   1 At2Pn99a 1715 1825                                                                   .71  .78  .82                     
   2 At2Pn99b 1716 1821                                                                   .69  .78                          
   4 At2Pna0b 1658 1737                                                         .61                                         
   6 At2Pna1a 1666 1754                                                         .67  .71                                    
   7 At2Pna2a 1719 1797                                                                   .56                               
   8 At2Pna3a 1544 1668                                .55  .75  .73                                                        
   9 At2Pna3b 1544 1677                                .44  .70  .71  .64                                                   
  12 At2Pn01b 1853 1995                                                                                                 .39 
  13 At2Pn02a 1856 1995                                                                                                 .52 
  15 At2Pn03b 1857 1995                                                                                                 .57 
  17 At2Pn04b 1868 1995                                                                                                 .68 
  20 At2Pn06a 1857 1995                                                                                                 .79 
  21 At2Pn06b 1873 1995                                                                                                 .73 
  22 At2Pn07a 1861 1995                                                                                                 .75 
  23 At2Pn07b 1850 1995                                                                                                 .78 
  24 At2Pn08a 1861 1995                                                                                                 .78 
  25 At2Pn08b 1855 1995                                                                                                 .71 
  26 At2Pn09a 1849 1995                                                                                                 .66 
  27 At2Pn09b 1854 1995                                                                                                 .73 
  28 At2Pn10a 1850 1995                                                                                                 .73 
  29 At2Pn10b 1845 1995                                                                                            .58  .71 
  30 At2Pn11a 1851 1995                                                                                                 .77 
  31 At2Pn11b 1843 1995                                                                                            .62  .80 
  32 At2Pn12a 1873 1995                                                                                                 .71 
  34 At2Pn13a 1843 1995                                                                                            .61  .70 
  35 At2Pn13b 1840 1995                                                                                            .63  .80 
  36 At2Pn14a 1852 1995                                                                                                 .67 
  37 At2Pn14b 1856 1995                                                                                                 .75 
  38 At2Pn15a 1862 1995                                                                                                 .55 
  39 At2Pn15b 1850 1995                                                                                                 .61 
  42 At2Pn17a 1859 1995                                                                                                 .74 
  43 At2Pn17b 1853 1995                                                                                                 .69 
  44 At2Pn18a 1872 1995                                                                                                 .69 
  48 At2Pn20a 1854 1965                                                                                                 .64 
  49 At2Pn21a 1850 1953                                                                                                 .63 
  50 At2Pn22a 1841 1995                                                                                            .64  .45 
  51 At2Pn22b 1856 1995                                                                                                 .51 
  52 At2Pn23a 1830 1995                                                                                            .40  .66 
  53 At2Pn23b 1852 1995                                                                                                 .68 
  54 At2Pn24a 1839 1942                                                                                            .64  .53 
  55 At2Pn24b 1872 1943                                                                                                 .52 
  56 At2Pn25a 1853 1995                                                                                                 .68 
  57 At2Pn25b 1858 1995                                                                                                 .71 
  58 At2Pn26a 1855 1956                                                                                                 .50 
  59 At2Pn26b 1847 1995                                                                                            .66  .54 
  60 At2Pn27a 1779 1995                                                                                  .71  .73  .65  .55 
  61 At2Pn27b 1784 1995                                                                                  .70  .72  .63  .59 
  62 At2Pn28a 1841 1995                                                                                            .63  .70 
  63 At2Pn28b 1860 1995                                                                                                 .62 
  64 At2Pn29a 1847 1995                                                                                            .56  .60 
  65 At2Pn29b 1845 1995                                                                                            .69  .57 
  66 At2Pn30a 1775 1995                                                                                  .70  .71  .59  .49 
  67 At2Pn30b 1787 1995                                                                                  .73  .75  .58  .45 
  68 At2Pn31a 1802 1995                                                                                       .76  .67  .48 
  69 At2Pn31b 1799 1995                                                                                  .32A .73  .69  .64 
  70 At2Pn32a 1786 1995                                                                                  .70  .79  .72  .72 
  71 At2Pn32b 1791 1995                                                                                  .70  .72  .59  .68 
  72 At2Pn33a 1848 1995                                                                                            .68  .62 
  73 At2Pn33b 1849 1995                                                                                            .65  .76 
  74 At2Pn34a 1774 1995                                                                             .63  .81  .79  .62  .49 
  75 At2Pn34b 1780 1995                                                                                  .66  .63  .61  .62 
  76 At2Pn35a 1848 1995                                                                                            .64  .39 
  77 At2Pn36a 1798 1995                                                                                       .58  .42  .47 
  78 At2Pn36b 1785 1995                                                                                  .67  .74  .65  .64 
  79 At2Pn37a 1794 1995                                                                                  .72  .63  .51  .53 
  80 At2Pn37b 1801 1995                                                                                       .58  .47  .58 
  81 At2Pn38a 1764 1995                                                                             .62  .77  .73  .68  .70 
  82 At2Pn38b 1787 1995                                                                                  .62  .69  .64  .25A
  83 At2Pn39a 1862 1995                                                                                                 .58 
  84 At2Pn39b 1862 1995                                                                                                 .39 
  85 At2Pn40a 1865 1945                                                                                                 .59 
  86 At2Pn40b 1869 1995                                                                                                 .60 
  89 At2Pn42a 1874 1995                                                                                                 .58 
  90 At2Pn42b 1853 1995                                                                                                 .55 
  91 At2Pn43a 1861 1995                                                                                                 .58 
  92 At2Pn43b 1861 1995                                                                                                 .53 
  96 At2Pn46a 1700 1996                                                                   .35  .54  .50  .45  .45  .37  .49 
  97 At2Pn47a 1830 1996                                                                                            .75  .69 
  98 At2Pn47b 1701 1996                                                                   .77  .87  .90  .80  .75  .65  .67 
  99 At2Pn48a 1711 1996                                                                   .44  .51  .69  .62  .65  .67  .59 
 100 At2Pn48b 1712 1996                                                                   .55  .64  .73  .68  .71  .65  .68 
 101 At2Pn49a 1710 1996                                                                   .45  .69  .77  .74  .69  .67  .70 
 102 At2Pn49b 1718 1996                                                                   .62  .83  .85  .76  .72  .68  .69 
 103 At2Pn50a 1700 1996                                                                   .49  .64  .69  .66  .64  .63  .76 
 106 At2Pn52a 1769 1996                                                                             .51  .55  .51  .64  .60 
 107 At2Pn52b 1769 1996                                                                             .67  .59  .45  .52  .58 
 108 At2Pn53a 1776 1996                                                                                  .48  .58  .74  .70 
 109 At2Pn53b 1776 1996                                                                                  .71  .72  .65  .47 
 110 At2Pn54a 1744 1930                                                                        .46  .69  .73  .67  .53  .57 
 111 At2Pn55a 1843 1996                                                                                            .55  .49 
 112 At2Pn56a 1861 1996                                                                                                 .59 
 114 At2Pn57b 1854 1996                                                                                                 .67 
 115 At2Pn58a 1806 1995                                                                                       .37  .38  .79 
 116 At2Pn58b 1823 1995                                                                                       .71  .75  .71 
 117 At2Pn58c 1823 1995                                                                                       .71  .78  .77 
 118 At2Pn59a 1801 1925                                                                                       .77  .78  .62 
 119 At2Pn59b 1805 1927                                                                                       .64  .65  .48 
 120 At2Pn60a 1800 1975                                                                                       .72  .80  .75 
 121 At2Pn60b 1799 1995                                                                                  .63  .67  .71  .71 
 122 At2Pn60c 1799 1995                                                                                  .59  .73  .72  .76 
 123 At2Pn61a 1801 1995                                                                                       .69  .74  .73 
 124 At2Pn61b 1806 1995                                                                                       .70  .68  .80 
 125 At2Pn61c 1806 1995                                                                                       .56  .58  .74 
 126 At2Pn62a 1817 1995                                                                                       .64  .82  .80 
 127 At2Pn62b 1805 1995                                                                                       .62  .75  .71 
 128 At2Pn62c 1807 1995                                                                                       .65  .73  .70 
 129 At2Pn63a 1806 1995                                                                                       .73  .67  .69 
 130 At2Pn63b 1800 1995                                                                                       .70  .70  .72 
 131 At2Pn63c 1800 1995                                                                                       .73  .70  .76 
 132 At2Pn64a 1825 1995                                                                                            .60  .66 
 133 At2Pn64b 1771 1995                                                                             .43  .45  .66  .63  .50 
 134 At2Pn65a 1768 1995                                                                             .31A .52  .71  .59  .58 
 135 At2Pn65b 1763 1995                                                                             .44  .52  .76  .80  .76 
 136 At2Pn65c 1763 1995                                                                             .42  .35  .55  .61  .63 
 137 At2Pn66a 1809 1995                                                                                       .72  .60  .50 
 138 At2Pn66b 1815 1995                                                                                       .75  .69  .56 
 139 At2Pn66c 1815 1995                                                                                       .75  .63  .53 
 140 At2Pn67a 1797 1995                                                                                  .52  .77  .77  .79 
 141 At2Pn67b 1801 1995                                                                                       .73  .78  .72 
 142 At2Pn67c 1830 1995                                                                                            .67  .68 
 143 At2Pn68a 1866 1995                                                                                                 .64 
 144 At2Pn68b 1867 1995                                                                                                 .70 
 145 At2Pn69a 1850 1995                                                                                                 .83 
 146 At2Pn69b 1863 1995                                                                                                 .80 
 147 At2Pn70a 1852 1995                                                                                                 .80 
 148 At2Pn70b 1856 1995                                                                                                 .78 
 149 At2Pn71a 1847 1995                                                                                            .47  .67 
 150 At2Pn71b 1846 1995                                                                                            .49  .73 
 151 At2Pn72a 1823 1995                                                                                       .55  .68  .69 
 152 At2Pn72b 1842 1995                                                                                            .56  .71 
 153 At2Pn73a 1844 1944                                                                                            .58  .62 
 154 At2Pn73b 1844 1944                                                                                            .73  .75 
 155 At2Pn73c 1844 1944                                                                                            .72  .67 
 158 At2Pn75a 1872 1995                                                                                                 .66 
 159 At2Pn76a 1861 1995                                                                                                 .75 
 160 At2Pn76b 1863 1990                                                                                                 .87 
 161 At2Pn77a 1847 1978                                                                                            .69  .68 
 162 At2Pn77b 1847 1995                                                                                            .63  .49 
 163 At2Pn78a 1846 1995                                                                                            .71  .75 
 165 At2Pn79a 1790 1995                                                                                  .55  .67  .59  .59 
 166 At2Pn79b 1775 1995                                                                                  .59  .56  .44  .55 
 167 At2Pn80a 1871 1995                                                                                                 .68 
 168 At2Pn80b 1861 1995                                                                                                 .70 
 170 At2Pn81b 1861 1995                                                                                                 .66 
 171 At2Pn82a 1844 1995                                                                                            .73  .72 
 172 At2Pn82b 1845 1995                                                                                            .74  .71 
 177 At2Pn85a 1823 1995                                                                                       .59  .55  .71 
 178 At2Pn85b 1833 1995                                                                                            .68  .74 
 185 At2Pn89a 1845 1995                                                                                            .55  .74 
 186 At2Pn89b 1857 1995                                                                                                 .70 
 187 At2Pn90a 1852 1995                                                                                                 .83 
 188 At2Pn90b 1852 1995                                                                                                 .82 
 189 At2Pn91a 1859 1995                                                                                                 .87 
 190 At2Pn91b 1844 1995                                                                                            .77  .86 
 191 At2Pn92a 1840 1995                                                                                            .49  .68 
 192 At2Pn92b 1856 1995                                                                                                 .76 
 193 At2Pn93a 1805 1995                                                                                       .62  .63  .73 
 194 At2Pn93b 1808 1995                                                                                       .54  .63  .83 
 195 At2Pn94a 1819 1995                                                                                       .60  .65  .75 
 196 At2Pn94b 1804 1946                                                                                       .60  .59  .71 
 197 At2Pn95a 1824 1995                                                                                       .59  .52  .65 
 198 At2Pn95b 1818 1995                                                                                       .60  .61  .75 
 199 At2Pn96a 1874 1995                                                                                                 .73 
 200 At2Pn96b 1869 1995                                                                                                 .69 
 201 At2Pn97a 1811 1995                                                                                       .71  .68  .80 
 202 At2Pn97b 1807 1995                                                                                       .75  .59  .73 
 203 At2Pn98a 1870 1995                                                                                                 .63 
 204 At2Pn98b 1870 1995                                                                                                 .74 
 205 At2Pna5a 1711 1996                                                                   .39  .57  .58  .58  .64  .41  .39 
 206 At2Pna5b 1755 1996                                                                             .62  .73  .73  .46  .37 
 207 At2Pna6a 1664 1996                                                         .41  .50  .67  .77  .74  .74  .69  .35  .55 
 208 At2Pna6b 1723 1996                                                                        .73  .77  .76  .72  .48  .61 
 211 At2Pna8a 1845 1996                                                                                            .41  .45 
 212 At2Pna8b 1867 1996                                                                                                 .43 
 213 At2Pna9a 1867 1996                                                                                                 .47 
 214 At2Pna9b 1856 1996                                                                                                 .46 
 215 At2Pnb0a 1741 1996                                                                        .57  .76  .79  .65  .37  .65 
 216 At2Pnb1a 1802 1996                                                                                       .70  .60  .49 
 217 At2Pnb1b 1793 1996                                                                                  .67  .64  .60  .69 
 218 At2Pnb2a 1767 1996                                                                             .61  .50  .50  .58  .73 
 219 At2Pnb2b 1768 1996                                                                             .73  .79  .76  .62  .57 
 221 At2Pnb4a 1825 1994                                                                                            .70  .74 
 222 At2Pnb5a 1855 1994                                                                                                 .67 
 223 At2Pnb6a 1810 1994                                                                                       .75  .73  .74 
 224 At2Pnb7a 1830 1994                                                                                            .67  .57 
 225 At2Pnb8a 1829 1974                                                                                            .49  .47 
 226 At2Pnb9a 1798 1994                                                                                  .46  .74  .76  .78 
 227 At2Pnc0a 1780 1994                                                                                  .38  .76  .70  .74 
 228 At2Pnc1a 1831 1994                                                                                            .58  .66 
 229 At2Pnc2a 1832 1975                                                                                            .61  .82 
 230 At2Pnc3a 1785 1994                                                                                  .66  .62  .49  .62 
 231 At2Pnc4a 1800 1994                                                                                       .74  .67  .46 
 232 At2Pnc5a 1848 1994                                                                                            .63  .74 
 233 At2Pnc6a 1843 1994                                                                                            .66  .68 
 234 At2Pnc7a 1837 1994                                                                                            .53  .61 
 235 At2Pnc8a 1816 1994                                                                                       .70  .59  .65 
 236 At2Pnc9a 1824 1994                                                                                       .74  .74  .66 
 237 At2Pnd0a 1825 1990                                                                                            .71  .74 
 238 At2Pnd1a 1833 1989                                                                                            .62  .64 
 239 At2Pnd2a 1840 1994                                                                                            .73  .30B
 240 At2Pnd3a 1845 1994                                                                                            .59  .72 
 241 At2Pnd4a 1843 1994                                                                                            .47  .69 
 242 At2Pnd5a 1830 1994                                                                                            .70  .76 
 243 At2Pnd6a 1844 1994                                                                                            .58  .74 
 244 At2Pnd7a 1847 1994                                                                                            .37  .52 
 245 At2Pnd8a 1848 1994                                                                                            .59  .63 
 246 At2Pnd9a 1825 1994                                                                                            .57  .68 
 247 At2Pne0a 1831 1995                                                                                            .54  .52 
 248 At2Pne1a 1829 1994                                                                                            .51  .71 
 249 At2Pne2a 1792 1994                                                                                  .65  .71  .64  .55 
 250 At2Pne3a 1840 1994                                                                                            .56  .78 
 251 At2Pne4a 1859 1995                                                                                                 .62 
 252 At2Pne5a 1824 1985                                                                                            .71  .68 
 253 At2Pne6a 1820 1971                                                                                       .51  .63  .62 
 254 At2Pne7a 1824 1994                                                                                       .52  .48  .65 
 255 At2Pne8a 1830 1994                                                                                            .66  .78 
 256 At2Pne9a 1839 1942                                                                                            .46  .73 
 257 At2Pnf0a 1848 1994                                                                                            .52  .59 
 258 At2Pnf1a 1726 1994                                                                        .55  .57  .54  .68  .57  .61 
 260 At2Pnf3a 1852 1995                                                                                                 .77 
 261 At2Pnf4a 1853 1995                                                                                                 .62 
 262 At2Pnf5a 1755 1995                                                                             .11B .47  .76  .70  .75 
 263 At2Pnf6a 1845 1976                                                                                            .60  .65 
 264 At2Pnf7a 1846 1995                                                                                            .65  .65 
 265 At2Pnf8a 1848 1995                                                                                            .71  .71 
 266 At2Pnf9a 1793 1996                                                                                  .66  .67  .57  .68 
 267 At2Pnf9b 1742 1996                                                                        .57  .66  .76  .73  .60  .68 
 268 At2Png0a 1662 1996                                                         .64  .74  .72  .67  .67  .74  .65  .53  .53 
 269 At2Png0b 1713 1996                                                                   .71  .71  .74  .78  .71  .61  .66 
 270 At2Png1a 1666 1996                                                         .73  .80  .63  .66  .67  .57  .53  .53  .51 
 271 At2Png1b 1667 1907                                                         .68  .69  .42  .55  .61  .57  .62  .55      
 272 At2Png2a 1659 1996                                                         .75  .80  .70  .72  .80  .80  .71  .55  .59 
 273 At2Png2b 1672 1725                                                         .80                                         
 274 At2Png2c 1770 1996                                                                             .67  .66  .72  .60  .41 
 275 At2Png3a 1665 1943                                                         .64  .72  .70  .71  .77  .64  .60  .58  .53 
 276 At2Png3b 1691 1996                                                              .75  .68  .59  .65  .67  .65  .64  .63 
 277 At2Png4a 1637 1841                                                    .67  .65  .65  .65  .75  .77                     
 278 At2Png4b 1632 1841                                                    .56  .58  .58  .45  .54  .72                     
 279 At2Png5a 1630 1996                                                    .48  .70  .66  .55  .61  .64  .64  .51  .38  .23B
 280 At2Png6a 1805 1996                                                                                       .67  .51  .62 
 281 At2Png6b 1801 1996                                                                                       .68  .58  .68 
 282 At2Png7a 1781 1996                                                                                  .58  .54  .54  .76 
 283 At2Png7b 1782 1996                                                                                  .49  .53  .62  .75 
 284 At2Png8a 1815 1996                                                                                       .64  .66  .75 
 285 At2Png8b 1809 1996                                                                                       .69  .70  .68 
 286 At2Png9a 1710 1964                                                                   .39  .64  .72  .76  .81  .70  .69 
 287 At2Png9b 1715 1996                                                                   .38  .59  .63  .73  .73  .55  .71 
 288 At2Pnh0a 1860 1995                                                                                                 .55 
 289 At2Pnh0b 1854 1995                                                                                                 .57 
 290 At2Pnh1a 1815 1995                                                                                       .55  .50  .62 
 291 At2Pnh1b 1802 1995                                                                                       .71  .51  .64 
 292 At2Pnh2a 1799 1995                                                                                  .73  .79  .66  .78 
 293 At2Pnh2b 1808 1995                                                                                       .85  .81  .80 
 294 At2Pnh3a 1802 1995                                                                                       .79  .77  .70 
 295 At2Pnh3b 1791 1995                                                                                  .59  .64  .61  .64 
 296 At2Pnh4a 1803 1995                                                                                       .78  .76  .76 
 297 At2Pnh4b 1798 1995                                                                                  .35  .72  .67  .81 
 298 At2Pnh5a 1800 1995                                                                                       .77  .72  .74 
 299 At2Pnh5b 1781 1995                                                                                  .58  .78  .79  .75 
 300 At2Pnh6a 1790 1995                                                                                  .68  .73  .74  .78 
 301 At2Pnh6b 1780 1995                                                                                  .58  .78  .77  .81 
 302 At2Pnh7a 1778 1975                                                                                  .45  .42  .39  .59 
 303 At2Pnh7b 1785 1975                                                                                  .40  .61  .54  .55 
 304 At2Pnh8a 1773 1974                                                                             .33  .52  .69  .68  .61 
 305 At2Pnh8b 1779 1995                                                                                  .50  .73  .70  .72 
 306 At2Pnh9a 1766 1900                                                                             .55  .69  .71  .57      
 307 At2Pnh9b 1770 1899                                                                             .56  .74  .72  .56      
 308 At2Pnh9c 1767 1901                                                                             .61  .72  .78  .68      
 309 At2Pni0a 1610 1995                                               .57  .36  .45  .61  .47  .50  .42  .40  .52  .40  .47 
 310 At2Pni1a 1841 1995                                                                                            .42  .55 
 311 At2Pni2a 1837 1995                                                                                            .52  .68 
 312 At2Pni2b 1848 1995                                                                                            .46  .62 
 313 At2Pni3a 1319 1753  .53  .76  .69  .57  .66  .71  .48  .53  .71  .69  .45  .55  .67                                    
 314 At2Pni3b 1350 1747  .55  .79  .69  .63  .70  .60  .46  .60  .70  .68  .46  .44                                         
 315 At2Pni4a 1773 1995                                                                             .05B .25A .64  .70  .64 
 316 At2Pni4b 1845 1995                                                                                            .63  .62 
 317 At2Pni5a 1636 1995                                                    .53  .60  .65  .63  .75  .77  .74  .54  .32A .55 
 318 At2Pni5b 1736 1995                                                                        .42  .39  .61  .52  .35  .61 
 319 At2Pni6a 1716 2002                                                                   .30B .33A .47  .63  .63  .55  .59 
 320 At2Pni6b 1754 2002                                                                             .30A .51  .60  .71  .53 
 321 At2Pni6c 1716 2002                                                                   .46  .57  .73  .67  .62  .67  .70 
 322 At2Pni7a 1730 1876                                                                        .42  .37  .53  .61           
 323 At2Pni8a 1642 2002                                                    .22B .48  .66  .36  .34  .46  .51  .42  .24B .32A
 324 At2Pni8b 1622 2002                                               .60  .28A .54  .59  .34  .42  .59  .47  .45  .55  .45 
 325 At2Pni8c 1602 1724                                               .75  .32A .43                                         
 326 At2Pni9a 1594 2002                                          .69  .48  .13B .45  .58  .40  .38  .37  .41  .51  .57  .30A
 327 At2Pni9b 1530 2002                                .43  .58  .61  .50  .29A .35  .46  .46  .54  .50  .31A .36  .30B .36 
 328 At2Pni9c 1618 2002                                               .49  .24B .49  .66  .51  .51  .40  .25B .36  .45  .38 
 329 At2Pnj0a 1772 2002                                                                             .59  .55  .48  .46  .75 
 330 At2Pnj0b 1734 2002                                                                       -.01B .34  .63  .66  .51  .57 
 331 At2Pnj0c 1825 2002                                                                                            .27B .55 
 332 At2Pnj0d 1727 1816                                                                        .54                          
 333 At2Pnj1a 1770 1996                                                                             .48  .71  .59  .47  .59 
 334 At2Pnj1b 1790 1996                                                                                  .69  .62  .53  .65 
 336 At2Pnj2b 1740 1996                                                                        .65  .59  .62  .75  .52  .51 
 337 At2Pnj2c 1740 1891                                                                        .58  .58  .62  .73           
 338 At2Pnj3a 1768 1996                                                                             .59  .68  .71  .65  .62 
 339 At2Pnj3b 1760 1996                                                                             .63  .72  .84  .66  .64 
 340 At2Pnj4a 1751 1996                                                                             .72  .79  .85  .61  .43 
 341 At2Pnj4b 1726 1996                                                                        .70  .73  .68  .77  .72  .48 
 342 At2Pnj5a 1774 1996                                                                             .66  .73  .70  .57  .58 
 343 At2Pnj5b 1780 1996                                                                                  .75  .68  .48  .62 
 344 At2Pnj6a 1789 1996                                                                                  .42  .50  .57  .47 
 345 At2Pnj7a 1807 1996                                                                                       .56  .63  .67 
 346 At2Pnj8a 1833 1996                                                                                            .35B .57 
 350 At2Pnk1a 1841 1996                                                                                            .55  .73 
 351 At2Pnk1b 1840 1996                                                                                            .56  .63 
 352 At2Pnk2a 1870 1996                                                                                                 .64 
 354 At2Pnk4a 1873 1996                                                                                                 .65 
 355 At2Pnk4b 1870 1996                                                                                                 .71 
 356 At2Pnk5a 1874 1996                                                                                                 .52 
 357 At2Pnk6a 1870 1996                                                                                                 .58 
 358 At2Pnk7a 1852 1996                                                                                                 .51 
 359 At2Pnn3a 1651 1996                                                         .74  .73  .69  .79  .78  .72  .72  .67  .53 
 360 At2Pnn3b 1610 1996                                               .63  .61  .64  .64  .71  .81  .82  .75  .68  .59  .55 
 362 At2Pnn4a 1629 1996                                                    .54  .86  .85  .71  .77  .86  .81  .70  .58  .67 
 363 At2Pnn4b 1661 1996                                                         .80  .78  .72  .78  .85  .86  .79  .70  .57 
 364 At2Pnn5a 1613 1996                                               .68  .44  .54  .72  .57  .70  .82  .73  .70  .50  .41 
 365 At2Pnn5b 1688 1996                                                              .76  .56  .69  .80  .75  .76  .61  .43 
 366 At2Pnn6a 1624 1996                                               .63  .54  .58  .65  .56  .73  .81  .73  .69  .58  .50 
 367 At2Pnn6b 1642 1996                                                    .47  .47  .57  .70  .74  .71  .61  .65  .67  .54 
 368 At2Pnn7a 1680 1996                                                              .51  .44  .71  .69  .64  .70  .65  .64 
 369 At2Pnn7b 1688 1996                                                              .75  .68  .73  .64  .57  .70  .69  .60 
 370 At2Pnn8a 1746 1996                                                                        .51  .58  .61  .54  .62  .52 
 371 At2Pnn8b 1706 1968                                                                   .47  .55  .64  .64  .71  .70  .64 
 372 At2Pnn9a 1766 1996                                                                             .65  .52  .42  .40  .66 
 373 At2Pnn9b 1767 1996                                                                             .74  .67  .64  .56  .70 
 374 At2Pno0a 1700 1996                                                                   .54  .73  .79  .61  .64  .67  .36 
 375 At2Pno0b 1710 1996                                                                   .61  .75  .70  .61  .66  .57  .47 
 376 At2Pno1a 1776 1996                                                                                  .73  .70  .65  .69 
 377 At2Pno1b 1752 1996                                                                             .76  .66  .59  .49  .41 
 378 At2Pno2a 1713 1996                                                                   .59  .55  .56  .62  .70  .70  .71 
 379 At2Pno2b 1690 1962                                                              .64  .56  .48  .51  .75  .72  .56  .71 
 380 At2Pno3a 1686 1996                                                              .55  .52  .79  .88  .80  .70  .62  .71 
 381 At2Pno3b 1686 1996                                                              .39  .51  .77  .80  .76  .72  .65  .58 
 382 At2Pno4a 1696 1996                                                              .55  .41  .43  .68  .69  .72  .64  .55 
 383 At2Pno4b 1703 1996                                                                   .66  .69  .76  .68  .67  .71  .58 
 384 At2Pno5a 1682 1938                                                              .71  .66  .76  .72  .73  .68  .48  .58 
 385 At2Pno5b 1686 1926                                                              .74  .69  .79  .78  .82  .78  .54  .56 
 386 At2Pno6a 1697 1996                                                              .69  .77  .64  .68  .59  .54  .61  .54 
 387 At2Pno6b 1694 1996                                                              .69  .68  .71  .77  .80  .75  .71  .68 
 388 At2Pno7a 1685 1996                                                              .80  .75  .75  .83  .79  .76  .65  .45 
 389 At2Pno7b 1686 1996                                                              .74  .81  .78  .80  .80  .75  .64  .55 
 390 At2Pno8a 1726 1996                                                                        .70  .73  .73  .70  .60  .62 
 391 At2Pno8b 1703 1996                                                                   .58  .71  .78  .76  .68  .60  .56 
 398 At2Pnl1b 1873 1995                                                                                                 .69 
 410 At2Pnl8a 1761 1995                                                                             .66  .75  .72  .59  .56 
 411 At2Pnl8b 1762 1995                                                                             .60  .68  .71  .68  .71 
 412 At2Pnl9a 1745 1995                                                                        .71  .76  .84  .81  .74  .73 
 413 At2Pnl9b 1744 1995                                                                        .70  .79  .84  .76  .73  .68 
 414 At2Pnm0a 1755 1995                                                                             .69  .76  .71  .58  .63 
 415 At2Pnm0b 1752 1995                                                                             .71  .77  .80  .69  .63 
 416 At2Pnm1a 1690 1995                                                              .61  .58  .48  .75  .82  .78  .74  .68 
 417 At2Pnm1b 1712 1995                                                                   .52  .56  .76  .79  .76  .62  .55 
 418 At2Pnm2a 1786 1995                                                                                  .64  .68  .55  .60 
 419 At2Pnm2b 1769 1995                                                                             .67  .66  .63  .73  .71 
 420 At2Pnm3a 1769 1995                                                                             .76  .75  .79  .78  .60 
 421 At2Pnm3b 1757 1995                                                                             .77  .69  .64  .66  .65 
 422 At2Pnm4a 1764 1995                                                                             .63  .66  .56  .52  .64 
 423 At2Pnm4b 1817 1995                                                                                       .71  .50  .51 
 424 At2Pnm5a 1739 1995                                                                        .68  .67  .69  .71  .61  .56 
 425 At2Pnm6a 1768 1995                                                                             .74  .81  .76  .68  .65 
 426 At2Pnm6b 1725 1995                                                                        .64  .77  .80  .75  .68  .61 
 427 At2Pnm7a 1746 1995                                                                        .71  .71  .68  .70  .75  .73 
 428 At2Pnm7b 1749 1993                                                                        .64  .76  .75  .69  .63  .58 
 429 At2Pnm8a 1436 1995            .44  .49  .60  .60  .66  .70  .77  .74  .58  .64  .76  .71  .75  .67  .49  .63  .51  .45 
 430 At2Pnm8b 1498 1995                      .67  .61  .56  .66  .74  .65  .51  .58  .75  .68  .71  .77  .69  .65  .54  .37 
 431 At2Pnm9a 1696 1995                                                              .34B .55  .82  .72  .69  .66  .57  .66 
 432 At2Pnm9b 1739 1995                                                                        .71  .75  .77  .80  .73  .66 
 433 At2Pnn0a 1828 1995                                                                                            .55  .43 
 434 At2Pnn0b 1786 1995                                                                                  .66  .74  .68  .57 
 435 At2Pnn1a 1760 1995                                                                             .54  .66  .80  .71  .70 
 436 At2Pnn1b 1760 1995                                                                             .59  .62  .52  .45  .61 
 437 At2Pnn2a 1594 1995                                          .68  .66  .59  .64  .65  .66  .65  .66  .42  .31A .50  .70 
 438 At2Pnn2b 1584 1995                                          .81  .69  .43  .50  .77  .65  .63  .73  .69  .61  .44  .41 
 439 At2Pno9a 1845 1995                                                                                            .40  .48 
 440 At2Pno9b 1850 1995                                                                                                 .64 
 441 At2Pno9c 1845 1995                                                                                            .17B .49 
 442 At2Pnp0a 1843 1995                                                                                            .60  .54 
 443 At2Pnp0b 1840 1995                                                                                            .57  .60 
 444 At2Pnp0c 1840 1995                                                                                            .73  .60 
 445 At2Pnp1a 1839 1995                                                                                            .62  .51 
 446 At2Pnp1b 1848 1995                                                                                            .63  .57 
 447 At2Pnp1c 1848 1995                                                                                            .50  .61 
 451 At2Pnp3a 1856 1995                                                                                                 .66 
 452 At2Pnp3b 1849 1995                                                                                                 .72 
 453 At2Pnp3c 1849 1995                                                                                            .45  .71 
 454 At2Pnp4a 1846 1995                                                                                            .52  .75 
 455 At2Pnp4b 1842 1995                                                                                            .74  .72 
 456 At2Pnp4c 1843 1995                                                                                            .58  .77 
 457 At2Pnp5a 1846 1995                                                                                            .62  .75 
 458 At2Pnp5b 1846 1995                                                                                            .69  .69 
 459 At2Pnp5c 1846 1995                                                                                            .62  .65 
 460 At2Pnp6a 1850 1995                                                                                                 .61 
 461 At2Pnp6b 1845 1995                                                                                            .66  .74 
 462 At2Pnp6c 1845 1995                                                                                            .79  .70 
 466 At2Pnq7a 1828 1996                                                                                            .42  .43 
 470 At2Pnr0a 1822 1996                                                                                       .56  .45  .42 
 471 At2Pnr1a 1820 1996                                                                                       .62  .57  .53 
 472 At2Pnr2a 1836 1996                                                                                            .69  .60 
 473 At2Pnr2b 1820 1996                                                                                       .33  .61  .60 
 474 At2Pnr3a 1823 1996                                                                                       .47  .43  .54 
 475 At2Pnp8a 1837 1996                                                                                            .66  .53 
 489 At2Pnq6a 1855 1996                                                                                                 .64 
 493 At2Pnr5a 1849 1995                                                                                            .64  .58 
 494 At2Pnr5b 1852 1995                                                                                                 .61 
 495 At2Pnr5c 1852 1995                                                                                                 .49 
 496 At2Pnr6a 1789 1995                                                                                  .53  .73  .68  .67 
 497 At2Pnr7a 1774 1995                                                                             .50  .66  .62  .61  .61 
 498 At2Pnr7b 1737 1995                                                                        .46  .49  .49  .42  .43  .67 
 499 At2Pnr8a 1831 1995                                                                                            .68  .66 
 500 At2Pnr8b 1832 1995                                                                                            .51  .71 
 501 At2Pnr9a 1725 1995                                                                        .37  .47  .65  .61  .59  .78 
 502 At2Pnr9b 1719 1995                                                                   .17B .39  .44  .59  .67  .68  .83 
 503 At2Pns0a 1870 1995                                                                                                 .72 
 504 At2Pns0b 1873 1995                                                                                                 .67 
 506 At2Pns1a 1670 1996                                                         .54  .67  .64  .70  .74  .67  .64  .50  .52 
 507 At2Pns1b 1676 1996                                                              .71  .60  .65  .65  .61  .63  .55  .54 
 508 At2Pns2a 1834 1996                                                                                            .33  .50 
 509 At2Pns2b 1819 1996                                                                                       .65  .62  .48 
 510 At2Pns3a 1850 1996                                                                                                 .71 
 511 At2Pns3b 1859 1996                                                                                                 .59 
 512 At2Pns4a 1768 1996                                                                             .66  .67  .69  .58  .69 
 513 At2Pns4b 1782 1940                                                                                  .67  .70  .55  .53 
 514 At2Pns5a 1780 1996                                                                                  .67  .59  .49  .41 
 515 At2Pns5b 1783 1996                                                                                  .52  .40  .30A .53 
 516 At2Pns6a 1793 1996                                                                                  .46  .55  .62  .67 
 517 At2Pns6b 1800 1996                                                                                       .73  .67  .68 
 518 At2Pns7a 1771 1990                                                                             .51  .69  .78  .70  .63 
 519 At2Pns7b 1771 1980                                                                             .50  .64  .78  .74  .66 
 520 At2Pns8a 1793 1987                                                                                  .70  .63  .55  .60 
 521 At2Pns8b 1809 1996                                                                                       .58  .59  .62 
 522 At2Pns9a 1863 1994                                                                                                 .56 
 523 At2Pns9b 1796 1989                                                                                  .55  .57  .64  .65 
 524 At2Pnt0a 1809 1996                                                                                       .45  .49  .58 
 525 At2Pnt0b 1817 1996                                                                                       .62  .60  .72 
 526 At2Pnt1a 1806 1996                                                                                       .77  .72  .73 
 527 At2Pnt1b 1792 1996                                                                                  .48  .74  .70  .69 
 528 At2Pnt2a 1791 1996                                                                                  .57  .60  .58  .57 
 529 At2Pnt2b 1836 1996                                                                                            .66  .69 
 530 At2Pnt3a 1863 1996                                                                                                 .65 
 531 At2Pnt3b 1864 1996                                                                                                 .53 
 532 At2Pnt4a 1868 1996                                                                                                 .63 
 533 At2Pnt4b 1868 1996                                                                                                 .58 
 562 At2Pnv1a 1864 1996                                                                                                 .56 
 565 At2Pnv3a 1872 1996                                                                                                 .60 
 566 At2Pnv4a 1849 1996                                                                                                 .62 
 567 At2Pnv5a 1874 1996                                                                                                 .50 
 568 At2Pnv5b 1854 1996                                                                                                 .48 
 573 At2Pnv8a 1865 1995                                                                                                 .65 
 574 At2Pnv8b 1865 1995                                                                                                 .73 
 579 At2Pnw2a 1867 1995                                                                                                 .55 
 580 At2Pnw2b 1869 1995                                                                                                 .63 
 581 At2Pnw3a 1869 1995                                                                                                 .65 
 582 At2Pnw3b 1872 1995                                                                                                 .74 
 584 At2Pnw4b 1871 1995                                                                                                 .77 
 588 At2Pnw6b 1874 1963                                                                                                 .66 
 Av segment correlation  .54  .78  .61  .56  .66  .63  .51  .65  .72  .63  .44  .59  .66  .57  .63  .65  .64  .66  .60  .63 

 CORRELATION OF SERIES BY SEGMENTS: aust115
-----------------------------------------------------------------------------------------------------------------------------------
 Correlations of  50-year dated segments, lagged  25 years
 Flags:  A = correlation under   .3281 but highest as dated;  B = correlation higher at other than dated position

 Seq Series  Time_span  1900 1925 1950 
                        1949 1974 1999 
 --- -------- ---------  ---- ---- ---- 
  11 At2Pn01a 1880 1995  .78  .70      
  12 At2Pn01b 1853 1995  .64  .77      
  13 At2Pn02a 1856 1995  .61  .64      
  14 At2Pn03a 1883 1995  .82  .77      
  15 At2Pn03b 1857 1995  .71  .72      
  16 At2Pn04a 1880 1995  .55  .60      
  17 At2Pn04b 1868 1995  .73  .70      
  18 At2Pn05a 1906 1995       .65      
  19 At2Pn05b 1887 1995  .66  .61      
  20 At2Pn06a 1857 1995  .81  .77      
  21 At2Pn06b 1873 1995  .78  .78      
  22 At2Pn07a 1861 1995  .72  .54      
  23 At2Pn07b 1850 1995  .74  .53      
  24 At2Pn08a 1861 1995  .72  .51      
  25 At2Pn08b 1855 1995  .71  .66      
  26 At2Pn09a 1849 1995  .75  .73      
  27 At2Pn09b 1854 1995  .74  .61      
  28 At2Pn10a 1850 1995  .68  .50      
  29 At2Pn10b 1845 1995  .57  .46      
  30 At2Pn11a 1851 1995  .80  .72      
  31 At2Pn11b 1843 1995  .86  .72      
  32 At2Pn12a 1873 1995  .72  .76      
  33 At2Pn12b 1886 1995  .79  .68      
  34 At2Pn13a 1843 1995  .74  .62      
  35 At2Pn13b 1840 1995  .77  .65      
  36 At2Pn14a 1852 1995  .76  .76      
  37 At2Pn14b 1856 1995  .76  .71      
  38 At2Pn15a 1862 1995  .71  .68      
  39 At2Pn15b 1850 1995  .71  .66      
  40 At2Pn16a 1892 1995  .83  .62      
  41 At2Pn16b 1883 1995  .74  .62      
  42 At2Pn17a 1859 1995  .79  .79      
  43 At2Pn17b 1853 1995  .76  .74      
  44 At2Pn18a 1872 1995  .80  .79      
  45 At2Pn18b 1881 1995  .81  .77      
  46 At2Pn19a 1918 1995       .62      
  47 At2Pn19b 1904 1995       .61      
  48 At2Pn20a 1854 1965  .68           
  49 At2Pn21a 1850 1953  .67           
  50 At2Pn22a 1841 1995  .56  .63      
  51 At2Pn22b 1856 1995  .55  .47      
  52 At2Pn23a 1830 1995  .67  .56      
  53 At2Pn23b 1852 1995  .73  .65      
  56 At2Pn25a 1853 1995  .71  .61      
  57 At2Pn25b 1858 1995  .64  .58      
  58 At2Pn26a 1855 1956  .58           
  59 At2Pn26b 1847 1995  .55  .55      
  60 At2Pn27a 1779 1995  .62  .61      
  61 At2Pn27b 1784 1995  .67  .66      
  62 At2Pn28a 1841 1995  .76  .76      
  63 At2Pn28b 1860 1995  .73  .71      
  64 At2Pn29a 1847 1995  .69  .64      
  65 At2Pn29b 1845 1995  .48  .39      
  66 At2Pn30a 1775 1995  .61  .58B     
  67 At2Pn30b 1787 1995  .61  .57      
  68 At2Pn31a 1802 1995  .51  .62      
  69 At2Pn31b 1799 1995  .58  .54      
  70 At2Pn32a 1786 1995  .75  .77      
  71 At2Pn32b 1791 1995  .73  .70      
  72 At2Pn33a 1848 1995  .61  .59      
  73 At2Pn33b 1849 1995  .73  .68      
  74 At2Pn34a 1774 1995  .63  .66      
  75 At2Pn34b 1780 1995  .73  .63      
  76 At2Pn35a 1848 1995  .51  .56      
  77 At2Pn36a 1798 1995  .56  .61      
  78 At2Pn36b 1785 1995  .68  .67      
  79 At2Pn37a 1794 1995  .56  .58      
  80 At2Pn37b 1801 1995  .54  .51      
  81 At2Pn38a 1764 1995  .70  .68      
  82 At2Pn38b 1787 1995  .35  .68      
  83 At2Pn39a 1862 1995  .48  .48      
  84 At2Pn39b 1862 1995  .47  .60      
  86 At2Pn40b 1869 1995  .58  .62      
  87 At2Pn41a 1873 1995  .60  .60      
  88 At2Pn41b 1879 1995  .38  .43      
  89 At2Pn42a 1874 1995  .34  .38B     
  90 At2Pn42b 1853 1995  .58  .36      
  91 At2Pn43a 1861 1995  .64  .65      
  92 At2Pn43b 1861 1995  .55  .61      
  93 At2Pn44a 1875 1995  .49  .58      
  94 At2Pn44b 1899 1995  .53  .42B     
  95 At2Pn45a 1873 1995  .54  .39      
  96 At2Pn46a 1700 1996  .56  .58      
  97 At2Pn47a 1830 1996  .63  .56      
  98 At2Pn47b 1701 1996  .65  .59      
  99 At2Pn48a 1711 1996  .46  .41      
 100 At2Pn48b 1712 1996  .68  .45      
 101 At2Pn49a 1710 1996  .70  .61      
 102 At2Pn49b 1718 1996  .67  .47      
 103 At2Pn50a 1700 1996  .63  .49      
 104 At2Pn51a 1903 1996       .28A     
 105 At2Pn51b 1896 1996  .35  .60      
 106 At2Pn52a 1769 1996  .61  .70      
 107 At2Pn52b 1769 1996  .57  .61      
 108 At2Pn53a 1776 1996  .67  .59      
 109 At2Pn53b 1776 1996  .59  .68      
 111 At2Pn55a 1843 1996  .53  .38      
 112 At2Pn56a 1861 1996  .56  .44      
 113 At2Pn57a 1875 1996  .61  .44      
 114 At2Pn57b 1854 1996  .69  .46      
 115 At2Pn58a 1806 1995  .66  .65      
 116 At2Pn58b 1823 1995  .61  .65      
 117 At2Pn58c 1823 1995  .72  .66      
 120 At2Pn60a 1800 1975  .71  .58      
 121 At2Pn60b 1799 1995  .76  .78      
 122 At2Pn60c 1799 1995  .83  .87      
 123 At2Pn61a 1801 1995  .76  .76      
 124 At2Pn61b 1806 1995  .77  .73      
 125 At2Pn61c 1806 1995  .75  .65      
 126 At2Pn62a 1817 1995  .84  .77      
 127 At2Pn62b 1805 1995  .78  .77      
 128 At2Pn62c 1807 1995  .80  .73      
 129 At2Pn63a 1806 1995  .81  .80      
 130 At2Pn63b 1800 1995  .79  .76      
 131 At2Pn63c 1800 1995  .87  .83      
 132 At2Pn64a 1825 1995  .62  .57      
 133 At2Pn64b 1771 1995  .63  .76      
 134 At2Pn65a 1768 1995  .69  .66      
 135 At2Pn65b 1763 1995  .78  .69      
 136 At2Pn65c 1763 1995  .74  .69      
 137 At2Pn66a 1809 1995  .64  .62      
 138 At2Pn66b 1815 1995  .73  .74      
 139 At2Pn66c 1815 1995  .70  .74      
 140 At2Pn67a 1797 1995  .75  .71      
 141 At2Pn67b 1801 1995  .68  .70      
 142 At2Pn67c 1830 1995  .71  .65      
 143 At2Pn68a 1866 1995  .64  .65      
 144 At2Pn68b 1867 1995  .76  .71      
 145 At2Pn69a 1850 1995  .82  .78      
 146 At2Pn69b 1863 1995  .81  .67      
 147 At2Pn70a 1852 1995  .80  .67      
 148 At2Pn70b 1856 1995  .77  .64      
 149 At2Pn71a 1847 1995  .69  .72      
 150 At2Pn71b 1846 1995  .80  .77      
 151 At2Pn72a 1823 1995  .71  .64      
 152 At2Pn72b 1842 1995  .69  .60      
 156 At2Pn74a 1887 1995  .74  .66      
 157 At2Pn74b 1875 1995  .55  .48      
 158 At2Pn75a 1872 1995  .64  .49      
 159 At2Pn76a 1861 1995  .86  .82      
 160 At2Pn76b 1863 1990  .85  .76      
 161 At2Pn77a 1847 1978  .77  .64      
 162 At2Pn77b 1847 1995  .68  .76      
 163 At2Pn78a 1846 1995  .76  .66      
 164 At2Pn78b 1896 1995  .70  .66      
 165 At2Pn79a 1790 1995  .73  .71      
 166 At2Pn79b 1775 1995  .67  .64      
 167 At2Pn80a 1871 1995  .66  .63      
 168 At2Pn80b 1861 1995  .77  .72      
 169 At2Pn81a 1881 1995  .68  .62      
 170 At2Pn81b 1861 1995  .74  .70      
 171 At2Pn82a 1844 1995  .77  .68      
 172 At2Pn82b 1845 1995  .76  .78      
 173 At2Pn83a 1881 1995  .73  .72      
 174 At2Pn83b 1892 1995  .50  .48      
 175 At2Pn84a 1899 1995  .61  .65      
 176 At2Pn84b 1900 1995       .73      
 177 At2Pn85a 1823 1995  .73  .68      
 178 At2Pn85b 1833 1995  .70  .63      
 180 At2Pn86b 1922 1995       .61      
 181 At2Pn87a 1904 1991       .54      
 182 At2Pn87b 1894 1995  .74  .57      
 184 At2Pn88b 1919 1995       .69      
 185 At2Pn89a 1845 1995  .68  .63      
 186 At2Pn89b 1857 1995  .74  .70      
 187 At2Pn90a 1852 1995  .80  .69      
 188 At2Pn90b 1852 1995  .82  .77      
 189 At2Pn91a 1859 1995  .87  .81      
 190 At2Pn91b 1844 1995  .86  .80      
 191 At2Pn92a 1840 1995  .70  .70      
 192 At2Pn92b 1856 1995  .74  .58      
 193 At2Pn93a 1805 1995  .75  .72      
 194 At2Pn93b 1808 1995  .80  .60      
 195 At2Pn94a 1819 1995  .73  .65      
 197 At2Pn95a 1824 1995  .77  .66      
 198 At2Pn95b 1818 1995  .70  .58      
 199 At2Pn96a 1874 1995  .64  .53      
 200 At2Pn96b 1869 1995  .79  .73      
 201 At2Pn97a 1811 1995  .79  .72      
 202 At2Pn97b 1807 1995  .63  .52      
 203 At2Pn98a 1870 1995  .67  .70      
 204 At2Pn98b 1870 1995  .80  .69      
 205 At2Pna5a 1711 1996  .63  .49      
 206 At2Pna5b 1755 1996  .68  .65      
 207 At2Pna6a 1664 1996  .80  .73      
 208 At2Pna6b 1723 1996  .80  .75      
 209 At2Pna7a 1897 1996  .62  .63      
 210 At2Pna7b 1899 1996       .65      
 211 At2Pna8a 1845 1996  .49  .52      
 212 At2Pna8b 1867 1996  .58  .71      
 213 At2Pna9a 1867 1996  .75  .59      
 214 At2Pna9b 1856 1996  .71  .63      
 215 At2Pnb0a 1741 1996  .75  .57      
 216 At2Pnb1a 1802 1996  .49  .45      
 217 At2Pnb1b 1793 1996  .68  .45      
 218 At2Pnb2a 1767 1996  .80  .66      
 219 At2Pnb2b 1768 1996  .69  .71      
 220 At2Pnb3a 1894 1996  .59  .56      
 221 At2Pnb4a 1825 1994  .77  .65      
 222 At2Pnb5a 1855 1994  .66  .61      
 223 At2Pnb6a 1810 1994  .71  .61      
 224 At2Pnb7a 1830 1994  .68  .66      
 225 At2Pnb8a 1829 1974  .59  .50      
 226 At2Pnb9a 1798 1994  .75  .59      
 227 At2Pnc0a 1780 1994  .79  .72      
 228 At2Pnc1a 1831 1994  .74  .58      
 229 At2Pnc2a 1832 1975  .87  .68      
 230 At2Pnc3a 1785 1994  .61  .60      
 231 At2Pnc4a 1800 1994  .70  .75      
 232 At2Pnc5a 1848 1994  .73  .69      
 233 At2Pnc6a 1843 1994  .73  .69      
 234 At2Pnc7a 1837 1994  .72  .66      
 235 At2Pnc8a 1816 1994  .75  .65      
 236 At2Pnc9a 1824 1994  .72  .64      
 237 At2Pnd0a 1825 1990  .72  .62      
 238 At2Pnd1a 1833 1989  .64  .62      
 239 At2Pnd2a 1840 1994  .54  .75      
 240 At2Pnd3a 1845 1994  .76  .69      
 241 At2Pnd4a 1843 1994  .74  .70      
 242 At2Pnd5a 1830 1994  .74  .70      
 243 At2Pnd6a 1844 1994  .80  .72      
 244 At2Pnd7a 1847 1994  .86  .75      
 245 At2Pnd8a 1848 1994  .75  .71      
 246 At2Pnd9a 1825 1994  .62  .50      
 247 At2Pne0a 1831 1995  .55  .43      
 248 At2Pne1a 1829 1994  .83  .78      
 249 At2Pne2a 1792 1994  .67  .69      
 250 At2Pne3a 1840 1994  .76  .56      
 251 At2Pne4a 1859 1995  .71  .61      
 252 At2Pne5a 1824 1985  .75  .66      
 253 At2Pne6a 1820 1971  .51           
 254 At2Pne7a 1824 1994  .72  .47      
 255 At2Pne8a 1830 1994  .81  .69      
 257 At2Pnf0a 1848 1994  .51  .48      
 258 At2Pnf1a 1726 1994  .74  .57      
 259 At2Pnf2a 1875 1991  .54  .49      
 260 At2Pnf3a 1852 1995  .80  .71      
 261 At2Pnf4a 1853 1995  .65  .68      
 262 At2Pnf5a 1755 1995  .76  .71      
 263 At2Pnf6a 1845 1976  .76  .73      
 264 At2Pnf7a 1846 1995  .78  .63      
 265 At2Pnf8a 1848 1995  .78  .72      
 266 At2Pnf9a 1793 1996  .55  .36      
 267 At2Pnf9b 1742 1996  .62  .47      
 268 At2Png0a 1662 1996  .65  .67      
 269 At2Png0b 1713 1996  .75  .73      
 270 At2Png1a 1666 1996  .52  .51      
 272 At2Png2a 1659 1996  .65  .65      
 274 At2Png2c 1770 1996  .59  .71      
 276 At2Png3b 1691 1996  .72  .62      
 279 At2Png5a 1630 1996  .44  .55      
 280 At2Png6a 1805 1996  .69  .64      
 281 At2Png6b 1801 1996  .71  .72      
 282 At2Png7a 1781 1996  .78  .71      
 283 At2Png7b 1782 1996  .73  .67      
 284 At2Png8a 1815 1996  .76  .71      
 285 At2Png8b 1809 1996  .69  .61      
 286 At2Png9a 1710 1964  .76           
 287 At2Png9b 1715 1996  .72  .55      
 288 At2Pnh0a 1860 1995  .52  .45      
 289 At2Pnh0b 1854 1995  .46  .41      
 290 At2Pnh1a 1815 1995  .66  .69      
 291 At2Pnh1b 1802 1995  .70  .71      
 292 At2Pnh2a 1799 1995  .83  .65      
 293 At2Pnh2b 1808 1995  .81  .77      
 294 At2Pnh3a 1802 1995  .69  .68      
 295 At2Pnh3b 1791 1995  .71  .68      
 296 At2Pnh4a 1803 1995  .85  .87      
 297 At2Pnh4b 1798 1995  .83  .75      
 298 At2Pnh5a 1800 1995  .81  .79      
 299 At2Pnh5b 1781 1995  .79  .81      
 300 At2Pnh6a 1790 1995  .74  .63      
 301 At2Pnh6b 1780 1995  .68  .52      
 302 At2Pnh7a 1778 1975  .74  .80      
 303 At2Pnh7b 1785 1975  .72  .73      
 304 At2Pnh8a 1773 1974  .59  .62      
 305 At2Pnh8b 1779 1995  .72  .61      
 309 At2Pni0a 1610 1995  .53  .45      
 310 At2Pni1a 1841 1995  .47  .48      
 311 At2Pni2a 1837 1995  .78  .66      
 312 At2Pni2b 1848 1995  .63  .60      
 315 At2Pni4a 1773 1995  .73  .76      
 316 At2Pni4b 1845 1995  .70  .68      
 317 At2Pni5a 1636 1995  .68  .66      
 318 At2Pni5b 1736 1995  .72  .62      
 319 At2Pni6a 1716 2002  .63  .32B .23A
 320 At2Pni6b 1754 2002  .51  .41  .39 
 321 At2Pni6c 1716 2002  .68  .53  .29A
 323 At2Pni8a 1642 2002  .51  .52  .44 
 324 At2Pni8b 1622 2002  .47  .41  .44 
 326 At2Pni9a 1594 2002  .37  .47  .33A
 327 At2Pni9b 1530 2002  .53  .43  .39 
 328 At2Pni9c 1618 2002  .40  .31B .27B
 329 At2Pnj0a 1772 2002  .79  .75  .66 
 330 At2Pnj0b 1734 2002  .70  .62  .49 
 331 At2Pnj0c 1825 2002  .66  .44  .41B
 333 At2Pnj1a 1770 1996  .52  .37      
 334 At2Pnj1b 1790 1996  .57  .40      
 335 At2Pnj2a 1880 1996  .38  .43      
 336 At2Pnj2b 1740 1996  .64  .50      
 338 At2Pnj3a 1768 1996  .70  .64      
 339 At2Pnj3b 1760 1996  .81  .81      
 340 At2Pnj4a 1751 1996  .51  .47      
 341 At2Pnj4b 1726 1996  .52  .59      
 342 At2Pnj5a 1774 1996  .61  .50      
 343 At2Pnj5b 1780 1996  .70  .59      
 344 At2Pnj6a 1789 1996  .43  .44      
 345 At2Pnj7a 1807 1996  .63  .37      
 346 At2Pnj8a 1833 1996  .67  .51      
 347 At2Pnj8b 1886 1996  .61  .36      
 348 At2Pnj9a 1881 1996  .49  .52      
 349 At2Pnk0a 1887 1996  .32A .49      
 350 At2Pnk1a 1841 1996  .71  .63      
 351 At2Pnk1b 1840 1996  .59  .63      
 352 At2Pnk2a 1870 1996  .45  .35      
 353 At2Pnk3a 1880 1996  .47  .52      
 354 At2Pnk4a 1873 1996  .61  .62      
 355 At2Pnk4b 1870 1996  .69  .67      
 356 At2Pnk5a 1874 1996  .67  .59      
 357 At2Pnk6a 1870 1996  .48  .47      
 358 At2Pnk7a 1852 1996  .40  .47      
 359 At2Pnn3a 1651 1996  .51  .37      
 360 At2Pnn3b 1610 1996  .61  .50      
 362 At2Pnn4a 1629 1996  .69  .59      
 363 At2Pnn4b 1661 1996  .62  .58      
 364 At2Pnn5a 1613 1996  .56  .54      
 365 At2Pnn5b 1688 1996  .51  .50      
 366 At2Pnn6a 1624 1996  .53  .49      
 367 At2Pnn6b 1642 1996  .46  .49      
 368 At2Pnn7a 1680 1996  .62  .55      
 369 At2Pnn7b 1688 1996  .63  .60      
 370 At2Pnn8a 1746 1996  .34B .26B     
 371 At2Pnn8b 1706 1968  .45           
 372 At2Pnn9a 1766 1996  .65  .49      
 373 At2Pnn9b 1767 1996  .65  .47      
 374 At2Pno0a 1700 1996  .35  .48      
 375 At2Pno0b 1710 1996  .43  .50      
 376 At2Pno1a 1776 1996  .54  .38      
 377 At2Pno1b 1752 1996  .48  .40      
 378 At2Pno2a 1713 1996  .68  .53      
 379 At2Pno2b 1690 1962  .62           
 380 At2Pno3a 1686 1996  .76  .61      
 381 At2Pno3b 1686 1996  .58  .48      
 382 At2Pno4a 1696 1996  .47  .37      
 383 At2Pno4b 1703 1996  .56  .49      
 386 At2Pno6a 1697 1996  .68  .65      
 387 At2Pno6b 1694 1996  .56  .51      
 388 At2Pno7a 1685 1996  .58  .62      
 389 At2Pno7b 1686 1996  .70  .65      
 390 At2Pno8a 1726 1996  .54  .33B     
 391 At2Pno8b 1703 1996  .53  .41      
 392 At2Pnk8a 1881 1995  .64  .53      
 393 At2Pnk8b 1875 1995  .72  .65      
 394 At2Pnk9a 1879 1995  .70  .57      
 395 At2Pnk9b 1875 1995  .67  .61      
 396 At2Pnl0a 1876 1995  .73  .56      
 397 At2Pnl1a 1879 1995  .75  .62      
 398 At2Pnl1b 1873 1995  .73  .72      
 399 At2Pnl2a 1898 1995  .77  .54      
 400 At2Pnl2b 1891 1995  .70  .44      
 401 At2Pnl3a 1911 1995       .44      
 402 At2Pnl3b 1884 1995  .71  .59      
 403 At2Pnl4a 1883 1995  .74  .72      
 404 At2Pnl4b 1880 1995  .66  .64      
 405 At2Pnl5a 1877 1995  .68  .47      
 406 At2Pnl6a 1876 1973  .64           
 407 At2Pnl6b 1879 1975  .69  .59      
 408 At2Pnl7a 1886 1989  .68  .55      
 409 At2Pnl7b 1878 1989  .74  .63      
 410 At2Pnl8a 1761 1995  .62  .67      
 411 At2Pnl8b 1762 1995  .78  .79      
 412 At2Pnl9a 1745 1995  .67  .61      
 413 At2Pnl9b 1744 1995  .65  .64      
 414 At2Pnm0a 1755 1995  .73  .66      
 415 At2Pnm0b 1752 1995  .58  .45      
 416 At2Pnm1a 1690 1995  .62  .57      
 417 At2Pnm1b 1712 1995  .67  .67      
 418 At2Pnm2a 1786 1995  .72  .65      
 419 At2Pnm2b 1769 1995  .68  .53      
 420 At2Pnm3a 1769 1995  .67  .71      
 421 At2Pnm3b 1757 1995  .71  .63      
 422 At2Pnm4a 1764 1995  .56  .47      
 423 At2Pnm4b 1817 1995  .67  .69      
 424 At2Pnm5a 1739 1995  .68  .64      
 425 At2Pnm6a 1768 1995  .72  .67      
 426 At2Pnm6b 1725 1995  .71  .64      
 427 At2Pnm7a 1746 1995  .66  .60      
 428 At2Pnm7b 1749 1993  .65  .61      
 429 At2Pnm8a 1436 1995  .65  .41      
 430 At2Pnm8b 1498 1995  .51  .63      
 431 At2Pnm9a 1696 1995  .47  .33A     
 432 At2Pnm9b 1739 1995  .70  .64      
 433 At2Pnn0a 1828 1995  .59  .67      
 434 At2Pnn0b 1786 1995  .60  .66      
 435 At2Pnn1a 1760 1995  .75  .74      
 436 At2Pnn1b 1760 1995  .67  .67      
 437 At2Pnn2a 1594 1995  .59  .41      
 438 At2Pnn2b 1584 1995  .53  .50      
 439 At2Pno9a 1845 1995  .61  .67      
 440 At2Pno9b 1850 1995  .62  .65      
 441 At2Pno9c 1845 1995  .67  .63      
 442 At2Pnp0a 1843 1995  .57  .58      
 443 At2Pnp0b 1840 1995  .64  .61      
 444 At2Pnp0c 1840 1995  .62  .58      
 445 At2Pnp1a 1839 1995  .51  .66      
 446 At2Pnp1b 1848 1995  .64  .70      
 447 At2Pnp1c 1848 1995  .79  .72      
 448 At2Pnp2a 1883 1995  .81  .72      
 449 At2Pnp2b 1880 1995  .81  .68      
 450 At2Pnp2c 1880 1995  .71  .68      
 451 At2Pnp3a 1856 1995  .75  .63      
 452 At2Pnp3b 1849 1995  .73  .64      
 453 At2Pnp3c 1849 1995  .74  .53      
 454 At2Pnp4a 1846 1995  .78  .70      
 455 At2Pnp4b 1842 1995  .76  .73      
 456 At2Pnp4c 1843 1995  .81  .72      
 457 At2Pnp5a 1846 1995  .77  .71      
 458 At2Pnp5b 1846 1995  .75  .72      
 459 At2Pnp5c 1846 1995  .79  .70      
 460 At2Pnp6a 1850 1995  .71  .76      
 461 At2Pnp6b 1845 1995  .70  .70      
 462 At2Pnp6c 1845 1995  .75  .75      
 463 At2Pnp7a 1900 1995       .67      
 464 At2Pnp7b 1920 1994       .68      
 465 At2Pnp7c 1908 1995       .68      
 466 At2Pnq7a 1828 1996  .37  .39      
 467 At2Pnq8a 1884 1996  .49  .40      
 468 At2Pnq8b 1875 1996  .57  .62      
 469 At2Pnq9a 1886 1996  .64  .60      
 470 At2Pnr0a 1822 1996  .62  .63      
 471 At2Pnr1a 1820 1996  .61  .45      
 472 At2Pnr2a 1836 1996  .62  .61      
 473 At2Pnr2b 1820 1996  .62  .68      
 474 At2Pnr3a 1823 1996  .52  .38B     
 475 At2Pnp8a 1837 1996  .54  .57      
 476 At2Pnp9a 1898 1996  .70  .70      
 477 At2Pnp9b 1889 1996  .54  .39      
 478 At2Pnq0a 1884 1994  .67  .63      
 479 At2Pnq0b 1875 1996  .78  .68      
 480 At2Pnq1a 1884 1996  .63  .45      
 481 At2Pnq1b 1887 1996  .56  .57      
 482 At2Pnq2a 1890 1994  .57  .50      
 483 At2Pnq3a 1891 1996  .64  .56      
 484 At2Pnq3b 1880 1996  .67  .57      
 485 At2Pnq4a 1885 1996  .48  .42      
 486 At2Pnq4b 1893 1996  .35  .40      
 487 At2Pnq5a 1899 1996  .67  .49      
 488 At2Pnq5b 1909 1996       .55      
 489 At2Pnq6a 1855 1996  .53  .31A     
 490 At2Pnr4a 1904 1995       .74      
 491 At2Pnr4b 1910 1995       .71      
 492 At2Pnr4c 1910 1995       .69      
 493 At2Pnr5a 1849 1995  .61  .71      
 494 At2Pnr5b 1852 1995  .73  .74      
 495 At2Pnr5c 1852 1995  .62  .70      
 496 At2Pnr6a 1789 1995  .67  .63      
 497 At2Pnr7a 1774 1995  .62  .59      
 498 At2Pnr7b 1737 1995  .69  .55      
 499 At2Pnr8a 1831 1995  .71  .75      
 500 At2Pnr8b 1832 1995  .77  .67      
 501 At2Pnr9a 1725 1995  .84  .81      
 502 At2Pnr9b 1719 1995  .85  .83      
 503 At2Pns0a 1870 1995  .74  .68      
 504 At2Pns0b 1873 1995  .76  .77      
 505 At2Pns0c 1884 1995  .75  .73      
 506 At2Pns1a 1670 1996  .60  .46      
 507 At2Pns1b 1676 1996  .58  .53      
 508 At2Pns2a 1834 1996  .76  .65      
 509 At2Pns2b 1819 1996  .67  .68      
 510 At2Pns3a 1850 1996  .76  .63      
 511 At2Pns3b 1859 1996  .65  .57      
 512 At2Pns4a 1768 1996  .82  .65      
 514 At2Pns5a 1780 1996  .55  .62      
 515 At2Pns5b 1783 1996  .59  .56      
 516 At2Pns6a 1793 1996  .80  .81      
 517 At2Pns6b 1800 1996  .78  .73      
 518 At2Pns7a 1771 1990  .64  .63      
 519 At2Pns7b 1771 1980  .69  .65      
 520 At2Pns8a 1793 1987  .71  .64      
 521 At2Pns8b 1809 1996  .77  .72      
 522 At2Pns9a 1863 1994  .78  .79      
 523 At2Pns9b 1796 1989  .75  .75      
 524 At2Pnt0a 1809 1996  .62  .63      
 525 At2Pnt0b 1817 1996  .75  .75      
 526 At2Pnt1a 1806 1996  .70  .59      
 527 At2Pnt1b 1792 1996  .78  .73      
 528 At2Pnt2a 1791 1996  .50  .46      
 529 At2Pnt2b 1836 1996  .60  .56      
 530 At2Pnt3a 1863 1996  .74  .71      
 531 At2Pnt3b 1864 1996  .65  .73      
 532 At2Pnt4a 1868 1996  .71  .68      
 533 At2Pnt4b 1868 1996  .64  .56      
 551 At2Pnv0a 1911 1995       .67      
 552 At2Pnv0b 1905 1995       .51      
 553 At2Pnt5a 1913 1995       .51      
 554 At2Pnt5b 1908 1995       .57      
 555 At2Pnt6a 1903 1995       .42B     
 556 At2Pnt7a 1908 1995       .45      
 561 At2Pnu0a 1914 1995       .54      
 562 At2Pnv1a 1864 1996  .57  .48      
 563 At2Pnv2a 1887 1995  .69  .58      
 564 At2Pnv2b 1887 1989  .74  .70      
 565 At2Pnv3a 1872 1996  .47  .41      
 566 At2Pnv4a 1849 1996  .54  .47      
 567 At2Pnv5a 1874 1996  .64  .53      
 568 At2Pnv5b 1854 1996  .74  .66      
 569 At2Pnv6a 1917 1996       .54      
 570 At2Pnv6b 1922 1996       .47      
 571 At2Pnv7a 1901 1995       .66      
 572 At2Pnv7b 1903 1995       .61      
 573 At2Pnv8a 1865 1995  .65  .49      
 574 At2Pnv8b 1865 1995  .80  .66      
 575 At2Pnv9a 1903 1992       .42      
 576 At2Pnw0a 1900 1995       .47      
 577 At2Pnw0b 1899 1995  .50  .46      
 578 At2Pnw1a 1882 1995  .71  .70      
 579 At2Pnw2a 1867 1995  .69  .61      
 580 At2Pnw2b 1869 1995  .65  .54      
 581 At2Pnw3a 1869 1995  .69  .74      
 582 At2Pnw3b 1872 1995  .75  .69      
 583 At2Pnw4a 1883 1995  .81  .68      
 584 At2Pnw4b 1871 1995  .75  .55      
 585 At2Pnw5a 1894 1995  .72  .62      
 586 At2Pnw5b 1885 1995  .74  .69      
 587 At2Pnw6a 1881 1963  .83           
 588 At2Pnw6b 1874 1963  .79           
 Av segment correlation  .67  .61  .39 

 FLAGGED SEGMENTS: aust115
-----------------------------------------------------------------------------------------------------------------------------------
 Seq Series   Segment    Flag  r dated  Best lag  r at lag   Gain  Note
 --- -------- ---------  ----  -------  --------  --------  -----  -----------------
  66 At2Pn30a 1925 1974     B     .583        -1      .644   .061
  69 At2Pn31b 1800 1849     A     .318         0
  82 At2Pn38b 1875 1924     A     .247         0
  89 At2Pn42a 1925 1974     B     .376         5      .395   .019
  94 At2Pn44b 1925 1974     B     .419         3      .435   .016
 104 At2Pn51a 1925 1974     A     .284         0
 134 At2Pn65a 1775 1824     A     .308         0
 239 At2Pnd2a 1875 1924     B     .299        -7      .399   .100
 262 At2Pnf5a 1775 1824     B     .112        -6      .321   .209  weak at every lag
 279 At2Png5a 1875 1924     B     .231        -2      .247   .016  weak at every lag
 315 At2Pni4a 1775 1824     B     .050        -5      .259   .209  weak at every lag
 315 At2Pni4a 1800 1849     A     .253         0
 317 At2Pni5a 1850 1899     A     .318         0
 319 At2Pni6a 1725 1774     B     .295        -8      .346   .051
 319 At2Pni6a 1750 1799     A     .328         0
 319 At2Pni6a 1925 1974     B     .321         1      .392   .071
 319 At2Pni6a 1950 1999     A     .228         0
 320 At2Pni6b 1775 1824     A     .297         0
 321 At2Pni6c 1950 1999     A     .292         0
 323 At2Pni8a 1650 1699     B     .221        -1      .318   .098  weak at every lag
 323 At2Pni8a 1850 1899     B     .235         3      .246   .011  weak at every lag
 323 At2Pni8a 1875 1924     A     .323         0
 324 At2Pni8b 1650 1699     A     .281         0
 325 At2Pni8c 1650 1699     A     .323         0
 326 At2Pni9a 1650 1699     B     .129         1      .288   .159  weak at every lag
 326 At2Pni9a 1875 1924     A     .305         0
 326 At2Pni9a 1950 1999     A     .326         0
 327 At2Pni9b 1650 1699     A     .286         0
 327 At2Pni9b 1800 1849     A     .306         0
 327 At2Pni9b 1850 1899     B     .304         6      .314   .009  weak at every lag
 328 At2Pni9c 1650 1699     B     .238         9      .294   .056  weak at every lag
 328 At2Pni9c 1800 1849     B     .253        10      .325   .072  weak at every lag
 328 At2Pni9c 1925 1974     B     .309        -3      .313   .004  weak at every lag
 328 At2Pni9c 1950 1999     B     .269       -10      .315   .045  weak at every lag
 330 At2Pnj0b 1750 1799     B    -.008         5      .227   .235  weak at every lag
 331 At2Pnj0c 1850 1899     B     .269        -6      .416   .147
 331 At2Pnj0c 1950 1999     B     .411        -4      .429   .017
 346 At2Pnj8a 1850 1899     B     .348        -3      .410   .062
 349 At2Pnk0a 1900 1949     A     .316         0
 370 At2Pnn8a 1900 1949     B     .339         7      .349   .010
 370 At2Pnn8a 1925 1974     B     .264         4      .429   .165
 390 At2Pno8a 1925 1974     B     .333        -1      .405   .072
 431 At2Pnm9a 1700 1749     B     .336        -3      .387   .052
 431 At2Pnm9a 1925 1974     A     .325         0
 437 At2Pnn2a 1825 1874     A     .308         0
 441 At2Pno9c 1850 1899     B     .166         1      .263   .097  weak at every lag
 474 At2Pnr3a 1925 1974     B     .375        -1      .380   .005
 489 At2Pnq6a 1925 1974     A     .308         0
 502 At2Pnr9b 1725 1774     B     .167        -7      .210   .043  weak at every lag
 515 At2Pns5b 1850 1899     A     .301         0
 555 At2Pnt6a 1925 1974     B     .420         3      .453   .032

 DESCRIPTIVE STATISTICS: aust115
-----------------------------------------------------------------------------------------------------------------------------------

                                                Corr   //-------- Unfiltered --------\\  //-- dplR filtered --\\
                           No.    No.    No.    with   Mean   Max     Std   Auto   Mean   Max     Std   Auto  AR
 Seq Series   Interval   Years  Segmt  Flags   Master  msmt   msmt    dev   corr   sens  value    dev   corr  ()
 --- -------- ---------  -----  -----  -----   ------ -----  -----  -----  -----  -----  -----  -----  -----  --
   1 At2Pn99a 1715 1825    111      3      0    .765    .93   5.23   .647   .783   .324   1.91   .324  -.025   3
   2 At2Pn99b 1716 1821    106      2      0    .753    .99   3.27   .698   .843   .345   2.60   .374  -.018   2
   3 At2Pna0a 1658 1718     61      0      0    .487    .98   2.13   .375   .535   .248   1.73   .283   .185   0
   4 At2Pna0b 1658 1737     80      1      0    .602   1.38   2.66   .447   .379   .282   1.79   .272   .017   1
   5 At2Pna0c 1658 1722     65      0      0    .134   1.02   2.25   .436   .561   .321   1.85   .315   .041   1
   6 At2Pna1a 1666 1754     89      2      0    .653   1.56   3.76   .852   .802   .296   1.96   .284   .023   2
   7 At2Pna2a 1719 1797     79      1      0    .607   1.38   4.29   .816   .803   .301   1.73   .292   .053   1
   8 At2Pna3a 1544 1668    125      3      0    .612    .79   1.84   .358   .711   .277   1.95   .278  -.034   3
   9 At2Pna3b 1544 1677    134      4      0    .563    .86   1.85   .379   .706   .285   1.83   .283   .023   1
  10 At2Pna4a 1735 1793     59      0      0    .722   1.87   5.68   .980   .666   .332   2.16   .334   .034   1
  11 At2Pn01a 1880 1995    116      2      0    .715   1.74   3.52   .758   .660   .292   1.64   .255  -.010   3
  12 At2Pn01b 1853 1995    143      3      0    .612   1.95   4.81   .814   .617   .279   1.57   .255   .098   0
  13 At2Pn02a 1856 1995    140      3      0    .561   1.11   3.29   .646   .750   .347   1.81   .321   .001   1
  14 At2Pn03a 1883 1995    113      2      0    .811   1.67   3.07   .546   .426   .280   1.84   .264  -.001   3
  15 At2Pn03b 1857 1995    139      3      0    .612   2.00   4.41   .652   .391   .307   1.76   .278   .012   1
  16 At2Pn04a 1880 1995    116      2      0    .606   1.51   5.21  1.008   .810   .301   1.77   .288  -.010   3
  17 At2Pn04b 1868 1995    128      3      0    .699   1.60   4.84  1.128   .815   .321   2.12   .329   .001   1
  18 At2Pn05a 1906 1995     90      1      0    .676   1.82   4.60   .782   .493   .323   1.84   .289  -.039   3
  19 At2Pn05b 1887 1995    109      2      0    .694   1.81   4.42   .699   .529   .298   2.00   .280  -.015   2
  20 At2Pn06a 1857 1995    139      3      0    .742   1.47   3.00   .574   .640   .278   1.68   .275  -.014   3
  21 At2Pn06b 1873 1995    123      3      0    .751   1.44   3.14   .684   .756   .291   1.67   .287   .030   1
  22 At2Pn07a 1861 1995    135      3      0    .626    .92   3.22   .653   .782   .346   1.81   .302   .056   0
  23 At2Pn07b 1850 1995    146      3      0    .590   1.06   3.62   .811   .869   .347   2.02   .320  -.002   1
  24 At2Pn08a 1861 1995    135      3      0    .642   1.29   3.76   .716   .794   .268   1.82   .276   .016   1
  25 At2Pn08b 1855 1995    141      3      0    .648   1.33   4.98   .958   .830   .297   2.13   .321   .068   1
  26 At2Pn09a 1849 1995    147      3      0    .661   1.35   4.73   .779   .815   .259   1.66   .251  -.001   3
  27 At2Pn09b 1854 1995    142      3      0    .625   1.22   4.36   .800   .761   .314   1.88   .276   .046   0
  28 At2Pn10a 1850 1995    146      3      0    .612    .96   4.16   .758   .885   .321   2.04   .340   .015   1
  29 At2Pn10b 1845 1995    151      4      0    .602   1.25   4.78   .934   .874   .282   2.63   .340   .034   1
  30 At2Pn11a 1851 1995    145      3      0    .701   1.16   5.10   .702   .846   .271   1.75   .268   .010   1
  31 At2Pn11b 1843 1995    153      4      0    .692   1.03   3.55   .678   .848   .277   1.85   .279  -.000   1
  32 At2Pn12a 1873 1995    123      3      0    .748   1.39   2.77   .545   .639   .299   1.73   .274  -.023   1
  33 At2Pn12b 1886 1995    110      2      0    .754   1.36   2.98   .655   .733   .270   1.68   .266   .009   1
  34 At2Pn13a 1843 1995    153      4      0    .667   1.06   7.85   .964   .850   .333   2.26   .351  -.018   3
  35 At2Pn13b 1840 1995    156      4      0    .644   1.10   4.82   .763   .759   .341   2.78   .394  -.034   3
  36 At2Pn14a 1852 1995    144      3      0    .685   1.16   3.76   .784   .801   .313   2.39   .319  -.018   2
  37 At2Pn14b 1856 1995    140      3      0    .677   1.12   3.02   .638   .786   .291   1.86   .270   .114   0
  38 At2Pn15a 1862 1995    134      3      0    .618   1.21   5.25   .928   .740   .325   2.14   .333   .009   1
  39 At2Pn15b 1850 1995    146      3      0    .642   1.31   5.74   .904   .793   .343   2.11   .343  -.004   3
  40 At2Pn16a 1892 1995    104      2      0    .705   1.08   3.30   .737   .816   .334   2.03   .339   .045   1
  41 At2Pn16b 1883 1995    113      2      0    .649   1.93   5.51  1.083   .668   .383   2.09   .352   .011   3
  42 At2Pn17a 1859 1995    137      3      0    .736   1.22   4.47   .867   .803   .337   1.95   .333   .001   3
  43 At2Pn17b 1853 1995    143      3      0    .664    .97   5.23   .961   .879   .323   1.99   .312  -.043   3
  44 At2Pn18a 1872 1995    124      3      0    .743   1.71   3.56   .698   .460   .324   1.98   .327   .015   1
  45 At2Pn18b 1881 1995    115      2      0    .704   1.78   3.96   .720   .456   .336   1.79   .335  -.002   2
  46 At2Pn19a 1918 1995     78      1      0    .605   1.50   3.61   .650   .750   .228   1.79   .233  -.005   2
  47 At2Pn19b 1904 1995     92      1      0    .611   1.67   3.13   .631   .671   .228   1.55   .237   .008   2
  48 At2Pn20a 1854 1965    112      2      0    .565   1.25   3.76   .922   .912   .281   1.94   .280  -.044   1
  49 At2Pn21a 1850 1953    104      2      0    .507   1.28   3.18   .846   .887   .302   2.04   .314  -.006   1
  50 At2Pn22a 1841 1995    155      4      0    .550    .63   2.71   .478   .728   .459   1.82   .385   .093   0
  51 At2Pn22b 1856 1995    140      3      0    .531    .57   1.86   .374   .645   .442   1.87   .357  -.017   2
  52 At2Pn23a 1830 1995    166      4      0    .544    .79   2.20   .529   .841   .299   1.98   .275   .014   2
  53 At2Pn23b 1852 1995    144      3      0    .655    .78   3.19   .612   .874   .302   2.18   .272   .012   2
  54 At2Pn24a 1839 1942    104      2      0    .583    .59   1.96   .399   .678   .451   2.09   .382   .010   2
  55 At2Pn24b 1872 1943     72      1      0    .471    .64   1.98   .497   .845   .425   1.79   .358   .001   0
  56 At2Pn25a 1853 1995    143      3      0    .649    .66   2.11   .408   .651   .423   1.96   .366   .085   0
  57 At2Pn25b 1858 1995    138      3      0    .619    .85   3.40   .656   .791   .405   1.96   .358  -.009   2
  58 At2Pn26a 1855 1956    102      2      0    .577    .62   2.21   .492   .773   .388   1.73   .350  -.015   1
  59 At2Pn26b 1847 1995    149      4      0    .583    .43   1.64   .377   .788   .463   2.21   .421  -.025   1
  60 At2Pn27a 1779 1995    217      6      0    .648    .48   3.21   .471   .793   .524   2.46   .491   .012   2
  61 At2Pn27b 1784 1995    212      6      0    .649    .52   2.64   .453   .791   .452   2.35   .412   .000   2
  62 At2Pn28a 1841 1995    155      4      0    .687    .90   4.13   .571   .699   .355   2.34   .342  -.014   1
  63 At2Pn28b 1860 1995    136      3      0    .672    .50   1.26   .248   .531   .412   2.49   .401   .105   0
  64 At2Pn29a 1847 1995    149      4      0    .635   2.20   6.97  1.239   .875   .214   1.66   .227   .008   1
  65 At2Pn29b 1845 1995    151      4      0    .547   1.66   5.94  1.007   .866   .233   1.72   .246   .008   2
  66 At2Pn30a 1775 1995    221      6      1    .616   1.15   3.29   .588   .732   .243   1.79   .237   .030   3
  67 At2Pn30b 1787 1995    209      6      0    .594   1.21   3.73   .697   .842   .208   1.80   .215  -.013   1
  68 At2Pn31a 1802 1995    194      5      0    .624    .99   3.73   .603   .752   .299   2.31   .322   .003   1
  69 At2Pn31b 1799 1995    197      6      1    .500    .83   3.43   .574   .778   .307   1.89   .311   .010   1
  70 At2Pn32a 1786 1995    210      6      0    .744    .89   3.45   .750   .847   .305   2.01   .299  -.023   1
  71 At2Pn32b 1791 1995    205      6      0    .676    .89   4.32   .731   .854   .290   2.13   .295   .011   1
  72 At2Pn33a 1848 1995    148      4      0    .619   1.25   3.13   .531   .597   .311   1.68   .294  -.005   1
  73 At2Pn33b 1849 1995    147      4      0    .660   1.41   3.66   .493   .550   .276   1.90   .255  -.003   1
  74 At2Pn34a 1774 1995    222      7      0    .640    .91   3.65   .610   .719   .275   2.04   .277   .004   1
  75 At2Pn34b 1780 1995    216      6      0    .634    .99   3.27   .685   .784   .257   1.87   .269   .004   1
  76 At2Pn35a 1848 1995    148      4      0    .557   1.03   3.46   .633   .808   .280   1.82   .305   .002   1
  77 At2Pn36a 1798 1995    198      5      0    .591   1.30   4.55   .715   .772   .255   1.67   .246   .016   3
  78 At2Pn36b 1785 1995    211      6      0    .663   1.25   5.66   .875   .766   .276   1.88   .291   .032   1
  79 At2Pn37a 1794 1995    202      6      0    .583   1.53   6.05  1.247   .846   .236   1.91   .236  -.004   1
  80 At2Pn37b 1801 1995    195      5      0    .549   1.53   6.82  1.453   .907   .234   1.62   .220   .005   1
  81 At2Pn38a 1764 1995    232      7      0    .681    .98   4.25   .677   .799   .340   2.26   .356  -.007   1
  82 At2Pn38b 1787 1995    209      6      1    .547    .94   2.64   .592   .674   .377   2.38   .389   .006   1
  83 At2Pn39a 1862 1995    134      3      0    .503    .92   3.38   .660   .757   .415   1.95   .375   .036   0
  84 At2Pn39b 1862 1995    134      3      0    .539    .98   3.85   .788   .809   .364   1.96   .331   .002   2
  85 At2Pn40a 1865 1945     81      1      0    .603    .96   2.50   .492   .680   .298   1.70   .305   .009   1
  86 At2Pn40b 1869 1995    127      3      0    .545   1.09   3.45   .653   .809   .336   2.06   .324  -.040   3
  87 At2Pn41a 1873 1995    123      2      0    .606   1.17   2.52   .515   .573   .305   1.80   .303  -.013   3
  88 At2Pn41b 1879 1995    117      2      0    .476    .86   2.35   .510   .822   .294   1.74   .277  -.006   2
  89 At2Pn42a 1874 1995    122      3      1    .475   1.09   3.61   .757   .851   .291   2.29   .321  -.041   1
  90 At2Pn42b 1853 1995    143      3      0    .397   1.08   3.49   .708   .744   .301   3.43   .409   .003   2
  91 At2Pn43a 1861 1995    135      3      0    .582   1.01   2.95   .500   .718   .277   1.77   .286  -.029   1
  92 At2Pn43b 1861 1995    135      3      0    .540    .81   3.41   .566   .819   .316   2.10   .323  -.025   1
  93 At2Pn44a 1875 1995    121      2      0    .519    .89   4.65   .925   .911   .351   2.29   .354  -.051   1
  94 At2Pn44b 1899 1995     97      2      1    .486   1.08   2.84   .668   .787   .313   1.99   .312  -.013   1
  95 At2Pn45a 1873 1995    123      2      0    .526   1.12   4.30   .716   .705   .360   1.94   .356  -.001   3
  96 At2Pn46a 1700 1996    297      9      0    .531    .81   4.85   .537   .773   .292   2.12   .287   .026   1
  97 At2Pn47a 1830 1996    167      4      0    .693    .80   2.40   .389   .564   .358   2.22   .356   .028   1
  98 At2Pn47b 1701 1996    296      9      0    .716   1.36   6.63   .950   .791   .349   2.46   .366   .024   1
  99 At2Pn48a 1711 1996    286      9      0    .572    .83   4.91   .911   .902   .364   1.96   .336   .000   1
 100 At2Pn48b 1712 1996    285      9      0    .621   1.14   6.89  1.244   .897   .290   1.85   .286  -.023   1
 101 At2Pn49a 1710 1996    287      9      0    .660    .67   2.75   .435   .838   .315   2.33   .313  -.016   1
 102 At2Pn49b 1718 1996    279      9      0    .678    .87   3.16   .454   .703   .296   1.99   .293  -.001   1
 103 At2Pn50a 1700 1996    297      9      0    .595   1.38   7.98  1.294   .866   .329   2.23   .331   .002   1
 104 At2Pn51a 1903 1996     94      1      1    .453    .81   1.78   .361   .458   .413   1.93   .356   .013   1
 105 At2Pn51b 1896 1996    101      2      0    .529    .84   2.64   .371   .517   .328   1.72   .323   .018   1
 106 At2Pn52a 1769 1996    228      7      0    .602    .49   1.15   .201   .546   .314   1.80   .294   .012   1
 107 At2Pn52b 1769 1996    228      7      0    .600    .36    .97   .154   .534   .314   1.89   .308   .017   1
 108 At2Pn53a 1776 1996    221      6      0    .615    .37   1.57   .228   .681   .360   1.81   .334  -.026   3
 109 At2Pn53b 1776 1996    221      6      0    .651    .40   1.63   .224   .595   .387   2.28   .347  -.018   3
 110 At2Pn54a 1744 1930    187      6      0    .582    .35   1.13   .173   .612   .368   2.15   .332   .077   0
 111 At2Pn55a 1843 1996    154      4      0    .463   1.66   4.40   .667   .722   .216   1.86   .223   .055   1
 112 At2Pn56a 1861 1996    136      3      0    .538   2.19   7.16  1.280   .850   .222   1.51   .209   .008   3
 113 At2Pn57a 1875 1996    122      2      0    .526   2.50   8.06  1.772   .851   .246   1.81   .253  -.016   1
 114 At2Pn57b 1854 1996    143      3      0    .518   2.04   5.31  1.181   .848   .243   1.67   .250  -.016   2
 115 At2Pn58a 1806 1995    190      5      0    .601    .46   1.88   .380   .816   .409   2.25   .384   .013   1
 116 At2Pn58b 1823 1995    173      5      0    .672    .44   2.07   .380   .750   .374   2.22   .377  -.008   1
 117 At2Pn58c 1823 1995    173      5      0    .671    .33   1.44   .222   .637   .452   3.08   .444  -.031   1
 118 At2Pn59a 1801 1925    125      3      0    .652    .53   2.54   .511   .769   .477   2.15   .408   .039   0
 119 At2Pn59b 1805 1927    123      3      0    .553    .45   2.24   .448   .792   .493   2.15   .434   .079   0
 120 At2Pn60a 1800 1975    176      5      0    .620    .54   3.17   .474   .721   .408   2.33   .385   .006   1
 121 At2Pn60b 1799 1995    197      6      0    .689    .50   6.08   .643   .723   .429   2.23   .402  -.011   1
 122 At2Pn60c 1799 1995    197      6      0    .726    .65   2.70   .398   .566   .378   2.04   .342   .086   0
 123 At2Pn61a 1801 1995    195      5      0    .667    .75   3.65   .608   .843   .326   2.32   .347  -.011   1
 124 At2Pn61b 1806 1995    190      5      0    .700    .62   2.81   .425   .801   .308   1.96   .310  -.002   1
 125 At2Pn61c 1806 1995    190      5      0    .625    .61   4.41   .679   .898   .301   2.19   .307  -.011   1
 126 At2Pn62a 1817 1995    179      5      0    .717    .49   1.48   .273   .430   .445   2.58   .468   .005   2
 127 At2Pn62b 1805 1995    191      5      0    .654    .58   1.97   .317   .562   .392   2.37   .403   .000   1
 128 At2Pn62c 1807 1995    189      5      0    .677    .37   1.64   .212   .338   .446   2.49   .441   .025   1
 129 At2Pn63a 1806 1995    190      5      0    .710    .42   1.99   .326   .731   .432   2.29   .413  -.009   1
 130 At2Pn63b 1800 1995    196      5      0    .703    .34   2.10   .324   .801   .449   2.55   .426  -.012   1
 131 At2Pn63c 1800 1995    196      5      0    .719    .39   2.24   .357   .776   .469   2.28   .426   .010   2
 132 At2Pn64a 1825 1995    171      4      0    .632    .33   1.10   .176   .382   .423   2.02   .375   .019   2
 133 At2Pn64b 1771 1995    225      7      0    .565    .42   3.32   .440   .879   .392   2.09   .369  -.009   1
 134 At2Pn65a 1768 1995    228      7      1    .539    .45   3.95   .450   .812   .314   2.03   .319  -.009   1
 135 At2Pn65b 1763 1995    233      7      0    .592    .53   2.44   .414   .798   .372   2.14   .371  -.020   1
 136 At2Pn65c 1763 1995    233      7      0    .551    .56   3.64   .657   .918   .333   2.27   .320   .008   2
 137 At2Pn66a 1809 1995    187      5      0    .634    .42   2.49   .449   .816   .339   2.07   .313   .040   0
 138 At2Pn66b 1815 1995    181      5      0    .697    .36   1.67   .283   .731   .358   2.04   .336  -.005   1
 139 At2Pn66c 1815 1995    181      5      0    .681    .40   1.94   .323   .741   .368   2.07   .333  -.000   1
 140 At2Pn67a 1797 1995    199      6      0    .666    .65   2.91   .618   .783   .467   2.73   .440  -.016   1
 141 At2Pn67b 1801 1995    195      5      0    .691    .53   2.75   .520   .862   .370   2.01   .359   .008   2
 142 At2Pn67c 1830 1995    166      4      0    .663    .33   1.87   .209   .540   .406   2.34   .378   .015   2
 143 At2Pn68a 1866 1995    130      3      0    .651    .64   1.77   .430   .753   .356   2.22   .368  -.006   1
 144 At2Pn68b 1867 1995    129      3      0    .730    .76   2.22   .453   .730   .375   2.06   .361   .004   1
 145 At2Pn69a 1850 1995    146      3      0    .778    .82   2.21   .509   .732   .361   2.16   .344   .008   2
 146 At2Pn69b 1863 1995    133      3      0    .705    .72   2.27   .495   .832   .350   2.35   .341  -.014   1
 147 At2Pn70a 1852 1995    144      3      0    .703   1.22   3.85   .738   .628   .378   2.04   .364  -.007   1
 148 At2Pn70b 1856 1995    140      3      0    .708   1.33   3.81   .766   .539   .408   2.12   .374   .003   1
 149 At2Pn71a 1847 1995    149      4      0    .636   1.07   2.95   .529   .629   .334   1.75   .305  -.015   2
 150 At2Pn71b 1846 1995    150      4      0    .669    .88   2.75   .488   .641   .356   1.94   .322  -.004   2
 151 At2Pn72a 1823 1995    173      5      0    .641   1.12   2.54   .506   .640   .295   1.64   .276  -.030   1
 152 At2Pn72b 1842 1995    154      4      0    .676   1.25   2.77   .466   .552   .277   1.95   .263  -.009   1
 153 At2Pn73a 1844 1944    101      2      0    .648    .59   2.21   .465   .860   .368   1.65   .301   .002   0
 154 At2Pn73b 1844 1944    101      2      0    .719    .57   2.42   .479   .820   .429   1.91   .363  -.089   0
 155 At2Pn73c 1844 1944    101      2      0    .708    .61   2.16   .435   .846   .351   2.04   .314   .015   0
 156 At2Pn74a 1887 1995    109      2      0    .685    .69   2.00   .415   .722   .305   2.09   .325  -.033   1
 157 At2Pn74b 1875 1995    121      2      0    .582    .47   2.13   .391   .779   .366   2.04   .332   .027   3
 158 At2Pn75a 1872 1995    124      3      0    .564    .40   1.31   .268   .703   .394   2.23   .357   .006   1
 159 At2Pn76a 1861 1995    135      3      0    .749    .91   2.36   .534   .777   .267   1.71   .279   .009   1
 160 At2Pn76b 1863 1990    128      3      0    .773    .91   2.29   .407   .618   .276   1.85   .291   .006   1
 161 At2Pn77a 1847 1978    132      4      0    .697    .63   2.75   .490   .790   .355   2.52   .367  -.014   1
 162 At2Pn77b 1847 1995    149      4      0    .639    .66   2.55   .528   .825   .389   2.64   .398  -.020   1
 163 At2Pn78a 1846 1995    150      4      0    .662    .82   2.07   .450   .705   .363   1.85   .356   .022   1
 164 At2Pn78b 1896 1995    100      2      0    .638    .75   1.98   .439   .738   .361   2.01   .388   .030   1
 165 At2Pn79a 1790 1995    206      6      0    .632    .64   3.51   .486   .828   .278   2.15   .277  -.013   1
 166 At2Pn79b 1775 1995    221      6      0    .575    .51   3.19   .504   .824   .308   2.36   .322  -.021   1
 167 At2Pn80a 1871 1995    125      3      0    .653   1.05   3.85   .704   .825   .292   1.80   .274   .011   2
 168 At2Pn80b 1861 1995    135      3      0    .702    .96   3.45   .577   .734   .304   2.24   .290   .079   0
 169 At2Pn81a 1881 1995    115      2      0    .675    .88   2.06   .392   .693   .272   1.63   .251  -.017   3
 170 At2Pn81b 1861 1995    135      3      0    .673    .92   2.90   .581   .783   .308   1.80   .304   .020   2
 171 At2Pn82a 1844 1995    152      4      0    .730    .70   2.60   .429   .770   .326   1.82   .317  -.030   1
 172 At2Pn82b 1845 1995    151      4      0    .732    .67   2.36   .388   .665   .329   1.84   .318  -.008   1
 173 At2Pn83a 1881 1995    115      2      0    .663   1.08   2.66   .437   .662   .267   1.98   .262   .009   1
 174 At2Pn83b 1892 1995    104      2      0    .588    .82   2.59   .491   .814   .297   1.88   .279  -.012   1
 175 At2Pn84a 1899 1995     97      2      0    .638    .94   2.29   .485   .731   .283   1.65   .278   .005   1
 176 At2Pn84b 1900 1995     96      1      0    .693    .89   2.58   .583   .810   .309   1.78   .293  -.032   1
 177 At2Pn85a 1823 1995    173      5      0    .633    .83   1.88   .449   .776   .284   1.97   .287  -.007   1
 178 At2Pn85b 1833 1995    163      4      0    .519   1.06   3.22   .693   .779   .347   3.67   .392   .082   0
 179 At2Pn86a 1927 1995     69      0      0    .642   2.81   6.92  1.499   .864   .254   1.49   .248   .051   1
 180 At2Pn86b 1922 1995     74      1      0    .551   2.15   5.64  1.057   .815   .208   1.60   .229   .017   1
 181 At2Pn87a 1904 1991     88      1      0    .630   2.30   5.59  1.249   .861   .192   1.44   .197   .053   1
 182 At2Pn87b 1894 1995    102      2      0    .654   1.89   5.71  1.229   .864   .250   1.65   .248  -.037   1
 183 At2Pn88a 1926 1995     70      0      0    .473   2.25   5.05   .788   .619   .226   1.60   .231   .049   1
 184 At2Pn88b 1919 1995     77      1      0    .650   2.10   4.10   .649   .593   .231   1.50   .220   .027   2
 185 At2Pn89a 1845 1995    151      4      0    .676    .84   3.52   .514   .738   .356   1.85   .348   .019   1
 186 At2Pn89b 1857 1995    139      3      0    .720    .81   2.25   .402   .561   .370   2.02   .349  -.033   3
 187 At2Pn90a 1852 1995    144      3      0    .738   1.01   3.67   .788   .857   .377   1.90   .362   .007   1
 188 At2Pn90b 1852 1995    144      3      0    .775   1.19   3.70   .761   .795   .350   1.87   .330   .028   1
 189 At2Pn91a 1859 1995    137      3      0    .815   1.09   3.18   .662   .721   .360   1.85   .340   .014   1
 190 At2Pn91b 1844 1995    152      4      0    .791   1.46   4.05   .810   .692   .354   2.00   .337   .013   1
 191 At2Pn92a 1840 1995    156      4      0    .684   1.23   4.60   .803   .814   .363   2.08   .354  -.005   2
 192 At2Pn92b 1856 1995    140      3      0    .700    .94   2.96   .488   .671   .347   1.84   .322   .009   2
 193 At2Pn93a 1805 1995    191      5      0    .622    .84   5.12   .903   .916   .347   2.47   .325   .016   1
 194 At2Pn93b 1808 1995    188      5      0    .567    .88   5.80  1.004   .909   .361   2.86   .367   .020   1
 195 At2Pn94a 1819 1995    177      5      0    .581    .64   3.02   .501   .818   .327   2.16   .343  -.010   1
 196 At2Pn94b 1804 1946    143      3      0    .584    .68   3.25   .723   .940   .310   2.08   .324   .039   1
 197 At2Pn95a 1824 1995    172      5      0    .629    .65   4.48   .547   .874   .268   1.75   .256   .015   1
 198 At2Pn95b 1818 1995    178      5      0    .645    .85   4.36   .817   .877   .303   1.78   .273  -.038   3
 199 At2Pn96a 1874 1995    122      3      0    .636   1.51   4.06   .661   .738   .247   1.68   .258   .024   1
 200 At2Pn96b 1869 1995    127      3      0    .685   1.01   3.35   .650   .872   .258   1.75   .254   .046   1
 201 At2Pn97a 1811 1995    185      5      0    .682    .86   4.79   .815   .883   .333   1.92   .323   .002   2
 202 At2Pn97b 1807 1995    189      5      0    .601   1.07   4.27   .942   .879   .332   2.56   .324  -.003   2
 203 At2Pn98a 1870 1995    126      3      0    .635    .62   3.24   .575   .851   .384   2.44   .418   .010   1
 204 At2Pn98b 1870 1995    126      3      0    .683    .72   3.34   .554   .689   .406   2.27   .394   .016   1
 205 At2Pna5a 1711 1996    286      9      0    .514    .98   4.17   .678   .817   .288   2.32   .320   .004   2
 206 At2Pna5b 1755 1996    242      7      0    .594    .98   2.98   .546   .724   .293   2.10   .298   .014   2
 207 At2Pna6a 1664 1996    333     11      0    .584   1.10   4.03   .672   .843   .279   2.10   .278   .014   3
 208 At2Pna6b 1723 1996    274      8      0    .685   1.16   6.27  1.066   .892   .257   1.68   .259  -.014   3
 209 At2Pna7a 1897 1996    100      2      0    .651   1.86   4.34   .793   .699   .253   1.59   .230  -.023   2
 210 At2Pna7b 1899 1996     98      1      0    .674   1.87   3.31   .512   .444   .224   1.44   .204   .040   3
 211 At2Pna8a 1845 1996    152      4      0    .511    .83   1.92   .343   .742   .243   1.81   .238  -.003   2
 212 At2Pna8b 1867 1996    130      3      0    .548   1.08   2.72   .580   .837   .259   1.66   .251   .046   1
 213 At2Pna9a 1867 1996    130      3      0    .569   1.12   2.76   .524   .738   .281   1.95   .289  -.005   2
 214 At2Pna9b 1856 1996    141      3      0    .580   1.14   2.26   .411   .567   .280   1.86   .288   .007   1
 215 At2Pnb0a 1741 1996    256      8      0    .612   1.15   4.78   .893   .856   .276   1.84   .271   .024   1
 216 At2Pnb1a 1802 1996    195      5      0    .541   1.56   4.07   .859   .798   .264   1.91   .282   .048   1
 217 At2Pnb1b 1793 1996    204      6      0    .567   1.26   3.26   .661   .789   .274   2.15   .277  -.010   3
 218 At2Pnb2a 1767 1996    230      7      0    .616   1.23   3.93   .774   .758   .299   1.94   .291  -.002   2
 219 At2Pnb2b 1768 1996    229      7      0    .683   1.13   3.72   .649   .754   .283   1.95   .279   .008   1
 220 At2Pnb3a 1894 1996    103      2      0    .585   1.42   2.41   .422   .671   .201   1.44   .196   .017   1
 221 At2Pnb4a 1825 1994    170      4      0    .581   1.01   3.63   .674   .773   .317   1.89   .300   .005   2
 222 At2Pnb5a 1855 1994    140      3      0    .623    .40   1.78   .304   .848   .384   1.89   .336  -.010   2
 223 At2Pnb6a 1810 1994    185      5      0    .644    .97   2.84   .626   .826   .327   1.93   .318   .003   1
 224 At2Pnb7a 1830 1994    165      4      0    .671    .59   2.58   .395   .762   .327   1.88   .302  -.010   1
 225 At2Pnb8a 1829 1974    146      4      0    .515    .55   2.58   .412   .764   .350   1.83   .312  -.009   1
 226 At2Pnb9a 1798 1994    197      6      0    .624    .83   4.19   .729   .835   .325   1.83   .314  -.012   1
 227 At2Pnc0a 1780 1994    215      6      0    .635    .56   3.26   .473   .811   .376   2.36   .391  -.002   1
 228 At2Pnc1a 1831 1994    164      4      0    .656    .72   5.01   .806   .874   .312   2.02   .292   .085   0
 229 At2Pnc2a 1832 1975    144      4      0    .711    .42   1.84   .339   .757   .401   2.00   .401   .023   2
 230 At2Pnc3a 1785 1994    210      6      0    .568    .67   2.11   .377   .792   .270   1.94   .281  -.001   1
 231 At2Pnc4a 1800 1994    195      5      0    .555    .62   2.98   .611   .846   .329   2.03   .319   .015   1
 232 At2Pnc5a 1848 1994    147      4      0    .697    .89   3.72   .481   .763   .276   1.80   .260   .008   1
 233 At2Pnc6a 1843 1994    152      4      0    .682    .80   3.98   .648   .789   .307   1.72   .296   .005   3
 234 At2Pnc7a 1837 1994    158      4      0    .629    .56   2.19   .327   .685   .319   1.88   .336   .041   1
 235 At2Pnc8a 1816 1994    179      5      0    .607    .63   2.20   .402   .844   .273   1.83   .262  -.007   3
 236 At2Pnc9a 1824 1994    171      5      0    .670    .32   1.51   .226   .724   .385   2.40   .378  -.014   1
 237 At2Pnd0a 1825 1990    166      4      0    .634    .82   2.74   .446   .753   .297   1.90   .289  -.008   1
 238 At2Pnd1a 1833 1989    157      4      0    .612   1.02   3.36   .646   .777   .302   1.90   .280   .015   1
 239 At2Pnd2a 1840 1994    155      4      1    .651   1.06   2.52   .581   .747   .304   1.71   .289   .016   1
 240 At2Pnd3a 1845 1994    150      4      0    .679    .78   4.20   .667   .916   .277   1.80   .257   .027   1
 241 At2Pnd4a 1843 1994    152      4      0    .631   1.37   3.50   .736   .617   .375   1.98   .341   .006   1
 242 At2Pnd5a 1830 1994    165      4      0    .623    .50   2.03   .361   .806   .345   3.26   .366  -.000   1
 243 At2Pnd6a 1844 1994    151      4      0    .708    .95   2.45   .553   .759   .339   2.17   .326  -.008   3
 244 At2Pnd7a 1847 1994    148      4      0    .644    .77   4.09   .742   .852   .321   1.99   .321  -.004   1
 245 At2Pnd8a 1848 1994    147      4      0    .647    .48   3.03   .496   .875   .338   2.13   .332  -.002   1
 246 At2Pnd9a 1825 1994    170      4      0    .560    .67   2.90   .578   .850   .341   1.74   .326  -.009   3
 247 At2Pne0a 1831 1995    165      4      0    .549    .97   3.40   .449   .701   .260   1.86   .259   .029   1
 248 At2Pne1a 1829 1994    166      4      0    .717   1.07   4.30   .752   .800   .308   1.89   .305  -.018   1
 249 At2Pne2a 1792 1994    203      6      0    .619   1.13   5.33   .656   .646   .306   2.47   .324   .013   1
 250 At2Pne3a 1840 1994    155      4      0    .644   1.10   4.07   .838   .877   .254   1.88   .253   .010   1
 251 At2Pne4a 1859 1995    137      3      0    .547    .51   2.23   .352   .729   .402   2.25   .371  -.021   3
 252 At2Pne5a 1824 1985    162      4      0    .671    .98   3.00   .508   .767   .280   1.98   .289   .014   3
 253 At2Pne6a 1820 1971    152      4      0    .538    .94   2.99   .575   .716   .344   2.03   .344   .011   3
 254 At2Pne7a 1824 1994    171      5      0    .557    .92   4.07   .722   .840   .310   1.93   .299  -.009   1
 255 At2Pne8a 1830 1994    165      4      0    .704    .87   3.79   .680   .907   .257   1.62   .260   .022   1
 256 At2Pne9a 1839 1942    104      2      0    .604    .57   1.79   .313   .649   .382   1.88   .361  -.025   1
 257 At2Pnf0a 1848 1994    147      4      0    .565    .83   2.79   .552   .856   .287   1.84   .288   .002   1
 258 At2Pnf1a 1726 1994    269      8      0    .567    .83   5.52   .930   .920   .245   1.77   .246  -.019   1
 259 At2Pnf2a 1875 1991    117      2      0    .618    .73   2.54   .449   .792   .365   1.81   .316   .020   2
 260 At2Pnf3a 1852 1995    144      3      0    .750   1.10   2.88   .544   .730   .284   1.76   .276   .013   1
 261 At2Pnf4a 1853 1995    143      3      0    .650   1.19   3.75   .804   .763   .332   1.84   .300   .001   2
 262 At2Pnf5a 1755 1995    241      7      1    .506    .82   2.74   .455   .732   .291   2.37   .305  -.010   2
 263 At2Pnf6a 1845 1976    132      4      0    .679    .38   1.46   .305   .838   .403   1.86   .346  -.004   1
 264 At2Pnf7a 1846 1995    150      4      0    .654    .69   1.94   .402   .762   .299   2.00   .291   .022   1
 265 At2Pnf8a 1848 1995    148      4      0    .704    .86   3.64   .724   .915   .284   1.98   .286   .027   1
 266 At2Pnf9a 1793 1996    204      6      0    .566    .68   2.97   .457   .739   .335   2.58   .346   .008   2
 267 At2Pnf9b 1742 1996    255      8      0    .601    .59   1.87   .387   .714   .369   2.10   .370  -.012   3
 268 At2Png0a 1662 1996    335     11      0    .628    .76   2.59   .537   .782   .328   2.02   .320  -.007   1
 269 At2Png0b 1713 1996    284      9      0    .714    .98   3.84   .764   .829   .315   2.00   .313   .002   2
 270 At2Png1a 1666 1996    331     11      0    .590    .58   3.92   .689   .826   .404   2.25   .377   .014   2
 271 At2Png1b 1667 1907    241      8      0    .583    .74   4.26   .814   .812   .366   2.28   .368  -.014   3
 272 At2Png2a 1659 1996    338     11      0    .689    .92   6.46   .968   .900   .297   1.84   .282  -.011   1
 273 At2Png2b 1672 1725     54      1      0    .797   1.84   3.83   .737   .686   .288   1.66   .285   .023   1
 274 At2Png2c 1770 1996    227      7      0    .623    .53   1.24   .225   .402   .357   2.05   .333   .087   0
 275 At2Png3a 1665 1943    279      9      0    .626    .69   3.56   .690   .872   .400   3.27   .398  -.023   3
 276 At2Png3b 1691 1996    306     10      0    .660    .88   3.97   .619   .686   .383   2.66   .392  -.021   1
 277 At2Png4a 1637 1841    205      6      0    .685    .73   4.10   .683   .832   .394   2.18   .369   .006   1
 278 At2Png4b 1632 1841    210      6      0    .560    .91   9.85  1.189   .870   .404   3.04   .411   .010   1
 279 At2Png5a 1630 1996    367     12      1    .534    .84   5.54   .884   .838   .389   2.36   .372  -.006   1
 280 At2Png6a 1805 1996    192      5      0    .621   1.37   5.84  1.266   .872   .300   1.77   .298  -.019   1
 281 At2Png6b 1801 1996    196      5      0    .671   1.28   5.70  1.107   .811   .316   1.98   .335  -.011   1
 282 At2Png7a 1781 1996    216      6      0    .638   1.46   5.29   .998   .751   .336   2.29   .323  -.006   2
 283 At2Png7b 1782 1996    215      6      0    .631   1.30   4.02   .753   .716   .336   2.05   .338   .026   1
 284 At2Png8a 1815 1996    182      5      0    .710   1.16   5.41   .852   .824   .317   2.07   .320   .018   1
 285 At2Png8b 1809 1996    188      5      0    .654   1.51   5.50  1.088   .839   .290   2.17   .297  -.006   1
 286 At2Png9a 1710 1964    255      8      0    .598    .90   3.03   .682   .753   .401   2.45   .392   .008   1
 287 At2Png9b 1715 1996    282      9      0    .592    .73   3.25   .675   .810   .429   2.31   .384  -.022   3
 288 At2Pnh0a 1860 1995    136      3      0    .518   1.54   6.61  1.078   .824   .259   2.18   .288  -.011   2
 289 At2Pnh0b 1854 1995    142      3      0    .528   1.42   5.71   .820   .804   .281   1.99   .280  -.011   2
 290 At2Pnh1a 1815 1995    181      5      0    .612    .82   4.45   .791   .885   .331   2.06   .325   .005   1
 291 At2Pnh1b 1802 1995    194      5      0    .684    .78   4.01   .805   .914   .330   2.11   .333   .017   1
 292 At2Pnh2a 1799 1995    197      6      0    .680    .75   3.23   .625   .763   .401   2.45   .392  -.014   1
 293 At2Pnh2b 1808 1995    188      5      0    .758    .82   4.03   .655   .730   .384   2.23   .372  -.001   2
 294 At2Pnh3a 1802 1995    194      5      0    .713    .67   2.74   .587   .807   .426   2.29   .386  -.009   2
 295 At2Pnh3b 1791 1995    205      6      0    .633    .52   2.83   .452   .812   .392   2.21   .366   .005   1
 296 At2Pnh4a 1803 1995    193      5      0    .748    .80   3.87   .670   .827   .332   1.86   .308  -.003   1
 297 At2Pnh4b 1798 1995    198      6      0    .624    .81   4.06   .668   .789   .363   2.17   .358  -.010   1
 298 At2Pnh5a 1800 1995    196      5      0    .748    .63   1.93   .389   .793   .307   2.00   .294   .013   1
 299 At2Pnh5b 1781 1995    215      6      0    .717    .54   2.27   .390   .847   .325   1.77   .303  -.008   2
 300 At2Pnh6a 1790 1995    206      6      0    .662    .69   3.51   .763   .890   .423   2.18   .390   .014   1
 301 At2Pnh6b 1780 1995    216      6      0    .643    .50   3.02   .483   .814   .478   2.07   .420   .009   1
 302 At2Pnh7a 1778 1975    198      6      0    .551    .49   2.43   .372   .763   .384   2.25   .368   .005   2
 303 At2Pnh7b 1785 1975    191      6      0    .591    .75   3.93   .554   .785   .368   2.11   .360  -.000   2
 304 At2Pnh8a 1773 1974    202      7      0    .567    .46   2.50   .412   .878   .411   2.16   .382   .009   1
 305 At2Pnh8b 1779 1995    217      6      0    .637    .55   1.72   .362   .759   .401   1.92   .347  -.005   2
 306 At2Pnh9a 1766 1900    135      4      0    .601    .69   3.32   .527   .863   .321   1.95   .305   .103   0
 307 At2Pnh9b 1770 1899    130      4      0    .628    .43   3.51   .424   .869   .359   1.97   .363   .006   2
 308 At2Pnh9c 1767 1901    135      4      0    .674    .70   3.46   .581   .897   .309   1.86   .295   .007   1
 309 At2Pni0a 1610 1995    386     13      0    .475    .90   2.82   .617   .887   .237   1.94   .235  -.005   1
 310 At2Pni1a 1841 1995    155      4      0    .482   2.02   4.22   .652   .567   .241   1.68   .236   .030   1
 311 At2Pni2a 1837 1995    159      4      0    .634   1.45   4.86   .716   .777   .250   1.81   .243   .022   1
 312 At2Pni2b 1848 1995    148      4      0    .577   1.34   2.87   .490   .653   .246   1.75   .244   .007   2
 313 At2Pni3a 1319 1753    435     13      0    .546    .63   3.66   .667   .920   .375   2.38   .345   .012   3
 314 At2Pni3b 1350 1747    398     12      0    .532    .69   2.81   .552   .819   .373   2.39   .379   .002   1
 315 At2Pni4a 1773 1995    223      7      2    .481    .36   1.64   .256   .781   .361   2.60   .411   .010   2
 316 At2Pni4b 1845 1995    151      4      0    .668    .64   1.39   .269   .491   .343   2.00   .325  -.030   1
 317 At2Pni5a 1636 1995    360     12      1    .591    .42   2.01   .309   .842   .322   1.86   .304  -.004   1
 318 At2Pni5b 1736 1995    260      8      0    .528    .55   4.08   .593   .914   .322   2.02   .308  -.010   3
 319 At2Pni6a 1716 2002    287     10      4    .464   1.00   3.23   .538   .858   .213   1.67   .215   .024   3
 320 At2Pni6b 1754 2002    249      8      1    .466   1.07   3.58   .620   .850   .236   1.79   .237   .115   2
 321 At2Pni6c 1716 2002    287     10      1    .577    .96   3.10   .572   .881   .220   1.73   .209   .008   3
 322 At2Pni7a 1730 1876    147      4      0    .475   2.25   4.81   .912   .591   .276   1.73   .249   .036   0
 323 At2Pni8a 1642 2002    361     13      3    .428    .69   2.28   .469   .881   .246   1.60   .238  -.000   2
 324 At2Pni8b 1622 2002    381     14      1    .476    .82   2.56   .510   .823   .268   1.81   .264   .001   1
 325 At2Pni8c 1602 1724    123      3      1    .609   1.28   3.40   .535   .675   .259   1.64   .258   .011   1
 326 At2Pni9a 1594 2002    409     15      3    .469    .72   5.91   .678   .845   .246   1.71   .246   .011   2
 327 At2Pni9b 1530 2002    473     17      3    .416    .66   2.56   .435   .835   .273   1.94   .280   .026   1
 328 At2Pni9c 1618 2002    385     14      4    .427    .91   3.53   .548   .782   .262   2.40   .271   .020   1
 329 At2Pnj0a 1772 2002    231      8      0    .634   1.13   5.12   .834   .830   .271   1.86   .270   .008   2
 330 At2Pnj0b 1734 2002    269      9      1    .438    .80   3.52   .555   .881   .248   2.04   .244   .007   2
 331 At2Pnj0c 1825 2002    178      5      2    .433    .65   4.60   .510   .881   .258   1.56   .255  -.019   1
 332 At2Pnj0d 1727 1816     90      1      0    .469    .64   2.25   .342   .733   .299   1.95   .304  -.009   1
 333 At2Pnj1a 1770 1996    227      7      0    .516   1.06   4.13   .734   .807   .297   2.05   .302  -.031   1
 334 At2Pnj1b 1790 1996    207      6      0    .585   1.08   4.54   .742   .844   .299   1.77   .292  -.034   1
 335 At2Pnj2a 1880 1996    117      2      0    .521   1.03   2.99   .623   .828   .294   1.89   .295  -.014   2
 336 At2Pnj2b 1740 1996    257      8      0    .580    .39   1.33   .247   .787   .330   2.32   .353   .010   2
 337 At2Pnj2c 1740 1891    152      4      0    .588    .87   2.31   .449   .732   .287   1.84   .298  -.013   2
 338 At2Pnj3a 1768 1996    229      7      0    .633    .71   1.85   .283   .591   .267   1.94   .263   .010   1
 339 At2Pnj3b 1760 1996    237      7      0    .697   1.15   3.28   .488   .660   .275   1.80   .266   .014   1
 340 At2Pnj4a 1751 1996    246      7      0    .612    .67   1.33   .295   .792   .239   1.59   .230  -.017   1
 341 At2Pnj4b 1726 1996    271      8      0    .639    .70   1.65   .299   .796   .231   1.76   .218   .014   1
 342 At2Pnj5a 1774 1996    223      7      0    .620    .63   2.05   .290   .676   .292   2.15   .297  -.017   1
 343 At2Pnj5b 1780 1996    217      6      0    .656    .65   2.01   .342   .692   .340   2.05   .321  -.013   1
 344 At2Pnj6a 1789 1996    208      6      0    .471    .93   4.10   .660   .837   .316   2.09   .347   .011   1
 345 At2Pnj7a 1807 1996    190      5      0    .531   1.20   4.01   .722   .738   .307   1.92   .298  -.007   3
 346 At2Pnj8a 1833 1996    164      4      1    .576   1.58   4.17   .901   .815   .252   1.71   .248   .020   1
 347 At2Pnj8b 1886 1996    111      2      0    .616   2.27   6.21  1.204   .814   .220   1.71   .223   .025   1
 348 At2Pnj9a 1881 1996    116      2      0    .543   1.89   4.70   .678   .575   .256   1.85   .237   .128   0
 349 At2Pnk0a 1887 1996    110      2      1    .501   2.25   4.34   .707   .397   .277   1.86   .258   .045   0
 350 At2Pnk1a 1841 1996    156      4      0    .628   1.05   3.86   .656   .741   .320   1.94   .314   .027   2
 351 At2Pnk1b 1840 1996    157      4      0    .581   1.07   3.15   .652   .808   .284   1.97   .287  -.002   2
 352 At2Pnk2a 1870 1996    127      3      0    .478    .63   1.48   .257   .476   .318   1.76   .301  -.044   1
 353 At2Pnk3a 1880 1996    117      2      0    .541    .90   3.08   .572   .803   .275   2.02   .288   .018   1
 354 At2Pnk4a 1873 1996    124      3      0    .599   1.22   3.42   .835   .863   .264   1.69   .241   .111   0
 355 At2Pnk4b 1870 1996    127      3      0    .608   1.24   4.00   .972   .875   .316   2.03   .291   .021   0
 356 At2Pnk5a 1874 1996    123      3      0    .564   1.74   5.64  1.484   .899   .264   1.67   .258   .021   1
 357 At2Pnk6a 1870 1996    127      3      0    .506    .80   1.76   .388   .675   .320   1.79   .306   .014   1
 358 At2Pnk7a 1852 1996    145      3      0    .409   1.40   3.57   .820   .837   .298   2.01   .303  -.018   1
 359 At2Pnn3a 1651 1996    346     11      0    .624    .99   3.71   .772   .896   .306   2.05   .297   .007   2
 360 At2Pnn3b 1610 1996    387     13      0    .638    .98   3.91   .803   .897   .301   2.07   .291  -.014   2
 361 At2Pnn3c 1591 1631     41      0      0    .620   2.63   5.77   .921   .581   .274   1.52   .232   .082   0
 362 At2Pnn4a 1629 1996    368     12      0    .707    .92   3.60   .793   .891   .318   1.84   .298  -.009   2
 363 At2Pnn4b 1661 1996    336     11      0    .713    .96   4.20   .768   .860   .297   1.92   .283   .001   2
 364 At2Pnn5a 1613 1996    384     13      0    .613    .59   3.00   .529   .881   .318   2.10   .308   .003   1
 365 At2Pnn5b 1688 1996    309     10      0    .641    .68   3.84   .497   .749   .317   2.49   .329   .005   1
 366 At2Pnn6a 1624 1996    373     13      0    .621   1.19   5.19  1.127   .885   .312   2.31   .314   .013   1
 367 At2Pnn6b 1642 1996    355     12      0    .573    .94   4.30   .869   .880   .284   2.00   .284   .018   1
 368 At2Pnn7a 1680 1996    317     10      0    .608    .78   4.86   .897   .838   .451   2.62   .439   .015   1
 369 At2Pnn7b 1688 1996    309     10      0    .632    .69   3.95   .738   .901   .418   2.52   .400   .020   1
 370 At2Pnn8a 1746 1996    251      8      2    .503   1.15   4.29   .837   .747   .331   2.01   .304   .012   1
 371 At2Pnn8b 1706 1968    263      8      0    .591    .86   2.74   .537   .662   .359   1.94   .332  -.007   2
 372 At2Pnn9a 1766 1996    231      7      0    .549   1.02   3.38   .536   .711   .324   2.06   .318   .022   3
 373 At2Pnn9b 1767 1996    230      7      0    .618    .93   2.95   .478   .774   .271   2.25   .275   .036   3
 374 At2Pno0a 1700 1996    297      9      0    .565    .60   2.18   .423   .798   .394   2.53   .372   .009   1
 375 At2Pno0b 1710 1996    287      9      0    .585    .57   3.41   .547   .845   .443   2.41   .431   .009   1
 376 At2Pno1a 1776 1996    221      6      0    .634   1.14   4.34   .692   .804   .294   1.92   .277  -.003   2
 377 At2Pno1b 1752 1996    245      7      0    .546    .87   2.78   .454   .800   .274   1.84   .268   .016   2
 378 At2Pno2a 1713 1996    284      9      0    .610    .69   2.27   .390   .745   .327   2.09   .300   .001   3
 379 At2Pno2b 1690 1962    273      9      0    .588    .59   2.69   .398   .792   .344   2.20   .337   .003   1
 380 At2Pno3a 1686 1996    311     10      0    .695    .91   4.06   .704   .842   .350   2.31   .355   .008   1
 381 At2Pno3b 1686 1996    311     10      0    .625    .88   2.85   .530   .774   .338   2.23   .352   .029   1
 382 At2Pno4a 1696 1996    301     10      0    .545    .76   2.96   .649   .822   .370   3.07   .382  -.004   1
 383 At2Pno4b 1703 1996    294      9      0    .618    .67   3.34   .580   .845   .406   2.49   .384   .009   1
 384 At2Pno5a 1682 1938    257      8      0    .655    .84   4.22   .925   .920   .380   2.07   .359  -.007   1
 385 At2Pno5b 1686 1926    241      8      0    .722    .94   5.08  1.051   .896   .365   2.12   .343  -.018   1
 386 At2Pno6a 1697 1996    300     10      0    .629    .93   3.45   .690   .851   .317   2.06   .305   .023   1
 387 At2Pno6b 1694 1996    303     10      0    .688    .93   3.45   .699   .831   .329   1.88   .312  -.001   2
 388 At2Pno7a 1685 1996    312     10      0    .698   1.01   4.43   .653   .815   .294   2.07   .292  -.009   1
 389 At2Pno7b 1686 1996    311     10      0    .717    .91   4.54   .668   .870   .289   1.87   .284   .004   1
 390 At2Pno8a 1726 1996    271      8      1    .594    .72   2.37   .424   .675   .374   2.08   .356   .007   2
 391 At2Pno8b 1703 1996    294      9      0    .583    .75   2.37   .410   .749   .309   1.95   .299   .027   2
 392 At2Pnk8a 1881 1995    115      2      0    .571    .91   3.68   .534   .744   .321   1.76   .305   .001   1
 393 At2Pnk8b 1875 1995    121      2      0    .633   1.11   4.13   .697   .869   .287   1.67   .277  -.000   3
 394 At2Pnk9a 1879 1995    117      2      0    .587   1.15   3.86   .566   .501   .345   2.02   .355   .050   1
 395 At2Pnk9b 1875 1995    121      2      0    .645   1.35   5.46   .882   .790   .368   2.16   .362  -.009   3
 396 At2Pnl0a 1876 1995    120      2      0    .631    .95   6.41  1.027   .905   .371   1.93   .380  -.034   1
 397 At2Pnl1a 1879 1995    117      2      0    .611    .97   4.63   .572   .685   .343   2.06   .325   .007   1
 398 At2Pnl1b 1873 1995    123      3      0    .681    .81   4.45   .742   .871   .365   2.09   .352  -.020   1
 399 At2Pnl2a 1898 1995     98      2      0    .617   1.24   3.93   .677   .685   .298   1.89   .301   .039   1
 400 At2Pnl2b 1891 1995    105      2      0    .557   1.55   4.63   .885   .742   .290   2.25   .314   .029   2
 401 At2Pnl3a 1911 1995     85      1      0    .530   1.02   2.29   .497   .603   .319   2.35   .357   .030   1
 402 At2Pnl3b 1884 1995    112      2      0    .627    .96   3.33   .602   .772   .321   2.02   .324   .013   1
 403 At2Pnl4a 1883 1995    113      2      0    .709   1.20   4.57   .704   .762   .317   1.88   .297  -.018   3
 404 At2Pnl4b 1880 1995    116      2      0    .580   1.02   3.15   .561   .694   .318   2.06   .292   .057   0
 405 At2Pnl5a 1877 1995    119      2      0    .605    .95   5.70  1.082   .905   .433   2.51   .420   .001   1
 406 At2Pnl6a 1876 1973     98      1      0    .585    .72   3.89   .769   .923   .311   1.83   .306  -.019   1
 407 At2Pnl6b 1879 1975     97      2      0    .590    .83   4.57   .847   .886   .345   1.84   .338  -.009   1
 408 At2Pnl7a 1886 1989    104      2      0    .624   1.19   2.67   .444   .580   .261   1.77   .252   .131   0
 409 At2Pnl7b 1878 1989    112      2      0    .673   1.29   3.97   .556   .621   .295   1.58   .275  -.030   1
 410 At2Pnl8a 1761 1995    235      7      0    .661    .61   2.70   .444   .804   .358   1.99   .345  -.002   1
 411 At2Pnl8b 1762 1995    234      7      0    .679    .56   3.20   .556   .895   .393   2.34   .395  -.003   2
 412 At2Pnl9a 1745 1995    251      8      0    .730    .64   1.86   .297   .658   .316   1.79   .304   .008   2
 413 At2Pnl9b 1744 1995    252      8      0    .730    .77   1.84   .317   .607   .312   1.68   .286  -.004   1
 414 At2Pnm0a 1755 1995    241      7      0    .682   1.08   4.89   .860   .844   .322   1.91   .314   .010   1
 415 At2Pnm0b 1752 1995    244      7      0    .657    .77   4.36   .662   .818   .376   2.82   .358   .018   1
 416 At2Pnm1a 1690 1995    306     10      0    .638    .57   1.84   .307   .723   .309   2.04   .297   .003   1
 417 At2Pnm1b 1712 1995    284      9      0    .647    .71   2.13   .383   .735   .310   1.94   .296  -.008   1
 418 At2Pnm2a 1786 1995    210      6      0    .628    .61   1.72   .312   .645   .365   2.19   .358  -.006   2
 419 At2Pnm2b 1769 1995    227      7      0    .620    .65   1.58   .280   .565   .325   1.75   .314   .002   1
 420 At2Pnm3a 1769 1995    227      7      0    .713    .78   2.71   .475   .740   .339   1.86   .315  -.012   1
 421 At2Pnm3b 1757 1995    239      7      0    .665    .81   3.13   .545   .820   .332   1.70   .293   .009   1
 422 At2Pnm4a 1764 1995    232      7      0    .549    .60   1.87   .326   .696   .343   1.94   .341   .014   2
 423 At2Pnm4b 1817 1995    179      5      0    .640    .73   1.96   .381   .664   .328   1.92   .335  -.018   1
 424 At2Pnm5a 1739 1995    257      8      0    .627    .66   1.92   .375   .633   .397   2.04   .369  -.007   1
 425 At2Pnm6a 1768 1995    228      7      0    .690    .74   2.37   .442   .680   .371   2.06   .366  -.021   1
 426 At2Pnm6b 1725 1995    271      8      0    .668    .83   3.20   .438   .537   .359   3.23   .381  -.009   2
 427 At2Pnm7a 1746 1995    250      8      0    .683    .57   2.26   .416   .807   .352   1.93   .322   .000   1
 428 At2Pnm7b 1749 1993    245      8      0    .663    .70   3.15   .444   .748   .337   1.97   .313  -.000   1
 429 At2Pnm8a 1436 1995    560     20      0    .521    .42   1.41   .247   .632   .385   3.22   .373  -.001   1
 430 At2Pnm8b 1498 1995    498     18      0    .612    .45   2.25   .269   .618   .360   2.71   .350  -.000   1
 431 At2Pnm9a 1696 1995    300     10      2    .573    .46   1.36   .236   .581   .415   2.06   .383  -.015   1
 432 At2Pnm9b 1739 1995    257      8      0    .702    .53   2.33   .315   .544   .477   2.55   .447  -.004   1
 433 At2Pnn0a 1828 1995    168      4      0    .638    .46   1.03   .192   .408   .348   2.09   .339   .006   2
 434 At2Pnn0b 1786 1995    210      6      0    .676    .54   1.49   .252   .613   .331   1.97   .314  -.009   1
 435 At2Pnn1a 1760 1995    236      7      0    .678    .64   1.48   .306   .697   .320   2.29   .324   .003   2
 436 At2Pnn1b 1760 1995    236      7      0    .606    .53   1.38   .255   .686   .327   2.05   .319  -.008   2
 437 At2Pnn2a 1594 1995    402     14      1    .583   1.02   2.79   .498   .729   .244   2.03   .258   .001   1
 438 At2Pnn2b 1584 1995    412     14      0    .584   1.10   4.24   .740   .801   .265   2.24   .282   .066   1
 439 At2Pno9a 1845 1995    151      4      0    .515    .67   3.50   .591   .849   .404   2.39   .388   .008   1
 440 At2Pno9b 1850 1995    146      3      0    .650    .64   3.72   .530   .826   .358   1.99   .342  -.011   2
 441 At2Pno9c 1845 1995    151      4      1    .450    .44   2.81   .424   .839   .414   2.36   .411  -.002   3
 442 At2Pnp0a 1843 1995    153      4      0    .521    .44   5.25   .726   .970   .378   3.05   .400   .024   1
 443 At2Pnp0b 1840 1995    156      4      0    .595    .53   4.44   .761   .927   .338   2.12   .360  -.021   1
 444 At2Pnp0c 1840 1995    156      4      0    .564    .51   3.36   .655   .916   .416   2.28   .426  -.020   1
 445 At2Pnp1a 1839 1995    157      4      0    .542    .48   2.06   .394   .821   .405   2.49   .376  -.018   1
 446 At2Pnp1b 1848 1995    148      4      0    .630    .49   2.41   .380   .824   .350   2.02   .335  -.015   1
 447 At2Pnp1c 1848 1995    148      4      0    .634    .62   3.80   .447   .691   .348   1.84   .324   .028   1
 448 At2Pnp2a 1883 1995    113      2      0    .689    .76   2.17   .534   .853   .340   1.99   .345  -.052   1
 449 At2Pnp2b 1880 1995    116      2      0    .651    .65   1.79   .424   .760   .349   2.00   .322  -.027   1
 450 At2Pnp2c 1880 1995    116      2      0    .639    .60   2.46   .469   .860   .319   1.79   .301  -.003   1
 451 At2Pnp3a 1856 1995    140      3      0    .645    .53   1.47   .308   .763   .309   1.83   .294   .017   1
 452 At2Pnp3b 1849 1995    147      3      0    .649    .79   2.33   .530   .825   .301   1.72   .294  -.007   2
 453 At2Pnp3c 1849 1995    147      4      0    .604    .56   2.42   .465   .891   .275   1.85   .276   .025   1
 454 At2Pnp4a 1846 1995    150      4      0    .654    .66   3.15   .528   .898   .293   2.08   .284   .105   0
 455 At2Pnp4b 1842 1995    154      4      0    .656    .88   4.83   .748   .849   .315   1.90   .285   .070   0
 456 At2Pnp4c 1843 1995    153      4      0    .665    .58   3.66   .656   .953   .308   2.04   .293  -.005   1
 457 At2Pnp5a 1846 1995    150      4      0    .684    .79   3.48   .595   .772   .360   2.11   .326  -.012   1
 458 At2Pnp5b 1846 1995    150      4      0    .678    .70   2.61   .546   .814   .373   1.94   .348  -.022   1
 459 At2Pnp5c 1846 1995    150      4      0    .649    .70   2.81   .593   .849   .348   1.96   .330  -.045   3
 460 At2Pnp6a 1850 1995    146      3      0    .664    .95   3.89   .759   .869   .339   1.82   .316  -.006   1
 461 At2Pnp6b 1845 1995    151      4      0    .648    .77   3.47   .656   .862   .347   2.56   .347   .015   1
 462 At2Pnp6c 1845 1995    151      4      0    .694    .90   2.88   .647   .854   .303   2.10   .311   .005   1
 463 At2Pnp7a 1900 1995     96      1      0    .607   3.12   7.17  1.305   .705   .247   1.79   .248  -.034   1
 464 At2Pnp7b 1920 1994     75      1      0    .601   2.39   4.50   .907   .710   .241   1.66   .225   .016   1
 465 At2Pnp7c 1908 1995     88      1      0    .629   2.89   6.64  1.232   .583   .277   1.80   .267  -.001   1
 466 At2Pnq7a 1828 1996    169      4      0    .489   1.19   4.40   .757   .842   .266   1.73   .264   .000   1
 467 At2Pnq8a 1884 1996    113      2      0    .493   2.44   3.89   .716   .593   .225   1.43   .212   .007   1
 468 At2Pnq8b 1875 1996    122      2      0    .560   1.54   2.62   .453   .666   .195   1.53   .202  -.014   1
 469 At2Pnq9a 1886 1996    111      2      0    .556   1.87   4.33   .978   .777   .280   1.78   .297  -.003   1
 470 At2Pnr0a 1822 1996    175      5      0    .549    .82   3.12   .527   .796   .348   2.27   .340  -.001   1
 471 At2Pnr1a 1820 1996    177      5      0    .539   1.49   3.50   .642   .786   .249   1.57   .242   .001   1
 472 At2Pnr2a 1836 1996    161      4      0    .645   1.15   3.03   .460   .752   .226   1.67   .230   .016   1
 473 At2Pnr2b 1820 1996    177      5      0    .510   1.15   3.17   .645   .871   .241   1.62   .237  -.046   1
 474 At2Pnr3a 1823 1996    174      5      1    .496   1.49   3.19   .549   .688   .239   1.68   .235  -.010   1
 475 At2Pnp8a 1837 1996    160      4      0    .588   1.92   4.67  1.181   .872   .209   1.52   .198  -.016   2
 476 At2Pnp9a 1898 1996     99      2      0    .642   2.11   5.01  1.078   .727   .279   1.76   .257   .008   1
 477 At2Pnp9b 1889 1996    108      2      0    .525   1.58   3.52   .766   .784   .267   1.70   .261   .036   1
 478 At2Pnq0a 1884 1994    111      2      0    .670   1.51   3.21   .542   .573   .266   1.57   .245   .000   1
 479 At2Pnq0b 1875 1996    122      2      0    .694   1.80   3.82   .600   .515   .253   1.64   .244   .011   1
 480 At2Pnq1a 1884 1996    113      2      0    .564   1.34   5.24  1.074   .877   .280   1.67   .266   .017   1
 481 At2Pnq1b 1887 1996    110      2      0    .579   1.41   3.41   .655   .755   .265   1.53   .238   .104   0
 482 At2Pnq2a 1890 1994    105      2      0    .509   1.63   4.84   .981   .862   .254   1.99   .271   .061   1
 483 At2Pnq3a 1891 1996    106      2      0    .601   1.66   3.27   .466   .392   .245   1.74   .232   .103   0
 484 At2Pnq3b 1880 1996    117      2      0    .627   2.23   4.17   .692   .547   .245   1.52   .226   .006   1
 485 At2Pnq4a 1885 1996    112      2      0    .482   1.79   4.01   .718   .723   .247   1.74   .244   .001   1
 486 At2Pnq4b 1893 1996    104      2      0    .474   1.69   4.23   .556   .615   .230   1.68   .220  -.015   3
 487 At2Pnq5a 1899 1996     98      2      0    .622   1.85   4.61   .715   .419   .325   1.79   .279  -.015   0
 488 At2Pnq5b 1909 1996     88      1      0    .622   1.60   2.90   .556   .403   .319   1.78   .284   .085   0
 489 At2Pnq6a 1855 1996    142      3      1    .545   1.93   4.79  1.023   .850   .204   1.86   .210   .003   2
 490 At2Pnr4a 1904 1995     92      1      0    .660    .53   1.77   .342   .616   .390   2.11   .363   .009   2
 491 At2Pnr4b 1910 1995     86      1      0    .734    .41   1.06   .233   .563   .416   2.15   .372  -.018   2
 492 At2Pnr4c 1910 1995     86      1      0    .714    .64   1.88   .423   .721   .383   2.00   .390  -.035   1
 493 At2Pnr5a 1849 1995    147      4      0    .643    .68   2.37   .441   .718   .372   2.27   .354   .008   1
 494 At2Pnr5b 1852 1995    144      3      0    .687    .59   2.17   .433   .773   .367   1.91   .339   .003   1
 495 At2Pnr5c 1852 1995    144      3      0    .614    .59   2.10   .376   .638   .391   2.36   .385  -.006   1
 496 At2Pnr6a 1789 1995    207      6      0    .556    .77   2.19   .489   .746   .324   2.06   .299   .016   0
 497 At2Pnr7a 1774 1995    222      7      0    .574    .52   3.00   .388   .731   .339   2.05   .333   .016   1
 498 At2Pnr7b 1737 1995    259      8      0    .538    .62   3.18   .597   .867   .365   2.46   .375  -.028   3
 499 At2Pnr8a 1831 1995    165      4      0    .665    .68   1.98   .408   .837   .291   1.91   .275   .001   2
 500 At2Pnr8b 1832 1995    164      4      0    .621    .64   2.46   .414   .881   .265   1.65   .249  -.034   3
 501 At2Pnr9a 1725 1995    271      8      0    .614    .64   5.00   .668   .882   .343   2.71   .352  -.006   1
 502 At2Pnr9b 1719 1995    277      9      1    .609    .67   4.08   .583   .872   .321   2.14   .321  -.010   1
 503 At2Pns0a 1870 1995    126      3      0    .635    .58   2.67   .484   .833   .366   2.18   .362   .004   1
 504 At2Pns0b 1873 1995    123      3      0    .691    .52   2.10   .388   .825   .351   2.16   .321   .004   2
 505 At2Pns0c 1884 1995    112      2      0    .686    .59   1.87   .393   .756   .345   1.98   .347  -.032   1
 506 At2Pns1a 1670 1996    327     11      0    .577    .50   3.17   .387   .846   .341   1.88   .311   .008   1
 507 At2Pns1b 1676 1996    321     10      0    .595    .45   2.39   .483   .869   .413   2.53   .373  -.012   1
 508 At2Pns2a 1834 1996    163      4      0    .554    .68   1.57   .304   .695   .301   2.08   .301  -.038   3
 509 At2Pns2b 1819 1996    178      5      0    .613    .58   1.48   .235   .601   .307   2.29   .294  -.017   3
 510 At2Pns3a 1850 1996    147      3      0    .660    .67   1.92   .331   .728   .284   2.08   .295   .014   1
 511 At2Pns3b 1859 1996    138      3      0    .610    .67   2.35   .423   .770   .309   2.33   .350  -.009   1
 512 At2Pns4a 1768 1996    229      7      0    .638    .35   1.95   .293   .898   .317   2.05   .315  -.022   1
 513 At2Pns4b 1782 1940    159      4      0    .623    .55   1.26   .242   .650   .296   1.91   .297  -.002   1
 514 At2Pns5a 1780 1996    217      6      0    .539    .60   2.83   .488   .897   .312   1.83   .293   .014   2
 515 At2Pns5b 1783 1996    214      6      1    .499    .67   2.49   .543   .885   .324   2.15   .315   .021   2
 516 At2Pns6a 1793 1996    204      6      0    .631    .88   3.41   .676   .847   .354   2.20   .360   .005   1
 517 At2Pns6b 1800 1996    197      5      0    .677    .97   3.65   .775   .891   .306   1.97   .307  -.018   1
 518 At2Pns7a 1771 1990    220      7      0    .624    .49   2.08   .369   .871   .353   2.20   .324  -.010   1
 519 At2Pns7b 1771 1980    210      7      0    .620    .58   2.87   .516   .909   .336   1.94   .310  -.022   1
 520 At2Pns8a 1793 1987    195      6      0    .603    .45   1.68   .275   .802   .315   1.79   .308   .021   2
 521 At2Pns8b 1809 1996    188      5      0    .596    .50   1.73   .254   .690   .306   1.83   .286  -.020   1
 522 At2Pns9a 1863 1994    132      3      0    .659    .65   1.43   .307   .722   .304   1.92   .299  -.038   1
 523 At2Pns9b 1796 1989    194      6      0    .630    .60   2.35   .337   .734   .340   1.71   .311  -.029   1
 524 At2Pnt0a 1809 1996    188      5      0    .554    .91   3.92   .818   .894   .334   2.18   .328   .016   1
 525 At2Pnt0b 1817 1996    180      5      0    .680    .97   3.64   .953   .929   .288   1.72   .275  -.011   1
 526 At2Pnt1a 1806 1996    191      5      0    .634    .71   2.45   .523   .902   .313   1.95   .305  -.027   1
 527 At2Pnt1b 1792 1996    205      6      0    .636    .75   2.70   .427   .750   .312   1.82   .314  -.023   1
 528 At2Pnt2a 1791 1996    206      6      0    .511    .45   1.69   .368   .897   .354   3.55   .374   .011   2
 529 At2Pnt2b 1836 1996    161      4      0    .623    .65   1.96   .357   .655   .357   3.04   .377  -.005   3
 530 At2Pnt3a 1863 1996    134      3      0    .630    .90   2.34   .530   .786   .329   2.45   .341   .017   2
 531 At2Pnt3b 1864 1996    133      3      0    .628    .83   2.20   .473   .798   .289   1.90   .274  -.022   1
 532 At2Pnt4a 1868 1996    129      3      0    .617    .82   1.93   .333   .510   .329   2.06   .325  -.012   1
 533 At2Pnt4b 1868 1996    129      3      0    .613    .77   1.59   .357   .694   .308   2.04   .303  -.005   1
 534 At2Pnu1a 1944 1995     52      0      0    .589   1.47   3.84   .664   .586   .314   1.62   .275  -.079   0
 535 At2Pnu1b 1950 1995     46      0      0    .633   1.59   4.57   .803   .680   .325   1.79   .289  -.005   2
 536 At2Pnu2a 1941 1995     55      0      0    .517   1.28   5.16  1.047   .852   .362   2.11   .351  -.023   0
 537 At2Pnu2b 1942 1995     54      0      0    .640   1.43   4.33   .743   .685   .305   1.91   .262  -.076   3
 538 At2Pnu3a 1940 1995     56      0      0    .654   1.33   4.75   .791   .781   .317   1.70   .263   .073   0
 539 At2Pnu3b 1940 1995     56      0      0    .656   1.43   4.31   .750   .702   .307   1.77   .266  -.027   2
 540 At2Pnu4a 1940 1995     56      0      0    .556   2.02   6.95  1.430   .877   .312   1.62   .261  -.043   0
 541 At2Pnu4b 1940 1995     56      0      0    .608   1.70   6.54  1.359   .892   .305   1.59   .286  -.029   1
 542 At2Pnu5a 1943 1995     53      0      0    .512   1.96   5.37   .779   .439   .314   1.61   .266  -.042   3
 543 At2Pnu6a 1940 1995     56      0      0    .679   1.60   4.30   .675   .380   .355   1.63   .324   .103   0
 544 At2Pnu6b 1941 1995     55      0      0    .676   1.65   3.88   .577   .295   .331   1.65   .290   .099   0
 545 At2Pnu7a 1941 1995     55      0      0    .742   1.80   5.00   .882   .705   .290   1.76   .259   .018   0
 546 At2Pnu7b 1943 1995     53      0      0    .531   2.04   5.19   .811   .355   .334   1.87   .294   .067   0
 547 At2Pnu8a 1940 1995     56      0      0    .587   1.63   4.18   .793   .726   .353   1.73   .296   .092   0
 548 At2Pnu8b 1941 1995     55      0      0    .507   1.56   3.78   .799   .708   .350   2.05   .315   .109   0
 549 At2Pnu9a 1945 1995     51      0      0    .589   1.71   3.13   .611   .460   .302   1.97   .275  -.051   0
 550 At2Pnu9b 1945 1995     51      0      0    .515   1.41   3.06   .568   .727   .278   1.62   .242   .149   0
 551 At2Pnv0a 1911 1995     85      1      0    .662    .89   2.77   .464   .623   .342   1.75   .284   .000   0
 552 At2Pnv0b 1905 1995     91      1      0    .503   1.32   3.87   .558   .476   .313   1.51   .268   .063   0
 553 At2Pnt5a 1913 1995     83      1      0    .556   1.12   4.99   .893   .805   .345   1.93   .332   .002   3
 554 At2Pnt5b 1908 1995     88      1      0    .525    .99   4.41   .863   .811   .367   1.82   .356  -.031   1
 555 At2Pnt6a 1903 1995     93      1      1    .525    .91   3.02   .519   .691   .377   2.16   .345   .010   1
 556 At2Pnt7a 1908 1995     88      1      0    .513   1.05   5.41   .999   .815   .385   2.47   .404  -.029   1
 557 At2Pnt8a 1932 1995     64      0      0    .498   1.69   4.82   .943   .690   .386   2.19   .349   .172   0
 558 At2Pnt8b 1937 1995     59      0      0    .494   1.68   4.37  1.017   .757   .399   2.39   .413   .130   1
 559 At2Pnt9a 1936 1995     60      0      0    .601   1.27   5.68   .939   .845   .354   1.76   .325   .081   0
 560 At2Pnt9b 1931 1995     65      0      0    .513   1.57   6.88  1.514   .928   .334   1.66   .317   .157   0
 561 At2Pnu0a 1914 1995     82      1      0    .552   1.01   3.05   .582   .797   .337   1.85   .321  -.003   1
 562 At2Pnv1a 1864 1996    133      3      0    .504    .87   1.94   .255   .462   .214   1.63   .212   .018   2
 563 At2Pnv2a 1887 1995    109      2      0    .566   1.00   1.87   .356   .692   .220   1.58   .206   .095   0
 564 At2Pnv2b 1887 1989    103      2      0    .687    .97   1.68   .263   .547   .209   1.39   .194   .020   1
 565 At2Pnv3a 1872 1996    125      3      0    .510    .83   1.71   .305   .707   .218   1.54   .216   .023   1
 566 At2Pnv4a 1849 1996    148      3      0    .585   1.21   3.80   .705   .830   .238   1.70   .250  -.009   3
 567 At2Pnv5a 1874 1996    123      3      0    .521   1.28   2.52   .430   .621   .223   1.63   .232   .013   1
 568 At2Pnv5b 1854 1996    143      3      0    .510   1.30   2.75   .592   .767   .250   1.61   .253   .035   1
 569 At2Pnv6a 1917 1996     80      1      0    .548   2.64   5.07  1.032   .795   .163   1.52   .185   .046   1
 570 At2Pnv6b 1922 1996     75      1      0    .492   1.85   4.25   .760   .824   .184   1.56   .199   .087   1
 571 At2Pnv7a 1901 1995     95      1      0    .724   1.28   5.06   .895   .677   .365   1.84   .345   .003   1
 572 At2Pnv7b 1903 1995     93      1      0    .635   1.13   3.71   .728   .763   .330   2.34   .334  -.005   1
 573 At2Pnv8a 1865 1995    131      3      0    .529    .82   2.99   .554   .778   .294   2.14   .306  -.028   1
 574 At2Pnv8b 1865 1995    131      3      0    .672    .82   2.66   .562   .845   .265   1.93   .271  -.027   1
 575 At2Pnv9a 1903 1992     90      1      0    .503    .95   2.58   .371   .562   .277   1.69   .270   .040   2
 576 At2Pnw0a 1900 1995     96      1      0    .531   1.17   3.58   .698   .737   .349   1.79   .328   .041   2
 577 At2Pnw0b 1899 1995     97      2      0    .506   1.03   2.98   .553   .711   .302   2.46   .321   .023   1
 578 At2Pnw1a 1882 1995    114      2      0    .643    .90   2.06   .441   .623   .323   1.94   .322  -.044   1
 579 At2Pnw2a 1867 1995    129      3      0    .633    .67   3.49   .639   .873   .308   2.36   .308  -.013   1
 580 At2Pnw2b 1869 1995    127      3      0    .595    .68   2.70   .528   .835   .309   2.02   .284   .013   0
 581 At2Pnw3a 1869 1995    127      3      0    .715    .90   3.06   .562   .760   .332   2.07   .340  -.002   1
 582 At2Pnw3b 1872 1995    124      3      0    .691    .81   2.54   .464   .713   .330   1.97   .339   .033   1
 583 At2Pnw4a 1883 1995    113      2      0    .714    .62   3.15   .674   .917   .395   1.88   .357   .025   1
 584 At2Pnw4b 1871 1995    125      3      0    .603    .68   3.34   .565   .805   .389   1.92   .352   .061   1
 585 At2Pnw5a 1894 1995    102      2      0    .646    .87   3.00   .591   .743   .351   2.25   .368  -.007   1
 586 At2Pnw5b 1885 1995    111      2      0    .694   1.06   2.88   .622   .618   .372   2.40   .364   .028   2
 587 At2Pnw6a 1881 1963     83      1      0    .736    .91   2.19   .590   .757   .386   2.02   .378  -.018   1
 588 At2Pnw6b 1874 1963     90      2      0    .698    .89   3.29   .588   .764   .380   1.92   .368  -.040   1
 --- -------- ---------  -----  -----  -----   ------ -----  -----  -----  -----  -----  -----  -----  -----  --
 Total or mean:         100744   2666     51    .614    .90   9.85   .598   .770   .325   3.67   .316   .006

 DATA CHECKS (rwl.check): aust115
-----------------------------------------------------------------------------------------------------------------------------------
 rwl.check: data_files/treering/measurements/europe/aust115.rwl
 588 series, 100744 measurements, 1319-2002, 0.01 mm precision
 1 error(s), 3 warning(s), 208 note(s)
 -------------
 ERROR
   RWL_DATING_LAG (1)
     At2Pna0c: correlates best with the master at lag 2 (r = 0.412 against r = 0.138 as dated); the series may be misdated by 2 year(s), most likely a false ring or a ring measured twice
 -------------
 WARNING
   RWL_NON_ASCII (1)
     2 byte(s) outside printable ASCII
   RWL_SERIES_OUTLIER (2)
     At2Pna0c: correlates with the rest of the collection at r = 0.138 where the collection median is 0.617 (6.2 MAD below it); it does not fit the collection it is in
     At2Pnj0d: correlates with the rest of the collection at r = 0.286 where the collection median is 0.617 (4.3 MAD below it); it does not fit the collection it is in
 208 note(s) not shown; see rwl.check() or the 'check' element of this report.

 NOTES
-----------------------------------------------------------------------------------------------------------------------------------
 Report generated using dplR 1.8.1 (R 4.5.2) on 2026-10-01 16:52 PDT.
 Measurement file aust115.rwl, MD5 5e93e48a4f0b933c7040c6f28cd76485.
 Filtering: each series divided by a 32-year smoothing spline (caps()), then prewhitened with
   an AR model (order by AIC, at most 3).
 Master: biweight robust mean of the other series (leave-one-out).
 Correlation: Pearson, one-tailed, pcrit = 0.01; critical r = 0.3281 for 50-year segments.
 Segments: 50 years, lagged 25, first segment floored to 100. Lags searched: +/- 10 years.
 A segment is tested only where the series and the master cover all of it, at the dated
   position and at every lag. COFECHA also tests partial segments at the ends of a series, so
   series here may show fewer segments, and no flags can be raised at the ends of the record.
 Lags follow COFECHA: negative means rings are probably missing from the series, positive means
   false rings. A missing ring carries its lag into every segment before it, so look where the
   lag changes along a series. A B flag is a hypothesis to check on the wood; the gain says how
   seriously to take it.
 A B flag marked "weak at every lag" correlates under the critical value even at its best lag:
   the segment is weak wherever it is placed, and the shift is not evidence of a dating error.
   Treat it as a low correlation, like an A.
 Averages in the summary and the totals are weighted by the number of years in each series, as
   COFECHA's are.
 Unfiltered block and mean sensitivity: the measurements as read, and sens1().
 dplR filtered block: the series that was correlated, after filtering. COFECHA's filtered
   series is defined differently, so these three columns are not COFECHA's numbers.
 AR: order of the AR model used to prewhiten.
