
 COFECHA-style crossdating report: fran10
 Report generated using dplR 1.8.1 (R 4.5.2) on 2026-10-01 16:48 PDT
 Built with dplR's xdate.report(), not COFECHA; see the notes at the end.


      Measurement file name  : fran10.rwl
      MD5 of measurement file: e07e216e0b182d14b73686fd9999c070
      Date checked           : 01OCT26
      Beginning year         : 1747
      Ending year            : 1988
      Principal investigators: Bert, D.G.
      Site name              : Jura
      Species information    : ABAL Abies alba Mill.
      Latitude               : 46.7500 N
      Longitude              : 6.0000 E
      Elevation              : 950 m

      Series intercorrelation: 0.517
      Avg mean sensitivity   : 0.213
      Avg standard deviation : 0.952
      Avg autocorrelation    : 0.801
      Number dated series    : 1248
      Series crossdated      : 1244
      Segment length tested  : 50

      Number problem segments: 220  (A 88, B 132; 73 of the B weak at every lag)
      Pct problem segments   : 10.72


 CORRELATION OF SERIES BY SEGMENTS: fran10
-----------------------------------------------------------------------------------------------------------------------------------
 Correlations of  50-year dated segments, lagged  25 years
 Flags:  A = correlation under   .3281 but highest as dated;  B = correlation higher at other than dated position

 Seq Series  Time_span  1800 1825 1850 1875 1900 1925 
                        1849 1874 1899 1924 1949 1974 
 --- -------- ---------  ---- ---- ---- ---- ---- ---- 
   3 103      1923 1988                           .60 
   4 104      1922 1988                           .61 
   6 106      1912 1988                           .71 
   7 201      1896 1988                      .77  .64 
   8 202      1891 1988                      .55  .62 
   9 203      1883 1988                      .66  .73 
  10 204      1881 1988                      .68  .69 
  11 205      1871 1988                 .30A .65  .74 
  12 206      1866 1988                 .56  .55  .60 
  13 301      1905 1988                           .52 
  14 302      1904 1988                           .66 
  15 303      1898 1988                           .60 
  16 304      1890 1988                      .38  .56 
  17 305      1891 1988                      .59  .59 
  18 306      1902 1988                           .59 
  19 401      1922 1988                           .25B
  21 403      1907 1988                           .55 
  22 404      1883 1988                      .55  .64 
  23 405      1896 1988                      .44  .61 
  24 406      1900 1988                           .57 
  26 502      1904 1988                           .82 
  27 503      1913 1988                           .59 
  28 504      1909 1988                           .74 
  29 505      1904 1988                           .60 
  30 506      1903 1988                           .55 
  37 701      1897 1988                      .18B .29B
  38 702      1906 1988                           .60 
  39 703      1888 1988                      .37  .61 
  40 704      1890 1988                      .49  .66 
  41 705      1889 1988                      .33  .60 
  42 706      1896 1988                      .44  .54 
  43 801      1886 1988                      .72  .73 
  44 802      1875 1988                      .51  .67 
  45 803      1873 1988                 .30A .59  .65 
  46 804      1908 1988                           .76 
  47 805      1861 1988                 .65  .65  .60 
  48 806      1893 1988                      .11B .56 
  49 901      1916 1988                           .61 
  50 902      1921 1988                           .28B
  51 903      1899 1988                      .48  .62 
  52 904      1914 1988                           .45 
  53 905      1915 1988                           .49 
  54 906      1907 1988                           .50 
  55 1001     1876 1988                      .43  .57 
  56 1002     1844 1988            .59  .56  .51  .63 
  57 1003     1892 1988                      .66  .71 
  58 1004     1871 1988                 .71  .82  .78 
  59 1005     1877 1988                      .67  .70 
  60 1006     1879 1988                      .44  .65 
  61 1101     1902 1988                           .36 
  63 1103     1912 1988                           .57 
  64 1104     1902 1988                           .76 
  65 1105     1904 1988                           .59 
  66 1106     1902 1988                           .73 
  67 1201     1894 1988                      .30A .38 
  68 1202     1916 1988                           .53 
  69 1203     1923 1988                           .63 
  71 1205     1890 1988                      .52  .51 
  72 1206     1906 1988                           .51 
  73 1301     1882 1988                      .49  .62 
  74 1302     1879 1988                      .54  .64 
  75 1303     1902 1988                           .44 
  76 1304     1880 1988                      .10B .47 
  77 1305     1883 1988                      .56  .67 
  78 1306     1873 1988                 .61  .51  .54 
  79 1401     1860 1988                 .52  .56  .59 
  80 1402     1864 1988                 .27A .34  .53 
  81 1403     1872 1988                 .26B .51  .60 
  82 1404     1865 1988                 .11B .27B .54 
  83 1405     1893 1988                      .56  .61 
  84 1406     1874 1988                      .52  .51 
  85 1501     1873 1988                 .12B .28A .61 
  86 1502     1884 1988                      .41  .62 
  87 1503     1871 1988                 .33A .58  .57 
  88 1504     1882 1988                      .36  .68 
  89 1505     1884 1988                      .16B .49 
  90 1506     1913 1988                           .60 
  91 1601     1836 1988           -.03B .14B .41  .55 
  92 1602     1884 1988                      .65  .56 
  93 1603     1857 1988                 .49  .39  .49 
  94 1604     1834 1988            .53  .54  .61  .58 
  95 1605     1825 1988            .63  .66  .48  .52 
  96 1606     1840 1988            .52  .60  .60  .69 
  97 1701     1886 1988                      .19B .52 
  98 1702     1904 1988                           .51 
  99 1703     1899 1988                      .42  .64 
 100 1704     1920 1988                           .47 
 101 1705     1914 1988                           .47 
 102 1706     1902 1988                           .51 
 106 1804     1905 1988                           .66 
 107 1805     1903 1988                           .42 
 109 1901     1918 1988                           .63 
 110 1902     1916 1988                           .60 
 111 1903     1908 1988                           .57 
 112 1904     1907 1988                           .67 
 113 1905     1904 1988                           .61 
 114 1906     1899 1988                           .64 
 115 2001     1875 1988                      .57  .62 
 116 2002     1872 1988                 .44  .53  .68 
 117 2003     1857 1988                 .51  .59  .70 
 118 2004     1876 1988                      .42  .60 
 119 2005     1861 1988                 .49  .55  .39 
 120 2006     1885 1988                      .51  .54 
 121 2101     1892 1988                      .49  .64 
 122 2102     1909 1988                           .60 
 123 2103     1867 1988                -.14B .01B .20B
 125 2105     1911 1988                           .60 
 126 2106     1899 1988                      .65  .70 
 127 2201     1895 1988                      .75  .69 
 128 2202     1885 1988                      .63  .67 
 129 2203     1877 1988                      .77  .58 
 130 2204     1889 1988                      .75  .71 
 131 2205     1888 1988                      .73  .27B
 132 2206     1876 1988                      .54  .43 
 133 2301     1862 1988                 .45  .46  .58 
 134 2302     1850 1988                 .41  .68  .59 
 135 2303     1863 1988                 .47  .63  .52 
 136 2304     1866 1988                 .26A .48  .63 
 137 2305     1863 1988                 .41  .38  .53 
 138 2306     1874 1988                 .49  .65  .58 
 139 2401     1864 1988                 .17B .29A .54 
 140 2402     1838 1988            .48  .44  .50  .57 
 141 2403     1889 1988                      .42  .70 
 142 2404     1898 1988                      .45  .56 
 143 2405     1839 1988            .45  .28B .36  .54 
 144 2406     1832 1988            .41B .26B .20A .40 
 145 2501     1908 1988                           .55 
 146 2502     1908 1988                           .62 
 147 2503     1885 1988                      .51  .75 
 148 2504     1888 1988                      .39  .44 
 149 2505     1901 1988                           .69 
 150 2506     1912 1988                           .55 
 151 2601     1881 1988                      .68  .71 
 152 2602     1856 1988                 .51  .71  .76 
 153 2603     1878 1988                      .64  .63 
 154 2604     1851 1988                 .09B .33  .51 
 155 2605     1861 1988                 .51  .60  .63 
 156 2606     1829 1988            .74  .51  .54  .73 
 158 2702     1919 1988                           .42 
 159 2703     1916 1988                           .38 
 161 2705     1916 1988                           .64 
 163 2801     1892 1988                      .25A .49 
 164 2802     1918 1988                           .58 
 165 2803     1910 1988                           .62 
 166 2804     1903 1988                           .69 
 167 2805     1902 1988                           .52 
 168 2806     1882 1988                      .44  .61 
 169 2901     1891 1988                      .60  .74 
 170 2902     1903 1988                           .68 
 171 2903     1902 1988                           .73 
 172 2904     1883 1988                      .58  .60 
 173 2905     1896 1988                      .63  .39 
 174 2906     1904 1988                           .49 
 178 3004     1923 1988                           .64 
 179 3005     1922 1988                           .65 
 181 3101     1875 1988                      .46  .50 
 182 3102     1877 1988                      .60  .65 
 183 3103     1881 1988                      .49  .49 
 184 3104     1884 1988                      .61  .74 
 185 3105     1890 1988                      .57  .64 
 186 3106     1892 1988                      .44  .40 
 187 3201     1893 1988                      .38  .59 
 188 3202     1888 1988                      .57  .74 
 189 3203     1886 1988                      .58  .74 
 190 3204     1886 1988                      .59  .68 
 191 3205     1882 1988                      .69  .66 
 192 3206     1901 1988                           .54 
 193 3301     1905 1988                           .66 
 194 3302     1908 1988                           .73 
 195 3303     1915 1988                           .66 
 196 3304     1885 1988                      .52  .62 
 197 3305     1905 1988                           .62 
 198 3306     1880 1988                      .40  .59 
 199 3401     1903 1988                           .66 
 200 3402     1881 1988                      .60  .69 
 201 3403     1892 1988                      .43  .55 
 202 3404     1885 1988                      .36  .42 
 203 3405     1872 1988                 .55  .56  .58 
 204 3406     1894 1988                      .62  .73 
 205 3501     1895 1988                      .33  .58 
 206 3502     1881 1988                      .35  .56 
 207 3503     1886 1988                      .27B .53 
 208 3504     1887 1988                      .35  .65 
 209 3505     1888 1988                      .33  .40 
 210 3506     1894 1988                      .41  .65 
 211 3601     1905 1988                           .73 
 212 3602     1887 1988                      .56  .56 
 213 3603     1887 1988                      .54  .66 
 214 3604     1912 1988                           .75 
 215 3605     1898 1988                      .68  .76 
 216 3606     1909 1988                           .56 
 223 3801     1883 1988                      .64  .64 
 224 3802     1883 1988                      .63  .65 
 225 3803     1897 1988                      .47  .59 
 226 3804     1901 1988                           .58 
 227 3805     1896 1988                      .55  .62 
 228 3806     1880 1988                      .45  .64 
 229 3901     1898 1988                      .55  .67 
 230 3902     1904 1988                           .66 
 231 3903     1897 1988                      .50  .51 
 232 3904     1898 1988                      .42  .40 
 233 3905     1881 1988                      .49  .60 
 234 3906     1916 1988                           .61 
 235 4001     1904 1988                           .43 
 236 4002     1913 1988                           .57 
 237 4003     1902 1988                           .50 
 238 4004     1895 1988                      .37  .51 
 239 4005     1895 1988                      .46  .56 
 240 4006     1917 1988                           .29A
 241 4101     1918 1988                           .64 
 242 4102     1925 1988                           .53 
 243 4103     1914 1988                           .76 
 244 4104     1918 1988                           .68 
 247 4201     1903 1988                           .52 
 248 4202     1903 1988                           .64 
 249 4203     1902 1988                           .49 
 250 4204     1903 1988                           .67 
 251 4205     1911 1988                           .61 
 252 4206     1882 1988                      .51  .61 
 253 4301     1911 1988                           .68 
 254 4302     1910 1988                           .57 
 255 4303     1922 1988                           .52 
 256 4304     1910 1988                           .73 
 257 4305     1907 1988                           .76 
 258 4306     1909 1988                           .72 
 259 4401     1895 1988                      .48  .64 
 260 4402     1898 1988                      .70  .72 
 261 4403     1908 1988                           .59 
 262 4404     1905 1988                           .65 
 263 4405     1913 1988                           .54 
 264 4406     1900 1988                           .69 
 265 4501     1920 1988                           .67 
 266 4502     1913 1988                           .57 
 267 4503     1917 1988                           .58 
 268 4504     1908 1988                           .61 
 269 4505     1916 1988                           .52 
 270 4506     1924 1988                           .64 
 271 4601     1887 1988                      .56  .52 
 272 4602     1891 1988                      .59  .50 
 273 4603     1902 1988                           .60 
 274 4604     1900 1988                           .73 
 275 4605     1911 1988                           .62 
 276 4606     1897 1988                      .62  .72 
 277 4701     1908 1988                           .67 
 278 4702     1906 1988                           .50 
 279 4703     1912 1988                           .64 
 280 4704     1892 1988                      .56  .69 
 281 4705     1881 1988                      .57  .60 
 282 4706     1895 1988                      .36  .42 
 283 4801     1924 1988                           .64 
 284 4802     1914 1988                           .63 
 285 4803     1909 1988                           .68 
 286 4804     1902 1988                           .61 
 287 4805     1903 1988                           .61 
 288 4806     1903 1988                           .61 
 289 4901     1884 1988                      .46  .52 
 290 4902     1872 1988                 .50  .55  .55 
 291 4903     1866 1988                 .25B .51  .76 
 292 4904     1874 1988                 .49  .66  .57 
 293 4905     1857 1988                 .45  .59  .64 
 294 4906     1864 1988                 .33  .62  .60 
 295 5001     1898 1988                      .41  .59 
 296 5002     1907 1988                           .60 
 297 5003     1888 1988                      .61  .48 
 298 5004     1896 1988                      .72  .68 
 299 5005     1903 1988                           .64 
 300 5006     1890 1988                      .62  .67 
 301 5101     1900 1988                           .64 
 302 5102     1902 1988                           .70 
 303 5103     1858 1988                 .09B .38  .53 
 304 5104     1903 1988                           .58 
 305 5105     1904 1988                           .60 
 306 5106     1920 1988                           .72 
 307 5201     1906 1988                           .58 
 308 5202     1899 1988                      .57  .57 
 309 5203     1918 1988                           .45 
 310 5204     1915 1988                           .45 
 311 5205     1895 1988                      .24A .47 
 312 5206     1909 1988                           .48 
 313 5301     1891 1988                      .53  .38 
 314 5302     1862 1988                 .56  .66  .67 
 315 5303     1858 1988                 .55  .74  .82 
 316 5304     1864 1988                 .66  .75  .70 
 317 5305     1881 1988                      .65  .74 
 318 5306     1879 1988                      .53  .61 
 319 5401     1918 1988                           .52 
 320 5402     1918 1988                           .58 
 323 5405     1923 1988                           .50 
 325 5501     1854 1988                 .66  .61  .77 
 326 5502     1845 1988            .70  .54  .53  .71 
 327 5503     1854 1988                 .08B-.08B-.14B
 328 5504     1843 1988            .64  .56  .40  .50 
 329 5505     1844 1988            .63  .56  .39  .43 
 330 5506     1847 1988            .63  .45  .50  .65 
 331 5601     1835 1988            .14B .29A .28A .26B
 332 5602     1876 1988                      .55  .64 
 333 5603     1896 1988                      .56  .67 
 334 5604     1899 1988                      .64  .68 
 335 5605     1844 1988            .07B .47  .46  .64 
 336 5606     1849 1988           -.06B-.00B .38  .60 
 337 5701     1907 1988                           .64 
 338 5702     1907 1988                           .62 
 339 5703     1866 1988                 .43  .59  .59 
 340 5704     1875 1988                      .55  .59 
 341 5705     1920 1988                           .28A
 343 5801     1873 1988                 .44  .60  .53 
 344 5802     1889 1988                      .60  .76 
 345 5803     1881 1988                      .58  .60 
 346 5804     1883 1988                      .47  .64 
 347 5805     1897 1988                      .39  .39 
 348 5806     1905 1988                           .59 
 349 5901     1904 1988                           .73 
 350 5902     1909 1988                           .49 
 351 5903     1901 1988                           .68 
 352 5904     1903 1988                           .69 
 353 5905     1905 1988                           .76 
 354 5906     1902 1988                           .63 
 355 6001     1902 1988                           .60 
 356 6002     1882 1988                     -.15B .07B
 357 6003     1884 1988                      .47  .75 
 358 6004     1866 1988                 .41  .43  .41 
 359 6005     1890 1988                      .53  .61 
 360 6006     1862 1988                 .35  .64  .62 
 361 6101     1845 1988            .48  .62  .47  .45 
 362 6102     1809 1988       .64  .65  .58  .49  .52 
 363 6103     1846 1988            .07B .25B .33  .47 
 364 6104     1817 1988       .45  .57  .72  .55  .51 
 365 6105     1819 1988       .53  .36  .39  .30A .41 
 366 6106     1817 1988       .16B .18B .24B .47  .71 
 367 6201     1909 1988                           .57 
 368 6202     1835 1988           -.02B .10B .58  .76 
 369 6203     1852 1988                 .71  .69  .53 
 370 6204     1854 1988                 .49  .59  .49 
 371 6205     1876 1988                      .35B .57 
 372 6206     1874 1988                 .74  .64  .71 
 373 6301     1914 1988                           .63 
 374 6302     1898 1988                      .64  .52 
 375 6303     1903 1988                           .58 
 378 6306     1909 1988                           .55 
 379 6401     1896 1988                      .28B .43 
 380 6402     1908 1988                           .36 
 381 6403     1907 1988                           .45 
 382 6404     1903 1988                           .57 
 383 6405     1896 1988                      .29A .42 
 385 6501     1924 1988                           .60 
 389 6505     1920 1988                           .51 
 391 6601     1880 1988                      .68  .69 
 392 6602     1849 1988            .50  .47  .64  .75 
 393 6603     1890 1988                      .76  .58 
 394 6604     1868 1988                 .60  .63  .67 
 395 6605     1888 1988                      .59  .56 
 396 6606     1873 1988                      .75  .50 
 397 6701     1892 1988                      .63  .63 
 398 6702     1899 1988                      .49  .66 
 399 6703     1896 1988                      .44  .47 
 400 6704     1889 1988                      .74  .70 
 401 6705     1905 1988                           .54 
 402 6706     1884 1988                      .53  .58 
 403 6801     1878 1988                      .48  .45 
 404 6802     1902 1988                           .53 
 405 6803     1875 1988                      .50  .52 
 406 6804     1885 1988                      .71  .66 
 407 6805     1864 1988                 .62  .81  .56 
 408 6806     1867 1988                 .36  .48  .56 
 409 6901     1890 1988                      .28A .55 
 410 6902     1888 1988                      .26A .35 
 411 6903     1896 1988                      .35  .52 
 412 6904     1905 1988                           .66 
 413 6905     1924 1988                           .53 
 414 6906     1922 1988                           .57 
 418 7004     1924 1988                           .48 
 421 7101     1895 1988                      .75  .71 
 422 7102     1890 1988                      .37  .55 
 423 7103     1907 1988                           .73 
 424 7104     1906 1988                           .64 
 426 7106     1883 1988                      .45  .53 
 427 7201     1904 1988                           .64 
 428 7202     1887 1988                      .52  .59 
 429 7203     1912 1988                           .65 
 430 7204     1915 1988                           .28B
 432 7206     1896 1988                      .46  .50 
 433 7301     1890 1988                      .60  .56 
 434 7302     1810 1988       .54  .57  .65  .62  .50 
 435 7303     1839 1988            .54  .41  .60  .61 
 436 7304     1852 1988                 .50  .60  .53 
 437 7305     1806 1988       .50  .66  .68  .69  .67 
 438 7306     1808 1988       .71  .76  .66  .44  .45 
 439 7401     1891 1988                      .45  .58 
 440 7402     1869 1988                 .15B .31A .69 
 441 7403     1880 1988                      .30A .35 
 442 7404     1869 1988                 .12B .27B .62 
 443 7405     1873 1988                 .20B .26A .66 
 444 7406     1915 1988                           .42 
 445 7501     1892 1988                      .32A .49 
 446 7502     1794 1988  .77  .75  .57  .58  .47  .27A
 447 7503     1784 1988  .77  .70  .48  .42  .39  .51 
 448 7504     1747 1988  .69  .60  .54  .48  .43  .44 
 449 7505     1747 1988  .67  .70  .55  .40  .44  .54 
 450 7506     1747 1988  .71  .47  .35  .40  .52  .72 
 451 7601     1911 1988                           .62 
 453 7603     1910 1988                           .41 
 454 7604     1913 1988                           .48 
 455 7605     1915 1988                           .50 
 456 7606     1906 1988                           .48 
 457 7701     1874 1988                 .36  .43  .47 
 458 7702     1882 1988                      .54  .42 
 459 7703     1883 1988                      .49  .48 
 460 7704     1877 1988                      .57  .58 
 461 7705     1874 1988                 .28A .35  .31A
 462 7706     1844 1988            .29A .45  .49  .37 
 463 7801     1920 1988                           .63 
 464 7802     1924 1988                           .41 
 466 7804     1903 1988                           .41 
 467 7805     1919 1988                           .52 
 468 7806     1918 1988                           .56 
 469 7901     1882 1988                      .13B .01B
 470 7902     1852 1988                 .65  .58  .50 
 471 7903     1895 1988                      .67  .61 
 472 7904     1857 1988                 .49  .64  .75 
 473 7905     1892 1988                      .44  .70 
 474 7906     1838 1988            .04B .05B .21B-.09B
 475 8001     1831 1988            .37  .31A .39  .63 
 476 8002     1838 1988            .28A .25A .54  .59 
 477 8003     1899 1988                      .17B .46 
 478 8004     1879 1988                      .57  .65 
 479 8005     1880 1988                      .52  .68 
 480 8006     1897 1988                      .34  .68 
 481 8101     1784 1988  .33  .37  .53  .43  .37  .53 
 482 8102     1814 1988       .51  .33  .48  .67  .75 
 483 8103     1818 1988       .41  .34  .40  .44  .52 
 484 8104     1812 1988       .54  .52  .47  .56  .66 
 485 8105     1799 1988  .37  .54  .47  .49  .55  .55 
 486 8106     1831 1988            .12B .18B .40  .58 
 487 8201     1903 1988                           .69 
 488 8202     1880 1988                      .50  .61 
 489 8203     1899 1988                      .37  .47 
 490 8204     1917 1988                           .64 
 491 8205     1880 1988                      .44  .33A
 492 8206     1898 1988                           .65 
 493 8301     1918 1988                           .50 
 494 8302     1923 1988                           .46 
 495 8303     1917 1988                           .60 
 498 8306     1898 1988                      .34  .58 
 499 8401     1831 1988            .49  .46  .61  .59 
 500 8402     1845 1988            .22B .25B .31A .52 
 501 8403     1834 1988            .41  .32A .50  .81 
 502 8404     1870 1988                 .30A .44  .61 
 503 8405     1852 1988                 .49  .34  .41 
 504 8406     1823 1988            .58  .35  .46  .51 
 511 8601     1841 1988            .32A .64  .82  .71 
 512 8602     1857 1988                 .65  .75  .58 
 513 8603     1882 1988                      .05B-.11B
 514 8604     1873 1988                 .25A .58  .69 
 515 8605     1857 1988                 .59  .62  .60 
 516 8606     1780 1988  .35  .18B .02B .69  .72  .78 
 517 8701     1897 1988                      .60  .44 
 519 8703     1918 1988                           .70 
 520 8704     1914 1988                           .66 
 521 8705     1883 1988                      .47  .56 
 522 8706     1860 1988                 .71  .51  .35 
 523 10101    1847 1988            .56  .51  .59  .71 
 524 10102    1873 1988                 .48  .39B .60 
 525 10103    1901 1988                           .70 
 526 10104    1892 1988                      .48  .73 
 527 10105    1898 1988                      .37  .71 
 528 10106    1905 1988                           .72 
 542 10402    1921 1988                           .22A
 547 10501    1912 1988                           .55 
 548 10502    1903 1988                           .62 
 549 10503    1909 1988                           .64 
 550 10504    1900 1988                      .46  .56 
 551 10505    1922 1988                           .47 
 560 10702    1923 1988                           .43 
 564 10706    1902 1988                           .66 
 565 10801    1858 1988                 .59  .43  .35 
 566 10802    1868 1988                 .67  .62  .66 
 567 10803    1866 1988                 .53  .58  .61 
 568 10804    1872 1988                 .77  .68  .63 
 569 10805    1867 1988                 .76  .70  .34 
 570 10806    1868 1988                 .65  .64  .55 
 571 10901    1851 1988                 .39  .63  .70 
 572 10902    1852 1988                 .67  .76  .79 
 573 10903    1898 1988                      .42  .56 
 574 10904    1898 1988                      .51  .75 
 575 10905    1899 1988                           .78 
 576 10906    1897 1988                      .61  .69 
 577 11001    1912 1988                           .79 
 578 11002    1912 1988                           .74 
 579 11003    1898 1988                      .37  .47 
 580 11004    1898 1988                      .52  .61 
 581 11005    1904 1988                           .51 
 582 11006    1902 1988                           .66 
 589 11201    1905 1988                           .60 
 590 11202    1880 1988                      .42  .58 
 591 11203    1873 1988                 .39  .62  .56 
 592 11204    1874 1988                      .68  .60 
 593 11205    1876 1988                      .65  .48 
 594 11206    1866 1988                 .54  .69  .66 
 595 11301    1870 1988                 .57  .67  .61 
 596 11302    1855 1988                 .66  .69  .73 
 597 11303    1873 1988                 .57  .69  .09B
 598 11304    1866 1988                 .38  .52  .60 
 599 11305    1844 1988            .49  .51  .73  .71 
 600 11306    1875 1988                      .72  .59 
 607 11501    1918 1988                           .54 
 608 11502    1919 1988                           .53 
 609 11503    1917 1988                           .52 
 610 11504    1921 1988                           .26B
 611 11505    1921 1988                           .36 
 612 11506    1914 1988                           .52 
 625 11801    1891 1988                      .73  .62 
 626 11802    1880 1988                      .77  .65 
 627 11803    1879 1988                      .64  .68 
 628 11804    1872 1988                 .32A .44  .47 
 629 11805    1854 1988                 .50  .52  .70 
 630 11806    1850 1988                 .69  .66  .54 
 631 11901    1923 1988                           .47 
 632 11902    1922 1988                           .46 
 634 11904    1913 1988                           .44 
 635 11905    1902 1988                           .56 
 636 11906    1911 1988                           .37 
 637 12001    1907 1988                           .67 
 638 12002    1912 1988                           .60 
 639 12003    1910 1988                           .74 
 641 12005    1908 1988                           .49 
 642 12006    1917 1988                           .76 
 644 12102    1914 1988                           .33A
 646 12104    1917 1988                           .41 
 649 12201    1916 1988                           .70 
 650 12202    1895 1988                      .18B .59 
 651 12203    1917 1988                           .54 
 652 12204    1900 1988                           .81 
 653 12205    1916 1988                           .71 
 654 12206    1913 1988                           .69 
 655 12301    1916 1988                           .57 
 656 12302    1923 1988                           .54 
 658 12304    1905 1988                           .57 
 660 12306    1917 1988                           .58 
 661 12401    1922 1988                           .40 
 662 12402    1916 1988                           .65 
 663 12403    1918 1988                           .53 
 664 12404    1921 1988                           .46 
 665 12405    1920 1988                           .52 
 666 12406    1916 1988                           .51 
 667 12501    1836 1988            .56  .66  .66  .45 
 668 12502    1857 1988                 .68  .67  .62 
 669 12503    1872 1988                 .50  .60  .67 
 670 12504    1829 1988            .67  .51  .54  .66 
 671 12505    1809 1988       .72  .66  .51  .73  .73 
 672 12506    1843 1988            .31A .75  .64  .59 
 673 12601    1889 1988                      .58  .53 
 674 12602    1881 1988                      .36  .48 
 675 12603    1899 1988                      .65  .57 
 676 12604    1907 1988                           .52 
 677 12605    1906 1988                           .55 
 678 12606    1901 1988                           .59 
 679 12701    1870 1988                 .62  .31A .31A
 680 12702    1871 1988                 .66  .58  .38 
 681 12703    1875 1988                      .57  .52 
 682 12704    1867 1988                 .54  .42  .43 
 683 12705    1870 1988                 .74  .47  .42 
 684 12706    1885 1988                      .36  .42 
 685 12801    1916 1988                           .63 
 686 12802    1900 1988                           .55 
 687 12803    1907 1988                           .71 
 688 12804    1901 1988                           .67 
 689 12805    1901 1988                           .58 
 690 12806    1913 1988                           .56 
 691 12901    1862 1988                 .49  .60  .53 
 692 12902    1872 1988                 .71  .68  .63 
 693 12903    1866 1988                 .65  .59  .55 
 694 12904    1865 1988                 .58  .53  .47 
 695 12905    1866 1988                 .52  .58  .60 
 696 12906    1858 1988                 .74  .63  .55 
 697 13001    1903 1988                           .53 
 698 13002    1895 1988                      .26A .32A
 699 13003    1872 1988                 .28A .32B .54 
 700 13004    1908 1988                           .63 
 702 13006    1902 1988                           .40 
 703 13101    1896 1988                      .67  .55 
 704 13102    1888 1988                      .64  .69 
 705 13103    1897 1988                      .46  .58 
 706 13104    1879 1988                      .44  .64 
 707 13105    1899 1988                      .55  .50 
 708 13106    1891 1988                      .64  .59 
 709 13201    1908 1988                           .72 
 710 13202    1905 1988                           .61 
 711 13203    1906 1988                           .57 
 712 13204    1908 1988                           .72 
 713 13205    1913 1988                           .65 
 714 13206    1908 1988                           .56 
 716 13302    1920 1988                           .71 
 718 13304    1915 1988                           .45 
 719 13305    1921 1988                           .44 
 720 13306    1871 1988                 .21B .53  .68 
 721 13401    1882 1988                      .60  .81 
 722 13402    1914 1988                           .60 
 723 13403    1868 1988                 .23B .49  .56 
 724 13404    1913 1988                           .63 
 725 13405    1872 1988                 .26A .10B .37 
 726 13406    1886 1988                      .26A .59 
 727 13501    1912 1988                           .47 
 728 13502    1910 1988                           .12B
 729 13503    1912 1988                           .57 
 730 13504    1919 1988                           .67 
 731 13505    1915 1988                           .68 
 732 13506    1910 1988                           .50 
 733 13601    1876 1988                      .65  .50 
 734 13602    1894 1988                      .44  .46 
 735 13603    1839 1988            .36  .39  .68  .64 
 736 13604    1832 1988            .48  .64  .64  .52 
 737 13605    1878 1988                      .63  .65 
 738 13606    1849 1988                 .71  .58  .55 
 739 13701    1906 1988                           .60 
 740 13702    1908 1988                           .47 
 741 13703    1921 1988                           .56 
 742 13704    1908 1988                           .59 
 743 13705    1909 1988                           .61 
 744 13706    1914 1988                           .63 
 745 13801    1904 1988                           .56 
 746 13802    1913 1988                           .73 
 747 13803    1898 1988                      .62  .58 
 748 13804    1909 1988                           .68 
 749 13805    1911 1988                           .61 
 750 13806    1908 1988                           .67 
 757 14001    1909 1988                           .68 
 758 14002    1896 1988                      .45  .52 
 759 14003    1893 1988                      .44  .52 
 760 14004    1886 1988                      .19B .54 
 761 14005    1851 1988                 .53  .35B .38 
 762 14006    1843 1988            .60  .51  .50  .66 
 763 14101    1913 1988                           .77 
 764 14102    1905 1988                           .63 
 765 14103    1906 1988                           .59 
 766 14104    1907 1988                           .63 
 767 14105    1914 1988                           .60 
 768 14106    1904 1988                           .63 
 770 14202    1900 1988                           .66 
 772 14204    1904 1988                           .66 
 773 14205    1922 1988                           .66 
 774 14206    1903 1988                           .73 
 775 14301    1890 1988                      .67  .54 
 776 14302    1885 1988                      .71  .48 
 777 14303    1883 1988                      .43  .34 
 779 14305    1886 1988                      .46  .55 
 780 14306    1906 1988                           .38 
 781 14401    1903 1988                           .50 
 782 14402    1914 1988                           .53 
 783 14403    1913 1988                           .69 
 784 14404    1923 1988                           .46 
 785 14405    1904 1988                           .15B
 786 14406    1912 1988                           .65 
 787 14501    1898 1988                      .38  .46 
 788 14502    1903 1988                           .55 
 789 14503    1906 1988                           .57 
 790 14504    1901 1988                           .57 
 791 14505    1894 1988                      .61  .70 
 792 14506    1901 1988                           .59 
 793 14601    1882 1988                      .71  .52 
 794 14602    1881 1988                      .57  .73 
 795 14603    1887 1988                      .49  .26A
 796 14604    1888 1988                      .71  .73 
 797 14605    1889 1988                      .63  .60 
 798 14606    1889 1988                      .56  .55 
 799 14701    1906 1988                           .54 
 800 14702    1914 1988                           .65 
 801 14703    1893 1988                      .23A .52 
 802 14704    1900 1988                           .55 
 803 14705    1908 1988                           .47 
 804 14706    1889 1988                      .45  .56 
 805 14801    1887 1988                      .57  .58 
 806 14802    1893 1988                      .47  .54 
 807 14803    1880 1988                      .53  .61 
 808 14804    1900 1988                           .66 
 809 14805    1897 1988                      .17B .28B
 810 14806    1886 1988                      .63  .67 
 811 14901    1924 1988                           .61 
 812 14902    1918 1988                           .76 
 813 14903    1924 1988                           .69 
 814 14904    1920 1988                           .70 
 815 14905    1921 1988                           .58 
 816 14906    1917 1988                           .74 
 817 15001    1918 1988                           .35 
 818 15002    1916 1988                           .30B
 820 15004    1916 1988                           .35 
 821 15005    1917 1988                           .34 
 822 15006    1919 1988                           .51 
 823 15101    1909 1988                           .68 
 824 15102    1900 1988                           .61 
 825 15103    1903 1988                           .70 
 826 15104    1902 1988                           .64 
 827 15105    1904 1988                           .67 
 828 15106    1905 1988                           .68 
 841 15401    1851 1988                 .64  .66  .60 
 842 15402    1846 1988            .51  .61  .75  .64 
 843 15403    1838 1988            .58  .73  .64  .70 
 844 15404    1833 1988            .67  .75  .64  .67 
 845 15405    1845 1988            .48  .63  .50  .49 
 846 15406    1843 1988            .30B .52  .60  .56 
 850 15504    1919 1988                           .41 
 853 15601    1892 1988                      .57  .48 
 854 15602    1877 1988                      .60  .70 
 855 15603    1875 1988                      .52  .52 
 856 15604    1879 1988                      .58  .66 
 857 15605    1892 1988                      .54  .57 
 858 15606    1904 1988                           .54 
 859 15701    1916 1988                           .49 
 861 15703    1909 1988                           .66 
 862 15704    1912 1988                           .62 
 863 15705    1918 1988                           .72 
 864 15706    1916 1988                           .65 
 865 15801    1901 1988                           .46 
 866 15802    1900 1988                           .56 
 867 15803    1900 1988                           .45 
 868 15804    1902 1988                           .68 
 869 15805    1897 1988                      .44  .45 
 870 15806    1912 1988                           .50 
 871 15901    1908 1988                           .55 
 872 15902    1905 1988                           .54 
 873 15903    1912 1988                           .64 
 874 15904    1914 1988                           .66 
 875 15905    1913 1988                           .59 
 876 15906    1904 1988                           .48 
 877 16001    1914 1988                           .82 
 878 16002    1910 1988                           .64 
 879 16003    1911 1988                           .58 
 880 16004    1908 1988                           .71 
 881 16005    1916 1988                           .73 
 882 16006    1914 1988                           .74 
 883 16101    1893 1988                      .44  .55 
 884 16102    1899 1988                      .70  .60 
 885 16103    1885 1988                      .54  .59 
 886 16104    1887 1988                      .39  .46 
 887 16105    1892 1988                      .62  .64 
 888 16106    1895 1988                      .63  .74 
 889 16201    1898 1988                      .46  .55 
 890 16202    1900 1988                           .58 
 891 16203    1899 1988                      .70  .80 
 892 16204    1877 1988                      .55  .77 
 893 16205    1888 1988                      .59  .47 
 894 16206    1893 1988                      .69  .76 
 895 16301    1897 1988                      .61  .66 
 896 16302    1891 1988                      .64  .51 
 897 16303    1891 1988                      .53  .66 
 898 16304    1886 1988                      .67  .53 
 899 16305    1906 1988                           .75 
 900 16306    1892 1988                      .60  .67 
 901 16401    1915 1988                           .66 
 902 16402    1910 1988                           .64 
 903 16403    1906 1988                           .71 
 904 16404    1922 1988                           .59 
 905 16405    1920 1988                           .77 
 906 16406    1915 1988                           .61 
 907 16501    1901 1988                           .72 
 908 16502    1908 1988                           .47 
 909 16503    1904 1988                           .36 
 910 16504    1914 1988                           .67 
 911 16505    1922 1988                           .56 
 912 16506    1921 1988                           .48 
 913 16601    1898 1988                      .64  .59 
 914 16602    1895 1988                      .57  .58 
 915 16603    1907 1988                           .65 
 916 16604    1910 1988                           .47 
 917 16605    1916 1988                           .38 
 918 16606    1900 1988                           .61 
 921 16703    1918 1988                           .71 
 925 16801    1898 1988                      .38  .55 
 926 16802    1910 1988                           .43 
 927 16803    1906 1988                           .52 
 928 16804    1900 1988                           .55 
 929 16805    1915 1988                           .39 
 930 16806    1924 1988                           .39B
 931 16901    1887 1988                      .52  .59 
 932 16902    1891 1988                      .24A .50 
 933 16903    1893 1988                      .53  .55 
 934 16904    1890 1988                      .42  .53 
 935 16905    1890 1988                      .70  .56 
 936 16906    1898 1988                      .45  .59 
 937 17001    1915 1988                           .52 
 938 17002    1914 1988                           .29A
 942 17006    1922 1988                           .45 
 943 17101    1897 1988                      .47  .53 
 944 17102    1907 1988                           .34 
 945 17103    1904 1988                           .61 
 946 17104    1915 1988                           .51 
 947 17105    1905 1988                           .41 
 948 17106    1894 1988                      .53  .55 
 949 17201    1881 1988                      .68  .59 
 950 17202    1881 1988                      .56  .61 
 951 17203    1878 1988                      .57  .55 
 952 17204    1886 1988                      .65  .66 
 953 17205    1845 1988            .25A .47  .50  .40 
 954 17206    1885 1988                      .76  .73 
 955 17301    1915 1988                           .45 
 956 17302    1900 1988                           .57 
 958 17304    1893 1988                      .50  .42 
 960 17306    1923 1988                           .66 
 961 17401    1917 1988                           .50 
 962 17402    1906 1988                           .44 
 963 17403    1915 1988                           .59 
 964 17404    1913 1988                           .44 
 965 17405    1914 1988                           .38 
 966 17406    1913 1988                           .50 
 967 17501    1889 1988                      .49  .61 
 968 17502    1859 1988                 .54  .74  .80 
 969 17503    1886 1988                      .80  .82 
 970 17504    1884 1988                      .58  .69 
 971 17505    1879 1988                      .39  .54 
 972 17506    1856 1988                 .42  .60  .80 
 973 17601    1871 1988                 .52  .66  .73 
 974 17602    1854 1988                 .32A .64  .59 
 975 17603    1846 1988            .59  .49  .65  .53 
 976 17604    1863 1988                 .44  .63  .50 
 977 17605    1853 1988                 .24B .41B .45 
 978 17606    1844 1988            .44  .45  .70  .72 
 979 17701    1906 1988                           .70 
 980 17702    1912 1988                           .77 
 981 17703    1914 1988                           .66 
 982 17704    1920 1988                           .60 
 983 17705    1905 1988                           .61 
 984 17706    1913 1988                           .66 
 985 17801    1892 1988                      .32A .41 
 986 17802    1890 1988                      .33  .35 
 987 17803    1895 1988                      .55  .39 
 988 17804    1889 1988                      .29A .38 
 989 17805    1896 1988                      .39  .29A
 990 17806    1890 1988                      .39  .37 
 991 17901    1885 1988                      .55  .61 
 992 17902    1878 1988                      .64  .72 
 993 17903    1874 1988                 .71  .56  .26B
 994 17904    1881 1988                      .51  .52 
 995 17905    1872 1988                 .70  .59  .53 
 996 17906    1865 1988                 .75  .58  .65 
 997 18001    1910 1988                           .73 
 998 18002    1902 1988                           .49 
 999 18003    1899 1988                           .69 
1000 18004    1896 1988                      .67  .73 
1001 18005    1889 1988                      .63  .73 
1002 18006    1888 1988                      .60  .57 
1003 18101    1873 1988                 .55  .61  .55 
1004 18102    1880 1988                      .59  .41 
1005 18103    1890 1988                      .58  .58 
1006 18104    1895 1988                      .38  .69 
1007 18105    1877 1988                      .49  .44 
1008 18106    1893 1988                      .54  .68 
1015 18301    1838 1988            .38  .24A .57  .48 
1016 18302    1833 1988            .49  .34  .29B .45 
1017 18303    1849 1988            .38  .62  .55  .69 
1018 18304    1838 1988            .68  .56  .56  .64 
1019 18305    1857 1988                 .65  .60  .64 
1020 18306    1829 1988            .69  .51  .65  .67 
1021 18401    1910 1988                           .47 
1022 18402    1908 1988                           .55 
1023 18403    1908 1988                           .52 
1024 18404    1914 1988                           .73 
1025 18405    1920 1988                           .64 
1026 18406    1921 1988                           .42 
1027 18501    1914 1988                           .41 
1028 18502    1924 1988                           .50 
1029 18503    1917 1988                           .48 
1030 18504    1916 1988                           .33 
1031 18505    1911 1988                           .53 
1032 18506    1911 1988                           .54 
1033 18601    1827 1988            .06B .14B .08B .24B
1034 18602    1776 1988  .10B .12B .19B .13B .16B .33A
1035 18603    1785 1988  .36  .25A .27A .30A .15B .26A
1036 18604    1809 1988       .44  .32A .39  .25A .36 
1037 18605    1749 1988  .32A .48  .26A .16B .33  .39 
1038 18606    1749 1988  .51  .45  .17B .09B .32A .38 
1039 18701    1888 1988                      .42  .53 
1040 18702    1878 1988                      .53  .67 
1041 18703    1842 1988            .53  .31A .41  .58 
1042 18704    1917 1988                           .35 
1043 18705    1879 1988                      .39  .53 
1044 18706    1855 1988                 .30A .36  .54 
1045 18801    1905 1988                           .73 
1046 18802    1906 1988                           .62 
1047 18803    1907 1988                           .68 
1048 18804    1908 1988                           .71 
1049 18805    1882 1988                      .41  .58 
1050 18806    1855 1988                 .38  .57  .59 
1063 19101    1919 1988                           .62 
1064 19102    1892 1988                      .29A .70 
1065 19103    1902 1988                           .51 
1067 19105    1864 1988                 .26B .43  .57 
1068 19106    1775 1988  .27A .21B .31A .28A .25A .32B
1069 19201    1861 1988                 .37B .42  .58 
1070 19202    1891 1988                      .35  .55 
1071 19203    1899 1988                      .54  .68 
1072 19204    1877 1988                      .60  .55 
1073 19205    1865 1988                -.10B .04B .36 
1074 19206    1909 1988                           .65 
1075 19301    1920 1988                           .52 
1076 19302    1921 1988                           .41 
1077 19303    1920 1988                           .37 
1078 19304    1916 1988                           .47 
1079 19305    1918 1988                           .60 
1080 19306    1899 1988                      .53  .60 
1081 19401    1850 1988                 .30B .51  .56 
1082 19402    1847 1988            .52  .49  .60  .46 
1083 19403    1817 1988       .73  .58  .53  .58  .58 
1084 19404    1810 1988      -.19B-.10B .52  .57  .43 
1085 19405    1803 1988       .60  .56  .68  .61  .62 
1086 19406    1799 1988       .61  .43  .49  .54  .38 
1087 19501    1918 1988                           .34 
1088 19502    1918 1988                           .31A
1089 19503    1919 1988                           .36 
1090 19504    1916 1988                           .30A
1091 19505    1899 1988                      .35  .56 
1092 19506    1914 1988                           .33 
1093 19601    1867 1988                 .56  .54  .52 
1094 19602    1859 1988                 .59  .50  .30A
1095 19603    1835 1988            .45  .54  .40  .47 
1096 19604    1845 1988            .28A .42  .58  .59 
1097 19605    1851 1988                 .44  .45  .53 
1098 19606    1833 1988            .31A .45  .57  .35 
1099 19701    1874 1988                      .38  .50 
1100 19702    1878 1988                      .76  .63 
1101 19703    1873 1988                 .50  .59  .49 
1102 19704    1876 1988                      .44  .49 
1103 19705    1880 1988                      .65  .53 
1104 19706    1877 1988                      .73  .67 
1105 19801    1859 1988                 .57  .50  .30B
1106 19802    1885 1988                      .54  .61 
1107 19803    1888 1988                      .73  .38 
1108 19804    1877 1988                      .74  .46 
1109 19805    1881 1988                      .47  .54 
1110 19806    1873 1988                 .43  .64  .76 
1117 20001    1910 1988                           .58 
1118 20002    1918 1988                           .60 
1119 20003    1908 1988                           .56 
1120 20004    1904 1988                           .72 
1121 20005    1901 1988                           .69 
1122 20006    1902 1988                           .49 
1123 20101    1814 1988       .21B .63  .42  .66  .80 
1124 20102    1797 1988  .67  .65  .37  .21B .50  .47 
1125 20103    1765 1988  .54  .54  .58  .38  .38  .64 
1126 20104    1849 1988            .41  .28A .44  .61 
1127 20105    1755 1988  .05B .14B .08B-.07B .30B .68 
1128 20106    1865 1988                -.04B .18B .44 
1129 20201    1829 1988            .79  .58  .53  .52 
1130 20202    1845 1988            .63  .34  .34  .22A
1131 20203    1765 1988  .39  .59  .60  .36  .39  .49 
1132 20204    1853 1988                 .14B .21B .60 
1133 20205    1855 1988                 .51  .59  .62 
1134 20206    1844 1988            .61  .54  .54  .49 
1141 20401    1826 1988            .45  .57  .54  .52 
1142 20402    1778 1988  .65  .68  .36B .24B .58  .55 
1143 20403    1860 1988                 .22B .47  .62 
1144 20404    1802 1988       .66  .45  .27B .51  .45 
1145 20405    1796 1988  .77  .84  .62  .36  .43  .60 
1146 20406    1789 1988  .54  .67  .59  .47  .50  .50 
1150 20504    1888 1988                      .56  .68 
1151 20505    1908 1988                           .48 
1152 20506    1903 1988                           .52 
1153 20601    1852 1988                 .64  .68  .61 
1154 20602    1844 1988            .55  .66  .75  .61 
1155 20603    1841 1988            .60  .46  .30A .44 
1156 20604    1855 1988                 .72  .70  .64 
1157 20605    1832 1988            .43  .60  .56  .44 
1158 20606    1840 1988            .73  .75  .60  .58 
1159 20701    1910 1988                           .70 
1160 20702    1902 1988                           .67 
1162 20704    1887 1988                      .34B .63 
1163 20705    1924 1988                           .24A
1164 20706    1878 1988                      .61  .69 
1165 20801    1862 1988                 .16B .41B .45 
1166 20802    1882 1988                      .55  .59 
1167 20803    1870 1988                 .48  .58  .47 
1168 20804    1856 1988                 .54  .55  .39 
1169 20805    1854 1988                 .59  .52  .58 
1170 20806    1874 1988                 .39  .56  .58 
1171 20901    1909 1988                           .56 
1172 20902    1882 1988                      .68  .53 
1173 20903    1883 1988                      .58  .55 
1174 20904    1874 1988                 .57  .66  .62 
1175 20905    1859 1988                 .09B .28A .41 
1176 20906    1909 1988                           .37 
1177 21001    1912 1988                           .61 
1178 21002    1917 1988                           .47 
1180 21004    1919 1988                           .51 
1181 21005    1922 1988                           .56 
1182 21006    1908 1988                           .55 
1183 21101    1900 1988                           .70 
1184 21102    1901 1988                           .45 
1185 21103    1920 1988                           .63 
1186 21104    1911 1988                           .53 
1187 21105    1916 1988                           .67 
1188 21106    1886 1988                      .53  .65 
1189 21201    1906 1988                           .44 
1191 21203    1914 1988                           .60 
1192 21204    1907 1988                           .56 
1193 21205    1913 1988                           .71 
1194 21206    1915 1988                           .49 
1201 21401    1885 1988                      .26A .64 
1202 21402    1791 1988 -.00B .17B .60  .62  .60  .50 
1203 21403    1866 1988                 .59  .70  .69 
1204 21404    1913 1988                           .67 
1205 21405    1797 1988  .47  .53  .57  .51  .52  .52 
1206 21406    1913 1988                           .56 
1207 21501    1885 1988                      .63  .60 
1208 21502    1871 1988                 .56  .54  .56 
1209 21503    1875 1988                      .64  .54 
1210 21504    1880 1988                      .69  .68 
1211 21505    1864 1988                 .22B .27B .32A
1212 21506    1871 1988                 .49  .53  .39 
1213 21601    1880 1988                      .40  .57 
1214 21602    1838 1988            .51  .40  .46  .51 
1215 21603    1894 1988                      .41  .71 
1216 21604    1871 1988                 .49  .66  .80 
1217 21605    1880 1988                      .44  .67 
1218 21606    1854 1988                 .72  .66  .45 
1225 21801    1870 1988                 .32A .55  .65 
1226 21802    1867 1988                 .49  .44  .45 
1227 21803    1848 1988            .55  .51  .43  .31A
1228 21804    1887 1988                      .68  .61 
1229 21805    1883 1988                      .60  .60 
1230 21806    1857 1988                 .47  .49  .55 
1231 21901    1845 1988            .35  .35  .59  .61 
1232 21902    1845 1988            .66  .64  .49  .58 
1233 21903    1833 1988            .46  .35  .53  .54 
1234 21904    1897 1988                      .73  .63 
1235 21905    1899 1988                      .49  .54 
1236 21906    1898 1988                      .49  .65 
1237 22001    1915 1988                           .35 
1238 22002    1905 1988                           .57 
1239 22003    1914 1988                           .44 
1240 22004    1906 1988                           .36 
1242 22006    1887 1988                      .56  .56 
1243 22101    1897 1988                      .58  .70 
1244 22102    1883 1988                      .60  .62 
1245 22103    1886 1988                      .53  .52 
1246 22104    1872 1988                 .73  .58  .58 
1247 22105    1878 1988                      .53  .64 
1248 22106    1903 1988                           .50 
 Av segment correlation  .47  .48  .44  .45  .51  .57 

 FLAGGED SEGMENTS: fran10
-----------------------------------------------------------------------------------------------------------------------------------
 Seq Series   Segment    Flag  r dated  Best lag  r at lag   Gain  Note
 --- -------- ---------  ----  -------  --------  --------  -----  -----------------
  11 205      1875 1924     A     .303         0
  19 401      1925 1974     B     .250         9      .340   .090
  37 701      1900 1949     B     .176         8      .206   .031  weak at every lag
  37 701      1925 1974     B     .293        -9      .295   .002  weak at every lag
  45 803      1875 1924     A     .296         0
  48 806      1900 1949     B     .107        -1      .279   .172  weak at every lag
  50 902      1925 1974     B     .284        -8      .290   .006  weak at every lag
  67 1201     1900 1949     A     .300         0
  76 1304     1900 1949     B     .099         7      .132   .033  weak at every lag
  80 1402     1875 1924     A     .267         0
  81 1403     1875 1924     B     .256         9      .272   .017  weak at every lag
  82 1404     1875 1924     B     .106         8      .261   .155  weak at every lag
  82 1404     1900 1949     B     .266         9      .308   .042  weak at every lag
  85 1501     1875 1924     B     .122         5      .337   .215
  85 1501     1900 1949     A     .285         0
  87 1503     1875 1924     A     .327         0
  89 1505     1900 1949     B     .156         2      .191   .035  weak at every lag
  91 1601     1850 1899     B    -.026        -8      .198   .224  weak at every lag
  91 1601     1875 1924     B     .136         5      .369   .233
  97 1701     1900 1949     B     .187        -6      .373   .186
 123 2103     1875 1924     B    -.142        -5      .448   .589
 123 2103     1900 1949     B     .010        -5      .472   .462
 123 2103     1925 1974     B     .199        -6      .340   .141
 131 2205     1925 1974     B     .273        -8      .281   .009  weak at every lag
 136 2304     1875 1924     A     .256         0
 139 2401     1875 1924     B     .169         5      .237   .067  weak at every lag
 139 2401     1900 1949     A     .287         0
 143 2405     1875 1924     B     .281        -5      .424   .143
 144 2406     1850 1899     B     .412       -10      .418   .007
 144 2406     1875 1924     B     .260        -4      .330   .071
 144 2406     1900 1949     A     .198         0
 154 2604     1875 1924     B     .087        -5      .390   .303
 163 2801     1900 1949     A     .247         0
 207 3503     1900 1949     B     .266         4      .356   .090
 240 4006     1925 1974     A     .295         0
 291 4903     1875 1924     B     .250        -6      .276   .026  weak at every lag
 303 5103     1875 1924     B     .091         5      .457   .367
 311 5205     1900 1949     A     .244         0
 327 5503     1875 1924     B     .076       -10      .741   .665
 327 5503     1900 1949     B    -.076       -10      .653   .729
 327 5503     1925 1974     B    -.144       -10      .681   .824
 331 5601     1850 1899     B     .140         5      .311   .171  weak at every lag
 331 5601     1875 1924     A     .289         0
 331 5601     1900 1949     A     .283         0
 331 5601     1925 1974     B     .259        -6      .271   .012  weak at every lag
 335 5605     1850 1899     B     .072         6      .261   .189  weak at every lag
 336 5606     1850 1899     B    -.063        -7      .383   .446
 336 5606     1875 1924     B    -.001        -9      .330   .331
 341 5705     1925 1974     A     .285         0
 356 6002     1900 1949     B    -.153        -8      .474   .627
 356 6002     1925 1974     B     .070        -8      .505   .435
 363 6103     1850 1899     B     .068         9      .214   .145  weak at every lag
 363 6103     1875 1924     B     .246        -2      .267   .021  weak at every lag
 365 6105     1900 1949     A     .305         0
 366 6106     1825 1874     B     .162        -3      .595   .433
 366 6106     1850 1899     B     .183        -3      .602   .420
 366 6106     1875 1924     B     .238        -1      .284   .046  weak at every lag
 368 6202     1850 1899     B    -.022        10      .637   .659
 368 6202     1875 1924     B     .104        10      .434   .329
 371 6205     1900 1949     B     .348        -7      .379   .031
 379 6401     1900 1949     B     .278        -2      .327   .049  weak at every lag
 383 6405     1900 1949     A     .292         0
 409 6901     1900 1949     A     .278         0
 410 6902     1900 1949     A     .260         0
 430 7204     1925 1974     B     .283        -4      .329   .046
 440 7402     1875 1924     B     .149        -2      .166   .017  weak at every lag
 440 7402     1900 1949     A     .310         0
 441 7403     1900 1949     A     .299         0
 442 7404     1875 1924     B     .119         5      .156   .038  weak at every lag
 442 7404     1900 1949     B     .273         7      .429   .156
 443 7405     1875 1924     B     .205        -5      .229   .025  weak at every lag
 443 7405     1900 1949     A     .265         0
 445 7501     1900 1949     A     .316         0
 446 7502     1925 1974     A     .272         0
 461 7705     1875 1924     A     .284         0
 461 7705     1925 1974     A     .311         0
 462 7706     1850 1899     A     .287         0
 469 7901     1900 1949     B     .129        -4      .525   .396
 469 7901     1925 1974     B     .012        -4      .675   .663
 474 7906     1850 1899     B     .036        -2      .515   .479
 474 7906     1875 1924     B     .050        -2      .561   .511
 474 7906     1900 1949     B     .210        -2      .567   .357
 474 7906     1925 1974     B    -.094        -2      .406   .500
 475 8001     1875 1924     A     .310         0
 476 8002     1850 1899     A     .283         0
 476 8002     1875 1924     A     .246         0
 477 8003     1900 1949     B     .170         9      .310   .140  weak at every lag
 486 8106     1850 1899     B     .118        -8      .295   .177  weak at every lag
 486 8106     1875 1924     B     .184        -2      .246   .062  weak at every lag
 491 8205     1925 1974     A     .328         0
 500 8402     1850 1899     B     .224        -8      .317   .093  weak at every lag
 500 8402     1875 1924     B     .245        -8      .336   .091
 500 8402     1900 1949     A     .312         0
 501 8403     1875 1924     A     .316         0
 502 8404     1875 1924     A     .302         0
 511 8601     1850 1899     A     .322         0
 513 8603     1900 1949     B     .047         1      .645   .598
 513 8603     1925 1974     B    -.109         1      .628   .737
 514 8604     1875 1924     A     .253         0
 516 8606     1825 1874     B     .176         4      .186   .010  weak at every lag
 516 8606     1850 1899     B     .017         1      .272   .255  weak at every lag
 524 10102    1900 1949     B     .388        -5      .397   .009
 542 10402    1925 1974     A     .221         0
 597 11303    1925 1974     B     .093        -5      .261   .168  weak at every lag
 610 11504    1925 1974     B     .264        -1      .452   .188
 628 11804    1875 1924     A     .317         0
 644 12102    1925 1974     A     .327         0
 650 12202    1900 1949     B     .178         7      .261   .083  weak at every lag
 672 12506    1850 1899     A     .314         0
 679 12701    1900 1949     A     .314         0
 679 12701    1925 1974     A     .307         0
 698 13002    1900 1949     A     .264         0
 698 13002    1925 1974     A     .324         0
 699 13003    1875 1924     A     .275         0
 699 13003    1900 1949     B     .324         7      .339   .015
 720 13306    1875 1924     B     .214        -2      .334   .119
 723 13403    1875 1924     B     .232         6      .281   .048  weak at every lag
 725 13405    1875 1924     A     .264         0
 725 13405    1900 1949     B     .101        -5      .489   .389
 726 13406    1900 1949     A     .258         0
 728 13502    1925 1974     B     .123        -8      .625   .502
 760 14004    1900 1949     B     .195         4      .315   .120  weak at every lag
 761 14005    1900 1949     B     .352         4      .425   .073
 785 14405    1925 1974     B     .149         5      .216   .068  weak at every lag
 795 14603    1925 1974     A     .263         0
 801 14703    1900 1949     A     .229         0
 809 14805    1900 1949     B     .167        10      .242   .075  weak at every lag
 809 14805    1925 1974     B     .279         2      .301   .022  weak at every lag
 818 15002    1925 1974     B     .301         4      .310   .009  weak at every lag
 846 15406    1850 1899     B     .298         5      .313   .015  weak at every lag
 930 16806    1925 1974     B     .392         8      .436   .044
 932 16902    1900 1949     A     .239         0
 938 17002    1925 1974     A     .291         0
 953 17205    1850 1899     A     .247         0
 974 17602    1875 1924     A     .324         0
 977 17605    1875 1924     B     .244         7      .326   .082  weak at every lag
 977 17605    1900 1949     B     .409         7      .451   .042
 985 17801    1900 1949     A     .319         0
 988 17804    1900 1949     A     .294         0
 989 17805    1925 1974     A     .293         0
 993 17903    1925 1974     B     .255         4      .316   .061  weak at every lag
1015 18301    1875 1924     A     .243         0
1016 18302    1900 1949     B     .289        -1      .424   .135
1033 18601    1850 1899     B     .063         2      .305   .242  weak at every lag
1033 18601    1875 1924     B     .141        -3      .352   .211
1033 18601    1900 1949     B     .076        -4      .293   .217  weak at every lag
1033 18601    1925 1974     B     .242        -6      .256   .014  weak at every lag
1034 18602    1800 1849     B     .100        -4      .140   .040  weak at every lag
1034 18602    1825 1874     B     .119         6      .216   .097  weak at every lag
1034 18602    1850 1899     B     .188       -10      .214   .026  weak at every lag
1034 18602    1875 1924     B     .128         2      .277   .148  weak at every lag
1034 18602    1900 1949     B     .156         4      .260   .104  weak at every lag
1034 18602    1925 1974     A     .327         0
1035 18603    1825 1874     A     .247         0
1035 18603    1850 1899     A     .269         0
1035 18603    1875 1924     A     .298         0
1035 18603    1900 1949     B     .147         7      .182   .036  weak at every lag
1035 18603    1925 1974     A     .264         0
1036 18604    1850 1899     A     .317         0
1036 18604    1900 1949     A     .252         0
1037 18605    1800 1849     A     .317         0
1037 18605    1850 1899     A     .263         0
1037 18605    1875 1924     B     .157        -5      .207   .050  weak at every lag
1038 18606    1850 1899     B     .171        10      .251   .080  weak at every lag
1038 18606    1875 1924     B     .088        -1      .238   .150  weak at every lag
1038 18606    1900 1949     A     .317         0
1041 18703    1875 1924     A     .311         0
1044 18706    1875 1924     A     .304         0
1064 19102    1900 1949     A     .291         0
1067 19105    1875 1924     B     .265        -6      .283   .018  weak at every lag
1068 19106    1800 1849     A     .273         0
1068 19106    1825 1874     B     .207        -2      .383   .175
1068 19106    1850 1899     A     .307         0
1068 19106    1875 1924     A     .280         0
1068 19106    1900 1949     A     .252         0
1068 19106    1925 1974     B     .324        -5      .330   .007
1069 19201    1875 1924     B     .373         6      .377   .004
1073 19205    1875 1924     B    -.103         2      .246   .349  weak at every lag
1073 19205    1900 1949     B     .045         9      .238   .193  weak at every lag
1081 19401    1875 1924     B     .301        -1      .305   .003  weak at every lag
1084 19404    1825 1874     B    -.187        -1      .552   .739
1084 19404    1850 1899     B    -.101        -1      .420   .521
1088 19502    1925 1974     A     .312         0
1090 19504    1925 1974     A     .304         0
1094 19602    1925 1974     A     .298         0
1096 19604    1850 1899     A     .278         0
1098 19606    1850 1899     A     .307         0
1105 19801    1925 1974     B     .297        -8      .304   .007  weak at every lag
1123 20101    1825 1874     B     .214         2      .249   .035  weak at every lag
1124 20102    1875 1924     B     .207        -4      .238   .031  weak at every lag
1126 20104    1875 1924     A     .282         0
1127 20105    1800 1849     B     .047        -3      .537   .490
1127 20105    1825 1874     B     .137        -5      .174   .038  weak at every lag
1127 20105    1850 1899     B     .077        -2      .372   .294
1127 20105    1875 1924     B    -.070         6      .198   .268  weak at every lag
1127 20105    1900 1949     B     .300         8      .315   .014  weak at every lag
1128 20106    1875 1924     B    -.041        -6      .311   .352  weak at every lag
1128 20106    1900 1949     B     .175         5      .255   .079  weak at every lag
1130 20202    1925 1974     A     .219         0
1132 20204    1875 1924     B     .135        -8      .259   .124  weak at every lag
1132 20204    1900 1949     B     .213         7      .252   .039  weak at every lag
1142 20402    1850 1899     B     .361        10      .395   .034
1142 20402    1875 1924     B     .242        -1      .274   .033  weak at every lag
1143 20403    1875 1924     B     .220         2      .362   .142
1144 20404    1875 1924     B     .270        -3      .308   .038  weak at every lag
1155 20603    1900 1949     A     .305         0
1162 20704    1900 1949     B     .342         4      .384   .042
1163 20705    1925 1974     A     .239         0
1165 20801    1875 1924     B     .158         5      .307   .148  weak at every lag
1165 20801    1900 1949     B     .405        -7      .409   .003
1175 20905    1875 1924     B     .088         1      .245   .157  weak at every lag
1175 20905    1900 1949     A     .285         0
1201 21401    1900 1949     A     .260         0
1202 21402    1800 1849     B    -.000        -1      .537   .537
1202 21402    1825 1874     B     .166        -1      .191   .025  weak at every lag
1211 21505    1875 1924     B     .222         3      .294   .072  weak at every lag
1211 21505    1900 1949     B     .267         3      .310   .043  weak at every lag
1211 21505    1925 1974     A     .324         0
1225 21801    1875 1924     A     .322         0
1227 21803    1925 1974     A     .308         0

 DESCRIPTIVE STATISTICS: fran10
-----------------------------------------------------------------------------------------------------------------------------------

                                                Corr   //-------- Unfiltered --------\\  //-- dplR filtered --\\
                           No.    No.    No.    with   Mean   Max     Std   Auto   Mean   Max     Std   Auto  AR
 Seq Series   Interval   Years  Segmt  Flags   Master  msmt   msmt    dev   corr   sens  value    dev   corr  ()
 --- -------- ---------  -----  -----  -----   ------ -----  -----  -----  -----  -----  -----  -----  -----  --
   1 101      1943 1988     46      0      0    .342   4.15   7.05  1.244   .647   .178   1.85   .254   .220   1
   2 102      1933 1988     56      0      0    .677   3.24   4.79   .793   .470   .203   1.42   .209  -.019   1
   3 103      1923 1988     66      1      0    .567   3.16   6.12  1.197   .859   .163   1.34   .143  -.020   1
   4 104      1922 1988     67      1      0    .591   2.60   4.63   .926   .825   .172   1.36   .184  -.031   1
   5 105      1931 1988     58      0      0    .605   3.74   6.47  1.458   .828   .197   1.83   .217   .040   1
   6 106      1912 1988     77      1      0    .471   2.47   4.83   .774   .731   .198   1.36   .176   .004   2
   7 201      1896 1988     93      2      0    .563   2.16   4.35   .973   .816   .218   2.10   .277   .208   1
   8 202      1891 1988     98      2      0    .570   2.03   3.79   .904   .853   .212   1.74   .236   .011   1
   9 203      1883 1988    106      2      0    .669   1.53   2.92   .572   .704   .222   1.73   .222   .026   1
  10 204      1881 1988    108      2      0    .691   1.66   5.18  1.108   .894   .250   1.76   .262   .023   1
  11 205      1871 1988    118      3      1    .494   1.94   4.49  1.027   .823   .268   2.16   .305   .013   2
  12 206      1866 1988    123      3      0    .547   1.38   3.47   .969   .921   .237   2.24   .344  -.008   1
  13 301      1905 1988     84      1      0    .428   2.05   4.42  1.113   .863   .286   3.49   .436   .281   2
  14 302      1904 1988     85      1      0    .599   2.34   4.92  1.111   .858   .227   1.68   .234  -.012   1
  15 303      1898 1988     91      1      0    .592   2.70   4.29   .753   .731   .176   1.54   .173  -.031   3
  16 304      1890 1988     99      2      0    .547   1.99   4.97  1.220   .892   .281   1.87   .296   .090   1
  17 305      1891 1988     98      2      0    .417   2.59   4.33   .757   .593   .210   1.66   .216  -.015   2
  18 306      1902 1988     87      1      0    .543   1.97   4.83  1.239   .914   .231   2.00   .259   .036   1
  19 401      1922 1988     67      1      1    .333   2.93   4.54   .821   .676   .187   1.39   .198   .064   1
  20 402      1929 1988     60      0      0    .629   2.60   3.83   .682   .741   .170   1.42   .166  -.052   1
  21 403      1907 1988     82      1      0    .558   2.36   4.08   .665   .612   .206   1.47   .190   .045   2
  22 404      1883 1988    106      2      0    .490   1.67   4.14   .723   .742   .222   1.84   .240   .062   1
  23 405      1896 1988     93      2      0    .451   1.49   3.36   .552   .635   .204   2.19   .240  -.008   2
  24 406      1900 1988     89      1      0    .555   2.63   5.22  1.310   .911   .163   1.40   .173   .056   1
  25 501      1927 1988     62      0      0    .588   3.04   4.94   .687   .626   .153   1.35   .143   .155   0
  26 502      1904 1988     85      1      0    .722   2.49   4.97   .810   .760   .169   1.42   .179  -.004   1
  27 503      1913 1988     76      1      0    .645   2.19   6.12  1.575   .934   .211   1.44   .204  -.016   1
  28 504      1909 1988     80      1      0    .761   2.38   5.90  1.181   .834   .233   1.60   .238  -.036   1
  29 505      1904 1988     85      1      0    .579   2.18   3.04   .375   .367   .152   1.34   .139   .056   0
  30 506      1903 1988     86      1      0    .489   2.07   3.54   .511   .667   .162   1.42   .166   .026   1
  31 601      1938 1988     51      0      0    .604   3.82   7.33  1.096   .790   .152   1.35   .162   .080   1
  32 602      1946 1988     43      0      0    .646   2.89   5.44  1.034   .787   .192   1.49   .196   .080   1
  33 603      1934 1988     55      0      0    .548   2.63   4.58   .863   .823   .167   1.43   .169   .021   1
  34 604      1941 1988     48      0      0    .711   3.69   8.05  1.658   .896   .144   1.40   .175   .102   1
  35 605      1933 1988     56      0      0    .595   3.17   4.69   .788   .693   .166   1.33   .150   .149   0
  36 606      1937 1988     52      0      0    .445   2.92   5.58  1.442   .864   .236   1.59   .236  -.022   1
  37 701      1897 1988     92      2      2    .304   2.33   4.69  1.184   .921   .166   1.44   .163   .011   3
  38 702      1906 1988     83      1      0    .495   3.12   4.94   .749   .646   .157   1.45   .147   .016   0
  39 703      1888 1988    101      2      0    .450   2.53   5.33  1.351   .840   .209   1.78   .242   .018   1
  40 704      1890 1988     99      2      0    .553   2.31   3.79   .688   .718   .190   1.49   .192   .014   1
  41 705      1889 1988    100      2      0    .509   2.68   5.26   .980   .870   .153   1.30   .177   .034   1
  42 706      1896 1988     93      2      0    .486   2.87   7.30  1.832   .956   .175   1.57   .193  -.023   1
  43 801      1886 1988    103      2      0    .632   2.12   3.90   .749   .766   .199   1.57   .223   .007   1
  44 802      1875 1988    114      2      0    .540   1.82   4.26   .887   .889   .215   2.03   .230   .041   1
  45 803      1873 1988    116      3      1    .370   2.20   3.65   .600   .639   .169   1.53   .197   .051   1
  46 804      1908 1988     81      1      0    .766   2.37   5.83  1.308   .905   .208   1.55   .210  -.026   1
  47 805      1861 1988    128      3      0    .658   2.03   4.90  1.371   .947   .209   1.74   .214   .002   1
  48 806      1893 1988     96      2      1    .443   2.21   4.44  1.001   .918   .163   1.44   .177   .013   1
  49 901      1916 1988     73      1      0    .636   2.10   5.76  1.321   .905   .232   1.63   .240  -.005   2
  50 902      1921 1988     68      1      1    .379   2.87   6.62  1.530   .907   .208   1.47   .204   .001   1
  51 903      1899 1988     90      2      0    .656   2.35   5.40  1.242   .883   .213   1.59   .225  -.027   1
  52 904      1914 1988     75      1      0    .512   2.57   6.69  1.173   .802   .216   1.75   .246   .176   1
  53 905      1915 1988     74      1      0    .380   2.45   6.55  1.288   .712   .259   1.77   .317   .026   1
  54 906      1907 1988     82      1      0    .541   2.14   4.37   .801   .787   .195   1.44   .209  -.070   1
  55 1001     1876 1988    113      2      0    .458   2.12   5.12  1.050   .802   .239   1.93   .259  -.005   2
  56 1002     1844 1988    145      4      0    .617   1.80   3.76   .691   .750   .213   1.59   .231   .040   1
  57 1003     1892 1988     97      2      0    .688   1.94   3.22   .462   .417   .207   1.55   .198   .032   1
  58 1004     1871 1988    118      3      0    .764   2.20   4.79   .749   .736   .199   1.50   .206  -.027   1
  59 1005     1877 1988    112      2      0    .556   1.80   3.86   .817   .883   .186   1.41   .198   .029   1
  60 1006     1879 1988    110      2      0    .641   1.27   4.60   .613   .813   .173   1.56   .180   .037   1
  61 1101     1902 1988     87      1      0    .445   2.80   5.26  1.127   .864   .183   1.46   .187  -.028   3
  62 1102     1927 1988     62      0      0    .640   2.50   5.08   .779   .775   .164   1.33   .153   .051   1
  63 1103     1912 1988     77      1      0    .552   3.17   5.98  1.000   .777   .178   1.38   .174   .023   1
  64 1104     1902 1988     87      1      0    .661   2.38   3.94   .651   .648   .177   1.38   .170   .138   0
  65 1105     1904 1988     85      1      0    .569   2.75   6.66  1.300   .885   .177   1.43   .189   .031   1
  66 1106     1902 1988     87      1      0    .648   2.93   6.26  1.014   .807   .161   1.54   .168  -.029   1
  67 1201     1894 1988     95      2      1    .311   2.03   3.43   .695   .634   .265   1.75   .253   .108   1
  68 1202     1916 1988     73      1      0    .511   2.63   4.22   .573   .573   .149   1.41   .146   .164   0
  69 1203     1923 1988     66      1      0    .592   2.23   4.08   .804   .782   .210   1.45   .207   .022   1
  70 1204     1929 1988     60      0      0    .577   2.33   3.79   .884   .810   .203   1.41   .207   .014   1
  71 1205     1890 1988     99      2      0    .545   2.20   4.54   .928   .822   .212   1.40   .192  -.035   2
  72 1206     1906 1988     83      1      0    .545   2.03   3.77   .642   .735   .179   1.42   .171   .127   0
  73 1301     1882 1988    107      2      0    .553   2.19   3.83   .584   .726   .160   1.64   .171   .037   1
  74 1302     1879 1988    110      2      0    .557   2.51   6.60  1.140   .889   .175   1.36   .174   .037   1
  75 1303     1902 1988     87      1      0    .523   2.16   4.30   .733   .614   .199   1.63   .213   .009   2
  76 1304     1880 1988    109      2      1    .265   1.87   4.56  1.027   .851   .241   2.10   .278   .021   3
  77 1305     1883 1988    106      2      0    .590   1.87   4.47   .787   .783   .193   1.62   .198  -.032   1
  78 1306     1873 1988    116      3      0    .577   1.44   2.29   .385   .517   .208   1.85   .215   .015   1
  79 1401     1860 1988    129      3      0    .592   2.03   3.72   .635   .822   .152   1.54   .150  -.025   1
  80 1402     1864 1988    125      3      1    .461   2.66   5.55   .954   .838   .164   1.44   .178  -.004   1
  81 1403     1872 1988    117      3      1    .447   1.84   3.86   .825   .865   .190   1.62   .196   .029   1
  82 1404     1865 1988    124      3      2    .394   2.04   6.40  1.338   .926   .183   1.79   .203  -.037   3
  83 1405     1893 1988     96      2      0    .598   2.62   4.04   .690   .754   .155   1.77   .159  -.016   2
  84 1406     1874 1988    115      2      0    .490   1.86   3.33   .691   .849   .163   1.63   .178   .039   2
  85 1501     1873 1988    116      3      2    .471   1.92   3.94   .706   .836   .167   1.41   .173   .017   1
  86 1502     1884 1988    105      2      0    .522   1.03   4.33   .706   .877   .234   1.94   .272   .040   1
  87 1503     1871 1988    118      3      1    .430   2.50   4.51   .948   .838   .167   1.54   .169  -.027   1
  88 1504     1882 1988    107      2      0    .422   2.43   5.04   .961   .745   .216   1.57   .225   .029   1
  89 1505     1884 1988    105      2      1    .351   1.62   3.69   .802   .928   .164   1.44   .158  -.009   3
  90 1506     1913 1988     76      1      0    .471   3.29   5.37   .980   .751   .182   1.32   .174  -.050   1
  91 1601     1836 1988    153      4      2    .247   1.36   3.26   .535   .788   .208   2.10   .230  -.003   1
  92 1602     1884 1988    105      2      0    .603   1.83   3.58   .585   .783   .171   1.54   .176   .013   1
  93 1603     1857 1988    132      3      0    .574   1.71   4.29   .868   .888   .199   1.57   .203  -.019   3
  94 1604     1834 1988    155      4      0    .412   1.23   2.62   .703   .914   .206   2.67   .277   .143   3
  95 1605     1825 1988    164      4      0    .575    .99   2.81   .445   .842   .198   1.86   .209   .026   1
  96 1606     1840 1988    149      4      0    .551   1.62   3.96   .667   .791   .208   1.96   .244  -.001   1
  97 1701     1886 1988    103      2      1    .270   2.51   5.07  1.039   .794   .213   1.52   .209  -.027   1
  98 1702     1904 1988     85      1      0    .406   2.94   4.87   .697   .562   .189   1.36   .180  -.015   1
  99 1703     1899 1988     90      2      0    .583   3.65   7.26  1.659   .826   .251   2.31   .276   .017   1
 100 1704     1920 1988     69      1      0    .534   3.17   5.08   .670   .330   .196   1.36   .162  -.143   0
 101 1705     1914 1988     75      1      0    .413   3.23   6.26  1.335   .827   .202   1.68   .215   .014   1
 102 1706     1902 1988     87      1      0    .416   2.44   5.08  1.165   .894   .176   1.70   .190  -.019   1
 103 1801     1935 1988     54      0      0    .492   3.90   7.51  1.360   .811   .159   1.36   .168   .091   1
 104 1802     1940 1988     49      0      0    .628   4.16   6.23   .992   .681   .158   1.31   .164   .084   1
 105 1803     1927 1988     62      0      0    .628   2.96   4.44   .712   .505   .210   1.32   .212   .028   1
 106 1804     1905 1988     84      1      0    .516   2.71   9.52  2.110   .872   .277   2.38   .312   .079   1
 107 1805     1903 1988     86      1      0    .446   2.67   7.37  1.922   .923   .238   1.89   .278   .275   1
 108 1806     1929 1988     60      0      0    .439   3.74   5.51   .760   .415   .174   1.30   .157   .090   0
 109 1901     1918 1988     71      1      0    .553   3.04   5.58  1.271   .788   .248   1.94   .272   .118   1
 110 1902     1916 1988     73      1      0    .622   2.68   4.69   .950   .747   .234   1.76   .248  -.017   2
 111 1903     1908 1988     81      1      0    .565   3.03   5.37  1.026   .641   .239   1.72   .248  -.043   1
 112 1904     1907 1988     82      1      0    .708   2.76   4.87   .826   .708   .201   1.44   .192  -.020   1
 113 1905     1904 1988     85      1      0    .573   2.21   4.19   .970   .854   .199   1.51   .192  -.015   1
 114 1906     1899 1988     90      1      0    .602   3.18   6.33  1.637   .898   .212   1.48   .204  -.011   2
 115 2001     1875 1988    114      2      0    .660   2.30   5.69  1.489   .920   .239   1.75   .243   .042   1
 116 2002     1872 1988    117      3      0    .622   2.61   4.22   .800   .746   .175   1.59   .194  -.002   1
 117 2003     1857 1988    132      3      0    .538   2.59   7.26  1.315   .853   .234   1.66   .252  -.038   1
 118 2004     1876 1988    113      2      0    .486   1.93   3.79   .699   .689   .234   1.72   .254   .053   1
 119 2005     1861 1988    128      3      0    .442   1.56   2.90   .529   .650   .237   1.74   .242  -.008   3
 120 2006     1885 1988    104      2      0    .584   2.02   4.33   .833   .796   .220   1.65   .213   .004   2
 121 2101     1892 1988     97      2      0    .569   2.52   5.76  1.105   .743   .237   1.88   .259   .005   1
 122 2102     1909 1988     80      1      0    .578   2.55   8.12  2.129   .950   .208   1.63   .226   .009   1
 123 2103     1867 1988    122      3      3    .102   1.84   5.69  1.561   .955   .252   1.83   .252   .003   1
 124 2104     1889 1988    100                         2.78   4.83  1.210   .876   .212                         
 125 2105     1911 1988     78      1      0    .613   3.33   5.72  1.143   .788   .191   1.46   .190   .056   3
 126 2106     1899 1988     90      2      0    .645   4.04   8.30  1.459   .847   .167   1.61   .181   .106   1
 127 2201     1895 1988     94      2      0    .558   1.76   3.22   .659   .856   .177   1.46   .189   .120   1
 128 2202     1885 1988    104      2      0    .583   1.71   3.58   .919   .876   .269   1.81   .296   .024   3
 129 2203     1877 1988    112      2      0    .595   2.79   5.90  1.223   .908   .167   1.44   .181  -.037   1
 130 2204     1889 1988    100      2      0    .696   1.82   2.83   .477   .548   .201   1.47   .181   .097   0
 131 2205     1888 1988    101      2      1    .247   1.74   4.19  1.365   .921   .243   9.91  1.220   .018   2
 132 2206     1876 1988    113      2      0    .442   1.83   3.97  1.197   .909   .270   1.84   .296  -.066   1
 133 2301     1862 1988    127      3      0    .530   2.30   7.16  1.230   .891   .231   2.39   .267  -.006   1
 134 2302     1850 1988    139      3      0    .554   1.43   3.29   .683   .845   .211   1.56   .203  -.009   1
 135 2303     1863 1988    126      3      0    .470   2.03   4.58   .899   .862   .196   1.64   .194   .019   1
 136 2304     1866 1988    123      3      1    .472   2.15   3.91   .613   .728   .175   1.56   .171  -.017   3
 137 2305     1863 1988    126      3      0    .500   1.74   5.44  1.217   .954   .177   1.52   .190  -.041   1
 138 2306     1874 1988    115      3      0    .517   2.47   5.08  1.257   .878   .231   1.56   .226   .021   1
 139 2401     1864 1988    125      3      2    .429   1.69   3.69   .680   .843   .179   1.51   .179   .029   1
 140 2402     1838 1988    151      4      0    .569   1.94   4.94   .852   .827   .213   1.55   .190  -.025   3
 141 2403     1889 1988    100      2      0    .579   1.79   3.36   .648   .755   .207   1.68   .215  -.061   3
 142 2404     1898 1988     91      2      0    .505   3.23   5.40   .730   .700   .144   1.32   .140   .014   1
 143 2405     1839 1988    150      4      1    .479   1.52   3.54   .673   .887   .175   1.40   .181  -.054   1
 144 2406     1832 1988    157      4      3    .435   1.66   4.22   .864   .880   .209   1.58   .209   .020   2
 145 2501     1908 1988     81      1      0    .520   3.49   8.34  1.783   .887   .200   1.51   .201   .009   1
 146 2502     1908 1988     81      1      0    .479   2.93   7.59  1.734   .919   .213   2.19   .253   .128   1
 147 2503     1885 1988    104      2      0    .692   2.87   5.30  1.107   .854   .165   1.36   .165   .003   3
 148 2504     1888 1988    101      2      0    .398   3.08   6.98  1.534   .875   .182   1.45   .188  -.026   1
 149 2505     1901 1988     88      1      0    .670   3.24   8.55  1.450   .886   .162   1.49   .167   .030   1
 150 2506     1912 1988     77      1      0    .537   4.35   8.69  1.488   .773   .179   1.50   .194  -.031   3
 151 2601     1881 1988    108      2      0    .597   1.91   3.29   .678   .765   .194   1.58   .195  -.043   1
 152 2602     1856 1988    133      3      0    .543   1.82   3.83   .827   .758   .279   1.86   .271   .043   2
 153 2603     1878 1988    111      2      0    .619   2.01   6.51  1.181   .866   .213   1.49   .194   .127   0
 154 2604     1851 1988    138      3      1    .454   1.67   4.01   .828   .752   .277   1.71   .269  -.004   2
 155 2605     1861 1988    128      3      0    .617   1.85   6.94  1.060   .772   .272   1.84   .286  -.004   1
 156 2606     1829 1988    160      4      0    .608   1.61   3.66   .896   .874   .235   1.84   .249  -.039   1
 157 2701     1942 1988     47      0      0    .542   3.82   7.15   .970   .558   .191   1.42   .182   .210   0
 158 2702     1919 1988     70      1      0    .224   4.04   6.40  1.130   .376   .233   1.75   .232  -.030   0
 159 2703     1916 1988     73      1      0    .401   3.32   4.69   .615   .265   .178   1.32   .144   .004   2
 160 2704     1925 1988     64      0      0    .435   3.31   6.30  1.047   .632   .206   1.56   .201  -.006   1
 161 2705     1916 1988     73      1      0    .518   3.34   5.69   .858   .556   .208   1.50   .177  -.051   0
 162 2706     1927 1988     62      0      0    .452   4.46   7.69  1.257   .687   .184   1.54   .199   .023   2
 163 2801     1892 1988     97      2      1    .346   3.12   6.40  1.861   .916   .204   2.08   .247   .017   2
 164 2802     1918 1988     71      1      0    .660   4.39   7.51  1.533   .798   .171   1.46   .180   .183   1
 165 2803     1910 1988     79      1      0    .612   2.19   4.10   .933   .749   .252   2.21   .288   .027   1
 166 2804     1903 1988     86      1      0    .560   2.13   4.40   .908   .823   .223   1.67   .222   .044   1
 167 2805     1902 1988     87      1      0    .455   2.17   6.40  1.113   .748   .272   1.80   .283   .009   2
 168 2806     1882 1988    107      2      0    .454   2.47   5.98  1.170   .825   .236   1.60   .248   .016   1
 169 2901     1891 1988     98      2      0    .637   2.41   6.08  1.141   .851   .217   1.43   .201   .007   1
 170 2902     1903 1988     86      1      0    .576   2.33   7.41  1.312   .853   .208   1.90   .229   .097   1
 171 2903     1902 1988     87      1      0    .555   2.66   6.08  1.710   .909   .235   1.94   .259   .029   1
 172 2904     1883 1988    106      2      0    .576   3.12   5.76  1.412   .848   .215   1.73   .225   .046   2
 173 2905     1896 1988     93      2      0    .442   2.39   6.73  1.836   .901   .287   2.27   .317   .012   2
 174 2906     1904 1988     85      1      0    .526   3.13   6.19  1.521   .853   .206   1.61   .222   .087   1
 175 3001     1931 1988     58      0      0    .562   5.16   7.48  1.323   .591   .193   1.63   .198   .028   2
 176 3002     1945 1988     44      0      0    .536   3.61   6.15  1.046   .717   .180   1.48   .197   .153   1
 177 3003     1937 1988     52      0      0    .540   3.05   5.90  1.143   .763   .197   1.52   .198   .157   0
 178 3004     1923 1988     66      1      0    .673   2.90   5.40  1.204   .839   .204   1.56   .209   .050   1
 179 3005     1922 1988     67      1      0    .577   2.90   4.65   .817   .696   .182   1.59   .183   .092   1
 180 3006     1925 1988     64      0      0    .597   3.27   5.51   .937   .715   .176   1.48   .174   .040   3
 181 3101     1875 1988    114      2      0    .527   2.50   7.55  2.004   .918   .237   2.07   .276  -.017   1
 182 3102     1877 1988    112      2      0    .552   2.88   6.66  1.778   .893   .252   1.80   .277   .061   1
 183 3103     1881 1988    108      2      0    .538   2.61   6.05   .989   .773   .213   1.59   .216   .013   1
 184 3104     1884 1988    105      2      0    .612   2.52   4.22   .828   .653   .223   1.77   .236   .024   2
 185 3105     1890 1988     99      2      0    .583   2.13   5.37  1.268   .895   .211   1.56   .224  -.072   1
 186 3106     1892 1988     97      2      0    .488   2.17   4.15   .857   .807   .183   1.67   .177   .115   0
 187 3201     1893 1988     96      2      0    .426   2.65   5.85  1.083   .767   .212   1.76   .227  -.031   1
 188 3202     1888 1988    101      2      0    .564   3.11   5.37  1.164   .734   .201   1.98   .228   .064   1
 189 3203     1886 1988    103      2      0    .362   1.97   4.58  1.229   .860   .291   5.70   .615   .568   1
 190 3204     1886 1988    103      2      0    .628   1.92   4.65   .933   .779   .244   2.41   .298   .059   1
 191 3205     1882 1988    107      2      0    .625   1.74   3.85   .823   .656   .298   1.80   .297   .033   1
 192 3206     1901 1988     88      1      0    .469   2.10   4.94  1.165   .879   .285   1.70   .266  -.011   2
 193 3301     1905 1988     84      1      0    .534   1.98   4.11   .879   .832   .185   1.75   .208  -.039   1
 194 3302     1908 1988     81      1      0    .644   1.89   6.48  1.360   .904   .233   2.01   .253   .017   2
 195 3303     1915 1988     74      1      0    .589   3.75   6.33   .877   .701   .142   1.50   .156   .051   1
 196 3304     1885 1988    104      2      0    .429   2.01   5.15  1.180   .897   .208   2.24   .245  -.001   1
 197 3305     1905 1988     84      1      0    .444   3.17   5.62  1.248   .842   .185   1.51   .192  -.059   1
 198 3306     1880 1988    109      2      0    .410   2.62   5.60  1.280   .852   .211   1.68   .211   .048   1
 199 3401     1903 1988     86      1      0    .532   1.87   3.58   .744   .798   .196   1.44   .205  -.017   1
 200 3402     1881 1988    108      2      0    .637   1.76   3.26   .505   .665   .195   1.45   .190   .003   1
 201 3403     1892 1988     97      2      0    .576   1.66   3.22   .718   .850   .201   1.49   .194  -.014   1
 202 3404     1885 1988    104      2      0    .512   2.05   3.36   .544   .640   .190   1.37   .161  -.008   3
 203 3405     1872 1988    117      3      0    .589   1.69   2.86   .478   .730   .165   1.47   .180  -.026   1
 204 3406     1894 1988     95      2      0    .622   1.91   3.40   .608   .749   .187   1.48   .190   .005   1
 205 3501     1895 1988     94      2      0    .419   2.70   5.15   .777   .658   .186   1.62   .192   .046   1
 206 3502     1881 1988    108      2      0    .486   2.61   5.80  1.456   .894   .218   1.65   .208   .043   1
 207 3503     1886 1988    103      2      1    .371   1.76   3.83   .910   .774   .269   3.10   .340   .112   1
 208 3504     1887 1988    102      2      0    .433   1.82   6.40   .959   .751   .277   1.78   .277   .012   3
 209 3505     1888 1988    101      2      0    .280   2.34   6.58  1.221   .832   .254   1.85   .268   .026   1
 210 3506     1894 1988     95      2      0    .479   1.92   4.65  1.130   .833   .276   3.05   .377   .190   3
 211 3601     1905 1988     84      1      0    .651   3.07   5.19  1.009   .727   .191   1.45   .177   .002   1
 212 3602     1887 1988    102      2      0    .602   2.29   5.26  1.099   .806   .227   1.51   .227   .011   1
 213 3603     1887 1988    102      2      0    .504   1.82   3.97   .913   .853   .218   1.78   .219   .001   3
 214 3604     1912 1988     77      1      0    .734   2.56   4.15   .747   .686   .198   1.38   .187  -.001   1
 215 3605     1898 1988     91      2      0    .717   2.64   5.47  1.231   .885   .208   1.64   .200   .010   1
 216 3606     1909 1988     80      1      0    .567   1.93   3.29   .608   .616   .221   1.43   .213  -.043   1
 217 3701     1934 1988     55      0      0    .690   4.70   8.52  1.750   .807   .200   1.66   .220   .007   1
 218 3702     1935 1988     54      0      0    .397   2.59   5.72  1.068   .668   .265   1.63   .271   .057   1
 219 3703     1931 1988     58      0      0    .549   2.70   8.44  1.461   .654   .305   1.86   .313   .142   1
 220 3704     1935 1988     54      0      0    .563   2.94   4.83   .803   .559   .210   1.44   .207   .025   1
 221 3705     1951 1988     38      0      0    .673   3.68   4.94   .703   .107   .215   1.30   .186   .045   0
 222 3706     1938 1988     51      0      0    .509   3.12   5.58  1.007   .519   .244   1.62   .254   .042   1
 223 3801     1883 1988    106      2      0    .597   2.18   5.19   .947   .796   .231   1.82   .247  -.010   1
 224 3802     1883 1988    106      2      0    .604   2.22   6.15  1.382   .892   .267   3.13   .325  -.029   1
 225 3803     1897 1988     92      2      0    .552   2.28   5.15   .934   .700   .279   1.70   .279   .022   1
 226 3804     1901 1988     88      1      0    .623   2.63   5.44  1.295   .833   .267   1.92   .286  -.010   1
 227 3805     1896 1988     93      2      0    .542   1.97   4.72  1.201   .856   .262   2.07   .260   .027   1
 228 3806     1880 1988    109      2      0    .448   1.91   3.90   .976   .810   .285   1.92   .279   .012   1
 229 3901     1898 1988     91      2      0    .623   1.84   4.40  1.155   .944   .202   1.49   .222   .024   1
 230 3902     1904 1988     85      1      0    .625   1.84   4.47  1.084   .938   .193   1.49   .199   .041   1
 231 3903     1897 1988     92      2      0    .564   1.84   4.79   .852   .862   .201   1.52   .213   .018   2
 232 3904     1898 1988     91      2      0    .494   2.19   4.44   .872   .805   .202   1.61   .211   .039   1
 233 3905     1881 1988    108      2      0    .621   2.05   5.12  1.066   .813   .264   1.71   .267   .002   3
 234 3906     1916 1988     73      1      0    .655   2.79   5.26   .979   .748   .206   1.40   .200   .002   2
 235 4001     1904 1988     85      1      0    .464   2.13   4.19   .798   .789   .190   1.46   .190   .015   1
 236 4002     1913 1988     76      1      0    .568   1.92   4.62  1.108   .871   .257   1.83   .255   .007   3
 237 4003     1902 1988     87      1      0    .468   2.17   4.22   .735   .804   .174   1.43   .181  -.003   1
 238 4004     1895 1988     94      2      0    .463   2.35   5.30   .846   .767   .185   1.43   .195  -.021   1
 239 4005     1895 1988     94      2      0    .455   2.08   9.70  1.169   .673   .217   1.81   .265   .068   1
 240 4006     1917 1988     72      1      1    .362   3.00   7.76  1.959   .918   .220   1.76   .251  -.064   1
 241 4101     1918 1988     71      1      0    .706   3.59   5.90  1.060   .682   .196   1.75   .202  -.030   2
 242 4102     1925 1988     64      1      0    .556   2.66   5.26   .924   .764   .188   1.40   .188   .167   0
 243 4103     1914 1988     75      1      0    .646   2.15   4.87  1.331   .923   .188   1.61   .208   .049   1
 244 4104     1918 1988     71      1      0    .705   3.09   6.51  1.250   .813   .192   1.48   .209  -.013   1
 245 4105     1930 1988     59      0      0    .621   2.15   5.26   .945   .839   .214   1.62   .202  -.014   1
 246 4106     1926 1988     63      0      0    .623   2.57   5.69   .931   .850   .158   1.38   .149   .159   0
 247 4201     1903 1988     86      1      0    .516   2.36   4.11   .827   .761   .181   1.59   .197   .023   1
 248 4202     1903 1988     86      1      0    .638   2.40   4.08   .916   .735   .251   1.69   .245   .092   0
 249 4203     1902 1988     87      1      0    .396   2.85   6.30  1.469   .919   .211   1.64   .221  -.046   1
 250 4204     1903 1988     86      1      0    .569   1.87   4.22   .713   .801   .186   1.38   .174  -.004   0
 251 4205     1911 1988     78      1      0    .586   3.01   5.01   .828   .630   .202   1.39   .191   .017   1
 252 4206     1882 1988    107      2      0    .573   2.21   4.90  1.148   .910   .186   1.62   .201   .051   1
 253 4301     1911 1988     78      1      0    .639   1.99   4.15  1.037   .910   .182   1.61   .188   .058   1
 254 4302     1910 1988     79      1      0    .398   3.14   8.16  1.674   .903   .183   2.90   .312   .501   1
 255 4303     1922 1988     67      1      0    .410   2.15   4.15   .954   .821   .212   2.17   .267   .131   1
 256 4304     1910 1988     79      1      0    .562   2.72   4.51   .906   .719   .196   1.50   .193  -.014   1
 257 4305     1907 1988     82      1      0    .517   2.30   4.44   .895   .777   .219   1.41   .201   .021   1
 258 4306     1909 1988     80      1      0    .648   2.63   4.97   .760   .591   .197   1.48   .198  -.032   1
 259 4401     1895 1988     94      2      0    .518   1.68   3.65   .896   .891   .186   1.46   .170   .072   0
 260 4402     1898 1988     91      2      0    .629   2.81   5.01   .974   .777   .187   1.41   .181   .031   0
 261 4403     1908 1988     81      1      0    .492   2.92   6.73  1.437   .816   .262   1.96   .296   .068   1
 262 4404     1905 1988     84      1      0    .552   2.84   4.76  1.139   .851   .189   1.53   .194   .023   1
 263 4405     1913 1988     76      1      0    .549   2.41   4.94   .807   .670   .200   1.43   .191   .006   2
 264 4406     1900 1988     89      1      0    .523   2.64   6.33  1.583   .916   .252   1.76   .263   .208   1
 265 4501     1920 1988     69      1      0    .657   2.68   3.86   .586   .420   .178   1.45   .192   .008   2
 266 4502     1913 1988     76      1      0    .443   2.64   4.44   .785   .583   .224   1.45   .210   .097   0
 267 4503     1917 1988     72      1      0    .509   3.35   5.76  1.269   .790   .226   1.51   .206  -.005   1
 268 4504     1908 1988     81      1      0    .550   2.90   4.47   .909   .815   .161   1.36   .165   .033   1
 269 4505     1916 1988     73      1      0    .480   2.55   4.44   .948   .905   .135   1.55   .152   .063   1
 270 4506     1924 1988     65      1      0    .652   3.99   6.05  1.079   .760   .159   1.33   .164   .070   1
 271 4601     1887 1988    102      2      0    .550   1.94   3.70   .778   .656   .257   1.61   .234  -.012   3
 272 4602     1891 1988     98      2      0    .541   2.41   5.19  1.598   .924   .239   2.26   .271   .005   2
 273 4603     1902 1988     87      1      0    .601   1.98   4.44   .978   .891   .182   1.63   .183  -.008   2
 274 4604     1900 1988     89      1      0    .636   3.08   5.76   .967   .652   .202   1.57   .209   .007   1
 275 4605     1911 1988     78      1      0    .480   2.60   6.30   .824   .620   .195   1.88   .233   .142   1
 276 4606     1897 1988     92      2      0    .631   2.10   3.86   .646   .712   .188   1.50   .197  -.043   1
 277 4701     1908 1988     81      1      0    .614   2.36   4.37  1.042   .828   .226   1.61   .247   .009   1
 278 4702     1906 1988     83      1      0    .408   2.88   6.15  1.527   .872   .243   1.64   .252   .002   1
 279 4703     1912 1988     77      1      0    .563   2.53   7.41  1.854   .902   .268   2.08   .308  -.014   1
 280 4704     1892 1988     97      2      0    .619   1.69   4.51  1.073   .905   .247   1.84   .249   .019   1
 281 4705     1881 1988    108      2      0    .599   2.36   5.15  1.216   .880   .221   1.98   .264   .055   1
 282 4706     1895 1988     94      2      0    .480   2.20   6.17  1.461   .898   .268   1.90   .293   .068   1
 283 4801     1924 1988     65      1      0    .587   2.20   4.72   .740   .709   .207   1.60   .209   .003   1
 284 4802     1914 1988     75      1      0    .508   2.30   5.19  1.147   .896   .211   1.36   .198   .167   0
 285 4803     1909 1988     80      1      0    .560   2.06   4.76  1.203   .910   .202   1.58   .202   .129   0
 286 4804     1902 1988     87      1      0    .506   2.23   7.44  1.452   .827   .257   1.78   .245   .041   1
 287 4805     1903 1988     86      1      0    .526   2.76   5.76  1.287   .849   .202   1.57   .211  -.048   1
 288 4806     1903 1988     86      1      0    .553   2.57   6.15  1.219   .860   .187   1.49   .200   .025   1
 289 4901     1884 1988    105      2      0    .448   2.13   5.00   .736   .688   .214   1.85   .234   .075   1
 290 4902     1872 1988    117      3      0    .474   1.42   3.06   .653   .844   .231   1.83   .246   .033   1
 291 4903     1866 1988    123      3      1    .508   1.53   2.61   .453   .575   .216   1.65   .220   .020   3
 292 4904     1874 1988    115      3      0    .501   2.13   4.72  1.156   .892   .232   1.54   .237   .041   1
 293 4905     1857 1988    132      3      0    .539   1.08   2.40   .359   .685   .196   1.43   .200  -.016   1
 294 4906     1864 1988    125      3      0    .504   2.63   4.72   .963   .824   .188   1.94   .206   .018   2
 295 5001     1898 1988     91      2      0    .542   2.55   4.83   .920   .745   .219   1.44   .233  -.030   1
 296 5002     1907 1988     82      1      0    .612   1.86   4.51  1.070   .910   .220   1.73   .228   .004   1
 297 5003     1888 1988    101      2      0    .473   1.96   6.73  1.406   .891   .265   1.56   .258   .023   1
 298 5004     1896 1988     93      2      0    .677   2.25   5.08  1.210   .890   .209   1.46   .202   .037   1
 299 5005     1903 1988     86      1      0    .652   2.00   4.29   .812   .717   .244   1.63   .242  -.018   1
 300 5006     1890 1988     99      2      0    .528   2.49   4.72  1.194   .849   .240   2.66   .310   .288   1
 301 5101     1900 1988     89      1      0    .525   2.34   5.58  1.287   .886   .184   1.99   .219   .006   1
 302 5102     1902 1988     87      1      0    .612   2.11   3.72   .787   .706   .233   1.79   .252   .001   1
 303 5103     1858 1988    131      3      1    .383   1.48   3.86   .921   .912   .264   1.79   .274   .010   1
 304 5104     1903 1988     86      1      0    .468   2.24   5.87  1.094   .765   .263   1.75   .271  -.028   2
 305 5105     1904 1988     85      1      0    .604   2.55   6.33  1.274   .842   .226   1.70   .245   .037   1
 306 5106     1920 1988     69      1      0    .688   4.12   6.55  1.063   .621   .180   1.42   .165  -.046   3
 307 5201     1906 1988     83      1      0    .619   2.37   6.44  1.114   .864   .193   1.67   .192  -.012   1
 308 5202     1899 1988     90      2      0    .516   2.63   6.65  1.253   .781   .239   1.65   .236  -.015   1
 309 5203     1918 1988     71      1      0    .469   3.88   7.73  1.548   .865   .153   1.40   .162   .081   1
 310 5204     1915 1988     74      1      0    .448   1.85   4.80   .894   .792   .250   1.56   .257   .093   1
 311 5205     1895 1988     94      2      1    .417   3.77   8.95  2.449   .912   .206   1.49   .201   .012   1
 312 5206     1909 1988     80      1      0    .533   3.58   9.50  2.167   .926   .179   1.39   .182  -.016   1
 313 5301     1891 1988     98      2      0    .411   1.93   4.40  1.087   .890   .224   2.24   .257   .026   1
 314 5302     1862 1988    127      3      0    .595   2.36   7.23  1.521   .905   .211   1.61   .221  -.001   1
 315 5303     1858 1988    131      3      0    .661   1.23   3.11   .592   .832   .223   1.86   .247   .015   2
 316 5304     1864 1988    125      3      0    .690   1.91   4.22   .973   .836   .234   1.59   .230   .012   1
 317 5305     1881 1988    108      2      0    .629   2.24   3.69   .753   .826   .164   1.54   .169  -.012   1
 318 5306     1879 1988    110      2      0    .579   2.13   6.37  1.457   .930   .203   1.65   .206  -.037   1
 319 5401     1918 1988     71      1      0    .571   3.66   8.34  1.509   .801   .198   1.46   .204   .023   1
 320 5402     1918 1988     71      1      0    .542   3.08   5.98   .919   .464   .251   1.60   .226  -.009   1
 321 5403     1929 1988     60      0      0    .414   4.03   8.27  1.654   .788   .246   1.49   .244   .091   1
 322 5404     1929 1988     60      0      0    .476   4.20   6.51  1.000   .508   .186   1.39   .175  -.038   1
 323 5405     1923 1988     66      1      0    .558   3.99   7.59  1.494   .845   .177   1.36   .171  -.009   1
 324 5406     1943 1988     46      0      0    .422   4.65   8.30  1.464   .686   .194   1.53   .185  -.025   1
 325 5501     1854 1988    135      3      0    .677   1.54   4.26   .795   .854   .220   1.61   .222  -.021   1
 326 5502     1845 1988    144      4      0    .678   1.54   2.97   .615   .751   .207   1.50   .206  -.018   1
 327 5503     1854 1988    135      3      3    .097   1.66   6.21  1.120   .924   .195   1.52   .178   .013   1
 328 5504     1843 1988    146      4      0    .574   1.39   3.94   .801   .900   .197   1.50   .196   .020   1
 329 5505     1844 1988    145      4      0    .483   1.98   4.26   .731   .786   .196   1.59   .197  -.036   1
 330 5506     1847 1988    142      4      0    .619   1.67   3.36   .702   .813   .216   1.71   .230  -.009   1
 331 5601     1835 1988    154      4      4    .196   1.62   5.60  1.156   .935   .223   1.70   .228  -.015   1
 332 5602     1876 1988    113      2      0    .593   2.72   6.01   .981   .762   .191   1.47   .207  -.008   1
 333 5603     1896 1988     93      2      0    .623   2.29   3.79   .691   .779   .156   1.41   .164   .063   1
 334 5604     1899 1988     90      2      0    .667   2.96   4.47   .642   .576   .159   1.33   .156   .014   1
 335 5605     1844 1988    145      4      1    .328   1.57   3.58   .985   .902   .240   1.90   .254   .005   2
 336 5606     1849 1988    140      4      2    .304   2.17   4.37   .881   .826   .195   1.55   .203  -.019   1
 337 5701     1907 1988     82      1      0    .686   1.60   3.32   .642   .879   .165   1.33   .183   .068   1
 338 5702     1907 1988     82      1      0    .607   1.69   3.55   .695   .788   .222   1.60   .227   .061   1
 339 5703     1866 1988    123      3      0    .537   1.08   2.86   .684   .908   .217   1.89   .255  -.046   1
 340 5704     1875 1988    114      2      0    .595   1.48   3.83   .640   .833   .192   1.57   .208   .056   1
 341 5705     1920 1988     69      1      1    .463   1.79   3.68   .608   .648   .239   1.60   .231   .005   1
 342 5706     1937 1988     52      0      0    .744   2.57   4.40   .828   .792   .182   1.38   .178  -.015   1
 343 5801     1873 1988    116      3      0    .552   1.44   3.06   .745   .909   .202   1.73   .212  -.026   1
 344 5802     1889 1988    100      2      0    .648   2.00   4.11   .749   .822   .192   1.71   .181   .006   3
 345 5803     1881 1988    108      2      0    .519   2.32   4.22   .697   .761   .162   1.55   .174   .022   1
 346 5804     1883 1988    106      2      0    .566   2.33   3.79   .506   .482   .174   1.48   .160   .060   0
 347 5805     1897 1988     92      2      0    .346   1.91   3.61   .638   .748   .176   1.80   .202   .004   1
 348 5806     1905 1988     84      1      0    .599   1.80   3.22   .615   .750   .187   1.56   .204  -.008   3
 349 5901     1904 1988     85      1      0    .637   3.31   6.62   .905   .604   .189   1.66   .198   .009   1
 350 5902     1909 1988     80      1      0    .513   2.18   3.47   .639   .765   .170   1.77   .181   .053   2
 351 5903     1901 1988     88      1      0    .632   2.69   4.83  1.102   .831   .211   2.14   .228   .121   1
 352 5904     1903 1988     86      1      0    .640   3.15   5.37   .780   .713   .150   1.46   .164   .031   1
 353 5905     1905 1988     84      1      0    .696   2.20   3.69   .765   .715   .215   1.57   .223   .001   1
 354 5906     1902 1988     87      1      0    .612   2.16   4.22   .925   .841   .216   1.57   .214   .032   1
 355 6001     1902 1988     87      1      0    .543   1.73   2.80   .411   .293   .225   1.44   .205   .003   2
 356 6002     1882 1988    107      2      2    .157   1.71   3.53   .592   .804   .151   1.80   .176  -.008   1
 357 6003     1884 1988    105      2      0    .470   1.80   3.26   .450   .542   .184   1.51   .196  -.006   1
 358 6004     1866 1988    123      3      0    .392   1.17   3.15   .603   .890   .188   1.44   .183   .070   2
 359 6005     1890 1988     99      2      0    .583   1.40   2.25   .363   .661   .171   1.41   .159   .015   2
 360 6006     1862 1988    127      3      0    .536   1.46   4.31   .586   .521   .257   2.26   .286  -.009   1
 361 6101     1845 1988    144      4      0    .519   1.23   2.67   .477   .827   .188   1.81   .204  -.004   1
 362 6102     1809 1988    180      5      0    .584   1.18   2.79   .535   .833   .216   1.60   .223  -.004   2
 363 6103     1846 1988    143      4      2    .362   1.41   3.91   .971   .875   .256   2.00   .256  -.006   3
 364 6104     1817 1988    172      5      0    .513   1.29   2.93   .570   .888   .169   1.44   .163  -.010   1
 365 6105     1819 1988    170      5      1    .441    .92   2.19   .412   .830   .211   1.52   .207  -.004   1
 366 6106     1817 1988    172      5      3    .373    .83   3.22   .768   .931   .253   1.91   .248  -.001   2
 367 6201     1909 1988     80      1      0    .399   2.03   7.23  1.254   .852   .301   1.64   .283   .057   2
 368 6202     1835 1988    154      4      2    .385   1.25   4.37   .593   .704   .275   2.07   .286   .043   1
 369 6203     1852 1988    137      3      0    .600   1.26   3.08   .535   .747   .247   1.58   .232  -.032   1
 370 6204     1854 1988    135      3      0    .500    .82   1.91   .380   .705   .256   2.52   .300   .015   1
 371 6205     1876 1988    113      2      1    .487   1.70   3.72   .888   .870   .225   1.49   .224  -.003   1
 372 6206     1874 1988    115      3      0    .718   1.93   4.65   .707   .623   .277   1.69   .253  -.010   1
 373 6301     1914 1988     75      1      0    .606   2.64   4.65   .965   .873   .160   1.33   .152  -.007   1
 374 6302     1898 1988     91      2      0    .468   2.15   4.22   .947   .734   .265   3.16   .355   .252   1
 375 6303     1903 1988     86      1      0    .556   1.84   3.58   .675   .787   .187   1.64   .183   .124   0
 376 6304     1933 1988     56      0      0    .571   3.45   5.47   .820   .490   .173   1.63   .183  -.022   1
 377 6305     1927 1988     62      0      0    .539   3.03   5.15   .871   .717   .181   1.40   .192  -.000   1
 378 6306     1909 1988     80      1      0    .641   3.02   4.47   .849   .810   .155   1.44   .162   .018   1
 379 6401     1896 1988     93      2      1    .424   2.28   4.26   .767   .514   .260   1.89   .280  -.001   1
 380 6402     1908 1988     81      1      0    .270   1.61   5.94  1.381   .895   .255   1.79   .275   .009   1
 381 6403     1907 1988     82      1      0    .397   1.72   3.70   .923   .869   .241   1.70   .245  -.031   1
 382 6404     1903 1988     86      1      0    .570   2.23   4.72  1.035   .883   .196   1.57   .197   .040   2
 383 6405     1896 1988     93      2      1    .419   2.41   7.76  1.361   .820   .269   1.83   .271  -.039   1
 384 6406     1933 1988     56      0      0    .429   4.44  11.49  2.266   .793   .274   1.74   .265  -.049   2
 385 6501     1924 1988     65      1      0    .618   3.28   7.08  1.414   .806   .239   1.55   .251   .053   1
 386 6502     1925 1988     64      0      0    .459   3.69   6.76  1.414   .729   .242   1.97   .260   .001   1
 387 6503     1936 1988     53      0      0    .557   3.55   6.50   .892   .375   .185   1.58   .201   .069   1
 388 6504     1936 1988     53      0      0    .541   2.91   5.22   .803   .585   .191   1.76   .213  -.057   1
 389 6505     1920 1988     69      1      0    .534   2.54   5.44  1.079   .820   .209   1.68   .219   .010   1
 390 6506     1946 1988     43      0      0    .442   3.87   7.20  1.581   .778   .213   1.53   .226   .010   1
 391 6601     1880 1988    109      2      0    .601   1.66   3.57   .812   .798   .288   1.55   .267   .037   1
 392 6602     1849 1988    140      4      0    .625   2.25   5.30  1.118   .853   .230   1.81   .243  -.042   1
 393 6603     1890 1988     99      2      0    .603   2.17   3.76   .699   .744   .196   1.42   .196   .000   1
 394 6604     1868 1988    121      3      0    .595   1.56   3.11   .542   .696   .240   1.80   .242   .040   1
 395 6605     1888 1988    101      2      0    .551   3.29   5.44  1.141   .667   .238   1.74   .237   .051   1
 396 6606     1873 1988    116      2      0    .605   2.19   3.82   .819   .733   .266   1.78   .253   .040   3
 397 6701     1892 1988     97      2      0    .621   2.36   5.19   .999   .844   .185   1.54   .188  -.011   1
 398 6702     1899 1988     90      2      0    .580   2.07   4.58   .916   .840   .205   1.66   .198   .008   1
 399 6703     1896 1988     93      2      0    .488   2.01   4.08   .881   .864   .206   1.38   .194   .044   1
 400 6704     1889 1988    100      2      0    .666   2.24   3.26   .465   .402   .185   1.49   .172   .003   3
 401 6705     1905 1988     84      1      0    .473   1.95   3.29   .531   .597   .211   1.40   .201   .006   1
 402 6706     1884 1988    105      2      0    .567   1.87   4.69  1.091   .923   .223   1.59   .223  -.009   1
 403 6801     1878 1988    111      2      0    .519   1.98   3.11   .486   .663   .153   1.43   .152   .023   2
 404 6802     1902 1988     87      1      0    .503   2.37   4.19   .716   .798   .152   1.42   .169   .018   1
 405 6803     1875 1988    114      2      0    .531   1.66   4.33  1.191   .918   .229   1.67   .227   .016   2
 406 6804     1885 1988    104      2      0    .683   1.98   3.54   .576   .586   .215   1.52   .212   .009   1
 407 6805     1864 1988    125      3      0    .608   1.84   4.15   .833   .846   .215   1.66   .216   .018   2
 408 6806     1867 1988    122      3      0    .449   1.69   4.37   .963   .913   .202   1.47   .200  -.084   1
 409 6901     1890 1988     99      2      1    .555   1.96   5.37  1.366   .839   .274   1.70   .289   .002   1
 410 6902     1888 1988    101      2      1    .425   1.80   5.51  1.190   .818   .299   1.63   .295  -.061   1
 411 6903     1896 1988     93      2      0    .484   2.57   7.41  1.718   .878   .247   1.58   .253   .002   3
 412 6904     1905 1988     84      1      0    .644   2.43   4.87  1.353   .910   .204   1.48   .209   .037   1
 413 6905     1924 1988     65      1      0    .546   2.39   3.36   .743   .547   .231   1.53   .230  -.016   1
 414 6906     1922 1988     67      1      0    .567   2.90   4.90  1.026   .797   .190   1.40   .203   .048   1
 415 7001     1932 1988     57      0      0    .356   3.36   6.58  1.300   .522   .303   1.67   .293   .151   0
 416 7002     1938 1988     51      0      0    .566   4.18   8.37  1.615   .694   .261   1.78   .285   .152   0
 417 7003     1945 1988     44      0      0    .535   4.18   8.62  1.653   .369   .340   2.22   .372   .098   1
 418 7004     1924 1988     65      1      0    .527   3.12   7.48  1.587   .748   .271   2.29   .339   .030   1
 419 7005     1940 1988     49      0      0    .625   3.61   7.28  1.519   .674   .271   1.69   .281   .069   1
 420 7006     1940 1988     49      0      0    .659   3.57   7.19  1.494   .672   .272   1.73   .280   .074   1
 421 7101     1895 1988     94      2      0    .629   2.42   5.08  1.245   .869   .201   1.44   .194  -.003   2
 422 7102     1890 1988     99      2      0    .549   2.67   5.19   .999   .726   .229   1.62   .233   .076   1
 423 7103     1907 1988     82      1      0    .676   2.34   5.72  1.305   .817   .238   1.87   .249  -.036   1
 424 7104     1906 1988     83      1      0    .645   2.54   5.40  1.151   .766   .240   1.51   .252  -.007   1
 425 7105     1926 1988     63      0      0    .553   2.59   4.76  1.120   .653   .302   2.91   .372   .165   1
 426 7106     1883 1988    106      2      0    .441   1.62   3.94   .950   .878   .259   1.57   .246   .010   2
 427 7201     1904 1988     85      1      0    .632   1.83   2.85   .490   .580   .193   1.60   .208   .047   1
 428 7202     1887 1988    102      2      0    .605   2.21   4.60   .689   .647   .192   1.61   .187  -.032   1
 429 7203     1912 1988     77      1      0    .654   1.84   3.61   .719   .786   .194   1.61   .211   .057   1
 430 7204     1915 1988     74      1      1    .334   1.91   4.26   .969   .901   .186   1.74   .225   .014   1
 431 7205     1925 1988     64      0      0    .397   2.43   4.05   .812   .724   .204   1.50   .208   .007   1
 432 7206     1896 1988     93      2      0    .492   2.00   3.80   .733   .698   .207   1.50   .208  -.009   1
 433 7301     1890 1988     99      2      0    .615   1.11   3.48   .589   .802   .236   1.71   .234   .033   1
 434 7302     1810 1988    179      5      0    .524    .76   3.43   .453   .850   .229   1.86   .239  -.019   1
 435 7303     1839 1988    150      4      0    .579   1.23   2.65   .513   .803   .220   1.62   .220  -.020   3
 436 7304     1852 1988    137      3      0    .575   1.39   3.08   .536   .724   .219   1.98   .239  -.046   1
 437 7305     1806 1988    183      5      0    .596   1.05   2.85   .433   .824   .211   1.62   .217  -.025   1
 438 7306     1808 1988    181      5      0    .572   1.11   3.13   .445   .739   .234   1.69   .236   .003   2
 439 7401     1891 1988     98      2      0    .469   2.22   4.33   .897   .891   .160   1.72   .172  -.034   3
 440 7402     1869 1988    120      3      2    .492   1.58   3.29   .664   .843   .182   1.59   .205   .005   1
 441 7403     1880 1988    109      2      1    .275   2.03   5.35   .853   .796   .188   1.58   .197   .057   2
 442 7404     1869 1988    120      3      2    .442   1.66   4.22   .901   .902   .212   1.53   .199  -.002   1
 443 7405     1873 1988    116      3      2    .512   1.45   3.06   .634   .749   .235   1.66   .225  -.002   1
 444 7406     1915 1988     74      1      0    .390   2.04   2.72   .374   .429   .146   1.53   .149  -.051   2
 445 7501     1892 1988     97      2      1    .415   1.78   4.15   .848   .865   .211   1.80   .232   .021   2
 446 7502     1794 1988    195      6      1    .570    .87   3.15   .565   .899   .226   1.58   .227   .000   2
 447 7503     1784 1988    205      6      0    .557    .84   2.36   .453   .853   .222   1.78   .231  -.031   1
 448 7504     1747 1988    242      6      0    .472    .76   2.12   .336   .788   .220   1.58   .218  -.003   1
 449 7505     1747 1988    242      6      0    .539    .98   2.35   .402   .779   .216   1.67   .213   .007   2
 450 7506     1747 1988    242      6      0    .537   1.09   3.18   .743   .936   .212   1.82   .219  -.029   1
 451 7601     1911 1988     78      1      0    .583   3.32   5.30   .831   .810   .124   1.30   .132  -.030   1
 452 7602     1937 1988     52      0      0    .444   4.67   6.87  1.419   .882   .123   1.24   .127   .020   3
 453 7603     1910 1988     79      1      0    .492   2.34   4.51   .808   .832   .165   1.33   .170   .011   1
 454 7604     1913 1988     76      1      0    .509   2.42   4.58   .959   .862   .189   1.41   .186   .058   1
 455 7605     1915 1988     74      1      0    .507   1.89   5.04   .993   .885   .194   1.59   .210  -.066   1
 456 7606     1906 1988     83      1      0    .459   2.28   6.23   .935   .847   .162   1.52   .179   .006   3
 457 7701     1874 1988    115      3      0    .445   1.78   3.73   .729   .869   .175   1.49   .180  -.051   1
 458 7702     1882 1988    107      2      0    .445   1.24   3.47   .725   .893   .180   1.62   .181  -.003   1
 459 7703     1883 1988    106      2      0    .477   1.50   2.78   .516   .842   .157   1.42   .167   .074   1
 460 7704     1877 1988    112      2      0    .446   1.80   3.93   .805   .838   .201   1.63   .195   .007   2
 461 7705     1874 1988    115      3      2    .273   1.70   3.04   .694   .816   .199   1.59   .214   .003   1
 462 7706     1844 1988    145      4      1    .354   1.83   3.83   .879   .880   .219   1.70   .223  -.028   1
 463 7801     1920 1988     69      1      0    .635   3.08   5.76  1.025   .595   .241   1.74   .239  -.002   1
 464 7802     1924 1988     65      1      0    .433   3.00   5.22   .869   .670   .190   1.38   .181   .164   0
 465 7803     1925 1988     64      0      0    .607   2.84   7.44  2.230   .926   .271   1.68   .283   .037   2
 466 7804     1903 1988     86      1      0    .500   2.83   5.44  1.077   .755   .220   1.64   .226   .006   1
 467 7805     1919 1988     70      1      0    .535   1.96   5.22  1.424   .943   .197   1.64   .200   .011   1
 468 7806     1918 1988     71      1      0    .566   2.83   7.05  1.810   .900   .226   1.46   .209   .092   0
 469 7901     1882 1988    107      2      2    .150   2.08   6.44  1.565   .903   .302   7.95   .729   .107   0
 470 7902     1852 1988    137      3      0    .473   1.53   7.19  1.355   .829   .292   2.10   .314   .009   1
 471 7903     1895 1988     94      2      0    .643   2.18   4.33   .899   .761   .262   1.60   .245   .020   2
 472 7904     1857 1988    132      3      0    .610   1.75   5.27  1.062   .823   .290   2.31   .315   .005   2
 473 7905     1892 1988     97      2      0    .580   1.51   3.13   .558   .682   .248   1.70   .251   .013   2
 474 7906     1838 1988    151      4      4    .109   1.63   7.69  1.670   .930   .259   2.04   .258  -.027   3
 475 8001     1831 1988    158      4      1    .421   1.37   2.81   .592   .851   .183   1.55   .192   .003   3
 476 8002     1838 1988    151      4      2    .466   1.13   3.71   .718   .902   .227   1.92   .252  -.015   3
 477 8003     1899 1988     90      2      1    .322   2.13   4.08   .794   .819   .187   1.76   .199   .104   1
 478 8004     1879 1988    110      2      0    .546   1.69   3.58   .715   .845   .192   1.62   .206   .098   1
 479 8005     1880 1988    109      2      0    .498   1.27   3.61   .683   .889   .186   1.59   .202  -.024   1
 480 8006     1897 1988     92      2      0    .532   1.75   3.80   .556   .612   .205   1.95   .227   .062   1
 481 8101     1784 1988    205      6      0    .373   1.26   4.54   .929   .887   .249   2.17   .291   .025   1
 482 8102     1814 1988    175      5      0    .496   1.09   2.40   .438   .763   .218   1.54   .237   .018   2
 483 8103     1818 1988    171      5      0    .340   1.44   3.65   .754   .830   .252   1.76   .275  -.024   1
 484 8104     1812 1988    177      5      0    .544   1.07   3.92   .783   .910   .249   1.94   .269  -.015   3
 485 8105     1799 1988    190      6      0    .452    .94   3.08   .619   .914   .238   1.83   .250   .005   1
 486 8106     1831 1988    158      4      2    .377   1.27   3.09   .772   .873   .248   2.04   .257   .003   1
 487 8201     1903 1988     86      1      0    .578   1.74   3.90   .915   .742   .293   1.74   .288  -.011   1
 488 8202     1880 1988    109      2      0    .539   2.52   6.33  1.548   .884   .254   1.78   .255   .011   2
 489 8203     1899 1988     90      2      0    .444   2.74   5.58   .964   .717   .214   1.77   .203  -.001   1
 490 8204     1917 1988     72      1      0    .660   2.30   5.08  1.071   .837   .230   1.56   .243  -.011   3
 491 8205     1880 1988    109      2      1    .418   2.10   4.46  1.081   .832   .249   1.75   .267   .016   1
 492 8206     1898 1988     91      1      0    .528   2.90   6.51  1.446   .816   .262   1.50   .261  -.059   3
 493 8301     1918 1988     71      1      0    .370   2.09   7.18  1.414   .785   .273   4.83   .556   .200   1
 494 8302     1923 1988     66      1      0    .426   2.20   5.19  1.277   .858   .230   1.84   .256   .027   2
 495 8303     1917 1988     72      1      0    .588   2.13   5.47  1.296   .837   .253   1.69   .269  -.045   1
 496 8304     1934 1988     55      0      0    .336   2.38   6.21  1.363   .763   .294   2.02   .337   .015   1
 497 8305     1951 1988     38      0      0    .616   3.04   5.04  1.045   .364   .362   1.67   .313  -.010   1
 498 8306     1898 1988     91      2      0    .474   1.29   2.44   .426   .510   .274   1.66   .261  -.012   1
 499 8401     1831 1988    158      4      0    .588   1.28   4.94   .968   .857   .256   1.92   .280  -.021   1
 500 8402     1845 1988    144      4      3    .383   1.41   4.26  1.042   .896   .270   2.54   .286  -.042   1
 501 8403     1834 1988    155      4      1    .483   1.50   4.74  1.056   .868   .290   2.20   .324   .000   1
 502 8404     1870 1988    119      3      1    .412   1.42   3.68   .896   .895   .244   1.97   .258   .173   2
 503 8405     1852 1988    137      3      0    .514   1.38   4.47  1.000   .908   .242   1.76   .236   .001   1
 504 8406     1823 1988    166      4      0    .533   1.26   5.99  1.200   .912   .284   2.58   .284  -.018   3
 505 8501     1935 1988     54      0      0    .382   3.38   5.47  1.297   .808   .199   1.63   .216  -.070   1
 506 8502     1952 1988     37      0      0    .566   3.49   5.69   .950   .583   .192   1.43   .203  -.008   1
 507 8503     1956 1988     33      0      0    .527   3.75   5.01   .635   .125   .178   1.25   .155  -.054   0
 508 8504     1949 1988     40      0      0    .499   3.58   6.08  1.162   .602   .232   1.72   .226  -.011   0
 509 8505     1947 1988     42      0      0    .615   3.27   5.36   .952   .698   .207   1.31   .181  -.025   2
 510 8506     1953 1988     36      0      0    .625   3.65   5.26   .804   .605   .175   1.30   .152   .158   0
 511 8601     1841 1988    148      4      1    .545   1.79   4.10   .699   .734   .208   2.09   .249   .062   1
 512 8602     1857 1988    132      3      0    .542   1.88   3.76   .699   .644   .254   1.88   .263   .054   3
 513 8603     1882 1988    107      2      2   -.073   1.67   3.25   .544   .604   .234   1.57   .224  -.010   1
 514 8604     1873 1988    116      3      1    .548   1.90   4.83   .891   .786   .235   2.16   .262   .047   1
 515 8605     1857 1988    132      3      0    .601   1.67   3.15   .557   .594   .238   1.59   .235  -.007   1
 516 8606     1780 1988    209      6      2    .319   1.73   7.41  1.405   .923   .289   2.55   .305  -.026   3
 517 8701     1897 1988     92      2      0    .533   2.15   4.90   .890   .792   .237   1.47   .220   .002   1
 518 8702     1916 1988     73                         2.84   7.18  1.560   .736   .281                         
 519 8703     1918 1988     71      1      0    .608   2.32   5.25   .982   .657   .227   1.75   .245   .016   1
 520 8704     1914 1988     75      1      0    .670   1.89   3.76   .860   .871   .204   1.38   .195   .014   1
 521 8705     1883 1988    106      2      0    .491   1.74   3.65   .622   .686   .227   1.66   .232  -.015   1
 522 8706     1860 1988    129      3      0    .473   2.17   4.62   .994   .790   .256   1.61   .244  -.003   1
 523 10101    1847 1988    142      4      0    .590   1.78   8.77  1.586   .946   .227   1.73   .241   .031   1
 524 10102    1873 1988    116      3      1    .587   2.27   8.57  1.507   .899   .233   1.63   .248   .024   1
 525 10103    1901 1988     88      1      0    .496   1.69   4.53   .990   .929   .186   1.50   .190   .039   1
 526 10104    1892 1988     97      2      0    .609   2.16   4.30   .891   .805   .210   1.40   .199   .014   1
 527 10105    1898 1988     91      2      0    .605   2.01   4.94  1.096   .887   .242   1.60   .226  -.011   1
 528 10106    1905 1988     84      1      0    .584   2.25   4.72  1.002   .836   .212   1.62   .207  -.016   1
 529 10201    1939 1988     50      0      0    .329   3.19   6.48  1.547   .853   .250   1.42   .233   .110   3
 530 10202    1934 1988     55      0      0    .384   2.78   4.94   .949   .767   .185   1.40   .202   .117   1
 531 10203    1941 1988     48      0      0    .334   3.48   8.59  1.849   .903   .176   1.46   .195  -.058   3
 532 10204    1933 1988     56      0      0    .476   3.34   9.48  2.126   .903   .233   1.67   .239   .137   1
 533 10205    1938 1988     51      0      0    .247   3.76   7.69  2.211   .901   .235   1.61   .247  -.053   2
 534 10206    1933 1988     56      0      0    .404   3.63   7.69  1.914   .874   .206   1.51   .225  -.040   1
 535 10301    1925 1988     64      0      0    .267   2.26   5.40   .871   .874   .173   1.27   .149  -.039   3
 536 10302    1948 1988     41      0      0    .593   2.21   3.47   .467   .154   .187   1.53   .190  -.000   0
 537 10303    1946 1988     43      0      0    .350   2.63   4.11   .719   .713   .137   1.60   .183   .008   1
 538 10304    1945 1988     44      0      0    .490   2.74   6.12  1.044   .832   .172   1.59   .166   .072   2
 539 10305    1953 1988     36      0      0    .339   3.54   5.33   .798   .575   .166   1.32   .173   .055   1
 540 10306    1926 1988     63      0      0    .454   2.85   5.58  1.270   .879   .174   1.50   .211   .182   1
 541 10401    1948 1988     41      0      0    .509   2.89   5.98  1.285   .833   .219   1.55   .233   .094   1
 542 10402    1921 1988     68      1      1    .301   1.77   3.86  1.094   .859   .290   1.83   .307  -.052   1
 543 10403    1923 1988     66      0      0    .348   2.00   5.47  1.630   .929   .323   1.79   .277   .045   3
 544 10404    1943 1988     46      0      0    .387   2.60   4.76  1.020   .830   .198   1.39   .187   .014   1
 545 10405    1931 1988     58      0      0    .409   2.89   5.83  1.609   .860   .223   1.37   .220   .015   1
 546 10406    1957 1988     32      0      0    .539   3.35   8.66  1.798   .827   .255   1.42   .222  -.002   3
 547 10501    1912 1988     77      1      0    .436   1.73   3.29   .498   .637   .190   1.50   .199   .045   1
 548 10502    1903 1988     86      1      0    .535   1.85   3.11   .459   .543   .193   1.51   .192  -.063   1
 549 10503    1909 1988     80      1      0    .487   1.82   3.65   .536   .597   .203   1.41   .191   .014   2
 550 10504    1900 1988     89      2      0    .344   1.92   3.47   .644   .847   .150   1.35   .139   .036   0
 551 10505    1922 1988     67      1      0    .405   2.00   3.15   .506   .668   .173   1.46   .175  -.008   1
 552 10506    1925 1988     64      0      0    .595   2.31   4.53  1.294   .924   .197   1.74   .211   .053   1
 553 10601    1941 1988     48      0      0    .550   3.24   6.44  1.648   .878   .198   1.44   .205   .077   2
 554 10602    1942 1988     47      0      0    .370   2.79   5.19  1.307   .907   .166   1.43   .166  -.194   1
 555 10603    1937 1988     52      0      0    .604   3.25   6.76  1.686   .888   .217   1.38   .213  -.034   1
 556 10604    1957 1988     32      0      0    .544   3.93   5.90   .968   .310   .208   1.57   .219   .117   0
 557 10605    1943 1988     46      0      0    .329   2.85   5.12  1.483   .871   .252   3.36   .431   .267   0
 558 10606    1955 1988     34      0      0    .633   4.16   6.73  1.202   .864   .127   1.24   .133   .030   1
 559 10701    1934 1988     55      0      0    .624   3.33   5.80  1.085   .709   .211   1.46   .221  -.055   1
 560 10702    1923 1988     66      1      0    .471   3.40   6.33  1.338   .910   .145   1.37   .141   .113   0
 561 10703    1928 1988     61      0      0    .529   3.34   5.22   .629   .437   .173   1.30   .147   .040   0
 562 10704    1927 1988     62      0      0    .511   3.13   6.30   .851   .628   .192   1.50   .192   .008   1
 563 10705    1928 1988     61      0      0    .609   2.75   4.22   .622   .674   .142   1.35   .136   .079   0
 564 10706    1902 1988     87      1      0    .356   3.01   5.72  1.594   .937   .190   1.68   .206  -.084   1
 565 10801    1858 1988    131      3      0    .382   1.29   4.26  1.026   .936   .260   2.25   .289   .120   0
 566 10802    1868 1988    121      3      0    .645   1.52   4.04   .887   .926   .197   1.60   .205  -.006   1
 567 10803    1866 1988    123      3      0    .502   1.61   3.79   .662   .791   .212   2.17   .245   .073   1
 568 10804    1872 1988    117      3      0    .572   1.68   4.51  1.211   .949   .231   2.05   .249   .022   1
 569 10805    1867 1988    122      3      0    .382   1.67   4.11  1.149   .919   .239   1.54   .239  -.023   1
 570 10806    1868 1988    121      3      0    .530   2.06   4.44  1.134   .917   .191   1.98   .208   .068   1
 571 10901    1851 1988    138      3      0    .525   1.58   3.72   .937   .909   .262   2.19   .279   .065   1
 572 10902    1852 1988    137      3      0    .629   2.00   5.62  1.562   .930   .249   1.62   .251   .009   1
 573 10903    1898 1988     91      2      0    .598   2.47   6.33  1.729   .931   .208   1.66   .233  -.003   1
 574 10904    1898 1988     91      2      0    .648   2.69   7.16  1.475   .864   .227   1.62   .238   .005   1
 575 10905    1899 1988     90      1      0    .664   1.76   4.65  1.229   .933   .211   1.93   .232   .020   3
 576 10906    1897 1988     92      2      0    .568   2.34   5.90  1.595   .942   .200   1.46   .203   .045   1
 577 11001    1912 1988     77      1      0    .707   1.73   4.51  1.134   .848   .276   1.87   .294   .025   1
 578 11002    1912 1988     77      1      0    .614   2.33   5.15  1.137   .854   .213   1.67   .192  -.138   0
 579 11003    1898 1988     91      2      0    .472   2.18   5.22  1.065   .832   .249   1.75   .265  -.041   1
 580 11004    1898 1988     91      2      0    .519   1.77   3.94   .908   .811   .244   1.91   .261   .063   1
 581 11005    1904 1988     85      1      0    .248   1.86   5.01  1.501   .904   .357   3.47   .491   .016   3
 582 11006    1902 1988     87      1      0    .480   2.28   7.01  1.755   .956   .185   1.43   .180  -.058   1
 583 11101    1960 1988     29      0      0    .551   3.39   4.94   .849   .573   .211   1.28   .193   .026   1
 584 11102    1953 1988     36      0      0    .715   3.17   4.90   .854   .635   .187   1.39   .167  -.095   1
 585 11103    1957 1988     32      0      0    .514   3.80   5.80  1.000   .521   .196   1.47   .202  -.053   1
 586 11104    1966 1988     23      0      0    .758   4.29   5.69   .777   .545   .147   1.31   .136   .248   0
 587 11105    1952 1988     37      0      0    .261   3.56   5.94  1.086   .740   .194   1.38   .191  -.108   1
 588 11106    1957 1988     32      0      0    .390   4.22   6.51  1.509   .736   .205   1.45   .181  -.032   0
 589 11201    1905 1988     84      1      0    .516   2.15   3.47   .744   .806   .189   1.60   .207   .062   1
 590 11202    1880 1988    109      2      0    .507   1.87   3.47   .718   .822   .189   1.53   .213  -.036   1
 591 11203    1873 1988    116      3      0    .534   1.46   3.77   .935   .948   .201   1.63   .208  -.005   1
 592 11204    1874 1988    115      2      0    .544   1.61   3.04   .730   .877   .204   1.63   .205  -.011   2
 593 11205    1876 1988    113      2      0    .544   2.09   4.62  1.313   .947   .186   1.49   .190  -.048   1
 594 11206    1866 1988    123      3      0    .603   1.36   3.61   .660   .859   .206   1.60   .220  -.015   1
 595 11301    1870 1988    119      3      0    .557   1.73   5.48  1.019   .880   .193   1.92   .212   .053   1
 596 11302    1855 1988    134      3      0    .572   1.45   3.43   .648   .877   .194   1.68   .212   .017   1
 597 11303    1873 1988    116      3      1    .137   1.56   5.40  1.508   .968   .224   4.84   .470  -.030   2
 598 11304    1866 1988    123      3      0    .522   1.95   5.12  1.050   .889   .189   1.51   .185   .012   1
 599 11305    1844 1988    145      4      0    .472   1.62   4.51  1.129   .938   .224   1.83   .234   .007   2
 600 11306    1875 1988    114      2      0    .572   2.09   4.37  1.325   .954   .182   1.76   .190   .012   1
 601 11401    1949 1988     40      0      0    .515   3.94   8.05  1.419   .868   .147   1.39   .149   .069   1
 602 11402    1953 1988     36      0      0    .405   3.68   7.07  1.231   .760   .173   1.38   .203   .100   1
 603 11403    1948 1988     41      0      0    .326   3.43   6.33  1.001   .711   .160   1.56   .190   .065   1
 604 11404    1947 1988     42      0      0    .309   3.04   4.90   .821   .554   .209   1.34   .197   .179   0
 605 11405    1946 1988     43      0      0    .350   2.79   5.08   .896   .699   .209   1.44   .200  -.016   1
 606 11406    1951 1988     38      0      0    .276   3.30   6.51  1.175   .805   .174   1.40   .176  -.032   3
 607 11501    1918 1988     71      1      0    .469   2.10   5.58   .959   .737   .229   1.67   .241   .012   1
 608 11502    1919 1988     70      1      0    .570   2.69   5.11   .962   .753   .204   1.62   .229   .002   1
 609 11503    1917 1988     72      1      0    .568   2.65   6.80  1.429   .810   .251   2.19   .302   .048   3
 610 11504    1921 1988     68      1      1    .298   4.52   7.41  1.139   .583   .198   1.42   .196   .032   1
 611 11505    1921 1988     68      1      0    .344   2.21   4.90  1.056   .778   .246   1.75   .278   .107   1
 612 11506    1914 1988     75      1      0    .552   2.24   5.94   .921   .682   .277   1.60   .266   .003   1
 613 11601    1939 1988     50      0      0    .623   3.43   7.51  1.319   .735   .221   1.64   .228  -.009   1
 614 11602    1949 1988     40      0      0    .443   2.83   4.69   .851   .629   .196   1.34   .191   .138   1
 615 11603    1944 1988     45      0      0    .514   3.54   7.59  1.124   .615   .204   1.53   .208   .070   1
 616 11604    1941 1988     48      0      0    .317   3.60   6.83  1.689   .728   .257   1.82   .261   .073   1
 617 11605    1938 1988     51      0      0   -.037   2.81   7.12  1.301   .771   .210   1.85   .260  -.026   2
 618 11606    1936 1988     53      0      0    .314   2.69   6.55  1.175   .742   .262   1.69   .259  -.013   1
 619 11701    1931 1988     58      0      0    .510   2.94   5.98  1.289   .830   .221   1.40   .226   .019   1
 620 11702    1929 1988     60      0      0    .369   2.83   6.55  1.248   .844   .205   1.72   .223   .018   1
 621 11703    1938 1988     51      0      0    .585   2.73   7.62  1.503   .890   .202   1.60   .201  -.056   1
 622 11704    1929 1988     60      0      0    .264   2.60   6.37  1.503   .870   .251   1.55   .266  -.013   1
 623 11705    1934 1988     55      0      0    .400   3.49   7.84  1.691   .847   .210   1.42   .204  -.026   3
 624 11706    1932 1988     57      0      0    .613   3.82   8.55  1.609   .795   .202   1.51   .214  -.094   1
 625 11801    1891 1988     98      2      0    .585   2.31   5.62  1.264   .927   .189   1.71   .195   .050   2
 626 11802    1880 1988    109      2      0    .508   2.54   4.15   .840   .737   .207   1.60   .220   .034   1
 627 11803    1879 1988    110      2      0    .646   2.56   5.80  1.389   .893   .236   1.77   .251   .017   1
 628 11804    1872 1988    117      3      1    .087   1.63   4.47  1.037   .927   .209  23.77  2.450   .461   3
 629 11805    1854 1988    135      3      0    .533   1.77   4.46  1.009   .896   .248   1.64   .246  -.014   2
 630 11806    1850 1988    139      3      0    .494   2.23   5.58  1.342   .922   .205   1.78   .211  -.005   1
 631 11901    1923 1988     66      1      0    .491   3.02   5.26  1.268   .823   .235   1.59   .225  -.012   2
 632 11902    1922 1988     67      1      0    .369   2.72   6.01  1.262   .679   .286   1.85   .292  -.084   3
 633 11903    1930 1988     59      0      0    .601   3.33   5.98  1.085   .769   .188   1.33   .187  -.002   1
 634 11904    1913 1988     76      1      0    .347   3.48   5.87  1.151   .770   .194   1.57   .195  -.061   3
 635 11905    1902 1988     87      1      0    .517   2.15   4.79  1.062   .730   .316   2.31   .330   .037   1
 636 11906    1911 1988     78      1      0    .275   4.56   7.73  1.458   .812   .173   1.38   .173   .004   1
 637 12001    1907 1988     82      1      0    .664   2.63   5.87  1.264   .886   .185   1.56   .209   .034   1
 638 12002    1912 1988     77      1      0    .580   1.86   3.65   .737   .825   .176   1.52   .186  -.050   1
 639 12003    1910 1988     79      1      0    .686   2.14   4.76   .796   .780   .199   1.57   .213   .021   1
 640 12004    1927 1988     62      0      0    .578   2.39   4.15   .692   .753   .165   1.43   .157   .130   0
 641 12005    1908 1988     81      1      0    .484   2.54   5.12   .947   .795   .207   1.54   .206   .024   1
 642 12006    1917 1988     72      1      0    .666   2.21   5.26  1.440   .950   .187   1.58   .198   .052   1
 643 12101    1926 1988     63      0      0    .623   3.13   5.94  1.065   .852   .154   1.32   .150   .003   1
 644 12102    1914 1988     75      1      1    .398   2.66   5.08  1.124   .878   .170   1.56   .175   .074   1
 645 12103    1927 1988     62      0      0    .551   2.92   4.54   .744   .740   .155   1.39   .158  -.050   1
 646 12104    1917 1988     72      1      0    .417   1.93   3.11   .605   .783   .166   1.53   .160   .061   2
 647 12105    1926 1988     63      0      0    .390   3.07   4.79  1.092   .778   .186   1.43   .184   .153   0
 648 12106    1927 1988     62      0      0    .647   2.88   5.44   .941   .727   .199   1.46   .193  -.003   1
 649 12201    1916 1988     73      1      0    .686   2.77   3.86   .676   .624   .179   1.48   .168   .022   0
 650 12202    1895 1988     94      2      1    .449   2.04   4.72  1.220   .908   .247   1.85   .277   .088   1
 651 12203    1917 1988     72      1      0    .398   2.29   5.37  1.378   .919   .194   1.33   .227   .138   1
 652 12204    1900 1988     89      1      0    .567   2.48   4.37   .980   .872   .189   1.64   .188   .016   1
 653 12205    1916 1988     73      1      0    .658   2.39   5.87  1.072   .881   .173   1.42   .178  -.029   1
 654 12206    1913 1988     76      1      0    .560   3.02   4.62   .711   .703   .148   1.32   .153  -.015   2
 655 12301    1916 1988     73      1      0    .601   3.42   6.48  1.199   .855   .166   1.31   .162  -.005   1
 656 12302    1923 1988     66      1      0    .495   3.27   4.65   .650   .714   .118   1.23   .119  -.003   1
 657 12303    1925 1988     64      0      0    .572   3.39   6.30  1.251   .803   .181   1.99   .215   .152   1
 658 12304    1905 1988     84      1      0    .490   2.64   5.08   .824   .768   .180   1.51   .189   .062   1
 659 12305    1931 1988     58      0      0    .430   4.46   6.44  1.056   .792   .120   1.33   .132   .063   1
 660 12306    1917 1988     72      1      0    .555   3.41   6.51  1.447   .899   .187   1.42   .186   .031   2
 661 12401    1922 1988     67      1      0    .412   2.64   5.51   .925   .830   .154   1.35   .145   .145   0
 662 12402    1916 1988     73      1      0    .593   1.71   3.26   .690   .832   .197   1.62   .190   .011   1
 663 12403    1918 1988     71      1      0    .558   1.79   2.88   .512   .782   .152   1.39   .150  -.019   1
 664 12404    1921 1988     68      1      0    .525   1.56   2.37   .357   .526   .194   1.36   .171  -.008   1
 665 12405    1920 1988     69      1      0    .518   1.53   2.88   .645   .811   .219   1.36   .203   .051   0
 666 12406    1916 1988     73      1      0    .555   1.93   3.84   .760   .880   .164   1.38   .160  -.034   1
 667 12501    1836 1988    153      4      0    .542   1.35   3.82   .726   .871   .204   1.69   .222  -.001   1
 668 12502    1857 1988    132      3      0    .641   1.74   3.43   .701   .821   .209   1.47   .206  -.035   1
 669 12503    1872 1988    117      3      0    .606   1.72   2.97   .650   .724   .237   2.14   .261   .063   1
 670 12504    1829 1988    160      4      0    .601   1.34   3.16   .595   .829   .221   1.71   .218   .006   1
 671 12505    1809 1988    180      5      0    .635   1.42   2.99   .590   .744   .263   1.72   .254  -.027   1
 672 12506    1843 1988    146      4      1    .501   1.33   2.74   .419   .658   .214   1.71   .214   .014   1
 673 12601    1889 1988    100      2      0    .534   2.27   7.98  1.390   .826   .263   1.84   .264   .073   2
 674 12602    1881 1988    108      2      0    .405   1.46   2.51   .426   .461   .249   1.64   .240   .024   2
 675 12603    1899 1988     90      2      0    .632   1.53   3.77   .665   .768   .229   1.73   .233  -.031   1
 676 12604    1907 1988     82      1      0    .589   2.13   4.92   .757   .767   .193   1.46   .196   .013   1
 677 12605    1906 1988     83      1      0    .573   1.76   4.01   .703   .805   .197   1.43   .201   .027   1
 678 12606    1901 1988     88      1      0    .513   1.70   3.20   .807   .809   .262   1.76   .247   .012   2
 679 12701    1870 1988    119      3      2    .435   1.96   6.13  1.015   .828   .209   1.91   .244   .024   1
 680 12702    1871 1988    118      3      0    .490   1.75   4.88   .858   .810   .232   1.56   .238   .044   1
 681 12703    1875 1988    114      2      0    .590   1.98   4.24   .761   .783   .213   1.58   .208  -.001   2
 682 12704    1867 1988    122      3      0    .514   1.90   5.40  1.486   .959   .206   1.70   .222  -.000   1
 683 12705    1870 1988    119      3      0    .572   2.08   4.90   .837   .777   .235   1.49   .221   .003   1
 684 12706    1885 1988    104      2      0    .484   2.64   5.04   .763   .578   .197   1.87   .221  -.027   1
 685 12801    1916 1988     73      1      0    .641   2.00   5.09   .788   .794   .184   1.67   .192  -.031   3
 686 12802    1900 1988     89      1      0    .555   1.83   3.61   .702   .866   .154   1.39   .154  -.018   1
 687 12803    1907 1988     82      1      0    .620   1.75   3.47   .863   .911   .158   1.40   .157  -.038   1
 688 12804    1901 1988     88      1      0    .557   1.88   4.11   .943   .844   .208   1.92   .224   .017   3
 689 12805    1901 1988     88      1      0    .526   1.97   4.33  1.219   .923   .205   1.76   .214   .007   1
 690 12806    1913 1988     76      1      0    .624   2.23   3.90   .729   .749   .187   1.43   .202   .055   1
 691 12901    1862 1988    127      3      0    .539   1.22   3.24   .626   .892   .194   1.71   .197  -.010   1
 692 12902    1872 1988    117      3      0    .665   1.90   3.66   .678   .760   .186   1.68   .215   .022   1
 693 12903    1866 1988    123      3      0    .579   1.88   4.69   .707   .671   .228   1.75   .233  -.022   1
 694 12904    1865 1988    124      3      0    .495   1.55   3.36   .712   .856   .210   1.83   .240  -.012   1
 695 12905    1866 1988    123      3      0    .590   1.61   3.22   .527   .656   .217   1.45   .192   .078   0
 696 12906    1858 1988    131      3      0    .603   2.10   5.76  1.007   .858   .219   1.63   .220   .060   1
 697 13001    1903 1988     86      1      0    .564   1.76   3.36   .580   .745   .186   1.45   .191  -.015   1
 698 13002    1895 1988     94      2      2    .405   1.88   4.65  1.346   .949   .199   1.55   .199  -.001   3
 699 13003    1872 1988    117      3      2    .451   1.40   3.29   .928   .901   .209   1.67   .217   .267   1
 700 13004    1908 1988     81      1      0    .548   2.32   4.69  1.130   .867   .206   1.63   .217   .015   1
 701 13005    1937 1988     52      0      0    .595   2.47   4.44  1.004   .831   .223   1.51   .225   .049   1
 702 13006    1902 1988     87      1      0    .414   2.27   5.08  1.528   .941   .205   1.73   .225   .031   1
 703 13101    1896 1988     93      2      0    .586   2.42   3.97   .609   .651   .168   1.63   .184  -.013   3
 704 13102    1888 1988    101      2      0    .658   1.89   3.86   .776   .836   .182   1.59   .187   .022   2
 705 13103    1897 1988     92      2      0    .531   2.52   5.76  1.066   .861   .193   1.44   .181  -.030   3
 706 13104    1879 1988    110      2      0    .489   1.98   5.15  1.027   .898   .209   1.36   .198  -.024   3
 707 13105    1899 1988     90      2      0    .549   2.06   3.79   .809   .772   .226   1.43   .209  -.007   1
 708 13106    1891 1988     98      2      0    .614   2.07   4.76   .822   .797   .215   1.47   .219  -.024   1
 709 13201    1908 1988     81      1      0    .580   2.12   4.65  1.143   .923   .191   1.49   .193   .046   1
 710 13202    1905 1988     84      1      0    .622   2.12   3.54   .526   .521   .207   1.31   .169  -.014   0
 711 13203    1906 1988     83      1      0    .521   2.34   5.19  1.070   .884   .183   1.57   .189   .028   3
 712 13204    1908 1988     81      1      0    .728   2.21   4.33  1.025   .931   .153   1.50   .160   .003   1
 713 13205    1913 1988     76      1      0    .580   2.35   4.01   .686   .781   .144   1.53   .163  -.004   1
 714 13206    1908 1988     81      1      0    .491   2.04   4.08   .736   .802   .182   1.46   .190  -.010   1
 715 13301    1927 1988     62      0      0    .584   2.12   4.33   .657   .686   .203   1.64   .201   .007   3
 716 13302    1920 1988     69      1      0    .650   3.03   5.72  1.072   .817   .173   1.30   .171   .004   1
 717 13303    1931 1988     58      0      0    .660   3.30   5.33   .932   .751   .176   1.51   .168   .035   2
 718 13304    1915 1988     74      1      0    .519   2.08   3.72   .752   .794   .186   1.52   .190   .032   3
 719 13305    1921 1988     68      1      0    .470   2.23   4.22   .754   .676   .243   1.50   .235   .034   1
 720 13306    1871 1988    118      3      1    .532   2.01   3.83   .569   .594   .214   1.61   .213   .015   1
 721 13401    1882 1988    107      2      0    .540   2.32   4.62   .969   .758   .235   1.57   .228  -.007   1
 722 13402    1914 1988     75      1      0    .561   2.73   4.33   .669   .667   .169   1.37   .163  -.025   1
 723 13403    1868 1988    121      3      1    .445   2.14   6.80  1.301   .923   .192   1.69   .200   .017   1
 724 13404    1913 1988     76      1      0    .679   2.17   3.43   .517   .673   .151   1.33   .149  -.015   2
 725 13405    1872 1988    117      3      2    .328   1.44   3.22   .633   .748   .241   1.72   .251   .049   1
 726 13406    1886 1988    103      2      1    .445   3.00   5.94   .933   .808   .157   1.45   .164   .040   1
 727 13501    1912 1988     77      1      0    .507   2.25   5.07   .995   .738   .268   1.78   .283  -.023   1
 728 13502    1910 1988     79      1      1    .162   2.00   4.83  1.131   .832   .260   1.87   .276   .074   1
 729 13503    1912 1988     77      1      0    .592   1.98   4.33  1.037   .798   .265   1.89   .285   .074   2
 730 13504    1919 1988     70      1      0    .641   1.88   4.76   .807   .640   .294   1.92   .283   .086   0
 731 13505    1915 1988     74      1      0    .653   2.24   4.22   .926   .796   .241   1.87   .270   .079   1
 732 13506    1910 1988     79      1      0    .579   1.63   3.29   .623   .676   .241   1.49   .233  -.027   1
 733 13601    1876 1988    113      2      0    .566   1.79   3.55   .905   .813   .348   2.05   .363   .009   1
 734 13602    1894 1988     95      2      0    .574   2.17   6.05  1.389   .722   .327   1.91   .358  -.002   3
 735 13603    1839 1988    150      4      0    .529   1.42   4.28   .825   .706   .321   2.34   .331   .023   1
 736 13604    1832 1988    157      4      0    .503   1.22   4.07   .641   .776   .276   1.85   .265  -.023   1
 737 13605    1878 1988    111      2      0    .620   1.60   3.36   .625   .743   .231   1.68   .245   .014   1
 738 13606    1849 1988    140      3      0    .621   1.37   4.74   .725   .799   .293   1.94   .291  -.040   3
 739 13701    1906 1988     83      1      0    .572   1.89   5.15  1.090   .841   .250   1.66   .243   .016   2
 740 13702    1908 1988     81      1      0    .532   1.55   3.41   .768   .825   .252   1.81   .254  -.028   1
 741 13703    1921 1988     68      1      0    .597   1.67   4.19   .939   .818   .268   1.85   .279  -.014   1
 742 13704    1908 1988     81      1      0    .638   1.86   5.04  1.372   .907   .244   1.86   .274   .034   1
 743 13705    1909 1988     80      1      0    .629   1.73   3.45   .684   .714   .257   1.81   .274  -.014   1
 744 13706    1914 1988     75      1      0    .650   1.68   4.94   .863   .630   .306   1.81   .354   .042   2
 745 13801    1904 1988     85      1      0    .454   2.30   3.83   .657   .630   .202   1.45   .205   .030   1
 746 13802    1913 1988     76      1      0    .713   2.38   4.58   .891   .789   .210   1.44   .194   .004   1
 747 13803    1898 1988     91      2      0    .641   2.45   5.08   .810   .750   .179   1.44   .184   .023   1
 748 13804    1909 1988     80      1      0    .679   2.08   4.97  1.184   .908   .189   1.53   .205  -.042   1
 749 13805    1911 1988     78      1      0    .589   2.19   4.11   .742   .746   .182   1.49   .183  -.049   1
 750 13806    1908 1988     81      1      0    .675   2.10   3.43   .550   .512   .217   1.53   .215  -.027   1
 751 13901    1949 1988     40      0      0    .561   3.02   5.08   .820   .811   .141   1.38   .148   .103   1
 752 13902    1939 1988     50      0      0    .655   3.20   5.37   .813   .496   .197   1.45   .196   .014   1
 753 13903    1944 1988     45      0      0    .797   3.52   6.15  1.099   .843   .150   1.31   .153   .009   1
 754 13904    1946 1988     43      0      0    .614   3.18   5.51  1.087   .793   .201   1.50   .199  -.110   1
 755 13905    1939 1988     50      0      0    .483   2.85   5.15   .846   .738   .186   1.41   .193  -.004   1
 756 13906    1938 1988     51      0      0    .609   2.57   4.40   .655   .508   .207   1.45   .201  -.002   1
 757 14001    1909 1988     80      1      0    .602   3.24   4.76   .661   .515   .156   1.37   .161   .012   1
 758 14002    1896 1988     93      2      0    .413   3.28   6.73  1.252   .860   .172   1.36   .180   .002   1
 759 14003    1893 1988     96      2      0    .538   2.51   5.40  1.105   .771   .243   1.68   .254  -.003   1
 760 14004    1886 1988    103      2      1    .490   2.41   5.72  1.010   .761   .219   1.63   .229  -.023   1
 761 14005    1851 1988    138      3      1    .417   1.87   6.12   .993   .772   .245   1.84   .266   .021   2
 762 14006    1843 1988    146      4      0    .581   2.20   5.40  1.226   .847   .256   1.51   .241   .011   1
 763 14101    1913 1988     76      1      0    .691   1.85   4.65  1.074   .871   .246   1.73   .272   .034   1
 764 14102    1905 1988     84      1      0    .636   1.67   3.83   .680   .689   .285   1.67   .273   .020   1
 765 14103    1906 1988     83      1      0    .587   2.11   3.90   .701   .672   .233   1.57   .242  -.054   1
 766 14104    1907 1988     82      1      0    .613   1.84   3.86   .694   .829   .196   1.48   .192  -.006   1
 767 14105    1914 1988     75      1      0    .626   1.54   4.62   .855   .815   .258   1.64   .256   .027   1
 768 14106    1904 1988     85      1      0    .448   1.97   3.83  1.185   .910   .283   2.98   .369   .287   1
 769 14201    1928 1988     61      0      0    .479   2.30   6.51  1.081   .777   .219   1.70   .247   .025   3
 770 14202    1900 1988     89      1      0    .525   1.94   3.18   .581   .610   .197   1.57   .188   .002   2
 771 14203    1927 1988     62      0      0    .445   2.44   4.76   .597   .414   .193   1.73   .194   .003   1
 772 14204    1904 1988     85      1      0    .591   2.21   4.29   .948   .782   .236   1.58   .241   .025   2
 773 14205    1922 1988     67      1      0    .649   2.86   4.33   .652   .547   .175   1.32   .173  -.023   1
 774 14206    1903 1988     86      1      0    .705   2.51   5.30   .884   .751   .211   1.54   .198   .010   3
 775 14301    1890 1988     99      2      0    .536   1.33   3.41   .789   .852   .290   1.74   .297  -.009   1
 776 14302    1885 1988    104      2      0    .526   1.56   4.17   .768   .757   .267   1.70   .265   .022   1
 777 14303    1883 1988    106      2      0    .402   1.35   3.36   .605   .779   .249   1.85   .246   .009   1
 778 14304    1883 1988    106                         1.82   4.69  1.192   .899   .222                         
 779 14305    1886 1988    103      2      0    .569   2.35   7.80  1.291   .885   .212   1.51   .214  -.059   3
 780 14306    1906 1988     83      1      0    .383   2.28   6.69  1.281   .875   .216   2.12   .276   .223   1
 781 14401    1903 1988     86      1      0    .493   2.57   5.90  1.373   .867   .256   1.95   .265  -.068   3
 782 14402    1914 1988     75      1      0    .601   2.74   6.30  1.388   .886   .201   1.57   .209  -.006   1
 783 14403    1913 1988     76      1      0    .677   2.73   5.04   .959   .836   .175   1.48   .185   .047   1
 784 14404    1923 1988     66      1      0    .450   1.91   4.72  1.093   .921   .213   1.90   .229   .137   1
 785 14405    1904 1988     85      1      1    .263   2.51   6.24  1.166   .757   .279   2.38   .307   .193   1
 786 14406    1912 1988     77      1      0    .507   2.12   5.22  1.043   .838   .213   1.67   .214   .002   3
 787 14501    1898 1988     91      2      0    .204   3.03   5.69  1.405   .886   .209  23.44  2.386   .788   0
 788 14502    1903 1988     86      1      0    .337   2.86   5.83  1.685   .916   .209   1.94   .261   .228   1
 789 14503    1906 1988     83      1      0    .457   1.89   4.79  1.095   .911   .226   1.73   .239   .026   1
 790 14504    1901 1988     88      1      0    .360   2.18   5.33  1.365   .949   .196   1.63   .200   .030   2
 791 14505    1894 1988     95      2      0    .549   2.46   6.62  1.842   .936   .274   2.73   .296   .133   2
 792 14506    1901 1988     88      1      0    .519   1.86   4.94  1.218   .910   .275   2.07   .289   .039   1
 793 14601    1882 1988    107      2      0    .567   1.56   3.20   .570   .673   .236   1.53   .223   .017   1
 794 14602    1881 1988    108      2      0    .494   1.53   3.82   .725   .819   .254   1.91   .256  -.006   1
 795 14603    1887 1988    102      2      1    .344   1.70   5.55  1.237   .902   .296   1.72   .293  -.029   3
 796 14604    1888 1988    101      2      0    .658   2.53   6.26  1.203   .823   .229   1.63   .233   .045   1
 797 14605    1889 1988    100      2      0    .554   1.98   3.47   .722   .727   .219   1.60   .221   .014   1
 798 14606    1889 1988    100      2      0    .517   1.88   4.94  1.120   .825   .248   1.77   .243  -.044   3
 799 14701    1906 1988     83      1      0    .376   2.50   5.37  1.159   .812   .211   1.71   .226   .085   1
 800 14702    1914 1988     75      1      0    .625   2.86   4.69   .929   .767   .176   1.59   .191   .047   1
 801 14703    1893 1988     96      2      1    .434   2.02   4.15   .854   .861   .204   1.57   .199  -.068   1
 802 14704    1900 1988     89      1      0    .456   1.59   4.04   .800   .862   .206   1.56   .234   .113   1
 803 14705    1908 1988     81      1      0    .432   2.77   6.58  1.192   .790   .204   1.79   .251   .020   1
 804 14706    1889 1988    100      2      0    .496   1.79   4.44   .807   .828   .222   1.57   .226  -.034   1
 805 14801    1887 1988    102      2      0    .642   1.91   4.40  1.047   .914   .176   1.42   .172  -.013   1
 806 14802    1893 1988     96      2      0    .497   1.78   4.72  1.106   .920   .206   1.61   .194   .002   1
 807 14803    1880 1988    109      2      0    .522   1.57   4.69  1.276   .945   .214   1.55   .206   .034   1
 808 14804    1900 1988     89      1      0    .581   1.73   4.04   .968   .932   .169   1.43   .179  -.000   1
 809 14805    1897 1988     92      2      2    .212   1.68   6.05  1.586   .959   .206   3.47   .388   .034   3
 810 14806    1886 1988    103      2      0    .644   2.21   5.12  1.350   .918   .216   1.62   .231   .025   1
 811 14901    1924 1988     65      1      0    .596   2.42   4.76   .887   .813   .171   1.48   .174  -.032   1
 812 14902    1918 1988     71      1      0    .658   1.98   5.01  1.516   .946   .199   1.63   .251   .076   1
 813 14903    1924 1988     65      1      0    .600   1.88   4.44   .986   .887   .201   1.48   .187   .017   1
 814 14904    1920 1988     69      1      0    .675   2.86   6.19  1.243   .812   .203   1.48   .190   .082   0
 815 14905    1921 1988     68      1      0    .586   2.35   5.65  1.195   .771   .250   1.52   .238   .081   0
 816 14906    1917 1988     72      1      0    .660   2.17   5.01  1.268   .922   .194   1.33   .182   .151   0
 817 15001    1918 1988     71      1      0    .368   2.52   6.37  1.262   .889   .193   1.42   .192   .019   3
 818 15002    1916 1988     73      1      1    .211   2.65   5.55  1.211   .875   .191   1.62   .201   .011   1
 819 15003    1919 1988     70                         2.28   5.72  1.472   .944   .253                         
 820 15004    1916 1988     73      1      0    .212   2.29   6.08  1.416   .920   .246   1.61   .233   .105   3
 821 15005    1917 1988     72      1      0    .195   2.65   5.72   .915   .801   .163   1.39   .180  -.036   1
 822 15006    1919 1988     70      1      0    .406   2.12   5.04  1.420   .929   .227   1.59   .223   .010   3
 823 15101    1909 1988     80      1      0    .563   1.70   3.83   .987   .879   .235   1.91   .276  -.004   1
 824 15102    1900 1988     89      1      0    .610   2.08   5.37  1.392   .920   .209   1.63   .225  -.011   1
 825 15103    1903 1988     86      1      0    .625   1.56   3.43   .859   .886   .239   1.59   .245  -.013   1
 826 15104    1902 1988     87      1      0    .479   1.98   4.69  1.005   .851   .253   1.72   .244  -.055   1
 827 15105    1904 1988     85      1      0    .547   1.82   4.19   .987   .890   .203   1.53   .209   .001   2
 828 15106    1905 1988     84      1      0    .615   2.02   4.94   .980   .886   .193   1.58   .202  -.012   1
 829 15201    1945 1988     44      0      0    .528   2.09   3.26   .580   .606   .195   1.43   .178   .071   2
 830 15202    1944 1988     45      0      0    .692   2.30   3.51   .495   .485   .181   1.44   .170  -.018   2
 831 15203    1946 1988     43      0      0    .507   3.33   4.76   .718   .611   .149   1.32   .154   .033   1
 832 15204    1943 1988     46      0      0    .505   2.44   4.11   .581   .683   .156   1.38   .153   .022   1
 833 15205    1938 1988     51      0      0    .529   2.35   5.30   .833   .612   .259   1.82   .248  -.048   3
 834 15206    1941 1988     48      0      0    .597   3.08   4.87   .637   .360   .179   1.35   .168   .133   0
 835 15301    1961 1988     28      0      0    .571   3.85   5.72   .969   .630   .179   1.29   .164   .157   0
 836 15302    1956 1988     33      0      0    .592   3.88   6.19   .826   .519   .165   1.38   .157   .181   0
 837 15303    1954 1988     35      0      0    .494   4.18   5.72   .648   .146   .156   1.34   .147   .052   0
 838 15304    1958 1988     31      0      0    .463   3.99   5.15   .642   .057   .171   1.28   .147  -.048   0
 839 15305    1961 1988     28      0      0    .621   4.55   6.05   .758   .600   .111   1.22   .126   .246   0
 840 15306    1939 1988     50      0      0    .478   3.33   7.16  1.869   .916   .193   1.38   .188  -.145   1
 841 15401    1851 1988    138      3      0    .552   1.39   3.26   .781   .903   .227   1.61   .222   .014   1
 842 15402    1846 1988    143      4      0    .589   1.20   2.83   .563   .768   .236   1.73   .253  -.020   1
 843 15403    1838 1988    151      4      0    .634   1.45   2.97   .610   .821   .188   1.51   .185   .012   3
 844 15404    1833 1988    156      4      0    .663   1.38   3.41   .479   .706   .226   1.63   .216   .008   1
 845 15405    1845 1988    144      4      0    .544   2.05   5.30   .981   .821   .229   1.77   .231  -.046   1
 846 15406    1843 1988    146      4      1    .494   2.02   5.87  1.388   .929   .190   1.50   .205  -.050   1
 847 15501    1933 1988     56      0      0    .400   1.98   4.40   .914   .727   .258   1.58   .281  -.025   1
 848 15502    1939 1988     50      0      0    .515   1.66   2.50   .507   .585   .224   1.58   .240  -.070   1
 849 15503    1955 1988     34      0      0    .430   3.27   5.44  1.066   .743   .153   1.65   .196  -.017   1
 850 15504    1919 1988     70      1      0    .403   1.79   4.40   .910   .847   .267   1.75   .274  -.041   1
 851 15505    1932 1988     57      0      0    .522   1.68   3.58   .535   .661   .222   1.59   .221  -.078   1
 852 15506    1930 1988     59      0      0    .422   2.00   5.30  1.155   .842   .246   1.80   .250  -.001   3
 853 15601    1892 1988     97      2      0    .507   2.12   4.58   .926   .889   .182   1.54   .194   .077   1
 854 15602    1877 1988    112      2      0    .645   2.36   4.29  1.032   .852   .198   1.83   .205   .003   1
 855 15603    1875 1988    114      2      0    .499   2.64   4.72   .807   .721   .189   1.51   .190   .001   1
 856 15604    1879 1988    110      2      0    .590   1.55   3.86   .802   .798   .272   1.90   .272  -.032   1
 857 15605    1892 1988     97      2      0    .585   2.26   3.58   .545   .433   .213   1.41   .197   .133   0
 858 15606    1904 1988     85      1      0    .528   1.61   2.99   .620   .825   .178   1.54   .170   .143   0
 859 15701    1916 1988     73      1      0    .367   2.23   3.61   .568   .638   .171   1.49   .182  -.000   1
 860 15702    1924 1988     65      0      0    .613   2.39   4.72   .701   .707   .167   1.43   .151   .029   2
 861 15703    1909 1988     80      1      0    .432   3.28   5.30   .950   .651   .176   1.78   .194   .038   1
 862 15704    1912 1988     77      1      0    .567   2.80   4.65   .812   .685   .188   1.42   .180   .064   0
 863 15705    1918 1988     71      1      0    .697   3.15   4.54   .540   .591   .128   1.28   .125   .136   0
 864 15706    1916 1988     73      1      0    .632   2.50   4.29   .662   .470   .223   1.52   .190  -.036   3
 865 15801    1901 1988     88      1      0    .467   1.94   3.69   .857   .871   .195   1.43   .198   .026   2
 866 15802    1900 1988     89      1      0    .576   1.68   4.94   .906   .920   .188   1.32   .179   .044   2
 867 15803    1900 1988     89      1      0    .481   1.67   3.54   .670   .804   .200   1.95   .208   .095   2
 868 15804    1902 1988     87      1      0    .652   1.86   4.69  1.076   .926   .195   1.55   .193  -.054   3
 869 15805    1897 1988     92      2      0    .425   2.78   5.58   .859   .748   .177   1.45   .180  -.033   3
 870 15806    1912 1988     77      1      0    .466   2.50   7.23  1.241   .812   .233   1.67   .244  -.044   3
 871 15901    1908 1988     81      1      0    .555   2.82   5.51   .862   .578   .234   1.35   .206   .016   1
 872 15902    1905 1988     84      1      0    .507   2.63   5.94  1.605   .913   .230   1.81   .281   .094   1
 873 15903    1912 1988     77      1      0    .630   2.07   5.58  1.109   .851   .238   1.79   .247   .021   1
 874 15904    1914 1988     75      1      0    .658   2.48   4.11   .842   .813   .163   1.38   .179   .025   1
 875 15905    1913 1988     76      1      0    .456   1.86   4.33   .821   .771   .220   2.95   .345   .293   1
 876 15906    1904 1988     85      1      0    .482   2.88   8.12  1.520   .876   .185   1.43   .198  -.048   3
 877 16001    1914 1988     75      1      0    .763   2.21   6.01  1.603   .905   .287   1.86   .275   .016   1
 878 16002    1910 1988     79      1      0    .599   1.95   3.97   .822   .826   .220   1.45   .215   .025   1
 879 16003    1911 1988     78      1      0    .568   2.21   4.44   .877   .767   .217   1.50   .218   .030   2
 880 16004    1908 1988     81      1      0    .695   1.41   3.47   .825   .873   .251   1.61   .236  -.004   1
 881 16005    1916 1988     73      1      0    .729   1.98   4.22   .804   .821   .193   1.55   .195   .005   1
 882 16006    1914 1988     75      1      0    .407   1.76   4.04  1.066   .897   .275   3.19   .438   .263   2
 883 16101    1893 1988     96      2      0    .524   2.42   5.37  1.246   .875   .231   1.97   .253  -.016   1
 884 16102    1899 1988     90      2      0    .649   2.14   4.65   .795   .656   .250   1.78   .243   .017   1
 885 16103    1885 1988    104      2      0    .604   3.31   6.58  1.550   .805   .236   2.35   .279  -.012   1
 886 16104    1887 1988    102      2      0    .488   1.98   5.08  1.299   .904   .299   2.47   .322   .106   1
 887 16105    1892 1988     97      2      0    .588   2.25   6.30  1.820   .922   .207   1.82   .224   .039   1
 888 16106    1895 1988     94      2      0    .665   2.26   5.30  1.151   .837   .252   1.65   .270   .026   1
 889 16201    1898 1988     91      2      0    .529   2.75   4.54  1.033   .786   .206   1.66   .201  -.011   1
 890 16202    1900 1988     89      1      0    .560   1.59   2.68   .552   .645   .239   1.45   .222   .013   1
 891 16203    1899 1988     90      2      0    .716   1.58   3.51   .696   .804   .227   1.52   .233  -.008   1
 892 16204    1877 1988    112      2      0    .602   1.87   3.58   .662   .534   .283   1.59   .261  -.042   1
 893 16205    1888 1988    101      2      0    .407   1.40   4.62  1.401   .888   .385   2.29   .397  -.002   2
 894 16206    1893 1988     96      2      0    .594   2.23   3.94   .850   .755   .236   1.65   .244   .106   1
 895 16301    1897 1988     92      2      0    .592   1.77   3.33   .745   .836   .207   1.53   .202   .014   3
 896 16302    1891 1988     98      2      0    .484   2.23   4.87  1.317   .893   .234   1.76   .233   .005   1
 897 16303    1891 1988     98      2      0    .669   1.77   3.86   .744   .785   .227   1.50   .233  -.012   3
 898 16304    1886 1988    103      2      0    .512   1.70   5.40  1.129   .916   .233   1.80   .247   .003   3
 899 16305    1906 1988     83      1      0    .677   2.02   3.76   .717   .754   .198   1.61   .223  -.006   1
 900 16306    1892 1988     97      2      0    .675   1.82   3.11   .524   .675   .183   1.48   .192  -.032   1
 901 16401    1915 1988     74      1      0    .629   3.17   7.80  1.833   .891   .227   1.75   .247   .039   1
 902 16402    1910 1988     79      1      0    .600   2.05   3.83   .814   .738   .240   1.56   .211  -.125   0
 903 16403    1906 1988     83      1      0    .582   2.97   7.16  2.086   .929   .266   1.73   .328   .044   1
 904 16404    1922 1988     67      1      0    .607   2.36   4.04   .741   .614   .214   1.72   .226   .042   3
 905 16405    1920 1988     69      1      0    .726   2.41   5.98  1.245   .800   .256   1.99   .300  -.031   3
 906 16406    1915 1988     74      1      0    .551   2.62   5.80  1.533   .876   .274   1.82   .297  -.070   1
 907 16501    1901 1988     88      1      0    .652   2.41   5.08  1.101   .879   .178   1.50   .186   .026   1
 908 16502    1908 1988     81      1      0    .523   2.66   4.47   .718   .690   .179   1.42   .176   .001   1
 909 16503    1904 1988     85      1      0    .388   1.81   3.54   .673   .763   .226   1.46   .208   .046   2
 910 16504    1914 1988     75      1      0    .612   2.45   3.79   .575   .315   .225   1.44   .203   .090   0
 911 16505    1922 1988     67      1      0    .531   1.78   3.08   .498   .434   .227   1.51   .226   .016   1
 912 16506    1921 1988     68      1      0    .497   2.44   3.61   .518   .362   .201   1.37   .184   .012   2
 913 16601    1898 1988     91      2      0    .578   2.13   5.55  1.495   .910   .301   2.32   .296   .005   2
 914 16602    1895 1988     94      2      0    .370   1.94   5.55  1.545   .940   .310   2.11   .361  -.006   1
 915 16603    1907 1988     82      1      0    .630   2.32   5.19  1.093   .854   .216   1.58   .216  -.017   1
 916 16604    1910 1988     79      1      0    .483   2.30   4.40   .952   .808   .196   1.60   .212   .043   1
 917 16605    1916 1988     73      1      0    .437   2.45   4.40   .678   .545   .217   1.57   .226   .024   1
 918 16606    1900 1988     89      1      0    .545   2.56   4.62   .977   .837   .191   1.48   .195  -.011   1
 919 16701    1928 1988     61      0      0    .494   2.79   4.44   .768   .630   .191   1.33   .171   .120   0
 920 16702    1925 1988     64      0      0    .638   2.72   5.55  1.250   .884   .183   1.47   .190   .092   1
 921 16703    1918 1988     71      1      0    .704   3.44   5.40  1.162   .836   .159   1.60   .173  -.002   1
 922 16704    1928 1988     61      0      0    .397   3.39   5.51   .937   .769   .149   1.33   .146   .144   0
 923 16705    1927 1988     62      0      0    .519   3.61   6.33  1.575   .878   .167   1.55   .176   .072   1
 924 16706    1931 1988     58      0      0    .537   3.15   4.97   .742   .624   .153   1.39   .154   .087   2
 925 16801    1898 1988     91      2      0    .401   2.00   4.19   .784   .842   .171   1.50   .187  -.059   1
 926 16802    1910 1988     79      1      0    .479   1.51   2.44   .406   .530   .215   1.58   .220   .042   1
 927 16803    1906 1988     83      1      0    .535   1.88   6.37  1.423   .924   .216   1.70   .239   .040   1
 928 16804    1900 1988     89      1      0    .510   2.30   4.54   .815   .783   .190   1.51   .198  -.017   1
 929 16805    1915 1988     74      1      0    .376   2.27   4.58   .787   .691   .221   1.62   .217   .020   3
 930 16806    1924 1988     65      1      1    .344   2.84   4.40   .676   .547   .193   1.44   .178  -.048   1
 931 16901    1887 1988    102      2      0    .564   1.52   3.79   .948   .925   .225   1.69   .214  -.037   1
 932 16902    1891 1988     98      2      1    .503   1.72   2.79   .485   .689   .180   1.44   .184  -.022   1
 933 16903    1893 1988     96      2      0    .551   1.73   3.86   .947   .905   .187   1.46   .202   .021   1
 934 16904    1890 1988     99      2      0    .587   1.42   3.97  1.038   .936   .216   1.69   .224  -.029   1
 935 16905    1890 1988     99      2      0    .514   1.14   3.26   .922   .926   .267   2.98   .376   .009   1
 936 16906    1898 1988     91      2      0    .474   1.36   5.12  1.075   .939   .255   1.56   .210   .043   0
 937 17001    1915 1988     74      1      0    .473   2.50   4.47   .788   .843   .152   1.33   .144   .119   0
 938 17002    1914 1988     75      1      1    .346   2.88   4.29   .681   .800   .124   1.24   .132  -.015   1
 939 17003    1928 1988     61      0      0    .549   3.23   5.62   .896   .678   .184   1.43   .166   .089   0
 940 17004    1931 1988     58      0      0    .480   3.23   4.76   .849   .851   .124   1.21   .123  -.108   3
 941 17005    1933 1988     56      0      0    .376   2.97   6.76  1.766   .942   .181   1.56   .215   .059   3
 942 17006    1922 1988     67      1      0    .507   3.00   5.58  1.212   .789   .237   2.03   .274  -.001   3
 943 17101    1897 1988     92      2      0    .520   1.35   3.61   .736   .860   .226   1.49   .222   .006   2
 944 17102    1907 1988     82      1      0    .453   2.03   4.54   .890   .885   .174   1.40   .172   .009   2
 945 17103    1904 1988     85      1      0    .524   2.03   4.15   .657   .668   .202   1.67   .200   .007   1
 946 17104    1915 1988     74      1      0    .563   1.63   4.26  1.129   .928   .236   1.79   .256   .097   1
 947 17105    1905 1988     84      1      0    .504   1.84   3.97   .790   .745   .240   1.88   .260  -.031   1
 948 17106    1894 1988     95      2      0    .568   2.78   5.26   .773   .773   .149   1.45   .157  -.041   1
 949 17201    1881 1988    108      2      0    .620   1.88   4.33   .801   .776   .237   1.81   .247   .008   1
 950 17202    1881 1988    108      2      0    .582   1.71   3.47   .616   .806   .185   1.43   .183  -.015   2
 951 17203    1878 1988    111      2      0    .549   1.75   4.40   .951   .918   .196   1.42   .181   .011   2
 952 17204    1886 1988    103      2      0    .681   2.08   4.44   .862   .790   .255   1.71   .251   .026   1
 953 17205    1845 1988    144      4      1    .437   1.38   6.63  1.254   .866   .259   2.04   .259  -.031   3
 954 17206    1885 1988    104      2      0    .705   2.32   4.69  1.037   .903   .170   1.32   .178   .045   1
 955 17301    1915 1988     74      1      0    .198   2.73   7.23  2.099   .940   .239  36.21  4.155   .871   0
 956 17302    1900 1988     89      1      0    .539   2.10   5.90  1.486   .941   .216   1.58   .212  -.105   1
 957 17303    1925 1988     64      0      0    .498   3.03   6.08  1.452   .859   .207   1.56   .228  -.021   1
 958 17304    1893 1988     96      2      0    .365   1.92   6.91  1.228   .781   .304   1.89   .308   .025   3
 959 17305    1936 1988     53      0      0    .582   3.04   6.94  1.055   .605   .248   1.38   .224  -.050   1
 960 17306    1923 1988     66      1      0    .650   2.56   4.69   .917   .747   .204   1.46   .205   .007   1
 961 17401    1917 1988     72      1      0    .372   2.61   5.44   .835   .707   .187   1.52   .202  -.021   1
 962 17402    1906 1988     83      1      0    .502   2.54   5.51  1.154   .848   .222   1.63   .208  -.042   3
 963 17403    1915 1988     74      1      0    .700   2.32   4.69  1.083   .843   .221   1.53   .220   .043   2
 964 17404    1913 1988     76      1      0    .552   2.74   5.55  1.295   .795   .265   1.85   .272  -.011   1
 965 17405    1914 1988     75      1      0    .454   2.49   4.01   .529   .319   .186   1.45   .179   .038   2
 966 17406    1913 1988     76      1      0    .441   3.04   4.90   .849   .533   .201   1.60   .205   .009   3
 967 17501    1889 1988    100      2      0    .580   1.98   4.14  1.024   .857   .237   1.82   .254  -.006   1
 968 17502    1859 1988    130      3      0    .652   1.74   3.76   .807   .840   .210   1.43   .206   .006   2
 969 17503    1886 1988    103      2      0    .780   1.49   4.08  1.109   .932   .238   1.74   .255  -.029   1
 970 17504    1884 1988    105      2      0    .671   1.93   4.33   .907   .856   .196   1.63   .196   .108   0
 971 17505    1879 1988    110      2      0    .439   1.56   5.58  1.179   .910   .237   1.80   .283   .348   1
 972 17506    1856 1988    133      3      0    .645   1.74   6.30  1.390   .916   .217   1.77   .253   .004   1
 973 17601    1871 1988    118      3      0    .655   1.75   3.52   .565   .816   .151   1.51   .158   .018   3
 974 17602    1854 1988    135      3      1    .536   1.20   2.39   .440   .804   .210   1.64   .206   .024   2
 975 17603    1846 1988    143      4      0    .593   1.40   4.30   .836   .902   .206   1.56   .214  -.024   3
 976 17604    1863 1988    126      3      0    .574   1.05   2.78   .528   .883   .223   1.61   .219   .002   3
 977 17605    1853 1988    136      3      2    .396   1.21   2.19   .470   .821   .202   1.54   .194   .006   3
 978 17606    1844 1988    145      4      0    .588   1.52   3.18   .585   .855   .169   1.49   .180   .029   1
 979 17701    1906 1988     83      1      0    .642   2.94   4.22   .643   .632   .155   1.33   .150  -.011   2
 980 17702    1912 1988     77      1      0    .751   2.42   3.33   .423   .485   .150   1.24   .136   .075   0
 981 17703    1914 1988     75      1      0    .635   2.56   3.90   .503   .424   .173   1.41   .164   .019   2
 982 17704    1920 1988     69      1      0    .601   2.44   3.94   .676   .717   .178   1.29   .161   .091   0
 983 17705    1905 1988     84      1      0    .588   2.50   4.22   .514   .543   .159   1.40   .158  -.010   1
 984 17706    1913 1988     76      1      0    .666   2.62   3.97   .695   .725   .158   1.52   .165  -.012   1
 985 17801    1892 1988     97      2      1    .457   2.87   6.80   .852   .748   .156   1.79   .178   .073   1
 986 17802    1890 1988     99      2      0    .401   2.74   5.55  1.026   .836   .166   1.34   .156   .056   2
 987 17803    1895 1988     94      2      0    .461   2.63   4.58   .913   .812   .184   1.30   .176  -.037   3
 988 17804    1889 1988    100      2      1    .424   2.75   5.80  1.374   .851   .203   1.70   .235  -.009   3
 989 17805    1896 1988     93      2      1    .335   3.48   6.30  1.420   .882   .169   1.64   .188   .033   1
 990 17806    1890 1988     99      2      0    .402   2.58   4.58   .738   .779   .157   1.39   .161  -.001   3
 991 17901    1885 1988    104      2      0    .600   1.50   3.40   .701   .860   .232   1.58   .224  -.007   1
 992 17902    1878 1988    111      2      0    .624   1.68   5.58   .833   .864   .214   1.54   .219   .066   1
 993 17903    1874 1988    115      3      1    .450   1.66   5.66  1.331   .954   .235   1.62   .232  -.019   1
 994 17904    1881 1988    108      2      0    .505   1.65   2.99   .712   .805   .210   1.55   .218   .007   3
 995 17905    1872 1988    117      3      0    .607   1.88   5.04   .927   .919   .175   1.48   .179  -.000   2
 996 17906    1865 1988    124      3      0    .596   1.61   4.51  1.049   .931   .212   1.63   .212   .010   1
 997 18001    1910 1988     79      1      0    .683   2.09   5.51  1.301   .916   .194   1.54   .211  -.016   1
 998 18002    1902 1988     87      1      0    .438   2.07   4.76  1.142   .905   .200   1.51   .193   .001   1
 999 18003    1899 1988     90      1      0    .617   1.55   3.29   .679   .828   .216   1.50   .205  -.005   3
1000 18004    1896 1988     93      2      0    .619   2.01   5.87  1.571   .936   .207   1.56   .194  -.016   3
1001 18005    1889 1988    100      2      0    .573   1.70   4.17   .897   .834   .198   1.79   .227  -.041   1
1002 18006    1888 1988    101      2      0    .626   3.07   5.90  1.114   .810   .177   1.52   .176   .013   1
1003 18101    1873 1988    116      3      0    .512   1.68   4.79  1.161   .930   .247   1.94   .253   .000   1
1004 18102    1880 1988    109      2      0    .440   2.53   5.65  1.153   .843   .227   1.62   .227  -.004   1
1005 18103    1890 1988     99      2      0    .421   3.44   8.05  1.704   .873   .199   3.02   .290   .108   1
1006 18104    1895 1988     94      2      0    .572   2.41   4.47  1.018   .849   .183   1.43   .198   .020   1
1007 18105    1877 1988    112      2      0    .495   1.94   6.12  1.226   .895   .214   1.68   .236  -.049   3
1008 18106    1893 1988     96      2      0    .632   3.26   5.90  1.303   .840   .180   1.60   .186  -.020   3
1009 18201    1960 1988     29      0      0    .404   3.06   4.72   .687   .423   .192   1.34   .190  -.062   1
1010 18202    1954 1988     35      0      0    .554   2.85   4.87  1.039   .566   .296   1.64   .295  -.104   1
1011 18203    1956 1988     33      0      0    .314   3.71   5.33  1.290   .789   .206   1.29   .196   .015   1
1012 18204    1956 1988     33      0      0    .230   3.05   4.69  1.079   .766   .208   1.35   .202   .012   1
1013 18205    1956 1988     33      0      0    .393   2.43   5.65  1.178   .782   .261   1.79   .306  -.054   1
1014 18206    1949 1988     40      0      0    .253   2.42   4.40   .955   .629   .225   1.54   .224  -.060   3
1015 18301    1838 1988    151      4      1    .403   1.19   4.54   .705   .806   .272   2.05   .283  -.005   1
1016 18302    1833 1988    156      4      1    .482   1.57   3.16   .660   .766   .266   1.83   .261  -.004   1
1017 18303    1849 1988    140      4      0    .579   2.02   3.86   .583   .617   .204   1.57   .209  -.023   1
1018 18304    1838 1988    151      4      0    .599   1.57   4.01   .872   .859   .239   1.71   .230   .003   1
1019 18305    1857 1988    132      3      0    .645   1.64   3.43   .893   .878   .229   1.75   .231   .011   1
1020 18306    1829 1988    160      4      0    .607   1.69   3.75   .659   .783   .198   1.70   .211   .016   1
1021 18401    1910 1988     79      1      0    .548   2.62   3.76   .534   .649   .146   1.44   .152   .026   1
1022 18402    1908 1988     81      1      0    .547   1.98   3.79   .613   .672   .180   1.45   .180  -.038   3
1023 18403    1908 1988     81      1      0    .533   2.17   3.47   .523   .681   .153   1.37   .154   .045   1
1024 18404    1914 1988     75      1      0    .756   1.92   3.61   .771   .835   .181   1.40   .191  -.025   1
1025 18405    1920 1988     69      1      0    .523   2.35   3.76   .703   .813   .147   1.42   .156  -.020   1
1026 18406    1921 1988     68      1      0    .504   2.89   4.47   .687   .708   .153   1.30   .154   .018   2
1027 18501    1914 1988     75      1      0    .421   2.35   3.61   .518   .666   .144   1.39   .151   .026   1
1028 18502    1924 1988     65      1      0    .410   2.69   4.87   .926   .765   .201   1.46   .206   .141   0
1029 18503    1917 1988     72      1      0    .505   2.20   4.47   .693   .763   .166   1.50   .160   .006   1
1030 18504    1916 1988     73      1      0    .430   2.76   6.58  1.242   .858   .172   1.58   .187  -.010   1
1031 18505    1911 1988     78      1      0    .543   2.93   4.94   .815   .824   .140   1.35   .135   .019   1
1032 18506    1911 1988     78      1      0    .581   2.42   4.11   .867   .836   .174   1.48   .194  -.001   1
1033 18601    1827 1988    162      4      4    .254   1.11   2.72   .505   .843   .197   1.72   .212   .003   3
1034 18602    1776 1988    213      6      6    .308    .95   3.11   .488   .913   .161   1.46   .178   .024   1
1035 18603    1785 1988    204      6      5    .299    .77   2.56   .384   .856   .201   1.76   .218   .013   2
1036 18604    1809 1988    180      5      2    .412    .86   2.48   .444   .868   .195   1.68   .204   .035   2
1037 18605    1749 1988    240      6      3    .266    .61   3.47   .463   .932   .206   1.58   .216   .015   2
1038 18606    1749 1988    240      6      3    .389    .51   1.98   .338   .922   .186   1.65   .197  -.018   1
1039 18701    1888 1988    101      2      0    .470   1.52   3.29   .904   .944   .165   1.44   .180   .005   1
1040 18702    1878 1988    111      2      0    .631   1.56   3.48   .794   .902   .170   1.40   .181   .007   1
1041 18703    1842 1988    147      4      1    .521   1.27   3.96   .769   .890   .216   1.85   .229  -.044   1
1042 18704    1917 1988     72      1      0    .442   3.02   5.08   .884   .784   .149   1.47   .160   .019   1
1043 18705    1879 1988    110      2      0    .377   2.01   4.26  1.230   .942   .197   1.51   .219  -.020   1
1044 18706    1855 1988    134      3      1    .473   1.65   3.90   .932   .914   .181   1.85   .199  -.007   3
1045 18801    1905 1988     84      1      0    .564   2.15   5.04  1.467   .958   .189   2.34   .221  -.001   1
1046 18802    1906 1988     83      1      0    .624   1.93   5.04  1.503   .957   .213   1.65   .219   .105   0
1047 18803    1907 1988     82      1      0    .650   2.67   4.94   .968   .812   .182   1.49   .191   .056   1
1048 18804    1908 1988     81      1      0    .722   2.02   4.44   .914   .850   .218   1.43   .207  -.046   1
1049 18805    1882 1988    107      2      0    .552   1.91   2.95   .517   .634   .180   1.49   .187   .020   1
1050 18806    1855 1988    134      3      0    .472   1.36   3.15   .677   .795   .266   2.59   .312  -.015   1
1051 18901    1967 1988     22      0      0    .342   3.88   6.01  1.053   .604   .174   1.43   .187  -.073   1
1052 18902    1964 1988     25      0      0    .444   4.73   7.51  1.738   .647   .206   1.32   .182   .038   0
1053 18903    1963 1988     26      0      0    .452   4.16   6.15   .834   .457   .164   1.37   .159   .033   1
1054 18904    1961 1988     28      0      0    .424   3.24   5.19   .790   .412   .200   1.52   .190   .149   0
1055 18905    1970 1988     19      0      0   -.001   4.29   6.91  1.328   .363   .289   1.60   .282   .253   0
1056 18906    1968 1988     21      0      0    .026   3.49   5.33  1.085   .433   .219   1.54   .223   .090   0
1057 19001    1964 1988     25      0      0    .675   4.06   6.98  1.345   .360   .256   1.47   .278   .151   0
1058 19002    1968 1988     21      0      0    .299   2.53   4.87  1.019   .802   .199   1.45   .184   .010   0
1059 19003    1968 1988     21      0      0    .347   2.78   4.37   .760   .410   .256   1.32   .200  -.152   0
1060 19004    1968 1988     21      0      0    .368   3.68   6.15  1.279   .778   .204   1.36   .173  -.121   0
1061 19005    1964 1988     25      0      0    .617   3.20   4.51   .566   .417   .160   1.27   .127  -.165   3
1062 19006    1966 1988     23      0      0    .143   2.98   4.19   .733   .640   .173   1.29   .180  -.105   2
1063 19101    1919 1988     70      1      0    .593   2.14   3.52   .557   .717   .156   1.46   .155   .016   2
1064 19102    1892 1988     97      2      1    .472   2.29   4.19  1.073   .905   .181   1.92   .213   .210   1
1065 19103    1902 1988     87      1      0    .533   1.82   2.95   .553   .767   .170   1.55   .183   .023   1
1066 19104    1926 1988     63      0      0    .678   2.83   3.94   .549   .530   .150   1.33   .148   .011   1
1067 19105    1864 1988    125      3      1    .445   1.98   4.33   .948   .892   .184   1.42   .175  -.003   1
1068 19106    1775 1988    214      6      6    .321    .91   3.41   .861   .953   .244   1.89   .255   .029   1
1069 19201    1861 1988    128      3      1    .434   1.83   4.76  1.112   .864   .213   1.64   .217   .036   3
1070 19202    1891 1988     98      2      0    .481   2.37   4.94   .967   .723   .244   1.45   .238  -.056   1
1071 19203    1899 1988     90      2      0    .655   2.78   4.87   .776   .524   .212   1.52   .220   .007   1
1072 19204    1877 1988    112      2      0    .578   2.30   5.90  1.002   .784   .195   1.66   .215   .027   3
1073 19205    1865 1988    124      3      2    .200   1.95   7.91  1.784   .913   .273   1.80   .290   .008   1
1074 19206    1909 1988     80      1      0    .670   2.81   4.37   .603   .384   .188   1.52   .181   .005   1
1075 19301    1920 1988     69      1      0    .533   2.74   5.15   .894   .685   .209   1.66   .218  -.032   1
1076 19302    1921 1988     68      1      0    .456   2.34   4.51   .781   .699   .196   1.74   .204  -.032   1
1077 19303    1920 1988     69      1      0    .446   2.07   3.54   .560   .572   .211   1.51   .197  -.117   3
1078 19304    1916 1988     73      1      0    .549   3.19   6.44  1.157   .761   .191   1.47   .177   .030   2
1079 19305    1918 1988     71      1      0    .600   3.41   5.72   .987   .548   .205   1.44   .214  -.001   1
1080 19306    1899 1988     90      2      0    .507   2.93   6.83  1.263   .794   .210   1.64   .223   .007   1
1081 19401    1850 1988    139      3      1    .463   1.49   3.06   .577   .837   .186   1.63   .196   .009   1
1082 19402    1847 1988    142      4      0    .474   1.15   2.76   .432   .855   .158   1.37   .174   .003   1
1083 19403    1817 1988    172      5      0    .573   1.95   4.62   .880   .869   .193   1.66   .207   .050   1
1084 19404    1810 1988    179      5      2    .239   1.72   3.70   .737   .841   .181   1.48   .193  -.025   1
1085 19405    1803 1988    186      5      0    .547   1.46   3.69   .775   .852   .265   1.68   .247  -.019   1
1086 19406    1799 1988    190      5      0    .483   1.69   3.40   .589   .740   .203   1.58   .200  -.018   3
1087 19501    1918 1988     71      1      0    .334   2.82   6.30  1.123   .756   .226   1.73   .235  -.013   1
1088 19502    1918 1988     71      1      1    .325   4.00  12.59  2.584   .886   .219   1.54   .242  -.002   1
1089 19503    1919 1988     70      1      0    .456   3.44   8.27  1.713   .878   .211   1.52   .205   .017   2
1090 19504    1916 1988     73      1      1    .373   2.43   5.04  1.208   .837   .238   1.40   .215  -.027   3
1091 19505    1899 1988     90      2      0    .476   2.75   8.05  1.627   .812   .236   1.68   .279  -.049   1
1092 19506    1914 1988     75      1      0    .336   2.43   8.87  1.262   .747   .248   2.15   .270  -.004   1
1093 19601    1867 1988    122      3      0    .479   1.85   3.29   .425   .396   .200   1.65   .190  -.016   3
1094 19602    1859 1988    130      3      1    .344   2.13   4.87  1.136   .933   .161   1.41   .169   .009   1
1095 19603    1835 1988    154      4      0    .528   2.19   4.33   .792   .796   .178   1.74   .211  -.026   1
1096 19604    1845 1988    144      4      1    .441   1.56   3.65   .874   .892   .192   1.54   .188   .008   1
1097 19605    1851 1988    138      3      0    .513   1.88   3.43   .482   .631   .181   1.40   .177  -.010   3
1098 19606    1833 1988    156      4      1    .404   1.38   5.19   .811   .850   .218   2.08   .235  -.018   3
1099 19701    1874 1988    115      2      0    .484   2.12   5.06  1.128   .901   .213   1.93   .228  -.011   2
1100 19702    1878 1988    111      2      0    .635   2.58   4.65   .854   .814   .167   1.52   .161   .007   1
1101 19703    1873 1988    116      3      0    .494   1.89   4.58  1.348   .960   .187   1.69   .185   .014   1
1102 19704    1876 1988    113      2      0    .472   1.88   3.43   .775   .897   .161   1.46   .166  -.006   1
1103 19705    1880 1988    109      2      0    .457   2.06   4.15   .577   .659   .191   1.44   .182  -.007   1
1104 19706    1877 1988    112      2      0    .493   2.38   4.19   .889   .847   .175   1.45   .176   .002   1
1105 19801    1859 1988    130      3      1    .453   1.73   5.62  1.137   .861   .254   1.84   .283   .007   2
1106 19802    1885 1988    104      2      0    .599   2.53   8.59  1.351   .701   .332   2.07   .324   .023   1
1107 19803    1888 1988    101      2      0    .508   1.63   3.52   .997   .868   .250   1.88   .272   .003   2
1108 19804    1877 1988    112      2      0    .388   2.20   5.19  1.420   .909   .277   1.94   .289   .023   1
1109 19805    1881 1988    108      2      0    .550   2.00   6.40   .965   .666   .286   2.00   .292  -.008   1
1110 19806    1873 1988    116      3      0    .617   1.60   3.65   .716   .798   .215   1.75   .236  -.019   1
1111 19901    1946 1988     43      0      0    .483   4.57   8.84  2.173   .888   .167   1.46   .178   .137   1
1112 19902    1944 1988     45      0      0    .348   3.85   7.01  1.568   .832   .167   1.41   .174   .038   0
1113 19903    1940 1988     49      0      0    .516   4.11   7.76  1.659   .836   .178   1.46   .197  -.079   1
1114 19904    1939 1988     50      0      0    .414   4.50   9.62  2.762   .919   .256   1.88   .285   .278   2
1115 19905    1948 1988     41      0      0    .506   3.82   6.94  1.229   .759   .170   1.51   .186  -.003   1
1116 19906    1942 1988     47      0      0    .515   5.38  11.41  2.871   .886   .200   1.36   .193  -.204   1
1117 20001    1910 1988     79      1      0    .450   2.75   7.08  1.278   .799   .230   1.73   .246  -.017   1
1118 20002    1918 1988     71      1      0    .594   1.92   2.93   .475   .486   .206   1.48   .197  -.004   1
1119 20003    1908 1988     81      1      0    .516   2.64   5.90   .848   .637   .216   1.57   .214   .001   1
1120 20004    1904 1988     85      1      0    .570   1.92   3.33   .681   .741   .208   1.47   .207  -.007   1
1121 20005    1901 1988     88      1      0    .505   2.93   5.76  1.277   .775   .233   1.75   .241  -.033   1
1122 20006    1902 1988     87      1      0    .515   2.03   4.01   .738   .727   .208   1.56   .218   .013   1
1123 20101    1814 1988    175      5      1    .511   1.72   6.12  1.129   .899   .198   1.55   .203   .009   2
1124 20102    1797 1988    192      6      1    .498   1.33   5.96   .868   .910   .218   1.55   .207  -.004   3
1125 20103    1765 1988    224      6      0    .526   1.12   7.69  1.117   .933   .249   2.00   .262  -.029   1
1126 20104    1849 1988    140      4      1    .454   1.32   3.84  1.100   .943   .284   2.05   .287  -.021   1
1127 20105    1755 1988    234      6      5    .215    .99   3.92   .880   .908   .257   2.08   .272  -.001   3
1128 20106    1865 1988    124      3      2    .370   1.80   3.64   .961   .906   .183   1.55   .184   .009   1
1129 20201    1829 1988    160      4      0    .569   1.35   3.55   .718   .817   .234   1.82   .241  -.003   2
1130 20202    1845 1988    144      4      1    .389    .81   2.74   .599   .916   .219   1.94   .219   .002   2
1131 20203    1765 1988    224      6      0    .390    .81   1.84   .400   .813   .271   1.84   .251   .064   2
1132 20204    1853 1988    136      3      2    .485    .88   2.33   .406   .732   .248   2.15   .249  -.016   1
1133 20205    1855 1988    134      3      0    .609   1.34   2.40   .479   .787   .192   1.44   .190   .032   1
1134 20206    1844 1988    145      4      0    .541   1.23   3.01   .537   .839   .213   1.52   .203  -.024   1
1135 20301    1930 1988     59      0      0    .535   3.26   6.51  1.415   .850   .205   1.42   .186   .148   0
1136 20302    1929 1988     60      0      0    .606   2.85   5.51  1.725   .942   .169   1.47   .168   .159   0
1137 20303    1931 1988     58      0      0    .732   3.22   4.87   .760   .657   .165   1.36   .152  -.032   1
1138 20304    1930 1988     59      0      0    .643   2.68   5.01  1.288   .883   .182   1.43   .196  -.031   1
1139 20305    1937 1988     52      0      0    .584   3.69   5.65   .775   .468   .168   1.36   .153  -.018   0
1140 20306    1936 1988     53      0      0    .678   3.29   5.58  1.074   .869   .135   1.21   .126   .116   0
1141 20401    1826 1988    163      4      0    .537   1.22   3.51   .688   .890   .214   1.66   .222   .010   2
1142 20402    1778 1988    211      6      2    .435   1.43   2.92   .489   .762   .194   1.52   .199   .005   3
1143 20403    1860 1988    129      3      1    .535   1.76   4.12   .817   .902   .191   1.83   .218  -.128   1
1144 20404    1802 1988    187      5      1    .475   1.25   3.02   .618   .846   .209   1.64   .204   .001   2
1145 20405    1796 1988    193      6      0    .609   1.02   3.54   .546   .879   .197   1.60   .208   .012   2
1146 20406    1789 1988    200      6      0    .518   1.04   4.04   .802   .925   .213   2.39   .232  -.002   1
1147 20501    1947 1988     42      0      0    .638   3.90   6.30  1.191   .759   .164   1.29   .155  -.026   3
1148 20502    1933 1988     56      0      0    .370   3.84   7.19  1.711   .831   .189   1.79   .227   .021   1
1149 20503    1935 1988     54      0      0    .527   4.31   7.23  1.268   .791   .154   1.28   .146  -.028   1
1150 20504    1888 1988    101      2      0    .645   2.55   5.47  1.295   .907   .196   1.77   .209  -.029   1
1151 20505    1908 1988     81      1      0    .514   2.77   6.37  1.554   .915   .203   1.66   .210  -.030   1
1152 20506    1903 1988     86      1      0    .471   2.22   5.15  1.055   .874   .190   1.43   .192   .040   1
1153 20601    1852 1988    137      3      0    .680   1.99   3.50   .502   .587   .177   1.68   .172  -.013   1
1154 20602    1844 1988    145      4      0    .547   1.40   3.82   .597   .787   .208   1.58   .203  -.006   3
1155 20603    1841 1988    148      4      1    .472   1.06   3.84   .880   .865   .287   2.93   .412   .016   1
1156 20604    1855 1988    134      3      0    .505   1.39   2.99   .509   .654   .234   1.50   .222  -.030   1
1157 20605    1832 1988    157      4      0    .447   1.39   4.74   .785   .876   .210   1.76   .239  -.047   1
1158 20606    1840 1988    149      4      0    .639   1.07   2.30   .488   .794   .245   1.83   .249  -.054   1
1159 20701    1910 1988     79      1      0    .636   2.12   3.61   .675   .720   .196   1.54   .194   .077   1
1160 20702    1902 1988     87      1      0    .495   1.82   4.31  1.083   .877   .221   1.58   .223  -.005   1
1161 20703    1925 1988     64      0      0    .633   2.85   4.69   .780   .585   .211   1.42   .197  -.057   1
1162 20704    1887 1988    102      2      1    .407   1.59   4.58   .941   .877   .220   1.57   .215   .007   3
1163 20705    1924 1988     65      1      1    .287   2.55   5.58   .788   .556   .211   1.84   .234   .027   1
1164 20706    1878 1988    111      2      0    .577   1.82   5.04   .946   .861   .219   1.57   .218  -.016   3
1165 20801    1862 1988    127      3      2    .346   1.22   2.65   .588   .793   .228   3.71   .348  -.013   2
1166 20802    1882 1988    107      2      0    .593   1.45   5.04   .993   .905   .225   1.71   .234   .051   1
1167 20803    1870 1988    119      3      0    .446   1.39   3.24   .574   .775   .227   1.56   .233  -.005   1
1168 20804    1856 1988    133      3      0    .341   1.31   3.16   .697   .816   .251   1.74   .258   .031   1
1169 20805    1854 1988    135      3      0    .597   1.24   2.37   .485   .771   .237   1.64   .215   .010   1
1170 20806    1874 1988    115      3      0    .568   1.69   4.31   .718   .731   .237   1.84   .246  -.012   1
1171 20901    1909 1988     80      1      0    .585   2.31   5.51  1.265   .836   .251   1.45   .253  -.043   1
1172 20902    1882 1988    107      2      0    .538   1.40   3.18   .787   .839   .273   2.16   .272  -.033   1
1173 20903    1883 1988    106      2      0    .509   1.47   3.08   .629   .688   .281   1.76   .267  -.018   1
1174 20904    1874 1988    115      3      0    .575   1.17   2.86   .604   .870   .203   1.54   .211  -.071   1
1175 20905    1859 1988    130      3      2    .353   1.11   4.11   .754   .884   .259   1.98   .259   .035   1
1176 20906    1909 1988     80      1      0    .345   1.46   3.51   .980   .870   .296   1.51   .286  -.085   1
1177 21001    1912 1988     77      1      0    .599   2.68   5.01  1.240   .886   .202   1.71   .209  -.027   1
1178 21002    1917 1988     72      1      0    .463   2.41   3.72   .710   .734   .186   1.40   .176  -.027   1
1179 21003    1926 1988     63      0      0    .443   2.97   6.87  1.427   .848   .215   1.55   .206   .030   0
1180 21004    1919 1988     70      1      0    .570   2.87   4.65   .970   .716   .216   1.49   .201  -.010   1
1181 21005    1922 1988     67      1      0    .625   2.30   4.15  1.031   .867   .220   1.59   .195   .015   0
1182 21006    1908 1988     81      1      0    .548   2.29   6.37  1.647   .963   .170   1.46   .169   .019   2
1183 21101    1900 1988     89      1      0    .684   2.19   4.24   .857   .800   .201   1.66   .211  -.004   2
1184 21102    1901 1988     88      1      0    .391   2.52   6.69   .989   .797   .185   1.57   .182  -.014   2
1185 21103    1920 1988     69      1      0    .561   3.13   4.65   .706   .493   .182   1.40   .171   .151   0
1186 21104    1911 1988     78      1      0    .470   3.09   6.48  1.154   .724   .225   1.64   .236   .050   1
1187 21105    1916 1988     73      1      0    .645   2.49   4.47   .785   .720   .181   1.42   .184   .022   1
1188 21106    1886 1988    103      2      0    .579   2.50   5.58  1.033   .817   .206   1.67   .209   .031   1
1189 21201    1906 1988     83      1      0    .426   2.41   4.97  1.120   .798   .257   2.74   .298   .102   1
1190 21202    1936 1988     53      0      0    .581   3.79   7.85  1.170   .619   .196   1.62   .212   .024   1
1191 21203    1914 1988     75      1      0    .560   2.57   4.15   .839   .612   .231   1.54   .227   .076   3
1192 21204    1907 1988     82      1      0    .549   2.87   6.30  1.225   .894   .146   1.39   .167  -.020   3
1193 21205    1913 1988     76      1      0    .581   3.24   7.48  1.602   .909   .172   1.63   .188   .013   1
1194 21206    1915 1988     74      1      0    .449   3.67   7.69  1.349   .673   .223   1.87   .255  -.017   1
1195 21301    1950 1988     39      0      0    .250   2.06   6.91  1.825   .939   .249   1.48   .230   .100   2
1196 21302    1958 1988     31      0      0    .453   2.74   7.05  2.023   .920   .188   1.47   .181  -.082   1
1197 21303    1965 1988     24      0      0    .539   2.84   5.75  1.470   .873   .185   1.48   .209  -.054   1
1198 21304    1963 1988     26      0      0    .320   3.11   5.92  1.674   .940   .151   1.29   .159  -.077   1
1199 21305    1955 1988     34      0      0    .278   2.59   6.24  1.764   .934   .210   1.52   .193   .166   0
1200 21306    1964 1988     25      0      0    .337   3.43   7.21  2.039   .962   .152   1.38   .154  -.181   1
1201 21401    1885 1988    104      2      1    .440   1.93   4.01   .834   .866   .185   1.38   .178  -.022   1
1202 21402    1791 1988    198      6      2    .271   1.29   6.42  1.049   .914   .237   2.06   .275  -.008   1
1203 21403    1866 1988    123      3      0    .666   1.67   3.89   .709   .863   .184   1.47   .185  -.011   1
1204 21404    1913 1988     76      1      0    .594   2.12   3.89   .614   .671   .190   1.36   .198  -.007   1
1205 21405    1797 1988    192      6      0    .508   1.07   3.52   .517   .840   .220   1.68   .220   .012   2
1206 21406    1913 1988     76      1      0    .624   2.32   4.69   .858   .775   .196   1.53   .208   .088   1
1207 21501    1885 1988    104      2      0    .589   2.89   6.33  1.033   .815   .175   1.38   .175  -.026   1
1208 21502    1871 1988    118      3      0    .486   2.32   6.33  1.087   .752   .260   1.92   .276  -.006   1
1209 21503    1875 1988    114      2      0    .569   2.41   5.98  1.462   .905   .220   1.98   .230   .012   1
1210 21504    1880 1988    109      2      0    .664   2.60   5.15   .754   .605   .200   1.61   .210   .013   1
1211 21505    1864 1988    125      3      3    .276   2.41   4.76  1.218   .850   .222   2.20   .256   .012   1
1212 21506    1871 1988    118      3      0    .436   2.22   4.76  1.020   .832   .236   1.64   .239  -.033   1
1213 21601    1880 1988    109      2      0    .563   1.50   3.50   .671   .828   .216   2.01   .238  -.043   1
1214 21602    1838 1988    151      4      0    .481   1.64   5.47  1.153   .923   .253   1.77   .257   .102   0
1215 21603    1894 1988     95      2      0    .513   2.40   4.72   .749   .753   .175   1.70   .174   .013   1
1216 21604    1871 1988    118      3      0    .614   1.81   3.79   .624   .678   .214   1.99   .237  -.034   1
1217 21605    1880 1988    109      2      0    .602   1.91   3.94   .829   .784   .229   1.87   .250  -.034   1
1218 21606    1854 1988    135      3      0    .421   1.99   4.01   .978   .862   .213   1.68   .210   .006   1
1219 21701    1956 1988     33      0      0    .213   5.04  11.13  1.806   .605   .197   1.79   .217   .042   2
1220 21702    1959 1988     30      0      0    .220   4.21   6.91  1.585   .784   .168   1.30   .179  -.130   1
1221 21703    1959 1988     30      0      0    .065   4.57   7.94  2.370   .892   .201   1.36   .184  -.069   1
1222 21704    1942 1988     47      0      0    .581   3.42   6.62  1.575   .757   .203   1.83   .254  -.073   1
1223 21705    1961 1988     28      0      0    .157   4.44   8.98  1.853   .609   .268   1.62   .278  -.091   1
1224 21706    1957 1988     32      0      0    .190   4.57  10.66  2.041   .756   .226   1.43   .226  -.075   3
1225 21801    1870 1988    119      3      1    .522   2.22   5.51  1.054   .858   .199   1.82   .224   .015   2
1226 21802    1867 1988    122      3      0    .515   2.10   6.33  1.343   .918   .203   1.54   .204   .009   1
1227 21803    1848 1988    141      4      1    .439   1.38   3.68   .727   .856   .201   1.99   .226  -.010   2
1228 21804    1887 1988    102      2      0    .559   3.05   5.12   .860   .705   .182   1.38   .186   .039   1
1229 21805    1883 1988    106      2      0    .614   2.53   5.62  1.418   .924   .214   1.52   .222   .041   1
1230 21806    1857 1988    132      3      0    .505   1.73   5.30   .880   .860   .198   1.57   .216   .021   3
1231 21901    1845 1988    144      4      0    .514   1.08   2.12   .491   .810   .239   1.68   .238   .040   2
1232 21902    1845 1988    144      4      0    .631   1.75   3.55   .719   .768   .207   1.51   .206  -.043   1
1233 21903    1833 1988    156      4      0    .496   1.29   3.47   .884   .925   .229   1.74   .240   .027   3
1234 21904    1897 1988     92      2      0    .647   2.44   4.29   .915   .820   .183   1.37   .179   .002   1
1235 21905    1899 1988     90      2      0    .521   2.14   5.04   .830   .820   .166   1.53   .185  -.022   1
1236 21906    1898 1988     91      2      0    .616   2.66   5.52  1.002   .828   .190   1.44   .189   .004   1
1237 22001    1915 1988     74      1      0    .329   2.74   4.37   .652   .502   .184   1.44   .179   .109   0
1238 22002    1905 1988     84      1      0    .523   2.33   5.65  1.441   .911   .227   1.74   .218  -.016   1
1239 22003    1914 1988     75      1      0    .409   3.52   5.98  1.213   .787   .182   1.43   .182  -.026   1
1240 22004    1906 1988     83      1      0    .351   2.91   6.15  1.129   .803   .178   1.48   .202   .019   1
1241 22005    1925 1988     64      0      0    .402   3.51   6.33  1.337   .680   .239   1.69   .246  -.065   1
1242 22006    1887 1988    102      2      0    .466   2.33   5.62  1.105   .816   .221   1.87   .243  -.028   1
1243 22101    1897 1988     92      2      0    .590   2.32   5.12  1.136   .847   .217   1.84   .228   .015   1
1244 22102    1883 1988    106      2      0    .613   1.37   4.11   .863   .889   .211   1.69   .223  -.022   1
1245 22103    1886 1988    103      2      0    .569   1.73   3.11   .525   .744   .174   1.59   .191  -.037   1
1246 22104    1872 1988    117      3      0    .607   1.71   3.15   .598   .791   .173   1.58   .184  -.023   1
1247 22105    1878 1988    111      2      0    .498   1.42   3.36   .761   .877   .212   1.58   .218  -.044   1
1248 22106    1903 1988     86      1      0    .439   1.89   4.44  1.126   .919   .191   1.55   .187  -.022   3
 --- -------- ---------  -----  -----  -----   ------ -----  -----  -----  -----  -----  -----  -----  -----  --
 Total or mean:         115744   2053    220    .517   2.12  12.59   .952   .801   .213  36.21   .230   .017

 DATA CHECKS (rwl.check): fran10
-----------------------------------------------------------------------------------------------------------------------------------
 rwl.check: data_files/treering/measurements/europe/fran10.rwl
 1248 series, 115744 measurements, 1747-1988, 0.01 mm precision
 6 error(s), 5 warning(s), 145 note(s)
 -------------
 ERROR
   RWL_DATING_LAG (6)
     10501: correlates best with the master at lag 4 (r = 0.351 against r = 0.298 as dated); the series may be misdated by 4 year(s), most likely a false ring or a ring measured twice
     12305: correlates best with the master at lag 4 (r = 0.457 against r = 0.223 as dated); the series may be misdated by 4 year(s), most likely a false ring or a ring measured twice
     15501: correlates best with the master at lag -4 (r = 0.406 against r = 0.201 as dated); the series may be misdated by 4 year(s), most likely a missing ring
     15701: correlates best with the master at lag 4 (r = 0.374 against r = 0.109 as dated); the series may be misdated by 4 year(s), most likely a false ring or a ring measured twice
     7906: correlates best with the master at lag -2 (r = 0.419 against r = 0.119 as dated); the series may be misdated by 2 year(s), most likely a missing ring
     8603: correlates best with the master at lag 1 (r = 0.486 against r = 0.07 as dated); the series may be misdated by 1 year(s), most likely a false ring or a ring measured twice
 -------------
 WARNING
   RWL_HEADER_SPAN (1)
     the header declares 1943-1988 but the measurements cover 1747-1988
   RWL_REPEATED_VALUE (1)
     8601: 1.6 repeated in 22 consecutive rings, 1859-1880; a constant stretch is a placeholder, not a measurement
   RWL_SERIES_OUTLIER (3)
     11303: correlates with the rest of the collection at r = -0.071 where the collection median is 0.487 (4.2 MAD below it); it does not fit the collection it is in
     11906: correlates with the rest of the collection at r = -0.078 where the collection median is 0.487 (4.2 MAD below it); it does not fit the collection it is in
     2103: correlates with the rest of the collection at r = -0.135 where the collection median is 0.487 (4.7 MAD below it); it does not fit the collection it is in
 145 note(s) not shown; see rwl.check() or the 'check' element of this report.

 NOTES
-----------------------------------------------------------------------------------------------------------------------------------
 Report generated using dplR 1.8.1 (R 4.5.2) on 2026-10-01 16:48 PDT.
 Measurement file fran10.rwl, MD5 e07e216e0b182d14b73686fd9999c070.
 Filtering: each series divided by a 32-year smoothing spline (caps()), then prewhitened with
   an AR model (order by AIC, at most 3).
 Master: biweight robust mean of the other series (leave-one-out).
 Correlation: Pearson, one-tailed, pcrit = 0.01; critical r = 0.3281 for 50-year segments.
 Segments: 50 years, lagged 25, first segment floored to 100. Lags searched: +/- 10 years.
 A segment is tested only where the series and the master cover all of it, at the dated
   position and at every lag. COFECHA also tests partial segments at the ends of a series, so
   series here may show fewer segments, and no flags can be raised at the ends of the record.
 Lags follow COFECHA: negative means rings are probably missing from the series, positive means
   false rings. A missing ring carries its lag into every segment before it, so look where the
   lag changes along a series. A B flag is a hypothesis to check on the wood; the gain says how
   seriously to take it.
 A B flag marked "weak at every lag" correlates under the critical value even at its best lag:
   the segment is weak wherever it is placed, and the shift is not evidence of a dating error.
   Treat it as a low correlation, like an A.
 Averages in the summary and the totals are weighted by the number of years in each series, as
   COFECHA's are.
 Unfiltered block and mean sensitivity: the measurements as read, and sens1().
 dplR filtered block: the series that was correlated, after filtering. COFECHA's filtered
   series is defined differently, so these three columns are not COFECHA's numbers.
 AR: order of the AR model used to prewhiten.
 Left out of the crossdating: the 'nyrs' spline for series 2104 is not all positive, so
   dividing by it would give negative or infinite indices. Remove the series, or detrend the
   data yourself with detrend() and pass the indices with 'nyrs = NULL'
 Left out of the crossdating: the 'nyrs' spline for series 8702 is not all positive, so
   dividing by it would give negative or infinite indices. Remove the series, or detrend the
   data yourself with detrend() and pass the indices with 'nyrs = NULL'
 Left out of the crossdating: the 'nyrs' spline for series 14304 is not all positive, so
   dividing by it would give negative or infinite indices. Remove the series, or detrend the
   data yourself with detrend() and pass the indices with 'nyrs = NULL'
 Left out of the crossdating: the 'nyrs' spline for series 15003 is not all positive, so
   dividing by it would give negative or infinite indices. Remove the series, or detrend the
   data yourself with detrend() and pass the indices with 'nyrs = NULL'
