
 COFECHA-style crossdating report: swed334
 Report generated using dplR 1.8.1 (R 4.5.2) on 2026-10-01 16:55 PDT
 Built with dplR's xdate.report(), not COFECHA; see the notes at the end.


      Measurement file name  : swed334.rwl
      MD5 of measurement file: 0ba270f5c7e180bd776ea26037cdaa8e
      Date checked           : 01OCT26
      Beginning year         : -5407
      Ending year            : 2010
      Principal investigators: Grudd, H.
      Site name              : Torneträsk 2012
      Species information    : PISY Pinus sylvestris L.
      Latitude               : 68.2167 N
      Longitude              : 19.7500 E
      Elevation              : 400 m

      Series intercorrelation: 0.590
      Avg mean sensitivity   : 0.221
      Avg standard deviation : 0.380
      Avg autocorrelation    : 0.793
      Number dated series    : 945
      Series crossdated      : 944
      Segment length tested  : 50

      Number problem segments: 171  (A 72, B 99; 54 of the B weak at every lag)
      Pct problem segments   : 3.44


 CORRELATION OF SERIES BY SEGMENTS: swed334
-----------------------------------------------------------------------------------------------------------------------------------
 Correlations of  50-year dated segments, lagged  25 years
 Flags:  A = correlation under   .3281 but highest as dated;  B = correlation higher at other than dated position

 Seq Series  Time_span  -5400 -5375 -5350 -5325 -5300 -5275 -5250 -5225 -5200 -5175 -5150 -5125 -5100 -5075 -5050 -5025 -5000 -4975 -4950 -4925 
                        -5351 -5326 -5301 -5276 -5251 -5226 -5201 -5176 -5151 -5126 -5101 -5076 -5051 -5026 -5001 -4976 -4951 -4926 -4901 -4876 
 --- -------- ---------  ---- ---- ---- ---- ---- ---- ---- ---- ---- ---- ---- ---- ---- ---- ---- ---- ---- ---- ---- ---- 
   6 019004A  -5152 -5085                                                    .42                                              
  74 022115A  -5168 -5049                                                    .73  .46  .25A                                   
 222 023135A  -5407 -5310  .49  .56                                                                                           
 358 025040A  -5284 -5063                           .26B .39  .57  .50  .59  .56  .48                                         
 360 025045A  -5041 -4752                                                                             .26A .41  .50  .53  .36 
 376 025097A  -5140 -4904                                                         .53  .45  .30A .32A .42  .50  .63           
 377 025101A  -5406 -5138  .49  .56                 .30A .40  .37  .35                                                        
 390 025131A  -5191 -4952                                               .60  .68  .63  .60  .50  .39  .22A                    
 393 025136A  -5255 -5039                                .42  .48  .42  .69  .79  .71  .51                                    
 405 025155A  -4974 -4721                                                                                            .45  .49 
 422 025189A  -4981 -4775                                                                                       .71  .76  .62 
 423 025190A  -5168 -4883                                                    .56  .58  .46  .42  .47  .28B .29A .64  .61      
 436 025214A  -5033 -4800                                                                             .06B .19B .48  .65  .72 
 437 025215A  -5011 -4710                                                                                  .26A .56  .57  .58 
 601 0AP0029  -5200 -5046                                               .57  .59  .55  .47                                    
 602 0AP0039  -5042 -4867                                                                             .28B .15B .49  .60  .48 
 Av segment correlation  .49  .56                 .28  .40  .47  .43  .61  .62  .56  .46  .41  .39  .25  .30  .57  .59  .54 

 CORRELATION OF SERIES BY SEGMENTS: swed334
-----------------------------------------------------------------------------------------------------------------------------------
 Correlations of  50-year dated segments, lagged  25 years
 Flags:  A = correlation under   .3281 but highest as dated;  B = correlation higher at other than dated position

 Seq Series  Time_span  -4900 -4875 -4850 -4825 -4800 -4775 -4750 -4725 -4700 -4675 -4650 -4625 -4600 -4575 -4550 -4525 -4500 -4475 -4450 -4425 
                        -4851 -4826 -4801 -4776 -4751 -4726 -4701 -4676 -4651 -4626 -4601 -4576 -4551 -4526 -4501 -4476 -4451 -4426 -4401 -4376 
 --- -------- ---------  ---- ---- ---- ---- ---- ---- ---- ---- ---- ---- ---- ---- ---- ---- ---- ---- ---- ---- ---- ---- 
  71 022110A  -4909 -4788  .58  .64  .59                                                                                      
 129 022188Z  -4620 -4359                                                              .63  .60  .53  .58  .53  .46  .47  .37 
 226 023141A  -4448 -4202                                                                                                 .60 
 357 025039A  -4739 -4555                                     .55  .47  .46  .42  .52                                         
 360 025045A  -5041 -4752  .36  .51  .49  .22B                                                                                
 361 025052A  -4737 -4659                                     .38                                                             
 366 025077A  -4607 -4410                                                              .12B .14B .42  .54  .50  .46           
 367 025084A  -4507 -4207                                                                                  .14B .52  .47  .45 
 368 025085A  -4825 -4647                      .43  .57  .49  .53  .62                                                        
 378 025102A  -4717 -4571                                          .59  .63  .61  .57                                         
 389 025130A  -4725 -4544                                          .56  .56  .68  .68  .46                                    
 404 025153A  -4755 -4626                                .45  .65  .70  .62                                                   
 405 025155A  -4974 -4721  .33B .33B .51  .55  .54  .64                                                                       
 406 025157A  -4753 -4691                                .55                                                                  
 408 025164A  -4687 -4507                                               .66  .62  .63  .48  .40                               
 409 025166A  -4474 -4243                                                                                            .40  .52 
 410 025167A  -4606 -4282                                                              .65  .41  .43  .60  .54  .48  .45  .47 
 412 025171A  -4739 -4498                                     .26B .57  .53  .47  .64  .59  .38  .44                          
 418 025180A  -4726 -4476                                          .78  .72  .75  .74  .43B .34  .47  .45                     
 419 025182A  -4739 -4557                                     .66  .58  .55  .65  .65                                         
 422 025189A  -4981 -4775  .53  .51  .51  .36                                                                                 
 429 025200A  -4747 -4509                                     .47  .57  .53  .56  .66  .51  .46                               
 430 025203A  -4849 -4611                 .41  .49  .67  .64  .46  .51  .57                                                   
 433 025208A  -4833 -4626                 .46  .41  .64  .61  .43  .46  .36                                                   
 436 025214A  -5033 -4800  .58  .50  .46                                                                                      
 437 025215A  -5011 -4710  .54  .40  .32A .20B .34  .51                                                                       
 438 025217A  -4817 -4627                      .46  .70  .69  .46  .54                                                        
 609 0TA0149  -4686 -4544                                               .53  .69  .68  .45                                    
 681 0TB086Z  -4452 -4178                                                                                            .35  .35 
 771 0TE0589  -4861 -4765            .42  .25B                                                                                
 Av segment correlation  .49  .48  .47  .35  .44  .62  .57  .48  .58  .56  .61  .64  .48  .39  .45  .54  .43  .48  .43  .46 

 CORRELATION OF SERIES BY SEGMENTS: swed334
-----------------------------------------------------------------------------------------------------------------------------------
 Correlations of  50-year dated segments, lagged  25 years
 Flags:  A = correlation under   .3281 but highest as dated;  B = correlation higher at other than dated position

 Seq Series  Time_span  -4400 -4375 -4350 -4325 -4300 -4275 -4250 -4225 -4200 -4175 -4150 -4125 -4100 -4075 -4050 -4025 -4000 -3975 -3950 -3925 
                        -4351 -4326 -4301 -4276 -4251 -4226 -4201 -4176 -4151 -4126 -4101 -4076 -4051 -4026 -4001 -3976 -3951 -3926 -3901 -3876 
 --- -------- ---------  ---- ---- ---- ---- ---- ---- ---- ---- ---- ---- ---- ---- ---- ---- ---- ---- ---- ---- ---- ---- 
   2 0180049  -3985 -3756                                                                                       .58  .51  .54 
   7 019005A  -4157 -4058                                                    .58  .70                                         
   9 019008A  -4123 -3944                                                              .47  .58  .74  .70  .38                
  11 019010A  -4189 -4081                                               .32A .59                                              
  12 019011A  -4078 -3758                                                                   .10B .38  .39  .44  .49  .51  .55 
  14 019015A  -4157 -3993                                                    .77  .78  .73  .62  .51                          
  15 019016A  -4157 -3954                                                    .70  .74  .70  .64  .64  .55                     
  83 022128A  -4092 -3790                                                                   .58  .69  .48  .31B .36  .40  .59 
 134 022201A  -4335 -4113                 .58  .45  .23B .52  .50  .41  .59                                                   
 224 023139A  -4362 -4046            .11B .23B .33  .25A .51  .41  .15B .43  .57  .57  .60                                    
 226 023141A  -4448 -4202  .66  .50  .35  .35  .52  .51                                                                       
 365 025075A  -4277 -3998                           .19B .52  .44  .38  .55  .60  .65  .56  .42  .12B                         
 367 025084A  -4507 -4207  .55  .53  .58  .54  .27A .07B                                                                      
 373 025093A  -4001 -3622                                                                                  .41  .54  .61  .51 
 381 025111A  -4406 -4342  .58                                                                                                
 385 025120A  -4250 -4063                                     .77  .56  .55  .64  .55                                         
 386 025121A  -4175 -4046                                                    .56  .63  .57                                    
 387 025125A  -4102 -4019                                                              .55  .67                               
 391 025133A  -4164 -4081                                                    .66                                              
 395 025138A  -4129 -3941                                                         .33A .47  .50  .49  .53  .30A               
 399 025142A  -4004 -3746                                                                                  .23A .31A .63  .66 
 400 025143Z  -4015 -3871                                                                                  .44  .47  .55  .63 
 401 025144A  -4337 -4039                 .46  .29A .30A .55  .55  .48  .54  .55  .61  .55                                    
 402 025146A  -4256 -4002                                .35  .43  .47  .54  .47  .55  .59  .47                               
 409 025166A  -4474 -4243  .50  .38  .49  .55  .43                                                                            
 410 025167A  -4606 -4282  .65  .66  .72                                                                                      
 414 025175A  -4106 -3993                                                              .61  .54  .65                          
 681 0TB086Z  -4452 -4178  .49  .47  .40  .44  .42  .44  .59                                                                  
 682 0TB087Z  -4404 -4198  .31A .41  .50  .54  .61  .56  .67                                                                  
 686 0TB094Z  -4034 -3819                                                                             .61  .37  .38  .43  .55 
 688 0TB102Z  -4377 -4099       .23B .21B .26A .43  .45  .50  .56  .49  .53  .57                                              
 689 0TB103Z  -4157 -4063                                                    .53  .56                                         
 690 0TB109Z  -4154 -4035                                                    .53  .48  .46                                    
 691 0TB111Z  -4425 -4208  .37B .41  .53  .51  .51  .46                                                                       
 844 A31035Z  -4084 -3905                                                                   .22B .38  .50  .51  .55           
 Av segment correlation  .51  .45  .43  .45  .43  .35  .53  .52  .42  .51  .59  .60  .57  .49  .51  .54  .38  .46  .52  .58 

 CORRELATION OF SERIES BY SEGMENTS: swed334
-----------------------------------------------------------------------------------------------------------------------------------
 Correlations of  50-year dated segments, lagged  25 years
 Flags:  A = correlation under   .3281 but highest as dated;  B = correlation higher at other than dated position

 Seq Series  Time_span  -3900 -3875 -3850 -3825 -3800 -3775 -3750 -3725 -3700 -3675 -3650 -3625 -3600 -3575 -3550 -3525 -3500 -3475 -3450 -3425 
                        -3851 -3826 -3801 -3776 -3751 -3726 -3701 -3676 -3651 -3626 -3601 -3576 -3551 -3526 -3501 -3476 -3451 -3426 -3401 -3376 
 --- -------- ---------  ---- ---- ---- ---- ---- ---- ---- ---- ---- ---- ---- ---- ---- ---- ---- ---- ---- ---- ---- ---- 
   1 0180039  -3707 -3531                                          .44  .59  .58  .62  .39                                    
   2 0180049  -3985 -3756  .60  .55  .44  .48                                                                                 
   4 019002A  -3577 -3465                                                                        .57  .57                     
   5 019003A  -3645 -3552                                                         .54                                         
   8 019006A  -3657 -3359                                                    .42  .53  .39  .49  .62  .62  .61  .64  .57  .48 
  12 019011A  -4078 -3758  .62  .65  .45  .40                                                                                 
  13 019014A  -3647 -3527                                                         .57  .56                                    
  16 019017A  -3551 -3459                                                                             .53                     
  83 022128A  -4092 -3790  .59  .53  .61                                                                                      
  84 022129A  -3480 -3385                                                                                       .62  .55      
  97 022151A  -3672 -3580                                                    .64                                              
 120 022178C  -3886 -3615       .64  .62  .51  .57  .70  .73  .70  .46  .25B                                                  
 227 023142A  -3884 -3726       .33B .51  .53  .61  .63                                                                       
 231 023155A  -3657 -3573                                                    .55  .42                                         
 241 023170A  -3804 -3654                      .40  .53  .64  .60                                                             
 242 023171A  -3580 -3371                                                                   .46  .52  .36B .31A .56  .65  .56 
 255 023186A  -3594 -3346                                                                   .76  .58  .47  .64  .50  .24A .36 
 256 023187A  -3773 -3650                                .64  .55  .38                                                        
 260 023191A  -3712 -3561                                          .54  .50  .59  .57                                         
 261 023192A  -3667 -3529                                                    .22B .48  .44                                    
 264 023196A  -3796 -3620                           .48  .50  .49  .55  .45                                                   
 266 023198A  -3805 -3654                      .72  .57  .64  .73                                                             
 373 025093A  -4001 -3622  .45  .60  .45  .20B .34  .46  .63  .64  .48  .47                                                   
 399 025142A  -4004 -3746  .58  .64  .60  .47  .46                                                                            
 407 025159A  -3723 -3610                                          .49  .53                                                   
 411 025169A  -3656 -3501                                                    .45  .48  .53  .65  .53                          
 415 025176A  -3853 -3706            .38  .20B .40  .31A                                                                      
 417 025179A  -3575 -3346                                                                        .42  .55  .55  .49  .32A .38 
 426 025194A  -3594 -3346                                                                   .42  .50  .48  .56  .63  .61  .64 
 427 025197A  -3790 -3618                           .28B .52  .47  .45  .50                                                   
 444 025226A  -3556 -3424                                                                        .50  .50  .37  .44           
 686 0TB094Z  -4034 -3819  .63  .70                                                                                           
 736 0TE0059  -3823 -3632                      .59  .52  .48  .47  .45                                                        
 752 0TE0299  -3505 -3352                                                                                  .14B .38  .48  .64 
 795 0TE0949  -3796 -3688                           .63  .72                                                                  
 Av segment correlation  .58  .58  .51  .40  .51  .51  .61  .58  .47  .47  .49  .52  .46  .56  .53  .51  .46  .53  .49  .51 

 CORRELATION OF SERIES BY SEGMENTS: swed334
-----------------------------------------------------------------------------------------------------------------------------------
 Correlations of  50-year dated segments, lagged  25 years
 Flags:  A = correlation under   .3281 but highest as dated;  B = correlation higher at other than dated position

 Seq Series  Time_span  -3400 -3375 -3350 -3325 -3300 -3275 -3250 -3225 -3200 -3175 -3150 -3125 -3100 -3075 -3050 -3025 -3000 -2975 -2950 -2925 
                        -3351 -3326 -3301 -3276 -3251 -3226 -3201 -3176 -3151 -3126 -3101 -3076 -3051 -3026 -3001 -2976 -2951 -2926 -2901 -2876 
 --- -------- ---------  ---- ---- ---- ---- ---- ---- ---- ---- ---- ---- ---- ---- ---- ---- ---- ---- ---- ---- ---- ---- 
  10 019009A  -3386 -3166       .38  .35  .67  .51  .48  .47  .26A                                                            
  73 022112A  -3177 -2982                                               .43  .67  .65  .58  .37  .25B                         
  79 022123A  -3298 -3099                           .74  .59  .41  .52  .38  .42                                              
 102 022155A  -3422 -3268  .65  .60  .56  .65                                                                                 
 104 022157A  -3397 -3283       .57  .47                                                                                      
 108 022165A  -3396 -3281       .43  .40                                                                                      
 119 022177A  -3379 -3182       .71  .71  .72  .72  .70  .66                                                                  
 229 023153A  -3315 -3180                      .74  .77  .63                                                                  
 230 023154A  -3286 -3058                           .60  .55  .41  .43  .44  .53  .47                                         
 239 023166A  -2968 -2779                                                                                            .42  .41 
 244 023174A  -3349 -3099                 .60  .60  .65  .62  .51  .56  .66  .67                                              
 248 023179A  -3363 -3057            .62  .43B .57  .70  .68  .60  .50  .53  .55  .49                                         
 255 023186A  -3594 -3346  .45                                                                                                
 262 023193A  -2990 -2834                                                                                       .37  .47  .56 
 384 025118A  -3038 -2857                                                                             .31B .29B .39  .74  .68 
 396 025139A  -2988 -2718                                                                                       .42  .65  .73 
 403 025151A  -3005 -2653                                                                                  .26B .53  .62  .56 
 413 025173A  -3214 -3048                                          .36  .40  .47  .45  .43                                    
 416 025177A  -3315 -3030                      .59  .71  .67  .43  .48  .51  .51  .46  .42                                    
 417 025179A  -3575 -3346  .54                                                                                                
 421 025187A  -3422 -3196  .31A .47  .45  .47  .38  .35  .56                                                                  
 426 025194A  -3594 -3346  .65                                                                                                
 428 025198A  -2927 -2777                                                                                                 .43 
 443 025225A  -3382 -3187       .56  .38  .39  .58  .62  .65                                                                  
 673 0TB075Z  -3330 -3196                 .66  .77  .77  .56                                                                  
 740 0TE0099  -3340 -3187                 .46  .52  .67  .73                                                                  
 768 0TE0549  -3273 -3141                                .83  .51  .36                                                        
 769 0TE0559  -3139 -3040                                                         .57  .36                                    
 835 A31010Z  -3261 -3152                                .64  .53                                                             
 Av segment correlation  .52  .53  .49  .56  .60  .65  .63  .46  .46  .48  .54  .51  .45  .37  .25  .31  .27  .43  .58  .56 

 CORRELATION OF SERIES BY SEGMENTS: swed334
-----------------------------------------------------------------------------------------------------------------------------------
 Correlations of  50-year dated segments, lagged  25 years
 Flags:  A = correlation under   .3281 but highest as dated;  B = correlation higher at other than dated position

 Seq Series  Time_span  -2900 -2875 -2850 -2825 -2800 -2775 -2750 -2725 -2700 -2675 -2650 -2625 -2600 -2575 -2550 -2525 -2500 -2475 -2450 -2425 
                        -2851 -2826 -2801 -2776 -2751 -2726 -2701 -2676 -2651 -2626 -2601 -2576 -2551 -2526 -2501 -2476 -2451 -2426 -2401 -2376 
 --- -------- ---------  ---- ---- ---- ---- ---- ---- ---- ---- ---- ---- ---- ---- ---- ---- ---- ---- ---- ---- ---- ---- 
  22 022030A  -2739 -2593                                     .62  .71  .72  .70                                              
  27 022038A  -2767 -2629                                .63  .56  .51                                                        
  43 022059A  -2848 -2688                 .42  .68  .78  .75                                                                  
  52 022075A  -2720 -2583                                          .73  .58  .69                                              
  64 022097A  -2498 -2399                                                                                       .51  .38      
  68 022105A  -2748 -2609                                     .43  .54  .66                                                   
  69 022106A  -2598 -2438                                                                   .70  .62  .47  .54                
  75 022117A  -2812 -2487                      .74  .71  .63  .74  .70  .51  .54  .66  .72  .62  .46                          
  85 022131A  -2736 -2637                                     .66  .63                                                        
  91 022138A  -2721 -2592                                          .63  .67  .63                                              
  96 022150A  -2785 -2697                           .71  .66                                                                  
  99 022153A  -2777 -2691                           .85  .64                                                                  
 100 022153B  -2673 -2563                                                    .79  .72                                         
 110 022167A  -2773 -2622                                .73  .74  .69  .67                                                   
 112 022169A  -2779 -2696                           .80  .72                                                                  
 137 0222079  -2804 -2540                      .64  .80  .75  .79  .82  .77  .79  .73  .69                                    
 239 023166A  -2968 -2779  .57  .52B .49                                                                                      
 240 023169A  -2431 -2278                                                                                                 .35 
 259 023190A  -2694 -2546                                               .57  .55  .47  .50                                    
 262 023193A  -2990 -2834  .58                                                                                                
 355 025031A  -2776 -2689                           .69  .74                                                                  
 356 025036A  -2618 -2445                                                              .42  .57  .63  .50  .52                
 369 025087A  -2700 -2296                                               .43  .46  .58  .60  .62  .60  .42  .44  .47  .45  .49 
 396 025139A  -2988 -2718  .73  .63  .60  .48  .47  .53                                                                       
 403 025151A  -3005 -2653  .60  .63  .68  .59  .53  .66  .71  .55                                                             
 420 025184A  -2708 -2495                                          .59  .49  .62  .61  .65  .66  .43                          
 424 025192A  -2605 -2409                                                              .43  .55  .67  .63  .60  .58           
 425 025193A  -2808 -2537                      .49  .64  .66  .65  .61  .62  .65  .64  .69                                    
 428 025198A  -2927 -2777  .58  .66  .48                                                                                      
 432 025207A  -2805 -2553                      .42  .67  .61  .72  .68  .53  .65  .67                                         
 663 0TB061Z  -2615 -2492                                                              .61  .61  .61                          
 674 0TB076Z  -2495 -2234                                                                                       .36B .60  .57 
 683 0TB089Z  -2575 -2370                                                                        .57  .63  .78  .69  .45  .34 
 779 0TE0729  -2636 -2504                                                         .59  .62  .69                               
 834 A31007Z  -2610 -2474                                                              .44  .64  .53  .46                     
 836 A31012A  -2725 -2503                                          .65  .43  .41  .51  .62  .61                               
 840 A31019A  -2727 -2565                                     .75  .75  .62  .72  .80                                         
 843 A31033Z  -2587 -2292                                                                   .65  .62  .64  .68  .60  .52  .63 
 845 A31037A  -2748 -2529                                     .79  .72  .60  .69  .73  .78                                    
 Av segment correlation  .61  .61  .56  .49  .57  .71  .68  .67  .66  .59  .63  .64  .60  .63  .57  .54  .60  .53  .48  .48 

 CORRELATION OF SERIES BY SEGMENTS: swed334
-----------------------------------------------------------------------------------------------------------------------------------
 Correlations of  50-year dated segments, lagged  25 years
 Flags:  A = correlation under   .3281 but highest as dated;  B = correlation higher at other than dated position

 Seq Series  Time_span  -2400 -2375 -2350 -2325 -2300 -2275 -2250 -2225 -2200 -2175 -2150 -2125 -2100 -2075 -2050 -2025 -2000 -1975 -1950 -1925 
                        -2351 -2326 -2301 -2276 -2251 -2226 -2201 -2176 -2151 -2126 -2101 -2076 -2051 -2026 -2001 -1976 -1951 -1926 -1901 -1876 
 --- -------- ---------  ---- ---- ---- ---- ---- ---- ---- ---- ---- ---- ---- ---- ---- ---- ---- ---- ---- ---- ---- ---- 
  20 022028A  -2032 -1681                                                                             .58  .46  .50  .15B .26A
  25 022034A  -2016 -1895                                                                                  .49  .44  .36      
  48 022070A  -1968 -1717                                                                                            .52  .64 
  55 022078A  -2280 -2054                           .23B .53  .67  .72  .51  .30A .32B                                        
  82 022127A  -2251 -2183                                .47                                                                  
  88 022135A  -2149 -2049                                                         .43  .49                                    
  90 022137A  -1951 -1812                                                                                            .39  .71 
  92 022141A  -1945 -1817                                                                                                 .56 
  95 022148A  -2018 -1740                                                                                  .58  .40  .43  .66 
 109 022166A  -2298 -2136                           .64  .67  .68  .69                                                        
 124 022182A  -2285 -2067                           .56  .70  .74  .65  .60  .62  .60                                         
 125 022183A  -2182 -2036                                               .32A .48  .52  .70                                    
 127 022185A  -2171 -1947                                                    .45  .61  .58  .54  .57  .55  .42                
 130 022192A  -1943 -1760                                                                                                 .70 
 131 022193A  -2397 -2289       .49  .52                                                                                      
 240 023169A  -2431 -2278  .60  .56  .48                                                                                      
 246 023177A  -2219 -2110                                          .64  .44                                                   
 254 023185A  -2207 -2032                                          .31A .43  .48  .32B .44                                    
 359 025042A  -2251 -2063                                .34  .44  .42  .28B .41  .53                                         
 369 025087A  -2700 -2296  .47  .53  .51                                                                                      
 392 025134A  -2018 -1932                                                                                  .69                
 394 025137A  -1932 -1717                                                                                                 .13B
 397 025140A  -2274 -2096                                .68  .63  .54  .46  .53                                              
 431 025205A  -2215 -2035                                          .36  .33A .47  .55  .58                                    
 439 025218A  -2162 -1949                                                    .11B .24B .36B .35  .46  .62  .54                
 440 025219A  -2228 -1936                                     .50  .44  .38  .31A .43  .61  .56  .56  .58  .61                
 445 025229A  -2160 -2035                                                    .31A .58  .67                                    
 448 025233A  -2357 -2086            .34  .23B .46  .50  .38  .59  .65  .42  .30A                                             
 604 0TA0089  -2410 -2293  .61  .54  .54                                                                                      
 674 0TB076Z  -2495 -2234  .49  .49  .50  .51  .60                                                                            
 678 0TB082Z  -2376 -2165            .24A .40  .53  .55  .51  .49                                                             
 783 0TE0779  -2333 -2125                 .37  .57  .57  .53  .66  .76  .50                                                   
 787 0TE0839  -2018 -1803                                                                                  .50  .62  .63  .56 
 800 0TE1009  -2412 -2278  .52  .62  .63                                                                                      
 801 0TE1019  -2335 -2036                 .25B .39  .60  .56  .55  .44  .39  .44  .54  .55                                    
 802 0TE1029  -2363 -2119            .41  .48  .44  .46  .46  .52  .49  .10B                                                  
 843 A31033Z  -2587 -2292  .59  .46  .46                                                                                      
 Av segment correlation  .55  .53  .46  .37  .50  .51  .53  .59  .55  .40  .40  .47  .55  .48  .53  .58  .54  .49  .41  .53 

 CORRELATION OF SERIES BY SEGMENTS: swed334
-----------------------------------------------------------------------------------------------------------------------------------
 Correlations of  50-year dated segments, lagged  25 years
 Flags:  A = correlation under   .3281 but highest as dated;  B = correlation higher at other than dated position

 Seq Series  Time_span  -1900 -1875 -1850 -1825 -1800 -1775 -1750 -1725 -1700 -1675 -1650 -1625 -1600 -1575 -1550 -1525 -1500 -1475 -1450 -1425 
                        -1851 -1826 -1801 -1776 -1751 -1726 -1701 -1676 -1651 -1626 -1601 -1576 -1551 -1526 -1501 -1476 -1451 -1426 -1401 -1376 
 --- -------- ---------  ---- ---- ---- ---- ---- ---- ---- ---- ---- ---- ---- ---- ---- ---- ---- ---- ---- ---- ---- ---- 
  20 022028A  -2032 -1681  .57  .45  .43  .46  .52  .44  .49                                                                  
  32 022046A  -1580 -1287                                                                   .28A .45  .60  .67  .69  .78  .65 
  38 022052A  -1455 -1275                                                                                            .10B .12B
  44 022060A  -1782 -1679                           .42  .53                                                                  
  48 022070A  -1968 -1717  .60  .50  .48  .64  .64  .57                                                                       
  49 022071A  -1464 -1237                                                                                            .49  .51 
  58 022086A  -1758 -1653                                .59  .74                                                             
  63 022096Z  -1608 -1348                                                              .37B .28B .37  .58  .58  .56  .53  .32A
  70 022108A  -1499 -1328                                                                                       .61  .52  .54 
  72 022111A  -1762 -1646                                .55  .63  .57                                                        
  76 022118A  -1788 -1686                           .55  .61                                                                  
  77 022119A  -1732 -1670                                     .65                                                             
  89 022136A  -1892 -1703       .50  .50  .61  .76  .78                                                                       
  90 022137A  -1951 -1812  .71  .56                                                                                           
  92 022141A  -1945 -1817  .48  .41                                                                                           
  95 022148A  -2018 -1740  .74  .63  .50  .65  .67                                                                            
 105 022159A  -1721 -1599                                          .69  .75  .73                                              
 113 022170A  -1483 -1281                                                                                       .67  .69  .68 
 114 022171A  -1747 -1598                                     .75  .73  .69  .63                                              
 118 022176A  -1734 -1640                                     .64  .75                                                        
 121 022179A  -1924 -1815  .57  .54                                                                                           
 126 022184A  -1853 -1708            .67  .69  .70  .59                                                                       
 130 022192A  -1943 -1760  .69  .69  .63  .59                                                                                 
 371 025091A  -1854 -1704            .40  .56  .72  .52                                                                       
 375 025096A  -1917 -1694  .42  .45  .30B .65  .64  .31A .39                                                                  
 383 025116A  -1771 -1649                                .45  .55  .60                                                        
 388 025129A  -1857 -1709            .56  .48  .54  .59                                                                       
 394 025137A  -1932 -1717  .34  .76  .70  .69  .66  .52                                                                       
 398 025141A  -1922 -1753  .61  .72  .68  .66                                                                                 
 434 025211A  -1502 -1300                                                                                  .63  .61  .60  .63 
 446 025230Z  -1718 -1412                                          .71  .72  .50  .30A .30B .32A .52  .56  .61  .55           
 447 025231A  -1881 -1693       .54  .49  .54  .68  .63  .41                                                                  
 607 0TA0129  -1479 -1315                                                                                       .67  .65  .46 
 763 0TE0469  -1505 -1369                                                                                  .69  .72  .74  .53 
 767 0TE0539  -1596 -1280                                                                   .47  .50  .64  .74  .70  .68  .75 
 773 0TE0649  -1788 -1687                           .25B .39                                                                  
 787 0TE0839  -2018 -1803  .60  .70                                                                                           
 793 0TE0929  -1907 -1769  .34B .33B .52  .84                                                                                 
 799 0TE0999  -1427 -1213                                                                                                 .44 
 838 A31014A  -1822 -1689                      .47  .37  .52                                                                  
 Av segment correlation  .56  .55  .53  .62  .64  .50  .49  .66  .67  .72  .62  .30  .33  .34  .46  .60  .65  .64  .58  .51 

 CORRELATION OF SERIES BY SEGMENTS: swed334
-----------------------------------------------------------------------------------------------------------------------------------
 Correlations of  50-year dated segments, lagged  25 years
 Flags:  A = correlation under   .3281 but highest as dated;  B = correlation higher at other than dated position

 Seq Series  Time_span  -1400 -1375 -1350 -1325 -1300 -1275 -1250 -1225 -1200 -1175 -1150 -1125 -1100 -1075 -1050 -1025 -1000 -975 -950 -925 
                        -1351 -1326 -1301 -1276 -1251 -1226 -1201 -1176 -1151 -1126 -1101 -1076 -1051 -1026 -1001 -976 -951 -926 -901 -876 
 --- -------- ---------  ---- ---- ---- ---- ---- ---- ---- ---- ---- ---- ---- ---- ---- ---- ---- ---- ---- ---- ---- ---- 
  21 022029A  -1121 -918                                                              .41  .52  .54  .46  .41  .59           
  24 022033A  -1004 -831                                                                                  .45  .59  .48  .50 
  26 022035A  -1234 -1131                                     .57  .56                                                        
  30 022042A  -1348 -1214                 .68  .65  .45                                                                       
  31 022043A  -1346 -1241                 .57  .56                                                                            
  32 022046A  -1580 -1287  .52  .70  .61                                                                                      
  37 022051A  -1419 -1218  .29A .56  .55  .68  .39  .26A                                                                      
  38 022052A  -1455 -1275  .20B .39  .64  .68                                                                                 
  42 022057A  -1043 -907                                                                             .69  .63  .68           
  49 022071A  -1464 -1237  .44  .41  .27B .42  .54                                                                            
  54 022077A  -1285 -1103                           .42  .67  .73  .69  .76                                                   
  57 022082A  -1046 -835                                                                             .66  .50  .61  .64  .55 
  63 022096Z  -1608 -1348  .19B                                                                                               
  70 022108A  -1499 -1328  .49                                                                                                
  98 022152A  -1361 -1230            .34  .68  .65                                                                            
 101 022154A  -1418 -1313  .47B .57                                                                                           
 113 022170A  -1483 -1281  .63  .63  .47                                                                                      
 228 023152A  -933 -762                                                                                                 .41 
 232 023157A  -1089 -878                                                                   .36B .56  .53  .40  .53  .61      
 252 023183A  -1293 -1025                           .47  .57  .69  .69  .71  .65  .65  .70  .59                               
 253 023184A  -1276 -1043                                .51  .68  .60  .59  .65  .57  .64                                    
 379 025103A  -941 -810                                                                                                 .36 
 434 025211A  -1502 -1300  .45  .51  .46                                                                                      
 435 025212A  -1159 -982                                                    .45  .69  .67  .67  .70                          
 441 025221A  -1048 -889                                                                             .54  .47  .50  .49      
 607 0TA0129  -1479 -1315  .44  .66                                                                                           
 641 0TB0319  -1241 -1014                                     .66  .67  .66  .58  .55  .66  .62                               
 661 0TB059Z  -951 -660                                                                                                 .67 
 675 0TB077Z  -1168 -966                                                    .66  .64  .64  .61  .70  .43                     
 697 0TB120Z  -957 -796                                                                                            .29A .48 
 712 0TB140Z  -1419 -1070  .14B .35  .53  .58  .55  .71  .75  .67  .56  .55  .72  .55                                         
 737 0TE0069  -1069 -885                                                                        .75  .77  .66  .63  .62      
 757 0TE0369  -1212 -1055                                          .59  .52  .60  .67                                         
 760 0TE0429  -1040 -973                                                                             .66                     
 762 0TE0459  -1031 -687                                                                             .62  .69  .66  .67  .67 
 764 0TE0479  -1076 -924                                                                   .52  .76  .69  .66  .70           
 766 0TE0529  -1207 -1055                                          .71  .72  .70  .46                                         
 767 0TE0539  -1596 -1280  .59  .49  .59                                                                                      
 791 0TE0909  -1333 -1151                 .50  .56  .69  .70  .73  .77                                                        
 799 0TE0999  -1427 -1213  .49  .36  .45  .64  .66  .77                                                                       
 Av segment correlation  .41  .51  .49  .60  .57  .54  .64  .68  .65  .64  .63  .60  .62  .56  .67  .61  .54  .61  .54  .52 

 CORRELATION OF SERIES BY SEGMENTS: swed334
-----------------------------------------------------------------------------------------------------------------------------------
 Correlations of  50-year dated segments, lagged  25 years
 Flags:  A = correlation under   .3281 but highest as dated;  B = correlation higher at other than dated position

 Seq Series  Time_span  -900 -875 -850 -825 -800 -775 -750 -725 -700 -675 -650 -625 -600 -575 -550 -525 -500 -475 -450 -425 
                        -851 -826 -801 -776 -751 -726 -701 -676 -651 -626 -601 -576 -551 -526 -501 -476 -451 -426 -401 -376 
 --- -------- ---------  ---- ---- ---- ---- ---- ---- ---- ---- ---- ---- ---- ---- ---- ---- ---- ---- ---- ---- ---- ---- 
  19 022027A  -916 -834  .71                                                                                                
  24 022033A  -1004 -831  .56                                                                                                
  29 022040A  -829 -598                 .77  .72  .67  .63  .69  .82  .77  .61                                              
  33 022047A  -849 -695                 .67  .73  .75  .59                                                                  
  39 022053A  -696 -580                                               .59  .68                                              
  40 022054A  -719 -616                                          .68  .65                                                   
  41 022055A  -882 -665       .31A .55  .58  .57  .61  .66  .66                                                             
  46 022066A  -469 -346                                                                                            .44  .46 
  57 022082A  -1046 -835  .61                                                                                                
  66 022100A  -872 -750            .67  .61  .71                                                                            
 123 022181A  -814 -670                      .72  .76  .65  .41                                                             
 225 023140A  -737 -588                                     .57  .59  .48  .44B                                             
 228 023152A  -933 -762  .41  .58  .69  .77                                                                                 
 233 023158A  -773 -670                                .86  .68                                                             
 238 023165A  -729 -570                                     .74  .78  .68  .54  .59                                         
 269 0232010  -849 -569                 .69  .69  .61  .54  .57  .72  .66  .52  .42                                         
 379 025103A  -941 -810  .38  .63                                                                                           
 442 025222A  -884 -693       .09B .07B .24B .43  .47  .48                                                                  
 606 0TA011X  -435 -178                                                                                                 .53 
 612 0TA0199  -512 -409                                                                                  .49  .44           
 661 0TB059Z  -951 -660  .67  .67  .59  .57  .61  .65  .74  .70                                                             
 697 0TB120Z  -957 -796  .74  .72  .65                                                                                      
 742 0TE0159  -903 -659  .33  .48  .71  .79  .68  .67  .60  .50                                                             
 743 0TE0179  -496 -403                                                                                       .55           
 755 0TE0349  -556 -437                                                                        .43  .45  .51                
 759 0TE0409  -821 -751                      .81                                                                            
 762 0TE0459  -1031 -687  .75  .74  .74  .65  .57  .64  .65                                                                  
 777 0TE070Z  -820 -471                      .72  .68  .70  .65  .64  .64  .79  .76  .52  .63  .61  .62                     
 781 0TE075Z  -599 -504                                                                   .55                               
 792 0TE0919  -801 -583                      .70  .78  .71  .60  .54  .52  .54                                              
 803 0TE1039  -446 -309                                                                                                 .52 
 839 A31016A  -805 -565                      .35  .26B .51  .56  .61  .49  .45  .48                                         
 842 A31022Z  -760 -583                                .66  .59  .63  .68  .60                                              
 Av segment correlation  .57  .53  .58  .63  .64  .63  .64  .61  .67  .62  .57  .56  .52  .59  .52  .54  .50  .49  .44  .51 

 CORRELATION OF SERIES BY SEGMENTS: swed334
-----------------------------------------------------------------------------------------------------------------------------------
 Correlations of  50-year dated segments, lagged  25 years
 Flags:  A = correlation under   .3281 but highest as dated;  B = correlation higher at other than dated position

 Seq Series  Time_span  -400 -375 -350 -325 -300 -275 -250 -225 -200 -175 -150 -125 -100  -75  -50  -25    0   25   50   75 
                        -351 -326 -301 -276 -251 -226 -201 -176 -151 -126 -101  -76  -51  -26   -1   24   49   74   99  124 
 --- -------- ---------  ---- ---- ---- ---- ---- ---- ---- ---- ---- ---- ---- ---- ---- ---- ---- ---- ---- ---- ---- ---- 
  23 022031A   -20   78                                                                                  .49  .49           
  46 022066A  -469 -346  .54                                                                                                
  50 022072A    -3  145                                                                                  .34  .61  .69  .64 
  62 022094A    31  123                                                                                            .59      
  86 022132A   -19   95                                                                                  .71  .61           
 257 023188A   -15  150                                                                                  .48  .41  .51  .55 
 362 025060A    50  151                                                                                                 .59 
 603 0TA0039  -265 -185                                .30A                                                                 
 606 0TA011X  -435 -178  .61  .65  .66  .54  .58  .65  .57                                                                  
 610 0TA0159   -51  218                                                                        .33  .51  .66  .47  .62  .74 
 665 0TB063Z   -18   76                                                                                  .76  .68           
 684 0TB091Z    27  116                                                                                            .68      
 701 0TB127Z   -13  215                                                                                  .38  .46  .69  .57 
 704 0TB131Z  -305 -217                      .45  .58                                                                       
 724 0TB155a    61  222                                                                                                 .45 
 729 0TD0029   -39   81                                                                             .61  .54  .51           
 733 0TE0019  -260 -125                                .62  .69  .73  .66                                                   
 735 0TE0049  -250 -151                                     .55  .60                                                        
 739 0TE0089   -38  209                                                                             .63  .66  .69  .65  .64 
 741 0TE0109     5  184                                                                                       .64  .74  .67 
 775 0TE0689    57  258                                                                                                 .65 
 776 0TE0699    42  302                                                                                            .71  .66 
 786 0TE0829    47  162                                                                                            .73  .74 
 790 0TE0879  -241   49                                     .64  .76  .82  .69  .53  .61  .70  .51  .45  .43                
 797 0TE0969  -166   83                                                    .66  .54  .59  .52  .29A .32A .40  .36           
 803 0TE1039  -446 -309  .55  .60                                                                                           
 880 SLVA02X  -362  -40            .44  .22A .44  .57  .56  .55  .36  .43  .51  .32A .54                                    
 Av segment correlation  .57  .62  .55  .38  .49  .60  .51  .61  .61  .64  .62  .47  .58  .61  .38  .50  .53  .54  .66  .63 

 CORRELATION OF SERIES BY SEGMENTS: swed334
-----------------------------------------------------------------------------------------------------------------------------------
 Correlations of  50-year dated segments, lagged  25 years
 Flags:  A = correlation under   .3281 but highest as dated;  B = correlation higher at other than dated position

 Seq Series  Time_span   100  125  150  175  200  225  250  275  300  325  350  375  400  425  450  475  500  525  550  575 
                         149  174  199  224  249  274  299  324  349  374  399  424  449  474  499  524  549  574  599  624 
 --- -------- ---------  ---- ---- ---- ---- ---- ---- ---- ---- ---- ---- ---- ---- ---- ---- ---- ---- ---- ---- ---- ---- 
  28 0220390   569  636                                                                                                 .48 
  35 022049A   133  225            .59  .66                                                                                 
  47 022069A   199  258                      .70                                                                            
  53 022076A   351  464                                                         .78  .77                                    
  56 0220810   508  647                                                                                       .67  .59  .69 
  59 022089A   224  457                           .65  .58  .40  .52  .64  .60  .60  .53                                    
  60 022090A   311  388                                               .54                                                   
  61 022091A   360  537                                                         .42  .52  .45  .42  .53                     
  65 022099A   160  319                 .51  .74  .72  .66                                                                  
  78 022121A   192  321                      .65  .70  .65                                                                  
  80 022125A   208  357                           .47  .55  .70  .68                                                        
  81 022126A   186  355                      .69  .70  .68  .72  .72                                                        
  93 022146A   411  501                                                                   .54  .62                          
 107 022162A   381  455                                                              .47                                    
 111 022168A    81  201  .77  .60  .36                                                                                      
 116 022173A   345  495                                                    .71  .77  .65  .44                               
 117 022175A   102  201       .61  .66                                                                                      
 133 022198A   361  487                                                         .71  .74  .75                               
 136 022206A   222  374                           .66  .64  .57  .64  .65                                                   
 138 0222089   320  418                                               .69  .62                                              
 139 0222099   231  477                                .69  .40  .47  .68  .73  .73  .68  .61                               
 173 0230580   548 1044                                                                                            .67  .80 
 174 0230590   541  669                                                                                            .52  .47 
 176 0230610   451  680                                                                             .41  .24B .40  .56  .68 
 197 0230870   543  723                                                                                            .44  .54 
 204 0230979   537  810                                                                                            .69  .66 
 207 0231030   516  697                                                                                       .74  .78  .66 
 215 0231180   554 1025                                                                                                 .73 
 234 023159A   352  467                                                         .52  .77                                    
 236 023162A   235  308                                .62                                                                  
 237 0231630   402  624                                                                   .65  .61  .49  .54  .60  .63  .71 
 243 0231730   468  645                                                                             .62  .81  .77  .66  .73 
 245 023176A   242  331                                .82  .72                                                             
 249 0231800   491  612                                                                                  .77  .61  .51      
 257 023188A   -15  150  .51                                                                                                
 258 0231890   470  573                                                                             .60  .69                
 263 023195A   454  535                                                                             .57                     
 268 023200    495  604                                                                                  .64  .61  .67      
 270 023203A   227  354                                .66  .49  .59                                                        
 295 0240370   497  705                                                                                  .71  .73  .71  .65 
 304 0240470   557  784                                                                                                 .52 
 308 0240510   452  644                                                                             .64  .74  .75  .75  .72 
 313 0240570   447  811                                                                        .43  .60  .68  .73  .71  .77 
 334 0240910   528  758                                                                                            .60  .65 
 343 0241040   538  727                                                                                            .53  .42 
 362 025060A    50  151  .64                                                                                                
 370 025089A    93  314  .56  .48  .49  .71  .81  .70  .65                                                                  
 605 0TA0099   258  416                                     .63  .60  .66  .72                                              
 608 0TA0139   104  238       .59  .56  .54                                                                                 
 610 0TA0159   -51  218  .75  .71  .79                                                                                      
 611 0TA0179   116  347       .48  .49  .62  .69  .75  .66  .47                                                             
 613 0TA0209   122  335       .62  .59  .68  .69  .75  .63  .36                                                             
 614 0TA0219   144  261            .28B .45  .51                                                                            
 615 0TA0229   129  286            .65  .65  .66  .72                                                                       
 616 0TB0019   159  352                 .71  .72  .79  .81  .74  .76                                                        
 617 0TB0029   397  496                                                              .62  .79                               
 618 0TB0039   226  377                                .75  .70  .64  .66                                                   
 619 0TB0049   391  493                                                              .83  .66                               
 620 0TB0059   169  456                 .56  .60  .71  .73  .62  .66  .59  .55  .75  .69                                    
 621 0TB0069   188  380                      .72  .85  .84  .73  .80  .75                                                   
 625 0TB0119    98  267  .54  .79  .76  .71  .69                                                                            
 627 0TB0139   189  465                      .82  .87  .67  .60  .75  .74  .61  .54  .60                                    
 628 0TB0149   428  535                                                                        .78  .75                     
 629 0TB0159   170  385                 .58  .74  .86  .84  .72  .70  .67                                                   
 642 0TB0329   341  477                                                    .49  .66  .76  .72                               
 643 0TB0339   571  846                                                                                                 .67 
 644 0TB0359   273  405                                     .60  .67  .68  .75                                              
 645 0TB0369   510  657                                                                                       .56  .67  .75 
 646 0TB0379   453  710                                                                             .35  .47  .63  .66  .64 
 647 0TB040Z   163  330                 .57  .66  .66  .66  .68                                                             
 648 0TB041Z   170  450                 .59  .70  .84  .76  .64  .77  .70  .49  .26A .31B                                   
 649 0TB043Z   436  556                                                                        .61  .60  .67                
 651 0TB046Z   451  649                                                                             .57  .86  .83  .72  .64 
 652 0TB047Z   460  834                                                                             .72  .78  .75  .70  .70 
 653 0TB048Z   512  891                                                                                       .46  .46  .75 
 654 0TB049Z   386  697                                                              .86  .72  .65  .77  .78  .65  .50  .55 
 655 0TB050Z   200  294                           .68                                                                       
 656 0TB052Z   335  573                                                    .49  .78  .75  .63  .80  .85  .89                
 657 0TB053Z   459  660                                                                             .83  .84  .80  .71  .74 
 658 0TB055Z   449  765                                                                             .60  .75  .74  .67  .75 
 662 0TB060Z   209  433                           .69  .67  .64  .83  .72  .50  .63                                         
 666 0TB064Z   478  763                                                                                  .75  .74  .72  .75 
 667 0TB065Z   443  596                                                                        .74  .66  .79  .84           
 668 0TB066Z   208  378                           .90  .86  .83  .65  .44                                                   
 669 0TB069Z   183  365                      .64  .83  .70  .54  .56                                                        
 676 0TB080Z   107  362       .18B .35  .65  .66  .72  .74  .64  .55                                                        
 677 0TB081Z   212  285                           .87                                                                       
 679 0TB084Z   265  415                                     .39  .47  .61  .62                                              
 685 0TB093Z   415  492                                                                   .53                               
 692 0TB112Z   176  466                      .77  .85  .82  .72  .70  .46  .35  .67  .66                                    
 695 0TB116Z   445  698                                                                        .49  .65  .84  .87  .85  .83 
 698 0TB121Z   456  738                                                                             .62  .79  .81  .77  .79 
 701 0TB127Z   -13  215  .53  .64  .73                                                                                      
 702 0TB128Z   439  714                                                                        .58  .75  .67  .65  .71  .76 
 703 0TB130Z   485  659                                                                                  .83  .83  .84  .73 
 705 0TB133X   182  444                      .72  .86  .83  .69  .65  .62  .63  .59                                         
 706 0TB134X   200  465                           .75  .78  .68  .65  .53  .36  .50  .58                                    
 707 0TB135X   184  331                      .72  .87  .77  .68                                                             
 708 0TB136A   465  620                                                                             .73  .89  .75  .54      
 709 0TB137A   401  501                                                                   .65  .51                          
 711 0TB139X   205  492                           .73  .76  .62  .55  .60  .62  .54  .60  .53                               
 717 0TB145a   182  287                      .80  .81                                                                       
 719 0TB147A   164  390                 .52  .62  .64  .65  .44  .39  .31A                                                  
 720 0TB148X   406  487                                                                   .63                               
 722 0TB153X   404  598                                                                   .38  .51  .60  .73  .85           
 723 0TB154X   128  295            .62  .66  .72  .81                                                                       
 724 0TB155a    61  222  .57  .63  .53                                                                                      
 725 0TB156X   441  541                                                                        .71  .72                     
 726 0TB158X   224  344                                .72  .55                                                             
 727 0TB161X   196  447                      .42  .73  .72  .73  .69  .64  .66  .68                                         
 730 0TD0050   443  529                                                                        .58  .79                     
 731 0TD0060   453  736                                                                             .63  .73  .80  .78  .74 
 732 0TD0089   487  577                                                                                  .74  .71           
 734 0TE0039   436  621                                                                        .64  .63  .73  .76  .80      
 739 0TE0089   -38  209  .55  .40  .39                                                                                      
 741 0TE0109     5  184  .65  .65                                                                                           
 749 0TE0269   477  621                                                                                  .84  .83  .71      
 750 0TE0279   462  558                                                                             .78  .77                
 761 0TE0449   427  523                                                                        .71                          
 770 0TE0579    76  238  .71  .62  .65  .73                                                                                 
 772 0TE0619   488  695                                                                                  .48  .76  .74  .66 
 775 0TE0689    57  258  .77  .80  .69  .56  .65                                                                            
 776 0TE0699    42  302  .54  .56  .59  .57  .62  .65  .48                                                                  
 784 0TE0799   224  409                           .70  .72  .57  .65  .62  .50                                              
 785 0TE0809   443  646                                                                        .79  .79  .88  .73  .65  .76 
 786 0TE0829    47  162  .63                                                                                                
 788 0TE0859   465  626                                                                             .71  .76  .69  .60  .69 
 789 0TE0869   453  770                                                                             .53  .53  .54  .64  .65 
 796 0TE0959   130  235            .56  .60                                                                                 
 804 0TE1049   199  315                      .74  .78  .75                                                                  
 805 0TE1059   374  543                                                         .69  .71  .70  .75  .71                     
 837 A31013Z   516  759                                                                                       .37  .63  .61 
 847 A31041A   340  565                                                    .33B .61  .62  .39  .38B .70  .72                
 Av segment correlation  .62  .59  .57  .61  .69  .75  .71  .61  .64  .62  .57  .62  .65  .60  .62  .65  .72  .70  .66  .68 

 CORRELATION OF SERIES BY SEGMENTS: swed334
-----------------------------------------------------------------------------------------------------------------------------------
 Correlations of  50-year dated segments, lagged  25 years
 Flags:  A = correlation under   .3281 but highest as dated;  B = correlation higher at other than dated position

 Seq Series  Time_span   600  625  650  675  700  725  750  775  800  825  850  875  900  925  950  975 1000 1025 1050 1075 
                         649  674  699  724  749  774  799  824  849  874  899  924  949  974  999 1024 1049 1074 1099 1124 
 --- -------- ---------  ---- ---- ---- ---- ---- ---- ---- ---- ---- ---- ---- ---- ---- ---- ---- ---- ---- ---- ---- ---- 
  34 0220480   693  845                      .54  .74  .75  .79                                                             
  36 0220500   717  888                           .58  .67  .62  .62  .52                                                   
  45 0220630   648  732            .73  .64                                                                                 
  51 0220730   728  975                                .60  .55  .52  .57  .66  .54  .51  .50                               
 106 0221600   649  749            .63  .77  .69                                                                            
 115 0221720   660  766                 .71  .64                                                                            
 128 0221870  1022 1109                                                                                       .60  .72      
 132 0221960   900 1018                                                                   .64  .64                          
 135 0222040   841  968                                                    .72  .69  .70                                    
 144 0230070   696  930                      .43  .39  .49  .74  .70  .56  .70  .74                                         
 145 0230110   712 1085                           .24B .35  .59  .60  .54  .63  .57  .56  .54  .69  .78  .73  .68           
 146 0230120   691 1022                      .65  .75  .77  .72  .67  .60  .48  .31B .48  .64  .74                          
 148 0230150   689  993                      .67  .66  .65  .72  .72  .76  .80  .68  .68  .80                               
 150 0230180   927 1139                                                                        .58  .48  .58  .63  .69  .76 
 152 0230230   988 1193                                                                                  .39  .62  .75  .66 
 155 0230260  1074 1393                                                                                                 .69 
 163 0230410  1011 1115                                                                                       .46  .59      
 164 0230420   798 1020                                          .67  .62  .71  .68  .69  .80  .74                          
 166 0230440   617  919       .44  .80  .77  .64  .72  .69  .62  .53  .48  .65                                              
 167 0230451   600 1193       .53  .71  .71  .56  .62  .69  .64  .54  .43  .50  .54  .44  .53  .65  .56  .52  .57  .71  .77 
 171 0230510  1019 1167                                                                                       .70  .77  .73 
 172 0230570   851 1026                                                         .71  .59  .72  .76  .68                     
 173 0230580   548 1044  .76  .77  .85  .77  .67  .71  .71  .73  .77  .79  .70  .55  .55  .73  .76  .70                     
 174 0230590   541  669  .54                                                                                                
 175 0230600   680  820                      .67  .72  .76                                                                  
 176 0230610   451  680  .70  .68                                                                                           
 177 0230620   634  755            .74  .67  .62                                                                            
 178 0230630   665  985                 .70  .61  .63  .54  .74  .78  .73  .70  .61  .68  .80                               
 179 0230640  1001 1141                                                                                       .60  .70  .74 
 183 0230690   992 1101                                                                                  .54  .65  .59      
 184 0230700   794  935                                          .67  .63  .60  .66                                         
 185 0230710   668  797                 .38  .49  .64                                                                       
 186 0230720   842 1118                                                    .65  .46  .38  .57  .63  .57  .42  .52  .70      
 189 0230760   696  882                      .68  .54  .45  .64  .75  .66                                                   
 190 0230770   667  798                 .75  .44  .62                                                                       
 194 0230840   906 1112                                                                   .67  .75  .63  .66  .74  .73      
 195 0230850   827  943                                                    .73  .54                                         
 196 0230860   729  894                                .54  .59  .61  .69                                                   
 197 0230870   543  723  .62  .61  .73                                                                                      
 198 0230880   711  821                           .65  .53                                                                  
 199 0230900   637  796            .73  .65  .62  .70                                                                       
 200 0230910   717  916                           .58  .70  .72  .73  .72  .74                                              
 201 0230920  1041 1125                                                                                            .76  .75 
 202 0230940   989 1115                                                                                  .68  .61  .69      
 203 0230960   790  970                                          .63  .75  .69  .58  .64                                    
 204 0230979   537  810  .71  .79  .79  .72  .55  .59  .56                                                                  
 206 0231020   888 1030                                                              .68  .58  .57  .54                     
 207 0231030   516  697  .68  .71                                                                                           
 214 0231170   960 1131                                                                             .39  .59  .56  .62  .55 
 215 0231180   554 1025  .67  .75  .82  .71  .58  .70  .66  .63  .65  .78  .70  .47  .55  .68  .64  .59                     
 216 0231200   653  982                 .78  .57  .64  .59  .63  .63  .72  .76  .61  .62  .53                               
 217 0231290   937 1067                                                                        .76  .75  .81                
 218 0231300   998 1153                                                                                  .44  .69  .78  .71 
 221 0231340   836  981                                                    .54  .45  .59  .74                               
 235 0231600   636  740            .69  .61                                                                                 
 247 0231780   900 1026                                                                   .50  .58  .65                     
 250 023181A   632  806            .46  .53  .49  .47  .35                                                                  
 251 0231820   581  691  .54  .65                                                                                           
 265 0231970   696  786                      .63  .50                                                                       
 267 0231990   697  781                      .39  .62                                                                       
 272 0240020   900 1040                                                                   .63  .62  .64                     
 283 0240180   853 1033                                                         .56  .45  .57  .68  .66                     
 288 0240280   850  931                                                         .66                                         
 289 0240290   776 1005                                          .47  .57  .69  .39  .35  .47  .44                          
 291 0240330   656 1039                 .77  .66  .66  .63  .75  .73  .69  .71  .68  .72  .75  .65  .61                     
 292 0240340   790  975                                          .56  .58  .70  .65  .70  .67                               
 293 0240350   655  899                 .68  .53  .63  .66  .66  .63  .66  .53                                              
 294 0240360   910  978                                                                   .73                               
 295 0240370   497  705  .60  .54  .68                                                                                      
 296 0240380   910  977                                                                   .74                               
 297 0240390   622  841       .65  .86  .78  .61  .80  .79  .74                                                             
 299 0240411   702 1056                           .68  .72  .65  .63  .69  .76  .62  .65  .76  .75  .72  .51                
 301 0240421   975 1153                                                                                  .49  .36  .47  .54 
 303 0240430   592  912  .56  .39  .44  .41  .38  .49  .58  .58  .61  .72  .61                                              
 304 0240470   557  784  .56  .45  .57  .59  .46  .64                                                                       
 312 0240560   585  767  .65  .54  .46  .40  .44                                                                            
 313 0240570   447  811  .73  .68  .48  .28A .51  .76  .78                                                                  
 315 0240590   750  937                                     .65  .69  .64  .62  .65                                         
 316 0240610   645  827            .66  .52  .47  .65  .67  .70                                                             
 317 0240620  1027 1156                                                                                            .67  .71 
 319 0240660   898 1099                                                              .54  .76  .80  .71  .70  .75  .70      
 320 0240670   870 1025                                                         .51  .73  .82  .84  .79                     
 321 0240680  1053 1267                                                                                                 .49 
 323 0240720  1011 1187                                                                                       .67  .63  .68 
 326 0240760   989 1099                                                                                  .73  .64  .64      
 327 0240780  1022 1099                                                                                       .47  .49      
 328 0240790   747  950                                .76  .74  .68  .64  .72  .67  .69                                    
 329 0240800   952 1123                                                                             .54  .54  .69  .78      
 332 0240870  1020 1125                                                                                       .51  .66  .55 
 333 0240890   878 1041                                                              .69  .77  .71  .65                     
 334 0240910   528  758  .76  .72  .79  .75  .58                                                                            
 336 0240940   906 1165                                                                   .49  .42  .39  .51  .55  .57  .51 
 338 0240960   770  952                                     .53  .61  .65  .74  .65  .63                                    
 343 0241040   538  727  .53  .61  .63  .55                                                                                 
 344 0241050   962 1088                                                                             .43  .53  .55           
 345 0241060   812 1011                                               .71  .62  .51  .52  .66  .71                          
 347 0241080   888 1186                                                              .68  .64  .67  .63  .64  .67  .67  .65 
 354 0241180  1005 1120                                                                                       .66  .70      
 363 025061A   731 1126                                .49  .50  .42  .40  .41  .45  .55  .58  .45  .40  .44  .45  .23B .27B
 364 0250620   719  923                           .68  .51  .42  .54  .67  .66                                              
 372 0250920   628  711            .62                                                                                      
 374 0250940   721 1067                           .29A .53  .79  .80  .71  .61  .60  .71  .69  .65  .65  .62                
 451 0260140   898 1133                                                              .58  .61  .60  .44  .37  .54  .66  .43 
 473 0260419   795 1199                                          .30B .41  .55  .47  .29A .54  .70  .65  .62  .60  .69  .72 
 479 0260480   942 1186                                                                        .46  .60  .67  .60  .66  .77 
 480 0260490   805 1169                                               .71  .67  .58  .56  .64  .72  .62  .58  .59  .68  .72 
 507 0260760   826  984                                                    .43  .37  .54  .67                               
 508 0260770  1055 1205                                                                                                 .69 
 509 0260780   955 1194                                                                             .77  .77  .82  .84  .83 
 511 0260800   663 1024                 .61  .43  .38  .38  .64  .72  .64  .68  .63  .66  .79  .83  .81                     
 512 0260810   930 1254                                                                        .75  .66  .60  .57  .75  .83 
 513 0260820   928 1146                                                                        .65  .65  .70  .60  .53  .58 
 521 0260900   714  941                           .61  .60  .65  .69  .66  .61  .44                                         
 553 0261240   715  865                           .65  .68  .67  .68                                                        
 559 0261300   836 1113                                                    .72  .47  .38  .59  .74  .66  .61  .67  .79      
 567 0261380   753 1091                                     .57  .55  .58  .59  .62  .65  .63  .61  .44  .38  .37           
 572 0261430   789  921                                          .48  .67  .68                                              
 594 0261709   846 1045                                                    .48  .46  .68  .76  .80  .58                     
 622 0TB0089   925 1175                                                                        .85  .86  .77  .70  .85  .84 
 623 0TB0099   990 1169                                                                                  .60  .62  .63  .73 
 624 0TB0109   950 1159                                                                             .63  .65  .64  .72  .82 
 631 0TB0189   700  881                           .66  .65  .75  .85  .79                                                   
 632 0TB0199   991 1100                                                                                  .70  .78  .78      
 633 0TB0209   993 1142                                                                                  .46  .61  .71  .70 
 635 0TB0229   957 1090                                                                             .77  .77  .64           
 639 0TB0279   970 1172                                                                             .77  .76  .77  .86  .88 
 640 0TB0289   675  935                      .81  .78  .77  .85  .82  .75  .57  .30A                                        
 643 0TB0339   571  846  .79  .80  .89  .83  .62  .57  .62  .72                                                             
 645 0TB0369   510  657  .58                                                                                                
 646 0TB0379   453  710  .58  .61  .69                                                                                      
 650 0TB045Z  1006 1117                                                                                       .58  .72      
 651 0TB046Z   451  649  .65                                                                                                
 652 0TB047Z   460  834  .73  .78  .84  .80  .72  .75  .71  .69                                                             
 653 0TB048Z   512  891  .81  .75  .84  .74  .54  .52  .66  .75  .75  .57                                                   
 654 0TB049Z   386  697  .52  .59                                                                                           
 657 0TB053Z   459  660  .76                                                                                                
 658 0TB055Z   449  765  .75  .79  .88  .85  .69                                                                            
 659 0TB056Z   662  916                 .71  .59  .64  .66  .68  .77  .84  .72                                              
 660 0TB058Z  1035 1307                                                                                            .80  .85 
 664 0TB062Z   727  876                                .56  .64  .71  .65                                                   
 666 0TB064Z   478  763  .55  .49  .61  .59  .62                                                                            
 670 0TB070Z   895 1109                                                              .45  .58  .52  .57  .37  .33  .65      
 671 0TB071Z   933 1149                                                                        .69  .58  .46  .26A .42  .66 
 680 0TB085Z   660  783                 .82  .78  .50                                                                       
 694 0TB114Z   993 1193                                                                                  .72  .77  .81  .85 
 695 0TB116Z   445  698  .72  .74                                                                                           
 698 0TB121Z   456  738  .72  .71  .83  .83                                                                                 
 699 0TB122A   748  942                                .44  .37  .35  .43  .43  .35                                         
 702 0TB128Z   439  714  .65  .68  .77                                                                                      
 703 0TB130Z   485  659  .56                                                                                                
 710 0TB138A   709  868                           .60  .63  .75  .70                                                        
 713 0TB141A   873  983                                                         .39  .49  .55                               
 714 0TB142X   758 1014                                     .76  .81  .79  .78  .72  .73  .77  .75                          
 716 0TB144X  1055 1168                                                                                                 .70 
 721 0TB150X   621  685       .76                                                                                           
 731 0TD0060   453  736  .70  .68  .71  .65                                                                                 
 751 0TE0289   682  774                      .80  .67                                                                       
 753 0TE0309   681  985                      .52  .70  .60  .64  .76  .82  .75  .55  .57  .56                               
 754 0TE0329   671  974                 .41  .61  .70  .57  .69  .82  .86  .79  .65  .70  .81                               
 756 0TE0359   646  795            .61  .65  .68  .64                                                                       
 758 0TE0379   820  983                                               .59  .59  .51  .58  .71                               
 765 0TE0519   667  787                 .72  .65  .61                                                                       
 772 0TE0619   488  695  .66  .67                                                                                           
 778 0TE0719  1002 1161                                                                                       .64  .71  .79 
 780 0TE0739   665  754                 .63  .64                                                                            
 782 0TE0769   697  878                      .57  .74  .70  .77  .76  .76                                                   
 789 0TE0869   453  770  .53  .51  .62  .65  .64                                                                            
 794 0TE0939   735  834                                .49  .57                                                             
 798 0TE0989   681  795                      .58  .65                                                                       
 832 A31001Z   620  777       .65  .75  .73  .70  .79                                                                       
 833 A31003Z   611  746       .64  .74  .74                                                                                 
 837 A31013Z   516  759  .61  .53  .66  .83  .71                                                                            
 841 A31020Z   621  864       .59  .70  .74  .75  .66  .66  .71  .65                                                        
 846 A31040Z   926 1061                                                                        .68  .67  .56                
 848 A31042Z   658  800                 .68  .67  .72  .61                                                                  
 Av segment correlation  .65  .64  .70  .67  .60  .63  .62  .66  .65  .65  .65  .55  .59  .66  .67  .63  .59  .60  .68  .69 

 CORRELATION OF SERIES BY SEGMENTS: swed334
-----------------------------------------------------------------------------------------------------------------------------------
 Correlations of  50-year dated segments, lagged  25 years
 Flags:  A = correlation under   .3281 but highest as dated;  B = correlation higher at other than dated position

 Seq Series  Time_span  1100 1125 1150 1175 1200 1225 1250 1275 1300 1325 1350 1375 1400 1425 1450 1475 1500 1525 1550 1575 
                        1149 1174 1199 1224 1249 1274 1299 1324 1349 1374 1399 1424 1449 1474 1499 1524 1549 1574 1599 1624 
 --- -------- ---------  ---- ---- ---- ---- ---- ---- ---- ---- ---- ---- ---- ---- ---- ---- ---- ---- ---- ---- ---- ---- 
  17 0220050  1478 1728                                                                                  .27A .55  .69  .82 
 103 0221560  1250 1437                                     .62  .57  .41  .47  .53                                         
 122 0221800  1198 1274                      .39  .62                                                                       
 143 0230060  1180 1327                      .62  .64  .67  .65                                                             
 147 0230130  1250 1404                                     .76  .73  .68  .72                                              
 149 0230160  1315 1504                                               .64  .58  .58  .45  .58  .66                          
 151 0230190  1240 1384                                .80  .75  .69  .71                                                   
 152 0230230   988 1193  .45  .46                                                                                           
 153 0230240  1322 1469                                               .72  .68  .63  .38                                    
 154 0230250  1150 1351                 .71  .68  .62  .62  .67  .68                                                        
 155 0230260  1074 1393  .64  .62  .56  .73  .73  .63  .48  .44  .71  .73                                                   
 156 0230270  1508 1722                                                                                       .76  .85  .74 
 157 0230280  1309 1428                                               .67  .74  .79                                         
 158 0230290  1454 1721                                                                             .53  .69  .68  .79  .88 
 160 0230370  1438 1600                                                                        .62  .57  .57  .67  .55      
 161 0230380  1133 1386            .61  .75  .73  .76  .72  .81  .82  .70                                                   
 165 0230430  1296 1415                                          .78  .82  .80                                              
 167 0230451   600 1193  .67  .52                                                                                           
 168 0230460  1485 1641                                                                                  .61  .65  .65  .77 
 170 0230490  1266 1451                                     .45  .57  .70  .66  .76  .62                                    
 171 0230510  1019 1167  .51                                                                                                
 180 0230650  1503 1663                                                                                       .53  .60  .65 
 181 0230670  1085 1169  .65                                                                                                
 182 0230680  1320 1508                                               .76  .76  .80  .67  .70  .71                          
 187 0230730  1288 1495                                          .73  .63  .61  .65  .49  .54                               
 188 0230740  1317 1450                                               .54  .66  .80  .53                                    
 191 0230780  1450 1548                                                                             .54                     
 192 0230790  1241 1368                                .47  .57  .74                                                        
 193 0230830  1280 1380                                          .72  .74                                                   
 205 0231010  1105 1260       .63  .62  .68  .74                                                                            
 209 0231102  1546 1745                                                                                            .86  .86 
 211 0231144  1369 1977                                                         .64  .51  .52  .62  .74  .70  .69  .67  .70 
 218 0231300   998 1153  .64                                                                                                
 219 0231320  1196 1425                      .60  .35  .28A .57  .61  .66  .69  .51                                         
 220 0231330  1304 1430                                               .68  .57  .64                                         
 271 0240010  1497 1679                                                                                  .69  .78  .73  .66 
 273 0240050  1489 1715                                                                                  .76  .78  .68  .72 
 275 0240080  1273 1445                                          .74  .67  .43  .51                                         
 279 0240130  1430 1606                                                                        .47  .47  .63  .69  .66      
 280 0240140  1530 1701                                                                                            .72  .80 
 284 0240190  1517 1736                                                                                       .67  .68  .73 
 285 0240200  1320 1451                                               .69  .48  .39  .44                                    
 287 0240260  1265 1459                                     .49  .50  .68  .62  .66  .67                                    
 290 0240300  1345 1500                                                    .77  .71  .60  .72  .68                          
 298 0240400  1152 1293                 .48  .49  .44                                                                       
 300 0240412  1286 1470                                          .75  .58  .37  .45  .58                                    
 301 0240421   975 1153  .53                                                                                                
 302 0240422  1270 1480                                     .63  .52  .51  .64  .60  .49  .61                               
 305 0240480  1544 1740                                                                                            .72  .61 
 306 0240490  1311 1455                                               .63  .64  .55  .48                                    
 307 0240500  1093 1272  .52  .39  .59  .64  .41                                                                            
 309 0240522  1313 1718                                               .63  .70  .69  .57  .69  .78  .73  .77  .78  .77  .79 
 310 0240530  1276 1415                                          .55  .56  .65                                              
 311 0240540  1506 1638                                                                                       .68  .70  .75 
 314 0240580  1495 1752                                                                                  .57  .77  .82  .80 
 317 0240620  1027 1156  .57                                                                                                
 318 0240630  1257 1450                                     .47  .54  .72  .75  .64  .41                                    
 321 0240680  1053 1267  .48  .34  .50  .55  .60                                                                            
 322 0240692  1535 1680                                                                                            .83  .75 
 323 0240720  1011 1187  .56  .24B                                                                                          
 324 0240739  1496 1760                                                                                  .64  .67  .77  .75 
 325 0240750  1342 1447                                                    .57  .67                                         
 330 0240840  1277 1409                                          .46  .50  .68                                              
 331 0240860  1510 1616                                                                                       .65  .74      
 335 0240930  1242 1521                                .62  .74  .69  .57  .69  .71  .61  .73  .73                          
 336 0240940   906 1165  .51                                                                                                
 337 0240950  1273 1389                                     .55  .61  .61                                                   
 346 0241070  1186 1375                      .40  .41  .57  .51  .45  .46                                                   
 347 0241080   888 1186  .59  .50                                                                                           
 349 0241100  1465 1632                                                                             .51  .65  .71  .81  .86 
 449 0260110  1518 1727                                                                                       .74  .77  .82 
 450 0260130  1484 1608                                                                                  .62  .50  .63      
 452 0260160  1249 1407                                .40  .43  .56  .54  .48                                              
 453 0260170  1315 1452                                               .52  .54  .58  .45                                    
 454 0260181  1520 1820                                                                                       .73  .72  .61 
 456 0260222  1465 1585                                                                             .73  .76  .78           
 461 0260272  1509 1638                                                                                       .53  .75  .69 
 468 0260350  1330 1739                                                    .58  .64  .57  .56  .64  .74  .71  .66  .73  .71 
 469 0260372  1560 1645                                                                                                 .60 
 470 0260380  1562 1735                                                                                                 .62 
 471 0260390  1077 1224  .70  .73  .44  .43                                                                                 
 472 0260400  1136 1345            .48  .53  .55  .61  .55  .55                                                             
 473 0260419   795 1199  .71  .69  .56                                                                                      
 474 0260430  1480 1980                                                                                  .76  .77  .72  .68 
 476 0260450  1345 1599                                                    .54  .54  .34  .42  .42  .47  .61  .64  .65      
 477 0260460  1270 1508                                     .67  .61  .47  .56  .52  .27B .62  .62                          
 478 0260470  1395 1688                                                              .58  .47  .44  .60  .75  .77  .77  .74 
 479 0260480   942 1186  .65  .56                                                                                           
 480 0260490   805 1169  .67                                                                                                
 484 0260530  1478 1722                                                                                  .31A .32A .72  .77 
 487 0260560  1342 1585                                                    .54  .48  .34  .41  .43  .59  .70  .53           
 488 0260570  1537 1908                                                                                            .42  .50 
 491 0260600  1552 1641                                                                                                 .81 
 494 0260630  1564 1814                                                                                                 .79 
 495 0260640  1314 1533                                               .76  .77  .74  .55  .71  .78  .85                     
 496 0260650  1472 1601                                                                             .50  .51  .47  .55      
 498 0260670  1542 1663                                                                                            .64  .73 
 499 0260680  1520 1712                                                                                       .62  .75  .70 
 500 0260690  1186 1445                      .63  .66  .59  .54  .63  .65  .69  .58                                         
 501 0260700  1266 1528                                     .71  .82  .81  .74  .69  .64  .72  .71  .66                     
 502 0260710  1493 1775                                                                                  .47  .47  .70  .69 
 503 0260720  1445 1634                                                                        .57  .50  .59  .70  .75  .79 
 504 0260730  1480 1761                                                                                  .72  .68  .61  .63 
 505 0260740  1341 1637                                                    .66  .40  .35  .62  .71  .54  .53  .65  .76  .80 
 508 0260770  1055 1205  .71  .69  .42                                                                                      
 509 0260780   955 1194  .82  .72                                                                                           
 510 0260790  1500 1640                                                                                       .70  .78  .80 
 512 0260810   930 1254  .76  .73  .82  .71  .60                                                                            
 514 0260830  1485 1575                                                                                  .58  .64           
 515 0260840  1489 1788                                                                                  .67  .58  .65  .70 
 516 0260850  1454 1683                                                                             .62  .66  .68  .61  .62 
 518 0260870  1467 1600                                                                             .67  .73  .64  .55      
 519 0260880  1438 1678                                                                        .27A .62  .69  .66  .75  .75 
 520 0260890  1444 1644                                                                        .71  .69  .74  .80  .75  .81 
 522 0260911  1488 1618                                                                                  .50  .50  .70      
 523 0260920  1291 1668                                          .51  .27B .35  .40  .34  .48  .65  .73  .64  .50  .67  .77 
 524 0260930  1281 1538                                          .75  .69  .73  .51  .27A .59  .59  .66                     
 528 0260970  1434 1543                                                                        .49  .64                     
 529 0260980  1463 1607                                                                             .63  .63  .73  .77      
 530 0260990  1441 1785                                                                        .77  .60  .54  .68  .67  .71 
 531 026100   1441 1735                                                                        .39  .64  .63  .60  .73  .78 
 532 0261010  1435 1575                                                                        .65  .59  .61  .67           
 533 0261020  1289 1572                                          .61  .56  .59  .59  .45  .40  .44  .62  .75                
 534 0261030  1513 1698                                                                                       .49  .71  .74 
 535 0261050  1465 1644                                                                             .55  .58  .46  .59  .65 
 536 0261069  1447 1980                                                                        .33  .58  .45  .42  .53  .62 
 537 0261070  1476 1717                                                                                  .55  .49  .75  .76 
 538 0261082  1538 1737                                                                                            .75  .85 
 539 0261090  1431 1646                                                                        .54  .68  .80  .76  .79  .82 
 540 0261100  1466 1632                                                                             .50  .57  .54  .68  .83 
 541 0261110  1464 1631                                                                             .60  .63  .74  .77  .79 
 542 0261120  1443 1789                                                                        .63  .64  .75  .75  .83  .88 
 545 0261150  1455 1572                                                                             .77  .62                
 546 0261160  1455 1627                                                                             .64  .55  .62  .81  .82 
 547 0261170  1443 1700                                                                        .65  .71  .60  .49  .60  .77 
 548 0261180  1494 1695                                                                                  .59  .61  .75  .71 
 549 0261190  1436 1645                                                                        .50  .50  .69  .73  .66  .70 
 550 0261200  1465 1626                                                                             .60  .67  .44  .42  .58 
 551 0261210  1499 1649                                                                                       .61  .72  .78 
 552 0261230  1490 1670                                                                                  .51  .55  .71  .75 
 554 0261250  1280 1401                                          .53  .63  .46                                              
 556 0261270  1430 1579                                                                        .66  .60  .55  .66           
 557 0261280  1460 1598                                                                             .71  .67  .70           
 560 0261319  1504 1654                                                                                       .73  .62  .72 
 561 0261321  1526 1665                                                                                            .62  .71 
 564 0261351  1441 1582                                                                        .58  .63  .67  .63           
 573 0261440  1440 1528                                                                        .47  .61                     
 576 0261481  1513 1980                                                                                       .59  .65  .54 
 578 0261500  1265 1485                                     .61  .80  .74  .74  .71  .49  .61                               
 579 0261510  1444 1600                                                                        .57  .75  .79  .77  .67      
 580 0261520  1273 1472                                     .65  .70  .74  .71  .67  .63                                    
 581 0261560  1458 1681                                                                             .66  .64  .58  .37  .48 
 582 0261570  1450 1628                                                                             .65  .63  .72  .81  .88 
 584 0261590  1465 1591                                                                             .63  .71  .69           
 585 0261600  1524 1826                                                                                       .51  .74  .73 
 586 0261610  1464 1640                                                                             .71  .78  .77  .83  .72 
 587 0261620  1569 1877                                                                                                 .65 
 588 0261630  1485 1717                                                                                  .71  .62  .75  .73 
 590 0261652  1454 1565                                                                             .67  .56                
 595 0261720  1150 1304                 .54  .58  .62  .62                                                                  
 596 0261730  1095 1549  .51  .30A .26A .35  .34  .51  .57  .60  .56  .41B .47  .47  .39  .32A .43  .47  .36                
 597 0261750  1370 1531                                                         .61  .46  .34  .45  .61                     
 598 0262002  1491 1700                                                                                  .56  .57  .82  .91 
 622 0TB0089   925 1175  .68  .58                                                                                           
 623 0TB0099   990 1169  .62                                                                                                
 624 0TB0109   950 1159  .77                                                                                                
 626 0TB0129  1167 1301                 .52  .60  .63  .49                                                                  
 630 0TB0169  1187 1308                      .58  .68  .71                                                                  
 634 0TB0219  1551 1665                                                                                                 .46 
 636 0TB0239  1507 1578                                                                                       .71           
 638 0TB0269  1444 1623                                                                        .56  .54  .71  .76  .76      
 639 0TB0279   970 1172  .78                                                                                                
 660 0TB058Z  1035 1307  .77  .62  .61  .73  .74  .77  .70                                                                  
 671 0TB071Z   933 1149  .67                                                                                                
 672 0TB073Z  1323 1469                                               .69  .68  .63  .59                                    
 687 0TB097A  1342 1527                                                    .70  .66  .24B .06B .19B .37                     
 693 0TB113Z  1471 1680                                                                             .18B .42  .55  .62  .68 
 694 0TB114Z   993 1193  .74  .51                                                                                           
 700 0TB123Z  1188 1438                      .57  .73  .76  .74  .80  .72  .57  .58                                         
 716 0TB144X  1055 1168  .67                                                                                                
 718 0TB146X  1492 1580                                                                                  .58  .61           
 728 0TB239X  1434 1579                                                                        .73  .67  .73  .79           
 738 0TE0079  1505 1717                                                                                       .66  .66  .71 
 747 0TE0229  1515 1613                                                                                       .63  .72      
 748 0TE0239  1563 1702                                                                                                 .65 
 778 0TE0719  1002 1161  .68                                                                                                
 827 0TN1069  1433 1550                                                                        .78  .82  .73                
 828 0TN1089  1434 1539                                                                        .65  .80                     
 831 0TN1149  1471 1771                                                                             .47  .55  .61  .75  .77 
 Av segment correlation  .64  .55  .54  .60  .58  .61  .59  .61  .65  .63  .62  .61  .48  .54  .58  .61  .63  .64  .70  .73 

 CORRELATION OF SERIES BY SEGMENTS: swed334
-----------------------------------------------------------------------------------------------------------------------------------
 Correlations of  50-year dated segments, lagged  25 years
 Flags:  A = correlation under   .3281 but highest as dated;  B = correlation higher at other than dated position

 Seq Series  Time_span  1600 1625 1650 1675 1700 1725 1750 1775 1800 1825 1850 1875 1900 1925 1950 
                        1649 1674 1699 1724 1749 1774 1799 1824 1849 1874 1899 1924 1949 1974 1999 
 --- -------- ---------  ---- ---- ---- ---- ---- ---- ---- ---- ---- ---- ---- ---- ---- ---- ---- 
  17 0220050  1478 1728  .84  .79  .70  .68                                                        
  18 0220061  1733 1856                                .65  .61  .64                               
 140 0230022  1854 1977                                                         .71  .75  .60      
 141 0230031  1848 1977                                                         .70  .78  .69      
 142 0230052  1834 1978                                                    .56  .79  .76  .49      
 156 0230270  1508 1722  .75  .78  .56                                                             
 158 0230290  1454 1721  .89  .88  .78                                                             
 159 0230351  1854 1977                                                         .68  .69  .55      
 162 0230392  1850 1977                                                         .69  .66  .63      
 169 0230472  1841 1979                                                    .63  .81  .70  .47      
 180 0230650  1503 1663  .71                                                                       
 208 0231091  1601 1977       .82  .74  .78  .80  .72  .59  .63  .71  .79  .82  .87  .85  .81      
 209 0231102  1546 1745  .85  .82  .78  .77                                                        
 210 0231132  1692 1977                      .39  .61  .53  .62  .76  .84  .77  .73  .69  .71      
 211 0231144  1369 1977  .77  .78  .77  .77  .79  .82  .75  .70  .77  .83  .84  .76  .80  .83      
 212 0231151  1647 1845            .73  .74  .70  .71  .64  .72                                    
 213 0231160  1744 1977                                .70  .73  .81  .86  .85  .80  .79  .82      
 271 0240010  1497 1679  .69  .75                                                                  
 273 0240050  1489 1715  .85  .80  .61                                                             
 274 0240072  1878 1977                                                              .64  .57      
 276 0240091  1817 1977                                               .56  .56  .55  .56  .69      
 277 0240101  1819 1977                                               .55  .62  .69  .67  .73      
 278 0240112  1825 1977                                                    .54  .55  .53  .56      
 280 0240140  1530 1701  .84  .82  .75                                                             
 281 0240161  1848 1977                                                    .72  .76  .67  .63      
 282 0240171  1831 1977                                                    .62  .84  .83  .85      
 284 0240190  1517 1736  .76  .56  .38  .64                                                        
 286 0240242  1790 1977                                          .42  .56  .51  .70  .74  .59      
 305 0240480  1544 1740  .71  .80  .80  .71                                                        
 309 0240522  1313 1718  .72  .69  .63                                                             
 314 0240580  1495 1752  .77  .72  .61  .64  .33B                                                  
 322 0240692  1535 1680  .54  .42                                                                  
 324 0240739  1496 1760  .79  .80  .71  .68  .67                                                   
 339 0240973  1835 1977                                                    .52  .45  .54  .57      
 340 0240981  1830 1977                                                    .59  .59  .51  .56      
 341 0240991  1825 1955                                                    .68  .69  .57           
 342 0241011  1824 1976                                               .54  .61  .69  .75  .71      
 348 0241093  1689 1977                      .46  .52  .28B .38  .63  .51  .68  .62  .49  .50      
 350 0241131  1861 1977                                                         .71  .67  .66      
 351 0241141  1833 1977                                                    .58  .67  .66  .66      
 352 0241161  1850 1977                                                         .50  .52  .46      
 353 0241172  1864 1977                                                         .75  .74  .64      
 449 0260110  1518 1727  .85  .85  .80  .83                                                        
 454 0260181  1520 1820  .68  .70  .43  .60  .78  .85  .75                                         
 455 0260210  1657 1852                 .38  .52  .58  .40  .46  .68                               
 457 0260230  1685 1845                      .30B .45B .48  .49                                    
 458 0260240  1807 1980                                               .80  .86  .83  .83  .72      
 459 0260259  1739 1980                                .58  .78  .76  .74  .70  .69  .66  .66      
 460 0260260  1805 1917                                               .75  .78                     
 462 0260290  1725 1982                                .73  .79  .79  .80  .79  .82  .76  .46      
 463 0260300  1632 1902            .56  .68  .70  .70  .79  .78  .77  .63  .52                     
 464 0260311  1644 1756            .50  .43  .43                                                   
 465 0260323  1599 1980  .81  .75  .60  .69  .77  .79  .76  .78  .83  .82  .73  .68  .73  .71      
 466 0260330  1820 1980                                               .62  .71  .69  .67  .72      
 467 0260340  1807 1965                                               .72  .72  .87  .81           
 468 0260350  1330 1739  .73  .59  .43  .61                                                        
 470 0260380  1562 1735  .71  .76  .72  .70                                                        
 474 0260430  1480 1980  .73  .71  .57  .58  .67  .80  .77  .56  .59  .61  .66  .60  .47  .42      
 475 0260440  1661 1980                 .79  .74  .74  .73  .72  .79  .87  .87  .83  .82  .88      
 478 0260470  1395 1688  .72  .68                                                                  
 481 0260500  1800 1935                                               .55  .50  .48                
 482 0260510  1804 1966                                               .52  .50  .54  .58           
 483 0260520  1770 1980                                     .65  .66  .74  .72  .74  .82  .74      
 484 0260530  1478 1722  .80  .67  .60                                                             
 485 0260540  1650 1980                 .54  .34  .38  .50  .47  .68  .76  .83  .80  .76  .76      
 486 0260551  1824 1980                                               .80  .78  .74  .71  .72      
 488 0260570  1537 1908  .60  .58  .51  .66  .70  .68  .69  .75  .73  .74  .74                     
 489 0260580  1660 1980                 .74  .61  .68  .82  .83  .80  .79  .75  .64  .67  .70      
 490 0260590  1844 1980                                                    .77  .73  .65  .60      
 492 0260610  1600 1806  .66  .79  .74  .77  .74  .73  .74                                         
 493 0260621  1698 1980                      .68  .70  .77  .81  .75  .59  .65  .75  .77  .70      
 494 0260630  1564 1814  .82  .66  .52  .74  .76  .70  .71                                         
 497 0260660  1665 1982                 .53  .66  .74  .72  .73  .67  .64  .66  .74  .85  .78      
 498 0260670  1542 1663  .72                                                                       
 499 0260680  1520 1712  .72  .64  .68                                                             
 502 0260710  1493 1775  .73  .80  .74  .76  .81  .65                                              
 504 0260730  1480 1761  .77  .78  .69  .76  .64                                                   
 506 0260750  1857 1980                                                         .76  .81  .71      
 515 0260840  1489 1788  .69  .55  .48  .46  .59  .79                                              
 516 0260850  1454 1683  .67  .63                                                                  
 519 0260880  1438 1678  .75  .75                                                                  
 523 0260920  1291 1668  .74                                                                       
 525 0260940  1683 1980                      .66  .67  .69  .82  .88  .87  .85  .80  .79  .84      
 526 0260950  1618 1800       .72  .63  .78  .80  .67  .60                                         
 527 0260962  1645 1787            .75  .80  .86  .85                                              
 530 0260990  1441 1785  .75  .68  .43  .49  .66  .74                                              
 531 026100   1441 1735  .79  .76  .72  .77                                                        
 534 0261030  1513 1698  .67  .62                                                                  
 536 0261069  1447 1980  .76  .71  .46  .47  .58  .68  .63  .64  .72  .80  .76  .74  .76  .76      
 537 0261070  1476 1717  .82  .85  .50                                                             
 538 0261082  1538 1737  .85  .81  .73  .80                                                        
 542 0261120  1443 1789  .85  .76  .64  .77  .85  .85                                              
 543 0261130  1840 1982                                                    .75  .82  .78  .53      
 544 0261140  1615 1776       .65  .53  .58  .72  .72                                              
 547 0261170  1443 1700  .82  .74  .66                                                             
 548 0261180  1494 1695  .63  .61                                                                  
 551 0261210  1499 1649  .72                                                                       
 552 0261230  1490 1670  .75                                                                       
 555 0261260  1666 1980                 .73  .70  .74  .80  .69  .70  .69  .70  .81  .59  .46      
 558 0261291  1726 1980                                .69  .60  .69  .74  .54  .59  .63  .58      
 560 0261319  1504 1654  .80                                                                       
 561 0261321  1526 1665  .76                                                                       
 562 0261322  1835 1980                                                    .61  .47  .61  .73      
 563 0261330  1745 1980                                .65  .74  .77  .73  .71  .72  .66  .63      
 565 0261352  1710 1980                           .81  .85  .83  .83  .81  .83  .84  .78  .74      
 566 0261362  1615 1980       .74  .65  .72  .81  .80  .60  .63  .69  .72  .78  .69  .68  .74      
 568 0261390  1768 1980                                     .78  .77  .65  .70  .80  .87  .87      
 569 0261400  1720 1885                           .84  .67  .66  .77  .77                          
 570 0261410  1803 1980                                               .81  .76  .74  .80  .77      
 571 0261420  1690 1894                      .70  .76  .78  .79  .78  .72                          
 574 0261450  1792 1980                                          .76  .81  .82  .82  .64  .47      
 575 0261460  1704 1980                           .63  .55  .50  .67  .71  .66  .68  .76  .76      
 576 0261481  1513 1980  .60  .56  .53  .67  .65  .72  .78  .81  .78  .76  .83  .77  .67  .68      
 577 0261492  1703 1980                           .72  .69  .72  .72  .77  .81  .84  .85  .72      
 581 0261560  1458 1681  .71  .73                                                                  
 583 0261580  1617 1980       .69  .68  .70  .78  .82  .80  .76  .71  .67  .75  .78  .75  .79      
 585 0261600  1524 1826  .68  .63  .38  .50  .67  .72  .68  .57                                    
 587 0261620  1569 1877  .59  .57  .52  .67  .74  .78  .68  .71  .81  .65                          
 588 0261630  1485 1717  .73  .64  .46                                                             
 589 0261651  1720 1980                           .70  .60  .67  .71  .73  .75  .75  .70  .64      
 591 0261660  1644 1980            .77  .84  .77  .75  .74  .76  .77  .74  .73  .71  .64  .64      
 592 0261671  1687 1980                      .70  .66  .67  .76  .76  .80  .67  .59  .65  .58      
 593 0261680  1672 1980                 .60  .58  .57  .62  .78  .77  .70  .64  .69  .69  .63      
 598 0262002  1491 1700  .92  .82  .65                                                             
 599 0262012  1697 1965                      .73  .70  .61  .62  .61  .59  .71  .75  .73           
 600 0262020  1827 1959                                                    .58  .64  .64           
 634 0TB0219  1551 1665  .72                                                                       
 637 0TB0249  1583 1727  .76  .79  .75  .78                                                        
 693 0TB113Z  1471 1680  .69  .50                                                                  
 738 0TE0079  1505 1717  .73  .73  .77                                                             
 744 0TE0199  1824 1898                                               .55                          
 745 0TE0209  1819 1902                                               .43  .54                     
 746 0TE0219  1811 1901                                               .69  .68                     
 748 0TE0239  1563 1702  .75  .67  .52                                                             
 806 0TN0019  1806 1993                                               .85  .79  .74  .74  .76      
 807 0TN0029  1804 1993                                               .62  .73  .78  .73  .66      
 808 0TN0039  1838 1993                                                    .77  .82  .84  .78      
 809 0TN0049  1833 1994                                                    .68  .85  .87  .79      
 810 0TN0059  1835 1994                                                    .69  .70  .79  .81      
 811 0TN0069  1801 1994                                               .66  .70  .78  .76  .72      
 812 0TN0079  1799 1993                                          .54  .61  .69  .74  .85  .87      
 813 0TN0089  1807 1994                                               .71  .68  .75  .74  .57      
 814 0TN0099  1783 1994                                          .76  .83  .80  .74  .69  .70      
 815 0TN0109  1801 1993                                               .89  .92  .86  .82  .80      
 816 0TN0119  1812 1994                                               .68  .73  .81  .68  .49      
 817 0TN0129  1826 1994                                                    .67  .76  .79  .73      
 818 0TN0139  1820 1994                                               .72  .70  .75  .75  .67      
 819 0TN0149  1817 1978                                               .57  .69  .72  .73  .62      
 820 0TN0170  1850 1993                                                         .75  .70  .70      
 821 0TN0189  1596 1994  .68  .66  .58  .65  .77  .83  .78  .82  .81  .82  .87  .91  .87  .81      
 822 0TN0199  1833 1993                                                    .81  .83  .85  .89      
 823 0TN0209  1658 1994                 .73  .81  .77  .74  .81  .81  .80  .82  .84  .84  .77      
 824 0TN0239  1680 1993                      .70  .73  .82  .84  .84  .82  .83  .85  .85  .85      
 825 0TN0249  1652 1994                 .78  .83  .78  .65  .59  .68  .75  .75  .74  .81  .67      
 826 0TN0889  1800 1993                                               .79  .79  .79  .80  .81      
 829 0TN1099  1790 1966                                          .60  .63  .78  .85  .81           
 830 0TN1109  1790 1928                                          .63  .74  .85  .74                
 831 0TN1149  1471 1771  .83  .79  .63  .65  .73                                                   
 849 BC0001Z  1814 1998                                               .68  .78  .84  .83  .75      
 850 BC0002Z  1890 1998                                                              .66  .60      
 851 BC0004Z  1808 1997                                               .65  .79  .80  .77  .82      
 852 BC0005Z  1783 1998                                          .59  .60  .72  .78  .79  .79      
 853 BC0006Z  1796 1997                                          .75  .78  .78  .84  .88  .86      
 854 BC0007Z  1820 1998                                               .71  .81  .82  .83  .74      
 855 BC0011Z  1807 1998                                               .65  .65  .78  .87  .82      
 859 BC0016Z  1799 1998                                          .61  .65  .73  .80  .85  .81      
 860 BC0017Z  1794 1997                                          .75  .64  .52  .60  .72  .60      
 861 BC0018Z  1786 1998                                          .73  .76  .82  .80  .78  .78      
 862 BC0020Z  1797 1997                                          .74  .68  .68  .78  .78  .72      
 863 BC0021Z  1787 1997                                          .80  .86  .83  .78  .79  .79      
 864 BC0022Z  1793 1998                                          .73  .74  .69  .80  .73  .51      
 865 BC0025Z  1775 1997                                          .62  .82  .79  .68  .64  .75      
 866 BC0026Z  1901 1997                                                                   .45      
 867 BC0028Z  1810 1997                                               .77  .77  .76  .76  .81      
 868 BC0029Z  1792 1998                                          .43  .63  .61  .78  .82  .79      
 871 BC0037Z  1794 1997                                          .61  .78  .69  .72  .73  .70      
 872 BC0041Z  1825 1998                                                    .57  .80  .84  .80      
 873 BC0042Z  1804 1997                                               .80  .84  .90  .87  .79      
 874 BC0043Z  1794 1998                                          .61  .71  .70  .79  .87  .85      
 875 BC0045Z  1794 1998                                          .67  .79  .61  .58  .69  .66      
 876 BC0046Z  1791 1997                                          .69  .74  .73  .76  .79  .82      
 877 BC0047Z  1830 1998                                                    .72  .78  .75  .80      
 878 BC0048Z  1828 1997                                                    .50  .66  .66  .64      
 879 BC0049Z  1795 1997                                          .54  .68  .80  .84  .75  .70      
 887 TORN007  1946 2002                                                                        .51 
 890 TORN010  1948 2002                                                                        .45 
 893 TORN013  1949 2002                                                                        .47 
 894 TORN014  1938 2002                                                                        .30A
 895 TORN051  1749 2003                                     .65  .78  .81  .85  .87  .88  .92  .85 
 896 TORN052  1799 2003                                          .73  .84  .82  .80  .78  .75  .63 
 897 TORN053  1792 2003                                          .78  .84  .81  .79  .81  .83  .75 
 898 TORN054  1779 2003                                          .87  .84  .82  .87  .86  .84  .75 
 899 TORN055  1787 2004                                          .80  .88  .76  .78  .81  .73  .68 
 905 TORN101  1772 2004                                     .56  .70  .75  .75  .80  .78  .75  .68 
 906 TORN201  1787 2005                                          .72  .70  .68  .79  .88  .90  .77 
 907 TORN202  1827 2004                                                    .74  .84  .88  .84  .62 
 908 TORN203  1824 2004                                               .73  .65  .68  .77  .84  .72 
 909 TORN204  1829 2004                                                    .74  .76  .87  .83  .72 
 910 TORN205  1800 2004                                               .88  .84  .85  .86  .80  .66 
 911 TORN206  1804 2005                                               .68  .77  .81  .76  .77  .72 
 912 TORN207  1911 2004                                                                   .69  .69 
 913 TORN208  1788 2005                                          .77  .79  .77  .76  .71  .69  .50 
 914 TORN209  1793 2004                                          .80  .85  .86  .82  .75  .82  .82 
 915 TORN210  1796 2004                                          .73  .78  .78  .80  .82  .79  .60 
 916 TORN221  1802 2006                                               .72  .78  .83  .80  .66  .57 
 917 TORN222  1829 2005                                                    .59  .70  .71  .71  .68 
 918 TORN223  1817 2005                                               .61  .72  .77  .82  .82  .72 
 919 TORN225  1792 2006                                          .78  .75  .69  .77  .81  .80  .64 
 920 TORN227  1946 2006                                                                        .29A
 921 TORN229  1825 2005                                                    .81  .84  .80  .78  .63 
 922 TORN230  1828 2006                                                    .82  .76  .69  .66  .52 
 923 TORN231  1928 2005                                                                        .52 
 924 TORN232  1832 2005                                                    .61  .68  .76  .74  .59 
 925 TORN234  1925 2005                                                                        .47 
 926 TORN235  1943 2005                                                                        .32A
 927 TORN236  1826 2006                                                    .59  .67  .61  .55  .59 
 928 TORN237  1809 2005                                               .78  .68  .73  .82  .81  .67 
 929 TORN238  1809 2006                                               .72  .70  .73  .76  .79  .71 
 930 TORN239  1827 2006                                                    .46  .53  .68  .62  .58 
 932 TORN241  1949 2009                                                                        .40 
 933 TORN242  1848 2009                                                    .39  .71  .83  .81  .60 
 934 TORN243  1833 2009                                                    .84  .82  .83  .83  .63 
 935 TORN244  1808 2009                                               .56  .65  .75  .78  .73  .55 
 936 TORN245  1836 2009                                                    .85  .84  .84  .77  .33A
 937 TORN246  1915 2009                                                                   .32A .44 
 938 TORN247  1946 2009                                                                        .58 
 939 TORN248  1854 2009                                                         .68  .64  .45  .20A
 940 TORN250  1831 2009                                                    .65  .71  .72  .66  .54 
 942 TORN252  1947 2010                                                                        .43 
 943 TORN253  1947 2010                                                                        .30A
 944 TORN254  1941 2010                                                                        .34 
 Av segment correlation  .75  .71  .62  .68  .67  .72  .68  .69  .72  .72  .72  .75  .75  .71  .57 

 FLAGGED SEGMENTS: swed334
-----------------------------------------------------------------------------------------------------------------------------------
 Seq Series   Segment    Flag  r dated  Best lag  r at lag   Gain  Note
 --- -------- ---------  ----  -------  --------  --------  -----  -----------------
  10 019009A  -3225 -3176     A     .262         0
  11 019010A  -4175 -4126     A     .323         0
  12 019011A  -4075 -4026     B     .104        -4      .171   .067  weak at every lag
  17 0220050  1500 1549     A     .266         0
  20 022028A  -1950 -1901     B     .150         4      .242   .092  weak at every lag
  20 022028A  -1925 -1876     A     .257         0
  32 022046A  -1575 -1526     A     .281         0
  37 022051A  -1400 -1351     A     .290         0
  37 022051A  -1275 -1226     A     .261         0
  38 022052A  -1450 -1401     B     .099         1      .270   .171  weak at every lag
  38 022052A  -1425 -1376     B     .121         9      .167   .046  weak at every lag
  38 022052A  -1400 -1351     B     .199        10      .287   .088  weak at every lag
  41 022055A  -875 -826     A     .311         0
  49 022071A  -1350 -1301     B     .269         6      .313   .044  weak at every lag
  55 022078A  -2275 -2226     B     .228         8      .273   .045  weak at every lag
  55 022078A  -2150 -2101     A     .295         0
  55 022078A  -2125 -2076     B     .317         2      .383   .066
  63 022096Z  -1600 -1551     B     .366         9      .384   .017
  63 022096Z  -1575 -1526     B     .281         9      .299   .018  weak at every lag
  63 022096Z  -1425 -1376     A     .319         0
  63 022096Z  -1400 -1351     B     .192        -8      .290   .098  weak at every lag
  73 022112A  -3050 -3001     B     .250         7      .278   .028  weak at every lag
  74 022115A  -5100 -5051     A     .253         0
  83 022128A  -4000 -3951     B     .315        -2      .333   .018
 101 022154A  -1400 -1351     B     .467         3      .470   .003
 120 022178C  -3675 -3626     B     .247         8      .253   .005  weak at every lag
 125 022183A  -2175 -2126     A     .321         0
 134 022201A  -4275 -4226     B     .228       -10      .311   .083  weak at every lag
 145 0230110   725  774     B     .236       -10      .238   .002  weak at every lag
 146 0230120   875  924     B     .307        -7      .398   .091
 176 0230610   500  549     B     .243        10      .290   .047  weak at every lag
 219 0231320  1250 1299     A     .282         0
 224 023139A  -4350 -4301     B     .105        -3      .259   .154  weak at every lag
 224 023139A  -4325 -4276     B     .234        -5      .237   .003  weak at every lag
 224 023139A  -4275 -4226     A     .252         0
 224 023139A  -4200 -4151     B     .151        -5      .292   .142  weak at every lag
 225 023140A  -650 -601     B     .442        -3      .443   .001
 227 023142A  -3875 -3826     B     .328        -3      .396   .067
 232 023157A  -1075 -1026     B     .357        10      .362   .005
 239 023166A  -2875 -2826     B     .524         4      .530   .006
 242 023171A  -3525 -3476     B     .363        -4      .381   .017
 242 023171A  -3500 -3451     A     .311         0
 248 023179A  -3325 -3276     B     .433        -9      .483   .049
 254 023185A  -2200 -2151     A     .306         0
 254 023185A  -2125 -2076     B     .316         6      .365   .049
 255 023186A  -3450 -3401     A     .235         0
 261 023192A  -3650 -3601     B     .216         9      .221   .005  weak at every lag
 313 0240570   675  724     A     .276         0
 314 0240580  1700 1749     B     .330         1      .333   .004
 323 0240720  1125 1174     B     .239        -5      .299   .060  weak at every lag
 348 0241093  1750 1799     B     .279        -2      .286   .007  weak at every lag
 358 025040A  -5275 -5226     B     .263         8      .324   .061  weak at every lag
 359 025042A  -2175 -2126     B     .284         5      .381   .097
 360 025045A  -5025 -4976     A     .260         0
 360 025045A  -4825 -4776     B     .216         3      .283   .067  weak at every lag
 363 025061A  1050 1099     B     .226         9      .257   .032  weak at every lag
 363 025061A  1075 1124     B     .274        10      .306   .032  weak at every lag
 365 025075A  -4275 -4226     B     .187        10      .188   .001  weak at every lag
 365 025075A  -4050 -4001     B     .124        -5      .301   .178  weak at every lag
 366 025077A  -4600 -4551     B     .116        -5      .221   .105  weak at every lag
 366 025077A  -4575 -4526     B     .142         7      .408   .265
 367 025084A  -4500 -4451     B     .139         2      .265   .126  weak at every lag
 367 025084A  -4300 -4251     A     .265         0
 367 025084A  -4275 -4226     B     .072        -1      .331   .259
 373 025093A  -3825 -3776     B     .199         8      .280   .081  weak at every lag
 374 0250940   725  774     A     .294         0
 375 025096A  -1850 -1801     B     .303        -3      .353   .050
 375 025096A  -1775 -1726     A     .308         0
 376 025097A  -5075 -5026     A     .304         0
 376 025097A  -5050 -5001     A     .325         0
 377 025101A  -5275 -5226     A     .303         0
 384 025118A  -3025 -2976     B     .306        -4      .392   .086
 384 025118A  -3000 -2951     B     .288         5      .325   .038  weak at every lag
 390 025131A  -5025 -4976     A     .219         0
 394 025137A  -1925 -1876     B     .130        -4      .147   .017  weak at every lag
 395 025138A  -4125 -4076     A     .326         0
 395 025138A  -4000 -3951     A     .303         0
 399 025142A  -4000 -3951     A     .228         0
 399 025142A  -3975 -3926     A     .306         0
 401 025144A  -4300 -4251     A     .286         0
 401 025144A  -4275 -4226     A     .299         0
 403 025151A  -3000 -2951     B     .261        -5      .285   .024  weak at every lag
 405 025155A  -4900 -4851     B     .330         7      .447   .117
 405 025155A  -4875 -4826     B     .328         7      .358   .030
 412 025171A  -4725 -4676     B     .260         4      .313   .053  weak at every lag
 415 025176A  -3825 -3776     B     .199        -4      .203   .004  weak at every lag
 415 025176A  -3775 -3726     A     .314         0
 417 025179A  -3450 -3401     A     .318         0
 418 025180A  -4600 -4551     B     .432         1      .460   .028
 421 025187A  -3400 -3351     A     .311         0
 423 025190A  -5025 -4976     B     .280        -7      .290   .010  weak at every lag
 423 025190A  -5000 -4951     A     .286         0
 427 025197A  -3775 -3726     B     .284        -8      .345   .061
 431 025205A  -2175 -2126     A     .328         0
 436 025214A  -5025 -4976     B     .062         2      .189   .128  weak at every lag
 436 025214A  -5000 -4951     B     .193         1      .312   .119  weak at every lag
 437 025215A  -5000 -4951     A     .259         0
 437 025215A  -4850 -4801     A     .316         0
 437 025215A  -4825 -4776     B     .198        -2      .345   .147
 439 025218A  -2150 -2101     B     .106         1      .336   .230
 439 025218A  -2125 -2076     B     .245         4      .251   .006  weak at every lag
 439 025218A  -2100 -2051     B     .362         3      .436   .074
 440 025219A  -2150 -2101     A     .312         0
 442 025222A  -875 -826     B     .085        -3      .445   .359
 442 025222A  -850 -801     B     .073        -3      .457   .384
 442 025222A  -825 -776     B     .241        -3      .554   .313
 445 025229A  -2150 -2101     A     .309         0
 446 025230Z  -1625 -1576     A     .304         0
 446 025230Z  -1600 -1551     B     .298       -10      .350   .052
 446 025230Z  -1575 -1526     A     .321         0
 448 025233A  -2325 -2276     B     .229         5      .296   .067  weak at every lag
 448 025233A  -2150 -2101     A     .302         0
 457 0260230  1700 1749     B     .298         1      .400   .102
 457 0260230  1725 1774     B     .450         1      .494   .044
 473 0260419   800  849     B     .296        -5      .358   .062
 473 0260419   900  949     A     .294         0
 477 0260460  1400 1449     B     .268         7      .294   .026  weak at every lag
 484 0260530  1500 1549     A     .310         0
 484 0260530  1525 1574     A     .317         0
 519 0260880  1450 1499     A     .271         0
 523 0260920  1325 1374     B     .265         5      .304   .039  weak at every lag
 524 0260930  1400 1449     A     .267         0
 596 0261730  1125 1174     A     .298         0
 596 0261730  1150 1199     A     .259         0
 596 0261730  1325 1374     B     .414         6      .427   .013
 596 0261730  1425 1474     A     .324         0
 602 0AP0039  -5025 -4976     B     .281        -6      .295   .014  weak at every lag
 602 0AP0039  -5000 -4951     B     .155         7      .249   .094  weak at every lag
 603 0TA0039  -250 -201     A     .300         0
 614 0TA0219   150  199     B     .281         9      .320   .039  weak at every lag
 640 0TB0289   875  924     A     .302         0
 648 0TB041Z   375  424     A     .256         0
 648 0TB041Z   400  449     B     .314        -4      .349   .035
 671 0TB071Z  1025 1074     A     .255         0
 674 0TB076Z  -2475 -2426     B     .363         4      .407   .044
 676 0TB080Z   125  174     B     .180        -5      .283   .103  weak at every lag
 678 0TB082Z  -2350 -2301     A     .241         0
 682 0TB087Z  -4400 -4351     A     .312         0
 687 0TB097A  1400 1449     B     .237         1      .259   .022  weak at every lag
 687 0TB097A  1425 1474     B     .064        -3      .307   .243  weak at every lag
 687 0TB097A  1450 1499     B     .189        -3      .329   .139
 688 0TB102Z  -4375 -4326     B     .235         7      .278   .043  weak at every lag
 688 0TB102Z  -4350 -4301     B     .210        -9      .278   .068  weak at every lag
 688 0TB102Z  -4325 -4276     A     .259         0
 691 0TB111Z  -4400 -4351     B     .366         8      .373   .007
 693 0TB113Z  1475 1524     B     .182         4      .368   .186
 697 0TB120Z  -950 -901     A     .291         0
 712 0TB140Z  -1400 -1351     B     .139        -3      .214   .075  weak at every lag
 719 0TB147A   325  374     A     .308         0
 752 0TE0299  -3500 -3451     B     .137         6      .431   .294
 771 0TE0589  -4825 -4776     B     .252         5      .329   .077
 773 0TE0649  -1775 -1726     B     .245        -5      .285   .040  weak at every lag
 793 0TE0929  -1900 -1851     B     .337         2      .348   .011
 793 0TE0929  -1875 -1826     B     .332        -9      .363   .031
 797 0TE0969   -50   -1     A     .295         0
 797 0TE0969   -25   24     A     .319         0
 801 0TE1019  -2325 -2276     B     .249         3      .252   .003  weak at every lag
 802 0TE1029  -2175 -2126     B     .102         2      .271   .169  weak at every lag
 839 A31016A  -775 -726     B     .256         6      .260   .003  weak at every lag
 844 A31035Z  -4075 -4026     B     .225         8      .339   .114
 847 A31041A   350  399     B     .327         4      .331   .004
 847 A31041A   450  499     B     .384         5      .459   .075
 880 SLVA02X  -325 -276     A     .222         0
 880 SLVA02X  -125  -76     A     .322         0
 894 TORN014  1950 1999     A     .297         0
 920 TORN227  1950 1999     A     .293         0
 926 TORN235  1950 1999     A     .315         0
 936 TORN245  1950 1999     A     .325         0
 937 TORN246  1925 1974     A     .325         0
 939 TORN248  1950 1999     A     .199         0
 943 TORN253  1950 1999     A     .303         0

 DESCRIPTIVE STATISTICS: swed334
-----------------------------------------------------------------------------------------------------------------------------------

                                                Corr   //-------- Unfiltered --------\\  //-- dplR filtered --\\
                           No.    No.    No.    with   Mean   Max     Std   Auto   Mean   Max     Std   Auto  AR
 Seq Series   Interval   Years  Segmt  Flags   Master  msmt   msmt    dev   corr   sens  value    dev   corr  ()
 --- -------- ---------  -----  -----  -----   ------ -----  -----  -----  -----  -----  -----  -----  -----  --
   1 0180039  -3707 -3531    177      5      0    .452    .58   1.18   .182   .686   .192   1.55   .196   .058   1
   2 0180049  -3985 -3756    230      7      0    .489    .62   2.93   .422   .861   .207   1.83   .223   .039   2
   3 019001A  -3785 -3729     57      0      0    .235   1.34   3.36   .869   .910   .207   4.40   .521   .607   1
   4 019002A  -3577 -3465    113      2      0    .531    .62   1.60   .316   .895   .213   1.50   .202   .025   3
   5 019003A  -3645 -3552     94      1      0    .574    .76   2.62   .565   .915   .171   1.47   .162   .079   2
   6 019004A  -5152 -5085     68      1      0    .400   1.44   2.53   .461   .805   .163   1.34   .165   .050   1
   7 019005A  -4157 -4058    100      2      0    .580    .97   1.98   .399   .850   .197   1.42   .201   .034   1
   8 019006A  -3657 -3359    299     10      0    .394    .44  10.00   .614   .335   .232   4.18   .320   .091   2
   9 019008A  -4123 -3944    180      5      0    .509    .68   2.13   .494   .934   .200   1.78   .213   .021   1
  10 019009A  -3386 -3166    221      7      1    .329    .89  10.00   .874   .609   .186   4.28   .317   .141   2
  11 019010A  -4189 -4081    109      2      1    .511    .79   2.06   .402   .907   .170   1.40   .173   .062   1
  12 019011A  -4078 -3758    321     11      1    .427    .51   2.33   .369   .924   .196   1.81   .213   .002   3
  13 019014A  -3647 -3527    121      2      0    .564    .73   2.02   .361   .898   .164   1.52   .173   .048   1
  14 019015A  -4157 -3993    165      5      0    .646    .68   2.33   .436   .889   .197   1.60   .203  -.021   2
  15 019016A  -4157 -3954    204      6      0    .637    .58   3.00   .518   .929   .200   1.98   .208   .032   1
  16 019017A  -3551 -3459     93      1      0    .450    .52   1.11   .199   .835   .185   1.37   .174  -.014   3
  17 0220050  1478 1728    251      8      1    .424    .59  10.00   .703   .414   .280   4.33   .382   .107   2
  18 0220061  1733 1856    124      3      0    .671    .40    .79   .142   .690   .242   1.60   .236   .024   3
  19 022027A  -916 -834     83      1      0    .654    .85   2.69   .512   .848   .260   1.55   .270   .089   1
  20 022028A  -2032 -1681    352     12      2    .413    .34   1.27   .150   .747   .218   3.62   .267  -.002   1
  21 022029A  -1121 -918    204      6      0    .464    .38   1.23   .196   .754   .265   2.08   .283  -.015   1
  22 022030A  -2739 -2593    147      4      0    .663    .55   1.32   .218   .702   .255   1.73   .246   .012   1
  23 022031A   -20   78     99      2      0    .604    .87   1.80   .305   .676   .203   1.72   .231   .004   1
  24 022033A  -1004 -831    174      5      0    .539    .95   2.08   .317   .593   .241   1.67   .246   .047   1
  25 022034A  -2016 -1895    122      3      0    .450   1.10   2.24   .488   .857   .191   1.70   .209   .049   1
  26 022035A  -1234 -1131    104      2      0    .487    .51   1.21   .225   .755   .262   1.59   .253   .015   2
  27 022038A  -2767 -2629    139      3      0    .530    .76   2.02   .453   .906   .201   1.65   .195   .020   1
  28 0220390   569  636     68      1      0    .463   1.16   2.73   .498   .667   .221   1.72   .240   .061   1
  29 022040A  -829 -598    232      8      0    .696    .51   1.68   .307   .852   .259   1.67   .257   .017   2
  30 022042A  -1348 -1214    135      3      0    .509    .79   2.80   .553   .929   .225   1.56   .214  -.015   1
  31 022043A  -1346 -1241    106      2      0    .536    .95   3.16   .596   .905   .191   1.57   .205   .043   1
  32 022046A  -1580 -1287    294     10      1    .551    .51   2.38   .332   .890   .209   1.70   .218   .020   1
  33 022047A  -849 -695    155      4      0    .644   1.01   3.28   .498   .853   .194   1.87   .224  -.026   1
  34 0220480   693  845    153      4      0    .697    .87   1.80   .379   .822   .212   1.45   .213  -.014   1
  35 022049A   133  225     93      2      0    .521    .87   1.87   .420   .764   .278   1.98   .287   .023   1
  36 0220500   717  888    172      5      0    .560    .78   1.54   .294   .778   .207   1.66   .199   .026   1
  37 022051A  -1419 -1218    202      6      2    .355    .41    .83   .160   .786   .206   1.96   .214  -.020   3
  38 022052A  -1455 -1275    181      6      3    .330    .28   1.06   .128   .774   .219   1.61   .220   .046   1
  39 022053A  -696 -580    117      2      0    .589    .63   1.79   .301   .855   .216   1.69   .218   .059   1
  40 022054A  -719 -616    104      2      0    .667    .75   2.04   .407   .824   .241   1.79   .241   .056   1
  41 022055A  -882 -665    218      7      1    .518   1.07   3.10   .611   .826   .274   1.87   .299   .008   1
  42 022057A  -1043 -907    137      3      0    .583    .50   1.72   .368   .896   .250   1.51   .244   .002   1
  43 022059A  -2848 -2688    161      4      0    .538    .69   1.63   .287   .746   .219   1.52   .228   .009   2
  44 022060A  -1782 -1679    104      2      0    .497    .61   1.26   .204   .678   .211   1.56   .202   .012   1
  45 0220630   648  732     85      2      0    .625   1.31   2.48   .441   .349   .289   1.46   .220   .020   1
  46 022066A  -469 -346    124      3      0    .520   1.27   3.21   .630   .878   .194   1.40   .178  -.009   1
  47 022069A   199  258     60      1      0    .705    .96   2.11   .484   .844   .245   1.84   .250   .075   1
  48 022070A  -1968 -1717    252      8      0    .557    .60   2.84   .465   .944   .197   1.63   .207   .026   1
  49 022071A  -1464 -1237    228      7      1    .495    .86   2.68   .421   .744   .264   1.86   .280  -.033   1
  50 022072A    -3  145    149      4      0    .501   1.37   3.80   .708   .892   .192   1.51   .199   .006   2
  51 0220730   728  975    248      8      0    .545    .45   1.34   .261   .902   .200   1.75   .206  -.031   1
  52 022075A  -2720 -2583    138      3      0    .713   1.11   2.39   .526   .811   .243   2.10   .253  -.015   1
  53 022076A   351  464    114      2      0    .672    .68   2.00   .341   .875   .204   1.50   .213  -.003   1
  54 022077A  -1285 -1103    183      5      0    .587    .36    .99   .166   .704   .256   1.98   .259   .018   2
  55 022078A  -2280 -2054    227      7      3    .438    .37   3.01   .267   .832   .203   1.57   .198   .052   1
  56 0220810   508  647    140      3      0    .642    .73   2.59   .475   .800   .293   1.85   .301   .010   1
  57 022082A  -1046 -835    212      6      0    .614    .98   3.24   .490   .782   .247   1.89   .274   .003   1
  58 022086A  -1758 -1653    106      2      0    .633    .78   2.23   .505   .884   .242   1.79   .254   .027   1
  59 022089A   224  457    234      8      0    .554    .95   2.29   .446   .769   .266   1.69   .270  -.024   1
  60 022090A   311  388     78      1      0    .561   1.50   3.76   .900   .889   .239   1.67   .226  -.032   1
  61 022091A   360  537    178      5      0    .457    .83   1.72   .411   .885   .192   1.69   .206   .024   1
  62 022094A    31  123     93      1      0    .576   1.11   2.53   .624   .874   .241   1.63   .225  -.060   3
  63 022096Z  -1608 -1348    261      9      4    .410    .97   1.94   .257   .628   .170   1.66   .188   .010   1
  64 022097A  -2498 -2399    100      2      0    .517    .78   2.08   .334   .729   .226   1.62   .215   .023   3
  65 022099A   160  319    160      4      0    .527    .54   1.68   .312   .799   .290   1.93   .313  -.022   3
  66 022100A  -872 -750    123      3      0    .686    .99   2.42   .382   .805   .191   1.65   .196   .002   1
  67 022101A   434  492     59      0      0    .589   1.60   2.73   .468   .608   .186   1.49   .197  -.029   2
  68 022105A  -2748 -2609    140      3      0    .521    .59   1.23   .225   .784   .198   1.74   .212  -.012   1
  69 022106A  -2598 -2438    161      4      0    .576    .43   1.18   .227   .852   .228   1.51   .205   .014   2
  70 022108A  -1499 -1328    172      4      0    .524    .68   2.37   .456   .910   .235   1.76   .244   .001   2
  71 022110A  -4909 -4788    122      3      0    .554    .82   1.76   .332   .847   .182   1.55   .182  -.027   1
  72 022111A  -1762 -1646    117      3      0    .504    .76   2.29   .481   .815   .252   1.88   .259  -.003   2
  73 022112A  -3177 -2982    196      6      1    .389    .70   2.43   .373   .820   .195   1.87   .213   .008   2
  74 022115A  -5168 -5049    120      3      1    .481   1.38   2.79   .523   .833   .173   1.82   .191   .002   1
  75 022117A  -2812 -2487    326     11      0    .615    .53   2.37   .363   .935   .200   1.62   .202   .019   1
  76 022118A  -1788 -1686    103      2      0    .550    .82   2.99   .636   .882   .291   1.82   .292  -.007   2
  77 022119A  -1732 -1670     63      1      0    .495   1.04   2.27   .477   .777   .234   1.54   .236   .114   1
  78 022121A   192  321    130      3      0    .574    .51   1.88   .451   .940   .298   2.07   .303   .027   1
  79 022123A  -3298 -3099    200      6      0    .517    .64   2.88   .509   .920   .187   1.60   .187  -.001   3
  80 022125A   208  357    150      4      0    .509    .59   1.69   .405   .882   .286   1.79   .290  -.015   3
  81 022126A   186  355    170      5      0    .653    .49   1.49   .329   .930   .229   1.81   .227  -.035   1
  82 022127A  -2251 -2183     69      1      0    .486   1.25   2.16   .442   .810   .185   1.32   .161   .040   0
  83 022128A  -4092 -3790    303     10      1    .513    .81   2.55   .438   .910   .174   1.61   .186   .017   3
  84 022129A  -3480 -3385     96      2      0    .526    .91   2.53   .623   .912   .212   1.56   .204  -.019   1
  85 022131A  -2736 -2637    100      2      0    .567    .76   1.44   .249   .629   .224   1.74   .239  -.028   1
  86 022132A   -19   95    115      2      0    .690   1.03   3.36   .663   .829   .188   1.57   .189   .119   0
  87 0221330  1377 1436     60      0      0    .657    .63   2.14   .409   .848   .292   1.76   .297   .006   1
  88 022135A  -2149 -2049    101      2      0    .400    .82   1.82   .380   .863   .198   1.73   .231   .028   1
  89 022136A  -1892 -1703    190      5      0    .606    .85   2.50   .577   .899   .231   2.25   .228   .016   1
  90 022137A  -1951 -1812    140      4      0    .518    .92   2.32   .358   .787   .192   1.64   .212   .006   1
  91 022138A  -2721 -2592    130      3      0    .559    .70   1.90   .385   .860   .210   1.52   .196   .118   0
  92 022141A  -1945 -1817    129      3      0    .471    .90   4.21   .640   .875   .225   1.72   .237   .017   1
  93 022146A   411  501     91      2      0    .602    .72   1.95   .329   .777   .228   1.57   .224   .082   1
  94 022147A  -1823 -1773     51      0      0    .442    .51    .75   .119   .486   .190   1.33   .181   .105   0
  95 022148A  -2018 -1740    279      9      0    .564    .70   3.22   .589   .920   .286   2.11   .285  -.008   3
  96 022150A  -2785 -2697     89      2      0    .608    .91   2.94   .503   .855   .192   1.73   .198   .023   1
  97 022151A  -3672 -3580     93      1      0    .628   1.83   4.26   .679   .765   .196   1.50   .190   .002   1
  98 022152A  -1361 -1230    132      3      0    .554   1.02   3.07   .605   .932   .209   1.75   .212  -.006   3
  99 022153A  -2777 -2691     87      2      0    .727   1.10   2.36   .459   .713   .257   1.61   .243  -.004   1
 100 022153B  -2673 -2563    111      2      0    .569    .59   1.23   .261   .644   .285   1.61   .263   .105   0
 101 022154A  -1418 -1313    106      2      1    .522    .86   1.54   .294   .703   .218   1.45   .191  -.008   1
 102 022155A  -3422 -3268    155      4      0    .653   1.98   4.00   .769   .814   .193   1.96   .213   .073   1
 103 0221560  1250 1437    188      5      0    .522    .72   2.55   .412   .852   .238   1.87   .246   .008   3
 104 022157A  -3397 -3283    115      2      0    .505   1.48   2.42   .402   .798   .144   1.34   .133   .016   1
 105 022159A  -1721 -1599    123      3      0    .591    .75   3.49   .445   .672   .315   1.73   .307   .063   1
 106 0221600   649  749    101      3      0    .618   1.04   2.15   .452   .722   .224   2.00   .227  -.016   0
 107 022162A   381  455     75      1      0    .538   1.19   2.34   .330   .566   .193   1.60   .206  -.010   3
 108 022165A  -3396 -3281    116      2      0    .520    .66   2.47   .557   .942   .202   1.59   .195   .049   0
 109 022166A  -2298 -2136    163      4      0    .561    .83   2.28   .441   .841   .257   1.80   .261  -.002   2
 110 022167A  -2773 -2622    152      4      0    .696    .85   2.66   .605   .888   .282   1.75   .279   .014   2
 111 022168A    81  201    121      3      0    .570   1.64   3.31   .531   .694   .185   1.85   .217   .068   1
 112 022169A  -2779 -2696     84      2      0    .733   1.52   2.70   .438   .741   .177   1.60   .187  -.004   3
 113 022170A  -1483 -1281    203      6      0    .615   1.04   2.99   .467   .778   .229   1.59   .246  -.014   1
 114 022171A  -1747 -1598    150      4      0    .642   1.09   3.39   .761   .923   .201   1.69   .219  -.004   1
 115 0221720   660  766    107      2      0    .667   1.39   2.67   .442   .641   .229   1.61   .223  -.033   1
 116 022173A   345  495    151      4      0    .583   1.11   3.11   .666   .888   .220   1.80   .229   .007   3
 117 022175A   102  201    100      2      0    .539   1.15   2.30   .385   .729   .210   1.44   .201   .017   1
 118 022176A  -1734 -1640     95      2      0    .644   1.30   2.88   .605   .794   .231   1.60   .235   .011   1
 119 022177A  -3379 -3182    198      6      0    .671    .97   2.66   .586   .939   .188   1.44   .193  -.005   1
 120 022178C  -3886 -3615    272      9      1    .544    .81   2.29   .517   .914   .206   1.54   .200  -.016   3
 121 022179A  -1924 -1815    110      2      0    .514   1.08   2.23   .400   .740   .209   1.60   .220   .012   1
 122 0221800  1198 1274     77      2      0    .490    .74   1.90   .385   .806   .274   1.63   .255   .018   1
 123 022181A  -814 -670    145      4      0    .532    .78   2.30   .522   .835   .283   1.88   .305  -.016   1
 124 022182A  -2285 -2067    219      7      0    .567    .61   1.75   .361   .751   .305   2.55   .331  -.013   1
 125 022183A  -2182 -2036    147      4      1    .540    .61   1.84   .425   .926   .241   1.63   .240  -.008   1
 126 022184A  -1853 -1708    146      4      0    .650    .94   2.38   .482   .854   .229   1.51   .236  -.006   3
 127 022185A  -2171 -1947    225      7      0    .479    .52   2.13   .436   .948   .228   1.97   .251  -.035   1
 128 0221870  1022 1109     88      2      0    .662   1.09   2.55   .483   .734   .231   1.59   .242   .049   1
 129 022188Z  -4620 -4359    262      8      0    .532    .70   3.09   .670   .955   .194   1.68   .202   .034   1
 130 022192A  -1943 -1760    184      5      0    .616    .88   1.97   .381   .744   .256   1.79   .260  -.029   1
 131 022193A  -2397 -2289    109      2      0    .412    .81   1.99   .402   .821   .230   1.77   .244  -.024   3
 132 0221960   900 1018    119      2      0    .630    .48    .94   .156   .671   .192   1.57   .198   .032   1
 133 022198A   361  487    127      3      0    .712   1.08   2.39   .449   .754   .241   1.97   .256   .017   2
 134 022201A  -4335 -4113    223      7      1    .476    .44   1.37   .245   .896   .206   1.62   .210   .006   2
 135 0222040   841  968    128      3      0    .736   1.01   2.77   .557   .805   .257   2.08   .282  -.028   1
 136 022206A   222  374    153      5      0    .609   1.14   2.56   .478   .862   .215   1.57   .215   .038   1
 137 0222079  -2804 -2540    265      9      0    .726    .53   3.89   .361   .860   .195   1.49   .195   .021   1
 138 0222089   320  418     99      2      0    .603   1.34   4.18   .531   .726   .194   1.60   .201   .036   1
 139 0222099   231  477    247      8      0    .609    .87   2.85   .498   .849   .245   1.85   .248   .036   1
 140 0230022  1854 1977    124      3      0    .668    .90   1.86   .393   .812   .211   1.67   .218  -.029   1
 141 0230031  1848 1977    130      3      0    .629    .99   2.59   .493   .723   .295   2.07   .315  -.015   3
 142 0230052  1834 1978    145      4      0    .480   1.59  10.00  1.032   .518   .273   3.49   .354   .136   1
 143 0230060  1180 1327    148      4      0    .642    .67   1.70   .292   .759   .244   1.70   .253  -.038   1
 144 0230070   696  930    235      8      0    .591    .90   2.29   .390   .809   .198   1.60   .204   .003   2
 145 0230110   712 1085    374     13      1    .536    .65   1.49   .252   .812   .194   1.68   .200   .012   1
 146 0230120   691 1022    332     11      1    .622    .62   2.17   .320   .881   .190   1.58   .183  -.002   2
 147 0230130  1250 1404    155      4      0    .629   1.50   2.83   .519   .698   .239   1.51   .221   .017   1
 148 0230150   689  993    305     10      0    .719    .58   1.96   .241   .734   .242   1.94   .225  -.005   1
 149 0230160  1315 1504    190      6      0    .596    .81   1.95   .425   .828   .213   1.69   .231  -.009   1
 150 0230180   927 1139    213      6      0    .633    .78   2.59   .485   .922   .198   1.48   .201  -.019   3
 151 0230190  1240 1384    145      4      0    .735    .62   1.20   .183   .696   .183   1.47   .188   .012   1
 152 0230230   988 1193    206      6      0    .549    .71   2.40   .527   .947   .185   1.59   .201   .012   2
 153 0230240  1322 1469    148      4      0    .575    .97   2.80   .452   .801   .193   1.74   .218  -.015   3
 154 0230250  1150 1351    202      6      0    .647    .62   1.54   .226   .640   .256   1.98   .245  -.008   1
 155 0230260  1074 1393    320     11      0    .656    .47   1.23   .155   .699   .216   1.61   .201  -.003   1
 156 0230270  1508 1722    215      6      0    .730    .80   2.09   .414   .893   .190   1.69   .189   .009   1
 157 0230280  1309 1428    120      3      0    .692    .61   1.99   .291   .656   .254   2.29   .281   .033   1
 158 0230290  1454 1721    268      8      0    .761    .79   2.51   .475   .831   .293   2.00   .297   .004   2
 159 0230351  1854 1977    124      3      0    .551    .71   2.08   .423   .835   .292   1.83   .299   .027   3
 160 0230370  1438 1600    163      5      0    .541    .95   3.15   .499   .860   .205   1.73   .223   .031   1
 161 0230380  1133 1386    254      8      0    .707    .60   1.76   .275   .852   .196   1.55   .196   .019   1
 162 0230392  1850 1977    128      3      0    .660    .66   1.97   .406   .880   .251   1.74   .265  -.050   1
 163 0230410  1011 1115    105      2      0    .553    .79   1.58   .301   .822   .183   1.60   .179  -.016   2
 164 0230420   798 1020    223      7      0    .712   1.01   1.96   .373   .782   .203   1.56   .194   .023   1
 165 0230430  1296 1415    120      3      0    .765   1.20   2.46   .402   .694   .211   1.65   .222   .004   1
 166 0230440   617  919    303     10      0    .622    .48   1.46   .189   .686   .237   2.09   .243  -.001   1
 167 0230451   600 1193    594     21      0    .581    .62   2.83   .377   .918   .193   1.83   .196  -.011   1
 168 0230460  1485 1641    157      4      0    .714    .96   2.73   .540   .873   .236   1.59   .230   .062   1
 169 0230472  1841 1979    139      4      0    .510    .82   9.98   .858   .282   .265   3.54   .362   .105   1
 170 0230490  1266 1451    186      6      0    .568   1.34   2.73   .455   .684   .223   1.64   .231  -.005   2
 171 0230510  1019 1167    149      4      0    .619    .86   2.75   .535   .938   .155   1.44   .160   .012   2
 172 0230570   851 1026    176      5      0    .694    .68   1.43   .212   .512   .253   1.54   .233  -.015   1
 173 0230580   548 1044    497     18      0    .713    .42   1.29   .175   .725   .247   1.65   .218   .007   2
 174 0230590   541  669    129      3      0    .578   1.18   2.16   .386   .574   .247   1.97   .240  -.002   2
 175 0230600   680  820    141      3      0    .703    .61   1.64   .327   .786   .290   2.11   .279  -.008   1
 176 0230610   451  680    230      7      1    .515    .71   2.53   .478   .835   .267   2.00   .260   .006   3
 177 0230620   634  755    122      3      0    .704   1.13   1.95   .353   .677   .203   1.46   .192   .025   1
 178 0230630   665  985    321     11      0    .691    .81   2.29   .380   .818   .242   1.77   .239  -.012   1
 179 0230640  1001 1141    141      3      0    .635    .79   1.80   .391   .894   .209   1.95   .214   .004   1
 180 0230650  1503 1663    161      4      0    .589   1.08   2.18   .491   .802   .247   1.83   .269  -.035   1
 181 0230670  1085 1169     85      1      0    .641    .83   1.81   .298   .776   .182   1.48   .191   .016   1
 182 0230680  1320 1508    189      6      0    .724    .57   1.18   .189   .648   .220   1.53   .216   .015   1
 183 0230690   992 1101    110      3      0    .562   1.11   2.74   .415   .641   .223   2.30   .257   .003   2
 184 0230700   794  935    142      4      0    .613    .83   1.97   .263   .649   .201   1.64   .178   .009   0
 185 0230710   668  797    130      3      0    .508    .68   1.98   .358   .747   .266   1.72   .258   .027   1
 186 0230720   842 1118    277      9      0    .574    .63   1.37   .230   .883   .145   1.39   .148   .023   3
 187 0230730  1288 1495    208      6      0    .603    .67   1.30   .258   .765   .231   1.80   .231  -.074   1
 188 0230740  1317 1450    134      4      0    .609    .89   1.86   .278   .694   .198   1.60   .212   .034   1
 189 0230760   696  882    187      6      0    .608    .90   2.02   .368   .831   .192   1.54   .189   .013   1
 190 0230770   667  798    132      3      0    .656    .52   1.06   .172   .516   .250   1.78   .248   .004   1
 191 0230780  1450 1548     99      1      0    .584    .84   1.91   .369   .747   .256   1.59   .251   .059   1
 192 0230790  1241 1368    128      3      0    .600    .63   1.14   .180   .501   .209   1.62   .207  -.010   2
 193 0230830  1280 1380    101      2      0    .627   1.30   2.73   .567   .809   .217   1.89   .240   .037   1
 194 0230840   906 1112    207      6      0    .682    .84   2.44   .588   .901   .244   1.90   .239  -.001   2
 195 0230850   827  943    117      2      0    .567    .66   1.68   .205   .539   .217   1.92   .196   .016   3
 196 0230860   729  894    166      4      0    .618    .80   2.43   .469   .853   .241   1.54   .221   .006   1
 197 0230870   543  723    181      5      0    .558   1.05   2.46   .489   .861   .202   1.86   .205  -.006   3
 198 0230880   711  821    111      2      0    .619    .73   1.59   .338   .788   .237   1.79   .260   .045   1
 199 0230900   637  796    160      4      0    .685   1.03   2.53   .462   .715   .226   1.91   .246  -.032   1
 200 0230910   717  916    200      6      0    .656    .68   2.86   .405   .845   .234   2.17   .245  -.019   1
 201 0230920  1041 1125     85      2      0    .677   1.47   2.97   .466   .783   .150   1.48   .169   .010   1
 202 0230940   989 1115    127      3      0    .609    .92   2.04   .377   .816   .185   1.66   .200  -.010   1
 203 0230960   790  970    181      5      0    .660    .46   1.00   .195   .742   .249   1.51   .227  -.009   1
 204 0230979   537  810    274      9      0    .652    .53   1.03   .221   .729   .257   1.64   .231   .000   1
 205 0231010  1105 1260    156      4      0    .502    .75   1.69   .229   .625   .192   1.99   .206  -.013   1
 206 0231020   888 1030    143      4      0    .573    .76   2.43   .585   .927   .266   2.08   .273  -.008   2
 207 0231030   516  697    182      5      0    .705    .67   1.43   .254   .687   .237   2.11   .232   .019   1
 208 0231091  1601 1977    377     13      0    .729    .61   1.63   .281   .735   .256   2.48   .251   .016   3
 209 0231102  1546 1745    200      6      0    .812    .75   1.97   .389   .857   .256   1.63   .239   .011   3
 210 0231132  1692 1977    286     10      0    .621    .61   2.75   .397   .874   .246   1.90   .250   .019   1
 211 0231144  1369 1977    609     23      0    .734    .41   1.00   .156   .802   .197   1.58   .181   .001   3
 212 0231151  1647 1845    199      6      0    .699    .26    .65   .106   .657   .281   1.74   .264   .007   2
 213 0231160  1744 1977    234      8      0    .791    .90   2.02   .329   .616   .277   1.75   .258   .004   1
 214 0231170   960 1131    172      5      0    .436   1.81   4.48   .721   .699   .218   1.72   .230   .001   2
 215 0231180   554 1025    472     17      0    .673    .44   1.16   .170   .702   .234   1.69   .210   .049   0
 216 0231200   653  982    330     11      0    .648    .79   2.01   .380   .815   .222   1.74   .226  -.007   2
 217 0231290   937 1067    131      3      0    .755   1.38   2.88   .403   .532   .218   1.59   .207   .011   2
 218 0231300   998 1153    156      5      0    .610   1.50   4.50   .831   .911   .177   1.76   .187   .008   1
 219 0231320  1196 1425    230      8      1    .526    .80   1.64   .337   .813   .205   1.60   .218  -.024   3
 220 0231330  1304 1430    127      3      0    .666    .92   2.86   .531   .881   .225   1.67   .236   .029   1
 221 0231340   836  981    146      4      0    .626   1.06   2.23   .424   .805   .187   1.67   .198  -.013   1
 222 023135A  -5407 -5310     98      2      0    .409   1.32   2.93   .481   .855   .154   1.43   .154  -.008   2
 223 023138A  -719 -653     67      0      0    .540   1.11   2.32   .519   .889   .185   1.36   .176  -.061   3
 224 023139A  -4362 -4046    317     11      4    .326    .35    .92   .124   .755   .188   2.08   .210  -.002   2
 225 023140A  -737 -588    150      4      1    .497    .81   2.15   .384   .830   .188   2.05   .211   .088   1
 226 023141A  -4448 -4202    247      7      0    .530    .50   1.35   .281   .908   .214   1.66   .224   .039   1
 227 023142A  -3884 -3726    159      5      1    .477    .38   1.27   .255   .930   .214   1.73   .231   .011   1
 228 023152A  -933 -762    172      5      0    .588    .53   1.51   .305   .883   .226   1.55   .224  -.011   1
 229 023153A  -3315 -3180    136      3      0    .655    .50   1.25   .228   .878   .177   1.59   .179   .010   1
 230 023154A  -3286 -3058    229      7      0    .407    .67   1.58   .273   .744   .222   1.80   .251   .045   1
 231 023155A  -3657 -3573     85      2      0    .397   1.03   1.70   .305   .815   .148   1.47   .156  -.019   1
 232 023157A  -1089 -878    212      6      1    .484    .89   2.34   .370   .803   .207   1.72   .219   .002   1
 233 023158A  -773 -670    104      2      0    .623    .86   2.06   .370   .742   .208   2.12   .229   .033   1
 234 023159A   352  467    116      2      0    .531    .75   1.47   .307   .820   .206   1.45   .217   .036   1
 235 0231600   636  740    105      2      0    .620    .87   1.82   .366   .688   .266   1.62   .274   .009   1
 236 023162A   235  308     74      1      0    .569   1.33   2.42   .332   .673   .150   1.50   .159   .005   2
 237 0231630   402  624    223      7      0    .608    .73   2.01   .448   .889   .257   1.76   .263   .022   1
 238 023165A  -729 -570    160      5      0    .675    .71   1.44   .232   .739   .201   1.56   .199   .027   2
 239 023166A  -2968 -2779    190      5      1    .446    .51   1.04   .215   .834   .201   1.98   .217   .000   1
 240 023169A  -2431 -2278    154      4      0    .495   1.04   2.19   .346   .809   .165   1.57   .175   .032   1
 241 023170A  -3804 -3654    151      4      0    .540   1.00   3.61   .760   .919   .206   1.57   .194   .016   3
 242 023171A  -3580 -3371    210      7      2    .504    .58   1.52   .323   .918   .191   1.72   .211  -.024   1
 243 0231730   468  645    178      5      0    .694    .71   1.66   .306   .838   .216   1.65   .207   .002   1
 244 023174A  -3349 -3099    251      8      0    .612    .82   2.74   .424   .845   .245   1.88   .247  -.019   1
 245 023176A   242  331     90      2      0    .720    .68   1.51   .331   .790   .253   1.53   .257   .012   1
 246 023177A  -2219 -2110    110      2      0    .546   1.08   2.20   .375   .767   .181   1.44   .179  -.025   2
 247 0231780   900 1026    127      3      0    .522    .74   1.66   .248   .744   .175   1.53   .179   .013   2
 248 023179A  -3363 -3057    307     10      1    .540    .42   2.03   .325   .927   .194   1.91   .210   .027   2
 249 0231800   491  612    122      3      0    .612   1.05   3.80   .736   .931   .186   1.46   .177  -.014   1
 250 023181A   632  806    175      5      0    .368    .82   2.06   .437   .794   .286   2.23   .291   .006   1
 251 0231820   581  691    111      2      0    .606    .71   2.12   .352   .754   .246   1.77   .252   .022   1
 252 023183A  -1293 -1025    269      9      0    .549    .36   1.07   .202   .871   .260   1.95   .277  -.008   1
 253 023184A  -1276 -1043    234      7      0    .553    .53   1.19   .195   .814   .182   1.68   .202   .007   2
 254 023185A  -2207 -2032    176      5      2    .394    .43   1.03   .162   .691   .256   1.69   .244   .041   3
 255 023186A  -3594 -3346    249      8      1    .461    .56   2.46   .436   .950   .209   1.84   .220   .029   1
 256 023187A  -3773 -3650    124      3      0    .434    .65   1.70   .340   .892   .198   1.61   .217   .051   1
 257 023188A   -15  150    166      5      0    .516    .55   2.48   .393   .903   .163   1.53   .165   .089   1
 258 0231890   470  573    104      2      0    .610   1.36   3.34   .803   .899   .194   1.43   .196   .044   1
 259 023190A  -2694 -2546    149      4      0    .507    .69   1.66   .249   .806   .149   1.63   .174   .028   1
 260 023191A  -3712 -3561    152      4      0    .538   1.06   2.47   .487   .867   .189   1.68   .203  -.011   3
 261 023192A  -3667 -3529    139      3      1    .424    .71   2.37   .483   .914   .194   1.51   .188   .024   1
 262 023193A  -2990 -2834    157      4      0    .530    .64   1.34   .268   .863   .177   1.60   .174   .000   1
 263 023195A   454  535     82      1      0    .430   1.04   2.60   .444   .764   .224   1.89   .235  -.014   3
 264 023196A  -3796 -3620    177      5      0    .475    .78   2.47   .409   .899   .178   1.67   .201   .012   1
 265 0231970   696  786     91      2      0    .524    .96   2.10   .364   .741   .213   1.70   .227  -.025   1
 266 023198A  -3805 -3654    152      4      0    .678    .84   2.24   .487   .916   .212   1.58   .213   .012   1
 267 0231990   697  781     85      2      0    .489    .86   1.83   .389   .793   .226   1.78   .237  -.001   2
 268 023200    495  604    110      3      0    .656   1.04   3.79   .668   .922   .200   1.60   .198   .005   1
 269 0232010  -849 -569    281      9      0    .574    .94   1.86   .318   .780   .184   1.49   .190   .024   1
 270 023203A   227  354    128      3      0    .557    .54   3.85   .457   .734   .267   1.64   .280   .205   1
 271 0240010  1497 1679    183      6      0    .696   1.05   2.25   .369   .731   .199   1.70   .215  -.009   1
 272 0240020   900 1040    141      3      0    .574    .71   1.11   .179   .689   .163   1.41   .146   .024   2
 273 0240050  1489 1715    227      7      0    .755   1.17   2.65   .574   .912   .182   1.51   .187   .021   1
 274 0240072  1878 1977    100      2      0    .608    .57   2.00   .317   .747   .278   2.60   .320  -.010   2
 275 0240080  1273 1445    173      4      0    .522   1.05   2.37   .512   .913   .177   1.52   .184  -.007   3
 276 0240091  1817 1977    161      5      0    .587    .73   2.61   .401   .754   .270   1.91   .282   .054   1
 277 0240101  1819 1977    159      5      0    .588   1.02   2.21   .410   .701   .242   1.78   .268   .039   1
 278 0240112  1825 1977    153      4      0    .560    .92   1.99   .415   .870   .192   1.53   .205  -.003   2
 279 0240130  1430 1606    177      5      0    .595    .61   1.73   .306   .791   .260   2.01   .270  -.029   3
 280 0240140  1530 1701    172      5      0    .707    .43    .95   .157   .522   .301   1.73   .266   .006   3
 281 0240161  1848 1977    130      4      0    .686    .87   2.72   .492   .859   .259   1.86   .253   .072   1
 282 0240171  1831 1977    147      4      0    .741   1.00   3.62   .562   .878   .199   1.66   .215   .019   1
 283 0240180   853 1033    181      5      0    .551    .39    .74   .119   .481   .254   1.55   .221   .039   0
 284 0240190  1517 1736    220      7      0    .587    .73   2.55   .556   .922   .255   1.74   .252  -.001   1
 285 0240200  1320 1451    132      4      0    .484    .57   1.96   .292   .826   .232   1.64   .253   .050   2
 286 0240242  1790 1977    188      6      0    .541   1.16   3.71   .527   .792   .236   2.02   .233  -.010   3
 287 0240260  1265 1459    195      6      0    .579    .79   2.85   .539   .906   .217   1.60   .227   .024   1
 288 0240280   850  931     82      1      0    .657    .65   1.15   .180   .554   .203   1.61   .204   .003   1
 289 0240290   776 1005    230      7      0    .501    .35   1.59   .199   .870   .214   1.67   .215   .006   2
 290 0240300  1345 1500    156      5      0    .651    .88   2.47   .434   .827   .222   1.81   .234   .034   1
 291 0240330   656 1039    384     13      0    .638    .86   2.75   .450   .837   .229   1.76   .240  -.000   1
 292 0240340   790  975    186      6      0    .616    .59   1.07   .161   .543   .217   1.83   .205   .100   0
 293 0240350   655  899    245      8      0    .566    .31   1.24   .227   .909   .281   2.25   .280  -.005   1
 294 0240360   910  978     69      1      0    .699    .84   1.12   .166   .288   .187   1.35   .183   .023   1
 295 0240370   497  705    209      7      0    .662    .65   1.46   .284   .804   .221   1.71   .208   .009   2
 296 0240380   910  977     68      1      0    .714    .88   1.53   .248   .642   .178   1.58   .194   .046   1
 297 0240390   622  841    220      7      0    .733   1.00   2.74   .504   .839   .228   1.45   .205  -.007   3
 298 0240400  1152 1293    142      3      0    .418    .68   1.97   .493   .896   .243   1.73   .235   .010   1
 299 0240411   702 1056    355     12      0    .646    .42   1.12   .189   .812   .215   1.72   .222  -.021   1
 300 0240412  1286 1470    185      5      0    .531    .40    .89   .188   .840   .227   2.22   .249   .003   1
 301 0240421   975 1153    179      5      0    .465   1.51   3.70   .701   .851   .199   1.52   .203  -.013   2
 302 0240422  1270 1480    211      7      0    .571    .41   1.01   .180   .773   .248   1.69   .246   .015   1
 303 0240430   592  912    321     11      0    .525    .43   1.35   .235   .859   .229   1.84   .237  -.004   2
 304 0240470   557  784    228      7      0    .515    .54   1.18   .220   .812   .209   1.72   .218   .037   1
 305 0240480  1544 1740    197      6      0    .710    .48   1.42   .268   .820   .283   1.89   .291   .004   1
 306 0240490  1311 1455    145      4      0    .549    .95   1.58   .234   .585   .181   1.52   .185   .142   1
 307 0240500  1093 1272    180      5      0    .514    .60   1.39   .248   .760   .196   1.58   .201  -.008   2
 308 0240510   452  644    193      5      0    .689    .98   2.01   .386   .798   .214   1.49   .204  -.004   1
 309 0240522  1313 1718    406     14      0    .657    .50   2.02   .369   .903   .252   2.03   .261   .012   2
 310 0240530  1276 1415    140      3      0    .578    .58   1.68   .224   .746   .215   1.91   .226   .004   1
 311 0240540  1506 1638    133      3      0    .704    .63   1.88   .277   .644   .288   1.83   .298   .030   1
 312 0240560   585  767    183      5      0    .510    .73   1.62   .233   .701   .188   1.45   .180  -.018   1
 313 0240570   447  811    365     13      1    .613    .70   3.46   .476   .875   .244   1.95   .245  -.016   1
 314 0240580  1495 1752    258      9      1    .606    .69   2.00   .401   .842   .260   1.75   .259   .035   1
 315 0240590   750  937    188      5      0    .617    .48   1.48   .248   .758   .268   1.76   .246   .011   1
 316 0240610   645  827    183      6      0    .612    .54   1.73   .239   .699   .244   2.20   .253  -.010   1
 317 0240620  1027 1156    130      3      0    .603    .69   2.74   .521   .881   .229   1.75   .260   .030   1
 318 0240630  1257 1450    194      6      0    .559    .56    .98   .159   .574   .222   1.52   .205  -.031   1
 319 0240660   898 1099    202      7      0    .684    .67   1.52   .281   .786   .194   1.69   .207   .016   1
 320 0240670   870 1025    156      5      0    .718    .52   1.10   .138   .602   .185   1.66   .189   .030   1
 321 0240680  1053 1267    215      6      0    .487    .56   1.72   .308   .872   .236   1.95   .252   .006   1
 322 0240692  1535 1680    146      4      0    .531    .65   3.00   .652   .932   .284   2.06   .286   .014   1
 323 0240720  1011 1187    177      5      1    .518    .52   1.04   .190   .711   .227   1.77   .224   .011   2
 324 0240739  1496 1760    265      9      0    .702    .72   3.54   .559   .919   .243   1.80   .233   .009   2
 325 0240750  1342 1447    106      2      0    .575   1.22   1.94   .350   .767   .152   1.61   .174   .026   1
 326 0240760   989 1099    111      3      0    .637    .82   1.60   .275   .655   .208   1.59   .212  -.012   1
 327 0240780  1022 1099     78      2      0    .490    .92   2.20   .365   .786   .216   1.53   .228   .103   1
 328 0240790   747  950    204      7      0    .689    .89   1.36   .184   .500   .166   1.41   .158   .011   1
 329 0240800   952 1123    172      4      0    .679    .93   2.08   .408   .854   .192   1.39   .189   .023   1
 330 0240840  1277 1409    133      3      0    .555   1.01   1.79   .284   .789   .147   1.44   .158   .065   1
 331 0240860  1510 1616    107      2      0    .589    .65   2.04   .371   .816   .290   1.82   .296   .029   1
 332 0240870  1020 1125    106      3      0    .520   1.03   2.03   .377   .791   .191   1.46   .186   .003   1
 333 0240890   878 1041    164      4      0    .699    .40   1.06   .154   .716   .231   1.76   .230  -.017   1
 334 0240910   528  758    231      7      0    .671    .37    .74   .133   .642   .254   1.67   .226   .001   1
 335 0240930  1242 1521    280      9      0    .657    .74   3.16   .641   .930   .240   1.83   .247  -.015   1
 336 0240940   906 1165    260      8      0    .446   1.00   2.39   .419   .776   .223   1.93   .228   .027   1
 337 0240950  1273 1389    117      3      0    .598    .85   1.74   .267   .712   .204   1.53   .207   .023   1
 338 0240960   770  952    183      6      0    .613    .55   1.25   .217   .755   .221   1.60   .213   .007   1
 339 0240973  1835 1977    143      4      0    .483    .64   1.97   .339   .793   .252   1.66   .246  -.007   2
 340 0240981  1830 1977    148      4      0    .504    .49   1.25   .262   .777   .328   2.03   .312  -.005   3
 341 0240991  1825 1955    131      3      0    .604    .59   1.30   .292   .776   .282   1.64   .272  -.013   1
 342 0241011  1824 1976    153      5      0    .616    .83   2.25   .369   .650   .281   1.74   .284  -.022   1
 343 0241040   538  727    190      6      0    .516    .47   1.03   .167   .736   .222   1.74   .217   .034   1
 344 0241050   962 1088    127      3      0    .493   1.17   3.24   .511   .810   .186   1.80   .208   .081   1
 345 0241060   812 1011    200      6      0    .640    .42    .98   .154   .711   .223   1.61   .206   .002   3
 346 0241070  1186 1375    190      6      0    .437    .68   2.06   .443   .896   .204   1.77   .211   .008   2
 347 0241080   888 1186    299     10      0    .635    .45   1.04   .169   .782   .191   1.48   .181   .008   1
 348 0241093  1689 1977    289     10      1    .471    .35    .90   .145   .786   .233   1.61   .220  -.005   2
 349 0241100  1465 1632    168      5      0    .703   1.11   2.30   .501   .829   .206   1.56   .201  -.003   1
 350 0241131  1861 1977    117      3      0    .686    .72   2.30   .444   .843   .249   1.68   .259   .029   2
 351 0241141  1833 1977    145      4      0    .611    .98   2.32   .430   .715   .286   2.04   .279   .006   1
 352 0241161  1850 1977    128      3      0    .470    .74   3.04   .493   .834   .269   2.11   .316   .001   2
 353 0241172  1864 1977    114      3      0    .681    .71   1.85   .407   .790   .310   2.24   .319   .028   1
 354 0241180  1005 1120    116      2      0    .615    .77   2.25   .447   .910   .171   1.52   .178  -.003   1
 355 025031A  -2776 -2689     88      2      0    .698    .77   1.20   .223   .697   .182   1.54   .198  -.068   1
 356 025036A  -2618 -2445    174      5      0    .458    .54   1.36   .285   .903   .195   1.66   .211   .013   2
 357 025039A  -4739 -4555    185      5      0    .453    .54   1.30   .225   .855   .184   1.53   .195   .023   1
 358 025040A  -5284 -5063    222      7      1    .408    .38    .83   .153   .770   .218   1.87   .222   .012   2
 359 025042A  -2251 -2063    189      6      1    .436    .47   1.64   .232   .802   .225   2.02   .236  -.022   1
 360 025045A  -5041 -4752    290      9      2    .375    .61   4.03   .626   .958   .192   1.64   .185   .007   1
 361 025052A  -4737 -4659     79      1      0    .399   1.17   2.10   .401   .809   .171   1.41   .176  -.024   2
 362 025060A    50  151    102      2      0    .504    .77   1.40   .294   .810   .184   1.49   .190   .045   2
 363 025061A   731 1126    396     14      2    .427    .33   1.20   .186   .863   .246   1.73   .247   .027   1
 364 0250620   719  923    205      6      0    .574    .97   1.89   .353   .772   .199   1.75   .208  -.037   1
 365 025075A  -4277 -3998    280     10      2    .377    .44   1.67   .295   .927   .215   1.71   .217  -.001   2
 366 025077A  -4607 -4410    198      6      2    .322    .58   1.06   .193   .699   .199   1.53   .199   .017   1
 367 025084A  -4507 -4207    301     10      3    .377    .36   1.01   .188   .864   .234   1.74   .228  -.007   2
 368 025085A  -4825 -4647    179      5      0    .493    .53   1.47   .231   .844   .202   1.56   .204  -.012   2
 369 025087A  -2700 -2296    405     14      0    .521    .63   2.23   .327   .904   .172   1.55   .178  -.002   1
 370 025089A    93  314    222      7      0    .620    .83   2.38   .410   .861   .194   1.57   .187   .022   1
 371 025091A  -1854 -1704    151      4      0    .524    .66   1.83   .261   .745   .227   1.50   .229  -.022   1
 372 0250920   628  711     84      1      0    .544   1.01   2.98   .523   .850   .242   1.68   .251  -.019   2
 373 025093A  -4001 -3622    380     14      1    .502    .56   1.46   .256   .872   .175   1.59   .185   .013   1
 374 0250940   721 1067    347     12      1    .614    .61   1.61   .246   .777   .205   1.71   .216  -.014   1
 375 025096A  -1917 -1694    224      7      2    .450   1.24   2.61   .437   .776   .181   1.53   .189  -.015   1
 376 025097A  -5140 -4904    237      7      2    .483    .62   1.45   .247   .822   .195   1.69   .190  -.011   3
 377 025101A  -5406 -5138    269      6      1    .353    .39   1.19   .173   .838   .193   1.69   .206  -.006   3
 378 025102A  -4717 -4571    147      4      0    .587    .50   1.07   .146   .621   .191   1.50   .188   .012   3
 379 025103A  -941 -810    132      3      0    .508    .54   1.22   .172   .696   .202   1.53   .204   .006   1
 380 025107A  -4654 -4616     39      0      0    .535   2.07   2.86   .325   .167   .165   1.33   .140  -.057   0
 381 025111A  -4406 -4342     65      1      0    .593   1.07   3.02   .663   .922   .183   1.72   .201   .048   1
 382 025113A  -4675 -4611     65      0      0    .585   1.36   2.80   .482   .669   .244   1.68   .251   .106   1
 383 025116A  -1771 -1649    123      3      0    .509    .85   2.00   .460   .857   .250   1.70   .244   .006   2
 384 025118A  -3038 -2857    182      5      2    .419    .74   2.27   .405   .887   .214   1.58   .222  -.031   1
 385 025120A  -4250 -4063    188      5      0    .595    .34    .93   .134   .742   .232   1.78   .235   .033   1
 386 025121A  -4175 -4046    130      3      0    .587    .68   1.79   .357   .856   .198   1.66   .199  -.014   1
 387 025125A  -4102 -4019     84      2      0    .576    .58   1.20   .242   .673   .266   1.73   .260   .037   1
 388 025129A  -1857 -1709    149      4      0    .559    .71   1.75   .307   .846   .204   1.58   .201   .019   1
 389 025130A  -4725 -4544    182      5      0    .531    .36    .72   .131   .727   .203   1.57   .222   .037   1
 390 025131A  -5191 -4952    240      7      1    .447    .45    .94   .202   .827   .213   1.77   .215   .026   3
 391 025133A  -4164 -4081     84      1      0    .643    .69   1.76   .361   .857   .208   1.51   .223   .036   1
 392 025134A  -2018 -1932     87      1      0    .620    .39    .82   .119   .524   .218   1.93   .229   .036   1
 393 025136A  -5255 -5039    217      7      0    .550    .74   2.89   .462   .892   .185   1.56   .189   .013   1
 394 025137A  -1932 -1717    216      7      1    .512    .89   2.18   .437   .893   .178   1.48   .189   .009   1
 395 025138A  -4129 -3941    189      6      2    .329    .64   2.48   .589   .954   .192   1.65   .190   .021   1
 396 025139A  -2988 -2718    271      9      0    .506    .62   1.81   .405   .929   .193   1.70   .206   .026   1
 397 025140A  -2274 -2096    179      5      0    .561    .78   2.15   .400   .873   .219   1.73   .222  -.006   1
 398 025141A  -1922 -1753    170      4      0    .607    .52   1.36   .315   .889   .216   1.66   .218  -.031   1
 399 025142A  -4004 -3746    259      9      2    .447    .59   1.64   .251   .853   .161   1.64   .171   .008   1
 400 025143Z  -4015 -3871    145      4      0    .499    .70   1.29   .208   .625   .222   1.62   .210   .019   1
 401 025144A  -4337 -4039    299     10      2    .456    .61   1.95   .382   .915   .185   1.61   .200  -.009   1
 402 025146A  -4256 -4002    255      8      0    .475    .35    .88   .142   .804   .203   1.74   .210  -.014   1
 403 025151A  -3005 -2653    353     12      1    .574    .89   2.53   .595   .945   .185   1.61   .186   .011   1
 404 025153A  -4755 -4626    130      4      0    .565    .63   1.65   .345   .900   .185   1.49   .182  -.004   1
 405 025155A  -4974 -4721    254      8      2    .489    .43   1.72   .277   .927   .174   1.71   .198   .017   1
 406 025157A  -4753 -4691     63      1      0    .501   1.63   3.71   .901   .929   .161   1.36   .156   .072   1
 407 025159A  -3723 -3610    114      2      0    .506    .53   1.08   .130   .583   .176   1.55   .179   .088   1
 408 025164A  -4687 -4507    181      5      0    .532    .56   1.18   .196   .754   .184   1.60   .186   .002   1
 409 025166A  -4474 -4243    232      7      0    .413    .50   1.08   .172   .724   .197   1.53   .184   .000   3
 410 025167A  -4606 -4282    325     11      0    .542    .75   3.30   .521   .919   .211   1.79   .204  -.003   2
 411 025169A  -3656 -3501    156      5      0    .452    .83   2.32   .400   .878   .164   1.57   .164   .020   1
 412 025171A  -4739 -4498    242      8      1    .480    .37   1.12   .213   .918   .182   1.87   .206   .004   2
 413 025173A  -3214 -3048    167      5      0    .402    .56   1.56   .298   .892   .182   1.60   .192   .003   3
 414 025175A  -4106 -3993    114      3      0    .578    .57   1.01   .176   .808   .149   1.46   .162   .032   1
 415 025176A  -3853 -3706    148      4      2    .391    .47    .97   .159   .752   .169   1.60   .181   .004   1
 416 025177A  -3315 -3030    286      9      0    .489    .48   1.85   .301   .932   .173   1.47   .174   .020   1
 417 025179A  -3575 -3346    230      7      1    .393    .40   2.30   .273   .852   .201   1.64   .206   .067   1
 418 025180A  -4726 -4476    251      8      1    .586    .57   2.15   .335   .930   .162   1.52   .169   .004   2
 419 025182A  -4739 -4557    183      5      0    .607    .60   1.61   .284   .870   .167   1.49   .176   .017   3
 420 025184A  -2708 -2495    214      7      0    .577    .44    .93   .129   .717   .174   1.46   .168   .008   2
 421 025187A  -3422 -3196    227      7      1    .399    .44   1.40   .214   .785   .282   1.94   .266  -.005   2
 422 025189A  -4981 -4775    207      7      0    .538    .50   3.33   .469   .944   .197   1.51   .208   .050   1
 423 025190A  -5168 -4883    286      9      2    .479    .36    .92   .168   .751   .265   1.90   .274  -.018   3
 424 025192A  -2605 -2409    197      6      0    .555    .43   2.59   .335   .883   .176   1.55   .181   .040   3
 425 025193A  -2808 -2537    272      9      0    .571    .40   1.22   .203   .869   .192   1.63   .193  -.017   1
 426 025194A  -3594 -3346    249      8      0    .537    .47   1.12   .146   .723   .175   1.64   .171   .006   1
 427 025197A  -3790 -3618    173      5      1    .388    .61   2.16   .397   .826   .276   2.00   .296   .004   1
 428 025198A  -2927 -2777    151      4      0    .430    .37   1.39   .261   .905   .207   1.66   .208   .012   1
 429 025200A  -4747 -4509    239      7      0    .549    .53   2.17   .384   .938   .181   1.57   .178   .000   1
 430 025203A  -4849 -4611    239      7      0    .529    .42   2.28   .309   .863   .265   1.92   .266   .017   2
 431 025205A  -2215 -2035    181      5      1    .475    .46   1.73   .247   .857   .204   1.67   .211   .019   1
 432 025207A  -2805 -2553    253      8      0    .602    .32   1.13   .190   .847   .229   1.88   .214   .004   2
 433 025208A  -4833 -4626    208      7      0    .479    .42   1.73   .278   .854   .237   1.67   .230   .063   3
 434 025211A  -1502 -1300    203      7      0    .552    .74   2.26   .378   .838   .198   1.67   .215   .002   2
 435 025212A  -1159 -982    178      5      0    .567    .35    .91   .162   .828   .203   1.57   .216   .024   1
 436 025214A  -5033 -4800    234      8      2    .433    .48   1.42   .252   .861   .214   1.78   .231   .007   2
 437 025215A  -5011 -4710    302     10      3    .429    .55   1.88   .399   .920   .212   1.61   .232   .002   2
 438 025217A  -4817 -4627    191      5      0    .536    .64   1.42   .235   .708   .201   1.72   .227   .006   3
 439 025218A  -2162 -1949    214      7      3    .383    .42    .92   .150   .777   .174   1.69   .190   .012   2
 440 025219A  -2228 -1936    293     10      1    .509    .46   1.23   .188   .839   .187   1.64   .191  -.001   1
 441 025221A  -1048 -889    160      4      0    .530    .55   1.88   .324   .888   .208   1.56   .213  -.004   1
 442 025222A  -884 -693    192      6      3    .343    .37   1.40   .264   .804   .330   2.32   .357  -.008   3
 443 025225A  -3382 -3187    196      6      0    .553    .67   1.43   .284   .871   .171   1.56   .182  -.002   1
 444 025226A  -3556 -3424    133      4      0    .408    .80   2.49   .439   .838   .221   1.56   .227  -.012   1
 445 025229A  -2160 -2035    126      3      1    .450    .56   1.37   .237   .723   .215   1.72   .243  -.010   1
 446 025230Z  -1718 -1412    307     10      3    .507    .29   1.31   .245   .910   .279   2.04   .281  -.002   1
 447 025231A  -1881 -1693    189      6      0    .485    .25    .78   .139   .845   .235   2.00   .249   .048   1
 448 025233A  -2357 -2086    272      9      2    .398    .40   1.19   .216   .833   .227   1.66   .239   .008   1
 449 0260110  1518 1727    210      7      0    .799    .75   1.74   .281   .816   .192   1.50   .195   .026   1
 450 0260130  1484 1608    125      3      0    .661    .62   1.27   .230   .835   .157   1.46   .177   .003   1
 451 0260140   898 1133    236      8      0    .492    .37    .71   .144   .805   .212   1.80   .206   .007   1
 452 0260160  1249 1407    159      5      0    .479    .54   1.63   .336   .864   .231   1.69   .243  -.028   1
 453 0260170  1315 1452    138      4      0    .522    .74   1.92   .380   .783   .267   1.87   .288   .051   1
 454 0260181  1520 1820    301     10      0    .677    .77   2.37   .345   .836   .196   1.70   .212  -.001   2
 455 0260210  1657 1852    196      6      0    .511    .76   1.76   .331   .826   .213   1.66   .227   .020   1
 456 0260222  1465 1585    121      3      0    .698    .62   1.50   .311   .835   .241   1.69   .238   .121   0
 457 0260230  1685 1845    161      4      2    .452    .79   2.85   .510   .864   .233   1.89   .261  -.012   3
 458 0260240  1807 1980    174      5      0    .754    .46    .95   .144   .586   .220   1.80   .214  -.010   2
 459 0260259  1739 1980    242      8      0    .685    .49   2.39   .258   .861   .187   1.89   .193  -.009   1
 460 0260260  1805 1917    113      2      0    .678    .55   2.41   .478   .867   .285   2.59   .314  -.012   1
 461 0260272  1509 1638    130      3      0    .647    .45   1.17   .245   .769   .265   2.40   .295   .037   1
 462 0260290  1725 1982    258      8      0    .508    .39  10.00   .609   .208   .212   3.78   .292   .098   1
 463 0260300  1632 1902    271      9      0    .671    .36    .98   .169   .783   .287   1.72   .265  -.009   1
 464 0260311  1644 1756    113      3      0    .489    .39    .86   .167   .701   .280   2.34   .290   .026   1
 465 0260323  1599 1980    382     14      0    .748    .50   1.22   .190   .672   .260   1.79   .239   .004   1
 466 0260330  1820 1980    161      5      0    .661   1.43   4.22   .770   .860   .218   1.66   .218   .046   3
 467 0260340  1807 1965    159      4      0    .737   1.27   3.02   .572   .876   .173   1.39   .172   .070   1
 468 0260350  1330 1739    410     14      0    .645    .51   2.11   .334   .897   .212   1.67   .211  -.001   2
 469 0260372  1560 1645     86      1      0    .618    .34    .92   .167   .685   .344   1.88   .308   .153   0
 470 0260380  1562 1735    174      5      0    .667    .63   1.41   .254   .790   .210   2.12   .231   .038   1
 471 0260390  1077 1224    148      4      0    .595    .68   1.63   .232   .711   .209   1.48   .195  -.017   1
 472 0260400  1136 1345    210      6      0    .553    .49   1.31   .239   .809   .267   1.66   .244  -.000   1
 473 0260419   795 1199    405     15      2    .516    .83   1.84   .269   .800   .153   1.89   .155  -.002   1
 474 0260430  1480 1980    501     18      0    .639    .31   1.09   .154   .831   .233   1.84   .232   .016   3
 475 0260440  1661 1980    320     11      0    .788    .51   2.07   .289   .861   .228   1.87   .234   .021   1
 476 0260450  1345 1599    255      9      0    .516    .44   1.69   .274   .897   .212   1.61   .216   .020   1
 477 0260460  1270 1508    239      8      1    .533    .59   1.27   .235   .864   .174   1.62   .181  -.026   1
 478 0260470  1395 1688    294     10      0    .659    .64   1.86   .389   .920   .224   1.71   .220   .007   1
 479 0260480   942 1186    245      8      0    .606    .69   2.10   .341   .875   .204   1.60   .200   .002   1
 480 0260490   805 1169    365     12      0    .596    .70   1.52   .314   .772   .253   1.91   .256  -.005   3
 481 0260500  1800 1935    136      3      0    .391    .92   2.61   .618   .891   .262   1.87   .270  -.002   2
 482 0260510  1804 1966    163      4      0    .501   1.14   2.56   .494   .854   .207   1.92   .216   .102   1
 483 0260520  1770 1980    211      7      0    .713    .54   1.38   .282   .819   .247   1.66   .230   .012   2
 484 0260530  1478 1722    245      7      2    .646    .68   1.94   .427   .888   .272   1.83   .273   .005   1
 485 0260540  1650 1980    331     11      0    .595    .66   1.47   .307   .897   .178   1.52   .171   .005   3
 486 0260551  1824 1980    157      5      0    .743    .23    .57   .088   .639   .276   1.68   .262  -.002   1
 487 0260560  1342 1585    244      8      0    .519    .76   2.49   .454   .904   .187   1.74   .198   .024   1
 488 0260570  1537 1908    372     13      0    .609    .62   1.95   .319   .757   .289   1.77   .274  -.001   3
 489 0260580  1660 1980    321     11      0    .699    .44   1.21   .201   .821   .229   1.70   .227   .003   1
 490 0260590  1844 1980    137      4      0    .677    .68   1.55   .290   .834   .202   1.55   .187   .008   2
 491 0260600  1552 1641     90      1      0    .793    .44   1.33   .305   .871   .311   2.08   .311   .013   1
 492 0260610  1600 1806    207      7      0    .694    .24    .64   .129   .713   .381   1.87   .343   .082   0
 493 0260621  1698 1980    283     10      0    .687    .44   2.80   .271   .849   .211   2.30   .222  -.009   2
 494 0260630  1564 1814    251      8      0    .706    .35   1.17   .198   .858   .269   1.65   .269   .016   1
 495 0260640  1314 1533    220      7      0    .758    .48   1.00   .178   .777   .208   1.58   .207   .006   3
 496 0260650  1472 1601    130      4      0    .509    .32   1.98   .271   .811   .206   1.72   .213   .127   1
 497 0260660  1665 1982    318     11      0    .544   1.00  10.00   .634   .526   .180   3.28   .240   .083   2
 498 0260670  1542 1663    122      3      0    .672    .17    .55   .111   .680   .472   1.92   .400  -.015   2
 499 0260680  1520 1712    193      6      0    .686    .40   1.01   .203   .850   .227   2.11   .244   .060   1
 500 0260690  1186 1445    260      8      0    .586    .69   1.40   .241   .701   .213   1.63   .202   .003   2
 501 0260700  1266 1528    263      9      0    .701    .60   2.15   .366   .900   .227   1.73   .223  -.022   1
 502 0260710  1493 1775    283     10      0    .645    .59   2.72   .437   .886   .223   1.85   .228   .007   2
 503 0260720  1445 1634    190      6      0    .674    .67   1.92   .408   .913   .226   1.79   .236   .013   1
 504 0260730  1480 1761    282      9      0    .690    .49   1.27   .220   .799   .234   1.83   .233   .003   2
 505 0260740  1341 1637    297     10      0    .625    .66   1.99   .357   .876   .195   2.33   .214   .006   1
 506 0260750  1857 1980    124      3      0    .698    .71   1.51   .221   .546   .226   1.74   .242  -.022   1
 507 0260760   826  984    159      4      0    .495    .68   1.46   .242   .785   .182   1.49   .197  -.002   1
 508 0260770  1055 1205    151      4      0    .593   1.21   2.38   .405   .803   .157   1.53   .169  -.020   3
 509 0260780   955 1194    240      7      0    .775    .84   1.89   .425   .881   .195   1.60   .180   .003   2
 510 0260790  1500 1640    141      3      0    .753    .80   1.72   .340   .780   .240   1.60   .241   .029   1
 511 0260800   663 1024    362     13      0    .627    .44    .79   .123   .503   .227   1.67   .213  -.004   2
 512 0260810   930 1254    325     11      0    .699    .70   3.58   .589   .920   .295   1.78   .284   .001   2
 513 0260820   928 1146    219      6      0    .568    .50   1.48   .318   .891   .237   1.69   .244  -.011   3
 514 0260830  1485 1575     91      2      0    .638    .53   1.34   .330   .921   .223   1.73   .228  -.007   1
 515 0260840  1489 1788    300     10      0    .618    .44   1.81   .392   .941   .265   1.74   .253   .011   1
 516 0260850  1454 1683    230      7      0    .615    .53   1.35   .266   .885   .203   1.69   .203   .015   1
 517 0260860  1723 1824    102                          .50   1.87   .429   .891   .285                         
 518 0260870  1467 1600    134      4      0    .620    .93   2.47   .580   .921   .203   1.72   .215   .007   2
 519 0260880  1438 1678    241      8      1    .628   1.01   3.44   .543   .830   .240   1.81   .228   .003   1
 520 0260890  1444 1644    201      6      0    .796    .61   3.00   .530   .937   .235   1.65   .228   .084   0
 521 0260900   714  941    228      7      0    .593    .53   1.31   .229   .850   .191   1.52   .201   .017   2
 522 0260911  1488 1618    131      3      0    .655    .78   2.25   .381   .837   .214   1.97   .239   .036   1
 523 0260920  1291 1668    378     13      1    .549    .42   1.94   .317   .911   .213   1.81   .226   .011   1
 524 0260930  1281 1538    258      8      1    .613    .75   1.96   .442   .899   .192   1.67   .197   .039   1
 525 0260940  1683 1980    298     10      0    .749    .70   2.20   .278   .777   .212   1.60   .200   .011   3
 526 0260950  1618 1800    183      6      0    .701    .71   1.74   .292   .744   .235   1.80   .244   .024   1
 527 0260962  1645 1787    143      4      0    .697    .33    .91   .188   .825   .329   2.50   .342   .064   1
 528 0260970  1434 1543    110      2      0    .546   1.07   2.20   .451   .845   .185   1.65   .203   .013   1
 529 0260980  1463 1607    145      4      0    .700    .76   2.00   .453   .899   .199   1.58   .192  -.004   1
 530 0260990  1441 1785    345     12      0    .655    .69   2.18   .420   .866   .233   1.97   .257   .014   3
 531 026100   1441 1735    295     10      0    .642    .64   1.81   .276   .780   .237   1.81   .223   .019   1
 532 0261010  1435 1575    141      4      0    .622    .84   2.33   .523   .874   .233   1.61   .228   .023   1
 533 0261020  1289 1572    284      9      0    .550    .66   3.22   .411   .876   .243   1.65   .232  -.008   2
 534 0261030  1513 1698    186      5      0    .627    .65   2.05   .419   .869   .270   2.07   .281   .010   1
 535 0261050  1465 1644    180      5      0    .624    .82   2.37   .534   .905   .237   1.86   .260   .063   1
 536 0261069  1447 1980    534     20      0    .619    .52   3.78   .515   .922   .251   1.98   .250   .011   1
 537 0261070  1476 1717    242      7      0    .670   1.15   3.23   .650   .903   .194   1.79   .213  -.038   1
 538 0261082  1538 1737    200      6      0    .772    .59   1.57   .263   .774   .225   1.56   .219   .015   1
 539 0261090  1431 1646    216      6      0    .741    .86   2.35   .433   .825   .259   1.75   .249  -.000   2
 540 0261100  1466 1632    167      5      0    .650   1.17   2.14   .415   .812   .175   1.54   .180  -.036   3
 541 0261110  1464 1631    168      5      0    .727    .83   2.13   .437   .853   .239   1.92   .266   .015   1
 542 0261120  1443 1789    347     12      0    .745    .64   2.14   .361   .859   .225   1.75   .226   .017   1
 543 0261130  1840 1982    143      4      0    .422    .44  10.00   .815   .137   .302   3.69   .391   .136   0
 544 0261140  1615 1776    162      5      0    .640    .95   2.66   .530   .859   .231   1.60   .231   .048   1
 545 0261150  1455 1572    118      2      0    .634   1.41   2.44   .354   .589   .176   1.52   .174  -.014   1
 546 0261160  1455 1627    173      5      0    .718   1.05   2.41   .482   .804   .261   1.77   .238   .004   2
 547 0261170  1443 1700    258      9      0    .661    .74   2.55   .319   .788   .204   1.82   .201   .001   2
 548 0261180  1494 1695    202      6      0    .635    .67   1.78   .385   .875   .237   1.85   .240   .000   1
 549 0261190  1436 1645    210      6      0    .679    .83   2.51   .474   .885   .224   1.67   .229   .026   2
 550 0261200  1465 1626    162      5      0    .557    .96   2.25   .487   .901   .180   1.55   .186   .009   1
 551 0261210  1499 1649    151      4      0    .623    .54   1.16   .220   .711   .251   2.14   .257   .051   3
 552 0261230  1490 1670    181      5      0    .647    .88   3.01   .444   .811   .226   1.94   .235   .027   1
 553 0261240   715  865    151      4      0    .577    .70   2.08   .400   .803   .306   1.81   .301   .005   1
 554 0261250  1280 1401    122      3      0    .478    .60   2.20   .395   .892   .270   1.77   .282  -.004   3
 555 0261260  1666 1980    315     11      0    .688    .69   2.16   .347   .844   .220   1.68   .209  -.003   1
 556 0261270  1430 1579    150      4      0    .603   1.02   1.81   .350   .782   .190   1.47   .183  -.000   3
 557 0261280  1460 1598    139      3      0    .711    .82   2.03   .390   .798   .230   1.77   .242   .000   1
 558 0261291  1726 1980    255      8      0    .646    .41   1.02   .216   .866   .220   1.78   .232  -.005   1
 559 0261300   836 1113    278      9      0    .683    .48   1.34   .178   .644   .255   1.68   .242   .011   1
 560 0261319  1504 1654    151      4      0    .705    .31    .68   .170   .863   .271   1.76   .254   .007   1
 561 0261321  1526 1665    140      3      0    .678    .58   1.42   .316   .839   .290   1.82   .279   .033   1
 562 0261322  1835 1980    146      4      0    .605    .44    .86   .145   .644   .235   1.76   .234   .001   1
 563 0261330  1745 1980    236      8      0    .697    .76   2.34   .438   .891   .223   1.68   .227  -.030   1
 564 0261351  1441 1582    142      4      0    .589    .43   1.88   .368   .928   .284   2.21   .298   .024   1
 565 0261352  1710 1980    271      9      0    .796    .50   1.43   .244   .817   .253   1.68   .241   .016   3
 566 0261362  1615 1980    366     13      0    .720    .48    .98   .174   .749   .218   1.75   .210   .019   1
 567 0261380   753 1091    339     11      0    .522    .34   1.24   .252   .927   .227   2.02   .232   .002   2
 568 0261390  1768 1980    213      7      0    .747    .68   2.52   .399   .896   .217   1.64   .215   .013   1
 569 0261400  1720 1885    166      5      0    .748    .37    .79   .145   .815   .190   1.49   .195   .013   1
 570 0261410  1803 1980    178      5      0    .763    .44    .99   .154   .487   .302   1.63   .278   .016   2
 571 0261420  1690 1894    205      6      0    .722    .89   3.56   .709   .936   .271   1.74   .262   .003   2
 572 0261430   789  921    133      3      0    .544    .66   1.58   .318   .841   .244   1.61   .240   .015   1
 573 0261440  1440 1528     89      2      0    .555   1.01   1.75   .349   .790   .188   1.43   .179   .030   1
 574 0261450  1792 1980    189      6      0    .686    .35    .77   .118   .495   .295   1.75   .264   .009   1
 575 0261460  1704 1980    277      9      0    .618    .80   1.61   .294   .719   .223   1.63   .228   .004   2
 576 0261481  1513 1980    468     17      0    .661    .46   2.01   .267   .815   .314   1.98   .304   .002   1
 577 0261492  1703 1980    278      9      0    .747    .67   1.39   .180   .468   .223   1.60   .203   .020   2
 578 0261500  1265 1485    221      7      0    .641    .72   2.51   .559   .942   .226   1.83   .231  -.011   3
 579 0261510  1444 1600    157      5      0    .655   1.07   2.41   .495   .877   .166   1.46   .170   .017   1
 580 0261520  1273 1472    200      6      0    .612    .84   2.97   .435   .775   .269   2.04   .261  -.016   1
 581 0261560  1458 1681    224      7      0    .598    .73   1.73   .364   .804   .228   1.82   .249   .012   2
 582 0261570  1450 1628    179      5      0    .737    .91   2.62   .519   .814   .254   1.69   .252   .017   1
 583 0261580  1617 1980    364     13      0    .715    .56   1.45   .257   .783   .276   1.94   .259  -.001   3
 584 0261590  1465 1591    127      3      0    .523    .48    .96   .224   .854   .224   1.83   .228   .011   1
 585 0261600  1524 1826    303     11      0    .624    .79   3.39   .592   .909   .263   1.92   .261   .008   1
 586 0261610  1464 1640    177      5      0    .703    .85   2.14   .481   .819   .263   2.13   .268   .012   1
 587 0261620  1569 1877    309     11      0    .660    .60   1.66   .327   .916   .183   1.60   .194  -.002   1
 588 0261630  1485 1717    233      7      0    .601    .54   2.05   .400   .911   .228   1.94   .242   .038   1
 589 0261651  1720 1980    261      9      0    .628    .41   1.77   .315   .881   .344   2.38   .364  -.013   1
 590 0261652  1454 1565    112      2      0    .572    .35   1.33   .237   .905   .255   1.66   .243   .000   1
 591 0261660  1644 1980    337     12      0    .737    .35    .99   .169   .768   .294   1.84   .282   .020   1
 592 0261671  1687 1980    294     10      0    .661    .88   4.18   .551   .835   .264   2.16   .284  -.014   1
 593 0261680  1672 1980    309     11      0    .644    .52   1.70   .274   .850   .244   1.78   .249  -.004   2
 594 0261709   846 1045    200      6      0    .602    .66   1.43   .208   .694   .186   1.43   .182  -.003   1
 595 0261720  1150 1304    155      4      0    .588    .91   3.28   .584   .911   .207   1.52   .207  -.046   1
 596 0261730  1095 1549    455     17      4    .439    .24    .60   .101   .684   .287   2.15   .271   .005   3
 597 0261750  1370 1531    162      5      0    .521    .58   1.49   .223   .710   .230   1.71   .213   .010   1
 598 0262002  1491 1700    210      7      0    .773    .38   1.90   .327   .929   .276   1.68   .274   .005   1
 599 0262012  1697 1965    269      9      0    .654    .46   1.27   .202   .712   .260   1.87   .278   .019   1
 600 0262020  1827 1959    133      3      0    .553    .68   1.60   .317   .841   .210   1.69   .230   .004   1
 601 0AP0029  -5200 -5046    155      4      0    .458    .68   2.27   .469   .936   .205   1.56   .209   .021   1
 602 0AP0039  -5042 -4867    176      5      2    .399    .88   2.84   .601   .935   .175   1.50   .192   .058   1
 603 0TA0039  -265 -185     81      1      1    .346   1.25   3.41   .792   .869   .250   2.11   .251   .043   1
 604 0TA0089  -2410 -2293    118      3      0    .549   1.27   3.32   .631   .872   .203   1.92   .216   .014   1
 605 0TA0099   258  416    159      4      0    .622    .47   1.03   .182   .778   .205   1.75   .214  -.020   3
 606 0TA011X  -435 -178    258      8      0    .579    .51   1.27   .192   .776   .194   1.67   .205   .019   1
 607 0TA0129  -1479 -1315    165      5      0    .547    .78   2.31   .451   .907   .211   1.56   .202  -.024   3
 608 0TA0139   104  238    135      3      0    .615    .80   1.91   .360   .890   .174   1.63   .183  -.049   3
 609 0TA0149  -4686 -4544    143      4      0    .481    .58   2.66   .517   .929   .227   1.91   .254   .001   2
 610 0TA0159   -51  218    270      9      0    .560    .52   2.38   .329   .851   .203   1.99   .216   .032   1
 611 0TA0179   116  347    232      7      0    .604    .88   1.71   .326   .859   .179   1.56   .176   .004   2
 612 0TA0199  -512 -409    104      2      0    .454    .78   3.15   .541   .901   .175   1.73   .207   .060   1
 613 0TA0209   122  335    214      7      0    .553    .61   3.48   .465   .868   .186   1.75   .199   .058   1
 614 0TA0219   144  261    118      3      1    .412    .71   1.76   .360   .829   .185   1.47   .185   .111   2
 615 0TA0229   129  286    158      4      0    .608    .65   2.02   .328   .865   .184   1.62   .205   .021   1
 616 0TB0019   159  352    194      6      0    .751    .86   2.18   .460   .837   .249   1.99   .267  -.014   1
 617 0TB0029   397  496    100      2      0    .661   1.53   2.93   .471   .682   .208   1.47   .212   .055   1
 618 0TB0039   226  377    152      4      0    .668    .76   1.86   .394   .825   .218   1.55   .222   .028   2
 619 0TB0049   391  493    103      2      0    .698   1.05   2.71   .689   .919   .174   1.56   .180   .044   1
 620 0TB0059   169  456    288     10      0    .628    .73   1.75   .341   .854   .208   1.77   .198   .013   1
 621 0TB0069   188  380    193      6      0    .715    .58   1.78   .338   .845   .251   1.55   .230   .008   1
 622 0TB0089   925 1175    251      8      0    .673    .55   3.04   .455   .931   .220   1.63   .223  -.002   1
 623 0TB0099   990 1169    180      5      0    .579    .67   2.26   .492   .928   .224   1.80   .236   .006   1
 624 0TB0109   950 1159    210      6      0    .645    .95   2.90   .585   .886   .209   1.75   .218  -.003   1
 625 0TB0119    98  267    170      5      0    .666    .87   2.27   .512   .894   .236   1.80   .244  -.012   1
 626 0TB0129  1167 1301    135      4      0    .512    .68   1.42   .251   .596   .287   1.71   .274  -.007   1
 627 0TB0139   189  465    277      9      0    .669    .74   1.89   .369   .821   .250   1.83   .250   .001   2
 628 0TB0149   428  535    108      2      0    .722   1.00   2.37   .526   .870   .192   1.42   .183   .026   1
 629 0TB0159   170  385    216      7      0    .689    .60   2.55   .549   .913   .343   1.83   .310   .005   1
 630 0TB0169  1187 1308    122      3      0    .536    .90   1.79   .361   .787   .192   1.55   .198   .016   1
 631 0TB0189   700  881    182      5      0    .650    .59   1.82   .342   .906   .220   1.58   .212  -.004   2
 632 0TB0199   991 1100    110      3      0    .724    .94   2.12   .478   .887   .166   1.62   .178  -.051   1
 633 0TB0209   993 1142    150      4      0    .614    .82   2.43   .336   .748   .207   2.08   .241   .006   2
 634 0TB0219  1551 1665    115      2      0    .571    .64   2.06   .442   .953   .171   1.38   .177   .030   1
 635 0TB0229   957 1090    134      3      0    .689   1.02   2.35   .462   .877   .179   1.72   .190   .021   2
 636 0TB0239  1507 1578     72      1      0    .721    .85   2.19   .529   .873   .223   1.50   .226  -.015   1
 637 0TB0249  1583 1727    145      4      0    .722    .43    .94   .158   .676   .243   1.58   .237   .005   1
 638 0TB0269  1444 1623    180      5      0    .675    .63   1.34   .283   .617   .364   2.00   .335  -.006   2
 639 0TB0279   970 1172    203      6      0    .791    .66   2.11   .430   .923   .186   1.64   .189  -.031   1
 640 0TB0289   675  935    261      8      1    .657    .54   1.38   .312   .876   .283   1.63   .257   .002   3
 641 0TB0319  -1241 -1014    228      7      0    .638    .61   2.49   .372   .839   .245   2.10   .261  -.000   2
 642 0TB0329   341  477    137      4      0    .622    .78   2.44   .430   .886   .203   1.61   .225   .064   1
 643 0TB0339   571  846    276      9      0    .683    .44   1.33   .268   .871   .238   2.12   .243  -.002   1
 644 0TB0359   273  405    133      4      0    .669    .75   2.24   .404   .890   .167   1.52   .183   .037   2
 645 0TB0369   510  657    148      4      0    .628    .51   1.42   .270   .854   .180   1.43   .180  -.012   2
 646 0TB0379   453  710    258      8      0    .569    .30   1.05   .159   .761   .264   1.79   .270   .012   1
 647 0TB040Z   163  330    168      5      0    .562    .69   1.52   .287   .843   .181   1.65   .200  -.046   1
 648 0TB041Z   170  450    281     10      2    .589    .97   3.00   .615   .923   .177   1.60   .185   .008   2
 649 0TB043Z   436  556    121      3      0    .650    .81   1.73   .346   .782   .190   1.60   .213   .018   1
 650 0TB045Z  1006 1117    112      2      0    .690    .93   2.56   .469   .874   .199   1.57   .212  -.008   1
 651 0TB046Z   451  649    199      6      0    .646    .55   2.19   .338   .885   .188   1.53   .196   .035   1
 652 0TB047Z   460  834    375     13      0    .726    .47   1.51   .236   .805   .257   1.99   .255  -.003   3
 653 0TB048Z   512  891    380     13      0    .598    .47   1.66   .280   .864   .280   1.94   .274  -.030   1
 654 0TB049Z   386  697    312     10      0    .621    .46   2.07   .413   .914   .336   2.33   .326  -.005   1
 655 0TB050Z   200  294     95      1      0    .589   1.30   2.35   .349   .621   .198   1.38   .176   .011   1
 656 0TB052Z   335  573    239      7      0    .676    .81   2.11   .329   .847   .177   1.93   .192  -.025   1
 657 0TB053Z   459  660    202      6      0    .752    .67   2.27   .424   .905   .243   1.79   .243   .003   1
 658 0TB055Z   449  765    317     10      0    .711    .56   3.51   .422   .933   .192   1.49   .190   .002   2
 659 0TB056Z   662  916    255      8      0    .670    .71   2.07   .335   .777   .264   1.84   .245   .005   2
 660 0TB058Z  1035 1307    273      9      0    .687    .54   1.18   .243   .819   .204   1.84   .208  -.016   1
 661 0TB059Z  -951 -660    292      9      0    .615    .73   2.34   .416   .867   .261   1.90   .263  -.004   2
 662 0TB060Z   209  433    225      7      0    .655    .54   1.08   .199   .803   .181   1.69   .186  -.008   1
 663 0TB061Z  -2615 -2492    124      3      0    .559    .59   1.24   .217   .776   .174   1.48   .190   .055   1
 664 0TB062Z   727  876    150      4      0    .545    .70   2.07   .517   .922   .229   1.80   .224   .035   1
 665 0TB063Z   -18   76     95      2      0    .651    .84   1.70   .348   .824   .195   1.67   .213   .071   1
 666 0TB064Z   478  763    286      9      0    .616    .56   1.71   .242   .706   .243   1.78   .249  -.013   1
 667 0TB065Z   443  596    154      4      0    .747    .51   2.63   .520   .942   .241   1.71   .236  -.041   1
 668 0TB066Z   208  378    171      5      0    .709    .56   1.53   .300   .832   .211   1.70   .204   .013   1
 669 0TB069Z   183  365    183      5      0    .588    .38    .97   .170   .796   .235   1.67   .227  -.005   1
 670 0TB070Z   895 1109    215      7      0    .495    .36   1.12   .227   .888   .208   1.46   .205   .020   1
 671 0TB071Z   933 1149    217      7      1    .544    .89   2.97   .504   .881   .198   1.61   .219   .048   1
 672 0TB073Z  1323 1469    147      4      0    .611    .65   1.69   .347   .829   .243   1.67   .249   .101   1
 673 0TB075Z  -3330 -3196    135      4      0    .633    .93   3.30   .852   .960   .228   1.85   .238   .016   1
 674 0TB076Z  -2495 -2234    262      8      1    .476    .55   1.20   .206   .766   .218   1.50   .208  -.001   2
 675 0TB077Z  -1168 -966    203      6      0    .512    .49   2.22   .449   .965   .192   1.60   .188   .013   1
 676 0TB080Z   107  362    256      8      1    .526    .36   1.53   .217   .852   .247   2.18   .262   .014   1
 677 0TB081Z   212  285     74      1      0    .791   1.51   2.79   .492   .776   .175   1.54   .174   .024   1
 678 0TB082Z  -2376 -2165    212      6      1    .425    .28   1.41   .174   .752   .243   2.03   .238  -.014   2
 679 0TB084Z   265  415    151      4      0    .467    .37    .91   .183   .859   .228   1.60   .225  -.014   3
 680 0TB085Z   660  783    124      3      0    .549    .57   1.55   .329   .803   .349   2.08   .336  -.012   2
 681 0TB086Z  -4452 -4178    275      9      0    .426    .93   1.87   .291   .732   .187   1.80   .194   .014   1
 682 0TB087Z  -4404 -4198    207      7      1    .524    .83   2.44   .438   .930   .147   1.52   .158  -.001   2
 683 0TB089Z  -2575 -2370    206      6      0    .535    .55   1.57   .313   .842   .256   1.44   .213  -.002   2
 684 0TB091Z    27  116     90      1      0    .569   1.14   2.12   .431   .880   .139   1.41   .143   .067   3
 685 0TB093Z   415  492     78      1      0    .521    .67   1.49   .361   .831   .239   1.47   .210   .101   3
 686 0TB094Z  -4034 -3819    216      7      0    .492    .58   1.70   .331   .910   .179   1.46   .178   .041   1
 687 0TB097A  1342 1527    186      6      3    .397    .74   2.53   .417   .797   .257   2.08   .289  -.010   2
 688 0TB102Z  -4377 -4099    279     10      3    .393    .60   1.71   .316   .788   .287   1.84   .303   .035   1
 689 0TB103Z  -4157 -4063     95      2      0    .527   1.11   2.74   .504   .907   .160   1.43   .172   .090   1
 690 0TB109Z  -4154 -4035    120      3      0    .451    .90   2.61   .431   .901   .161   1.44   .168   .002   2
 691 0TB111Z  -4425 -4208    218      6      1    .488   1.34   4.71   .946   .937   .171   1.54   .171   .021   1
 692 0TB112Z   176  466    291      9      0    .657    .75   3.30   .507   .895   .242   1.71   .240  -.014   1
 693 0TB113Z  1471 1680    210      7      1    .498    .35   1.28   .247   .894   .283   1.66   .273  -.013   2
 694 0TB114Z   993 1193    201      6      0    .685   1.27   3.30   .506   .823   .176   1.50   .179  -.021   1
 695 0TB116Z   445  698    254      8      0    .775    .52   2.43   .441   .941   .229   1.63   .227  -.030   3
 696 0TB119Z     7   50     44      0      0    .604   1.54   2.48   .564   .853   .185   1.43   .202   .420   1
 697 0TB120Z  -957 -796    162      5      1    .556    .56   1.35   .241   .777   .239   1.73   .245   .064   1
 698 0TB121Z   456  738    283      9      0    .728    .53   1.81   .310   .855   .276   1.92   .283   .000   1
 699 0TB122A   748  942    195      6      0    .390   1.06   2.92   .475   .782   .223   2.04   .228   .015   1
 700 0TB123Z  1188 1438    251      8      0    .652    .50   1.56   .306   .872   .234   2.01   .258  -.005   1
 701 0TB127Z   -13  215    229      7      0    .570    .51   1.98   .371   .946   .190   1.62   .190   .029   3
 702 0TB128Z   439  714    276      9      0    .670    .56   2.25   .332   .913   .208   1.78   .217   .030   1
 703 0TB130Z   485  659    175      5      0    .728    .40   1.51   .312   .947   .223   1.68   .227   .007   1
 704 0TB131Z  -305 -217     89      2      0    .472   1.72   2.86   .519   .809   .160   1.32   .168   .059   1
 705 0TB133X   182  444    263      8      0    .653    .51   2.10   .274   .811   .215   1.95   .239  -.013   1
 706 0TB134X   200  465    266      8      0    .622    .70   2.04   .375   .860   .231   1.71   .240  -.003   3
 707 0TB135X   184  331    148      4      0    .711    .61   1.67   .242   .790   .205   1.64   .207  -.003   1
 708 0TB136A   465  620    156      4      0    .666    .69   1.26   .232   .637   .234   1.69   .246   .029   1
 709 0TB137A   401  501    101      2      0    .567    .93   2.34   .492   .832   .253   1.76   .271   .051   1
 710 0TB138A   709  868    160      4      0    .619    .44   1.34   .284   .882   .290   1.87   .281  -.033   1
 711 0TB139X   205  492    288      9      0    .599    .51   1.06   .212   .815   .190   1.97   .199  -.001   1
 712 0TB140Z  -1419 -1070    350     12      1    .525    .39    .92   .132   .842   .151   1.46   .150  -.013   1
 713 0TB141A   873  983    111      3      0    .487    .80   2.08   .359   .790   .240   1.64   .248   .068   1
 714 0TB142X   758 1014    257      8      0    .738    .57   2.18   .340   .887   .187   1.47   .189  -.025   1
 715 0TB143A  1075 1142     68      0      0    .625    .96   1.85   .410   .854   .197   1.52   .193   .004   1
 716 0TB144X  1055 1168    114      2      0    .659    .95   2.86   .603   .942   .138   1.40   .165  -.028   1
 717 0TB145a   182  287    106      2      0    .770   1.17   2.22   .426   .762   .210   1.71   .208   .009   1
 718 0TB146X  1492 1580     89      2      0    .560    .63   1.67   .345   .858   .225   1.51   .217   .027   1
 719 0TB147A   164  390    227      7      1    .495   1.10   3.10   .555   .881   .175   1.57   .196   .032   1
 720 0TB148X   406  487     82      1      0    .562    .98   2.62   .511   .854   .210   1.55   .222   .039   2
 721 0TB150X   621  685     65      1      0    .695    .88   1.79   .381   .862   .199   1.63   .189   .075   0
 722 0TB153X   404  598    195      5      0    .582    .58   1.34   .245   .771   .237   1.77   .242   .011   1
 723 0TB154X   128  295    168      4      0    .742    .73   2.29   .462   .888   .224   1.74   .238  -.009   1
 724 0TB155a    61  222    162      4      0    .546   1.22   2.54   .416   .849   .148   1.49   .146   .012   2
 725 0TB156X   441  541    101      2      0    .679    .71   1.67   .350   .876   .216   1.61   .206   .125   0
 726 0TB158X   224  344    121      2      0    .592    .56   1.29   .224   .785   .205   1.33   .176   .037   3
 727 0TB161X   196  447    252      8      0    .612    .62   1.57   .281   .803   .220   1.83   .226  -.020   1
 728 0TB239X  1434 1579    146      4      0    .736    .76   2.17   .396   .850   .211   1.50   .203   .015   1
 729 0TD0029   -39   81    121      3      0    .523    .97   2.50   .586   .905   .187   1.77   .187   .102   1
 730 0TD0050   443  529     87      2      0    .674   1.87   3.55   .563   .768   .157   1.33   .143   .001   2
 731 0TD0060   453  736    284      9      0    .671    .61   1.77   .277   .753   .253   2.09   .257   .027   1
 732 0TD0089   487  577     91      2      0    .568    .91   3.45   .429   .548   .209   1.52   .230   .218   1
 733 0TE0019  -260 -125    136      4      0    .662    .82   2.43   .423   .882   .226   1.48   .220   .009   1
 734 0TE0039   436  621    186      5      0    .731    .91   3.70   .738   .930   .255   1.85   .254  -.014   2
 735 0TE0049  -250 -151    100      2      0    .534   1.09   2.67   .442   .777   .240   1.64   .238  -.024   1
 736 0TE0059  -3823 -3632    192      5      0    .434    .78   3.92   .852   .952   .252   1.95   .248   .003   1
 737 0TE0069  -1069 -885    185      5      0    .662   1.18   5.16   .967   .918   .225   1.49   .211  -.015   2
 738 0TE0079  1505 1717    213      6      0    .678    .51   2.53   .434   .902   .247   1.79   .241   .020   3
 739 0TE0089   -38  209    248      8      0    .588   1.17   3.17   .531   .854   .168   1.78   .176   .039   3
 740 0TE0099  -3340 -3187    154      4      0    .528    .59   2.38   .444   .939   .162   1.59   .179  -.008   2
 741 0TE0109     5  184    180      5      0    .625    .47   1.44   .246   .886   .179   1.42   .174  -.030   3
 742 0TE0159  -903 -659    245      8      0    .554    .61   2.00   .394   .902   .286   1.97   .280  -.029   1
 743 0TE0179  -496 -403     94      1      0    .570    .71   1.21   .229   .665   .222   1.68   .229   .004   3
 744 0TE0199  1824 1898     75      1      0    .573    .76   1.59   .323   .559   .328   1.89   .326   .045   1
 745 0TE0209  1819 1902     84      2      0    .460    .60   1.23   .274   .565   .344   1.69   .354   .069   1
 746 0TE0219  1811 1901     91      2      0    .686    .64   1.37   .270   .720   .274   1.70   .252   .033   2
 747 0TE0229  1515 1613     99      2      0    .647    .67   1.35   .289   .775   .237   1.78   .247   .022   1
 748 0TE0239  1563 1702    140      4      0    .622    .50   1.23   .209   .818   .202   1.56   .215   .022   1
 749 0TE0269   477  621    145      3      0    .745    .80   2.59   .577   .900   .226   1.77   .230   .039   2
 750 0TE0279   462  558     97      2      0    .654   1.17   2.79   .578   .808   .247   2.29   .300   .113   1
 751 0TE0289   682  774     93      2      0    .695   1.17   2.40   .438   .788   .209   1.60   .199   .004   1
 752 0TE0299  -3505 -3352    154      4      1    .371    .74   1.67   .381   .862   .225   1.57   .213   .022   3
 753 0TE0309   681  985    305     10      0    .599    .39   1.84   .333   .921   .302   1.78   .293  -.003   2
 754 0TE0329   671  974    304     11      0    .685    .45   2.30   .432   .923   .298   1.89   .293  -.004   2
 755 0TE0349  -556 -437    120      3      0    .422    .93   2.59   .525   .879   .237   1.73   .233  -.010   1
 756 0TE0359   646  795    150      4      0    .628    .62   1.15   .239   .670   .253   1.61   .253   .027   1
 757 0TE0369  -1212 -1055    158      4      0    .600    .93   2.11   .455   .879   .191   1.87   .211   .015   1
 758 0TE0379   820  983    164      5      0    .618    .56   1.55   .309   .848   .269   1.65   .260   .010   2
 759 0TE0409  -821 -751     71      1      0    .753   1.37   2.34   .418   .676   .198   1.56   .210   .069   1
 760 0TE0429  -1040 -973     68      1      0    .678   1.08   2.05   .383   .685   .231   1.59   .220  -.028   1
 761 0TE0449   427  523     97      1      0    .500   1.26   2.93   .649   .888   .167   1.44   .171   .088   1
 762 0TE0459  -1031 -687    345     12      0    .655    .40   1.79   .328   .922   .298   1.83   .275   .009   1
 763 0TE0469  -1505 -1369    137      4      0    .658    .97   1.96   .359   .608   .250   2.00   .267   .025   1
 764 0TE0479  -1076 -924    153      5      0    .621    .82   2.69   .599   .893   .254   1.93   .257  -.013   1
 765 0TE0519   667  787    121      3      0    .578    .92   1.60   .282   .574   .215   1.52   .222  -.004   2
 766 0TE0529  -1207 -1055    153      4      0    .595   1.11   2.71   .615   .916   .202   1.67   .208  -.003   1
 767 0TE0539  -1596 -1280    317     10      0    .591    .40   2.04   .259   .898   .209   1.54   .197   .017   1
 768 0TE0549  -3273 -3141    133      3      0    .552   1.07   2.68   .587   .895   .221   1.62   .210   .013   2
 769 0TE0559  -3139 -3040    100      2      0    .502    .69   1.29   .249   .798   .194   1.52   .208   .027   1
 770 0TE0579    76  238    163      4      0    .668    .60   1.98   .434   .918   .235   1.80   .238   .020   1
 771 0TE0589  -4861 -4765     97      2      1    .341    .84   1.59   .327   .751   .214   1.86   .235   .063   1
 772 0TE0619   488  695    208      6      0    .573    .48   1.34   .196   .684   .244   1.85   .242   .015   1
 773 0TE0649  -1788 -1687    102      2      1    .291   1.14   1.90   .414   .749   .243   1.61   .208  -.113   0
 774 0TE0669  -970 -904     67      0      0    .613   1.22   2.04   .334   .734   .176   1.32   .169   .067   1
 775 0TE0689    57  258    202      6      0    .651    .90   2.63   .583   .876   .283   1.90   .279  -.017   1
 776 0TE0699    42  302    261      9      0    .575    .72   2.05   .427   .865   .233   1.78   .238  -.005   1
 777 0TE070Z  -820 -471    350     12      0    .656    .60   1.73   .303   .807   .269   1.81   .265  -.010   1
 778 0TE0719  1002 1161    160      4      0    .664    .85   2.38   .552   .885   .269   1.70   .266   .018   2
 779 0TE0729  -2636 -2504    133      3      0    .478   1.02   2.61   .515   .875   .228   1.58   .216   .000   1
 780 0TE0739   665  754     90      2      0    .637   1.16   2.55   .416   .744   .189   1.57   .183   .092   0
 781 0TE075Z  -599 -504     96      1      0    .528   1.28   2.04   .295   .472   .191   1.57   .192   .052   1
 782 0TE0769   697  878    182      6      0    .700    .59   1.43   .322   .891   .225   1.65   .229  -.031   1
 783 0TE0779  -2333 -2125    209      7      0    .548    .93   2.24   .423   .896   .175   1.59   .168   .032   1
 784 0TE0799   224  409    186      6      0    .603   1.01   2.16   .491   .844   .224   1.83   .230  -.015   1
 785 0TE0809   443  646    204      6      0    .739    .82   2.97   .652   .931   .213   1.81   .232   .030   1
 786 0TE0829    47  162    116      3      0    .662   1.48   3.36   .721   .901   .156   1.49   .163  -.002   1
 787 0TE0839  -2018 -1803    216      6      0    .545    .76   3.42   .558   .915   .204   1.58   .205  -.024   1
 788 0TE0859   465  626    162      5      0    .653    .65   2.38   .483   .894   .229   1.48   .208   .008   2
 789 0TE0869   453  770    318     10      0    .575    .49   1.78   .277   .842   .257   1.83   .257  -.009   3
 790 0TE0879  -241   49    291     10      0    .620    .70   3.44   .669   .949   .207   1.70   .220   .046   1
 791 0TE0909  -1333 -1151    183      6      0    .556    .70   1.58   .305   .856   .220   1.73   .215  -.033   1
 792 0TE0919  -801 -583    219      7      0    .610    .61   2.03   .302   .851   .214   1.71   .221   .013   1
 793 0TE0929  -1907 -1769    139      4      2    .556    .58   1.09   .205   .776   .195   1.42   .194  -.048   3
 794 0TE0939   735  834    100      2      0    .457    .29    .58   .118   .728   .268   1.54   .261   .039   1
 795 0TE0949  -3796 -3688    109      2      0    .652   1.04   2.49   .592   .937   .185   1.58   .194   .014   1
 796 0TE0959   130  235    106      2      0    .612   1.20   2.41   .484   .770   .227   1.80   .237  -.004   1
 797 0TE0969  -166   83    250      8      2    .458    .36   1.32   .276   .908   .296   1.78   .282  -.014   2
 798 0TE0989   681  795    115      2      0    .535    .33    .93   .151   .777   .206   1.63   .197  -.012   1
 799 0TE0999  -1427 -1213    215      7      0    .549    .69   3.14   .361   .915   .146   1.39   .151   .061   1
 800 0TE1009  -2412 -2278    135      3      0    .538    .60   1.53   .282   .835   .188   1.39   .185   .004   3
 801 0TE1019  -2335 -2036    300     10      1    .419    .35    .86   .126   .808   .163   1.62   .163  -.062   3
 802 0TE1029  -2363 -2119    245      8      1    .390    .51   2.42   .441   .949   .157   1.43   .155  -.000   1
 803 0TE1039  -446 -309    138      3      0    .518    .75   3.01   .687   .945   .278   1.78   .246  -.004   3
 804 0TE1049   199  315    117      3      0    .731    .72   1.55   .301   .858   .206   1.41   .197   .011   1
 805 0TE1059   374  543    170      5      0    .661   1.08   2.45   .405   .796   .185   1.59   .195   .025   1
 806 0TN0019  1806 1993    188      5      0    .753    .97   2.53   .395   .774   .203   1.51   .194  -.001   3
 807 0TN0029  1804 1993    190      5      0    .639    .84   2.26   .350   .820   .196   1.60   .198  -.007   2
 808 0TN0039  1838 1993    156      4      0    .754    .76   2.07   .335   .830   .200   1.50   .195  -.006   2
 809 0TN0049  1833 1994    162      4      0    .508    .69  10.00   .764   .264   .226   3.51   .316   .122   1
 810 0TN0059  1835 1994    160      4      0    .450   1.37  10.00   .822   .282   .219   3.56   .308   .072   1
 811 0TN0069  1801 1994    194      5      0    .498   1.17  10.00   .721   .304   .209   3.26   .275   .114   1
 812 0TN0079  1799 1993    195      6      0    .700    .95   2.98   .397   .808   .192   1.73   .190  -.017   1
 813 0TN0089  1807 1994    188      5      0    .425    .97  10.00   .844   .454   .222   4.21   .348   .182   2
 814 0TN0099  1783 1994    212      6      0    .462   1.09  10.00   .775   .418   .206   3.89   .305   .109   1
 815 0TN0109  1801 1993    193      5      0    .803    .89   1.90   .304   .709   .211   1.50   .202   .029   1
 816 0TN0119  1812 1994    183      5      0    .332    .74  10.00   .878   .545   .217   4.34   .395   .167   2
 817 0TN0129  1826 1994    169      4      0    .368   1.29  10.00   .828   .410   .192   3.31   .284   .137   1
 818 0TN0139  1820 1994    175      5      0    .446   1.20  10.00   .780   .308   .192   3.51   .291   .123   1
 819 0TN0149  1817 1978    162      5      0    .631    .68   2.27   .425   .938   .161   1.64   .173   .075   3
 820 0TN0170  1850 1993    144      3      0    .669   1.11   2.65   .422   .649   .246   1.96   .260   .063   1
 821 0TN0189  1596 1994    399     14      0    .601    .61  10.00   .529   .442   .214   3.61   .254   .089   1
 822 0TN0199  1833 1993    161      4      0    .796   1.27   2.76   .417   .745   .189   1.72   .192  -.015   2
 823 0TN0209  1658 1994    337     11      0    .569    .74  10.00   .593   .360   .222   3.97   .286   .103   1
 824 0TN0239  1680 1993    314     10      0    .790    .74   2.12   .326   .848   .194   1.53   .192  -.009   1
 825 0TN0249  1652 1994    343     11      0    .476    .43  10.00   .547   .256   .186   4.29   .287   .120   3
 826 0TN0889  1800 1993    194      5      0    .740    .61   1.92   .376   .862   .244   1.98   .246   .025   1
 827 0TN1069  1433 1550    118      3      0    .715   1.01   2.37   .449   .852   .206   1.46   .213   .001   1
 828 0TN1089  1434 1539    106      2      0    .704   1.17   2.80   .601   .853   .198   1.56   .202   .013   2
 829 0TN1099  1790 1966    177      5      0    .694    .83   2.72   .515   .866   .251   1.90   .264  -.003   2
 830 0TN1109  1790 1928    139      4      0    .647    .84   2.81   .517   .849   .274   1.77   .263   .048   3
 831 0TN1149  1471 1771    301     10      0    .680    .60   2.06   .413   .951   .175   1.57   .191   .046   1
 832 A31001Z   620  777    158      5      0    .659    .63   1.49   .272   .720   .267   2.01   .292   .105   1
 833 A31003Z   611  746    136      3      0    .660    .84   2.34   .403   .754   .246   1.98   .260   .035   1
 834 A31007Z  -2610 -2474    137      4      0    .520   1.06   2.48   .504   .858   .214   1.79   .210   .016   3
 835 A31010Z  -3261 -3152    110      2      0    .552    .55   2.27   .402   .922   .201   1.49   .211  -.005   2
 836 A31012A  -2725 -2503    223      6      0    .542    .41   1.12   .239   .896   .225   1.91   .240  -.008   1
 837 A31013Z   516  759    244      8      0    .568    .57   1.36   .287   .801   .256   2.05   .266  -.006   3
 838 A31014A  -1822 -1689    134      3      0    .509    .94   1.65   .279   .719   .182   1.51   .179   .021   1
 839 A31016A  -805 -565    241      8      1    .457    .39    .81   .145   .785   .189   1.73   .203   .023   1
 840 A31019A  -2727 -2565    163      5      0    .714    .66   1.49   .258   .726   .230   1.68   .231  -.035   1
 841 A31020Z   621  864    244      8      0    .668    .61   1.56   .286   .842   .233   1.78   .229   .004   1
 842 A31022Z  -760 -583    178      5      0    .616    .44   1.14   .218   .896   .174   1.54   .186   .056   1
 843 A31033Z  -2587 -2292    296     10      0    .583    .41    .71   .125   .834   .136   1.60   .140  -.030   3
 844 A31035Z  -4084 -3905    180      5      1    .413    .42   2.00   .340   .951   .161   1.45   .172  -.004   3
 845 A31037A  -2748 -2529    220      6      0    .692    .55   1.10   .233   .681   .314   1.74   .279   .003   1
 846 A31040Z   926 1061    136      3      0    .572   1.00   2.34   .456   .910   .160   1.48   .165   .057   1
 847 A31041A   340  565    226      7      2    .523    .71   2.28   .421   .918   .210   1.66   .226  -.030   1
 848 A31042Z   658  800    143      4      0    .595    .81   1.66   .303   .801   .198   1.68   .209   .013   3
 849 BC0001Z  1814 1998    185      5      0    .543    .82  10.00   .809   .383   .253   3.96   .360   .103   1
 850 BC0002Z  1890 1998    109      2      0    .395   1.13  10.00   .990   .425   .189   3.47   .328   .148   1
 851 BC0004Z  1808 1997    190      5      0    .634    .98   2.31   .449   .798   .227   1.80   .247   .046   2
 852 BC0005Z  1783 1998    216      6      0    .493    .82  10.00   .687   .327   .206   3.45   .283   .125   1
 853 BC0006Z  1796 1997    202      6      0    .786    .72   1.52   .281   .715   .224   1.56   .232  -.032   1
 854 BC0007Z  1820 1998    179      5      0    .517   1.19  10.00   .750   .262   .192   3.46   .283   .110   1
 855 BC0011Z  1807 1998    192      5      0    .521   1.01  10.00   .734   .253   .213   3.69   .307   .123   1
 856 BC0012Z  1970 1997     28      0      0    .471   1.32   1.95   .390   .682   .194   1.46   .191   .008   2
 857 BC0013Z  1953 1997     45      0      0    .558   1.47   2.30   .631   .888   .173   1.57   .235  -.034   2
 858 BC0014Z  1947 1997     51      0      0    .285   1.19   2.01   .422   .837   .188   1.34   .189  -.057   1
 859 BC0016Z  1799 1998    200      6      0    .519    .90  10.00   .737   .321   .228   3.85   .320   .147   1
 860 BC0017Z  1794 1997    204      6      0    .632    .65   1.94   .343   .773   .245   1.64   .253   .018   3
 861 BC0018Z  1786 1998    213      6      0    .497    .67  10.00   .723   .341   .244   4.12   .324   .098   3
 862 BC0020Z  1797 1997    201      6      0    .708    .85   2.43   .403   .776   .227   1.90   .229   .006   3
 863 BC0021Z  1787 1997    211      6      0    .749    .74   1.80   .341   .818   .222   1.59   .218   .000   3
 864 BC0022Z  1793 1998    206      6      0    .443    .72  10.00   .726   .292   .206   4.31   .334   .145   2
 865 BC0025Z  1775 1997    223      6      0    .616    .85   2.25   .348   .770   .205   1.71   .205  -.010   2
 866 BC0026Z  1901 1997     97      1      0    .501    .97   1.86   .398   .829   .189   1.75   .200   .144   1
 867 BC0028Z  1810 1997    188      5      0    .689    .90   2.19   .283   .719   .183   1.60   .181   .027   2
 868 BC0029Z  1792 1998    207      6      0    .406    .98  10.00   .694   .331   .202   3.24   .275   .066   1
 869 BC0030Z  1958 1998     41      0      0    .270   1.38  10.00  1.410   .050   .253   3.09   .449   .147   0
 870 BC0032Z  1951 1998     48      0      0    .256   2.11  10.00  1.274   .338   .173   2.39   .281  -.053   0
 871 BC0037Z  1794 1997    204      6      0    .587    .74   2.22   .301   .671   .251   2.21   .265  -.005   1
 872 BC0041Z  1825 1998    174      4      0    .463   1.12  10.00   .786   .415   .171   3.27   .259   .090   1
 873 BC0042Z  1804 1997    194      5      0    .732    .83   2.30   .387   .826   .219   1.92   .224   .036   3
 874 BC0043Z  1794 1998    205      6      0    .549   1.02  10.00   .760   .403   .233   3.72   .313   .120   1
 875 BC0045Z  1794 1998    205      6      0    .475   1.01  10.00   .770   .466   .184   3.46   .271   .137   1
 876 BC0046Z  1791 1997    207      6      0    .688    .89   1.62   .267   .696   .188   1.75   .197   .015   1
 877 BC0047Z  1830 1998    169      4      0    .424   1.17  10.00   .780   .288   .161   3.72   .294   .149   1
 878 BC0048Z  1828 1997    170      4      0    .576    .71   1.62   .335   .855   .207   1.63   .213   .010   2
 879 BC0049Z  1795 1997    203      6      0    .658    .77   1.45   .271   .807   .173   1.61   .183   .022   1
 880 SLVA02X  -362  -40    323     11      2    .461    .54   1.93   .301   .925   .162   1.53   .163   .017   1
 881 TORN001  1964 2000     37      0      0    .255   1.46   2.01   .278   .707   .112   1.34   .122   .024   1
 882 TORN002  1957 2002     46      0      0    .240   1.90   2.84   .418   .662   .137   1.39   .148   .051   1
 883 TORN003  1959 2003     45      0      0    .475   1.57  10.00  1.312   .295   .145   2.74   .338   .174   0
 884 TORN004  1955 2003     49      0      0    .495   1.95  10.00  1.257   .242   .156   2.80   .353   .275   0
 885 TORN005  1965 2003     39      0      0    .505   2.11  10.00  1.328   .335   .156   2.54   .321   .195   0
 886 TORN006  1961 2003     43      0      0    .442   1.61  10.00  1.334   .093   .193   3.01   .402   .166   0
 887 TORN007  1946 2002     57      1      0    .485   1.86   3.34   .547   .852   .114   1.32   .123   .082   1
 888 TORN008  1966 2003     38      0      0    .469   2.48  10.00  1.324   .321   .153   2.52   .321   .226   0
 889 TORN009  1963 2003     41      0      0    .510   2.23  10.00  1.304   .299   .140   2.67   .334   .247   0
 890 TORN010  1948 2002     55      1      0    .442   1.86   3.14   .582   .776   .175   1.33   .180   .093   1
 891 TORN011  1962 2003     42      0      0    .455   2.38  10.00  1.318   .141   .158   2.75   .350   .135   0
 892 TORN012  1962 2002     41      0      0    .361   2.66   3.51   .362   .251   .132   1.25   .124   .118   0
 893 TORN013  1949 2002     54      1      0    .475   1.79   3.15   .437   .747   .127   1.38   .122   .139   0
 894 TORN014  1938 2002     65      1      1    .287   1.27   2.92   .670   .906   .157   1.53   .182   .075   1
 895 TORN051  1749 2003    255      8      0    .788    .73   3.25   .584   .926   .218   1.65   .221   .017   2
 896 TORN052  1799 2003    205      7      0    .746    .78   2.34   .390   .895   .171   1.39   .179  -.010   1
 897 TORN053  1792 2003    212      7      0    .777    .85   2.86   .473   .849   .193   1.68   .187   .009   1
 898 TORN054  1779 2003    225      7      0    .798    .86   2.07   .307   .718   .209   1.75   .221   .014   1
 899 TORN055  1787 2004    218      7      0    .449   1.04  10.00   .785   .544   .199   3.59   .277   .152   1
 900 TORN061  1955 2002     48      0      0    .432   1.74   3.01   .516   .825   .134   1.35   .142   .082   1
 901 TORN062  1952 2002     51      0      0    .492   1.30   2.05   .259   .703   .113   1.32   .121   .072   1
 902 TORN063  1954 2002     49      0      0    .352   1.32   1.76   .214   .604   .111   1.24   .114   .018   1
 903 TORN064  1954 2002     49      0      0    .404   1.23   1.75   .198   .324   .131   1.29   .125   .018   3
 904 TORN065  1952 2002     51      0      0    .368   1.27   1.95   .280   .675   .124   1.39   .147   .068   2
 905 TORN101  1772 2004    233      8      0    .692    .68   1.95   .320   .867   .184   1.48   .193   .001   2
 906 TORN201  1787 2005    219      7      0    .457   1.09  10.00   .801   .558   .171   3.52   .260   .131   1
 907 TORN202  1827 2004    178      5      0    .750   1.11   3.93   .486   .821   .187   1.54   .194   .006   3
 908 TORN203  1824 2004    181      6      0    .726   1.04   1.97   .273   .604   .184   1.58   .190   .002   1
 909 TORN204  1829 2004    176      5      0    .770   1.03   2.15   .289   .623   .184   1.47   .174   .015   3
 910 TORN205  1800 2004    205      6      0    .728    .73   1.64   .279   .795   .194   1.44   .194   .046   1
 911 TORN206  1804 2005    202      6      0    .472    .88  10.00   .719   .328   .188   3.43   .273   .086   1
 912 TORN207  1911 2004     94      2      0    .618   1.70   3.28   .524   .665   .184   1.56   .177   .143   0
 913 TORN208  1788 2005    218      7      0    .413    .80  10.00   .805   .545   .197   3.92   .299   .137   2
 914 TORN209  1793 2004    212      7      0    .794    .90   1.69   .308   .730   .205   1.53   .207  -.031   1
 915 TORN210  1796 2004    209      7      0    .725   1.05   2.26   .419   .781   .218   1.65   .228   .019   1
 916 TORN221  1802 2006    205      6      0    .621    .77  10.00   .699   .297   .200   3.40   .274   .126   1
 917 TORN222  1829 2005    177      5      0    .627   1.00   2.20   .348   .791   .184   1.72   .190   .009   2
 918 TORN223  1817 2005    189      6      0    .674   1.02   2.77   .498   .867   .171   1.72   .190   .008   2
 919 TORN225  1792 2006    215      7      0    .595    .73  10.00   .777   .482   .231   3.74   .326   .077   1
 920 TORN227  1946 2006     61      1      1    .393   1.71  10.00  1.223   .202   .197   3.48   .437   .243   0
 921 TORN229  1825 2005    181      5      0    .733    .95   2.01   .364   .729   .234   1.71   .239   .008   2
 922 TORN230  1828 2006    179      5      0    .640    .93  10.00   .782   .395   .262   3.11   .305   .092   1
 923 TORN231  1928 2005     78      1      0    .539   1.59   2.59   .368   .591   .165   1.33   .154   .138   0
 924 TORN232  1832 2005    174      5      0    .636    .98   1.78   .345   .834   .171   1.73   .192   .031   1
 925 TORN234  1925 2005     81      1      0    .420   1.36   2.63   .402   .821   .140   1.35   .146   .043   1
 926 TORN235  1943 2005     63      1      1    .369   1.71   2.80   .400   .727   .134   1.27   .115  -.010   3
 927 TORN236  1826 2006    181      5      0    .466    .98  10.00   .779   .404   .236   3.17   .311   .130   1
 928 TORN237  1809 2005    197      6      0    .699    .79   1.79   .367   .816   .214   1.86   .245   .000   2
 929 TORN238  1809 2006    198      6      0    .589    .83  10.00   .747   .290   .241   3.93   .343   .112   1
 930 TORN239  1827 2006    180      5      0    .502    .82  10.00   .779   .348   .259   3.43   .345   .109   1
 931 TORN240  1953 2005     53      0      0    .380   2.18   4.30   .614   .649   .160   1.57   .187  -.104   1
 932 TORN241  1949 2009     61      1      0    .767   2.07  10.00  1.263   .399   .214   2.83   .340   .160   1
 933 TORN242  1848 2009    162      5      0    .720    .88  10.00   .853   .488   .259   3.37   .345   .156   1
 934 TORN243  1833 2009    177      5      0    .829    .93  10.00   .745   .289   .181   3.46   .277   .162   1
 935 TORN244  1808 2009    202      6      0    .724    .84   9.98   .733   .322   .249   3.90   .343   .177   1
 936 TORN245  1836 2009    174      5      1    .795   1.02  10.00   .751   .190   .198   3.53   .293   .108   1
 937 TORN246  1915 2009     95      2      1    .731   1.09  10.00   .989   .141   .196   3.61   .368   .149   1
 938 TORN247  1946 2009     64      1      0    .793   2.12  10.00  1.134   .234   .172   2.74   .315   .230   0
 939 TORN248  1854 2009    156      4      1    .650    .51   9.98   .783   .121   .236   4.11   .397   .140   1
 940 TORN250  1831 2009    179      5      0    .747    .64   9.98   .783   .326   .298   3.81   .385   .106   1
 941 TORN251  1973 2010     38      0      0    .149   1.99   3.65   .669   .708   .220   1.40   .205   .143   0
 942 TORN252  1947 2010     64      1      0    .235   1.65   3.42   .586   .750   .163   1.58   .196  -.019   1
 943 TORN253  1947 2010     64      1      1    .238   1.33   2.99   .506   .864   .156   1.43   .170   .062   1
 944 TORN254  1941 2010     70      1      0    .184   1.69   3.18   .522   .811   .153   1.33   .143   .149   0
 945 TORN258  1950 2010     61      0      0    .123   2.09   3.64   .557   .574   .174   1.61   .199  -.005   2
 --- -------- ---------  -----  -----  -----   ------ -----  -----  -----  -----  -----  -----  -----  -----  --
 Total or mean:         171574   4968    171    .590    .71  10.00   .380   .793   .221   4.40   .229   .017

 DATA CHECKS (rwl.check): swed334
-----------------------------------------------------------------------------------------------------------------------------------
 rwl.check: data_files/treering/measurements/europe/swed334.rwl
 945 series, 171574 measurements, -5407-2010, 0.01 mm precision
 1 error(s), 0 warning(s), 22 note(s)
 -------------
 ERROR
   RWL_DATING_LAG (1)
     0TE0589: correlates best with the master at lag 4 (r = 0.383 against r = 0.21 as dated); the series may be misdated by 4 year(s), most likely a false ring or a ring measured twice
 22 note(s) not shown; see rwl.check() or the 'check' element of this report.

 NOTES
-----------------------------------------------------------------------------------------------------------------------------------
 Report generated using dplR 1.8.1 (R 4.5.2) on 2026-10-01 16:55 PDT.
 Measurement file swed334.rwl, MD5 0ba270f5c7e180bd776ea26037cdaa8e.
 Filtering: each series divided by a 32-year smoothing spline (caps()), then prewhitened with
   an AR model (order by AIC, at most 3).
 Master: biweight robust mean of the other series (leave-one-out).
 Correlation: Pearson, one-tailed, pcrit = 0.01; critical r = 0.3281 for 50-year segments.
 Segments: 50 years, lagged 25, first segment floored to 100. Lags searched: +/- 10 years.
 A segment is tested only where the series and the master cover all of it, at the dated
   position and at every lag. COFECHA also tests partial segments at the ends of a series, so
   series here may show fewer segments, and no flags can be raised at the ends of the record.
 Lags follow COFECHA: negative means rings are probably missing from the series, positive means
   false rings. A missing ring carries its lag into every segment before it, so look where the
   lag changes along a series. A B flag is a hypothesis to check on the wood; the gain says how
   seriously to take it.
 A B flag marked "weak at every lag" correlates under the critical value even at its best lag:
   the segment is weak wherever it is placed, and the shift is not evidence of a dating error.
   Treat it as a low correlation, like an A.
 Averages in the summary and the totals are weighted by the number of years in each series, as
   COFECHA's are.
 Unfiltered block and mean sensitivity: the measurements as read, and sens1().
 dplR filtered block: the series that was correlated, after filtering. COFECHA's filtered
   series is defined differently, so these three columns are not COFECHA's numbers.
 AR: order of the AR model used to prewhiten.
 Left out of the crossdating: the 'nyrs' spline for series 0260860 is not all positive, so
   dividing by it would give negative or infinite indices. Remove the series, or detrend the
   data yourself with detrend() and pass the indices with 'nyrs = NULL'
