"file","category","n_findings","checks","species","n_series","n_cells","yr_first","yr_last"
"asia/kyrg014.rwl","Can't be read at all",14,"conflicting precision flags in one series; file mixes precision flags across series; interior year gap; negative ring width; one ID carries two separate segments; only one reader can open it","Picea schrenkiana Fisch. & C.A. Mey.",34,9054,1551,2005
"europe/brit048i-noaa.rwl","Can't be read at all",2,"NOAA template file with a .rwl extension; unreadable by either reader","--------",NA,NA,NA,NA
"europe/brit048t-noaa.rwl","Can't be read at all",2,"NOAA template file with a .rwl extension; unreadable by either reader","--------",NA,NA,NA,NA
"europe/brit049i-noaa.rwl","Can't be read at all",2,"NOAA template file with a .rwl extension; unreadable by either reader","--------",NA,NA,NA,NA
"europe/brit049t-noaa.rwl","Can't be read at all",2,"NOAA template file with a .rwl extension; unreadable by either reader","--------",NA,NA,NA,NA
"europe/bulg002i-noaa.rwl","Can't be read at all",2,"NOAA template file with a .rwl extension; unreadable by either reader","--------",NA,NA,NA,NA
"europe/bulg002t-noaa.rwl","Can't be read at all",2,"NOAA template file with a .rwl extension; unreadable by either reader","--------",NA,NA,NA,NA
"europe/roma004i-noaa.rwl","Can't be read at all",2,"NOAA template file with a .rwl extension; unreadable by either reader","--------",NA,NA,NA,NA
"europe/roma004t-noaa.rwl","Can't be read at all",2,"NOAA template file with a .rwl extension; unreadable by either reader","--------",NA,NA,NA,NA
"northamerica/canada/cana540.rwl","Readers disagree",25,"ID fills all 8 columns; interior year gap; series ID reused with overlapping years","Picea glauca (Moench) Voss",92,15382,1618,2007
"southamerica/arge141.rwl","Readers disagree",20,"blank inside series ID; ID fills all 8 columns; interior year gap; one ID carries two separate segments; series ID reused with overlapping years; stop marker mid-series, series continues immediately","Nothofagus pumilio (Poepp. & Endl.) Reiche",157,36848,1546,2011
"northamerica/usa/nv520.rwl","Readers disagree",18,"interior year gap; one ID carries two separate segments; one ID starts a second block","Pinus longaeva D.K. Bailey = Pinus aristata var. longaeva",210,94640,-2649,2002
"northamerica/usa/co691.rwl","Readers disagree",17,"embedded tab; interior year gap; one ID carries two separate segments","Pinus ar",38,19752,-364,2007
"australia/newz018.rwl","Readers disagree",16,"interior year gap; one ID carries two separate segments; one ID starts a second block; series ID reused with overlapping years","Libocedrus bidwillii Hook. f.",40,14668,1256,1976
"australia/newz062.rwl","Readers disagree",16,"interior year gap; one ID carries two separate segments; one ID starts a second block; series ID reused with overlapping years","Libocedrus bidwillii Hook. f.",56,18455,1256,1992
"northamerica/usa/ut542.rwl","Readers disagree",16,"interior year gap; one ID carries two separate segments; series ID reused with overlapping years","Juniperus osteosperma (Torr.) Little",43,14703,1338,2012
"southamerica/arge021.rwl","Readers disagree",15,"interior year gap; one ID carries two separate segments; one ID starts a second block","Austrocedrus chilensis (D. Don) Pic. Serm. & Bizzarri",29,8185,1418,1975
"australia/ausl028.rwl","Readers disagree",14,"interior year gap; one ID carries two separate segments; one ID starts a second block; stop marker mid-series, series continues immediately","Phyllocladus aspleniifolius (Labill.) Hook. f.",48,10827,1467,1994
"australia/newz063.rwl","Readers disagree",14,"ID fills all 8 columns; interior year gap; one ID carries two separate segments; one ID starts a second block; series ID reused with overlapping years","Libocedrus bidwillii Hook. f.",63,22691,1140,1992
"asia/russ209.rwl","Readers disagree",13,"interior year gap; one ID carries two separate segments; one ID starts a second block; stop marker mid-series, series continues immediately","Larix gmelinii (Rupr.) Kuzen.=L.kurulensis(Maxim ex Regel)Pilg.=L.dahuricaTurcz.exTratv=Larix cajanderi Mayr",27,3383,1776,2001
"australia/newz019.rwl","Readers disagree",13,"interior year gap; one ID carries two separate segments; one ID starts a second block; series ID reused with overlapping years","Libocedrus bidwillii Hook. f.",34,13607,1346,1976
"northamerica/canada/cana320.rwl","Readers disagree",13,"interior year gap; one ID carries two separate segments; readers return different values; stop marker mid-series, series continues immediately; value shifted out of column","White Sp",72,18066,1426,1994
"northamerica/canada/cana336.rwl","Readers disagree",13,"interior year gap; one ID carries two separate segments; one ID starts a second block; series ID reused with overlapping years","Douglas-",80,26364,1203,2007
"southamerica/chil012.rwl","Readers disagree",13,"interior year gap; one ID carries two separate segments; one ID starts a second block; stop marker mid-series, series continues immediately","Araucaria araucana (Molina) K. Koch",42,13086,1239,1975
"asia/japa018.rwl","Readers disagree",12,"ID fills all 8 columns; interior year gap; one ID carries two separate segments; series ID reused with overlapping years; stop marker mid-series, series continues immediately","Cryptomeria japonica (Thunb. ex L.f.) D. Don",36,8827,969,2005
"northamerica/usa/nv521.rwl","Readers disagree",12,"interior year gap; one ID carries two separate segments; one ID starts a second block","Pinus longaeva D.K. Bailey = Pinus aristata var. longaeva",147,83979,-2649,2002
"asia/russ218.rwl","Readers disagree",11,"interior year gap; one ID carries two separate segments; readers return different values; series ID reused with overlapping years; value shifted out of column","Larix gmelinii (Rupr.) Kuzen.=L.kurulensis(Maxim ex Regel)Pilg.=L.dahuricaTurcz.exTratv=Larix cajanderi Mayr",34,13487,1398,1997
"southamerica/arge041.rwl","Readers disagree",11,"interior year gap; one ID carries two separate segments; one ID starts a second block; readers return different values; value shifted out of column","Juglans australis Griseb.",39,3621,1783,1982
"southamerica/chil013.rwl","Readers disagree",11,"interior year gap; one ID carries two separate segments; one ID starts a second block; series ID reused with overlapping years","Austrocedrus chilensis (D. Don) Pic. Serm. & Bizzarri",74,15527,1568,1975
"asia/nepa045.rwl","Readers disagree",10,"ID fills all 8 columns; interior year gap; one ID carries two separate segments; series ID reused with overlapping years; stop marker mid-series, series continues immediately","Picea smithiana (Wall.) Boiss.",96,21831,1591,2012
"australia/ausl002.rwl","Readers disagree",10,"interior year gap; one ID carries two separate segments; one ID starts a second block","Athrotaxis selaginoides D. Don",35,12149,1198,1975
"southamerica/arge091.rwl","Readers disagree",10,"interior year gap; one ID carries two separate segments; series ID reused with overlapping years","Fitzroya cupressoides (Molina) I.M. Johnst.",30,22649,320,1993
"asia/japa018x.rwl","Readers disagree",9,"interior year gap; one ID carries two separate segments; series ID reused with overlapping years; stop marker mid-series, series continues immediately","Cryptomeria japonica (Thunb. ex L.f.) D. Don",28,6546,1215,2005
"australia/newz007.rwl","Readers disagree",9,"interior year gap; one ID carries two separate segments; one ID starts a second block","Libocedrus bidwillii Hook. f.",40,9592,1446,1958
"northamerica/canada/can712.rwl","Readers disagree",9,"lines run together; readers return different values; value shifted out of column","Larix laricina (Du Roi) K. Koch",74,12292,1691,1990
"northamerica/usa/ut550.rwl","Readers disagree",8,"interior year gap; one ID carries two separate segments; series ID reused with overlapping years","Pinus longaeva D.K. Bailey = Pinus aristata var. longaeva",110,76229,-504,2014
"australia/ausl053.rwl","Readers disagree",7,"interior year gap; one ID carries two separate segments; only one reader can open it; value shifted out of column","Lagarostrobus franklinii (Hook. f.) Quinn",287,146817,-2145,2009
"australia/newz005.rwl","Readers disagree",7,"interior year gap; one ID carries two separate segments; one ID starts a second block","Dacrydium colensoi Hook. = Manoao colensoi (Hook.) Molloy",33,10698,1403,1976
"europe/grc034.rwl","Readers disagree",7,"blank inside series ID; embedded tab; ID fills all 8 columns; interior year gap; one ID starts a second block; readers return different values","Pinus nigra J.F. Arnold",79,20880,1584,2010
"northamerica/canada/cana326.rwl","Readers disagree",7,"blank inside series ID; duplicate series IDs; file mixes precision flags across series; ID fills all 8 columns; interior year gap; one ID starts a second block; series ID reused with overlapping years","White Sp",218,57491,1067,2002
"northamerica/usa/az606.rwl","Readers disagree",7,"file mixes precision flags across series; interior year gap; readers return different values; stop marker mid-series, series continues immediately; value shifted out of column","Pinus ponderosa Douglas ex C. Lawson",46,11347,1621,2016
"australia/newz011.rwl","Readers disagree",6,"interior year gap; one ID carries two separate segments; one ID starts a second block","Dacrydium colensoi Hook. = Manoao colensoi (Hook.) Molloy",36,13639,1464,1976
"northamerica/canada/cana335.rwl","Readers disagree",6,"interior year gap; one ID carries two separate segments; series ID reused with overlapping years","Limber P",36,11307,1450,2004
"northamerica/canada/cana419.rwl","Readers disagree",6,"interior year gap; one ID carries two separate segments; series ID reused with overlapping years","Larix lyallii Parl.",46,17797,1257,1990
"northamerica/usa/co637.rwl","Readers disagree",6,"interior year gap; one ID carries two separate segments; series ID reused with overlapping years","Pinus edulis Engelm.",38,9361,1450,2003
"northamerica/usa/co660.rwl","Readers disagree",6,"interior year gap; one ID carries two separate segments; series ID reused with overlapping years","Pinus edulis Engelm.",51,11574,1450,2013
"northamerica/usa/mi036.rwl","Readers disagree",6,"ID fills all 8 columns; interior year gap; one ID carries two separate segments; value shifted out of column","Betula alleghaniensis",57,5989,1789,2017
"asia/chin037.rwl","Readers disagree",5,"ID fills all 8 columns; interior year gap; one ID carries two separate segments; series ID reused with overlapping years","Picea likiangensis (Franchet) Pritzel",38,11408,1429,2005
"asia/mng044.rwl","Readers disagree",5,"ID fills all 8 columns; interior year gap; one ID carries two separate segments; readers return different values; value shifted out of column","Larix sibirica Ledeb. = Larix russica (Endl.) Sabine ex Trautv.",168,66373,-654,2011
"northamerica/canada/can697.rwl","Readers disagree",5,"lines run together; readers return different values; value shifted out of column","Larix laricina (Du Roi) K. Koch",92,14964,1725,1992
"northamerica/usa/az615.rwl","Readers disagree",5,"ID fills all 8 columns; interior year gap; lines run together","Pinus edulis Engelm.",28,1958,1922,2016
"northamerica/usa/ok040.rwl","Readers disagree",5,"ID fills all 8 columns; interior year gap; one ID carries two separate segments; one ID starts a second block","Quercus shumardii Buckl.",43,2104,1883,2013
"europe/fran009.rwl","Readers disagree",4,"blank inside series ID; interior year gap; one ID carries two separate segments; one ID starts a second block","Larix decidua Mill.",99,30833,988,1974
"northamerica/canada/cana588.rwl","Readers disagree",4,"blank inside series ID; embedded tab; ID fills all 8 columns","Pseudotsuga menziesii (Mirb.) Franco",28,5430,1579,2007
"northamerica/usa/ak160.rwl","Readers disagree",4,"ID fills all 8 columns; readers return different values; value shifted out of column","Populus tremuloides Michx.",111,10584,1825,2015
"northamerica/usa/co622.rwl","Readers disagree",4,"interior year gap; series ID reused with overlapping years","Pinus ponderosa Douglas ex C. Lawson",37,11058,1436,2002
"northamerica/usa/mo047.rwl","Readers disagree",4,"interior year gap; series ID reused with overlapping years","Quercus spp. L.",252,35502,986,2004
"northamerica/usa/or005.rwl","Readers disagree",4,"interior year gap; readers return different values","Pinus ponderosa Douglas ex C. Lawson",20,5234,1591,1965
"asia/bt006.rwl","Readers disagree",3,"ID fills all 8 columns; interior year gap; series ID reused with overlapping years","Picea spinulosa (Griff.) Beissn.",17,5501,1400,2005
"asia/mong030.rwl","Readers disagree",3,"interior year gap; one ID carries two separate segments; one ID starts a second block","Larix sibirica Ledeb. = Larix russica (Endl.) Sabine ex Trautv.",44,13872,1432,1998
"australia/aus127.rwl","Readers disagree",3,"ID fills all 8 columns; readers return different values; value shifted out of column","Phyllocladus aspleniifolius (Labill.) Hook. f.",151,44473,1525,2012
"australia/ausl045.rwl","Readers disagree",3,"embedded tab; ID fills all 8 columns; readers return different values","Athrotaxis selaginoides D. Don",50,22895,954,2011
"australia/newz008.rwl","Readers disagree",3,"interior year gap; one ID carries two separate segments; one ID starts a second block","Agathis australis (D. Don) Loudon",34,6187,1711,1976
"australia/newz016.rwl","Readers disagree",3,"interior year gap; one ID starts a second block","Libocedrus bidwillii Hook. f.",47,7190,1732,1976
"europe/germ4.rwl","Readers disagree",3,"interior year gap; one ID starts a second block; very short series","Abies alba Mill.",25,4938,1541,1964
"northamerica/mexico/mexi028l.rwl","Readers disagree",3,"embedded tab; file median far from genus median; ID fills all 8 columns","Pseudotsuga menziesii (Mirb.) Franco",72,12322,1583,1993
"northamerica/usa/ak159.rwl","Readers disagree",3,"ID fills all 8 columns; readers return different values; value shifted out of column","Betula papyrifera var. neoalaskana (Sarg.) Raup",231,16928,1829,2015
"northamerica/usa/az143.rwl","Readers disagree",3,"interior year gap; readers return different values","Pinus ponderosa Douglas ex C. Lawson",28,7225,1643,1972
"northamerica/usa/ca667.rwl","Readers disagree",3,"interior year gap; one ID carries two separate segments; one ID starts a second block","Pinus longaeva D.K. Bailey = Pinus aristata var. longaeva",310,142507,-2649,2005
"northamerica/usa/ok022e.rwl","Readers disagree",3,"ID fills all 8 columns; readers return different values; value shifted out of column","Quercus stellata Wangenh.",80,13217,1698,1995
"northamerica/usa/ok049e.rwl","Readers disagree",3,"interior year gap; readers return different values; value shifted out of column","Pinus echinata Mill.",442,43518,1744,2020
"northamerica/usa/va024.rwl","Readers disagree",3,"embedded tab; readers return different values","Tsuga canadensis (L.) Carr.",52,5542,1756,1997
"southamerica/arg155.rwl","Readers disagree",3,"interior year gap; one ID carries two separate segments; one ID starts a second block","Juglans australis Griseb.",104,11220,1646,1994
"southamerica/arge016.rwl","Readers disagree",3,"interior year gap; one ID carries two separate segments; one ID starts a second block","Austrocedrus chilensis (D. Don) Pic. Serm. & Bizzarri",33,4307,1700,1974
"southamerica/arge065.rwl","Readers disagree",3,"interior year gap; readers return different values","Araucaria araucana (Molina) K. Koch",22,6159,1385,1983
"southamerica/arge085.rwl","Readers disagree",3,"interior year gap; one ID carries two separate segments; one ID starts a second block","Austrocedrus chilensis (D. Don) Pic. Serm. & Bizzarri",30,4075,1700,1974
"africa/mar047.rwl","Readers disagree",2,"readers return different values; value shifted out of column","Cedrus atlantica (Endl.) Manetti ex Carrière",20,3220,1720,2011
"asia/russ219.rwl","Readers disagree",2,"interior year gap; series ID reused with overlapping years","Quercus mongolica Fisch. ex Turcz.",34,10236,1585,2000
"australia/ausl051.rwl","Readers disagree",2,"interior year gap; lines run together","Toona ciliata",53,3880,1812,2000
"europe/prt004.rwl","Readers disagree",2,"embedded tab; readers return different values","Quercus suber L.",8,752,1905,2022
"europe/roma009.rwl","Readers disagree",2,"interior year gap; series ID reused with overlapping years","Picea abies (L.) H. Karst.",82,9517,1768,2004
"northamerica/canada/cana348.rwl","Readers disagree",2,"interior year gap; series ID reused with overlapping years","White Sp",11,2399,1752,2004
"northamerica/canada/cana349.rwl","Readers disagree",2,"interior year gap; series ID reused with overlapping years","Jack Pin",21,5350,1733,2004
"northamerica/canada/cana566.rwl","Readers disagree",2,"interior year gap; series ID reused with overlapping years","Pseudotsuga menziesii (Mirb.) Franco",61,12445,1525,2012
"northamerica/mexico/mex125.rwl","Readers disagree",2,"readers return different values; value shifted out of column","Pinus oocarpa Schiede",42,2273,1912,2014
"northamerica/usa/ca717.rwl","Readers disagree",2,"interior year gap; series ID reused with overlapping years","Sequoiadendron giganteum (Lindl.) Buchholz",77,38529,-1095,2012
"northamerica/usa/mo045.rwl","Readers disagree",2,"interior year gap; series ID reused with overlapping years","Pinus echinata Mill.",106,13271,1616,2002
"northamerica/usa/nm603.rwl","Readers disagree",2,"interior year gap; series ID reused with overlapping years","Pinus ponderosa Douglas ex C. Lawson",139,36038,532,1988
"northamerica/usa/nm604.rwl","Readers disagree",2,"interior year gap; one ID starts a second block","Pinus spp. L.",62,10875,1104,1989
"northamerica/usa/ny003.rwl","Readers disagree",2,"interior year gap; series ID reused with overlapping years","Quercus prinus L.",46,8266,1690,1973
"northamerica/usa/ok051.rwl","Readers disagree",2,"file mixes precision flags across series; readers return different values","Quercus stellata Wangenh.",63,10684,1675,2020
"northamerica/usa/sc008l.rwl","Readers disagree",2,"readers return different values; value shifted out of column","Pinus palustris Mill.",38,3965,1636,2017
"northamerica/usa/ut562.rwl","Readers disagree",2,"embedded tab; ID fills all 8 columns","Pinus edulis Engelm.",28,3022,1890,2016
"northamerica/usa/ut567.rwl","Readers disagree",2,"embedded tab","Pseudotsuga menziesii (Mirb.) Franco",16,1333,1898,1998
"northamerica/usa/ut569.rwl","Readers disagree",2,"embedded tab","Pseudotsuga menziesii (Mirb.) Franco",33,4683,1802,1999
"northamerica/usa/wa135.rwl","Readers disagree",2,"interior year gap; series ID reused with overlapping years","Larix lyallii Parl.",23,7880,1336,2005
"asia/chin067.rwl","Readers disagree",1,"only one reader can open it","Juniperus przewalskii Komarov = Sabina przewalskii Komarov",597,442586,-2637,2011
"asia/chin069.rwl","Readers disagree",1,"only one reader can open it","Juniperus przewalskii Komarov = Sabina przewalskii Komarov",173,93813,-1495,808
"australia/ausl024.rwl","Readers disagree",1,"only one reader can open it","Lagarostrobus franklinii (Hook. f.) Quinn",305,171621,-2145,1990
"europe/brit036.rwl","Readers disagree",1,"only one reader can open it","Quercus spp. L.",24,4613,-3776,-3016
"europe/brit037.rwl","Readers disagree",1,"only one reader can open it","Pinus sylvestris L.",76,7738,-2920,-2444
"europe/brit039.rwl","Readers disagree",1,"only one reader can open it","Pinus sylvestris L.",52,5320,-1689,-1488
"europe/finl005.rwl","Readers disagree",1,"readers return different values","Pinus sylvestris L.",40,10979,1589,1984
"europe/swed334.rwl","Readers disagree",1,"only one reader can open it","Pinus sylvestris L.",945,171574,-5407,2010
"europe/turk044.rwl","Readers disagree",1,"only one reader can open it","Juniperus spp. L.",43,3512,-1954,-1785
"europe/turk045.rwl","Readers disagree",1,"only one reader can open it","Juniperus spp. L.",46,3699,-2084,-1821
"europe/turk046.rwl","Readers disagree",1,"only one reader can open it","Juniperus spp. L.",23,3333,-1911,-1565
"northamerica/canada/cana611.rwl","Readers disagree",1,"series ID reused with overlapping years","Pseudotsuga menziesii (Mirb.) Franco",235,17989,1862,2017
"northamerica/usa/ut563.rwl","Readers disagree",1,"embedded tab","Pseudotsuga menziesii (Mirb.) Franco",38,3760,1886,1999
"northamerica/usa/ut566.rwl","Readers disagree",1,"embedded tab","Pseudotsuga menziesii (Mirb.) Franco",18,1151,1912,1998
"northamerica/usa/ut568.rwl","Readers disagree",1,"embedded tab","Pseudotsuga menziesii (Mirb.) Franco",32,4072,1842,1999
"northamerica/usa/wy002.rwl","Readers disagree",1,"one ID starts a second block","Pinus flexilis E. James",25,7302,1492,1972
"northamerica/usa/ok043.rwl","Worth a second look",231,"interior year gap; one ID carries two separate segments; stop marker mid-series, series continues immediately; very short series","Pinus echinata Mill.",171,9507,1772,1912
"southamerica/arge144.rwl","Worth a second look",52,"ID fills all 8 columns; interior year gap; one ID carries two separate segments; stop marker mid-series, series continues immediately","Fitzroya cupressoides (Molina) I.M. Johnst.",179,90978,836,2011
"asia/japa016x.rwl","Worth a second look",39,"interior year gap; one ID carries two separate segments; stop marker mid-series, series continues immediately","Tsuga diversifolia (Maxim.) Mast.",35,6462,1614,2001
"northamerica/usa/ak096.rwl","Worth a second look",26,"file mixes precision flags across series; interior year gap; one ID carries two separate segments; stop marker mid-series, series continues immediately","Tsuga mertensiana (Bong.) Carrière",806,193012,616,2002
"asia/japa012.rwl","Worth a second look",22,"ID fills all 8 columns; interior year gap; one ID carries two separate segments; stop marker mid-series, series continues immediately","Picea glehnii (Fr. Schmidt) Mast.",39,9450,1500,1991
"asia/kyrg013.rwl","Worth a second look",22,"ID fills all 8 columns; interior year gap; one ID carries two separate segments; stop marker mid-series, series continues immediately","Picea schrenkiana Fisch. & C.A. Mey.",104,25314,1301,2006
"asia/japa017.rwl","Worth a second look",21,"ID fills all 8 columns; interior year gap; one ID carries two separate segments; stop marker mid-series, series continues immediately; very short series","Cryptomeria japonica (Thunb. ex L.f.) D. Don",99,14400,982,2002
"europe/swit285.rwl","Worth a second look",19,"ID fills all 8 columns; very short series","Picea abies (L.) H. Karst.",324,23456,1829,1993
"southamerica/arge140.rwl","Worth a second look",18,"interior year gap; one ID carries two separate segments; series median far from rest of file; stop marker mid-series, series continues immediately","Nothofagus pumilio (Poepp. & Endl.) Reiche",138,18423,962,2011
"asia/japa020.rwl","Worth a second look",13,"stop marker mid-series, series continues immediately","Cryptomeria japonica (Thunb. ex L.f.) D. Don",46,22177,1,1999
"northamerica/mexico/mexi014.rwl","Worth a second look",13,"interior year gap; one ID carries two separate segments; stop marker mid-series, series continues immediately","Pseudotsuga menziesii (Mirb.) Franco",50,9267,1642,1971
"europe/swit290.rwl","Worth a second look",12,"ID fills all 8 columns; very short series","Picea abies (L.) H. Karst.",303,17573,1863,1992
"northamerica/mexico/mexi028e.rwl","Worth a second look",12,"ID fills all 8 columns; series median far from rest of file","Pseudotsuga menziesii (Mirb.) Franco",76,14831,1583,1993
"northamerica/usa/co603.rwl","Worth a second look",11,"file mixes precision flags across series; interior year gap; one ID carries two separate segments","Pseudotsuga menziesii (Mirb.) Franco",55,13854,1541,2003
"europe/fran011.rwl","Worth a second look",10,"blank inside series ID; interior year gap; one ID carries two separate segments; stop marker mid-series, series continues immediately","Larix decidua Mill.",52,12062,1516,1973
"northamerica/mexico/mexi025e.rwl","Worth a second look",10,"ID fills all 8 columns; series median far from rest of file","Pseudotsuga menziesii (Mirb.) Franco",48,8597,1644,1993
"europe/swit277.rwl","Worth a second look",9,"ID fills all 8 columns; very short series","Picea abies (L.) H. Karst.",294,17717,1808,1993
"northamerica/usa/ak027.rwl","Worth a second look",9,"interior year gap; one ID carries two separate segments; stop marker mid-series, series continues immediately","Tsuga mertensiana (Bong.) Carrière",24,5114,1709,1990
"northamerica/usa/mt170.rwl","Worth a second look",9,"very short series","Populus deltoides Bartr. ex Marsh.",408,33772,1740,2013
"australia/aus128.rwl","Worth a second look",8,"ID fills all 8 columns; interior year gap; one ID carries two separate segments; series median far from rest of file","Lagarostrobos franklinii (Hook. f.) Quinn",109,54935,462,2012
"northamerica/usa/ak112.rwl","Worth a second look",8,"file mixes precision flags across series; interior year gap; one ID carries two separate segments; stop marker mid-series, series continues immediately","Tsuga mertensiana (Bong.) Carrière",302,95049,1247,2002
"asia/indi002l.rwl","Worth a second look",7,"file median far from genus median; interior year gap; one ID carries two separate segments","Abies pindrow (Royle ex D. Don) Royle",13,2993,1620,1980
"europe/nor035.rwl","Worth a second look",7,"ID fills all 8 columns; very short series","Pinus sylvestris L.",101,11600,1755,2013
"northamerica/canada/cana175.rwl","Worth a second look",7,"interior year gap; one ID carries two separate segments; stop marker mid-series, series continues immediately","Chamaecyparis nootkatensis (D. Don) Spach",81,48071,1200,1999
"northamerica/usa/tn008.rwl","Worth a second look",7,"interior year gap; one ID carries two separate segments; stop marker mid-series, series continues immediately","Quercus alba L.",67,15971,1633,1980
"asia/japa012x.rwl","Worth a second look",6,"ID fills all 8 columns; interior year gap; one ID carries two separate segments; stop marker mid-series, series continues immediately","Picea glehnii (Fr. Schmidt) Mast.",38,9445,1500,1991
"europe/nor033.rwl","Worth a second look",6,"ID fills all 8 columns; very short series","Pinus sylvestris L.",101,8167,1775,2011
"europe/swe354.rwl","Worth a second look",6,"ID fills all 8 columns; very short series","Pinus sylvestris L.",98,10136,1700,2013
"europe/swe355.rwl","Worth a second look",6,"ID fills all 8 columns; very short series","Picea abies (L.) H. Karst.",95,6327,1783,2013
"northamerica/canada/cana352.rwl","Worth a second look",6,"interior year gap; one ID carries two separate segments; stop marker mid-series, series continues immediately","Subalpin",52,15924,1069,1993
"northamerica/mexico/mexi025l.rwl","Worth a second look",6,"file median far from genus median; ID fills all 8 columns; series median far from rest of file","Pseudotsuga menziesii (Mirb.) Franco",40,6863,1644,1993
"northamerica/usa/ak028.rwl","Worth a second look",6,"interior year gap; one ID carries two separate segments; stop marker mid-series, series continues immediately","Tsuga mertensiana (Bong.) Carrière",42,14814,1412,1991
"northamerica/usa/mt165.rwl","Worth a second look",6,"very short series","Populus deltoides Bartr. ex Marsh.",393,34460,1729,2012
"asia/indi003l.rwl","Worth a second look",5,"file median far from genus median; interior year gap; one ID carries two separate segments","Abies pindrow (Royle ex D. Don) Royle",11,2168,1668,1980
"asia/indi006l.rwl","Worth a second look",5,"file median far from genus median; interior year gap; one ID carries two separate segments","Abies pindrow (Royle ex D. Don) Royle",16,2662,1654,1981
"asia/indi007l.rwl","Worth a second look",5,"file median far from genus median; interior year gap; one ID carries two separate segments","Abies pindrow (Royle ex D. Don) Royle",14,2537,1682,1981
"australia/aus124e.rwl","Worth a second look",5,"ID fills all 8 columns; interior year gap; one ID carries two separate segments; series median far from rest of file; trailing text in field 11","Athrotaxis selaginoides D. Don",139,54032,700,2011
"europe/nor034.rwl","Worth a second look",5,"ID fills all 8 columns; very short series","Pinus sylvestris L.",104,11680,1767,2013
"northamerica/canada/cana356.rwl","Worth a second look",5,"file mixes precision flags across series; interior year gap; one ID carries two separate segments","Whitebar",96,35315,1000,1999
"northamerica/canada/cana430.rwl","Worth a second look",5,"file mixes precision flags across series; interior year gap; one ID carries two separate segments","Picea engelmannii Parry ex Engelm.",215,54084,920,1987
"northamerica/usa/ak029.rwl","Worth a second look",5,"interior year gap; one ID carries two separate segments; stop marker mid-series, series continues immediately","Tsuga mertensiana (Bong.) Carrière",20,3447,1727,1989
"northamerica/usa/ak196.rwl","Worth a second look",5,"interior year gap; one ID carries two separate segments; stop marker mid-series, series continues immediately","Tsuga mertensiana (Bong.) Carrière",55,15288,1517,2009
"northamerica/usa/mo078.rwl","Worth a second look",5,"file mixes precision flags across series; interior year gap; one ID carries two separate segments","Quercus alba L.",83,14576,1641,2015
"asia/kyrg012.rwl","Worth a second look",4,"file mixes precision flags across series; interior year gap; one ID carries two separate segments; series median far from rest of file","Picea schrenkiana Fisch. & C.A. Mey.",39,10728,1450,2005
"asia/kyrg015.rwl","Worth a second look",4,"file mixes precision flags across series; interior year gap; one ID carries two separate segments; series median far from rest of file","Picea schrenkiana Fisch. & C.A. Mey.",21,5996,1528,2005
"europe/swed332.rwl","Worth a second look",4,"ID fills all 8 columns; trailing text in field 11; very short series","Pinus sylvestris L.",96,8594,1796,2006
"europe/tur091t.rwl","Worth a second look",4,"file median far from genus median; ID fills all 8 columns; interior year gap; one ID carries two separate segments","Pinus sylvestris L.",69,15043,1619,2022
"northamerica/canada/cana234e.rwl","Worth a second look",4,"file mixes precision flags across series; ID fills all 8 columns; interior year gap; one ID carries two separate segments","Picea engelmannii Parry ex Engelm.",35,8547,1512,1997
"northamerica/canada/cana234l.rwl","Worth a second look",4,"file mixes precision flags across series; ID fills all 8 columns; interior year gap; one ID carries two separate segments","Picea engelmannii Parry ex Engelm.",35,8547,1512,1997
"northamerica/usa/ak075.rwl","Worth a second look",4,"file mixes precision flags across series; ID fills all 8 columns; interior year gap; one ID carries two separate segments","Picea glauca (Moench) Voss",34,8152,1580,1998
"northamerica/usa/il025.rwl","Worth a second look",4,"file mixes precision flags across series; series median far from rest of file","Quercus spp. L.",104,13710,1721,2014
"asia/japa013x.rwl","Worth a second look",3,"interior year gap; one ID carries two separate segments; stop marker mid-series, series continues immediately","Picea glehnii (Fr. Schmidt) Mast.",49,8453,1575,1999
"asia/russ210.rwl","Worth a second look",3,"blank inside series ID; file median far from genus median; ID fills all 8 columns","Larix gmelinii (Rupr.) Kuzen.=L.kurulensis(Maxim ex Regel)Pilg.=L.dahuricaTurcz.exTratv=Larix cajanderi Mayr",10,1877,1664,1991
"europe/che615.rwl","Worth a second look",3,"ID fills all 8 columns; very short series","Larix decidua Mill.",112,8471,1857,2011
"europe/deu317.rwl","Worth a second look",3,"ID fills all 8 columns; stop marker mid-series, series continues immediately","Quercus spp. L.",26,7274,1694,2016
"europe/deu343.rwl","Worth a second look",3,"ID fills all 8 columns; series median far from rest of file","Fagus sylvatica L.",127,9573,1935,2019
"europe/fin100.rwl","Worth a second look",3,"ID fills all 8 columns; very short series","Pinus sylvestris L.",95,12239,1674,2013
"europe/finl080.rwl","Worth a second look",3,"ID fills all 8 columns; very short series","Pinus sylvestris L.",99,9563,1747,2011
"europe/finl081.rwl","Worth a second look",3,"ID fills all 8 columns; very short series","Pinus sylvestris L.",101,12073,1729,2011
"europe/finl083.rwl","Worth a second look",3,"ID fills all 8 columns; very short series","Pinus sylvestris L.",170,23155,1700,2011
"europe/finl095.rwl","Worth a second look",3,"ID fills all 8 columns; very short series","Pinus sylvestris L.",93,8681,1840,2011
"europe/norw026.rwl","Worth a second look",3,"ID fills all 8 columns; very short series","Pinus sylvestris L.",71,6418,1701,2013
"europe/swe356.rwl","Worth a second look",3,"ID fills all 8 columns; very short series","Pinus sylvestris L.",98,10067,1756,2013
"europe/swed331.rwl","Worth a second look",3,"ID fills all 8 columns; trailing text in field 11; very short series","Pinus sylvestris L.",86,7343,1656,2006
"europe/swit313.rwl","Worth a second look",3,"ID fills all 8 columns; very short series","Castanea sativa Mill.",452,14895,1940,2004
"europe/turk011.rwl","Worth a second look",3,"interior year gap; one ID carries two separate segments; stop marker mid-series, series continues immediately","Pinus nigra J.F. Arnold",26,5458,1568,1999
"northamerica/canada/can674.rwl","Worth a second look",3,"blank inside series ID; file mixes precision flags across series; ID fills all 8 columns","Tsuga mertensiana (Bong.) Carrière",77,11626,1657,2018
"northamerica/canada/cana226.rwl","Worth a second look",3,"file mixes precision flags across series; interior year gap; one ID carries two separate segments","Picea engelmannii Parry ex Engelm.",29,6155,1710,1997
"northamerica/canada/cana226e.rwl","Worth a second look",3,"file mixes precision flags across series; interior year gap; one ID carries two separate segments","Picea engelmannii Parry ex Engelm.",22,4872,1710,1997
"northamerica/canada/cana226l.rwl","Worth a second look",3,"file mixes precision flags across series; interior year gap; one ID carries two separate segments","Picea engelmannii Parry ex Engelm.",22,4872,1710,1997
"northamerica/canada/cana234.rwl","Worth a second look",3,"file mixes precision flags across series; interior year gap; one ID carries two separate segments","Picea engelmannii Parry ex Engelm.",34,9872,1512,1997
"northamerica/canada/cana269.rwl","Worth a second look",3,"file mixes precision flags across series; ID fills all 8 columns; series median far from rest of file","Thuja occidentalis L.",63,7801,1530,2005
"northamerica/canada/cana351.rwl","Worth a second look",3,"file mixes precision flags across series; interior year gap; one ID carries two separate segments","Whitebar",82,31461,1104,1996
"northamerica/canada/cana432.rwl","Worth a second look",3,"file mixes precision flags across series; interior year gap; one ID carries two separate segments","Picea engelmannii Parry ex Engelm.",38,9660,1563,1996
"northamerica/usa/ak020.rwl","Worth a second look",3,"interior year gap; one ID carries two separate segments; stop marker mid-series, series continues immediately","Tsuga mertensiana (Bong.) Carrière",29,8082,1365,1992
"northamerica/usa/nm582.rwl","Worth a second look",3,"interior year gap; one ID carries two separate segments; stop marker mid-series, series continues immediately","Pinus ponderosa Douglas ex C. Lawson",42,10324,1575,2003
"asia/bt021.rwl","Worth a second look",2,"file mixes precision flags across series; ID fills all 8 columns","Picea spinulosa (Griff.) Beissn.",77,28524,1280,2013
"asia/chn086.rwl","Worth a second look",2,"file mixes precision flags across series; ID fills all 8 columns","Tetracentron sinense Oliv.",62,6724,1789,2015
"asia/japa013.rwl","Worth a second look",2,"ID fills all 8 columns; stop marker mid-series, series continues immediately","Picea glehnii (Fr. Schmidt) Mast.",48,8208,1575,1999
"asia/paki003.rwl","Worth a second look",2,"file mixes precision flags across series; ID fills all 8 columns","Juniperus spp. L.",37,8096,1438,1999
"asia/paki004.rwl","Worth a second look",2,"file mixes precision flags across series; ID fills all 8 columns","Juniperus turkestanica Komar.",25,6291,1240,1999
"asia/paki009.rwl","Worth a second look",2,"file mixes precision flags across series; ID fills all 8 columns","Juniperus turkestanica Komar.",33,23549,476,1999
"asia/russ021e.rwl","Worth a second look",2,"series median far from rest of file","Larix sibirica Ledeb. = Larix russica (Endl.) Sabine ex Trautv.",91,14548,914,1990
"asia/russ021l.rwl","Worth a second look",2,"series median far from rest of file","Larix sibirica Ledeb. = Larix russica (Endl.) Sabine ex Trautv.",91,14548,914,1990
"asia/russ238n.rwl","Worth a second look",2,"ID fills all 8 columns; very short series","Larix spp. Mill.",56,4965,1664,2000
"asia/th006.rwl","Worth a second look",2,"file mixes precision flags across series; ID fills all 8 columns","Pinus merkusii Jungh. & De Vriese",25,4715,1648,2004
"australia/aus118.rwl","Worth a second look",2,"file mixes precision flags across series; interior year gap","Lagarostrobos franklinii (Hook. f.) Quinn",174,80148,-571,1992
"europe/aust003.rwl","Worth a second look",2,"series median far from rest of file","Picea abies (L.) H. Karst.",112,13996,1276,1974
"europe/deu490.rwl","Worth a second look",2,"ID fills all 8 columns; series median far from rest of file","Abies grandis (Dougl. ex D. Don) Lindl.",97,4576,1967,2020
"europe/finl079.rwl","Worth a second look",2,"ID fills all 8 columns; very short series","Pinus sylvestris L.",80,13759,1688,2011
"europe/finl084.rwl","Worth a second look",2,"file mixes precision flags across series; ID fills all 8 columns","Pinus sylvestris L.",86,7134,1830,2011
"europe/finl086.rwl","Worth a second look",2,"ID fills all 8 columns; very short series","Pinus sylvestris L.",88,4805,1832,2011
"europe/finl087.rwl","Worth a second look",2,"ID fills all 8 columns; very short series","Pinus sylvestris L.",87,4390,1710,2011
"europe/ita060.rwl","Worth a second look",2,"ID fills all 8 columns; single value out of range","Larix decidua Mill.",13,2274,1716,2017
"europe/nor037.rwl","Worth a second look",2,"ID fills all 8 columns; very short series","Pinus sylvestris L.",118,6817,1841,2013
"europe/norw025.rwl","Worth a second look",2,"ID fills all 8 columns; very short series","Pinus sylvestris L.",93,6378,1725,2013
"europe/swit205.rwl","Worth a second look",2,"file has 1-2 series; ID fills all 8 columns","Abies alba Mill.",2,322,1830,1990
"europe/swit252.rwl","Worth a second look",2,"file has 1-2 series; ID fills all 8 columns","Ulmus spp. L.",2,92,1946,1991
"europe/swit286.rwl","Worth a second look",2,"file has 1-2 series; ID fills all 8 columns","Abies alba Mill.",2,128,1931,1994
"europe/swit312.rwl","Worth a second look",2,"very short series","Castanea sativa Mill.",421,12142,1944,2003
"europe/swit339.rwl","Worth a second look",2,"file has 1-2 series; ID fills all 8 columns","Pinus cembra L.",2,452,1770,1996
"europe/swit350.rwl","Worth a second look",2,"file has 1-2 series; ID fills all 8 columns","Fagus sylvatica L.",1,82,1911,1992
"europe/swit353.rwl","Worth a second look",2,"file has 1-2 series; ID fills all 8 columns","Carpinus betulus L.",1,65,1934,1998
"northamerica/canada/can673.rwl","Worth a second look",2,"file mixes precision flags across series; ID fills all 8 columns","Tsuga mertensiana (Bong.) Carrière",62,14699,1658,2017
"northamerica/canada/can675.rwl","Worth a second look",2,"file mixes precision flags across series; ID fills all 8 columns","Tsuga mertensiana (Bong.) Carrière",74,15136,1669,2017
"northamerica/canada/can680x.rwl","Worth a second look",2,"file median far from genus median; ID fills all 8 columns","Picea glauca (Moench) Voss",29,7008,1530,1992
"northamerica/canada/cana231.rwl","Worth a second look",2,"file mixes precision flags across series; ID fills all 8 columns","Picea engelmannii Parry ex Engelm.",38,10532,1477,1997
"northamerica/canada/cana238.rwl","Worth a second look",2,"file mixes precision flags across series; ID fills all 8 columns","Picea engelmannii Parry ex Engelm.",35,8127,1554,1997
"northamerica/canada/cana416.rwl","Worth a second look",2,"stop marker mid-series, series continues immediately","Larix lyallii Parl.",33,7897,1712,1993
"northamerica/canada/cana627.rwl","Worth a second look",2,"file has 1-2 series; ID fills all 8 columns","Acer saccharum Marsh.",2,295,1869,2017
"northamerica/usa/ak050.rwl","Worth a second look",2,"ID fills all 8 columns; single value out of range","Picea glauca (Moench) Voss",154,18228,1731,2000
"northamerica/usa/ak073.rwl","Worth a second look",2,"file mixes precision flags across series; ID fills all 8 columns","Picea glauca (Moench) Voss",18,3226,1546,1997
"northamerica/usa/ak078.rwl","Worth a second look",2,"file mixes precision flags across series; ID fills all 8 columns","Picea glauca (Moench) Voss",20,5430,1557,1997
"northamerica/usa/ak102.rwl","Worth a second look",2,"file mixes precision flags across series; ID fills all 8 columns","Tsuga mertensiana (Bong.) Carrière",45,17001,1380,1999
"northamerica/usa/ak173.rwl","Worth a second look",2,"file median far from genus median; ID fills all 8 columns","Picea sitchensis (Bong.) Carrière",38,1734,1950,2016
"northamerica/usa/az608.rwl","Worth a second look",2,"file mixes precision flags across series; series median far from rest of file","Pinus ponderosa Douglas ex C. Lawson",60,14348,1590,2016
"northamerica/usa/ca719.rwl","Worth a second look",2,"file mixes precision flags across series; series median far from rest of file","Sequoiadendron giganteum (Lindl.) Buchholz",120,48756,-210,2012
"northamerica/usa/co692l.rwl","Worth a second look",2,"file median far from genus median; ID fills all 8 columns","Pinus edulis Engelm.",33,7680,1600,2018
"northamerica/usa/co693l.rwl","Worth a second look",2,"file median far from genus median; ID fills all 8 columns","Pinus edulis Engelm.",32,10301,1428,2018
"northamerica/usa/fl015.rwl","Worth a second look",2,"ID fills all 8 columns; very short series","Pinus palustris Mill.",58,4717,1908,2017
"northamerica/usa/fl015l.rwl","Worth a second look",2,"ID fills all 8 columns; very short series","Pinus palustris Mill.",58,4707,1908,2017
"northamerica/usa/in024.rwl","Worth a second look",2,"file mixes precision flags across series; ID fills all 8 columns","Acer saccharum Marsh.",17,1485,1907,2015
"northamerica/usa/me038.rwl","Worth a second look",2,"file mixes precision flags across series; ID fills all 8 columns","Picea rubens Sarg.",775,92151,1649,2001
"northamerica/usa/nv522l.rwl","Worth a second look",2,"file median far from genus median; ID fills all 8 columns","Pinus ponderosa Douglas ex C. Lawson",37,14479,1407,2019
"northamerica/usa/va044.rwl","Worth a second look",2,"ID fills all 8 columns; series median far from rest of file","Platanus occidentalis L.",43,1846,1960,2019
"northamerica/usa/wa154.rwl","Worth a second look",2,"file mixes precision flags across series; ID fills all 8 columns","Larix lyallii Parl.",144,36565,1161,2018
"northamerica/usa/wy040.rwl","Worth a second look",2,"file mixes precision flags across series; ID fills all 8 columns","Pseudotsuga menziesii (Mirb.) Franco",57,16130,1194,2000
"africa/dza017.rwl","Worth a second look",1,"file median far from genus median","Cedrus atlantica (Endl.) Manetti ex Carrière",82,20240,1440,2011
"africa/eth002.rwl","Worth a second look",1,"very short series","Juniperus procera Hochst. ex Endl.",35,2121,1901,2006
"africa/mar029.rwl","Worth a second look",1,"file median far from genus median","Cedrus atlantica (Endl.) Manetti ex Carrière",46,8705,1680,2011
"asia/indi005l.rwl","Worth a second look",1,"file median far from genus median","Abies pindrow (Royle ex D. Don) Royle",6,958,1764,1980
"asia/mong004.rwl","Worth a second look",1,"stop marker mid-series, series continues immediately","Larix sibirica Ledeb. = Larix russica (Endl.) Sabine ex Trautv.",40,5162,1798,1994
"asia/nepa015.rwl","Worth a second look",1,"file mixes precision flags across series","Abies spectabilis (D. Don) Spach",48,9164,1666,1997
"asia/nepa018.rwl","Worth a second look",1,"file mixes precision flags across series","Juniperus recurva Buch.-Ham. ex D. Don",33,9995,1445,1998
"asia/nepa021.rwl","Worth a second look",1,"file mixes precision flags across series","Abies spectabilis (D. Don) Spach",40,10701,1525,1999
"asia/rus370.rwl","Worth a second look",1,"single value out of range","Pinus sylvestris L.",46,6094,1819,2017
"asia/russ022l.rwl","Worth a second look",1,"file median far from genus median","Picea obovata Ledeb. = Picea abies (L.) H. Karst. subsp. obovata (Ledeb.) Hultén",32,6089,1663,1990
"asia/russ030l.rwl","Worth a second look",1,"file median far from genus median","Picea obovata Ledeb. = Picea abies (L.) H. Karst. subsp. obovata (Ledeb.) Hultén",26,5910,1661,1990
"asia/russ031l.rwl","Worth a second look",1,"file median far from genus median","Picea obovata Ledeb. = Picea abies (L.) H. Karst. subsp. obovata (Ledeb.) Hultén",37,5330,1640,1990
"asia/russ034l.rwl","Worth a second look",1,"file median far from genus median","Picea obovata Ledeb. = Picea abies (L.) H. Karst. subsp. obovata (Ledeb.) Hultén",24,4397,1710,1990
"asia/russ038l.rwl","Worth a second look",1,"file median far from genus median","Picea obovata Ledeb. = Picea abies (L.) H. Karst. subsp. obovata (Ledeb.) Hultén",25,4084,1630,1990
"asia/russ040l.rwl","Worth a second look",1,"file median far from genus median","Picea obovata Ledeb. = Picea abies (L.) H. Karst. subsp. obovata (Ledeb.) Hultén",26,6131,1642,1990
"asia/russ047l.rwl","Worth a second look",1,"file median far from genus median","Picea obovata Ledeb. = Picea abies (L.) H. Karst. subsp. obovata (Ledeb.) Hultén",29,6415,1714,1990
"asia/russ050l.rwl","Worth a second look",1,"file median far from genus median","Pinus sylvestris L.",31,6044,1564,1991
"asia/russ055l.rwl","Worth a second look",1,"file median far from genus median","Pinus sylvestris L.",28,6925,1568,1991
"asia/russ071l.rwl","Worth a second look",1,"file median far from genus median","Picea obovata Ledeb. = Picea abies (L.) H. Karst. subsp. obovata (Ledeb.) Hultén",31,8145,1674,1990
"asia/russ072l.rwl","Worth a second look",1,"file median far from genus median","Picea abies (L.) H. Karst.",36,7301,1650,1991
"asia/russ085l.rwl","Worth a second look",1,"file median far from genus median","Picea obovata Ledeb. = Picea abies (L.) H. Karst. subsp. obovata (Ledeb.) Hultén",28,7776,1664,1992
"asia/russ096l.rwl","Worth a second look",1,"file median far from genus median","Picea abies (L.) H. Karst.",30,7781,1678,1992
"asia/russ097l.rwl","Worth a second look",1,"file median far from genus median","Picea obovata Ledeb. = Picea abies (L.) H. Karst. subsp. obovata (Ledeb.) Hultén",34,7284,1601,1991
"asia/russ120l.rwl","Worth a second look",1,"file median far from genus median","Picea obovata Ledeb. = Picea abies (L.) H. Karst. subsp. obovata (Ledeb.) Hultén",28,5679,1703,1993
"asia/russ134l.rwl","Worth a second look",1,"file median far from genus median","Larix gmelinii (Rupr.) Kuzen.=L.kurulensis(Maxim ex Regel)Pilg.=L.dahuricaTurcz.exTratv=Larix cajanderi Mayr",28,11393,1338,1994
"asia/russ152l.rwl","Worth a second look",1,"file median far from genus median","Picea schrenkiana Fisch. & C.A. Mey.",37,9642,1626,1995
"asia/russ157l.rwl","Worth a second look",1,"file median far from genus median","Pinus sylvestris L.",32,6979,1707,1996
"asia/russ160l.rwl","Worth a second look",1,"file median far from genus median","Picea obovata Ledeb. = Picea abies (L.) H. Karst. subsp. obovata (Ledeb.) Hultén",22,1652,1881,1990
"asia/russ161l.rwl","Worth a second look",1,"file median far from genus median","Picea obovata Ledeb. = Picea abies (L.) H. Karst. subsp. obovata (Ledeb.) Hultén",14,1746,1800,1990
"asia/russ165l.rwl","Worth a second look",1,"file median far from genus median","Larix gmelinii (Rupr.) Kuzen.=L.kurulensis(Maxim ex Regel)Pilg.=L.dahuricaTurcz.exTratv=Larix cajanderi Mayr",18,1701,1855,1990
"asia/russ169l.rwl","Worth a second look",1,"file median far from genus median","Picea obovata Ledeb. = Picea abies (L.) H. Karst. subsp. obovata (Ledeb.) Hultén",24,5642,1715,1996
"asia/russ203.rwl","Worth a second look",1,"file mixes precision flags across series","Larix gmelinii (Rupr.) Kuzen.=L.kurulensis(Maxim ex Regel)Pilg.=L.dahuricaTurcz.exTratv=Larix cajanderi Mayr",50,6598,1763,2007
"asia/russ215.rwl","Worth a second look",1,"file median far from genus median","Larix gmelinii (Rupr.) Kuzen.=L.kurulensis(Maxim ex Regel)Pilg.=L.dahuricaTurcz.exTratv=Larix cajanderi Mayr",25,3436,1767,1996
"asia/russ222.rwl","Worth a second look",1,"stop marker mid-series, series continues immediately","Pinus sibirica Du Tour",52,10819,1598,2011
"asia/russ301.rwl","Worth a second look",1,"file mixes precision flags across series","Pinus sylvestris L.",80,8140,1847,2018
"asia/russ305.rwl","Worth a second look",1,"file mixes precision flags across series","Pinus sylvestris L.",67,9559,1767,2013
"asia/russ307.rwl","Worth a second look",1,"file mixes precision flags across series","Pinus sylvestris L.",74,6313,1847,2013
"asia/russ314.rwl","Worth a second look",1,"file mixes precision flags across series","Pinus sylvestris L.",95,9040,1881,2013
"asia/tha023.rwl","Worth a second look",1,"very short series","Afzelia xylocarpa (Kurz) Craib",138,7450,1825,2011
"asia/tha025.rwl","Worth a second look",1,"very short series","Melia azedarach L.",256,8098,1914,2011
"atlantic/bhs001.rwl","Worth a second look",1,"file mixes precision flags across series","Pinus elliottii Engelm.",72,2491,1935,2002
"australia/ausl039h.rwl","Worth a second look",1,"file median far from genus median","Athrotaxis selaginoides D. Don",27,6201,1599,2011
"australia/ausl043d.rwl","Worth a second look",1,"file median far from genus median","Phyllocladus aspleniifolius (Labill.) Hook. f.",25,5562,1679,2012
"australia/newz095.rwl","Worth a second look",1,"file has 1-2 series","Agathis australis (D. Don) Loudon",1,218,1280,1497
"australia/newz096.rwl","Worth a second look",1,"file has 1-2 series","Agathis australis (D. Don) Loudon",1,81,1791,1871
"australia/newz097.rwl","Worth a second look",1,"file has 1-2 series","Agathis australis (D. Don) Loudon",1,214,1545,1758
"australia/newz112.rwl","Worth a second look",1,"file has 1-2 series","Agathis australis (D. Don) Loudon",2,255,952,1088
"australia/newz129.rwl","Worth a second look",1,"file mixes precision flags across series","Libocedrus bidwillii Hook. f.",64,17671,1480,2012
"europe/bel001.rwl","Worth a second look",1,"stop marker mid-series, series continues immediately","Fagus sylvatica L.",39,8338,1774,2021
"europe/brit052.rwl","Worth a second look",1,"file has 1-2 series","Picea abies (L.) H. Karst.",2,248,1559,1683
"europe/brit084.rwl","Worth a second look",1,"file has 1-2 series","Quercus spp. L.",1,303,1368,1670
"europe/fran040.rwl","Worth a second look",1,"file has 1-2 series","Picea abies (L.) H. Karst.",2,213,1803,1910
"europe/germ049e.rwl","Worth a second look",1,"file has 1-2 series","Picea abies (L.) H. Karst.",1,145,1851,1995
"europe/germ049i.rwl","Worth a second look",1,"file has 1-2 series","Picea abies (L.) H. Karst.",1,145,1851,1995
"europe/germ049l.rwl","Worth a second look",1,"file has 1-2 series","Picea abies (L.) H. Karst.",1,145,1851,1995
"europe/germ049n.rwl","Worth a second look",1,"file has 1-2 series","Picea abies (L.) H. Karst.",1,145,1851,1995
"europe/germ049t.rwl","Worth a second look",1,"file has 1-2 series","Picea abies (L.) H. Karst.",1,145,1851,1995
"europe/germ049w.rwl","Worth a second look",1,"file has 1-2 series","Picea abies (L.) H. Karst.",1,145,1851,1995
"europe/germ049x.rwl","Worth a second look",1,"file has 1-2 series","Picea abies (L.) H. Karst.",1,145,1851,1995
"europe/germ062.rwl","Worth a second look",1,"file has 1-2 series","Picea abies (L.) H. Karst.",1,314,1490,1803
"europe/germ063.rwl","Worth a second look",1,"file has 1-2 series","Picea abies (L.) H. Karst.",1,201,1605,1805
"europe/germ064.rwl","Worth a second look",1,"file has 1-2 series","Picea abies (L.) H. Karst.",1,164,1630,1793
"europe/germ065.rwl","Worth a second look",1,"file has 1-2 series","Abies alba Mill.",2,76,1342,1387
"europe/germ067.rwl","Worth a second look",1,"file has 1-2 series","Abies alba Mill.",2,110,1748,1802
"europe/germ077.rwl","Worth a second look",1,"file has 1-2 series","Abies alba Mill.",2,142,1629,1717
"europe/germ080.rwl","Worth a second look",1,"file has 1-2 series","Abies alba Mill.",2,88,1410,1455
"europe/germ085.rwl","Worth a second look",1,"file has 1-2 series","Abies alba Mill.",2,117,1626,1698
"europe/germ107.rwl","Worth a second look",1,"file has 1-2 series","Picea abies (L.) H. Karst.",2,98,1627,1678
"europe/norw011l.rwl","Worth a second look",1,"file median far from genus median","Pinus sylvestris L.",88,21112,1550,1997
"europe/swe347.rwl","Worth a second look",1,"file has 1-2 series","Picea abies (L.) H. Karst.",1,206,1673,1878
"europe/swed020l.rwl","Worth a second look",1,"file median far from genus median","Pinus sylvestris L.",18,5835,1400,1980
"europe/swit194.rwl","Worth a second look",1,"file has 1-2 series","Picea abies (L.) H. Karst.",2,208,1713,1835
"northamerica/canada/can676.rwl","Worth a second look",1,"file mixes precision flags across series","Picea engelmannii Parry ex Engelm.",72,12700,1634,2017
"northamerica/canada/cana045l.rwl","Worth a second look",1,"file median far from genus median","Picea mariana (Mill.) Britton, Sterns, & Poggenb.",23,2724,1841,1988
"northamerica/canada/cana050l.rwl","Worth a second look",1,"file median far from genus median","Picea glauca (Moench) Voss",23,4057,1709,1988
"northamerica/canada/cana052l.rwl","Worth a second look",1,"file median far from genus median","Picea glauca (Moench) Voss",15,2715,1759,1988
"northamerica/canada/cana053l.rwl","Worth a second look",1,"file median far from genus median","Picea glauca (Moench) Voss",24,6001,1610,1988
"northamerica/canada/cana055l.rwl","Worth a second look",1,"file median far from genus median","Picea mariana (Mill.) Britton, Sterns, & Poggenb.",26,4485,1719,1988
"northamerica/canada/cana057l.rwl","Worth a second look",1,"file median far from genus median","Picea glauca (Moench) Voss",24,3184,1807,1988
"northamerica/canada/cana059l.rwl","Worth a second look",1,"file median far from genus median","Picea mariana (Mill.) Britton, Sterns, & Poggenb.",20,2404,1853,1988
"northamerica/canada/cana060l.rwl","Worth a second look",1,"file median far from genus median","Picea glauca (Moench) Voss",24,5129,1695,1988
"northamerica/canada/cana062l.rwl","Worth a second look",1,"file median far from genus median","Picea mariana (Mill.) Britton, Sterns, & Poggenb.",24,4549,1659,1988
"northamerica/canada/cana066l.rwl","Worth a second look",1,"file median far from genus median","Picea mariana (Mill.) Britton, Sterns, & Poggenb.",24,3110,1748,1988
"northamerica/canada/cana067l.rwl","Worth a second look",1,"file median far from genus median","Picea mariana (Mill.) Britton, Sterns, & Poggenb.",24,3859,1743,1988
"northamerica/canada/cana068l.rwl","Worth a second look",1,"file median far from genus median","Picea mariana (Mill.) Britton, Sterns, & Poggenb.",24,2324,1870,1988
"northamerica/canada/cana070l.rwl","Worth a second look",1,"file median far from genus median","Picea mariana (Mill.) Britton, Sterns, & Poggenb.",24,3168,1768,1988
"northamerica/canada/cana071l.rwl","Worth a second look",1,"file median far from genus median","Picea mariana (Mill.) Britton, Sterns, & Poggenb.",30,4969,1786,1988
"northamerica/canada/cana072l.rwl","Worth a second look",1,"file median far from genus median","Picea mariana (Mill.) Britton, Sterns, & Poggenb.",23,3222,1743,1988
"northamerica/canada/cana076l.rwl","Worth a second look",1,"file median far from genus median","Picea mariana (Mill.) Britton, Sterns, & Poggenb.",26,4431,1739,1988
"northamerica/canada/cana077l.rwl","Worth a second look",1,"file median far from genus median","Picea mariana (Mill.) Britton, Sterns, & Poggenb.",24,3978,1777,1988
"northamerica/canada/cana078l.rwl","Worth a second look",1,"file median far from genus median","Picea mariana (Mill.) Britton, Sterns, & Poggenb.",23,2400,1864,1988
"northamerica/canada/cana081l.rwl","Worth a second look",1,"file median far from genus median","Picea mariana (Mill.) Britton, Sterns, & Poggenb.",24,2649,1847,1988
"northamerica/canada/cana082l.rwl","Worth a second look",1,"file median far from genus median","Picea glauca (Moench) Voss",30,5847,1585,1983
"northamerica/canada/cana169l.rwl","Worth a second look",1,"file median far from genus median","Picea mariana (Mill.) Britton, Sterns, & Poggenb.",83,9684,1352,1989
"northamerica/canada/cana170l.rwl","Worth a second look",1,"file median far from genus median","Picea engelmannii Parry ex Engelm.",73,16057,1072,1991
"northamerica/canada/cana172l.rwl","Worth a second look",1,"file median far from genus median","Picea glauca (Moench) Voss",17,4367,1175,1828
"northamerica/canada/cana173l.rwl","Worth a second look",1,"file median far from genus median","Picea glauca (Moench) Voss",11,3071,1466,1992
"northamerica/canada/cana220.rwl","Worth a second look",1,"series median far from rest of file","Pinus flexilis E. James",112,51574,730,1996
"northamerica/canada/cana225.rwl","Worth a second look",1,"file mixes precision flags across series","Picea engelmannii Parry ex Engelm.",38,8477,1669,1997
"northamerica/canada/cana230.rwl","Worth a second look",1,"file mixes precision flags across series","Picea engelmannii Parry ex Engelm.",56,12045,1698,1997
"northamerica/canada/cana234x.rwl","Worth a second look",1,"file mixes precision flags across series","Picea engelmannii Parry ex Engelm.",30,8486,1512,1997
"northamerica/canada/cana237.rwl","Worth a second look",1,"file mixes precision flags across series","Picea engelmannii Parry ex Engelm.",32,6944,1694,1997
"northamerica/canada/cana237e.rwl","Worth a second look",1,"file mixes precision flags across series","Picea engelmannii Parry ex Engelm.",23,5056,1694,1997
"northamerica/canada/cana237l.rwl","Worth a second look",1,"file mixes precision flags across series","Picea engelmannii Parry ex Engelm.",23,5056,1694,1997
"northamerica/canada/cana237x.rwl","Worth a second look",1,"file mixes precision flags across series","Picea engelmannii Parry ex Engelm.",23,5056,1694,1997
"northamerica/canada/cana430x.rwl","Worth a second look",1,"file mixes precision flags across series","Picea engelmannii Parry ex Engelm.",30,6264,1665,1994
"northamerica/canada/cana448.rwl","Worth a second look",1,"file mixes precision flags across series","Picea engelmannii Parry ex Engelm.",48,8643,867,1345
"northamerica/canada/cana456.rwl","Worth a second look",1,"file mixes precision flags across series","Picea engelmannii Parry ex Engelm.",25,4722,1722,2001
"northamerica/canada/cana7ba.rwl","Worth a second look",1,"file median far from genus median","Pinus banksiana Lamb.",9,482,1938,1994
"northamerica/canada/cana7bm.rwl","Worth a second look",1,"file median far from genus median","Pinus banksiana Lamb.",9,482,1938,1994
"northamerica/canada/cana7ed.rwl","Worth a second look",1,"file median far from genus median","Pinus banksiana Lamb.",9,482,1938,1994
"northamerica/canada/cana7ld.rwl","Worth a second look",1,"file median far from genus median","Pinus banksiana Lamb.",9,482,1938,1994
"northamerica/canada/cana7mnd.rwl","Worth a second look",1,"file median far from genus median","Pinus banksiana Lamb.",9,482,1938,1994
"northamerica/canada/cana7mxd.rwl","Worth a second look",1,"file median far from genus median","Pinus banksiana Lamb.",9,482,1938,1994
"northamerica/canada/cana7rd.rwl","Worth a second look",1,"file median far from genus median","Pinus banksiana Lamb.",9,482,1938,1994
"northamerica/canada/cana7rew.rwl","Worth a second look",1,"file median far from genus median","Pinus banksiana Lamb.",9,482,1938,1994
"northamerica/canada/cana7rlw.rwl","Worth a second look",1,"file median far from genus median","Pinus banksiana Lamb.",9,482,1938,1994
"northamerica/canada/cana8ba.rwl","Worth a second look",1,"file median far from genus median","Pinus banksiana Lamb.",7,511,1919,1994
"northamerica/canada/cana8bm.rwl","Worth a second look",1,"file median far from genus median","Pinus banksiana Lamb.",7,511,1919,1994
"northamerica/canada/cana8ed.rwl","Worth a second look",1,"file median far from genus median","Pinus banksiana Lamb.",7,511,1919,1994
"northamerica/canada/cana8ld.rwl","Worth a second look",1,"file median far from genus median","Pinus banksiana Lamb.",7,511,1919,1994
"northamerica/canada/cana8mnd.rwl","Worth a second look",1,"file median far from genus median","Pinus banksiana Lamb.",7,511,1919,1994
"northamerica/canada/cana8mxd.rwl","Worth a second look",1,"file median far from genus median","Pinus banksiana Lamb.",7,511,1919,1994
"northamerica/canada/cana8rd.rwl","Worth a second look",1,"file median far from genus median","Pinus banksiana Lamb.",7,511,1919,1994
"northamerica/canada/cana8rew.rwl","Worth a second look",1,"file median far from genus median","Pinus banksiana Lamb.",7,511,1919,1994
"northamerica/canada/cana8rlw.rwl","Worth a second look",1,"file median far from genus median","Pinus banksiana Lamb.",7,511,1919,1994
"northamerica/mexico/mex134.rwl","Worth a second look",1,"series median far from rest of file","Abies jaliscana (Martínez) Mantilla, Shalisko & A.Vázquez",234,15721,1866,2017
"northamerica/mexico/mexi035l.rwl","Worth a second look",1,"file median far from genus median","Taxodium mucronatum Ten.",40,5896,1550,1995
"northamerica/mexico/mexi107.rwl","Worth a second look",1,"file mixes precision flags across series","Pinus jeffreyi Balf.",134,35751,1449,2010
"northamerica/usa/ak006l.rwl","Worth a second look",1,"file median far from genus median","Picea glauca (Moench) Voss",30,7720,1551,1983
"northamerica/usa/ak009l.rwl","Worth a second look",1,"file median far from genus median","Picea glauca (Moench) Voss",22,4316,1696,1983
"northamerica/usa/ak010l.rwl","Worth a second look",1,"file median far from genus median","Picea glauca (Moench) Voss",22,4779,1654,1983
"northamerica/usa/ak012l.rwl","Worth a second look",1,"file median far from genus median","Picea glauca (Moench) Voss",26,4317,1795,1983
"northamerica/usa/ak045.rwl","Worth a second look",1,"file median far from genus median","Picea glauca (Moench) Voss",15,2833,1774,1996
"northamerica/usa/ak092.rwl","Worth a second look",1,"stop marker mid-series, series continues immediately","Tsuga mertensiana (Bong.) Carrière",33,8466,1553,1993
"northamerica/usa/al002e.rwl","Worth a second look",1,"file median far from genus median","Pinus palustris Mill.",45,2322,1900,1994
"northamerica/usa/al002l.rwl","Worth a second look",1,"file median far from genus median","Pinus palustris Mill.",57,2936,1919,1994
"northamerica/usa/ar075.rwl","Worth a second look",1,"single value out of range","Taxodium distichum (L.) Rich.",25,3032,1538,1882
"northamerica/usa/az553l.rwl","Worth a second look",1,"file median far from genus median","Picea engelmannii Parry ex Engelm.",23,6904,1453,1983
"northamerica/usa/az593.rwl","Worth a second look",1,"single value out of range","Pseudotsuga menziesii (Mirb.) Franco",109,31153,1464,2008
"northamerica/usa/az605.rwl","Worth a second look",1,"file mixes precision flags across series","Pinus edulis Engelm.",45,9787,1626,2016
"northamerica/usa/az607.rwl","Worth a second look",1,"file mixes precision flags across series","Pinus ponderosa Douglas ex C. Lawson",25,2812,1837,2015
"northamerica/usa/ca613.rwl","Worth a second look",1,"file mixes precision flags across series","Pseudotsuga macrocarpa (Vasey) Mayr",56,9209,1657,1995
"northamerica/usa/ca673.rwl","Worth a second look",1,"very short series","Pinus muricata D.Don",27,2364,1846,2008
"northamerica/usa/co553l.rwl","Worth a second look",1,"file median far from genus median","Picea engelmannii Parry ex Engelm.",26,7737,1530,1983
"northamerica/usa/co574l.rwl","Worth a second look",1,"file median far from genus median","Picea engelmannii Parry ex Engelm.",23,4888,1694,1982
"northamerica/usa/co577l.rwl","Worth a second look",1,"file median far from genus median","Pinus ponderosa Douglas ex C. Lawson",21,3575,1716,1982
"northamerica/usa/co610.rwl","Worth a second look",1,"file mixes precision flags across series","Pinus edulis Engelm.",61,18509,1270,2002
"northamerica/usa/co620.rwl","Worth a second look",1,"file mixes precision flags across series","Pseudotsuga menziesii (Mirb.) Franco",41,10606,1524,2000
"northamerica/usa/co651l.rwl","Worth a second look",1,"file median far from genus median","Pseudotsuga menziesii (Mirb.) Franco",92,23646,722,2011
"northamerica/usa/co652l.rwl","Worth a second look",1,"file median far from genus median","Pseudotsuga menziesii (Mirb.) Franco",196,50501,480,2011
"northamerica/usa/co675.rwl","Worth a second look",1,"file mixes precision flags across series","Pinus ponderosa Douglas ex C. Lawson",46,9188,1634,2003
"northamerica/usa/fl007l.rwl","Worth a second look",1,"file median far from genus median","Taxodium distichum (L.) Rich.",28,4083,1618,2005
"northamerica/usa/fl022e.rwl","Worth a second look",1,"stop marker mid-series, series continues immediately","Pinus palustris Mill.",171,29481,1472,2018
"northamerica/usa/ia039.rwl","Worth a second look",1,"file mixes precision flags across series","Quercus alba L.",79,14967,1574,2019
"northamerica/usa/ia040.rwl","Worth a second look",1,"file mixes precision flags across series","Quercus alba L.",139,24697,1663,2019
"northamerica/usa/ia041.rwl","Worth a second look",1,"file mixes precision flags across series","Quercus alba L.",36,4601,1672,2019
"northamerica/usa/ia042.rwl","Worth a second look",1,"file mixes precision flags across series","Quercus alba L.",130,24491,1635,2019
"northamerica/usa/ia043.rwl","Worth a second look",1,"file mixes precision flags across series","Quercus alba L.",51,9047,1724,2018
"northamerica/usa/ia044.rwl","Worth a second look",1,"file mixes precision flags across series","Quercus alba L.",44,6840,1715,2018
"northamerica/usa/ia045.rwl","Worth a second look",1,"file mixes precision flags across series","Quercus alba L.",54,6601,1770,2018
"northamerica/usa/ia046.rwl","Worth a second look",1,"file mixes precision flags across series","Quercus alba L.",101,14706,1654,2020
"northamerica/usa/id018.rwl","Worth a second look",1,"file mixes precision flags across series","Pinus ponderosa Douglas ex C. Lawson",44,11888,1589,2013
"northamerica/usa/il017.rwl","Worth a second look",1,"file mixes precision flags across series","Quercus spp. L.",51,7467,1727,2014
"northamerica/usa/il022.rwl","Worth a second look",1,"single value out of range","Quercus alba L.",26,3656,1825,2014
"northamerica/usa/il023.rwl","Worth a second look",1,"file mixes precision flags across series","Quercus lyrata Walter",37,5053,1761,2014
"northamerica/usa/il028.rwl","Worth a second look",1,"file mixes precision flags across series","Quercus alba L.",13,1924,1792,2014
"northamerica/usa/ky005.rwl","Worth a second look",1,"file mixes precision flags across series","Quercus stellata Wangenh.",51,8814,1689,2005
"northamerica/usa/mi021.rwl","Worth a second look",1,"series median far from rest of file","Pinus resinosa Aiton",43,10779,1,2006
"northamerica/usa/mn028.rwl","Worth a second look",1,"stop marker mid-series, series continues immediately","Quercus macrocarpa Michx.",19,1852,1890,2010
"northamerica/usa/mo053.rwl","Worth a second look",1,"single value out of range","Quercus velutina Lam.",321,23805,1839,2002
"northamerica/usa/mt108l.rwl","Worth a second look",1,"file median far from genus median","Picea engelmannii Parry ex Engelm.",26,8459,1496,1983
"northamerica/usa/mt123.rwl","Worth a second look",1,"single value out of range","Pseudotsuga menziesii (Mirb.) Franco",51,11214,1564,2001
"northamerica/usa/mt143.rwl","Worth a second look",1,"single value out of range","Pseudotsuga menziesii (Mirb.) Franco",62,12201,1580,2010
"northamerica/usa/nc026.rwl","Worth a second look",1,"file mixes precision flags across series","Taxodium distichum (L.) Rich.",155,69550,365,2010
"northamerica/usa/nc027.rwl","Worth a second look",1,"file mixes precision flags across series","Taxodium distichum (L.) Rich.",185,91448,-604,2017
"northamerica/usa/nd013.rwl","Worth a second look",1,"very short series","Populus deltoides Bartr. ex Marsh.",649,72689,1643,2010
"northamerica/usa/nd018.rwl","Worth a second look",1,"file mixes precision flags across series","Pinus ponderosa Douglas ex C. Lawson",78,14395,1592,2020
"northamerica/usa/nm503l.rwl","Worth a second look",1,"file median far from genus median","Pseudotsuga menziesii (Mirb.) Franco",15,5483,1487,1978
"northamerica/usa/nm545l.rwl","Worth a second look",1,"file median far from genus median","Pinus edulis Engelm.",4,594,1760,1978
"northamerica/usa/nm580l.rwl","Worth a second look",1,"file median far from genus median","Pseudotsuga menziesii (Mirb.) Franco",109,32718,-136,2004
"northamerica/usa/oh007.rwl","Worth a second look",1,"file mixes precision flags across series","Quercus alba L.",76,17470,1626,2012
"northamerica/usa/or105.rwl","Worth a second look",1,"file mixes precision flags across series","Tsuga mertensiana (Bong.) Carrière",58,11056,1706,2018
"northamerica/usa/or106.rwl","Worth a second look",1,"file mixes precision flags across series","Juniperus occidentalis Hook.",78,21241,870,2019
"northamerica/usa/or106l.rwl","Worth a second look",1,"file median far from genus median","Juniperus occidentalis Hook.",32,6135,1763,2019
"northamerica/usa/sd025.rwl","Worth a second look",1,"file mixes precision flags across series","Pinus ponderosa Douglas ex C. Lawson",66,17881,1591,2020
"northamerica/usa/sd025l.rwl","Worth a second look",1,"file median far from genus median","Pinus ponderosa Douglas ex C. Lawson",33,8765,1591,2020
"northamerica/usa/sd026.rwl","Worth a second look",1,"file mixes precision flags across series","Pinus ponderosa Douglas ex C. Lawson",54,13805,1281,2020
"northamerica/usa/tx009.rwl","Worth a second look",1,"single value out of range","Quercus stellata Wangenh.",79,11580,1681,1995
"northamerica/usa/ut529.rwl","Worth a second look",1,"file mixes precision flags across series","Pseudotsuga menziesii (Mirb.) Franco",44,18915,350,2005
"northamerica/usa/vt012.rwl","Worth a second look",1,"file has 1-2 series","Tsuga canadensis (L.) Carr.",2,339,1600,1809
"northamerica/usa/vt014.rwl","Worth a second look",1,"file has 1-2 series","Tsuga canadensis (L.) Carr.",1,222,1624,1845
"northamerica/usa/wa082l.rwl","Worth a second look",1,"file median far from genus median","Abies amabilis Douglas ex J. Forbes",23,4536,1698,1983
"northamerica/usa/wa130.rwl","Worth a second look",1,"file mixes precision flags across series","Thuja plicata Donn ex D. Don",8,2092,1305,1680
"northamerica/usa/wa156.rwl","Worth a second look",1,"file has 1-2 series","Pseudotsuga menziesii (Mirb.) Franco",2,726,561,923
"northamerica/usa/wi022.rwl","Worth a second look",1,"file has 1-2 series","Quercus spp. L.",2,132,1842,1934
"northamerica/usa/wi043.rwl","Worth a second look",1,"file has 1-2 series","Quercus spp. L.",2,342,1677,1852
"northamerica/usa/wy023l.rwl","Worth a second look",1,"file median far from genus median","Picea engelmannii Parry ex Engelm.",26,10443,1388,1983
"northamerica/usa/wy024l.rwl","Worth a second look",1,"file median far from genus median","Picea engelmannii Parry ex Engelm.",26,7049,1508,1983
"northamerica/usa/wy027.rwl","Worth a second look",1,"file mixes precision flags across series","Pseudotsuga menziesii (Mirb.) Franco",65,18739,1168,1999
"northamerica/usa/wy082.rwl","Worth a second look",1,"file mixes precision flags across series","Pinus ponderosa Douglas ex C. Lawson",74,14015,1340,2020
"northamerica/usa/wy082l.rwl","Worth a second look",1,"file median far from genus median","Pinus ponderosa Douglas ex C. Lawson",34,6586,1643,2020
"southamerica/bol026.rwl","Worth a second look",1,"single value out of range","Amburana cearensis (Allemão) A.C.Sm.",24,2714,1788,2010
"southamerica/bra002.rwl","Worth a second look",1,"file mixes precision flags across series","Cedrela fissilis Vell.",91,5492,1882,2017
"southamerica/bra053.rwl","Worth a second look",1,"file median far from genus median","Cedrela odorata L.",38,2266,1885,2016
"southamerica/arge142.rwl","Normal practice, flagged for reference",52,"interior year gap; one ID carries two separate segments","Fitzroya cupressoides (Molina) I.M. Johnst.",125,57140,888,2011
"asia/russ217.rwl","Normal practice, flagged for reference",26,"interior year gap; one ID carries two separate segments","Larix gmelinii (Rupr.) Kuzen.=L.kurulensis(Maxim ex Regel)Pilg.=L.dahuricaTurcz.exTratv=Larix cajanderi Mayr",35,12725,1420,1995
"asia/japa014.rwl","Normal practice, flagged for reference",25,"ID fills all 8 columns; interior year gap; one ID carries two separate segments","Picea glehnii (Fr. Schmidt) Mast.",117,29300,1487,1997
"asia/japa014x.rwl","Normal practice, flagged for reference",20,"interior year gap; one ID carries two separate segments","Picea glehnii (Fr. Schmidt) Mast.",111,23812,1487,1997
"southamerica/arge015.rwl","Normal practice, flagged for reference",18,"interior year gap; one ID carries two separate segments","Araucaria araucana (Molina) K. Koch",27,11047,500,1974
"northamerica/usa/nc023.rwl","Normal practice, flagged for reference",14,"interior year gap; one ID carries two separate segments","Quercus alba L.",28,6060,1599,2003
"northamerica/usa/co649.rwl","Normal practice, flagged for reference",12,"interior year gap; one ID carries two separate segments","Pinus edulis Engelm.",62,18340,996,2002
"southamerica/arge005.rwl","Normal practice, flagged for reference",12,"interior year gap; one ID carries two separate segments","Araucaria araucana (Molina) K. Koch",24,6872,1459,1974
"asia/japa016.rwl","Normal practice, flagged for reference",11,"ID fills all 8 columns; interior year gap; one ID carries two separate segments","Tsuga diversifolia (Maxim.) Mast.",49,11939,1540,2001
"australia/ausl039.rwl","Normal practice, flagged for reference",11,"ID fills all 8 columns; interior year gap; one ID carries two separate segments","Athrotaxis selaginoides D. Don",63,15838,1481,2011
"australia/newz010.rwl","Normal practice, flagged for reference",10,"interior year gap; one ID carries two separate segments","Dacrydium biforme (Hook.) Pilg. = Halocarpus biformis (Hook.) Quinn = Halocarpus biformis Hook.",25,6221,1567,1976
"northamerica/usa/co636.rwl","Normal practice, flagged for reference",10,"interior year gap; one ID carries two separate segments","Pinus edulis Engelm.",32,7100,1508,2002
"northamerica/usa/co648.rwl","Normal practice, flagged for reference",10,"interior year gap; one ID carries two separate segments","Pinus edulis Engelm.",69,23730,1175,2002
"northamerica/usa/co672.rwl","Normal practice, flagged for reference",10,"interior year gap; one ID carries two separate segments","Pinus aristata Engelm.",52,24162,-357,1992
"northamerica/usa/il014.rwl","Normal practice, flagged for reference",10,"interior year gap; one ID carries two separate segments","Quercus alba L.",52,11819,1652,1981
"northamerica/usa/nj007.rwl","Normal practice, flagged for reference",10,"interior year gap; one ID carries two separate segments","Quercus prinus L.",48,11317,1577,2002
"northamerica/usa/ut524.rwl","Normal practice, flagged for reference",10,"interior year gap; one ID carries two separate segments","Pinus edulis Engelm.",38,12311,1378,2002
"southamerica/arge006.rwl","Normal practice, flagged for reference",10,"interior year gap; one ID carries two separate segments","Araucaria araucana (Molina) K. Koch",45,16991,481,1974
"southamerica/arge007.rwl","Normal practice, flagged for reference",10,"interior year gap; one ID carries two separate segments","Austrocedrus chilensis (D. Don) Pic. Serm. & Bizzarri",22,5880,1539,1974
"australia/ausl025.rwl","Normal practice, flagged for reference",8,"interior year gap; one ID carries two separate segments","Phyllocladus aspleniifolius (Labill.) Hook. f.",45,14325,1240,2007
"australia/ausl026.rwl","Normal practice, flagged for reference",8,"interior year gap; one ID carries two separate segments","Phyllocladus aspleniifolius (Labill.) Hook. f.",78,21603,1152,1994
"northamerica/usa/co579.rwl","Normal practice, flagged for reference",8,"interior year gap; one ID carries two separate segments","Pinus edulis Engelm.",59,22913,1320,2002
"northamerica/usa/co623.rwl","Normal practice, flagged for reference",8,"interior year gap; one ID carries two separate segments","Pinus ponderosa Douglas ex C. Lawson",20,6472,1511,2000
"northamerica/usa/co625.rwl","Normal practice, flagged for reference",8,"interior year gap; one ID carries two separate segments","Pinus ponderosa Douglas ex C. Lawson",35,11213,1566,2002
"northamerica/usa/ia001.rwl","Normal practice, flagged for reference",8,"interior year gap; one ID carries two separate segments","Quercus alba L.",71,9943,1730,1980
"northamerica/usa/ia030.rwl","Normal practice, flagged for reference",8,"interior year gap; one ID carries two separate segments","Quercus alba L.",33,7282,1631,1980
"northamerica/usa/il011.rwl","Normal practice, flagged for reference",8,"interior year gap; one ID carries two separate segments","Quercus alba L.",37,7080,1674,1980
"southamerica/chil007.rwl","Normal practice, flagged for reference",8,"interior year gap; one ID carries two separate segments","Austrocedrus chilensis (D. Don) Pic. Serm. & Bizzarri",61,19095,1131,1975
"asia/japa017x.rwl","Normal practice, flagged for reference",7,"ID fills all 8 columns; interior year gap; one ID carries two separate segments","Cryptomeria japonica (Thunb. ex L.f.) D. Don",22,3328,1754,2004
"asia/mng045.rwl","Normal practice, flagged for reference",7,"ID fills all 8 columns; interior year gap; one ID carries two separate segments","Larix sibirica Ledeb. = Larix russica (Endl.) Sabine ex Trautv.",55,24005,79,2012
"australia/ausl035.rwl","Normal practice, flagged for reference",7,"interior year gap; one ID carries two separate segments","Phyllocladus aspleniifolius (Labill.) Hook. f.",59,13026,1543,1999
"australia/ausl040.rwl","Normal practice, flagged for reference",7,"interior year gap; one ID carries two separate segments","Athrotaxis cupressoides D. Don",91,39844,1028,2008
"australia/newz076i.rwl","Normal practice, flagged for reference",7,"ID fills all 8 columns; interior year gap; one ID carries two separate segments","Dacrydium biforme (Hook.) Pilg. = Halocarpus biformis (Hook.) Quinn = Halocarpus biformis Hook.",13,2098,1629,1994
"australia/newz076t.rwl","Normal practice, flagged for reference",7,"ID fills all 8 columns; interior year gap; one ID carries two separate segments","Dacrydium biforme (Hook.) Pilg. = Halocarpus biformis (Hook.) Quinn = Halocarpus biformis Hook.",13,1882,1629,1993
"northamerica/usa/mt142.rwl","Normal practice, flagged for reference",7,"ID fills all 8 columns; interior year gap; one ID carries two separate segments","Pseudotsuga menziesii (Mirb.) Franco",61,21376,1499,2002
"asia/indi002e.rwl","Normal practice, flagged for reference",6,"interior year gap; one ID carries two separate segments","Abies pindrow (Royle ex D. Don) Royle",13,2993,1620,1980
"asia/indi002n.rwl","Normal practice, flagged for reference",6,"interior year gap; one ID carries two separate segments","Abies pindrow (Royle ex D. Don) Royle",13,2993,1620,1980
"asia/indi002x.rwl","Normal practice, flagged for reference",6,"interior year gap; one ID carries two separate segments","Abies pindrow (Royle ex D. Don) Royle",13,2993,1620,1980
"australia/aus126.rwl","Normal practice, flagged for reference",6,"ID fills all 8 columns; interior year gap; one ID carries two separate segments; trailing text in field 11","Phyllocladus aspleniifolius (Labill.) Hook. f.",49,23956,1000,2009
"northamerica/canada/cana404.rwl","Normal practice, flagged for reference",6,"interior year gap; one ID carries two separate segments","Larix lyallii Parl.",50,19176,1415,1993
"northamerica/canada/cana418.rwl","Normal practice, flagged for reference",6,"interior year gap; one ID carries two separate segments","Larix lyallii Parl.",29,9384,1460,1993
"northamerica/usa/co596.rwl","Normal practice, flagged for reference",6,"interior year gap; one ID carries two separate segments","Pinus ponderosa Douglas ex C. Lawson",29,7596,1545,2003
"northamerica/usa/co619.rwl","Normal practice, flagged for reference",6,"interior year gap; one ID carries two separate segments","Pseudotsuga menziesii (Mirb.) Franco",29,10322,1192,2000
"northamerica/usa/co629.rwl","Normal practice, flagged for reference",6,"interior year gap; one ID carries two separate segments","Pinus edulis Engelm.",61,24071,1296,2002
"northamerica/usa/co676.rwl","Normal practice, flagged for reference",6,"interior year gap; one ID carries two separate segments","Pinus edulis Engelm.",106,33398,882,2013
"northamerica/usa/tn029.rwl","Normal practice, flagged for reference",6,"interior year gap; one ID carries two separate segments","Tsuga canadensis (L.) Carr.",27,7470,1635,2006
"asia/mong002.rwl","Normal practice, flagged for reference",5,"blank inside series ID; interior year gap; one ID carries two separate segments","Pinus sibirica Du Tour",33,6287,1506,1994
"australia/aus125c.rwl","Normal practice, flagged for reference",5,"interior year gap; one ID carries two separate segments; trailing text in field 11","Athrotaxis selaginoides D. Don",27,12985,918,2012
"australia/aus125d.rwl","Normal practice, flagged for reference",5,"interior year gap; one ID carries two separate segments; trailing text in field 11","Athrotaxis selaginoides D. Don",26,12643,1150,2012
"australia/newz076e.rwl","Normal practice, flagged for reference",5,"ID fills all 8 columns; interior year gap; one ID carries two separate segments","Dacrydium biforme (Hook.) Pilg. = Halocarpus biformis (Hook.) Quinn = Halocarpus biformis Hook.",12,1777,1743,1994
"australia/newz076n.rwl","Normal practice, flagged for reference",5,"ID fills all 8 columns; interior year gap; one ID carries two separate segments","Dacrydium biforme (Hook.) Pilg. = Halocarpus biformis (Hook.) Quinn = Halocarpus biformis Hook.",12,1828,1743,1994
"australia/newz076x.rwl","Normal practice, flagged for reference",5,"ID fills all 8 columns; interior year gap; one ID carries two separate segments","Dacrydium biforme (Hook.) Pilg. = Halocarpus biformis (Hook.) Quinn = Halocarpus biformis Hook.",12,1677,1629,1992
"northamerica/usa/id020.rwl","Normal practice, flagged for reference",5,"interior year gap; one ID carries two separate segments; trailing text in field 11","Pinus flexilis E. James",56,20994,212,1998
"northamerica/usa/ut547.rwl","Normal practice, flagged for reference",5,"ID fills all 8 columns; interior year gap; one ID carries two separate segments","Pinus flexilis E. James",21,4867,1406,2019
"asia/indi003e.rwl","Normal practice, flagged for reference",4,"interior year gap; one ID carries two separate segments","Abies pindrow (Royle ex D. Don) Royle",11,2168,1668,1980
"asia/indi003n.rwl","Normal practice, flagged for reference",4,"interior year gap; one ID carries two separate segments","Abies pindrow (Royle ex D. Don) Royle",11,2168,1668,1980
"asia/indi003x.rwl","Normal practice, flagged for reference",4,"interior year gap; one ID carries two separate segments","Abies pindrow (Royle ex D. Don) Royle",11,2168,1668,1980
"asia/indi004.rwl","Normal practice, flagged for reference",4,"interior year gap; one ID carries two separate segments","Abies pindrow (Royle ex D. Don) Royle",10,2114,1643,1981
"asia/indi004e.rwl","Normal practice, flagged for reference",4,"interior year gap; one ID carries two separate segments","Abies pindrow (Royle ex D. Don) Royle",10,2114,1643,1981
"asia/indi004l.rwl","Normal practice, flagged for reference",4,"interior year gap; one ID carries two separate segments","Abies pindrow (Royle ex D. Don) Royle",10,2114,1643,1981
"asia/indi004n.rwl","Normal practice, flagged for reference",4,"interior year gap; one ID carries two separate segments","Abies pindrow (Royle ex D. Don) Royle",10,2114,1643,1981
"asia/indi004x.rwl","Normal practice, flagged for reference",4,"interior year gap; one ID carries two separate segments","Abies pindrow (Royle ex D. Don) Royle",10,2114,1643,1981
"asia/indi006.rwl","Normal practice, flagged for reference",4,"interior year gap; one ID carries two separate segments","Abies pindrow (Royle ex D. Don) Royle",16,2662,1654,1981
"asia/indi006e.rwl","Normal practice, flagged for reference",4,"interior year gap; one ID carries two separate segments","Abies pindrow (Royle ex D. Don) Royle",16,2662,1654,1981
"asia/indi006n.rwl","Normal practice, flagged for reference",4,"interior year gap; one ID carries two separate segments","Abies pindrow (Royle ex D. Don) Royle",16,2662,1654,1981
"asia/indi006x.rwl","Normal practice, flagged for reference",4,"interior year gap; one ID carries two separate segments","Abies pindrow (Royle ex D. Don) Royle",16,2662,1654,1981
"asia/indi007.rwl","Normal practice, flagged for reference",4,"interior year gap; one ID carries two separate segments","Abies pindrow (Royle ex D. Don) Royle",14,2537,1682,1981
"asia/indi007e.rwl","Normal practice, flagged for reference",4,"interior year gap; one ID carries two separate segments","Abies pindrow (Royle ex D. Don) Royle",14,2537,1682,1981
"asia/indi007n.rwl","Normal practice, flagged for reference",4,"interior year gap; one ID carries two separate segments","Abies pindrow (Royle ex D. Don) Royle",14,2537,1682,1981
"asia/indi007x.rwl","Normal practice, flagged for reference",4,"interior year gap; one ID carries two separate segments","Abies pindrow (Royle ex D. Don) Royle",14,2537,1682,1981
"asia/mong006.rwl","Normal practice, flagged for reference",4,"interior year gap; one ID carries two separate segments","Larix sibirica Ledeb. = Larix russica (Endl.) Sabine ex Trautv.",55,15485,1582,2001
"asia/mong009.rwl","Normal practice, flagged for reference",4,"interior year gap; one ID carries two separate segments","Larix sibirica Ledeb. = Larix russica (Endl.) Sabine ex Trautv.",35,12679,1326,1998
"australia/ausl013.rwl","Normal practice, flagged for reference",4,"interior year gap; one ID carries two separate segments","Phyllocladus aspleniifolius (Labill.) Hook. f.",25,4887,1663,1975
"australia/newz003.rwl","Normal practice, flagged for reference",4,"interior year gap; one ID carries two separate segments","Libocedrus bidwillii Hook. f.",46,10973,1616,1975
"australia/newz060.rwl","Normal practice, flagged for reference",4,"interior year gap; one ID carries two separate segments","Libocedrus bidwillii Hook. f.",58,13558,1616,1990
"australia/newz121.rwl","Normal practice, flagged for reference",4,"interior year gap; one ID carries two separate segments","Lagarostrobus colensoi (Hook.) C.J. Quinn = Dacrydium colensoi Hook.",327,112250,470,1999
"northamerica/canada/cana147.rwl","Normal practice, flagged for reference",4,"interior year gap; one ID carries two separate segments","Picea engelmannii Parry ex Engelm.",37,7177,1665,1994
"northamerica/canada/cana406.rwl","Normal practice, flagged for reference",4,"interior year gap; one ID carries two separate segments","Larix lyallii Parl.",33,10957,1365,1992
"northamerica/canada/cana415.rwl","Normal practice, flagged for reference",4,"interior year gap; one ID carries two separate segments","Larix lyallii Parl.",14,3929,1358,1993
"northamerica/canada/cana422.rwl","Normal practice, flagged for reference",4,"interior year gap; one ID carries two separate segments","Larix lyallii Parl.",27,11035,1244,1993
"northamerica/canada/cana565.rwl","Normal practice, flagged for reference",4,"interior year gap; one ID carries two separate segments","Pseudotsuga menziesii (Mirb.) Franco",43,7794,1759,2005
"northamerica/mexico/mexi004.rwl","Normal practice, flagged for reference",4,"interior year gap; one ID carries two separate segments","Pseudotsuga menziesii (Mirb.) Franco",17,4232,1569,1971
"northamerica/mexico/mexi057.rwl","Normal practice, flagged for reference",4,"interior year gap; one ID carries two separate segments","Pseudotsuga menziesii (Mirb.) Franco",94,19824,1534,2012
"northamerica/usa/ak200.rwl","Normal practice, flagged for reference",4,"interior year gap; one ID carries two separate segments","Pinus contorta Douglas ex Loudon",95,22611,1490,2008
"northamerica/usa/co583.rwl","Normal practice, flagged for reference",4,"interior year gap; one ID carries two separate segments","Pinus edulis Engelm.",40,13672,1402,2002
"northamerica/usa/co602.rwl","Normal practice, flagged for reference",4,"interior year gap; one ID carries two separate segments","Pinus ponderosa Douglas ex C. Lawson",24,7013,1507,1997
"northamerica/usa/co607.rwl","Normal practice, flagged for reference",4,"interior year gap; one ID carries two separate segments","Pinus ponderosa Douglas ex C. Lawson",24,8013,1354,2000
"northamerica/usa/co621.rwl","Normal practice, flagged for reference",4,"interior year gap; one ID carries two separate segments","Pinus edulis Engelm.",31,12957,1352,2000
"northamerica/usa/il008.rwl","Normal practice, flagged for reference",4,"interior year gap; one ID carries two separate segments","Quercus alba L.",97,22894,1633,1980
"northamerica/usa/ks013.rwl","Normal practice, flagged for reference",4,"interior year gap; one ID carries two separate segments","Juniperus virginiana L.",70,10428,1353,2008
"northamerica/usa/me039.rwl","Normal practice, flagged for reference",4,"interior year gap; one ID carries two separate segments","Chamaecyparis thyoides (L.) B.S.P.",81,9455,1859,2014
"northamerica/usa/mo014.rwl","Normal practice, flagged for reference",4,"interior year gap; one ID carries two separate segments","Quercus alba L.",55,10954,1641,1980
"northamerica/usa/nj006.rwl","Normal practice, flagged for reference",4,"interior year gap; one ID carries two separate segments","Quercus rubra L.",42,5956,1785,2001
"northamerica/usa/sd001.rwl","Normal practice, flagged for reference",4,"interior year gap; one ID carries two separate segments","Pinus ponderosa Douglas ex C. Lawson",19,4689,1520,1964
"southamerica/arge018.rwl","Normal practice, flagged for reference",4,"interior year gap; one ID carries two separate segments","Araucaria araucana (Molina) K. Koch",92,21166,1377,1976
"southamerica/arge020.rwl","Normal practice, flagged for reference",4,"interior year gap; one ID carries two separate segments","Araucaria araucana (Molina) K. Koch",57,12356,1617,1976
"southamerica/arge088.rwl","Normal practice, flagged for reference",4,"blank inside series ID; ID fills all 8 columns; interior year gap; one ID carries two separate segments","Fitzroya cupressoides (Molina) I.M. Johnst.",74,34791,864,1991
"asia/mong008.rwl","Normal practice, flagged for reference",3,"interior year gap; one ID carries two separate segments","Pinus sibirica Du Tour",14,3297,1641,1998
"asia/russ243.rwl","Normal practice, flagged for reference",3,"ID fills all 8 columns; interior year gap; one ID carries two separate segments","Larix gmelinii (Rupr.) Kuzen.=L.kurulensis(Maxim ex Regel)Pilg.=L.dahuricaTurcz.exTratv=Larix cajanderi Mayr",44,11147,1536,2004
"australia/aus125h.rwl","Normal practice, flagged for reference",3,"interior year gap; one ID carries two separate segments; trailing text in field 11","Athrotaxis selaginoides D. Don",25,11492,1150,2012
"australia/aus128c.rwl","Normal practice, flagged for reference",3,"interior year gap; one ID carries two separate segments; trailing text in field 11","Lagarostrobos franklinii (Hook. f.) Quinn",14,7334,1179,2012
"australia/aus128d.rwl","Normal practice, flagged for reference",3,"interior year gap; one ID carries two separate segments; trailing text in field 11","Lagarostrobos franklinii (Hook. f.) Quinn",14,7926,1179,2012
"australia/aus128h.rwl","Normal practice, flagged for reference",3,"interior year gap; one ID carries two separate segments; trailing text in field 11","Lagarostrobos franklinii (Hook. f.) Quinn",14,8017,1179,2012
"australia/ausl020.rwl","Normal practice, flagged for reference",3,"interior year gap; one ID carries two separate segments","Phyllocladus aspleniifolius (Labill.) Hook. f.",24,7322,1542,1975
"australia/newz059.rwl","Normal practice, flagged for reference",3,"ID fills all 8 columns; interior year gap; one ID carries two separate segments","Libocedrus bidwillii Hook. f.",58,13968,1525,1992
"australia/newz076l.rwl","Normal practice, flagged for reference",3,"ID fills all 8 columns; interior year gap; one ID carries two separate segments","Dacrydium biforme (Hook.) Pilg. = Halocarpus biformis (Hook.) Quinn = Halocarpus biformis Hook.",12,1558,1708,1995
"northamerica/canada/cana520.rwl","Normal practice, flagged for reference",3,"ID fills all 8 columns; interior year gap; one ID carries two separate segments","Picea glauca (Moench) Voss",129,33310,1501,2006
"northamerica/canada/cana579.rwl","Normal practice, flagged for reference",3,"interior year gap; one ID carries two separate segments; trailing text in field 11","Pseudotsuga menziesii (Mirb.) Franco",232,78006,1340,2004
"northamerica/usa/ak115.rwl","Normal practice, flagged for reference",3,"ID fills all 8 columns; interior year gap; one ID carries two separate segments","Picea glauca (Moench) Voss",52,10440,1389,2001
"northamerica/usa/ak115x.rwl","Normal practice, flagged for reference",3,"ID fills all 8 columns; interior year gap; one ID carries two separate segments","Picea glauca (Moench) Voss",52,10440,1389,2001
"northamerica/usa/mi034.rwl","Normal practice, flagged for reference",3,"ID fills all 8 columns; interior year gap; one ID carries two separate segments","Quercus rubra",24,2781,1818,2017
"northamerica/usa/mi035.rwl","Normal practice, flagged for reference",3,"ID fills all 8 columns; interior year gap; one ID carries two separate segments","Pinus strobus",27,2369,1890,2017
"northamerica/usa/mt155.rwl","Normal practice, flagged for reference",3,"ID fills all 8 columns; interior year gap; one ID carries two separate segments","Pseudotsuga menziesii (Mirb.) Franco",36,8340,1660,2001
"northamerica/usa/mt159.rwl","Normal practice, flagged for reference",3,"ID fills all 8 columns; interior year gap; one ID carries two separate segments","Pseudotsuga menziesii (Mirb.) Franco",21,7260,1337,2002
"northamerica/usa/mt175.rwl","Normal practice, flagged for reference",3,"ID fills all 8 columns; interior year gap; one ID carries two separate segments","Pinus flexilis E. James",71,21844,783,2000
"northamerica/usa/ut556.rwl","Normal practice, flagged for reference",3,"ID fills all 8 columns; interior year gap; one ID carries two separate segments","Populus tremuloides Michx.",26,3663,1767,2020
"northamerica/usa/wv028.rwl","Normal practice, flagged for reference",3,"ID fills all 8 columns; interior year gap; one ID carries two separate segments","Quercus alba L.",26,3215,1591,1784
"southamerica/arge092.rwl","Normal practice, flagged for reference",3,"ID fills all 8 columns; interior year gap; one ID carries two separate segments","Fitzroya cupressoides (Molina) I.M. Johnst.",57,26806,-342,1995
"africa/mar033.rwl","Normal practice, flagged for reference",2,"blank inside series ID; ID fills all 8 columns","Cedrus atlantica (Endl.) Manetti ex Carrière",45,10694,1560,2011
"asia/ind027.rwl","Normal practice, flagged for reference",2,"blank inside series ID; ID fills all 8 columns","Tectona grandis L. f.",18,2074,1864,2004
"asia/indi002.rwl","Normal practice, flagged for reference",2,"interior year gap; one ID carries two separate segments","Abies pindrow (Royle ex D. Don) Royle",14,2965,1604,1980
"asia/mong005.rwl","Normal practice, flagged for reference",2,"interior year gap; one ID carries two separate segments","Pinus sylvestris L.",32,7073,1651,1996
"asia/mong014.rwl","Normal practice, flagged for reference",2,"interior year gap; one ID carries two separate segments","Larix sibirica Ledeb. = Larix russica (Endl.) Sabine ex Trautv.",28,9723,1557,2002
"asia/mong019.rwl","Normal practice, flagged for reference",2,"interior year gap; one ID carries two separate segments","Larix sibirica Ledeb. = Larix russica (Endl.) Sabine ex Trautv.",43,15598,1375,2004
"asia/mong022.rwl","Normal practice, flagged for reference",2,"interior year gap; one ID carries two separate segments","Pinus sibirica Du Tour",37,6818,1692,1996
"asia/mong043b.rwl","Normal practice, flagged for reference",2,"blank inside series ID; ID fills all 8 columns","Larix sibirica Ledeb. = Larix russica (Endl.) Sabine ex Trautv.",102,23912,1178,2005
"asia/nepa003.rwl","Normal practice, flagged for reference",2,"interior year gap; one ID carries two separate segments","Abies spectabilis (D. Don) Spach",30,9516,1420,1997
"asia/nepa010.rwl","Normal practice, flagged for reference",2,"interior year gap; one ID carries two separate segments","Juniperus recurva Buch.-Ham. ex D. Don",32,9966,1417,1998
"asia/russ019.rwl","Normal practice, flagged for reference",2,"interior year gap; one ID carries two separate segments","Larix gmelinii (Rupr.) Kuzen.=L.kurulensis(Maxim ex Regel)Pilg.=L.dahuricaTurcz.exTratv=Larix cajanderi Mayr",43,9333,1580,1997
"asia/russ262.rwl","Normal practice, flagged for reference",2,"interior year gap; one ID carries two separate segments","Larix gmelinii (Rupr.) Kuzen.=L.kurulensis(Maxim ex Regel)Pilg.=L.dahuricaTurcz.exTratv=Larix cajanderi Mayr",33,6819,1675,2014
"asia/russ263.rwl","Normal practice, flagged for reference",2,"interior year gap; one ID carries two separate segments","Larix gmelinii (Rupr.) Kuzen.=L.kurulensis(Maxim ex Regel)Pilg.=L.dahuricaTurcz.exTratv=Larix cajanderi Mayr",40,7930,1674,2014
"australia/ausl016.rwl","Normal practice, flagged for reference",2,"interior year gap; one ID carries two separate segments","Phyllocladus aspleniifolius (Labill.) Hook. f.",11,2402,1548,1974
"australia/ausl018.rwl","Normal practice, flagged for reference",2,"interior year gap; one ID carries two separate segments","Phyllocladus aspleniifolius (Labill.) Hook. f.",33,10445,1290,1975
"australia/ausl023.rwl","Normal practice, flagged for reference",2,"interior year gap; one ID carries two separate segments","Lagarostrobus franklinii (Hook. f.) Quinn",23,10602,1058,1992
"australia/ausl030.rwl","Normal practice, flagged for reference",2,"interior year gap; one ID carries two separate segments","Phyllocladus aspleniifolius (Labill.) Hook. f.",36,7627,1541,1998
"australia/ausl041.rwl","Normal practice, flagged for reference",2,"blank inside series ID; ID fills all 8 columns","Athrotaxis selaginoides D. Don",116,50246,948,2008
"australia/newz001.rwl","Normal practice, flagged for reference",2,"interior year gap","Phyllocladus trichomanoides D. Don",37,4298,1779,1975
"australia/newz002.rwl","Normal practice, flagged for reference",2,"interior year gap; one ID carries two separate segments","Libocedrus bidwillii Hook. f.",42,6778,1492,1975
"australia/newz006.rwl","Normal practice, flagged for reference",2,"interior year gap; one ID carries two separate segments","Libocedrus bidwillii Hook. f.",32,8792,1525,1976
"europe/brit063.rwl","Normal practice, flagged for reference",2,"interior year gap; one ID carries two separate segments","Quercus spp. L.",22,4120,1725,2006
"europe/che417.rwl","Normal practice, flagged for reference",2,"ID fills all 8 columns; trailing text in field 11","Larix decidua Mill.",24,4774,1542,2009
"europe/che417x.rwl","Normal practice, flagged for reference",2,"ID fills all 8 columns; trailing text in field 11","Larix decidua Mill.",24,4774,1542,2009
"europe/che418.rwl","Normal practice, flagged for reference",2,"ID fills all 8 columns; trailing text in field 11","Larix decidua Mill.",22,4419,1672,2010
"europe/che418x.rwl","Normal practice, flagged for reference",2,"ID fills all 8 columns; trailing text in field 11","Larix decidua Mill.",22,4419,1672,2010
"europe/che419.rwl","Normal practice, flagged for reference",2,"ID fills all 8 columns; trailing text in field 11","Larix decidua Mill.",26,3902,1641,2010
"europe/che419x.rwl","Normal practice, flagged for reference",2,"ID fills all 8 columns; trailing text in field 11","Larix decidua Mill.",26,3902,1641,2010
"europe/che420.rwl","Normal practice, flagged for reference",2,"ID fills all 8 columns; trailing text in field 11","Larix decidua Mill.",26,1728,1884,2011
"europe/che420x.rwl","Normal practice, flagged for reference",2,"ID fills all 8 columns; trailing text in field 11","Larix decidua Mill.",26,1728,1884,2011
"europe/che421.rwl","Normal practice, flagged for reference",2,"ID fills all 8 columns; trailing text in field 11","Larix decidua Mill.",23,4312,1582,2010
"europe/che421x.rwl","Normal practice, flagged for reference",2,"ID fills all 8 columns; trailing text in field 11","Larix decidua Mill.",23,4312,1582,2010
"europe/che422.rwl","Normal practice, flagged for reference",2,"ID fills all 8 columns; trailing text in field 11","Larix decidua Mill.",24,2387,1878,2011
"europe/che422x.rwl","Normal practice, flagged for reference",2,"ID fills all 8 columns; trailing text in field 11","Larix decidua Mill.",24,2387,1878,2011
"europe/che423.rwl","Normal practice, flagged for reference",2,"ID fills all 8 columns; trailing text in field 11","Larix decidua Mill.",24,2970,1860,2011
"europe/che423x.rwl","Normal practice, flagged for reference",2,"ID fills all 8 columns; trailing text in field 11","Larix decidua Mill.",24,2970,1860,2011
"europe/che565.rwl","Normal practice, flagged for reference",2,"blank inside series ID; ID fills all 8 columns","Fagus sylvatica L.",15,1729,1872,2009
"europe/che566.rwl","Normal practice, flagged for reference",2,"blank inside series ID; ID fills all 8 columns","Fagus sylvatica L.",9,982,1891,2009
"europe/fran6.rwl","Normal practice, flagged for reference",2,"interior year gap; one ID carries two separate segments","Pinus sylvestris L.",51,5449,1836,1982
"europe/ita063.rwl","Normal practice, flagged for reference",2,"blank inside series ID; ID fills all 8 columns","Picea abies (L.) H. Karst.",18,1497,1915,2018
"europe/swed330.rwl","Normal practice, flagged for reference",2,"ID fills all 8 columns; trailing text in field 11","Pinus sylvestris L.",103,10797,1775,2006
"europe/swed330x.rwl","Normal practice, flagged for reference",2,"ID fills all 8 columns; trailing text in field 11","Pinus sylvestris L.",103,10797,1775,2006
"europe/swed331x.rwl","Normal practice, flagged for reference",2,"ID fills all 8 columns; trailing text in field 11","Pinus sylvestris L.",86,7343,1656,2006
"europe/swed332x.rwl","Normal practice, flagged for reference",2,"ID fills all 8 columns; trailing text in field 11","Pinus sylvestris L.",96,8594,1796,2006
"europe/swed333.rwl","Normal practice, flagged for reference",2,"ID fills all 8 columns; trailing text in field 11","Pinus sylvestris L.",78,4642,1800,2006
"europe/swed333x.rwl","Normal practice, flagged for reference",2,"ID fills all 8 columns; trailing text in field 11","Pinus sylvestris L.",78,4642,1800,2006
"europe/swit384.rwl","Normal practice, flagged for reference",2,"blank inside series ID; ID fills all 8 columns","Fagus sylvatica L.",15,1729,1872,2009
"europe/swit385.rwl","Normal practice, flagged for reference",2,"blank inside series ID; ID fills all 8 columns","Fagus sylvatica L.",10,1040,1891,2009
"europe/swit412.rwl","Normal practice, flagged for reference",2,"blank inside series ID; ID fills all 8 columns","Picea abies (L.) H. Karst.",62,4114,1881,2009
"europe/turk001.rwl","Normal practice, flagged for reference",2,"interior year gap; one ID carries two separate segments","Pinus nigra J.F. Arnold",37,6762,1292,2001
"northamerica/canada/can674e.rwl","Normal practice, flagged for reference",2,"blank inside series ID; ID fills all 8 columns","Tsuga mertensiana (Bong.) Carrière",34,6566,1657,2017
"northamerica/canada/can674l.rwl","Normal practice, flagged for reference",2,"blank inside series ID; ID fills all 8 columns","Tsuga mertensiana (Bong.) Carrière",34,6566,1657,2017
"northamerica/canada/cana099.rwl","Normal practice, flagged for reference",2,"interior year gap","Picea engelmannii Parry ex Engelm.",63,17168,1499,1992
"northamerica/canada/cana132.rwl","Normal practice, flagged for reference",2,"blank inside series ID; ID fills all 8 columns","Pinus banksiana Lamb.",10,1356,1825,1992
"northamerica/canada/cana146n.rwl","Normal practice, flagged for reference",2,"interior year gap; one ID carries two separate segments","Abies balsamea (L.) Mill.",23,1300,1903,1994
"northamerica/canada/cana146x.rwl","Normal practice, flagged for reference",2,"interior year gap; one ID carries two separate segments","Abies balsamea (L.) Mill.",23,1312,1903,1994
"northamerica/canada/cana226x.rwl","Normal practice, flagged for reference",2,"interior year gap; one ID carries two separate segments","Picea engelmannii Parry ex Engelm.",32,6265,1710,1997
"northamerica/canada/cana312.rwl","Normal practice, flagged for reference",2,"blank inside series ID; ID fills all 8 columns","White Sp",52,8220,1548,1997
"northamerica/canada/cana323.rwl","Normal practice, flagged for reference",2,"blank inside series ID; ID fills all 8 columns","White Sp",367,74163,1459,2001
"northamerica/canada/cana355.rwl","Normal practice, flagged for reference",2,"interior year gap; one ID carries two separate segments","Subalpin",63,25845,1152,1994
"northamerica/canada/cana363.rwl","Normal practice, flagged for reference",2,"interior year gap; one ID carries two separate segments","Sitka Sp",29,5693,1717,2003
"northamerica/canada/cana374.rwl","Normal practice, flagged for reference",2,"interior year gap","Subalpin",72,9767,1726,2002
"northamerica/canada/cana405.rwl","Normal practice, flagged for reference",2,"interior year gap; one ID carries two separate segments","Larix lyallii Parl.",33,11678,1314,1993
"northamerica/canada/cana414.rwl","Normal practice, flagged for reference",2,"interior year gap; one ID carries two separate segments","Larix lyallii Parl.",46,16207,1528,1994
"northamerica/canada/cana423.rwl","Normal practice, flagged for reference",2,"interior year gap; one ID carries two separate segments","Larix lyallii Parl.",50,18155,1318,1994
"northamerica/canada/cana438.rwl","Normal practice, flagged for reference",2,"interior year gap; one ID carries two separate segments","Picea engelmannii Parry ex Engelm.",32,8884,1613,1987
"northamerica/canada/cana450.rwl","Normal practice, flagged for reference",2,"interior year gap; one ID carries two separate segments","Picea engelmannii Parry ex Engelm.",26,7945,1569,1989
"northamerica/canada/cana487.rwl","Normal practice, flagged for reference",2,"blank inside series ID; ID fills all 8 columns","Abies lasiocarpa (Hook.) Nutt.",21,3453,1644,2000
"northamerica/canada/cana498.rwl","Normal practice, flagged for reference",2,"blank inside series ID; ID fills all 8 columns","Tsuga mertensiana (Bong.) Carrière",29,3192,1776,1999
"northamerica/canada/cana594.rwl","Normal practice, flagged for reference",2,"blank inside series ID; ID fills all 8 columns","Picea glauca (Moench) Voss",32,6565,1729,2003
"northamerica/canada/cana594b.rwl","Normal practice, flagged for reference",2,"blank inside series ID; ID fills all 8 columns","Picea glauca (Moench) Voss",32,6541,1729,2002
"northamerica/canada/cana602b.rwl","Normal practice, flagged for reference",2,"blank inside series ID; ID fills all 8 columns","Picea glauca (Moench) Voss",34,5840,1676,2000
"northamerica/usa/ak024.rwl","Normal practice, flagged for reference",2,"interior year gap; one ID carries two separate segments","Tsuga mertensiana (Bong.) Carrière",20,5121,1514,1992
"northamerica/usa/ak025.rwl","Normal practice, flagged for reference",2,"interior year gap; one ID carries two separate segments","Tsuga mertensiana (Bong.) Carrière",15,4407,1450,1991
"northamerica/usa/ak040.rwl","Normal practice, flagged for reference",2,"blank inside series ID; ID fills all 8 columns","Picea glauca (Moench) Voss",21,2948,1785,1999
"northamerica/usa/ak076.rwl","Normal practice, flagged for reference",2,"interior year gap; one ID carries two separate segments","Picea glauca (Moench) Voss",8,2866,1415,1993
"northamerica/usa/ak095.rwl","Normal practice, flagged for reference",2,"interior year gap; one ID carries two separate segments","Tsuga mertensiana (Bong.) Carrière",391,76095,616,1876
"northamerica/usa/ak116.rwl","Normal practice, flagged for reference",2,"blank inside series ID; ID fills all 8 columns","Picea glauca (Moench) Voss",159,38565,1471,1999
"northamerica/usa/ak129.rwl","Normal practice, flagged for reference",2,"blank inside series ID; ID fills all 8 columns","Tsuga mertensiana (Bong.) Carrière",22,4925,1618,2009
"northamerica/usa/ak168.rwl","Normal practice, flagged for reference",2,"interior year gap; one ID carries two separate segments","Tsuga mertensiana (Bong.) Carrière",49,9066,312,725
"northamerica/usa/ak185.rwl","Normal practice, flagged for reference",2,"blank inside series ID; ID fills all 8 columns","Alnus spp. Mill.",39,1030,1979,2017
"northamerica/usa/ak187.rwl","Normal practice, flagged for reference",2,"blank inside series ID; ID fills all 8 columns","Alnus spp. Mill.",53,2790,1936,2017
"northamerica/usa/ca697.rwl","Normal practice, flagged for reference",2,"blank inside series ID; ID fills all 8 columns","Calocedrus decurrens (Torr.) Florin = Libocedrus decurrens Torr.",50,6671,1732,2014
"northamerica/usa/ca714.rwl","Normal practice, flagged for reference",2,"blank inside series ID; ID fills all 8 columns","Sequoiadendron giganteum (Lindl.) Buchholz",21,21687,-1237,1991
"northamerica/usa/co071.rwl","Normal practice, flagged for reference",2,"interior year gap; one ID carries two separate segments","Pinus aristata Engelm.",28,11988,1,1968
"northamerica/usa/co580.rwl","Normal practice, flagged for reference",2,"interior year gap; one ID carries two separate segments","Pseudotsuga menziesii (Mirb.) Franco",46,21834,1135,2002
"northamerica/usa/co597.rwl","Normal practice, flagged for reference",2,"interior year gap; one ID carries two separate segments","Pseudotsuga menziesii (Mirb.) Franco",49,22596,1372,2002
"northamerica/usa/co604.rwl","Normal practice, flagged for reference",2,"interior year gap; one ID carries two separate segments","Pseudotsuga menziesii (Mirb.) Franco",26,11232,1378,2000
"northamerica/usa/co605.rwl","Normal practice, flagged for reference",2,"interior year gap; one ID carries two separate segments","Pinus edulis Engelm.",53,22324,1383,2002
"northamerica/usa/co611.rwl","Normal practice, flagged for reference",2,"interior year gap; one ID carries two separate segments","Pinus ponderosa Douglas ex C. Lawson",34,8015,1553,2002
"northamerica/usa/co614.rwl","Normal practice, flagged for reference",2,"interior year gap; one ID carries two separate segments","Pinus edulis Engelm.",33,9273,1508,2002
"northamerica/usa/co615.rwl","Normal practice, flagged for reference",2,"interior year gap; one ID carries two separate segments","Pinus edulis Engelm.",34,12985,1126,2001
"northamerica/usa/co617.rwl","Normal practice, flagged for reference",2,"interior year gap; one ID carries two separate segments","Pseudotsuga menziesii (Mirb.) Franco",55,28450,1169,2002
"northamerica/usa/co624.rwl","Normal practice, flagged for reference",2,"interior year gap; one ID carries two separate segments","Pseudotsuga menziesii (Mirb.) Franco",39,13885,1275,2002
"northamerica/usa/co627.rwl","Normal practice, flagged for reference",2,"blank inside series ID; ID fills all 8 columns","Pinus ponderosa Douglas ex C. Lawson",41,10287,1541,1999
"northamerica/usa/co638.rwl","Normal practice, flagged for reference",2,"interior year gap; one ID carries two separate segments","Pinus edulis Engelm.",40,7833,1566,2002
"northamerica/usa/co641.rwl","Normal practice, flagged for reference",2,"interior year gap; one ID carries two separate segments","Pinus ponderosa Douglas ex C. Lawson",29,6360,1566,2003
"northamerica/usa/co646.rwl","Normal practice, flagged for reference",2,"interior year gap; one ID carries two separate segments","Pseudotsuga menziesii (Mirb.) Franco",61,26425,602,2004
"northamerica/usa/co657.rwl","Normal practice, flagged for reference",2,"interior year gap; one ID carries two separate segments","Pinus ponderosa Douglas ex C. Lawson",45,8877,1679,1997
"northamerica/usa/co661.rwl","Normal practice, flagged for reference",2,"interior year gap; one ID carries two separate segments","Pinus edulis Engelm.",38,7324,1604,2002
"northamerica/usa/co664.rwl","Normal practice, flagged for reference",2,"interior year gap; one ID carries two separate segments","Pinus edulis Engelm.",71,25520,1383,2013
"northamerica/usa/co670.rwl","Normal practice, flagged for reference",2,"interior year gap; one ID carries two separate segments","Pinus edulis Engelm.",28,7071,1587,2002
"northamerica/usa/co671.rwl","Normal practice, flagged for reference",2,"interior year gap; one ID carries two separate segments","Pseudotsuga menziesii (Mirb.) Franco",81,21120,635,2005
"northamerica/usa/co693.rwl","Normal practice, flagged for reference",2,"ID fills all 8 columns; trailing text in field 11","Pinus edulis Engelm.",84,28849,1291,2018
"northamerica/usa/fl010.rwl","Normal practice, flagged for reference",2,"blank inside series ID; ID fills all 8 columns","Pinus elliottii Engelm.",114,12167,1707,2009
"northamerica/usa/ga017.rwl","Normal practice, flagged for reference",2,"interior year gap; one ID carries two separate segments","Pinus palustris Mill.",46,7934,1649,2002
"northamerica/usa/ia027.rwl","Normal practice, flagged for reference",2,"interior year gap; one ID carries two separate segments","Quercus alba L.",29,5181,1685,1981
"northamerica/usa/il012.rwl","Normal practice, flagged for reference",2,"interior year gap; one ID carries two separate segments","Quercus alba L.",21,3131,1670,1980
"northamerica/usa/il013.rwl","Normal practice, flagged for reference",2,"interior year gap; one ID carries two separate segments","Quercus alba L.",47,8346,1655,1981
"northamerica/usa/ma025.rwl","Normal practice, flagged for reference",2,"interior year gap; one ID carries two separate segments","Chamaecyparis thyoides (L.) B.S.P.",43,5134,1850,2015
"northamerica/usa/ma029.rwl","Normal practice, flagged for reference",2,"interior year gap; one ID carries two separate segments","Chamaecyparis thyoides (L.) B.S.P.",30,4351,1804,2015
"northamerica/usa/ma034.rwl","Normal practice, flagged for reference",2,"interior year gap; one ID carries two separate segments","Chamaecyparis thyoides (L.) B.S.P.",41,3112,1883,2015
"northamerica/usa/me041.rwl","Normal practice, flagged for reference",2,"interior year gap; one ID carries two separate segments","Chamaecyparis thyoides (L.) B.S.P.",41,4408,1846,2016
"northamerica/usa/mt148.rwl","Normal practice, flagged for reference",2,"interior year gap; one ID carries two separate segments","Pinus flexilis E. James",52,14588,1467,2000
"northamerica/usa/ne004.rwl","Normal practice, flagged for reference",2,"interior year gap; one ID carries two separate segments","Pinus ponderosa Douglas ex C. Lawson",46,6712,1589,1997
"northamerica/usa/ne010.rwl","Normal practice, flagged for reference",2,"interior year gap; one ID carries two separate segments","Pinus ponderosa Douglas ex C. Lawson",67,8710,1589,2020
"northamerica/usa/nm576.rwl","Normal practice, flagged for reference",2,"interior year gap; one ID carries two separate segments","Pinus edulis Engelm.",26,5923,1626,1998
"northamerica/usa/nm581.rwl","Normal practice, flagged for reference",2,"interior year gap; one ID carries two separate segments","Pinus edulis Engelm.",45,12710,1520,2003
"northamerica/usa/ny016.rwl","Normal practice, flagged for reference",2,"interior year gap; one ID carries two separate segments","Quercus alba L.",34,6712,1704,2002
"northamerica/usa/ny041.rwl","Normal practice, flagged for reference",2,"interior year gap; one ID carries two separate segments","Quercus spp. L.",55,6874,1449,1805
"northamerica/usa/tn030.rwl","Normal practice, flagged for reference",2,"interior year gap; one ID carries two separate segments","Liriodendron tulipifera L.",25,6351,1500,2006
"northamerica/usa/ut523.rwl","Normal practice, flagged for reference",2,"blank inside series ID; ID fills all 8 columns","Pseudotsuga menziesii (Mirb.) Franco",24,2247,1702,1862
"northamerica/usa/wy028.rwl","Normal practice, flagged for reference",2,"blank inside series ID; ID fills all 8 columns","Pseudotsuga menziesii (Mirb.) Franco",34,10275,1459,2000
"northamerica/usa/wy032.rwl","Normal practice, flagged for reference",2,"interior year gap; one ID carries two separate segments","Pinus ponderosa Douglas ex C. Lawson",33,8903,1511,2001
"northamerica/usa/wy038.rwl","Normal practice, flagged for reference",2,"interior year gap; one ID carries two separate segments","Pinus flexilis E. James",35,11983,870,1998
"northamerica/usa/wy064.rwl","Normal practice, flagged for reference",2,"blank inside series ID; ID fills all 8 columns","Pinus flexilis E. James",32,8939,1654,2006
"southamerica/arge.rwl","Normal practice, flagged for reference",2,"interior year gap; one ID carries two separate segments","Austrocedrus chilensis (D. Don) Pic. Serm. & Bizzarri",11,1034,101,1974
"southamerica/arge009.rwl","Normal practice, flagged for reference",2,"interior year gap; one ID carries two separate segments","Austrocedrus chilensis (D. Don) Pic. Serm. & Bizzarri",19,4405,1540,1974
"southamerica/arge011.rwl","Normal practice, flagged for reference",2,"interior year gap; one ID carries two separate segments","Araucaria araucana (Molina) K. Koch",13,3339,459,1974
"southamerica/arge013.rwl","Normal practice, flagged for reference",2,"interior year gap; one ID carries two separate segments","Araucaria araucana (Molina) K. Koch",42,11051,1306,1974
"southamerica/arge017.rwl","Normal practice, flagged for reference",2,"interior year gap; one ID carries two separate segments","Araucaria araucana (Molina) K. Koch",28,5371,1689,1976
"southamerica/arge064.rwl","Normal practice, flagged for reference",2,"interior year gap; one ID carries two separate segments","Juglans australis Griseb.",25,2455,1820,1982
"southamerica/bol003.rwl","Normal practice, flagged for reference",2,"blank inside series ID; ID fills all 8 columns","Centrolobium microchaete (Benth.) H.C. Lima",18,2502,1798,2010
"southamerica/bol013.rwl","Normal practice, flagged for reference",2,"blank inside series ID; ID fills all 8 columns","Centrolobium microchaete (Benth.) H.C. Lima",26,4410,1798,2010
"southamerica/chil006.rwl","Normal practice, flagged for reference",2,"interior year gap; one ID carries two separate segments","Araucaria araucana (Molina) K. Koch",30,8554,1375,1975
"southamerica/chil010.rwl","Normal practice, flagged for reference",2,"interior year gap; one ID carries two separate segments","Austrocedrus chilensis (D. Don) Pic. Serm. & Bizzarri",33,4469,1733,1975
"southamerica/chil021.rwl","Normal practice, flagged for reference",2,"interior year gap; one ID carries two separate segments","Nothofagus pumilio (Poepp. & Endl.) Reiche",55,10184,1716,1996
"africa/bwa001.rwl","Normal practice, flagged for reference",1,"blank inside series ID","Adansonia digitata",16,650,1960,2010
"africa/eth004.rwl","Normal practice, flagged for reference",1,"ID fills all 8 columns","Juniperus procera Hochst. ex Endl.",10,918,1849,2003
"africa/eth005.rwl","Normal practice, flagged for reference",1,"ID fills all 8 columns","Juniperus procera Hochst. ex Endl.",22,1843,1869,2004
"africa/mar027.rwl","Normal practice, flagged for reference",1,"blank inside series ID","Cedrus atlantica (Endl.) Manetti ex Carrière",74,17496,1623,2004
"africa/mar048.rwl","Normal practice, flagged for reference",1,"interior year gap","Cedrus atlantica (Endl.) Manetti ex Carrière",83,22219,1318,2011
"africa/mar049.rwl","Normal practice, flagged for reference",1,"ID fills all 8 columns","Cedrus atlantica (Endl.) Manetti ex Carrière",182,78650,883,2011
"africa/mar050.rwl","Normal practice, flagged for reference",1,"ID fills all 8 columns","Cedrus atlantica (Endl.) Manetti ex Carrière",23,13457,950,2009
"africa/mar051.rwl","Normal practice, flagged for reference",1,"ID fills all 8 columns","Cedrus atlantica (Endl.) Manetti ex Carrière",62,18245,1297,2001
"africa/mar052.rwl","Normal practice, flagged for reference",1,"ID fills all 8 columns","Cedrus atlantica (Endl.) Manetti ex Carrière",21,2601,1835,2009
"africa/morc001.rwl","Normal practice, flagged for reference",1,"blank inside series ID","Atlantic",38,16358,1253,1984
"africa/morc002.rwl","Normal practice, flagged for reference",1,"blank inside series ID","Atlantic",31,6561,1632,1984
"africa/morc012.rwl","Normal practice, flagged for reference",1,"blank inside series ID","Atlantic",14,2464,1748,1984
"africa/morc013.rwl","Normal practice, flagged for reference",1,"blank inside series ID","Atlantic",28,2951,1845,1984
"africa/morc014.rwl","Normal practice, flagged for reference",1,"blank inside series ID","Atlantic",44,21403,984,1984
"africa/morc018.rwl","Normal practice, flagged for reference",1,"ID fills all 8 columns","Atlantic",100,30874,977,2001
"africa/morc020.rwl","Normal practice, flagged for reference",1,"ID fills all 8 columns","Atlantic",40,4277,1784,2001
"africa/morc021.rwl","Normal practice, flagged for reference",1,"ID fills all 8 columns","Atlantic",52,27835,1021,2001
"africa/morc022.rwl","Normal practice, flagged for reference",1,"ID fills all 8 columns","Atlantic",39,15093,1271,2001
"africa/morc023.rwl","Normal practice, flagged for reference",1,"ID fills all 8 columns","Atlantic",51,22185,987,2001
"africa/morc024.rwl","Normal practice, flagged for reference",1,"ID fills all 8 columns","Black Pi",35,3949,1890,2011
"africa/morc025.rwl","Normal practice, flagged for reference",1,"ID fills all 8 columns","Atlantic",40,13488,1560,2000
"asia/bt001.rwl","Normal practice, flagged for reference",1,"ID fills all 8 columns","Tsuga dumosa (D. Don) Eichler",26,10088,1294,2003
"asia/bt002.rwl","Normal practice, flagged for reference",1,"ID fills all 8 columns","Tsuga dumosa (D. Don) Eichler",43,14588,1454,2003
"asia/bt007.rwl","Normal practice, flagged for reference",1,"ID fills all 8 columns","Picea spinulosa (Griff.) Beissn.",15,4246,1611,2005
"asia/bt010.rwl","Normal practice, flagged for reference",1,"ID fills all 8 columns","Picea spinulosa (Griff.) Beissn.",17,6125,1484,2005
"asia/bt011.rwl","Normal practice, flagged for reference",1,"ID fills all 8 columns","Picea spinulosa (Griff.) Beissn.",13,3202,1456,2005
"asia/bt012.rwl","Normal practice, flagged for reference",1,"ID fills all 8 columns","Pinus wallichiana A.B. Jacks.",37,7482,1625,2003
"asia/bt013.rwl","Normal practice, flagged for reference",1,"ID fills all 8 columns","Pinus wallichiana A.B. Jacks.",12,2022,1741,2005
"asia/bt016.rwl","Normal practice, flagged for reference",1,"ID fills all 8 columns","Larix griffithiana (Lindl. & Gord.) Carr.",21,5564,1644,2006
"asia/bt018.rwl","Normal practice, flagged for reference",1,"ID fills all 8 columns","Juniperus recurva Buch.-Ham. ex D. Don",23,5702,1453,2006
"asia/bt019.rwl","Normal practice, flagged for reference",1,"ID fills all 8 columns","Juniperus recurva Buch.-Ham. ex D. Don",15,3362,1660,2006
"asia/bt022.rwl","Normal practice, flagged for reference",1,"ID fills all 8 columns","Taxus baccata L.",30,6452,1630,2003
"asia/chin004e.rwl","Normal practice, flagged for reference",1,"ID fills all 8 columns","Pinus armandii Franchet",34,7368,1560,1988
"asia/chin004l.rwl","Normal practice, flagged for reference",1,"ID fills all 8 columns","Pinus armandii Franchet",34,7371,1560,1988
"asia/chin004n.rwl","Normal practice, flagged for reference",1,"ID fills all 8 columns","Pinus armandii Franchet",34,7422,1526,1988
"asia/chin004x.rwl","Normal practice, flagged for reference",1,"ID fills all 8 columns","Pinus armandii Franchet",34,7456,1525,1988
"asia/chin038.rwl","Normal practice, flagged for reference",1,"ID fills all 8 columns","Tsuga dumosa (D. Don) Eichler",42,8840,1591,2005
"asia/chin040.rwl","Normal practice, flagged for reference",1,"ID fills all 8 columns","Tsuga dumosa (D. Don) Eichler",30,8907,1393,2005
"asia/chin041.rwl","Normal practice, flagged for reference",1,"ID fills all 8 columns","Tsuga dumosa (D. Don) Eichler",35,10031,1530,2005
"asia/chin042.rwl","Normal practice, flagged for reference",1,"ID fills all 8 columns","Picea likiangensis (Franchet) Pritzel",16,5216,1519,1996
"asia/chin048.rwl","Normal practice, flagged for reference",1,"ID fills all 8 columns","Juniperus tibetica Kom.",57,25837,1080,1998
"asia/chin049.rwl","Normal practice, flagged for reference",1,"ID fills all 8 columns","Picea likiangensis (Franchet) Pritzel",37,7903,1547,1994
"asia/chin050.rwl","Normal practice, flagged for reference",1,"ID fills all 8 columns","Juniperus przewalskii Komarov = Sabina przewalskii Komarov",50,28671,843,2001
"asia/chin051.rwl","Normal practice, flagged for reference",1,"ID fills all 8 columns","Juniperus przewalskii Komarov = Sabina przewalskii Komarov",59,34233,828,2001
"asia/chin052.rwl","Normal practice, flagged for reference",1,"ID fills all 8 columns","Juniperus przewalskii Komarov = Sabina przewalskii Komarov",51,41877,404,2002
"asia/chin053.rwl","Normal practice, flagged for reference",1,"ID fills all 8 columns","Juniperus przewalskii Komarov = Sabina przewalskii Komarov",61,42619,451,2002
"asia/chin054.rwl","Normal practice, flagged for reference",1,"ID fills all 8 columns","Juniperus przewalskii Komarov = Sabina przewalskii Komarov",65,43832,711,2003
"asia/chin055.rwl","Normal practice, flagged for reference",1,"ID fills all 8 columns","Juniperus przewalskii Komarov = Sabina przewalskii Komarov",56,28292,1237,2002
"asia/chin056.rwl","Normal practice, flagged for reference",1,"ID fills all 8 columns","Pinus armandii Franchet",64,23359,1458,2005
"asia/chin057.rwl","Normal practice, flagged for reference",1,"ID fills all 8 columns","Pinus armandii Franchet",66,18722,1512,2005
"asia/chin058.rwl","Normal practice, flagged for reference",1,"ID fills all 8 columns","Pinus armandii Franchet",61,23331,1359,2005
"asia/chin060.rwl","Normal practice, flagged for reference",1,"ID fills all 8 columns","Juniperus przewalskii Komarov = Sabina przewalskii Komarov",52,26272,943,2003
"asia/chin061.rwl","Normal practice, flagged for reference",1,"ID fills all 8 columns","Juniperus przewalskii Komarov = Sabina przewalskii Komarov",42,23704,857,2003
"asia/chin062.rwl","Normal practice, flagged for reference",1,"ID fills all 8 columns","Juniperus przewalskii Komarov = Sabina przewalskii Komarov",56,34973,845,2001
"asia/chin063.rwl","Normal practice, flagged for reference",1,"ID fills all 8 columns","Juniperus przewalskii Komarov = Sabina przewalskii Komarov",47,37492,681,2001
"asia/chin064.rwl","Normal practice, flagged for reference",1,"ID fills all 8 columns","Juniperus przewalskii Komarov = Sabina przewalskii Komarov",44,34586,900,2001
"asia/chin065.rwl","Normal practice, flagged for reference",1,"ID fills all 8 columns","Juniperus tibetica Kom.",57,21775,1290,2006
"asia/chin072.rwl","Normal practice, flagged for reference",1,"ID fills all 8 columns","Pinus tabulaeformis Carr.",57,7992,1774,2007
"asia/chin073.rwl","Normal practice, flagged for reference",1,"ID fills all 8 columns","Pinus massoniana Lamb.",54,7704,1846,2013
"asia/chin084.rwl","Normal practice, flagged for reference",1,"ID fills all 8 columns","Pinus taiwanensis Hayata",31,4139,1843,2017
"asia/chin084e.rwl","Normal practice, flagged for reference",1,"ID fills all 8 columns","Pinus taiwanensis Hayata",31,4139,1843,2017
"asia/chin084l.rwl","Normal practice, flagged for reference",1,"ID fills all 8 columns","Pinus taiwanensis Hayata",31,4139,1843,2017
"asia/chin085.rwl","Normal practice, flagged for reference",1,"ID fills all 8 columns","Pinus taiwanensis Hayata",35,3592,1901,2017
"asia/chin085e.rwl","Normal practice, flagged for reference",1,"ID fills all 8 columns","Pinus taiwanensis Hayata",35,3592,1901,2017
"asia/chin085l.rwl","Normal practice, flagged for reference",1,"ID fills all 8 columns","Pinus taiwanensis Hayata",35,3592,1901,2017
"asia/chn095bl.rwl","Normal practice, flagged for reference",1,"ID fills all 8 columns","Picea crassifolia Kom.",20,3949,1722,2017
"asia/chn097bl.rwl","Normal practice, flagged for reference",1,"ID fills all 8 columns","Picea crassifolia Kom.",19,3210,1790,2017
"asia/chn098bl.rwl","Normal practice, flagged for reference",1,"ID fills all 8 columns","Picea crassifolia Kom.",23,4702,1647,2011
"asia/geor002.rwl","Normal practice, flagged for reference",1,"ID fills all 8 columns","Pinus sylvestris L.",64,9800,1754,2006
"asia/geor003.rwl","Normal practice, flagged for reference",1,"ID fills all 8 columns","Pinus sylvestris L.",49,7148,1781,2006
"asia/geor004.rwl","Normal practice, flagged for reference",1,"ID fills all 8 columns","Pinus sylvestris L.",50,7359,1776,2006
"asia/geor005.rwl","Normal practice, flagged for reference",1,"ID fills all 8 columns","Pinus sylvestris L.",59,8722,1773,2006
"asia/geor006.rwl","Normal practice, flagged for reference",1,"ID fills all 8 columns","Pinus sylvestris L.",33,3719,1833,2006
"asia/geor007.rwl","Normal practice, flagged for reference",1,"ID fills all 8 columns","Abies alba Mill.",27,3735,1676,2006
"asia/geor008.rwl","Normal practice, flagged for reference",1,"ID fills all 8 columns","Pinus sylvestris L.",26,3842,1767,2006
"asia/geor009.rwl","Normal practice, flagged for reference",1,"ID fills all 8 columns","Pinus sylvestris L.",28,2775,1882,2006
"asia/geor010.rwl","Normal practice, flagged for reference",1,"ID fills all 8 columns","Pinus sylvestris L.",58,6468,1813,2006
"asia/indi010.rwl","Normal practice, flagged for reference",1,"ID fills all 8 columns","Cedrus deodara (D. Don) G. Don",27,4339,1711,1988
"asia/indi014.rwl","Normal practice, flagged for reference",1,"ID fills all 8 columns","Cedrus deodara (D. Don) G. Don",20,4165,1685,1989
"asia/indi015.rwl","Normal practice, flagged for reference",1,"ID fills all 8 columns","Abies pindrow (Royle ex D. Don) Royle",17,4691,1590,1989
"asia/indi016.rwl","Normal practice, flagged for reference",1,"ID fills all 8 columns","Picea smithiana (Wall.) Boiss.",14,2811,1724,1989
"asia/indi017.rwl","Normal practice, flagged for reference",1,"ID fills all 8 columns","Picea smithiana (Wall.) Boiss.",45,7917,1673,1989
"asia/indi018.rwl","Normal practice, flagged for reference",1,"ID fills all 8 columns","Abies pindrow (Royle ex D. Don) Royle",12,2265,1745,1989
"asia/indi019.rwl","Normal practice, flagged for reference",1,"ID fills all 8 columns","Picea smithiana (Wall.) Boiss.",12,1844,1720,1990
"asia/indi020.rwl","Normal practice, flagged for reference",1,"ID fills all 8 columns","Pinus roxburghii Sarg. = Pinus longifolia Roxb.",25,3270,1796,1990
"asia/indi021.rwl","Normal practice, flagged for reference",1,"ID fills all 8 columns","Cedrus deodara (D. Don) G. Don",13,3187,1657,1990
"asia/japa008.rwl","Normal practice, flagged for reference",1,"ID fills all 8 columns","Picea glehnii (Fr. Schmidt) Mast.",34,9360,1532,1997
"asia/japa008x.rwl","Normal practice, flagged for reference",1,"ID fills all 8 columns","Picea glehnii (Fr. Schmidt) Mast.",26,6757,1557,1997
"asia/japa015.rwl","Normal practice, flagged for reference",1,"ID fills all 8 columns","Picea glehnii (Fr. Schmidt) Mast.",51,12852,1418,1998
"asia/japa1.rwl","Normal practice, flagged for reference",1,"ID fills all 8 columns","Pinus densiflora Siebold & Zucc.",7,726,1881,1987
"asia/kor006b.rwl","Normal practice, flagged for reference",1,"ID fills all 8 columns","Pinus koraiensis Sieb. & Zucc.",22,3923,1653,2020
"asia/kore001.rwl","Normal practice, flagged for reference",1,"ID fills all 8 columns","Pinus koraiensis Sieb. & Zucc.",93,16362,1657,1998
"asia/kyrg001.rwl","Normal practice, flagged for reference",1,"ID fills all 8 columns","Juniperus spp. L.",51,4461,1839,1995
"asia/kyrg002.rwl","Normal practice, flagged for reference",1,"ID fills all 8 columns","Juniperus spp. L.",33,9990,1346,1995
"asia/kyrg003.rwl","Normal practice, flagged for reference",1,"ID fills all 8 columns","Juniperus spp. L.",33,6286,1591,1995
"asia/kyrg004.rwl","Normal practice, flagged for reference",1,"ID fills all 8 columns","Juniperus spp. L.",65,13947,1378,1995
"asia/kyrg005.rwl","Normal practice, flagged for reference",1,"ID fills all 8 columns","Juniperus spp. L.",50,14922,1316,1995
"asia/kyrg007.rwl","Normal practice, flagged for reference",1,"ID fills all 8 columns","Juniperus spp. L.",47,17362,1157,1995
"asia/kyrg008.rwl","Normal practice, flagged for reference",1,"trailing text in field 11","Juniperus turkestanica Komar.",27,9739,1420,1987
"asia/kyrg009.rwl","Normal practice, flagged for reference",1,"trailing text in field 11","Juniperus turkestanica Komar.",23,11401,1019,1987
"asia/kyrg010.rwl","Normal practice, flagged for reference",1,"trailing text in field 11","Juniperus turkestanica Komar.",18,5567,1427,1987
"asia/kyrg011.rwl","Normal practice, flagged for reference",1,"trailing text in field 11","Juniperus turkestanica Komar.",24,13785,694,1987
"asia/ls001.rwl","Normal practice, flagged for reference",1,"ID fills all 8 columns","Pinus merkusii Jungh. & De Vriese",30,5189,1743,2005
"asia/ls002.rwl","Normal practice, flagged for reference",1,"ID fills all 8 columns","Pinus merkusii Jungh. & De Vriese",22,3303,1785,2005
"asia/mong003.rwl","Normal practice, flagged for reference",1,"ID fills all 8 columns","Pinus sibirica Du Tour",90,31810,558,1999
"asia/mong039.rwl","Normal practice, flagged for reference",1,"ID fills all 8 columns","Pinus sibirica Du Tour",110,54784,-106,2011
"asia/mong040.rwl","Normal practice, flagged for reference",1,"ID fills all 8 columns","Larix sibirica Ledeb. = Larix russica (Endl.) Sabine ex Trautv.",209,65020,715,2005
"asia/mong041.rwl","Normal practice, flagged for reference",1,"ID fills all 8 columns","Pinus sibirica Du Tour",211,106129,-732,2014
"asia/mong042.rwl","Normal practice, flagged for reference",1,"ID fills all 8 columns","Pinus sibirica Du Tour",103,46583,-416,2013
"asia/nepa043.rwl","Normal practice, flagged for reference",1,"ID fills all 8 columns","Abies spectabilis (D. Don) Spach",110,10546,1789,2007
"asia/nepa044.rwl","Normal practice, flagged for reference",1,"ID fills all 8 columns","Abies pindrow (Royle ex D. Don) Royle",39,7334,1649,2012
"asia/nepa046.rwl","Normal practice, flagged for reference",1,"ID fills all 8 columns","Abies spectabilis (D. Don) Spach",84,9398,1782,2010
"asia/nepa047.rwl","Normal practice, flagged for reference",1,"ID fills all 8 columns","Abies spectabilis (D. Don) Spach",44,3133,1845,2012
"asia/nepa048.rwl","Normal practice, flagged for reference",1,"ID fills all 8 columns","Abies spectabilis (D. Don) Spach",40,2672,1934,2012
"asia/nepa049.rwl","Normal practice, flagged for reference",1,"ID fills all 8 columns","Abies spectabilis (D. Don) Spach",39,2782,1875,2012
"asia/nepa050.rwl","Normal practice, flagged for reference",1,"ID fills all 8 columns","Abies spectabilis (D. Don) Spach",41,3776,1857,2012
"asia/nepa051.rwl","Normal practice, flagged for reference",1,"ID fills all 8 columns","Abies spectabilis (D. Don) Spach",40,4125,1870,2013
"asia/nepa052.rwl","Normal practice, flagged for reference",1,"ID fills all 8 columns","Abies spectabilis (D. Don) Spach",40,3199,1846,2013
"asia/nepa053.rwl","Normal practice, flagged for reference",1,"ID fills all 8 columns","Abies spectabilis (D. Don) Spach",40,6338,1802,2013
"asia/nepa054.rwl","Normal practice, flagged for reference",1,"ID fills all 8 columns","Betula utilis D.Don",39,3888,1831,2011
"asia/nepa055.rwl","Normal practice, flagged for reference",1,"ID fills all 8 columns","Abies spectabilis (D. Don) Spach",61,5444,1838,2011
"asia/paki001.rwl","Normal practice, flagged for reference",1,"ID fills all 8 columns","Juniperus spp. L.",31,5421,1593,1993
"asia/paki002.rwl","Normal practice, flagged for reference",1,"ID fills all 8 columns","Juniperus spp. L.",38,9689,1369,1993
"asia/paki005.rwl","Normal practice, flagged for reference",1,"ID fills all 8 columns","Juniperus spp. L.",23,3780,1587,1993
"asia/paki006.rwl","Normal practice, flagged for reference",1,"ID fills all 8 columns","Juniperus spp. L.",31,13772,1032,1993
"asia/paki007.rwl","Normal practice, flagged for reference",1,"ID fills all 8 columns","Juniperus spp. L.",18,8137,1141,1993
"asia/paki008.rwl","Normal practice, flagged for reference",1,"ID fills all 8 columns","Juniperus spp. L.",8,5731,568,1990
"asia/paki010.rwl","Normal practice, flagged for reference",1,"ID fills all 8 columns","Juniperus spp. L.",17,9115,968,1990
"asia/paki011.rwl","Normal practice, flagged for reference",1,"ID fills all 8 columns","Juniperus spp. L.",20,12643,554,1990
"asia/paki012.rwl","Normal practice, flagged for reference",1,"ID fills all 8 columns","Juniperus spp. L.",18,7159,1069,1990
"asia/paki013.rwl","Normal practice, flagged for reference",1,"ID fills all 8 columns","Juniperus turkestanica Komar.",12,3283,1540,1999
"asia/paki014.rwl","Normal practice, flagged for reference",1,"ID fills all 8 columns","Juniperus spp. L.",14,4595,1412,1993
"asia/paki015.rwl","Normal practice, flagged for reference",1,"ID fills all 8 columns","Juniperus spp. L.",29,19356,736,1993
"asia/paki016.rwl","Normal practice, flagged for reference",1,"ID fills all 8 columns","Juniperus spp. L.",28,14238,388,1993
"asia/paki019.rwl","Normal practice, flagged for reference",1,"interior year gap","Juniperus excelsa M.-Bieb.",15,3377,1646,2007
"asia/rus317.rwl","Normal practice, flagged for reference",1,"ID fills all 8 columns","Various taxa",121,23969,1367,2020
"asia/rus328.rwl","Normal practice, flagged for reference",1,"ID fills all 8 columns","Quercus robur L. = Quercus pendunculata Ehrl.",29,2210,1908,2008
"asia/rus339.rwl","Normal practice, flagged for reference",1,"ID fills all 8 columns","Various taxa",87,14028,1479,1804
"asia/rus341.rwl","Normal practice, flagged for reference",1,"ID fills all 8 columns","Quercus robur L. = Quercus pendunculata Ehrl.",30,2020,1923,2012
"asia/rus350.rwl","Normal practice, flagged for reference",1,"ID fills all 8 columns","Various taxa",103,11623,1149,1814
"asia/rus353.rwl","Normal practice, flagged for reference",1,"ID fills all 8 columns","Quercus robur L. = Quercus pendunculata Ehrl.",12,1646,1806,2014
"asia/rus377.rwl","Normal practice, flagged for reference",1,"ID fills all 8 columns","Quercus robur L. = Quercus pendunculata Ehrl.",34,4169,1770,2014
"asia/rus387.rwl","Normal practice, flagged for reference",1,"ID fills all 8 columns","Quercus robur L. = Quercus pendunculata Ehrl.",121,14894,572,1382
"asia/rus388.rwl","Normal practice, flagged for reference",1,"ID fills all 8 columns","Quercus robur L. = Quercus pendunculata Ehrl.",70,7226,1346,1762
"asia/rus392.rwl","Normal practice, flagged for reference",1,"ID fills all 8 columns","Pinus spp. L.",10,1054,1544,1669
"asia/russ016.rwl","Normal practice, flagged for reference",1,"ID fills all 8 columns","Pinus sylvestris L.",172,45941,1471,2002
"asia/russ181.rwl","Normal practice, flagged for reference",1,"ID fills all 8 columns","Pinus sylvestris L.",34,6395,1681,2001
"asia/russ182.rwl","Normal practice, flagged for reference",1,"ID fills all 8 columns","Pinus sylvestris L.",24,5351,1681,2001
"asia/russ183.rwl","Normal practice, flagged for reference",1,"ID fills all 8 columns","Pinus sylvestris L.",22,5569,1590,2002
"asia/russ205.rwl","Normal practice, flagged for reference",1,"ID fills all 8 columns","Picea obovata Ledeb. = Picea abies (L.) H. Karst. subsp. obovata (Ledeb.) Hultén",21,4610,1551,2007
"asia/russ208.rwl","Normal practice, flagged for reference",1,"ID fills all 8 columns","Salix lanata L.",39,2010,1921,2005
"asia/russ220.rwl","Normal practice, flagged for reference",1,"ID fills all 8 columns","Larix sibirica Ledeb. = Larix russica (Endl.) Sabine ex Trautv.",282,45222,778,1990
"asia/russ221.rwl","Normal practice, flagged for reference",1,"ID fills all 8 columns","Larix gmelinii (Rupr.) Kuzen.=L.kurulensis(Maxim ex Regel)Pilg.=L.dahuricaTurcz.exTratv=Larix cajanderi Mayr",236,60484,513,1997
"asia/russ224.rwl","Normal practice, flagged for reference",1,"blank inside series ID","Larix sibirica Ledeb. = Larix russica (Endl.) Sabine ex Trautv.",33,7914,1641,2001
"asia/russ224x.rwl","Normal practice, flagged for reference",1,"blank inside series ID","Larix sibirica Ledeb. = Larix russica (Endl.) Sabine ex Trautv.",33,7914,1641,2001
"asia/russ225.rwl","Normal practice, flagged for reference",1,"blank inside series ID","Larix sibirica Ledeb. = Larix russica (Endl.) Sabine ex Trautv.",24,2822,1845,2006
"asia/russ225x.rwl","Normal practice, flagged for reference",1,"blank inside series ID","Larix sibirica Ledeb. = Larix russica (Endl.) Sabine ex Trautv.",24,2822,1845,2006
"asia/russ227.rwl","Normal practice, flagged for reference",1,"ID fills all 8 columns","Larix sibirica Ledeb. = Larix russica (Endl.) Sabine ex Trautv.",24,7448,1561,2000
"asia/russ229.rwl","Normal practice, flagged for reference",1,"ID fills all 8 columns","Larix sibirica Ledeb. = Larix russica (Endl.) Sabine ex Trautv.",11,3710,1538,2000
"asia/russ230.rwl","Normal practice, flagged for reference",1,"ID fills all 8 columns","Larix sibirica Ledeb. = Larix russica (Endl.) Sabine ex Trautv.",10,3347,1497,2000
"asia/russ231.rwl","Normal practice, flagged for reference",1,"ID fills all 8 columns","Larix sibirica Ledeb. = Larix russica (Endl.) Sabine ex Trautv.",22,7032,1542,2000
"asia/russ232.rwl","Normal practice, flagged for reference",1,"ID fills all 8 columns","Larix sibirica Ledeb. = Larix russica (Endl.) Sabine ex Trautv.",20,8330,1418,1999
"asia/russ233.rwl","Normal practice, flagged for reference",1,"ID fills all 8 columns","Larix sibirica Ledeb. = Larix russica (Endl.) Sabine ex Trautv.",9,3029,1554,2000
"asia/russ235.rwl","Normal practice, flagged for reference",1,"ID fills all 8 columns","Larix sibirica Ledeb. = Larix russica (Endl.) Sabine ex Trautv.",17,4008,1555,2000
"asia/russ237.rwl","Normal practice, flagged for reference",1,"ID fills all 8 columns","Picea obovata Ledeb. = Picea abies (L.) H. Karst. subsp. obovata (Ledeb.) Hultén",101,8442,1751,2000
"asia/russ237n.rwl","Normal practice, flagged for reference",1,"ID fills all 8 columns","Picea obovata Ledeb. = Picea abies (L.) H. Karst. subsp. obovata (Ledeb.) Hultén",100,8287,1751,2000
"asia/russ237x.rwl","Normal practice, flagged for reference",1,"ID fills all 8 columns","Picea obovata Ledeb. = Picea abies (L.) H. Karst. subsp. obovata (Ledeb.) Hultén",100,8287,1751,2000
"asia/russ238.rwl","Normal practice, flagged for reference",1,"ID fills all 8 columns","Larix spp. Mill.",56,4965,1664,2000
"asia/russ238x.rwl","Normal practice, flagged for reference",1,"ID fills all 8 columns","Larix spp. Mill.",56,4964,1664,2000
"asia/russ239.rwl","Normal practice, flagged for reference",1,"ID fills all 8 columns","Larix spp. Mill.",49,8627,1663,2000
"asia/russ239x.rwl","Normal practice, flagged for reference",1,"ID fills all 8 columns","Larix spp. Mill.",49,8626,1663,2000
"asia/russ240.rwl","Normal practice, flagged for reference",1,"ID fills all 8 columns","Larix sibirica Ledeb. = Larix russica (Endl.) Sabine ex Trautv.",8,2538,1603,2013
"asia/russ242.rwl","Normal practice, flagged for reference",1,"ID fills all 8 columns","Larix gmelinii (Rupr.) Kuzen.=L.kurulensis(Maxim ex Regel)Pilg.=L.dahuricaTurcz.exTratv=Larix cajanderi Mayr",90,14314,1495,2006
"asia/russ246.rwl","Normal practice, flagged for reference",1,"ID fills all 8 columns","Larix sibirica Ledeb. = Larix russica (Endl.) Sabine ex Trautv.",657,233137,-359,2011
"asia/russ248.rwl","Normal practice, flagged for reference",1,"ID fills all 8 columns","Larix sibirica Ledeb. = Larix russica (Endl.) Sabine ex Trautv.",19,8050,1483,2010
"asia/russ249.rwl","Normal practice, flagged for reference",1,"ID fills all 8 columns","Larix sibirica Ledeb. = Larix russica (Endl.) Sabine ex Trautv.",19,4840,1283,2012
"asia/russ251.rwl","Normal practice, flagged for reference",1,"ID fills all 8 columns","Larix sibirica Ledeb. = Larix russica (Endl.) Sabine ex Trautv.",27,9469,1273,2011
"asia/russ252.rwl","Normal practice, flagged for reference",1,"ID fills all 8 columns","Larix sibirica Ledeb. = Larix russica (Endl.) Sabine ex Trautv.",29,7001,1573,2012
"asia/russ254.rwl","Normal practice, flagged for reference",1,"ID fills all 8 columns","Larix sibirica Ledeb. = Larix russica (Endl.) Sabine ex Trautv.",51,15359,1447,2012
"asia/russ257.rwl","Normal practice, flagged for reference",1,"ID fills all 8 columns","Larix sibirica Ledeb. = Larix russica (Endl.) Sabine ex Trautv.",29,8479,1470,2011
"asia/russ297.rwl","Normal practice, flagged for reference",1,"ID fills all 8 columns","Larix gmelinii (Rupr.) Kuzen.=L.kurulensis(Maxim ex Regel)Pilg.=L.dahuricaTurcz.exTratv=Larix cajanderi Mayr",35,4877,1779,2013
"asia/russ299.rwl","Normal practice, flagged for reference",1,"ID fills all 8 columns","Pinus spp. L.",34,3726,1004,1246
"asia/russ309.rwl","Normal practice, flagged for reference",1,"ID fills all 8 columns","Pinus sylvestris L.",51,6956,1760,2014
"asia/russ313.rwl","Normal practice, flagged for reference",1,"ID fills all 8 columns","Pinus sylvestris L.",42,6573,1645,2014
"asia/th002.rwl","Normal practice, flagged for reference",1,"ID fills all 8 columns","Pinus merkusii Jungh. & De Vriese",55,8791,1786,1993
"asia/th004.rwl","Normal practice, flagged for reference",1,"ID fills all 8 columns","Pinus merkusii Jungh. & De Vriese",81,14458,1693,2006
"asia/tha007.rwl","Normal practice, flagged for reference",1,"ID fills all 8 columns","Pinus kesiya Royle ex Gordon",42,3041,1852,2001
"asia/tha008.rwl","Normal practice, flagged for reference",1,"ID fills all 8 columns","Pinus kesiya Royle ex Gordon",65,5906,1839,2001
"asia/tha009.rwl","Normal practice, flagged for reference",1,"ID fills all 8 columns","Pinus kesiya Royle ex Gordon",55,2447,1930,2001
"asia/tha010.rwl","Normal practice, flagged for reference",1,"ID fills all 8 columns","Pinus kesiya Royle ex Gordon",54,3741,1828,2001
"asia/tha011.rwl","Normal practice, flagged for reference",1,"ID fills all 8 columns","Pinus kesiya Royle ex Gordon",136,9114,1820,2001
"asia/tha012.rwl","Normal practice, flagged for reference",1,"ID fills all 8 columns","Pinus kesiya Royle ex Gordon",107,5817,1897,2002
"asia/tha013.rwl","Normal practice, flagged for reference",1,"ID fills all 8 columns","Pinus merkusii Jungh. & De Vriese",11,1676,1750,2001
"asia/tha015.rwl","Normal practice, flagged for reference",1,"ID fills all 8 columns","Tectona grandis L. f.",34,2960,1870,2009
"asia/tha016.rwl","Normal practice, flagged for reference",1,"ID fills all 8 columns","Tectona grandis L. f.",23,1762,1898,2009
"asia/tha017.rwl","Normal practice, flagged for reference",1,"ID fills all 8 columns","Tectona grandis L. f.",26,1995,1887,2009
"asia/tha018.rwl","Normal practice, flagged for reference",1,"ID fills all 8 columns","Tectona grandis L. f.",37,3123,1894,2009
"asia/tha020.rwl","Normal practice, flagged for reference",1,"ID fills all 8 columns","Tectona grandis L. f.",37,3179,1846,2000
"australia/aus118c.rwl","Normal practice, flagged for reference",1,"trailing text in field 11","Lagarostrobos franklinii (Hook. f.) Quinn",70,26330,-200,1995
"australia/aus118d.rwl","Normal practice, flagged for reference",1,"trailing text in field 11","Lagarostrobos franklinii (Hook. f.) Quinn",65,25283,-200,1995
"australia/aus118h.rwl","Normal practice, flagged for reference",1,"trailing text in field 11","Lagarostrobos franklinii (Hook. f.) Quinn",54,21500,-191,1995
"australia/aus119.rwl","Normal practice, flagged for reference",1,"ID fills all 8 columns","Lagarostrobos franklinii (Hook. f.) Quinn",71,33758,1107,2011
"australia/aus121.rwl","Normal practice, flagged for reference",1,"ID fills all 8 columns","Lagarostrobos franklinii (Hook. f.) Quinn",39,15052,1147,2011
"australia/aus122c.rwl","Normal practice, flagged for reference",1,"trailing text in field 11","Lagarostrobos franklinii (Hook. f.) Quinn",50,12498,495,2018
"australia/aus122d.rwl","Normal practice, flagged for reference",1,"trailing text in field 11","Lagarostrobos franklinii (Hook. f.) Quinn",53,13370,495,2018
"australia/aus122h.rwl","Normal practice, flagged for reference",1,"trailing text in field 11","Lagarostrobos franklinii (Hook. f.) Quinn",52,11409,500,2018
"australia/aus124l.rwl","Normal practice, flagged for reference",1,"ID fills all 8 columns","Athrotaxis selaginoides D. Don",117,42655,807,2011
"australia/aus126c.rwl","Normal practice, flagged for reference",1,"interior year gap","Phyllocladus aspleniifolius (Labill.) Hook. f.",28,7574,1616,2009
"australia/aus126d.rwl","Normal practice, flagged for reference",1,"trailing text in field 11","Phyllocladus aspleniifolius (Labill.) Hook. f.",68,19752,1426,2012
"australia/aus126k.rwl","Normal practice, flagged for reference",1,"trailing text in field 11","Phyllocladus aspleniifolius (Labill.) Hook. f.",36,9495,1638,2011
"australia/ausl037.rwl","Normal practice, flagged for reference",1,"ID fills all 8 columns","Callitris columellaria F. Muell.",41,4836,1761,2011
"australia/ausl038c.rwl","Normal practice, flagged for reference",1,"ID fills all 8 columns","Athrotaxis cupressoides D. Don",30,7513,1354,2009
"australia/ausl038d.rwl","Normal practice, flagged for reference",1,"ID fills all 8 columns","Athrotaxis cupressoides D. Don",35,9151,1354,2010
"australia/ausl038h.rwl","Normal practice, flagged for reference",1,"ID fills all 8 columns","Athrotaxis cupressoides D. Don",24,6361,1355,2009
"australia/ausl043.rwl","Normal practice, flagged for reference",1,"ID fills all 8 columns","Phyllocladus aspleniifolius (Labill.) Hook. f.",149,44231,1525,2012
"australia/ausl047.rwl","Normal practice, flagged for reference",1,"ID fills all 8 columns","Athrotaxis selaginoides D. Don",32,7626,1708,2011
"australia/ausl048.rwl","Normal practice, flagged for reference",1,"ID fills all 8 columns","Athrotaxis selaginoides D. Don",163,32751,1412,2009
"australia/ausl054.rwl","Normal practice, flagged for reference",1,"ID fills all 8 columns","Callitris intratropica R. Baker & H.G. Smith",165,14895,1761,2015
"australia/ausl058.rwl","Normal practice, flagged for reference",1,"ID fills all 8 columns","Callitris intratropica R. Baker & H.G. Smith",57,4693,1862,2007
"australia/ausl059.rwl","Normal practice, flagged for reference",1,"ID fills all 8 columns","Callitris intratropica R. Baker & H.G. Smith",52,4644,1870,2007
"australia/newz030.rwl","Normal practice, flagged for reference",1,"interior year gap","Nothofagus solanderi (Hook f.) Oerst.",26,4388,1760,1979
"australia/newz074.rwl","Normal practice, flagged for reference",1,"ID fills all 8 columns","Libocedrus bidwillii Hook. f.",25,9886,1213,1992
"australia/newz075.rwl","Normal practice, flagged for reference",1,"ID fills all 8 columns","Libocedrus bidwillii Hook. f.",31,5541,1674,1992
"australia/newz076.rwl","Normal practice, flagged for reference",1,"ID fills all 8 columns","Dacrydium biforme (Hook.) Pilg. = Halocarpus biformis (Hook.) Quinn = Halocarpus biformis Hook.",13,2218,1708,1995
"australia/newz119.rwl","Normal practice, flagged for reference",1,"ID fills all 8 columns","Halocarpus biformis (Hook.) Quinn",48,11948,1407,2013
"australia/newz127.rwl","Normal practice, flagged for reference",1,"ID fills all 8 columns","Libocedrus bidwillii Hook. f.",101,28627,1303,2009
"europe/alb002.rwl","Normal practice, flagged for reference",1,"ID fills all 8 columns","Pinus heldreichii Christ",124,49183,617,2008
"europe/alb003.rwl","Normal practice, flagged for reference",1,"ID fills all 8 columns","Pinus heldreichii Christ",124,38473,1405,2008
"europe/alb004.rwl","Normal practice, flagged for reference",1,"ID fills all 8 columns","Pinus halepensis Mill.",40,1990,1949,2010
"europe/alb004e.rwl","Normal practice, flagged for reference",1,"ID fills all 8 columns","Pinus halepensis Mill.",40,1990,1949,2010
"europe/alb004l.rwl","Normal practice, flagged for reference",1,"ID fills all 8 columns","Pinus halepensis Mill.",40,1990,1949,2010
"europe/alb005.rwl","Normal practice, flagged for reference",1,"ID fills all 8 columns","Pinus pinea L.",10,1021,1862,2010
"europe/alb005e.rwl","Normal practice, flagged for reference",1,"ID fills all 8 columns","Pinus pinea L.",10,1216,1848,2010
"europe/alb005l.rwl","Normal practice, flagged for reference",1,"ID fills all 8 columns","Pinus pinea L.",12,1291,1848,2010
"europe/aust109.rwl","Normal practice, flagged for reference",1,"ID fills all 8 columns","Pinus nigra J.F. Arnold",38,4951,1840,1995
"europe/aust109e.rwl","Normal practice, flagged for reference",1,"ID fills all 8 columns","Pinus nigra J.F. Arnold",38,4961,1840,1995
"europe/aust109l.rwl","Normal practice, flagged for reference",1,"ID fills all 8 columns","Pinus nigra J.F. Arnold",38,4961,1840,1995
"europe/aust110.rwl","Normal practice, flagged for reference",1,"ID fills all 8 columns","Pinus nigra J.F. Arnold",20,3087,1804,1995
"europe/aust110e.rwl","Normal practice, flagged for reference",1,"ID fills all 8 columns","Pinus nigra J.F. Arnold",20,3087,1804,1995
"europe/aust110l.rwl","Normal practice, flagged for reference",1,"ID fills all 8 columns","Pinus nigra J.F. Arnold",20,3087,1804,1995
"europe/aust111.rwl","Normal practice, flagged for reference",1,"ID fills all 8 columns","Pinus nigra J.F. Arnold",21,3869,1766,1995
"europe/aust111e.rwl","Normal practice, flagged for reference",1,"ID fills all 8 columns","Pinus nigra J.F. Arnold",21,3868,1766,1995
"europe/aust111l.rwl","Normal practice, flagged for reference",1,"ID fills all 8 columns","Pinus nigra J.F. Arnold",21,3872,1766,1995
"europe/aust112.rwl","Normal practice, flagged for reference",1,"ID fills all 8 columns","Quercus petraea (Matt.) Liebl. = Quercus sessiliflora Salisb.",41,6390,1794,1995
"europe/aust113.rwl","Normal practice, flagged for reference",1,"ID fills all 8 columns","Quercus spp. L.",272,30223,1748,2011
"europe/aust113e.rwl","Normal practice, flagged for reference",1,"ID fills all 8 columns","Quercus spp. L.",272,30223,1748,2011
"europe/aust113l.rwl","Normal practice, flagged for reference",1,"ID fills all 8 columns","Quercus spp. L.",272,30223,1748,2011
"europe/aust114.rwl","Normal practice, flagged for reference",1,"ID fills all 8 columns","Quercus petraea (Matt.) Liebl. = Quercus sessiliflora Salisb.",81,11437,1462,2003
"europe/aust115.rwl","Normal practice, flagged for reference",1,"ID fills all 8 columns","Pinus laricio Poir. = Pinus nigra",588,100744,1319,2002
"europe/aut116.rwl","Normal practice, flagged for reference",1,"ID fills all 8 columns","Picea abies (L.) H. Karst.",20,3996,1779,2010
"europe/aut117.rwl","Normal practice, flagged for reference",1,"ID fills all 8 columns","Picea abies (L.) H. Karst.",20,4401,1762,2010
"europe/aut118.rwl","Normal practice, flagged for reference",1,"ID fills all 8 columns","Abies alba Mill.",20,4427,1760,2010
"europe/aut119.rwl","Normal practice, flagged for reference",1,"ID fills all 8 columns","Fagus sylvatica L.",20,4424,1758,2010
"europe/aut120.rwl","Normal practice, flagged for reference",1,"ID fills all 8 columns","Picea abies (L.) H. Karst.",20,4377,1759,2010
"europe/aut121.rwl","Normal practice, flagged for reference",1,"ID fills all 8 columns","Abies alba Mill.",20,4307,1759,2010
"europe/aut122.rwl","Normal practice, flagged for reference",1,"ID fills all 8 columns","Fagus sylvatica L.",20,4826,1749,2010
"europe/aut123.rwl","Normal practice, flagged for reference",1,"ID fills all 8 columns","Picea abies (L.) H. Karst.",20,4252,1766,2010
"europe/aut124.rwl","Normal practice, flagged for reference",1,"ID fills all 8 columns","Abies alba Mill.",20,4327,1751,2010
"europe/aut125.rwl","Normal practice, flagged for reference",1,"ID fills all 8 columns","Fagus sylvatica L.",20,4561,1751,2010
"europe/aut126.rwl","Normal practice, flagged for reference",1,"ID fills all 8 columns","Picea abies (L.) H. Karst.",20,3497,1822,2010
"europe/aut127.rwl","Normal practice, flagged for reference",1,"ID fills all 8 columns","Fagus sylvatica L.",20,3435,1821,2010
"europe/aut128.rwl","Normal practice, flagged for reference",1,"ID fills all 8 columns","Larix decidua Mill.",20,3497,1818,2010
"europe/aut129.rwl","Normal practice, flagged for reference",1,"ID fills all 8 columns","Larix decidua Mill.",20,3892,1770,2010
"europe/aut130.rwl","Normal practice, flagged for reference",1,"ID fills all 8 columns","Picea abies (L.) H. Karst.",20,3025,1836,2009
"europe/aut131.rwl","Normal practice, flagged for reference",1,"ID fills all 8 columns","Fagus sylvatica L.",20,2755,1858,2009
"europe/aut132.rwl","Normal practice, flagged for reference",1,"ID fills all 8 columns","Larix decidua Mill.",20,2925,1840,2009
"europe/aut133.rwl","Normal practice, flagged for reference",1,"ID fills all 8 columns","Picea abies (L.) H. Karst.",20,2657,1860,2009
"europe/aut134.rwl","Normal practice, flagged for reference",1,"ID fills all 8 columns","Fagus sylvatica L.",20,3052,1834,2009
"europe/aut135.rwl","Normal practice, flagged for reference",1,"ID fills all 8 columns","Larix decidua Mill.",20,2896,1850,2009
"europe/aut136.rwl","Normal practice, flagged for reference",1,"ID fills all 8 columns","Picea abies (L.) H. Karst.",20,3378,1816,2009
"europe/aut137.rwl","Normal practice, flagged for reference",1,"ID fills all 8 columns","Abies alba Mill.",20,3879,1751,2009
"europe/aut138.rwl","Normal practice, flagged for reference",1,"ID fills all 8 columns","Fagus sylvatica L.",20,3365,1824,2009
"europe/aut139.rwl","Normal practice, flagged for reference",1,"ID fills all 8 columns","Larix decidua Mill.",20,3453,1819,2009
"europe/aut140.rwl","Normal practice, flagged for reference",1,"ID fills all 8 columns","Picea abies (L.) H. Karst.",20,3803,1781,2009
"europe/aut141.rwl","Normal practice, flagged for reference",1,"ID fills all 8 columns","Abies alba Mill.",20,4021,1777,2009
"europe/aut142.rwl","Normal practice, flagged for reference",1,"ID fills all 8 columns","Fagus sylvatica L.",20,4237,1774,2009
"europe/aut143.rwl","Normal practice, flagged for reference",1,"ID fills all 8 columns","Larix decidua Mill.",20,3515,1804,2009
"europe/aut144.rwl","Normal practice, flagged for reference",1,"ID fills all 8 columns","Picea abies (L.) H. Karst.",20,2484,1790,2010
"europe/aut145.rwl","Normal practice, flagged for reference",1,"ID fills all 8 columns","Fagus sylvatica L.",20,3882,1793,2010
"europe/aut146.rwl","Normal practice, flagged for reference",1,"ID fills all 8 columns","Larix decidua Mill.",20,1844,1909,2010
"europe/aut147.rwl","Normal practice, flagged for reference",1,"ID fills all 8 columns","Picea abies (L.) H. Karst.",20,1779,1911,2010
"europe/aut148.rwl","Normal practice, flagged for reference",1,"ID fills all 8 columns","Fagus sylvatica L.",20,1771,1909,2010
"europe/aut149.rwl","Normal practice, flagged for reference",1,"ID fills all 8 columns","Larix decidua Mill.",20,1874,1910,2010
"europe/aut150.rwl","Normal practice, flagged for reference",1,"ID fills all 8 columns","Picea abies (L.) H. Karst.",20,4248,1771,2010
"europe/aut151.rwl","Normal practice, flagged for reference",1,"ID fills all 8 columns","Fagus sylvatica L.",20,3867,1776,2010
"europe/blr001.rwl","Normal practice, flagged for reference",1,"ID fills all 8 columns","Quercus robur L. = Quercus pendunculata Ehrl.",25,4424,778,1326
"europe/brit002.rwl","Normal practice, flagged for reference",1,"blank inside series ID","Quercus petraea (Matt.) Liebl. = Quercus sessiliflora Salisb.",14,1726,1754,1979
"europe/brit003.rwl","Normal practice, flagged for reference",1,"blank inside series ID","Quercus petraea (Matt.) Liebl. = Quercus sessiliflora Salisb.",14,1857,1813,1978
"europe/brit004.rwl","Normal practice, flagged for reference",1,"blank inside series ID","Quercus petraea (Matt.) Liebl. = Quercus sessiliflora Salisb.",13,1750,1811,1978
"europe/brit005.rwl","Normal practice, flagged for reference",1,"blank inside series ID","Quercus robur L. = Quercus pendunculata Ehrl.",12,1319,1798,1978
"europe/brit006.rwl","Normal practice, flagged for reference",1,"blank inside series ID","Quercus robur L. = Quercus pendunculata Ehrl.",13,1846,1809,1978
"europe/brit011.rwl","Normal practice, flagged for reference",1,"blank inside series ID","Quercus robur L. = Quercus pendunculata Ehrl.",13,2649,1717,1979
"europe/brit027.rwl","Normal practice, flagged for reference",1,"blank inside series ID","Quercus spp. L.",10,1346,1834,1988
"europe/brit028.rwl","Normal practice, flagged for reference",1,"blank inside series ID","Quercus spp. L.",10,1850,1776,1990
"europe/brit040.rwl","Normal practice, flagged for reference",1,"blank inside series ID","Quercus spp. L.",14,1840,1841,1997
"europe/brit041.rwl","Normal practice, flagged for reference",1,"blank inside series ID","Quercus spp. L.",13,2274,1764,1992
"europe/brit042.rwl","Normal practice, flagged for reference",1,"blank inside series ID","Quercus spp. L.",28,5720,1649,1992
"europe/brit043.rwl","Normal practice, flagged for reference",1,"blank inside series ID","Quercus spp. L.",11,1218,1864,1994
"europe/brit044.rwl","Normal practice, flagged for reference",1,"blank inside series ID","Quercus spp. L.",16,3417,1708,1984
"europe/brit045.rwl","Normal practice, flagged for reference",1,"blank inside series ID","Quercus spp. L.",5,1086,936,1240
"europe/brit046.rwl","Normal practice, flagged for reference",1,"blank inside series ID","Quercus spp. L.",26,4668,839,1200
"europe/brit047.rwl","Normal practice, flagged for reference",1,"blank inside series ID","Quercus spp. L.",7,865,901,1127
"europe/brit070.rwl","Normal practice, flagged for reference",1,"ID fills all 8 columns","Pinus sylvestris L.",36,10413,1458,2003
"europe/brit071.rwl","Normal practice, flagged for reference",1,"ID fills all 8 columns","Quercus robur L. = Quercus pendunculata Ehrl.",30,8194,1613,2003
"europe/brit072.rwl","Normal practice, flagged for reference",1,"ID fills all 8 columns","Quercus robur L. = Quercus pendunculata Ehrl.",38,5896,1706,2003
"europe/brit099.rwl","Normal practice, flagged for reference",1,"ID fills all 8 columns","Taxus baccata L.",32,5269,840,1252
"europe/brit100.rwl","Normal practice, flagged for reference",1,"ID fills all 8 columns","Taxus baccata L.",48,8988,630,1082
"europe/brit6.rwl","Normal practice, flagged for reference",1,"blank inside series ID","Quercus spp. L.",28,4613,1649,1972
"europe/bulg003x.rwl","Normal practice, flagged for reference",1,"ID fills all 8 columns","Pinus heldreichii Christ",42,7411,1721,2008
"europe/che413.rwl","Normal practice, flagged for reference",1,"ID fills all 8 columns","Larix decidua Mill.",38,9150,1596,2017
"europe/che414.rwl","Normal practice, flagged for reference",1,"ID fills all 8 columns","Larix decidua Mill.",49,14609,1585,2017
"europe/che415.rwl","Normal practice, flagged for reference",1,"ID fills all 8 columns","Larix decidua Mill.",69,16281,1518,2017
"europe/che416.rwl","Normal practice, flagged for reference",1,"ID fills all 8 columns","Larix decidua Mill.",62,13304,1702,2017
"europe/che475.rwl","Normal practice, flagged for reference",1,"ID fills all 8 columns","Picea abies (L.) H. Karst.",15,2056,1841,2023
"europe/che476.rwl","Normal practice, flagged for reference",1,"ID fills all 8 columns","Picea abies (L.) H. Karst.",15,1639,1845,2023
"europe/che477.rwl","Normal practice, flagged for reference",1,"ID fills all 8 columns","Picea abies (L.) H. Karst.",12,1990,1817,2023
"europe/che478.rwl","Normal practice, flagged for reference",1,"ID fills all 8 columns","Abies alba Mill.",14,2015,1834,2023
"europe/che479.rwl","Normal practice, flagged for reference",1,"ID fills all 8 columns","Picea abies (L.) H. Karst.",13,1296,1860,2023
"europe/che480.rwl","Normal practice, flagged for reference",1,"ID fills all 8 columns","Abies alba Mill.",15,1621,1902,2023
"europe/che481.rwl","Normal practice, flagged for reference",1,"ID fills all 8 columns","Abies alba Mill.",7,671,1919,2023
"europe/che482.rwl","Normal practice, flagged for reference",1,"ID fills all 8 columns","Picea abies (L.) H. Karst.",10,1689,1752,2023
"europe/che483.rwl","Normal practice, flagged for reference",1,"ID fills all 8 columns","Picea abies (L.) H. Karst.",12,1747,1802,2023
"europe/che484.rwl","Normal practice, flagged for reference",1,"ID fills all 8 columns","Abies alba Mill.",14,2247,1825,2021
"europe/che485.rwl","Normal practice, flagged for reference",1,"ID fills all 8 columns","Picea abies (L.) H. Karst.",25,4505,1699,2011
"europe/che499.rwl","Normal practice, flagged for reference",1,"ID fills all 8 columns","Picea abies (L.) H. Karst.",55,6429,1825,2014
"europe/che500.rwl","Normal practice, flagged for reference",1,"ID fills all 8 columns","Picea abies (L.) H. Karst.",29,4702,1801,2011
"europe/che501.rwl","Normal practice, flagged for reference",1,"ID fills all 8 columns","Picea abies (L.) H. Karst.",42,7998,1745,2012
"europe/che502.rwl","Normal practice, flagged for reference",1,"ID fills all 8 columns","Picea abies (L.) H. Karst.",30,3817,1675,2014
"europe/che503.rwl","Normal practice, flagged for reference",1,"ID fills all 8 columns","Picea abies (L.) H. Karst.",48,7625,1683,2014
"europe/che523.rwl","Normal practice, flagged for reference",1,"ID fills all 8 columns","Larix decidua Mill.",50,6522,1795,2014
"europe/che524.rwl","Normal practice, flagged for reference",1,"ID fills all 8 columns","Larix decidua Mill.",36,6337,1767,2011
"europe/che525.rwl","Normal practice, flagged for reference",1,"ID fills all 8 columns","Larix decidua Mill.",38,8965,1721,2012
"europe/che526.rwl","Normal practice, flagged for reference",1,"ID fills all 8 columns","Larix decidua Mill.",42,9926,1515,2011
"europe/che527.rwl","Normal practice, flagged for reference",1,"ID fills all 8 columns","Larix decidua Mill.",37,4739,1627,2014
"europe/che528.rwl","Normal practice, flagged for reference",1,"ID fills all 8 columns","Larix decidua Mill.",31,5101,1698,2014
"europe/che529.rwl","Normal practice, flagged for reference",1,"ID fills all 8 columns","Larix decidua Mill.",85,17688,1640,2014
"europe/che552.rwl","Normal practice, flagged for reference",1,"ID fills all 8 columns","Abies alba Mill.",147,11902,1898,2011
"europe/che592.rwl","Normal practice, flagged for reference",1,"ID fills all 8 columns","Quercus robur L. = Quercus pendunculata Ehrl.",13,2171,1814,2011
"europe/che603.rwl","Normal practice, flagged for reference",1,"ID fills all 8 columns","Larix decidua Mill.",142,30989,1396,2018
"europe/che603x.rwl","Normal practice, flagged for reference",1,"ID fills all 8 columns","Larix decidua Mill.",30,9877,1395,2018
"europe/che605.rwl","Normal practice, flagged for reference",1,"ID fills all 8 columns","Pinus cembra L.",48,13639,1596,2018
"europe/che605x.rwl","Normal practice, flagged for reference",1,"ID fills all 8 columns","Pinus cembra L.",31,8953,1596,2018
"europe/che607.rwl","Normal practice, flagged for reference",1,"ID fills all 8 columns","Larix decidua Mill.",54,17721,1430,2018
"europe/che607x.rwl","Normal practice, flagged for reference",1,"ID fills all 8 columns","Larix decidua Mill.",24,7824,1430,2018
"europe/che612.rwl","Normal practice, flagged for reference",1,"ID fills all 8 columns","Larix decidua Mill.",60,9362,1705,2018
"europe/che612x.rwl","Normal practice, flagged for reference",1,"ID fills all 8 columns","Larix decidua Mill.",22,3182,1706,2018
"europe/che614.rwl","Normal practice, flagged for reference",1,"ID fills all 8 columns","Larix decidua Mill.",53,3745,1883,2010
"europe/che616.rwl","Normal practice, flagged for reference",1,"ID fills all 8 columns","Pinus cembra L.",195,42078,1428,2010
"europe/che617.rwl","Normal practice, flagged for reference",1,"ID fills all 8 columns","Pinus cembra L.",171,43419,1512,2010
"europe/che618.rwl","Normal practice, flagged for reference",1,"ID fills all 8 columns","Larix decidua Mill.",157,23954,1561,2011
"europe/che619.rwl","Normal practice, flagged for reference",1,"ID fills all 8 columns","Larix decidua Mill.",160,32694,1474,2011
"europe/che619x.rwl","Normal practice, flagged for reference",1,"ID fills all 8 columns","Larix decidua Mill.",24,6658,1474,2011
"europe/che621.rwl","Normal practice, flagged for reference",1,"ID fills all 8 columns","Picea abies (L.) H. Karst.",42,5591,1842,2010
"europe/cypr017.rwl","Normal practice, flagged for reference",1,"ID fills all 8 columns","Pinus nigra J.F. Arnold",38,12204,1554,2002
"europe/czec001.rwl","Normal practice, flagged for reference",1,"ID fills all 8 columns","Picea abies (L.) H. Karst.",37,5090,1781,1991
"europe/czec001x.rwl","Normal practice, flagged for reference",1,"ID fills all 8 columns","Picea abies (L.) H. Karst.",45,6074,1797,1990
"europe/czec002.rwl","Normal practice, flagged for reference",1,"ID fills all 8 columns","Picea abies (L.) H. Karst.",70,10179,1802,1990
"europe/czec002x.rwl","Normal practice, flagged for reference",1,"ID fills all 8 columns","Picea abies (L.) H. Karst.",60,8373,1791,1989
"europe/czec011.rwl","Normal practice, flagged for reference",1,"ID fills all 8 columns","Pinus sylvestris L.",42,5723,1872,2018
"europe/czec015.rwl","Normal practice, flagged for reference",1,"ID fills all 8 columns","Picea abies (L.) H. Karst.",38,6471,1716,2018
"europe/czec017.rwl","Normal practice, flagged for reference",1,"ID fills all 8 columns","Picea abies (L.) H. Karst.",40,7110,1689,2018
"europe/czec021.rwl","Normal practice, flagged for reference",1,"ID fills all 8 columns","Picea abies (L.) H. Karst.",41,5954,1847,2018
"europe/czec023.rwl","Normal practice, flagged for reference",1,"ID fills all 8 columns","Picea abies (L.) H. Karst.",40,7441,1788,2018
"europe/czec024.rwl","Normal practice, flagged for reference",1,"ID fills all 8 columns","Pinus sylvestris L.",47,5795,1713,2018
"europe/czec026.rwl","Normal practice, flagged for reference",1,"ID fills all 8 columns","Picea abies (L.) H. Karst.",35,3976,1868,2018
"europe/czec027.rwl","Normal practice, flagged for reference",1,"ID fills all 8 columns","Pinus sylvestris L.",50,13768,1605,2018
"europe/deu302.rwl","Normal practice, flagged for reference",1,"ID fills all 8 columns","Quercus petraea (Matt.) Liebl. = Quercus sessiliflora Salisb.",14,2424,1793,2016
"europe/deu303.rwl","Normal practice, flagged for reference",1,"ID fills all 8 columns","Quercus robur L. = Quercus pendunculata Ehrl.",15,1971,1879,2016
"europe/deu304.rwl","Normal practice, flagged for reference",1,"ID fills all 8 columns","Quercus petraea (Matt.) Liebl. = Quercus sessiliflora Salisb.",15,1905,1880,2016
"europe/deu305.rwl","Normal practice, flagged for reference",1,"ID fills all 8 columns","Fraxinus excelsior L.",19,1017,1942,2016
"europe/deu306.rwl","Normal practice, flagged for reference",1,"ID fills all 8 columns","Quercus petraea (Matt.) Liebl. = Quercus sessiliflora Salisb.",21,1176,1957,2016
"europe/deu307.rwl","Normal practice, flagged for reference",1,"ID fills all 8 columns","Pinus sylvestris L.",16,892,1959,2017
"europe/deu308.rwl","Normal practice, flagged for reference",1,"ID fills all 8 columns","Pseudotsuga menziesii (Mirb.) Franco",17,916,1957,2017
"europe/deu309.rwl","Normal practice, flagged for reference",1,"ID fills all 8 columns","Larix decidua Mill.",16,900,1958,2017
"europe/deu310.rwl","Normal practice, flagged for reference",1,"ID fills all 8 columns","Tilia cordata Mill.",16,908,1955,2017
"europe/deu311.rwl","Normal practice, flagged for reference",1,"ID fills all 8 columns","Fagus sylvatica L.",18,1078,1951,2017
"europe/deu312.rwl","Normal practice, flagged for reference",1,"ID fills all 8 columns","Quercus robur L. = Quercus pendunculata Ehrl.",15,813,1959,2017
"europe/deu313.rwl","Normal practice, flagged for reference",1,"ID fills all 8 columns","Fraxinus excelsior L.",15,756,1954,2017
"europe/deu314.rwl","Normal practice, flagged for reference",1,"ID fills all 8 columns","Quercus robur L. = Quercus pendunculata Ehrl.",15,983,1940,2017
"europe/deu315.rwl","Normal practice, flagged for reference",1,"ID fills all 8 columns","Quercus robur L. = Quercus pendunculata Ehrl.",12,1879,1791,2017
"europe/deu316.rwl","Normal practice, flagged for reference",1,"ID fills all 8 columns","Quercus robur L. = Quercus pendunculata Ehrl.",14,2925,1780,2018
"europe/deu318.rwl","Normal practice, flagged for reference",1,"ID fills all 8 columns","Quercus spp. L.",7,1944,1696,2015
"europe/deu319.rwl","Normal practice, flagged for reference",1,"ID fills all 8 columns","Picea abies (L.) H. Karst.",20,2550,1871,2010
"europe/deu320.rwl","Normal practice, flagged for reference",1,"ID fills all 8 columns","Picea abies (L.) H. Karst.",20,4401,1744,2010
"europe/deu321.rwl","Normal practice, flagged for reference",1,"ID fills all 8 columns","Picea abies (L.) H. Karst.",20,3947,1754,2010
"europe/deu322.rwl","Normal practice, flagged for reference",1,"ID fills all 8 columns","Picea abies (L.) H. Karst.",20,2576,1849,2008
"europe/deu323.rwl","Normal practice, flagged for reference",1,"ID fills all 8 columns","Abies alba Mill.",20,2240,1849,2008
"europe/deu324.rwl","Normal practice, flagged for reference",1,"ID fills all 8 columns","Fagus sylvatica L.",20,2731,1842,2008
"europe/deu325.rwl","Normal practice, flagged for reference",1,"ID fills all 8 columns","Larix decidua Mill.",20,2988,1847,2008
"europe/deu326.rwl","Normal practice, flagged for reference",1,"ID fills all 8 columns","Picea abies (L.) H. Karst.",20,2334,1821,2008
"europe/deu327.rwl","Normal practice, flagged for reference",1,"ID fills all 8 columns","Abies alba Mill.",20,3060,1814,2008
"europe/deu328.rwl","Normal practice, flagged for reference",1,"ID fills all 8 columns","Fagus sylvatica L.",20,3422,1797,2008
"europe/deu329.rwl","Normal practice, flagged for reference",1,"ID fills all 8 columns","Larix decidua Mill.",20,3278,1824,2008
"europe/deu330.rwl","Normal practice, flagged for reference",1,"ID fills all 8 columns","Picea abies (L.) H. Karst.",20,2565,1790,2008
"europe/deu331.rwl","Normal practice, flagged for reference",1,"ID fills all 8 columns","Abies alba Mill.",20,2515,1821,2008
"europe/deu332.rwl","Normal practice, flagged for reference",1,"ID fills all 8 columns","Fagus sylvatica L.",20,2616,1816,2008
"europe/deu333.rwl","Normal practice, flagged for reference",1,"ID fills all 8 columns","Picea abies (L.) H. Karst.",20,2409,1844,2008
"europe/deu334.rwl","Normal practice, flagged for reference",1,"ID fills all 8 columns","Abies alba Mill.",20,2627,1852,2008
"europe/deu335.rwl","Normal practice, flagged for reference",1,"ID fills all 8 columns","Picea abies (L.) H. Karst.",20,1665,1923,2010
"europe/deu336.rwl","Normal practice, flagged for reference",1,"ID fills all 8 columns","Picea abies (L.) H. Karst.",20,3643,1806,2010
"europe/deu337.rwl","Normal practice, flagged for reference",1,"ID fills all 8 columns","Picea abies (L.) H. Karst.",20,3394,1823,2010
"europe/deu338.rwl","Normal practice, flagged for reference",1,"ID fills all 8 columns","Fagus sylvatica L.",40,7187,1819,2021
"europe/deu339.rwl","Normal practice, flagged for reference",1,"ID fills all 8 columns","Fagus sylvatica L.",38,4116,1903,2021
"europe/deu340.rwl","Normal practice, flagged for reference",1,"ID fills all 8 columns","Quercus petraea (Matt.) Liebl. = Quercus sessiliflora Salisb.",98,13533,1848,2018
"europe/deu341.rwl","Normal practice, flagged for reference",1,"ID fills all 8 columns","Pinus sylvestris L.",78,9418,1882,2019
"europe/deu342.rwl","Normal practice, flagged for reference",1,"ID fills all 8 columns","Pinus sylvestris L.",102,15563,1838,2019
"europe/deu344.rwl","Normal practice, flagged for reference",1,"ID fills all 8 columns","Picea abies (L.) H. Karst.",20,2576,1842,2008
"europe/deu345.rwl","Normal practice, flagged for reference",1,"ID fills all 8 columns","Abies alba Mill.",20,2831,1844,2008
"europe/deu346.rwl","Normal practice, flagged for reference",1,"ID fills all 8 columns","Fagus sylvatica L.",20,2737,1849,2008
"europe/deu347.rwl","Normal practice, flagged for reference",1,"ID fills all 8 columns","Picea abies (L.) H. Karst.",20,2782,1840,2008
"europe/deu348.rwl","Normal practice, flagged for reference",1,"ID fills all 8 columns","Larix decidua Mill.",20,4919,1730,2008
"europe/deu349.rwl","Normal practice, flagged for reference",1,"ID fills all 8 columns","Picea abies (L.) H. Karst.",20,3256,1806,2008
"europe/deu350.rwl","Normal practice, flagged for reference",1,"ID fills all 8 columns","Larix decidua Mill.",20,3918,1749,2008
"europe/deu351.rwl","Normal practice, flagged for reference",1,"ID fills all 8 columns","Picea abies (L.) H. Karst.",20,3511,1797,2008
"europe/deu352.rwl","Normal practice, flagged for reference",1,"ID fills all 8 columns","Fagus sylvatica L.",20,3676,1795,2008
"europe/deu353.rwl","Normal practice, flagged for reference",1,"ID fills all 8 columns","Picea abies (L.) H. Karst.",20,2211,1785,2008
"europe/deu354.rwl","Normal practice, flagged for reference",1,"ID fills all 8 columns","Larix decidua Mill.",20,3333,1766,2008
"europe/deu355.rwl","Normal practice, flagged for reference",1,"ID fills all 8 columns","Picea abies (L.) H. Karst.",20,2809,1834,2008
"europe/deu356.rwl","Normal practice, flagged for reference",1,"ID fills all 8 columns","Fagus sylvatica L.",20,3272,1809,2008
"europe/deu357.rwl","Normal practice, flagged for reference",1,"ID fills all 8 columns","Larix decidua Mill.",20,3814,1760,2008
"europe/deu358.rwl","Normal practice, flagged for reference",1,"ID fills all 8 columns","Picea abies (L.) H. Karst.",20,1976,1891,2008
"europe/deu359.rwl","Normal practice, flagged for reference",1,"ID fills all 8 columns","Fagus sylvatica L.",20,2080,1885,2008
"europe/deu360.rwl","Normal practice, flagged for reference",1,"ID fills all 8 columns","Picea abies (L.) H. Karst.",20,3841,1784,2008
"europe/deu361.rwl","Normal practice, flagged for reference",1,"ID fills all 8 columns","Abies alba Mill.",20,3004,1817,2008
"europe/deu362.rwl","Normal practice, flagged for reference",1,"ID fills all 8 columns","Fagus sylvatica L.",20,3027,1818,2008
"europe/deu363.rwl","Normal practice, flagged for reference",1,"ID fills all 8 columns","Larix decidua Mill.",20,3363,1799,2008
"europe/deu364.rwl","Normal practice, flagged for reference",1,"ID fills all 8 columns","Picea abies (L.) H. Karst.",20,5488,1591,2008
"europe/deu365.rwl","Normal practice, flagged for reference",1,"ID fills all 8 columns","Larix decidua Mill.",20,5462,1689,2008
"europe/deu366.rwl","Normal practice, flagged for reference",1,"ID fills all 8 columns","Picea abies (L.) H. Karst.",20,3644,1752,2010
"europe/deu367.rwl","Normal practice, flagged for reference",1,"ID fills all 8 columns","Pinus sylvestris L.",20,3581,1760,2010
"europe/deu368.rwl","Normal practice, flagged for reference",1,"ID fills all 8 columns","Abies alba Mill.",20,3086,1836,2010
"europe/deu369.rwl","Normal practice, flagged for reference",1,"ID fills all 8 columns","Fagus sylvatica L.",20,3317,1796,2010
"europe/deu370.rwl","Normal practice, flagged for reference",1,"ID fills all 8 columns","Picea abies (L.) H. Karst.",20,3671,1783,2010
"europe/deu371.rwl","Normal practice, flagged for reference",1,"ID fills all 8 columns","Pinus sylvestris L.",20,3514,1807,2010
"europe/deu372.rwl","Normal practice, flagged for reference",1,"ID fills all 8 columns","Abies alba Mill.",20,3373,1787,2010
"europe/deu373.rwl","Normal practice, flagged for reference",1,"ID fills all 8 columns","Fagus sylvatica L.",20,3704,1772,2010
"europe/deu374.rwl","Normal practice, flagged for reference",1,"ID fills all 8 columns","Picea abies (L.) H. Karst.",20,3379,1805,2007
"europe/deu375.rwl","Normal practice, flagged for reference",1,"ID fills all 8 columns","Pinus sylvestris L.",20,3555,1818,2010
"europe/deu376.rwl","Normal practice, flagged for reference",1,"ID fills all 8 columns","Abies alba Mill.",20,3586,1805,2007
"europe/deu377.rwl","Normal practice, flagged for reference",1,"ID fills all 8 columns","Fagus sylvatica L.",20,3512,1787,2010
"europe/deu378.rwl","Normal practice, flagged for reference",1,"ID fills all 8 columns","Picea abies (L.) H. Karst.",20,2975,1813,2010
"europe/deu379.rwl","Normal practice, flagged for reference",1,"ID fills all 8 columns","Pinus sylvestris L.",20,3495,1816,2010
"europe/deu380.rwl","Normal practice, flagged for reference",1,"ID fills all 8 columns","Abies alba Mill.",20,3344,1818,2010
"europe/deu381.rwl","Normal practice, flagged for reference",1,"ID fills all 8 columns","Fagus sylvatica L.",20,3168,1823,2010
"europe/deu382.rwl","Normal practice, flagged for reference",1,"ID fills all 8 columns","Picea abies (L.) H. Karst.",20,3817,1719,2010
"europe/deu383.rwl","Normal practice, flagged for reference",1,"ID fills all 8 columns","Pinus sylvestris L.",20,3586,1730,2009
"europe/deu384.rwl","Normal practice, flagged for reference",1,"ID fills all 8 columns","Picea abies (L.) H. Karst.",20,2215,1826,2008
"europe/deu385.rwl","Normal practice, flagged for reference",1,"ID fills all 8 columns","Fagus sylvatica L.",20,1933,1896,2008
"europe/deu386.rwl","Normal practice, flagged for reference",1,"ID fills all 8 columns","Picea abies (L.) H. Karst.",20,3004,1800,2008
"europe/deu387.rwl","Normal practice, flagged for reference",1,"ID fills all 8 columns","Larix decidua Mill.",20,3635,1760,2008
"europe/deu388.rwl","Normal practice, flagged for reference",1,"ID fills all 8 columns","Picea abies (L.) H. Karst.",20,2198,1817,2008
"europe/deu389.rwl","Normal practice, flagged for reference",1,"ID fills all 8 columns","Abies alba Mill.",20,2706,1780,2008
"europe/deu390.rwl","Normal practice, flagged for reference",1,"ID fills all 8 columns","Fagus sylvatica L.",20,3188,1773,2008
"europe/deu391.rwl","Normal practice, flagged for reference",1,"ID fills all 8 columns","Larix decidua Mill.",20,2234,1859,2008
"europe/deu392.rwl","Normal practice, flagged for reference",1,"ID fills all 8 columns","Picea abies (L.) H. Karst.",20,2578,1806,2008
"europe/deu393.rwl","Normal practice, flagged for reference",1,"ID fills all 8 columns","Abies alba Mill.",20,3276,1788,2008
"europe/deu394.rwl","Normal practice, flagged for reference",1,"ID fills all 8 columns","Fagus sylvatica L.",20,3465,1753,2008
"europe/deu395.rwl","Normal practice, flagged for reference",1,"ID fills all 8 columns","Larix decidua Mill.",20,3671,1794,2008
"europe/deu396.rwl","Normal practice, flagged for reference",1,"ID fills all 8 columns","Picea abies (L.) H. Karst.",20,2961,1845,2010
"europe/deu397.rwl","Normal practice, flagged for reference",1,"ID fills all 8 columns","Picea abies (L.) H. Karst.",20,3205,1807,2010
"europe/deu398.rwl","Normal practice, flagged for reference",1,"ID fills all 8 columns","Abies alba Mill.",20,3784,1800,2010
"europe/deu399.rwl","Normal practice, flagged for reference",1,"ID fills all 8 columns","Fagus sylvatica L.",20,3622,1795,2010
"europe/deu400.rwl","Normal practice, flagged for reference",1,"ID fills all 8 columns","Picea abies (L.) H. Karst.",20,2960,1851,2010
"europe/deu401.rwl","Normal practice, flagged for reference",1,"ID fills all 8 columns","Abies alba Mill.",20,2965,1833,2010
"europe/deu402.rwl","Normal practice, flagged for reference",1,"ID fills all 8 columns","Fagus sylvatica L.",20,3056,1835,2010
"europe/deu403.rwl","Normal practice, flagged for reference",1,"ID fills all 8 columns","Picea abies (L.) H. Karst.",20,1488,1928,2009
"europe/deu404.rwl","Normal practice, flagged for reference",1,"ID fills all 8 columns","Abies alba Mill.",20,3770,1806,2009
"europe/deu405.rwl","Normal practice, flagged for reference",1,"ID fills all 8 columns","Fagus sylvatica L.",20,2783,1820,2009
"europe/deu406.rwl","Normal practice, flagged for reference",1,"ID fills all 8 columns","Larix decidua Mill.",20,1254,1941,2009
"europe/deu407.rwl","Normal practice, flagged for reference",1,"ID fills all 8 columns","Picea abies (L.) H. Karst.",20,3583,1809,2009
"europe/deu408.rwl","Normal practice, flagged for reference",1,"ID fills all 8 columns","Pinus sylvestris L.",20,3779,1813,2009
"europe/deu409.rwl","Normal practice, flagged for reference",1,"ID fills all 8 columns","Abies alba Mill.",20,3623,1804,2009
"europe/deu410.rwl","Normal practice, flagged for reference",1,"ID fills all 8 columns","Fagus sylvatica L.",20,3134,1814,2009
"europe/deu411.rwl","Normal practice, flagged for reference",1,"ID fills all 8 columns","Larix decidua Mill.",20,1161,1947,2009
"europe/deu412.rwl","Normal practice, flagged for reference",1,"ID fills all 8 columns","Picea abies (L.) H. Karst.",20,3620,1799,2009
"europe/deu413.rwl","Normal practice, flagged for reference",1,"ID fills all 8 columns","Pinus sylvestris L.",20,3446,1823,2009
"europe/deu414.rwl","Normal practice, flagged for reference",1,"ID fills all 8 columns","Abies alba Mill.",20,2908,1822,2009
"europe/deu415.rwl","Normal practice, flagged for reference",1,"ID fills all 8 columns","Fagus sylvatica L.",20,3261,1810,2009
"europe/deu416.rwl","Normal practice, flagged for reference",1,"ID fills all 8 columns","Picea abies (L.) H. Karst.",20,2609,1859,2009
"europe/deu417.rwl","Normal practice, flagged for reference",1,"ID fills all 8 columns","Picea abies (L.) H. Karst.",20,1267,1930,2008
"europe/deu418.rwl","Normal practice, flagged for reference",1,"ID fills all 8 columns","Abies alba Mill.",20,2252,1841,2008
"europe/deu419.rwl","Normal practice, flagged for reference",1,"ID fills all 8 columns","Fagus sylvatica L.",20,1713,1857,2008
"europe/deu420.rwl","Normal practice, flagged for reference",1,"ID fills all 8 columns","Picea abies (L.) H. Karst.",20,3685,1805,2010
"europe/deu421.rwl","Normal practice, flagged for reference",1,"ID fills all 8 columns","Picea abies (L.) H. Karst.",20,1061,1946,2010
"europe/deu426.rwl","Normal practice, flagged for reference",1,"ID fills all 8 columns","Picea abies (L.) H. Karst.",96,4094,1932,2013
"europe/deu427.rwl","Normal practice, flagged for reference",1,"ID fills all 8 columns","Picea abies (L.) H. Karst.",100,10089,1902,2015
"europe/deu428.rwl","Normal practice, flagged for reference",1,"ID fills all 8 columns","Pinus sylvestris L.",109,15579,1826,2017
"europe/deu429.rwl","Normal practice, flagged for reference",1,"ID fills all 8 columns","Picea abies (L.) H. Karst.",80,10914,1691,2013
"europe/deu430.rwl","Normal practice, flagged for reference",1,"ID fills all 8 columns","Picea abies (L.) H. Karst.",94,7437,1905,2011
"europe/deu431.rwl","Normal practice, flagged for reference",1,"ID fills all 8 columns","Picea abies (L.) H. Karst.",97,6897,1909,2016
"europe/deu432.rwl","Normal practice, flagged for reference",1,"ID fills all 8 columns","Pinus sylvestris L.",41,3203,1928,2020
"europe/deu433.rwl","Normal practice, flagged for reference",1,"ID fills all 8 columns","Pinus sylvestris L.",60,4970,1928,2020
"europe/deu434.rwl","Normal practice, flagged for reference",1,"ID fills all 8 columns","Pinus sylvestris L.",94,7222,1878,2016
"europe/deu435.rwl","Normal practice, flagged for reference",1,"ID fills all 8 columns","Pinus sylvestris L.",63,7342,1883,2016
"europe/deu436.rwl","Normal practice, flagged for reference",1,"ID fills all 8 columns","Picea abies (L.) H. Karst.",57,2150,1973,2016
"europe/deu437.rwl","Normal practice, flagged for reference",1,"ID fills all 8 columns","Picea abies (L.) H. Karst.",94,3487,1975,2016
"europe/deu438.rwl","Normal practice, flagged for reference",1,"ID fills all 8 columns","Pinus sylvestris L.",91,14854,1826,2013
"europe/deu439.rwl","Normal practice, flagged for reference",1,"ID fills all 8 columns","Pinus sylvestris L.",96,11097,1827,2016
"europe/deu440.rwl","Normal practice, flagged for reference",1,"ID fills all 8 columns","Abies alba Mill.",128,8461,1915,2014
"europe/deu441.rwl","Normal practice, flagged for reference",1,"ID fills all 8 columns","Pinus sylvestris L.",70,7282,1891,2014
"europe/deu442.rwl","Normal practice, flagged for reference",1,"ID fills all 8 columns","Pinus sylvestris L.",94,14519,1843,2015
"europe/deu443.rwl","Normal practice, flagged for reference",1,"ID fills all 8 columns","Pinus sylvestris L.",100,13627,1862,2016
"europe/deu444.rwl","Normal practice, flagged for reference",1,"ID fills all 8 columns","Abies alba Mill.",87,5231,1891,2017
"europe/deu445.rwl","Normal practice, flagged for reference",1,"ID fills all 8 columns","Pinus sylvestris L.",97,11456,1862,2013
"europe/deu446.rwl","Normal practice, flagged for reference",1,"ID fills all 8 columns","Pinus sylvestris L.",95,11117,1870,2014
"europe/deu447.rwl","Normal practice, flagged for reference",1,"ID fills all 8 columns","Picea abies (L.) H. Karst.",82,5939,1931,2017
"europe/deu448.rwl","Normal practice, flagged for reference",1,"ID fills all 8 columns","Pseudotsuga menziesii (Mirb.) Franco",92,3868,1965,2015
"europe/deu449.rwl","Normal practice, flagged for reference",1,"ID fills all 8 columns","Pseudotsuga menziesii (Mirb.) Franco",100,4180,1969,2018
"europe/deu450.rwl","Normal practice, flagged for reference",1,"ID fills all 8 columns","Picea abies (L.) H. Karst.",96,11785,1857,2010
"europe/deu451.rwl","Normal practice, flagged for reference",1,"ID fills all 8 columns","Picea abies (L.) H. Karst.",81,6590,1870,2010
"europe/deu452.rwl","Normal practice, flagged for reference",1,"ID fills all 8 columns","Picea abies (L.) H. Karst.",98,8653,1880,2013
"europe/deu453.rwl","Normal practice, flagged for reference",1,"ID fills all 8 columns","Picea abies (L.) H. Karst.",99,5714,1947,2018
"europe/deu454.rwl","Normal practice, flagged for reference",1,"ID fills all 8 columns","Picea abies (L.) H. Karst.",99,7598,1931,2020
"europe/deu455.rwl","Normal practice, flagged for reference",1,"ID fills all 8 columns","Picea abies (L.) H. Karst.",94,4516,1954,2010
"europe/deu456.rwl","Normal practice, flagged for reference",1,"ID fills all 8 columns","Picea abies (L.) H. Karst.",87,8251,1875,2011
"europe/deu457.rwl","Normal practice, flagged for reference",1,"ID fills all 8 columns","Pinus sylvestris L.",98,10356,1902,2014
"europe/deu458.rwl","Normal practice, flagged for reference",1,"ID fills all 8 columns","Picea abies (L.) H. Karst.",96,7888,1922,2018
"europe/deu459.rwl","Normal practice, flagged for reference",1,"ID fills all 8 columns","Pinus sylvestris L.",90,11539,1871,2018
"europe/deu460.rwl","Normal practice, flagged for reference",1,"ID fills all 8 columns","Picea abies (L.) H. Karst.",77,4717,1905,2010
"europe/deu461.rwl","Normal practice, flagged for reference",1,"ID fills all 8 columns","Picea abies (L.) H. Karst.",106,8258,1910,2011
"europe/deu462.rwl","Normal practice, flagged for reference",1,"ID fills all 8 columns","Abies procera Rehder",100,3233,1982,2020
"europe/deu463.rwl","Normal practice, flagged for reference",1,"ID fills all 8 columns","Pinus sylvestris L.",54,7336,1856,2017
"europe/deu464.rwl","Normal practice, flagged for reference",1,"ID fills all 8 columns","Picea abies (L.) H. Karst.",33,1191,1971,2017
"europe/deu465.rwl","Normal practice, flagged for reference",1,"ID fills all 8 columns","Picea abies (L.) H. Karst.",96,16090,1741,2017
"europe/deu466.rwl","Normal practice, flagged for reference",1,"ID fills all 8 columns","Picea abies (L.) H. Karst.",100,13741,1759,2020
"europe/deu467.rwl","Normal practice, flagged for reference",1,"ID fills all 8 columns","Picea abies (L.) H. Karst.",30,2426,1922,2014
"europe/deu468.rwl","Normal practice, flagged for reference",1,"ID fills all 8 columns","Picea abies (L.) H. Karst.",30,2112,1934,2014
"europe/deu469.rwl","Normal practice, flagged for reference",1,"ID fills all 8 columns","Picea abies (L.) H. Karst.",24,1916,1914,2018
"europe/deu470.rwl","Normal practice, flagged for reference",1,"ID fills all 8 columns","Abies alba Mill.",19,1520,1925,2018
"europe/deu471.rwl","Normal practice, flagged for reference",1,"ID fills all 8 columns","Pseudotsuga menziesii (Mirb.) Franco",23,2065,1913,2018
"europe/deu472.rwl","Normal practice, flagged for reference",1,"ID fills all 8 columns","Fagus sylvatica L.",5,364,1929,2019
"europe/deu473.rwl","Normal practice, flagged for reference",1,"ID fills all 8 columns","Quercus spp. L.",25,2779,1856,2019
"europe/deu474.rwl","Normal practice, flagged for reference",1,"ID fills all 8 columns","Quercus spp. L.",14,1020,1933,2019
"europe/deu475.rwl","Normal practice, flagged for reference",1,"ID fills all 8 columns","Fagus sylvatica L.",14,986,1898,2019
"europe/deu476.rwl","Normal practice, flagged for reference",1,"ID fills all 8 columns","Fagus sylvatica L.",11,899,1920,2019
"europe/deu477.rwl","Normal practice, flagged for reference",1,"ID fills all 8 columns","Quercus spp. L.",34,2530,1913,2020
"europe/deu478.rwl","Normal practice, flagged for reference",1,"ID fills all 8 columns","Pinus sylvestris L.",50,5013,1840,2011
"europe/deu479.rwl","Normal practice, flagged for reference",1,"ID fills all 8 columns","Pinus sylvestris L.",48,5526,1873,2011
"europe/deu480.rwl","Normal practice, flagged for reference",1,"ID fills all 8 columns","Pinus sylvestris L.",46,6406,1832,2011
"europe/deu481.rwl","Normal practice, flagged for reference",1,"ID fills all 8 columns","Pinus sylvestris L.",39,2938,1872,2011
"europe/deu482.rwl","Normal practice, flagged for reference",1,"ID fills all 8 columns","Pinus sylvestris L.",148,17254,1859,2011
"europe/deu483.rwl","Normal practice, flagged for reference",1,"ID fills all 8 columns","Pinus sylvestris L.",100,9473,1869,2012
"europe/deu484.rwl","Normal practice, flagged for reference",1,"ID fills all 8 columns","Picea abies (L.) H. Karst.",59,4720,1894,2013
"europe/deu485.rwl","Normal practice, flagged for reference",1,"ID fills all 8 columns","Pseudotsuga menziesii (Mirb.) Franco",47,2213,1960,2016
"europe/deu486.rwl","Normal practice, flagged for reference",1,"ID fills all 8 columns","Picea abies (L.) H. Karst.",44,1980,1959,2016
"europe/deu487.rwl","Normal practice, flagged for reference",1,"ID fills all 8 columns","Pseudotsuga menziesii (Mirb.) Franco",89,3683,1918,2017
"europe/deu488.rwl","Normal practice, flagged for reference",1,"ID fills all 8 columns","Quercus robur L. = Quercus pendunculata Ehrl.",82,5366,1945,2019
"europe/deu489.rwl","Normal practice, flagged for reference",1,"ID fills all 8 columns","Quercus robur L. = Quercus pendunculata Ehrl.",76,4460,1948,2019
"europe/deu491.rwl","Normal practice, flagged for reference",1,"ID fills all 8 columns","Picea abies (L.) H. Karst.",56,4752,1914,2020
"europe/deu492.rwl","Normal practice, flagged for reference",1,"ID fills all 8 columns","Pinus sylvestris L.",24,2412,1911,2020
"europe/deu493.rwl","Normal practice, flagged for reference",1,"ID fills all 8 columns","Fagus sylvatica L.",86,16632,1718,2022
"europe/esp090.rwl","Normal practice, flagged for reference",1,"ID fills all 8 columns","Pinus uncinata Mill. ex Mirb.",99,8629,1678,2009
"europe/esp091.rwl","Normal practice, flagged for reference",1,"ID fills all 8 columns","Pinus uncinata Mill. ex Mirb.",86,9010,1841,2009
"europe/esp092.rwl","Normal practice, flagged for reference",1,"ID fills all 8 columns","Pinus uncinata Mill. ex Mirb.",101,8683,1658,2009
"europe/esp093.rwl","Normal practice, flagged for reference",1,"ID fills all 8 columns","Pinus uncinata Mill. ex Mirb.",148,19216,1714,2009
"europe/esp094.rwl","Normal practice, flagged for reference",1,"ID fills all 8 columns","Pinus uncinata Mill. ex Mirb.",66,9429,1529,2009
"europe/esp095.rwl","Normal practice, flagged for reference",1,"ID fills all 8 columns","Pinus uncinata Mill. ex Mirb.",46,9976,1534,2009
"europe/esp096.rwl","Normal practice, flagged for reference",1,"ID fills all 8 columns","Juniperus thurifera L.",82,9455,1809,2010
"europe/esp097.rwl","Normal practice, flagged for reference",1,"ID fills all 8 columns","Juniperus thurifera L.",57,11136,1681,2010
"europe/esp098.rwl","Normal practice, flagged for reference",1,"ID fills all 8 columns","Pinus nigra J.F. Arnold",105,26247,1530,2015
"europe/esp099.rwl","Normal practice, flagged for reference",1,"ID fills all 8 columns","Pinus nigra J.F. Arnold",177,49080,1272,2015
"europe/esp099x.rwl","Normal practice, flagged for reference",1,"ID fills all 8 columns","Pinus nigra J.F. Arnold",45,14726,1209,2014
"europe/esp101.rwl","Normal practice, flagged for reference",1,"ID fills all 8 columns","Pinus nigra J.F. Arnold",159,43386,1268,2015
"europe/esp101x.rwl","Normal practice, flagged for reference",1,"ID fills all 8 columns","Pinus nigra J.F. Arnold",24,8505,1268,2014
"europe/fin098.rwl","Normal practice, flagged for reference",1,"ID fills all 8 columns","Picea abies (L.) H. Karst.",76,6812,1760,2011
"europe/fin099.rwl","Normal practice, flagged for reference",1,"ID fills all 8 columns","Picea abies (L.) H. Karst.",84,4975,1756,2011
"europe/fin101.rwl","Normal practice, flagged for reference",1,"ID fills all 8 columns","Picea abies (L.) H. Karst.",101,8966,1798,2013
"europe/fin102.rwl","Normal practice, flagged for reference",1,"ID fills all 8 columns","Pinus sylvestris L.",47,7953,1696,2016
"europe/fin103.rwl","Normal practice, flagged for reference",1,"ID fills all 8 columns","Pinus sylvestris L.",46,7028,1840,2016
"europe/fin104.rwl","Normal practice, flagged for reference",1,"ID fills all 8 columns","Pinus sylvestris L.",47,9454,1678,2016
"europe/fin105.rwl","Normal practice, flagged for reference",1,"ID fills all 8 columns","Pinus sylvestris L.",46,8008,1705,2016
"europe/fin106.rwl","Normal practice, flagged for reference",1,"ID fills all 8 columns","Pinus sylvestris L.",42,5818,1735,2016
"europe/fin107.rwl","Normal practice, flagged for reference",1,"ID fills all 8 columns","Pinus sylvestris L.",40,5620,1776,2016
"europe/fin108.rwl","Normal practice, flagged for reference",1,"ID fills all 8 columns","Pinus sylvestris L.",36,4860,1794,2016
"europe/fin109.rwl","Normal practice, flagged for reference",1,"ID fills all 8 columns","Pinus sylvestris L.",44,8065,1687,2016
"europe/fin110x.rwl","Normal practice, flagged for reference",1,"ID fills all 8 columns","Pinus sylvestris L.",17,1704,1845,2011
"europe/fin111x.rwl","Normal practice, flagged for reference",1,"ID fills all 8 columns","Pinus sylvestris L.",19,3510,1695,2011
"europe/fin112x.rwl","Normal practice, flagged for reference",1,"ID fills all 8 columns","Pinus sylvestris L.",18,1490,1893,2011
"europe/fin113x.rwl","Normal practice, flagged for reference",1,"ID fills all 8 columns","Pinus sylvestris L.",20,1805,1896,2011
"europe/fin114x.rwl","Normal practice, flagged for reference",1,"ID fills all 8 columns","Pinus sylvestris L.",20,2059,1855,2011
"europe/fin115x.rwl","Normal practice, flagged for reference",1,"ID fills all 8 columns","Pinus sylvestris L.",20,2181,1885,2011
"europe/finl021.rwl","Normal practice, flagged for reference",1,"ID fills all 8 columns","Pinus sylvestris L.",85,24454,1410,2001
"europe/finl022.rwl","Normal practice, flagged for reference",1,"ID fills all 8 columns","Pinus sylvestris L.",44,11404,1659,1992
"europe/finl023.rwl","Normal practice, flagged for reference",1,"ID fills all 8 columns","Pinus sylvestris L.",18,3077,1623,1851
"europe/finl024.rwl","Normal practice, flagged for reference",1,"ID fills all 8 columns","Pinus sylvestris L.",17,2040,1676,1844
"europe/finl025.rwl","Normal practice, flagged for reference",1,"ID fills all 8 columns","Pinus sylvestris L.",16,3903,1381,1823
"europe/finl026.rwl","Normal practice, flagged for reference",1,"ID fills all 8 columns","Pinus sylvestris L.",19,3280,1505,1772
"europe/finl027.rwl","Normal practice, flagged for reference",1,"ID fills all 8 columns","Pinus sylvestris L.",15,3275,1454,1779
"europe/finl028.rwl","Normal practice, flagged for reference",1,"ID fills all 8 columns","Pinus sylvestris L.",39,7547,1220,1850
"europe/finl029.rwl","Normal practice, flagged for reference",1,"ID fills all 8 columns","Pinus sylvestris L.",21,3424,1144,1705
"europe/finl030.rwl","Normal practice, flagged for reference",1,"ID fills all 8 columns","Pinus sylvestris L.",158,23579,595,1816
"europe/finl031.rwl","Normal practice, flagged for reference",1,"ID fills all 8 columns","Pinus sylvestris L.",160,28707,535,1744
"europe/finl032.rwl","Normal practice, flagged for reference",1,"ID fills all 8 columns","Pinus sylvestris L.",36,6464,844,1693
"europe/finl033.rwl","Normal practice, flagged for reference",1,"ID fills all 8 columns","Pinus sylvestris L.",150,26703,582,1742
"europe/finl034.rwl","Normal practice, flagged for reference",1,"ID fills all 8 columns","Pinus sylvestris L.",214,31863,559,1732
"europe/finl035.rwl","Normal practice, flagged for reference",1,"ID fills all 8 columns","Pinus sylvestris L.",57,7251,885,1698
"europe/finl036.rwl","Normal practice, flagged for reference",1,"ID fills all 8 columns","Pinus sylvestris L.",12,2244,1233,1831
"europe/finl037.rwl","Normal practice, flagged for reference",1,"ID fills all 8 columns","Pinus sylvestris L.",131,21778,845,1330
"europe/finl038.rwl","Normal practice, flagged for reference",1,"ID fills all 8 columns","Pinus sylvestris L.",21,2100,1850,1993
"europe/finl039.rwl","Normal practice, flagged for reference",1,"ID fills all 8 columns","Pinus sylvestris L.",55,6731,1864,1993
"europe/finl040.rwl","Normal practice, flagged for reference",1,"ID fills all 8 columns","Pinus sylvestris L.",43,6257,1798,1993
"europe/finl041.rwl","Normal practice, flagged for reference",1,"ID fills all 8 columns","Pinus sylvestris L.",33,4123,1851,2002
"europe/finl042.rwl","Normal practice, flagged for reference",1,"ID fills all 8 columns","Pinus sylvestris L.",103,15758,1799,2002
"europe/finl043.rwl","Normal practice, flagged for reference",1,"ID fills all 8 columns","Pinus sylvestris L.",22,2277,1865,2001
"europe/finl044.rwl","Normal practice, flagged for reference",1,"ID fills all 8 columns","Picea abies (L.) H. Karst.",84,11442,1815,2001
"europe/finl045.rwl","Normal practice, flagged for reference",1,"ID fills all 8 columns","Pinus sylvestris L.",28,6187,1740,2001
"europe/finl046.rwl","Normal practice, flagged for reference",1,"ID fills all 8 columns","Pinus sylvestris L.",33,6179,1758,2001
"europe/finl047.rwl","Normal practice, flagged for reference",1,"ID fills all 8 columns","Pinus sylvestris L.",44,9366,1622,2001
"europe/finl048.rwl","Normal practice, flagged for reference",1,"ID fills all 8 columns","Pinus sylvestris L.",17,2907,1484,1688
"europe/finl049.rwl","Normal practice, flagged for reference",1,"ID fills all 8 columns","Pinus sylvestris L.",38,6246,1821,2001
"europe/finl050.rwl","Normal practice, flagged for reference",1,"ID fills all 8 columns","Pinus sylvestris L.",14,2684,1551,1832
"europe/finl051.rwl","Normal practice, flagged for reference",1,"ID fills all 8 columns","Pinus sylvestris L.",35,6450,1559,1873
"europe/finl052.rwl","Normal practice, flagged for reference",1,"ID fills all 8 columns","Pinus sylvestris L.",33,3622,1882,2001
"europe/finl053.rwl","Normal practice, flagged for reference",1,"ID fills all 8 columns","Pinus sylvestris L.",20,3759,1497,1857
"europe/finl067.rwl","Normal practice, flagged for reference",1,"ID fills all 8 columns","Pinus sylvestris L.",31,5229,1472,1879
"europe/finl068.rwl","Normal practice, flagged for reference",1,"ID fills all 8 columns","Pinus sylvestris L.",10,1445,1602,1841
"europe/finl069.rwl","Normal practice, flagged for reference",1,"ID fills all 8 columns","Pinus sylvestris L.",98,26421,1475,2006
"europe/finl069x.rwl","Normal practice, flagged for reference",1,"ID fills all 8 columns","Pinus sylvestris L.",98,26421,1475,2006
"europe/finl070.rwl","Normal practice, flagged for reference",1,"ID fills all 8 columns","Pinus sylvestris L.",61,6838,1844,2006
"europe/finl070x.rwl","Normal practice, flagged for reference",1,"ID fills all 8 columns","Pinus sylvestris L.",61,6838,1844,2006
"europe/finl071.rwl","Normal practice, flagged for reference",1,"ID fills all 8 columns","Pinus sylvestris L.",65,10828,1653,2006
"europe/finl071x.rwl","Normal practice, flagged for reference",1,"ID fills all 8 columns","Pinus sylvestris L.",65,10828,1653,2006
"europe/finl072.rwl","Normal practice, flagged for reference",1,"ID fills all 8 columns","Pinus sylvestris L.",82,13727,1724,2006
"europe/finl072x.rwl","Normal practice, flagged for reference",1,"ID fills all 8 columns","Pinus sylvestris L.",82,13727,1724,2006
"europe/finl073.rwl","Normal practice, flagged for reference",1,"ID fills all 8 columns","Pinus sylvestris L.",65,9273,1572,2006
"europe/finl073x.rwl","Normal practice, flagged for reference",1,"ID fills all 8 columns","Pinus sylvestris L.",65,9273,1572,2006
"europe/finl074.rwl","Normal practice, flagged for reference",1,"ID fills all 8 columns","Pinus sylvestris L.",48,8124,1569,2006
"europe/finl074x.rwl","Normal practice, flagged for reference",1,"ID fills all 8 columns","Pinus sylvestris L.",48,8124,1569,2006
"europe/finl075.rwl","Normal practice, flagged for reference",1,"ID fills all 8 columns","Quercus robur L. = Quercus pendunculata Ehrl.",19,2608,1822,2004
"europe/finl076.rwl","Normal practice, flagged for reference",1,"ID fills all 8 columns","Pinus sylvestris L.",32,11134,1508,2003
"europe/finl077.rwl","Normal practice, flagged for reference",1,"ID fills all 8 columns","Pinus sylvestris L.",39,14522,1580,2003
"europe/finl078.rwl","Normal practice, flagged for reference",1,"ID fills all 8 columns","Pinus sylvestris L.",110,12175,1700,2011
"europe/finl082.rwl","Normal practice, flagged for reference",1,"ID fills all 8 columns","Pinus sylvestris L.",144,13627,1717,2011
"europe/finl085.rwl","Normal practice, flagged for reference",1,"ID fills all 8 columns","Pinus sylvestris L.",125,7778,1881,2011
"europe/finl088.rwl","Normal practice, flagged for reference",1,"ID fills all 8 columns","Pinus sylvestris L.",126,27138,1511,2011
"europe/finl089.rwl","Normal practice, flagged for reference",1,"ID fills all 8 columns","Pinus sylvestris L.",74,10489,1654,2011
"europe/finl090.rwl","Normal practice, flagged for reference",1,"ID fills all 8 columns","Pinus sylvestris L.",93,7454,1875,2011
"europe/finl091.rwl","Normal practice, flagged for reference",1,"ID fills all 8 columns","Pinus sylvestris L.",116,10130,1881,2011
"europe/finl092.rwl","Normal practice, flagged for reference",1,"ID fills all 8 columns","Pinus sylvestris L.",84,6738,1850,2011
"europe/finl093.rwl","Normal practice, flagged for reference",1,"ID fills all 8 columns","Pinus sylvestris L.",102,10343,1824,2011
"europe/finl094.rwl","Normal practice, flagged for reference",1,"ID fills all 8 columns","Pinus sylvestris L.",98,5449,1848,2011
"europe/finl096.rwl","Normal practice, flagged for reference",1,"ID fills all 8 columns","Pinus sylvestris L.",73,9929,1752,2015
"europe/finl097.rwl","Normal practice, flagged for reference",1,"ID fills all 8 columns","Pinus sylvestris L.",80,11537,1744,2015
"europe/finl1.rwl","Normal practice, flagged for reference",1,"ID fills all 8 columns","Pinus sylvestris L.",45,5528,1704,1993
"europe/finl2.rwl","Normal practice, flagged for reference",1,"ID fills all 8 columns","Pinus sylvestris L.",37,5368,1783,1993
"europe/finl3.rwl","Normal practice, flagged for reference",1,"ID fills all 8 columns","Pinus sylvestris L.",36,4840,1786,1993
"europe/finl4.rwl","Normal practice, flagged for reference",1,"ID fills all 8 columns","Pinus sylvestris L.",31,4382,1774,1993
"europe/fra061.rwl","Normal practice, flagged for reference",1,"ID fills all 8 columns","Pinus nigra J.F. Arnold",170,43937,1131,2017
"europe/fra062.rwl","Normal practice, flagged for reference",1,"ID fills all 8 columns","Pinus nigra J.F. Arnold",28,5297,1163,1892
"europe/fra063.rwl","Normal practice, flagged for reference",1,"ID fills all 8 columns","Pinus nigra J.F. Arnold",41,9123,948,1925
"europe/fra064.rwl","Normal practice, flagged for reference",1,"ID fills all 8 columns","Pinus nigra J.F. Arnold",98,35435,1126,2017
"europe/fra065.rwl","Normal practice, flagged for reference",1,"ID fills all 8 columns","Pinus nigra J.F. Arnold",33,8159,1389,2017
"europe/fra066.rwl","Normal practice, flagged for reference",1,"ID fills all 8 columns","Pinus nigra J.F. Arnold",104,20838,962,1844
"europe/fra067.rwl","Normal practice, flagged for reference",1,"ID fills all 8 columns","Pinus nigra J.F. Arnold",45,7992,1129,1824
"europe/fra068.rwl","Normal practice, flagged for reference",1,"ID fills all 8 columns","Pinus nigra J.F. Arnold",19,3478,1640,2016
"europe/fra069.rwl","Normal practice, flagged for reference",1,"ID fills all 8 columns","Pinus nigra J.F. Arnold",44,11385,1192,2017
"europe/fran001.rwl","Normal practice, flagged for reference",1,"blank inside series ID","Quercus robur L. = Quercus pendunculata Ehrl.",18,3906,1732,1979
"europe/fran002.rwl","Normal practice, flagged for reference",1,"blank inside series ID","Quercus petraea (Matt.) Liebl. = Quercus sessiliflora Salisb.",19,2859,1801,1979
"europe/fran003.rwl","Normal practice, flagged for reference",1,"blank inside series ID","Quercus robur L. = Quercus pendunculata Ehrl.",25,7994,1531,1979
"europe/fran004.rwl","Normal practice, flagged for reference",1,"blank inside series ID","Quercus robur L. = Quercus pendunculata Ehrl.",18,2035,1828,1979
"europe/fran005.rwl","Normal practice, flagged for reference",1,"blank inside series ID","Quercus robur L. = Quercus pendunculata Ehrl.",7,925,1824,1979
"europe/fran007.rwl","Normal practice, flagged for reference",1,"blank inside series ID","Quercus robur L. = Quercus pendunculata Ehrl.",19,3039,1719,1979
"europe/fran010.rwl","Normal practice, flagged for reference",1,"interior year gap","Larix decidua Mill.",16,10908,933,1963
"europe/fran013.rwl","Normal practice, flagged for reference",1,"blank inside series ID","Picea abies (L.) H. Karst.",17,2997,1740,1973
"europe/fran014.rwl","Normal practice, flagged for reference",1,"blank inside series ID","Pinus sylvestris L.",27,4604,1735,1973
"europe/fran041.rwl","Normal practice, flagged for reference",1,"ID fills all 8 columns","Fagus sylvatica L.",52,6910,1781,2003
"europe/fran042.rwl","Normal practice, flagged for reference",1,"blank inside series ID","Pinus uncinata Mill. ex Mirb.",83,10429,1736,2004
"europe/fran042x.rwl","Normal practice, flagged for reference",1,"blank inside series ID","Pinus uncinata Mill. ex Mirb.",83,10425,1736,2004
"europe/fran043.rwl","Normal practice, flagged for reference",1,"blank inside series ID","Pinus uncinata Mill. ex Mirb.",82,14199,1324,2005
"europe/fran043x.rwl","Normal practice, flagged for reference",1,"blank inside series ID","Pinus uncinata Mill. ex Mirb.",82,14199,1324,2005
"europe/fran045.rwl","Normal practice, flagged for reference",1,"ID fills all 8 columns","Larix decidua Mill.",141,31041,946,2007
"europe/fran046.rwl","Normal practice, flagged for reference",1,"ID fills all 8 columns","Larix decidua Mill.",123,22873,1356,2007
"europe/fran049.rwl","Normal practice, flagged for reference",1,"ID fills all 8 columns","Quercus petraea (Matt.) Liebl. = Quercus sessiliflora Salisb.",60,12374,1306,2000
"europe/fran050.rwl","Normal practice, flagged for reference",1,"ID fills all 8 columns","Quercus robur L. = Quercus pendunculata Ehrl.",30,3230,1751,1998
"europe/fran051x.rwl","Normal practice, flagged for reference",1,"ID fills all 8 columns","Pinus nigra J.F. Arnold",19,10312,1168,2016
"europe/fran052x.rwl","Normal practice, flagged for reference",1,"ID fills all 8 columns","Pinus nigra J.F. Arnold",20,5796,1479,2016
"europe/fran5.rwl","Normal practice, flagged for reference",1,"blank inside series ID","Pinus sylvestris L.",135,15734,1762,1983
"europe/fran7.rwl","Normal practice, flagged for reference",1,"blank inside series ID","Abies alba Mill.",54,9695,1653,1975
"europe/germ148.rwl","Normal practice, flagged for reference",1,"ID fills all 8 columns","Fagus sylvatica L.",13,1850,1770,2005
"europe/germ149.rwl","Normal practice, flagged for reference",1,"ID fills all 8 columns","Fagus sylvatica L.",15,2303,1835,2005
"europe/germ150.rwl","Normal practice, flagged for reference",1,"ID fills all 8 columns","Quercus petraea (Matt.) Liebl. = Quercus sessiliflora Salisb.",16,2545,1837,2005
"europe/germ151.rwl","Normal practice, flagged for reference",1,"ID fills all 8 columns","Fagus sylvatica L.",13,2319,1764,2005
"europe/germ152.rwl","Normal practice, flagged for reference",1,"ID fills all 8 columns","Fagus sylvatica L.",16,3196,1789,2005
"europe/germ153.rwl","Normal practice, flagged for reference",1,"ID fills all 8 columns","Pinus sylvestris L.",13,1768,1862,2005
"europe/germ154.rwl","Normal practice, flagged for reference",1,"ID fills all 8 columns","Quercus petraea (Matt.) Liebl. = Quercus sessiliflora Salisb.",13,2078,1809,2005
"europe/germ155.rwl","Normal practice, flagged for reference",1,"ID fills all 8 columns","Quercus petraea (Matt.) Liebl. = Quercus sessiliflora Salisb.",6,831,1855,2005
"europe/germ156.rwl","Normal practice, flagged for reference",1,"ID fills all 8 columns","Quercus petraea (Matt.) Liebl. = Quercus sessiliflora Salisb.",7,1041,1846,2005
"europe/germ157.rwl","Normal practice, flagged for reference",1,"ID fills all 8 columns","Quercus petraea (Matt.) Liebl. = Quercus sessiliflora Salisb.",13,1589,1849,2005
"europe/germ158.rwl","Normal practice, flagged for reference",1,"ID fills all 8 columns","Quercus petraea (Matt.) Liebl. = Quercus sessiliflora Salisb.",10,1482,1847,2005
"europe/germ159.rwl","Normal practice, flagged for reference",1,"ID fills all 8 columns","Picea abies (L.) H. Karst.",12,1425,1880,2009
"europe/germ160.rwl","Normal practice, flagged for reference",1,"ID fills all 8 columns","Pinus sylvestris L.",12,1602,1871,2009
"europe/germ161.rwl","Normal practice, flagged for reference",1,"ID fills all 8 columns","Pseudotsuga menziesii (Mirb.) Franco",9,838,1907,2009
"europe/germ162.rwl","Normal practice, flagged for reference",1,"ID fills all 8 columns","Picea abies (L.) H. Karst.",18,1096,1924,2009
"europe/germ163.rwl","Normal practice, flagged for reference",1,"ID fills all 8 columns","Fagus sylvatica L.",16,1396,1899,2004
"europe/germ164.rwl","Normal practice, flagged for reference",1,"ID fills all 8 columns","Fagus sylvatica L.",15,1722,1851,2004
"europe/germ165.rwl","Normal practice, flagged for reference",1,"ID fills all 8 columns","Quercus petraea (Matt.) Liebl. = Quercus sessiliflora Salisb.",18,2294,1847,2004
"europe/germ166.rwl","Normal practice, flagged for reference",1,"ID fills all 8 columns","Quercus petraea (Matt.) Liebl. = Quercus sessiliflora Salisb.",16,1755,1868,2004
"europe/germ167.rwl","Normal practice, flagged for reference",1,"ID fills all 8 columns","Fagus sylvatica L.",17,2048,1850,2004
"europe/germ168.rwl","Normal practice, flagged for reference",1,"ID fills all 8 columns","Quercus robur L. = Quercus pendunculata Ehrl.",12,1835,1829,2005
"europe/germ169.rwl","Normal practice, flagged for reference",1,"ID fills all 8 columns","Quercus robur L. = Quercus pendunculata Ehrl.",12,1780,1836,2005
"europe/germ170.rwl","Normal practice, flagged for reference",1,"ID fills all 8 columns","Quercus robur L. = Quercus pendunculata Ehrl.",14,2105,1846,2006
"europe/germ171.rwl","Normal practice, flagged for reference",1,"ID fills all 8 columns","Quercus petraea (Matt.) Liebl. = Quercus sessiliflora Salisb.",7,713,1890,2005
"europe/germ172.rwl","Normal practice, flagged for reference",1,"ID fills all 8 columns","Picea abies (L.) H. Karst.",15,1191,1916,2008
"europe/germ173.rwl","Normal practice, flagged for reference",1,"ID fills all 8 columns","Quercus petraea (Matt.) Liebl. = Quercus sessiliflora Salisb.",10,1512,1828,2004
"europe/germ174.rwl","Normal practice, flagged for reference",1,"ID fills all 8 columns","Fagus sylvatica L.",16,2084,1829,2004
"europe/germ175.rwl","Normal practice, flagged for reference",1,"ID fills all 8 columns","Fagus sylvatica L.",16,2532,1823,2004
"europe/germ176.rwl","Normal practice, flagged for reference",1,"ID fills all 8 columns","Pseudotsuga menziesii (Mirb.) Franco",17,1723,1889,2004
"europe/germ177.rwl","Normal practice, flagged for reference",1,"ID fills all 8 columns","Fagus sylvatica L.",14,1831,1858,2004
"europe/germ178.rwl","Normal practice, flagged for reference",1,"ID fills all 8 columns","Quercus petraea (Matt.) Liebl. = Quercus sessiliflora Salisb.",13,1766,1848,2004
"europe/germ179.rwl","Normal practice, flagged for reference",1,"ID fills all 8 columns","Quercus petraea (Matt.) Liebl. = Quercus sessiliflora Salisb.",13,2151,1806,2004
"europe/germ180.rwl","Normal practice, flagged for reference",1,"ID fills all 8 columns","Fagus sylvatica L.",13,1707,1858,2005
"europe/germ181.rwl","Normal practice, flagged for reference",1,"ID fills all 8 columns","Quercus petraea (Matt.) Liebl. = Quercus sessiliflora Salisb.",14,2511,1808,2004
"europe/germ182.rwl","Normal practice, flagged for reference",1,"ID fills all 8 columns","Fagus sylvatica L.",14,2514,1817,2004
"europe/germ183.rwl","Normal practice, flagged for reference",1,"ID fills all 8 columns","Quercus petraea (Matt.) Liebl. = Quercus sessiliflora Salisb.",13,2012,1835,2004
"europe/germ184.rwl","Normal practice, flagged for reference",1,"ID fills all 8 columns","Fagus sylvatica L.",15,2332,1818,2004
"europe/germ185.rwl","Normal practice, flagged for reference",1,"ID fills all 8 columns","Picea abies (L.) H. Karst.",15,1808,1864,2004
"europe/germ186.rwl","Normal practice, flagged for reference",1,"ID fills all 8 columns","Pinus sylvestris L.",14,1936,1854,2005
"europe/germ187.rwl","Normal practice, flagged for reference",1,"ID fills all 8 columns","Pinus sylvestris L.",11,1706,1844,2009
"europe/germ188.rwl","Normal practice, flagged for reference",1,"ID fills all 8 columns","Pinus sylvestris L.",13,1954,1854,2011
"europe/germ189.rwl","Normal practice, flagged for reference",1,"ID fills all 8 columns","Picea abies (L.) H. Karst.",16,1784,1877,2005
"europe/germ190.rwl","Normal practice, flagged for reference",1,"ID fills all 8 columns","Fagus sylvatica L.",16,2349,1839,2005
"europe/germ191.rwl","Normal practice, flagged for reference",1,"ID fills all 8 columns","Quercus petraea (Matt.) Liebl. = Quercus sessiliflora Salisb.",16,3005,1723,2005
"europe/germ192.rwl","Normal practice, flagged for reference",1,"ID fills all 8 columns","Picea abies (L.) H. Karst.",7,882,1872,2005
"europe/germ193.rwl","Normal practice, flagged for reference",1,"ID fills all 8 columns","Fagus sylvatica L.",18,2571,1856,2005
"europe/germ194.rwl","Normal practice, flagged for reference",1,"ID fills all 8 columns","Quercus petraea (Matt.) Liebl. = Quercus sessiliflora Salisb.",14,1970,1852,2005
"europe/germ195.rwl","Normal practice, flagged for reference",1,"ID fills all 8 columns","Quercus robur L. = Quercus pendunculata Ehrl.",16,2321,1822,2005
"europe/germ196.rwl","Normal practice, flagged for reference",1,"ID fills all 8 columns","Quercus robur L. = Quercus pendunculata Ehrl.",16,3097,1749,2005
"europe/germ197.rwl","Normal practice, flagged for reference",1,"ID fills all 8 columns","Quercus petraea (Matt.) Liebl. = Quercus sessiliflora Salisb.",14,1802,1852,2005
"europe/germ198.rwl","Normal practice, flagged for reference",1,"ID fills all 8 columns","Fagus sylvatica L.",10,1242,1864,2005
"europe/germ199.rwl","Normal practice, flagged for reference",1,"ID fills all 8 columns","Quercus robur L. = Quercus pendunculata Ehrl.",12,1708,1848,2005
"europe/germ200.rwl","Normal practice, flagged for reference",1,"ID fills all 8 columns","Quercus petraea (Matt.) Liebl. = Quercus sessiliflora Salisb.",12,1517,1854,2005
"europe/germ201.rwl","Normal practice, flagged for reference",1,"ID fills all 8 columns","Fagus sylvatica L.",12,1658,1857,2005
"europe/germ202.rwl","Normal practice, flagged for reference",1,"ID fills all 8 columns","Quercus petraea (Matt.) Liebl. = Quercus sessiliflora Salisb.",12,1617,1777,2005
"europe/germ203.rwl","Normal practice, flagged for reference",1,"ID fills all 8 columns","Quercus robur L. = Quercus pendunculata Ehrl.",17,2123,1867,2007
"europe/germ204.rwl","Normal practice, flagged for reference",1,"ID fills all 8 columns","Quercus robur L. = Quercus pendunculata Ehrl.",15,2110,1845,2005
"europe/germ205.rwl","Normal practice, flagged for reference",1,"ID fills all 8 columns","Quercus petraea (Matt.) Liebl. = Quercus sessiliflora Salisb.",13,2910,1772,2009
"europe/germ206.rwl","Normal practice, flagged for reference",1,"ID fills all 8 columns","Fagus sylvatica L.",15,1934,1838,2005
"europe/germ207.rwl","Normal practice, flagged for reference",1,"ID fills all 8 columns","Quercus petraea (Matt.) Liebl. = Quercus sessiliflora Salisb.",16,2283,1749,2005
"europe/germ208.rwl","Normal practice, flagged for reference",1,"ID fills all 8 columns","Picea abies (L.) H. Karst.",14,1701,1841,2005
"europe/germ21.rwl","Normal practice, flagged for reference",1,"interior year gap","Pinus cembra L.",22,4446,1466,1837
"europe/germ210.rwl","Normal practice, flagged for reference",1,"ID fills all 8 columns","Fagus sylvatica L.",19,3476,1798,2006
"europe/germ211.rwl","Normal practice, flagged for reference",1,"ID fills all 8 columns","Fagus sylvatica L.",19,3606,1799,2006
"europe/germ212.rwl","Normal practice, flagged for reference",1,"ID fills all 8 columns","Fagus sylvatica L.",10,1873,1801,2006
"europe/germ213.rwl","Normal practice, flagged for reference",1,"ID fills all 8 columns","Fagus sylvatica L.",15,2386,1839,2008
"europe/germ214.rwl","Normal practice, flagged for reference",1,"ID fills all 8 columns","Pinus sylvestris L.",11,1014,1886,2001
"europe/germ215.rwl","Normal practice, flagged for reference",1,"ID fills all 8 columns","Fagus sylvatica L.",8,846,1872,2005
"europe/germ216.rwl","Normal practice, flagged for reference",1,"ID fills all 8 columns","Pinus sylvestris L.",9,1439,1837,2005
"europe/germ226.rwl","Normal practice, flagged for reference",1,"ID fills all 8 columns","Quercus petraea (Matt.) Liebl. = Quercus sessiliflora Salisb.",45,7128,1770,2002
"europe/germ227.rwl","Normal practice, flagged for reference",1,"ID fills all 8 columns","Picea abies (L.) H. Karst.",92,6777,1928,2011
"europe/germ228.rwl","Normal practice, flagged for reference",1,"ID fills all 8 columns","Abies alba Mill.",35,2717,1893,2009
"europe/germ229.rwl","Normal practice, flagged for reference",1,"ID fills all 8 columns","Picea abies (L.) H. Karst.",57,4899,1913,2009
"europe/germ230.rwl","Normal practice, flagged for reference",1,"ID fills all 8 columns","Picea abies (L.) H. Karst.",60,3888,1932,2009
"europe/germ231.rwl","Normal practice, flagged for reference",1,"ID fills all 8 columns","Abies alba Mill.",24,1687,1917,2009
"europe/germ232.rwl","Normal practice, flagged for reference",1,"ID fills all 8 columns","Pinus sylvestris L.",16,2395,1845,2009
"europe/germ233.rwl","Normal practice, flagged for reference",1,"ID fills all 8 columns","Picea abies (L.) H. Karst.",45,4164,1866,2009
"europe/germ234.rwl","Normal practice, flagged for reference",1,"ID fills all 8 columns","Picea abies (L.) H. Karst.",91,7042,1917,2012
"europe/germ235.rwl","Normal practice, flagged for reference",1,"ID fills all 8 columns","Picea abies (L.) H. Karst.",96,5846,1943,2012
"europe/germ236.rwl","Normal practice, flagged for reference",1,"ID fills all 8 columns","Picea abies (L.) H. Karst.",42,2003,1951,2009
"europe/germ237.rwl","Normal practice, flagged for reference",1,"ID fills all 8 columns","Picea abies (L.) H. Karst.",74,6654,1905,2010
"europe/germ238.rwl","Normal practice, flagged for reference",1,"ID fills all 8 columns","Picea abies (L.) H. Karst.",80,6481,1839,2011
"europe/germ239.rwl","Normal practice, flagged for reference",1,"ID fills all 8 columns","Pinus sylvestris L.",70,2506,1902,2011
"europe/germ240.rwl","Normal practice, flagged for reference",1,"ID fills all 8 columns","Picea abies (L.) H. Karst.",40,2490,1938,2010
"europe/germ241.rwl","Normal practice, flagged for reference",1,"ID fills all 8 columns","Picea abies (L.) H. Karst.",50,3138,1905,2010
"europe/germ242.rwl","Normal practice, flagged for reference",1,"ID fills all 8 columns","Picea abies (L.) H. Karst.",85,4373,1955,2010
"europe/germ243.rwl","Normal practice, flagged for reference",1,"ID fills all 8 columns","Picea abies (L.) H. Karst.",80,8424,1880,2010
"europe/germ244.rwl","Normal practice, flagged for reference",1,"ID fills all 8 columns","Picea abies (L.) H. Karst.",90,7411,1912,2010
"europe/germ245.rwl","Normal practice, flagged for reference",1,"ID fills all 8 columns","Picea abies (L.) H. Karst.",93,7892,1878,2012
"europe/germ246.rwl","Normal practice, flagged for reference",1,"ID fills all 8 columns","Picea abies (L.) H. Karst.",110,15686,1856,2012
"europe/grc021.rwl","Normal practice, flagged for reference",1,"ID fills all 8 columns","Pinus brutia Ten.",42,3653,1879,2009
"europe/grc027.rwl","Normal practice, flagged for reference",1,"ID fills all 8 columns","Pinus nigra J.F. Arnold",151,53567,1196,2010
"europe/grc036.rwl","Normal practice, flagged for reference",1,"ID fills all 8 columns","Pinus heldreichii Christ",40,11292,936,2016
"europe/grc037.rwl","Normal practice, flagged for reference",1,"ID fills all 8 columns","Pinus heldreichii Christ",21,5156,1498,2016
"europe/grc038.rwl","Normal practice, flagged for reference",1,"ID fills all 8 columns","Pinus heldreichii Christ",75,22355,468,2016
"europe/grc038x.rwl","Normal practice, flagged for reference",1,"ID fills all 8 columns","Pinus heldreichii Christ",65,18777,468,2017
"europe/grc040.rwl","Normal practice, flagged for reference",1,"ID fills all 8 columns","Pinus heldreichii Christ",12,4110,1108,2019
"europe/grc041.rwl","Normal practice, flagged for reference",1,"ID fills all 8 columns","Pinus heldreichii Christ",21,3622,1132,1828
"europe/grc042.rwl","Normal practice, flagged for reference",1,"ID fills all 8 columns","Pinus heldreichii Christ",40,6667,1389,1877
"europe/grc043.rwl","Normal practice, flagged for reference",1,"ID fills all 8 columns","Pinus heldreichii Christ",18,4458,1042,1720
"europe/grc044.rwl","Normal practice, flagged for reference",1,"ID fills all 8 columns","Pinus heldreichii Christ",41,12612,1190,2014
"europe/grc045.rwl","Normal practice, flagged for reference",1,"ID fills all 8 columns","Pinus heldreichii Christ",60,12700,1689,2015
"europe/grc046.rwl","Normal practice, flagged for reference",1,"ID fills all 8 columns","Pinus heldreichii Christ",38,13714,1352,2015
"europe/grc047.rwl","Normal practice, flagged for reference",1,"ID fills all 8 columns","Pinus heldreichii Christ",28,11988,1337,2015
"europe/grc048.rwl","Normal practice, flagged for reference",1,"ID fills all 8 columns","Pinus heldreichii Christ",39,10778,1416,2016
"europe/grc049.rwl","Normal practice, flagged for reference",1,"ID fills all 8 columns","Pinus heldreichii Christ",30,7730,1368,2016
"europe/grc050.rwl","Normal practice, flagged for reference",1,"ID fills all 8 columns","Pinus heldreichii Christ",61,19856,1165,2017
"europe/grc051.rwl","Normal practice, flagged for reference",1,"ID fills all 8 columns","Pinus heldreichii Christ",18,5297,1388,2016
"europe/grc052x.rwl","Normal practice, flagged for reference",1,"ID fills all 8 columns","Pinus heldreichii Christ",59,19552,672,2014
"europe/grc053x.rwl","Normal practice, flagged for reference",1,"ID fills all 8 columns","Pinus heldreichii Christ",27,8552,574,2014
"europe/grc054x.rwl","Normal practice, flagged for reference",1,"ID fills all 8 columns","Pinus heldreichii Christ",32,9514,732,2015
"europe/grc055x.rwl","Normal practice, flagged for reference",1,"ID fills all 8 columns","Pinus heldreichii Christ",9,1869,715,1803
"europe/gree013.rwl","Normal practice, flagged for reference",1,"ID fills all 8 columns","Pinus heldreichii Christ",152,59894,673,2015
"europe/gree014.rwl","Normal practice, flagged for reference",1,"ID fills all 8 columns","Pinus heldreichii Christ",111,35119,575,2014
"europe/gree015.rwl","Normal practice, flagged for reference",1,"ID fills all 8 columns","Pinus heldreichii Christ",98,31399,720,2015
"europe/gree016.rwl","Normal practice, flagged for reference",1,"ID fills all 8 columns","Pinus heldreichii Christ",99,30501,685,2014
"europe/gree017.rwl","Normal practice, flagged for reference",1,"ID fills all 8 columns","Pinus heldreichii Christ",60,17579,1072,2015
"europe/gree018.rwl","Normal practice, flagged for reference",1,"ID fills all 8 columns","Pinus heldreichii Christ",43,14820,1167,2015
"europe/gree019.rwl","Normal practice, flagged for reference",1,"ID fills all 8 columns","Pinus heldreichii Christ",29,10404,1172,2015
"europe/gree020.rwl","Normal practice, flagged for reference",1,"ID fills all 8 columns","Pinus heldreichii Christ",23,8074,1493,2015
"europe/isl001.rwl","Normal practice, flagged for reference",1,"ID fills all 8 columns","Picea abies (L.) H. Karst.",24,1023,1970,2017
"europe/isl002.rwl","Normal practice, flagged for reference",1,"ID fills all 8 columns","Picea sitchensis (Bong.) Carrière",28,994,1975,2017
"europe/isl004.rwl","Normal practice, flagged for reference",1,"ID fills all 8 columns","Pinus contorta Douglas ex Loudon",24,1106,1967,2017
"europe/isl007.rwl","Normal practice, flagged for reference",1,"ID fills all 8 columns","Picea sitchensis (Bong.) Carrière",34,1369,1962,2016
"europe/isl011.rwl","Normal practice, flagged for reference",1,"ID fills all 8 columns","Picea sitchensis (Bong.) Carrière",28,1117,1963,2017
"europe/isl016.rwl","Normal practice, flagged for reference",1,"ID fills all 8 columns","Picea sitchensis (Bong.) Carrière",40,1728,1961,2017
"europe/ita056.rwl","Normal practice, flagged for reference",1,"ID fills all 8 columns","Pinus sylvestris L.",75,6713,1831,2005
"europe/ita057.rwl","Normal practice, flagged for reference",1,"ID fills all 8 columns","Pinus sylvestris L.",41,3668,1882,2006
"europe/ita058.rwl","Normal practice, flagged for reference",1,"ID fills all 8 columns","Pinus sylvestris L.",56,3047,1912,2006
"europe/ita059.rwl","Normal practice, flagged for reference",1,"ID fills all 8 columns","Pinus sylvestris L.",70,8260,1850,2006
"europe/ita061.rwl","Normal practice, flagged for reference",1,"ID fills all 8 columns","Larix decidua Mill.",11,1762,1774,2017
"europe/ita065.rwl","Normal practice, flagged for reference",1,"ID fills all 8 columns","Larix decidua Mill.",19,2885,1825,2018
"europe/ita066.rwl","Normal practice, flagged for reference",1,"ID fills all 8 columns","Larix decidua Mill.",20,1005,1927,2019
"europe/ita068.rwl","Normal practice, flagged for reference",1,"blank inside series ID","Pinus lambertiana Douglas",45,10693,1715,2014
"europe/ita070.rwl","Normal practice, flagged for reference",1,"ID fills all 8 columns","Abies alba Mill.",41,6154,1761,2014
"europe/ital018.rwl","Normal practice, flagged for reference",1,"ID fills all 8 columns","Quercus spp. L.",21,2641,1798,1990
"europe/ital019.rwl","Normal practice, flagged for reference",1,"ID fills all 8 columns","Quercus robur L. = Quercus pendunculata Ehrl.",16,2184,1779,1989
"europe/ital020.rwl","Normal practice, flagged for reference",1,"ID fills all 8 columns","Quercus robur L. = Quercus pendunculata Ehrl.",24,1971,1875,1989
"europe/ital021.rwl","Normal practice, flagged for reference",1,"ID fills all 8 columns","Quercus robur L. = Quercus pendunculata Ehrl.",100,7526,1888,1989
"europe/ital028.rwl","Normal practice, flagged for reference",1,"ID fills all 8 columns","Pinus mughus Scop. = Pinus mugo Turra",47,2479,1901,2007
"europe/lith001.rwl","Normal practice, flagged for reference",1,"ID fills all 8 columns","Pinus sylvestris L.",11,1643,1777,1991
"europe/lith011.rwl","Normal practice, flagged for reference",1,"ID fills all 8 columns","Quercus robur L. = Quercus pendunculata Ehrl.",20,2043,1878,2002
"europe/lith011e.rwl","Normal practice, flagged for reference",1,"ID fills all 8 columns","Quercus robur L. = Quercus pendunculata Ehrl.",15,1542,1878,2002
"europe/lith011l.rwl","Normal practice, flagged for reference",1,"ID fills all 8 columns","Quercus robur L. = Quercus pendunculata Ehrl.",19,1941,1878,2002
"europe/lith026.rwl","Normal practice, flagged for reference",1,"ID fills all 8 columns","Quercus robur L. = Quercus pendunculata Ehrl.",15,2011,1803,1971
"europe/lith027.rwl","Normal practice, flagged for reference",1,"ID fills all 8 columns","Quercus robur L. = Quercus pendunculata Ehrl.",15,1990,1809,1974
"europe/lith030.rwl","Normal practice, flagged for reference",1,"ID fills all 8 columns","Quercus robur L. = Quercus pendunculata Ehrl.",15,2074,1800,1971
"europe/lith031.rwl","Normal practice, flagged for reference",1,"ID fills all 8 columns","Quercus robur L. = Quercus pendunculata Ehrl.",15,1886,1819,1971
"europe/lith032.rwl","Normal practice, flagged for reference",1,"ID fills all 8 columns","Quercus robur L. = Quercus pendunculata Ehrl.",74,10365,1815,1994
"europe/lith033.rwl","Normal practice, flagged for reference",1,"ID fills all 8 columns","Quercus robur L. = Quercus pendunculata Ehrl.",15,1748,1833,1971
"europe/lith034.rwl","Normal practice, flagged for reference",1,"ID fills all 8 columns","Quercus robur L. = Quercus pendunculata Ehrl.",15,1532,1840,1971
"europe/lith036.rwl","Normal practice, flagged for reference",1,"ID fills all 8 columns","Quercus robur L. = Quercus pendunculata Ehrl.",15,1745,1837,1972
"europe/lith038.rwl","Normal practice, flagged for reference",1,"ID fills all 8 columns","Quercus robur L. = Quercus pendunculata Ehrl.",15,1686,1841,1971
"europe/lith039.rwl","Normal practice, flagged for reference",1,"ID fills all 8 columns","Quercus robur L. = Quercus pendunculata Ehrl.",16,1851,1827,1971
"europe/lith040.rwl","Normal practice, flagged for reference",1,"ID fills all 8 columns","Quercus robur L. = Quercus pendunculata Ehrl.",15,1319,1851,1972
"europe/lith041.rwl","Normal practice, flagged for reference",1,"ID fills all 8 columns","Quercus robur L. = Quercus pendunculata Ehrl.",12,1823,1823,1994
"europe/lith044.rwl","Normal practice, flagged for reference",1,"ID fills all 8 columns","Quercus robur L. = Quercus pendunculata Ehrl.",35,3974,1834,1994
"europe/lith045.rwl","Normal practice, flagged for reference",1,"ID fills all 8 columns","Quercus robur L. = Quercus pendunculata Ehrl.",15,1913,1812,1971
"europe/lith046.rwl","Normal practice, flagged for reference",1,"ID fills all 8 columns","Pinus sylvestris L.",61,10458,1487,2003
"europe/nor036.rwl","Normal practice, flagged for reference",1,"ID fills all 8 columns","Pinus sylvestris L.",104,5840,1873,2013
"europe/nor038.rwl","Normal practice, flagged for reference",1,"ID fills all 8 columns","Pinus sylvestris L.",59,16231,1205,2014
"europe/nor039.rwl","Normal practice, flagged for reference",1,"ID fills all 8 columns","Pinus sylvestris L.",79,11749,1506,2015
"europe/nor040.rwl","Normal practice, flagged for reference",1,"ID fills all 8 columns","Pinus sylvestris L.",60,9447,1578,2014
"europe/nor041.rwl","Normal practice, flagged for reference",1,"ID fills all 8 columns","Pinus sylvestris L.",51,5933,1728,2014
"europe/nor042.rwl","Normal practice, flagged for reference",1,"ID fills all 8 columns","Pinus sylvestris L.",87,9172,1719,2014
"europe/nor043.rwl","Normal practice, flagged for reference",1,"ID fills all 8 columns","Pinus sylvestris L.",89,8280,1812,2016
"europe/nor044.rwl","Normal practice, flagged for reference",1,"ID fills all 8 columns","Betula spp. L.",64,6642,1875,2016
"europe/nor045.rwl","Normal practice, flagged for reference",1,"ID fills all 8 columns","Pinus sylvestris L.",30,3852,1731,2016
"europe/nor046.rwl","Normal practice, flagged for reference",1,"ID fills all 8 columns","Pinus sylvestris L.",30,5081,1716,2016
"europe/nor047.rwl","Normal practice, flagged for reference",1,"ID fills all 8 columns","Pinus sylvestris L.",31,5095,1697,2016
"europe/nor048.rwl","Normal practice, flagged for reference",1,"ID fills all 8 columns","Pinus sylvestris L.",28,7357,1627,2016
"europe/norw007.rwl","Normal practice, flagged for reference",1,"ID fills all 8 columns","Pinus sylvestris L.",85,15638,1698,2001
"europe/norw015.rwl","Normal practice, flagged for reference",1,"blank inside series ID","Pinus sylvestris L.",34,6342,1600,1983
"europe/norw016.rwl","Normal practice, flagged for reference",1,"ID fills all 8 columns","Pinus sylvestris L.",89,25808,1449,2004
"europe/norw019.rwl","Normal practice, flagged for reference",1,"ID fills all 8 columns","Pinus sylvestris L.",77,5681,1789,2013
"europe/norw020.rwl","Normal practice, flagged for reference",1,"ID fills all 8 columns","Pinus sylvestris L.",105,9039,1742,2013
"europe/norw021.rwl","Normal practice, flagged for reference",1,"ID fills all 8 columns","Pinus sylvestris L.",67,6521,1685,2014
"europe/norw022.rwl","Normal practice, flagged for reference",1,"ID fills all 8 columns","Pinus sylvestris L.",72,5957,1680,2014
"europe/norw023.rwl","Normal practice, flagged for reference",1,"ID fills all 8 columns","Pinus sylvestris L.",63,4684,1834,2014
"europe/norw024.rwl","Normal practice, flagged for reference",1,"ID fills all 8 columns","Pinus sylvestris L.",69,5259,1788,2014
"europe/norw027.rwl","Normal practice, flagged for reference",1,"ID fills all 8 columns","Pinus sylvestris L.",98,7399,1801,2013
"europe/norw028.rwl","Normal practice, flagged for reference",1,"ID fills all 8 columns","Pinus sylvestris L.",104,9568,1816,2013
"europe/norw029.rwl","Normal practice, flagged for reference",1,"ID fills all 8 columns","Pinus sylvestris L.",73,6906,1801,2015
"europe/norw030.rwl","Normal practice, flagged for reference",1,"ID fills all 8 columns","Pinus sylvestris L.",93,11935,1792,2015
"europe/pola005.rwl","Normal practice, flagged for reference",1,"ID fills all 8 columns","Quercus robur L. = Quercus pendunculata Ehrl.",45,7811,1762,1985
"europe/pola006.rwl","Normal practice, flagged for reference",1,"ID fills all 8 columns","Quercus robur L. = Quercus pendunculata Ehrl.",205,29337,996,1985
"europe/pola007.rwl","Normal practice, flagged for reference",1,"ID fills all 8 columns","Quercus robur L. = Quercus pendunculata Ehrl.",22,2122,1871,1986
"europe/pola008.rwl","Normal practice, flagged for reference",1,"ID fills all 8 columns","Quercus robur L. = Quercus pendunculata Ehrl.",19,3298,1720,1984
"europe/pola009.rwl","Normal practice, flagged for reference",1,"ID fills all 8 columns","Quercus robur L. = Quercus pendunculata Ehrl.",22,3905,1782,1988
"europe/pola010.rwl","Normal practice, flagged for reference",1,"ID fills all 8 columns","Quercus robur L. = Quercus pendunculata Ehrl.",22,3535,1782,1986
"europe/pola011.rwl","Normal practice, flagged for reference",1,"ID fills all 8 columns","Quercus robur L. = Quercus pendunculata Ehrl.",29,4811,1792,1985
"europe/pola012.rwl","Normal practice, flagged for reference",1,"ID fills all 8 columns","Quercus robur L. = Quercus pendunculata Ehrl.",17,2274,1836,1986
"europe/pola013.rwl","Normal practice, flagged for reference",1,"ID fills all 8 columns","Quercus robur L. = Quercus pendunculata Ehrl.",19,2086,1861,1986
"europe/pola014.rwl","Normal practice, flagged for reference",1,"ID fills all 8 columns","Quercus robur L. = Quercus pendunculata Ehrl.",21,4129,1713,1986
"europe/pola015.rwl","Normal practice, flagged for reference",1,"ID fills all 8 columns","Quercus robur L. = Quercus pendunculata Ehrl.",19,4068,1690,1984
"europe/pola016.rwl","Normal practice, flagged for reference",1,"ID fills all 8 columns","Quercus robur L. = Quercus pendunculata Ehrl.",23,6851,1554,1986
"europe/pola017.rwl","Normal practice, flagged for reference",1,"ID fills all 8 columns","Quercus robur L. = Quercus pendunculata Ehrl.",22,3760,1727,1986
"europe/pola018.rwl","Normal practice, flagged for reference",1,"ID fills all 8 columns","Quercus robur L. = Quercus pendunculata Ehrl.",19,3050,1774,1986
"europe/pola023.rwl","Normal practice, flagged for reference",1,"ID fills all 8 columns","Picea abies (L.) H. Karst.",50,6388,1782,2004
"europe/pola026.rwl","Normal practice, flagged for reference",1,"ID fills all 8 columns","Picea abies (L.) H. Karst.",39,5104,1773,2004
"europe/pola038.rwl","Normal practice, flagged for reference",1,"ID fills all 8 columns","Pinus sylvestris L.",78,9519,1622,2003
"europe/pola039.rwl","Normal practice, flagged for reference",1,"ID fills all 8 columns","Quercus robur L. = Quercus pendunculata Ehrl.",39,6164,1663,2003
"europe/pola040.rwl","Normal practice, flagged for reference",1,"ID fills all 8 columns","Pinus sylvestris L.",76,7980,1600,2004
"europe/roma010.rwl","Normal practice, flagged for reference",1,"ID fills all 8 columns","Picea abies (L.) H. Karst.",52,4532,1880,2004
"europe/slov001.rwl","Normal practice, flagged for reference",1,"ID fills all 8 columns","Abies alba Mill.",32,4471,1751,1992
"europe/slov002.rwl","Normal practice, flagged for reference",1,"ID fills all 8 columns","Abies alba Mill.",16,1638,1859,1994
"europe/slov003.rwl","Normal practice, flagged for reference",1,"ID fills all 8 columns","Abies alba Mill.",21,1596,1890,1993
"europe/spai008.rwl","Normal practice, flagged for reference",1,"ID fills all 8 columns","Pinus nigra J.F. Arnold",16,3279,1610,1988
"europe/spai009.rwl","Normal practice, flagged for reference",1,"ID fills all 8 columns","Pinus nigra J.F. Arnold",12,2845,1688,1988
"europe/spai010.rwl","Normal practice, flagged for reference",1,"ID fills all 8 columns","Pinus nigra J.F. Arnold",17,3839,1615,1988
"europe/spai011.rwl","Normal practice, flagged for reference",1,"ID fills all 8 columns","Pinus nigra J.F. Arnold",17,6896,1485,1988
"europe/spai012.rwl","Normal practice, flagged for reference",1,"ID fills all 8 columns","Pinus sylvestris L.",22,7175,1527,1988
"europe/spai013.rwl","Normal practice, flagged for reference",1,"ID fills all 8 columns","Pinus sylvestris L.",31,5828,1685,1992
"europe/spai014.rwl","Normal practice, flagged for reference",1,"ID fills all 8 columns","Pinus sylvestris L.",28,4252,1791,1992
"europe/spai015.rwl","Normal practice, flagged for reference",1,"ID fills all 8 columns","Pinus sylvestris L.",24,3606,1787,1992
"europe/spai016.rwl","Normal practice, flagged for reference",1,"ID fills all 8 columns","Pinus nigra J.F. Arnold",17,3619,1667,1988
"europe/spai017.rwl","Normal practice, flagged for reference",1,"ID fills all 8 columns","Pinus nigra J.F. Arnold",14,2413,1754,1991
"europe/spai018.rwl","Normal practice, flagged for reference",1,"ID fills all 8 columns","Pinus nigra J.F. Arnold",12,2657,1687,1989
"europe/spai019.rwl","Normal practice, flagged for reference",1,"ID fills all 8 columns","Pinus nigra J.F. Arnold",24,5788,1523,1988
"europe/spai020.rwl","Normal practice, flagged for reference",1,"ID fills all 8 columns","Pinus sylvestris L.",18,3323,1763,1991
"europe/spai021.rwl","Normal practice, flagged for reference",1,"ID fills all 8 columns","Pinus sylvestris L.",14,2641,1715,1988
"europe/spai022.rwl","Normal practice, flagged for reference",1,"ID fills all 8 columns","Pinus pinaster Aiton",22,2624,1821,1985
"europe/spai023.rwl","Normal practice, flagged for reference",1,"ID fills all 8 columns","Pinus spp. L.",19,1701,1887,1985
"europe/spai024.rwl","Normal practice, flagged for reference",1,"ID fills all 8 columns","Pinus sylvestris L.",8,1599,1696,1985
"europe/spai025.rwl","Normal practice, flagged for reference",1,"ID fills all 8 columns","Pinus nigra J.F. Arnold",26,4649,1745,1985
"europe/spai026.rwl","Normal practice, flagged for reference",1,"ID fills all 8 columns","Pinus nigra J.F. Arnold",26,8403,1585,1985
"europe/spai027.rwl","Normal practice, flagged for reference",1,"ID fills all 8 columns","Pinus nigra J.F. Arnold",34,6738,1698,1985
"europe/spai028.rwl","Normal practice, flagged for reference",1,"ID fills all 8 columns","Pinus pinaster Aiton",19,1987,1836,1985
"europe/spai029.rwl","Normal practice, flagged for reference",1,"ID fills all 8 columns","Pinus nigra J.F. Arnold",12,2178,1711,1983
"europe/spai030.rwl","Normal practice, flagged for reference",1,"ID fills all 8 columns","Pinus sylvestris L.",5,581,1809,1983
"europe/spai031.rwl","Normal practice, flagged for reference",1,"ID fills all 8 columns","Pinus nigra J.F. Arnold",6,1032,1728,1984
"europe/spai032.rwl","Normal practice, flagged for reference",1,"ID fills all 8 columns","Pinus nigra J.F. Arnold",12,1684,1794,1983
"europe/spai033.rwl","Normal practice, flagged for reference",1,"ID fills all 8 columns","Pinus sylvestris L.",25,3282,1813,1985
"europe/spai034.rwl","Normal practice, flagged for reference",1,"ID fills all 8 columns","Pinus sylvestris L.",26,3808,1769,1985
"europe/spai035.rwl","Normal practice, flagged for reference",1,"ID fills all 8 columns","Pinus sylvestris L.",27,3725,1726,1983
"europe/spai036.rwl","Normal practice, flagged for reference",1,"ID fills all 8 columns","Pinus sylvestris L.",39,6768,1749,1983
"europe/spai037.rwl","Normal practice, flagged for reference",1,"ID fills all 8 columns","Pinus sylvestris L.",26,4835,1661,1985
"europe/spai038.rwl","Normal practice, flagged for reference",1,"ID fills all 8 columns","Pinus sylvestris L.",23,5389,1599,1984
"europe/spai039.rwl","Normal practice, flagged for reference",1,"ID fills all 8 columns","Pinus nigra J.F. Arnold",5,1326,1681,1984
"europe/spai040.rwl","Normal practice, flagged for reference",1,"ID fills all 8 columns","Pinus sylvestris L.",10,1034,1859,1985
"europe/spai041.rwl","Normal practice, flagged for reference",1,"ID fills all 8 columns","Pinus nigra J.F. Arnold",26,3946,1681,1985
"europe/spai042.rwl","Normal practice, flagged for reference",1,"ID fills all 8 columns","Pinus sylvestris L.",21,2434,1844,1985
"europe/spai043.rwl","Normal practice, flagged for reference",1,"ID fills all 8 columns","Pinus nigra J.F. Arnold",20,2654,1829,1985
"europe/spai044.rwl","Normal practice, flagged for reference",1,"ID fills all 8 columns","Pinus spp. L.",30,5876,1605,1985
"europe/spai045.rwl","Normal practice, flagged for reference",1,"ID fills all 8 columns","Pinus nigra J.F. Arnold",30,6006,1638,1985
"europe/spai046.rwl","Normal practice, flagged for reference",1,"ID fills all 8 columns","Pinus nigra J.F. Arnold",35,6441,1644,1985
"europe/spai047.rwl","Normal practice, flagged for reference",1,"ID fills all 8 columns","Pinus sylvestris L.",31,6549,1567,1983
"europe/spai048.rwl","Normal practice, flagged for reference",1,"ID fills all 8 columns","Pinus sylvestris L.",17,3590,1671,1983
"europe/spai049.rwl","Normal practice, flagged for reference",1,"ID fills all 8 columns","Pinus sylvestris L.",27,4713,1593,1985
"europe/spai050.rwl","Normal practice, flagged for reference",1,"ID fills all 8 columns","Pinus sylvestris L.",8,1942,1681,1983
"europe/spai051.rwl","Normal practice, flagged for reference",1,"ID fills all 8 columns","Pinus sylvestris L.",29,4579,1752,1985
"europe/spai052.rwl","Normal practice, flagged for reference",1,"ID fills all 8 columns","Pinus sylvestris L.",25,2933,1802,1985
"europe/spai054.rwl","Normal practice, flagged for reference",1,"ID fills all 8 columns","Pinus pinea L.",38,2099,1916,1999
"europe/spai055.rwl","Normal practice, flagged for reference",1,"ID fills all 8 columns","Pinus pinea L.",31,2163,1920,1999
"europe/spai060.rwl","Normal practice, flagged for reference",1,"ID fills all 8 columns","Pinus sylvestris L.",23,1290,1931,2008
"europe/spai061.rwl","Normal practice, flagged for reference",1,"ID fills all 8 columns","Pinus sylvestris L.",52,2241,1937,2008
"europe/spai062.rwl","Normal practice, flagged for reference",1,"ID fills all 8 columns","Pinus sylvestris L.",31,1722,1900,2008
"europe/spai063.rwl","Normal practice, flagged for reference",1,"ID fills all 8 columns","Pinus sylvestris L.",29,1168,1956,2008
"europe/spai064.rwl","Normal practice, flagged for reference",1,"ID fills all 8 columns","Quercus faginea Lam.",20,658,1972,2007
"europe/spai065.rwl","Normal practice, flagged for reference",1,"ID fills all 8 columns","Quercus faginea Lam.",20,658,1966,2007
"europe/spai066.rwl","Normal practice, flagged for reference",1,"ID fills all 8 columns","Quercus faginea Lam.",16,656,1958,2007
"europe/spai067.rwl","Normal practice, flagged for reference",1,"ID fills all 8 columns","Quercus faginea Lam.",54,2084,1948,2007
"europe/spai078.rwl","Normal practice, flagged for reference",1,"ID fills all 8 columns","Pinus nigra J.F. Arnold",10,1209,1889,2010
"europe/spai079.rwl","Normal practice, flagged for reference",1,"ID fills all 8 columns","Pinus nigra J.F. Arnold",22,2421,1890,2009
"europe/spai080.rwl","Normal practice, flagged for reference",1,"ID fills all 8 columns","Pinus nigra J.F. Arnold",19,2151,1701,2010
"europe/spai081.rwl","Normal practice, flagged for reference",1,"ID fills all 8 columns","Pinus nigra J.F. Arnold",32,5000,1577,2009
"europe/spai082.rwl","Normal practice, flagged for reference",1,"ID fills all 8 columns","Pinus nigra J.F. Arnold",68,26509,1125,2002
"europe/spai083.rwl","Normal practice, flagged for reference",1,"ID fills all 8 columns","Pinus sylvestris L.",32,11238,1511,2002
"europe/spai084.rwl","Normal practice, flagged for reference",1,"ID fills all 8 columns","Pinus uncinata Mill. ex Mirb.",56,24798,1269,2003
"europe/svk003.rwl","Normal practice, flagged for reference",1,"ID fills all 8 columns","Larix decidua Mill.",18,2685,1831,2003
"europe/svk004.rwl","Normal practice, flagged for reference",1,"ID fills all 8 columns","Picea abies (L.) H. Karst.",16,1971,1846,2003
"europe/svk005.rwl","Normal practice, flagged for reference",1,"ID fills all 8 columns","Picea abies (L.) H. Karst.",22,2273,1891,2003
"europe/svk007.rwl","Normal practice, flagged for reference",1,"ID fills all 8 columns","Picea abies (L.) H. Karst.",43,5873,1755,2019
"europe/svk008.rwl","Normal practice, flagged for reference",1,"ID fills all 8 columns","Picea abies (L.) H. Karst.",42,5214,1845,2018
"europe/svk009.rwl","Normal practice, flagged for reference",1,"ID fills all 8 columns","Picea abies (L.) H. Karst.",60,11269,1644,2018
"europe/svk013.rwl","Normal practice, flagged for reference",1,"ID fills all 8 columns","Picea abies (L.) H. Karst.",48,8763,1722,2018
"europe/svk015.rwl","Normal practice, flagged for reference",1,"ID fills all 8 columns","Pinus sylvestris L.",45,11011,1745,2018
"europe/svk017.rwl","Normal practice, flagged for reference",1,"ID fills all 8 columns","Larix decidua Mill.",100,22479,1630,2012
"europe/svk017x.rwl","Normal practice, flagged for reference",1,"ID fills all 8 columns","Larix decidua Mill.",50,11689,1654,2012
"europe/svk019.rwl","Normal practice, flagged for reference",1,"ID fills all 8 columns","Larix decidua Mill.",81,16369,1639,2012
"europe/svk019x.rwl","Normal practice, flagged for reference",1,"ID fills all 8 columns","Larix decidua Mill.",51,9370,1668,2012
"europe/svk021.rwl","Normal practice, flagged for reference",1,"ID fills all 8 columns","Larix decidua Mill.",47,10435,1627,2017
"europe/svk021x.rwl","Normal practice, flagged for reference",1,"ID fills all 8 columns","Larix decidua Mill.",45,9608,1629,2017
"europe/svk023.rwl","Normal practice, flagged for reference",1,"ID fills all 8 columns","Larix decidua Mill.",47,11284,1714,2017
"europe/svk023x.rwl","Normal practice, flagged for reference",1,"ID fills all 8 columns","Larix decidua Mill.",47,10968,1718,2017
"europe/swe348.rwl","Normal practice, flagged for reference",1,"ID fills all 8 columns","Picea abies (L.) H. Karst.",70,2317,1876,2012
"europe/swe349.rwl","Normal practice, flagged for reference",1,"ID fills all 8 columns","Picea abies (L.) H. Karst.",72,4809,1876,2012
"europe/swe350.rwl","Normal practice, flagged for reference",1,"ID fills all 8 columns","Picea abies (L.) H. Karst.",70,5732,1867,2012
"europe/swe351.rwl","Normal practice, flagged for reference",1,"ID fills all 8 columns","Picea abies (L.) H. Karst.",67,5550,1873,2012
"europe/swe352.rwl","Normal practice, flagged for reference",1,"ID fills all 8 columns","Picea abies (L.) H. Karst.",48,2614,1927,2012
"europe/swe353.rwl","Normal practice, flagged for reference",1,"ID fills all 8 columns","Pinus sylvestris L.",67,5247,1791,2009
"europe/swe357.rwl","Normal practice, flagged for reference",1,"ID fills all 8 columns","Pinus sylvestris L.",104,11956,1585,2013
"europe/swe358.rwl","Normal practice, flagged for reference",1,"ID fills all 8 columns","Pinus sylvestris L.",62,4664,1853,2009
"europe/swe359.rwl","Normal practice, flagged for reference",1,"ID fills all 8 columns","Pinus sylvestris L.",80,8822,1849,2018
"europe/swe360.rwl","Normal practice, flagged for reference",1,"ID fills all 8 columns","Picea abies (L.) H. Karst.",65,7515,1823,2018
"europe/swe361.rwl","Normal practice, flagged for reference",1,"ID fills all 8 columns","Pinus sylvestris L.",92,11160,1817,2018
"europe/swe362.rwl","Normal practice, flagged for reference",1,"ID fills all 8 columns","Picea abies (L.) H. Karst.",84,10559,1789,2018
"europe/swed018.rwl","Normal practice, flagged for reference",1,"ID fills all 8 columns","Pinus sylvestris L.",47,5870,1803,1992
"europe/swed310.rwl","Normal practice, flagged for reference",1,"ID fills all 8 columns","Pinus sylvestris L.",29,2616,1661,1997
"europe/swed312.rwl","Normal practice, flagged for reference",1,"ID fills all 8 columns","Picea abies (L.) H. Karst.",128,12412,1574,2005
"europe/swed314.rwl","Normal practice, flagged for reference",1,"ID fills all 8 columns","Pinus sylvestris L.",21,2054,1846,1996
"europe/swed315.rwl","Normal practice, flagged for reference",1,"ID fills all 8 columns","Pinus sylvestris L.",23,4040,1800,1996
"europe/swed316.rwl","Normal practice, flagged for reference",1,"ID fills all 8 columns","Pinus sylvestris L.",21,3407,1789,1997
"europe/swed317.rwl","Normal practice, flagged for reference",1,"ID fills all 8 columns","Pinus sylvestris L.",12,2214,1724,1998
"europe/swed318.rwl","Normal practice, flagged for reference",1,"ID fills all 8 columns","Pinus sylvestris L.",17,1847,1835,1996
"europe/swed319.rwl","Normal practice, flagged for reference",1,"ID fills all 8 columns","Pinus sylvestris L.",21,2883,1656,1998
"europe/swed320.rwl","Normal practice, flagged for reference",1,"ID fills all 8 columns","Pinus sylvestris L.",20,3286,1713,1996
"europe/swed321.rwl","Normal practice, flagged for reference",1,"ID fills all 8 columns","Pinus sylvestris L.",11,1339,1844,1996
"europe/swed322.rwl","Normal practice, flagged for reference",1,"ID fills all 8 columns","Pinus sylvestris L.",21,3330,1777,1996
"europe/swed323.rwl","Normal practice, flagged for reference",1,"ID fills all 8 columns","Pinus sylvestris L.",17,3970,1723,1997
"europe/swed324.rwl","Normal practice, flagged for reference",1,"ID fills all 8 columns","Pinus sylvestris L.",36,9706,1448,1998
"europe/swed325.rwl","Normal practice, flagged for reference",1,"ID fills all 8 columns","Pinus sylvestris L.",34,9975,1520,1999
"europe/swed326.rwl","Normal practice, flagged for reference",1,"ID fills all 8 columns","Pinus sylvestris L.",38,10682,1471,1998
"europe/swed327.rwl","Normal practice, flagged for reference",1,"ID fills all 8 columns","Pinus sylvestris L.",26,7405,1500,2000
"europe/swed328.rwl","Normal practice, flagged for reference",1,"ID fills all 8 columns","Pinus sylvestris L.",19,3490,1694,2000
"europe/swed335.rwl","Normal practice, flagged for reference",1,"ID fills all 8 columns","Pinus sylvestris L.",61,9990,1399,2012
"europe/swed336.rwl","Normal practice, flagged for reference",1,"ID fills all 8 columns","Pinus sylvestris L.",96,13668,1453,2011
"europe/swed339.rwl","Normal practice, flagged for reference",1,"ID fills all 8 columns","Quercus spp. L.",87,11131,1429,2004
"europe/swed340.rwl","Normal practice, flagged for reference",1,"ID fills all 8 columns","Pinus sylvestris L.",86,8795,1738,2013
"europe/swed341.rwl","Normal practice, flagged for reference",1,"ID fills all 8 columns","Pinus sylvestris L.",126,10989,1715,2013
"europe/swed342.rwl","Normal practice, flagged for reference",1,"ID fills all 8 columns","Pinus sylvestris L.",68,5659,1800,2009
"europe/swed343.rwl","Normal practice, flagged for reference",1,"ID fills all 8 columns","Pinus sylvestris L.",60,4625,1809,2009
"europe/swed344.rwl","Normal practice, flagged for reference",1,"ID fills all 8 columns","Pinus sylvestris L.",69,8260,1804,2009
"europe/swed345.rwl","Normal practice, flagged for reference",1,"ID fills all 8 columns","Pinus sylvestris L.",58,5413,1849,2009
"europe/swed346.rwl","Normal practice, flagged for reference",1,"ID fills all 8 columns","Pinus sylvestris L.",32,4487,527,913
"europe/swit157x.rwl","Normal practice, flagged for reference",1,"trailing text in field 11","Picea abies (L.) H. Karst.",28,2274,1882,1979
"europe/swit179.rwl","Normal practice, flagged for reference",1,"ID fills all 8 columns","Picea abies (L.) H. Karst.",19,2942,1733,2005
"europe/swit187.rwl","Normal practice, flagged for reference",1,"ID fills all 8 columns","Pinus nigra J.F. Arnold",17,1661,1893,2007
"europe/swit188.rwl","Normal practice, flagged for reference",1,"ID fills all 8 columns","Pinus sylvestris L.",48,4895,1866,2007
"europe/swit189.rwl","Normal practice, flagged for reference",1,"ID fills all 8 columns","Picea abies (L.) H. Karst.",23,3573,1773,2007
"europe/swit191.rwl","Normal practice, flagged for reference",1,"ID fills all 8 columns","Pinus cembra L.",19,3539,1671,2008
"europe/swit195.rwl","Normal practice, flagged for reference",1,"ID fills all 8 columns","Pinus sylvestris L.",5,1729,1,669
"europe/swit196.rwl","Normal practice, flagged for reference",1,"ID fills all 8 columns","Pinus sylvestris L.",7,1676,1,375
"europe/swit197.rwl","Normal practice, flagged for reference",1,"ID fills all 8 columns","Pinus sylvestris L.",9,2039,1,318
"europe/swit198.rwl","Normal practice, flagged for reference",1,"ID fills all 8 columns","Pinus sylvestris L.",20,2821,1,286
"europe/swit199.rwl","Normal practice, flagged for reference",1,"ID fills all 8 columns","Fagus sylvatica L.",10,982,1882,1994
"europe/swit200.rwl","Normal practice, flagged for reference",1,"ID fills all 8 columns","Fagus sylvatica L.",105,10931,1857,1994
"europe/swit204.rwl","Normal practice, flagged for reference",1,"ID fills all 8 columns","Picea abies (L.) H. Karst.",26,4072,1800,1990
"europe/swit206.rwl","Normal practice, flagged for reference",1,"ID fills all 8 columns","Picea abies (L.) H. Karst.",20,1244,1907,1995
"europe/swit208.rwl","Normal practice, flagged for reference",1,"ID fills all 8 columns","Quercus spp. L.",12,791,1908,1999
"europe/swit210.rwl","Normal practice, flagged for reference",1,"ID fills all 8 columns","Abies alba Mill.",65,5516,1806,1994
"europe/swit211.rwl","Normal practice, flagged for reference",1,"ID fills all 8 columns","Abies alba Mill.",22,1649,1829,1992
"europe/swit212.rwl","Normal practice, flagged for reference",1,"ID fills all 8 columns","Fagus sylvatica L.",47,3897,1890,1992
"europe/swit213.rwl","Normal practice, flagged for reference",1,"ID fills all 8 columns","Quercus spp. L.",13,1542,1833,1999
"europe/swit216.rwl","Normal practice, flagged for reference",1,"ID fills all 8 columns","Quercus robur L. = Quercus pendunculata Ehrl.",18,1652,1886,1995
"europe/swit217.rwl","Normal practice, flagged for reference",1,"ID fills all 8 columns","Quercus spp. L.",20,2004,1888,1995
"europe/swit218.rwl","Normal practice, flagged for reference",1,"ID fills all 8 columns","Quercus spp. L.",121,22309,1767,1996
"europe/swit219.rwl","Normal practice, flagged for reference",1,"ID fills all 8 columns","Pinus cembra L.",154,28874,1713,2002
"europe/swit224.rwl","Normal practice, flagged for reference",1,"ID fills all 8 columns","Castanea sativa Mill.",24,860,1964,2000
"europe/swit225.rwl","Normal practice, flagged for reference",1,"ID fills all 8 columns","Larix decidua Mill.",20,834,1957,1999
"europe/swit226.rwl","Normal practice, flagged for reference",1,"ID fills all 8 columns","Picea abies (L.) H. Karst.",21,650,1968,2000
"europe/swit227.rwl","Normal practice, flagged for reference",1,"ID fills all 8 columns","Pinus strobus L.",20,690,1963,2000
"europe/swit228.rwl","Normal practice, flagged for reference",1,"ID fills all 8 columns","Pinus sylvestris L.",24,842,1963,2000
"europe/swit229.rwl","Normal practice, flagged for reference",1,"ID fills all 8 columns","Picea abies (L.) H. Karst.",12,651,1901,1995
"europe/swit230.rwl","Normal practice, flagged for reference",1,"ID fills all 8 columns","Quercus petraea (Matt.) Liebl. = Quercus sessiliflora Salisb.",55,11380,1562,2002
"europe/swit232.rwl","Normal practice, flagged for reference",1,"ID fills all 8 columns","Quercus petraea (Matt.) Liebl. = Quercus sessiliflora Salisb.",6,324,1941,1995
"europe/swit233.rwl","Normal practice, flagged for reference",1,"ID fills all 8 columns","Quercus robur L. = Quercus pendunculata Ehrl.",20,1206,1927,1995
"europe/swit234.rwl","Normal practice, flagged for reference",1,"ID fills all 8 columns","Pinus sylvestris L.",78,5364,1917,1995
"europe/swit235.rwl","Normal practice, flagged for reference",1,"ID fills all 8 columns","Quercus spp. L.",12,197,1971,1992
"europe/swit236.rwl","Normal practice, flagged for reference",1,"ID fills all 8 columns","Fagus sylvatica L.",42,5119,1865,1997
"europe/swit241.rwl","Normal practice, flagged for reference",1,"ID fills all 8 columns","Pinus sylvestris L.",112,7782,1915,1994
"europe/swit242.rwl","Normal practice, flagged for reference",1,"ID fills all 8 columns","Fagus sylvatica L.",11,873,1910,1991
"europe/swit243.rwl","Normal practice, flagged for reference",1,"ID fills all 8 columns","Quercus robur L. = Quercus pendunculata Ehrl.",11,883,1905,1991
"europe/swit247.rwl","Normal practice, flagged for reference",1,"ID fills all 8 columns","Fagus sylvatica L.",26,1358,1927,1991
"europe/swit248.rwl","Normal practice, flagged for reference",1,"ID fills all 8 columns","Fraxinus excelsior L.",4,166,1949,1991
"europe/swit249.rwl","Normal practice, flagged for reference",1,"ID fills all 8 columns","Picea abies (L.) H. Karst.",6,138,1968,1991
"europe/swit250.rwl","Normal practice, flagged for reference",1,"ID fills all 8 columns","Quercus petraea (Matt.) Liebl. = Quercus sessiliflora Salisb.",22,1202,1931,1991
"europe/swit251.rwl","Normal practice, flagged for reference",1,"ID fills all 8 columns","Quercus robur L. = Quercus pendunculata Ehrl.",14,789,1932,1991
"europe/swit258.rwl","Normal practice, flagged for reference",1,"ID fills all 8 columns","Picea abies (L.) H. Karst.",30,3412,1825,2001
"europe/swit263.rwl","Normal practice, flagged for reference",1,"ID fills all 8 columns","Populus tremula L.",6,308,1938,1998
"europe/swit264.rwl","Normal practice, flagged for reference",1,"ID fills all 8 columns","Quercus robur L. = Quercus pendunculata Ehrl.",22,1456,1916,1998
"europe/swit266.rwl","Normal practice, flagged for reference",1,"ID fills all 8 columns","Picea abies (L.) H. Karst.",19,2246,1865,1994
"europe/swit267.rwl","Normal practice, flagged for reference",1,"trailing text in field 11","Fagus sylvatica L.",24,3274,1825,1987
"europe/swit268.rwl","Normal practice, flagged for reference",1,"ID fills all 8 columns","Abies alba Mill.",28,2117,1871,1996
"europe/swit278.rwl","Normal practice, flagged for reference",1,"ID fills all 8 columns","Picea abies (L.) H. Karst.",10,1234,1853,1995
"europe/swit279.rwl","Normal practice, flagged for reference",1,"ID fills all 8 columns","Picea abies (L.) H. Karst.",27,4993,1670,2011
"europe/swit280.rwl","Normal practice, flagged for reference",1,"ID fills all 8 columns","Pinus cembra L.",19,4424,1546,2011
"europe/swit281.rwl","Normal practice, flagged for reference",1,"ID fills all 8 columns","Pinus cembra L.",24,3963,1707,2012
"europe/swit282.rwl","Normal practice, flagged for reference",1,"ID fills all 8 columns","Pinus mugo Turra = Pinus montana Mill.",22,4027,1761,2012
"europe/swit283.rwl","Normal practice, flagged for reference",1,"ID fills all 8 columns","Pinus mugo Turra = Pinus montana Mill.",44,8711,1681,2008
"europe/swit287.rwl","Normal practice, flagged for reference",1,"ID fills all 8 columns","Picea abies (L.) H. Karst.",84,9565,1720,1994
"europe/swit288.rwl","Normal practice, flagged for reference",1,"ID fills all 8 columns","Abies alba Mill.",19,3239,1764,1990
"europe/swit289.rwl","Normal practice, flagged for reference",1,"ID fills all 8 columns","Larix decidua Mill.",55,16680,1258,1940
"europe/swit289x.rwl","Normal practice, flagged for reference",1,"ID fills all 8 columns","Larix decidua Mill.",55,16680,1258,1940
"europe/swit291.rwl","Normal practice, flagged for reference",1,"ID fills all 8 columns","Picea abies (L.) H. Karst.",11,1285,1750,1995
"europe/swit297.rwl","Normal practice, flagged for reference",1,"ID fills all 8 columns","Abies alba Mill.",42,3849,1825,1989
"europe/swit298.rwl","Normal practice, flagged for reference",1,"ID fills all 8 columns","Fagus sylvatica L.",17,979,1920,1989
"europe/swit299.rwl","Normal practice, flagged for reference",1,"ID fills all 8 columns","Picea abies (L.) H. Karst.",13,1000,1878,1989
"europe/swit300.rwl","Normal practice, flagged for reference",1,"ID fills all 8 columns","Picea abies (L.) H. Karst.",10,857,1852,1995
"europe/swit301.rwl","Normal practice, flagged for reference",1,"ID fills all 8 columns","Abies alba Mill.",5,562,1764,1990
"europe/swit303.rwl","Normal practice, flagged for reference",1,"ID fills all 8 columns","Picea abies (L.) H. Karst.",10,938,1876,1995
"europe/swit306.rwl","Normal practice, flagged for reference",1,"ID fills all 8 columns","Abies alba Mill.",19,3117,1798,1996
"europe/swit307.rwl","Normal practice, flagged for reference",1,"ID fills all 8 columns","Abies alba Mill.",16,1975,1735,1990
"europe/swit315.rwl","Normal practice, flagged for reference",1,"ID fills all 8 columns","Pinus cembra L.",31,4489,1745,1999
"europe/swit316.rwl","Normal practice, flagged for reference",1,"ID fills all 8 columns","Pinus cembra L.",118,6697,1889,1999
"europe/swit317.rwl","Normal practice, flagged for reference",1,"ID fills all 8 columns","Quercus petraea (Matt.) Liebl. = Quercus sessiliflora Salisb.",49,2731,1923,1991
"europe/swit318.rwl","Normal practice, flagged for reference",1,"ID fills all 8 columns","Quercus robur L. = Quercus pendunculata Ehrl.",8,414,1938,1991
"europe/swit319.rwl","Normal practice, flagged for reference",1,"ID fills all 8 columns","Picea abies (L.) H. Karst.",22,1711,1903,1995
"europe/swit322.rwl","Normal practice, flagged for reference",1,"ID fills all 8 columns","Fagus sylvatica L.",44,6599,1801,1997
"europe/swit323.rwl","Normal practice, flagged for reference",1,"ID fills all 8 columns","Abies alba Mill.",12,1236,1844,1995
"europe/swit324.rwl","Normal practice, flagged for reference",1,"ID fills all 8 columns","Picea abies (L.) H. Karst.",19,2571,1831,1995
"europe/swit325.rwl","Normal practice, flagged for reference",1,"ID fills all 8 columns","Abies alba Mill.",20,3568,1772,1995
"europe/swit326.rwl","Normal practice, flagged for reference",1,"ID fills all 8 columns","Picea abies (L.) H. Karst.",4,478,1867,1995
"europe/swit334.rwl","Normal practice, flagged for reference",1,"ID fills all 8 columns","Picea abies (L.) H. Karst.",21,2606,1773,1997
"europe/swit336.rwl","Normal practice, flagged for reference",1,"ID fills all 8 columns","Pinus cembra L.",169,23780,1601,2002
"europe/swit340.rwl","Normal practice, flagged for reference",1,"ID fills all 8 columns","Picea abies (L.) H. Karst.",42,5501,1711,1997
"europe/swit341.rwl","Normal practice, flagged for reference",1,"ID fills all 8 columns","Fagus sylvatica L.",19,1312,1906,1989
"europe/swit347.rwl","Normal practice, flagged for reference",1,"ID fills all 8 columns","Pinus cembra L.",177,37889,1478,2002
"europe/swit349.rwl","Normal practice, flagged for reference",1,"ID fills all 8 columns","Abies alba Mill.",6,513,1895,1992
"europe/swit354.rwl","Normal practice, flagged for reference",1,"ID fills all 8 columns","Fagus sylvatica L.",12,924,1899,1998
"europe/swit355.rwl","Normal practice, flagged for reference",1,"ID fills all 8 columns","Fraxinus excelsior L.",3,166,1937,1998
"europe/swit356.rwl","Normal practice, flagged for reference",1,"ID fills all 8 columns","Picea abies (L.) H. Karst.",27,2330,1879,1998
"europe/swit360.rwl","Normal practice, flagged for reference",1,"ID fills all 8 columns","Larix decidua Mill.",20,3191,1804,1995
"europe/swit362.rwl","Normal practice, flagged for reference",1,"ID fills all 8 columns","Quercus spp. L.",13,1281,1889,1991
"europe/swit363.rwl","Normal practice, flagged for reference",1,"ID fills all 8 columns","Fagus sylvatica L.",18,1745,1890,1991
"europe/swit365.rwl","Normal practice, flagged for reference",1,"ID fills all 8 columns","Pinus sylvestris L.",92,5304,1929,1996
"europe/swit366.rwl","Normal practice, flagged for reference",1,"ID fills all 8 columns","Larix decidua Mill.",14,2003,1836,1983
"europe/swit367.rwl","Normal practice, flagged for reference",1,"ID fills all 8 columns","Fagus sylvatica L.",26,2170,1906,1997
"europe/swit383.rwl","Normal practice, flagged for reference",1,"ID fills all 8 columns","Picea abies (L.) H. Karst.",60,2208,1975,2017
"europe/swit387.rwl","Normal practice, flagged for reference",1,"ID fills all 8 columns","Pinus sylvestris L.",22,3175,1780,2009
"europe/tur059.rwl","Normal practice, flagged for reference",1,"ID fills all 8 columns","Juniperus excelsa M.-Bieb.",33,11781,1128,2001
"europe/tur091.rwl","Normal practice, flagged for reference",1,"ID fills all 8 columns","Pinus sylvestris L.",119,23760,1613,2022
"europe/turk014.rwl","Normal practice, flagged for reference",1,"ID fills all 8 columns","Juniperus excelsa M.-Bieb.",36,10760,1246,2000
"europe/turk016.rwl","Normal practice, flagged for reference",1,"ID fills all 8 columns","Juniperus excelsa M.-Bieb.",108,34137,1017,2006
"europe/turk033.rwl","Normal practice, flagged for reference",1,"ID fills all 8 columns","Pinus nigra J.F. Arnold",36,10085,1567,1995
"europe/turk035.rwl","Normal practice, flagged for reference",1,"ID fills all 8 columns","Juniperus excelsa M.-Bieb.",72,30793,1017,2001
"europe/turk042.rwl","Normal practice, flagged for reference",1,"ID fills all 8 columns","Juniperus excelsa M.-Bieb.",29,10600,1235,2001
"northamerica/canada/can673e.rwl","Normal practice, flagged for reference",1,"ID fills all 8 columns","Tsuga mertensiana (Bong.) Carrière",31,6808,1675,2017
"northamerica/canada/can673l.rwl","Normal practice, flagged for reference",1,"ID fills all 8 columns","Tsuga mertensiana (Bong.) Carrière",31,6808,1675,2017
"northamerica/canada/can675e.rwl","Normal practice, flagged for reference",1,"ID fills all 8 columns","Tsuga mertensiana (Bong.) Carrière",46,8531,1669,2017
"northamerica/canada/can675l.rwl","Normal practice, flagged for reference",1,"ID fills all 8 columns","Tsuga mertensiana (Bong.) Carrière",46,8531,1669,2017
"northamerica/canada/can676e.rwl","Normal practice, flagged for reference",1,"ID fills all 8 columns","Picea engelmannii Parry ex Engelm.",53,8185,1811,2017
"northamerica/canada/can676l.rwl","Normal practice, flagged for reference",1,"ID fills all 8 columns","Picea engelmannii Parry ex Engelm.",53,8185,1811,2017
"northamerica/canada/can677.rwl","Normal practice, flagged for reference",1,"ID fills all 8 columns","Picea engelmannii Parry ex Engelm.",85,15895,1700,2017
"northamerica/canada/can677e.rwl","Normal practice, flagged for reference",1,"ID fills all 8 columns","Picea engelmannii Parry ex Engelm.",47,9469,1700,2017
"northamerica/canada/can677l.rwl","Normal practice, flagged for reference",1,"ID fills all 8 columns","Picea engelmannii Parry ex Engelm.",47,9470,1700,2017
"northamerica/canada/can678e.rwl","Normal practice, flagged for reference",1,"ID fills all 8 columns","Picea engelmannii Parry ex Engelm.",45,9325,1701,2017
"northamerica/canada/can678l.rwl","Normal practice, flagged for reference",1,"ID fills all 8 columns","Picea engelmannii Parry ex Engelm.",45,9334,1701,2017
"northamerica/canada/can679.rwl","Normal practice, flagged for reference",1,"ID fills all 8 columns","Pinus ponderosa Douglas ex C. Lawson",47,8805,1719,2018
"northamerica/canada/can679e.rwl","Normal practice, flagged for reference",1,"ID fills all 8 columns","Pinus ponderosa Douglas ex C. Lawson",11,2227,1735,2018
"northamerica/canada/can679l.rwl","Normal practice, flagged for reference",1,"ID fills all 8 columns","Pinus ponderosa Douglas ex C. Lawson",11,2227,1735,2018
"northamerica/canada/can722bl.rwl","Normal practice, flagged for reference",1,"ID fills all 8 columns","Pinus engelmannii Carr.",20,4829,1690,2017
"northamerica/canada/can723bl.rwl","Normal practice, flagged for reference",1,"ID fills all 8 columns","Pinus engelmannii Carr.",23,4758,1668,2017
"northamerica/canada/can724bl.rwl","Normal practice, flagged for reference",1,"ID fills all 8 columns","Pinus engelmannii Carr.",26,4121,1778,2017
"northamerica/canada/can725bl.rwl","Normal practice, flagged for reference",1,"ID fills all 8 columns","Pinus engelmannii Carr.",34,6375,1711,2017
"northamerica/canada/can726bl.rwl","Normal practice, flagged for reference",1,"ID fills all 8 columns","Pinus engelmannii Carr.",34,6781,1702,2017
"northamerica/canada/can727bl.rwl","Normal practice, flagged for reference",1,"ID fills all 8 columns","Abies amabilis Douglas ex J. Forbes",25,5449,1739,2017
"northamerica/canada/can728bl.rwl","Normal practice, flagged for reference",1,"ID fills all 8 columns","Tsuga mertensiana (Bong.) Carrière",22,5870,1701,2017
"northamerica/canada/can729bl.rwl","Normal practice, flagged for reference",1,"ID fills all 8 columns","Pinus engelmannii Carr.",16,3582,1692,2017
"northamerica/canada/cana121.rwl","Normal practice, flagged for reference",1,"ID fills all 8 columns","Picea glauca (Moench) Voss",117,20700,1547,1998
"northamerica/canada/cana123.rwl","Normal practice, flagged for reference",1,"ID fills all 8 columns","Picea glauca (Moench) Voss",79,18574,1588,1989
"northamerica/canada/cana125.rwl","Normal practice, flagged for reference",1,"ID fills all 8 columns","Picea glauca (Moench) Voss",93,17481,1470,1992
"northamerica/canada/cana138.rwl","Normal practice, flagged for reference",1,"ID fills all 8 columns","Picea glauca (Moench) Voss",93,24715,1060,1992
"northamerica/canada/cana139.rwl","Normal practice, flagged for reference",1,"ID fills all 8 columns","Pinus strobus L.",12,1597,1768,1995
"northamerica/canada/cana157.rwl","Normal practice, flagged for reference",1,"blank inside series ID","Picea glauca (Moench) Voss",34,9627,1459,1975
"northamerica/canada/cana160.rwl","Normal practice, flagged for reference",1,"ID fills all 8 columns","Picea glauca (Moench) Voss",10,1903,1700,1996
"northamerica/canada/cana225b.rwl","Normal practice, flagged for reference",1,"ID fills all 8 columns","Picea engelmannii Parry ex Engelm.",24,5806,1684,1996
"northamerica/canada/cana226b.rwl","Normal practice, flagged for reference",1,"ID fills all 8 columns","Picea engelmannii Parry ex Engelm.",19,4186,1723,1996
"northamerica/canada/cana230b.rwl","Normal practice, flagged for reference",1,"ID fills all 8 columns","Picea engelmannii Parry ex Engelm.",19,4019,1696,1996
"northamerica/canada/cana231b.rwl","Normal practice, flagged for reference",1,"ID fills all 8 columns","Picea engelmannii Parry ex Engelm.",25,7390,1509,1996
"northamerica/canada/cana231e.rwl","Normal practice, flagged for reference",1,"ID fills all 8 columns","Picea engelmannii Parry ex Engelm.",28,7976,1528,1997
"northamerica/canada/cana231l.rwl","Normal practice, flagged for reference",1,"ID fills all 8 columns","Picea engelmannii Parry ex Engelm.",28,7976,1528,1997
"northamerica/canada/cana237b.rwl","Normal practice, flagged for reference",1,"ID fills all 8 columns","Picea engelmannii Parry ex Engelm.",23,5360,1695,1996
"northamerica/canada/cana238b.rwl","Normal practice, flagged for reference",1,"ID fills all 8 columns","Picea engelmannii Parry ex Engelm.",22,5117,1683,1996
"northamerica/canada/cana238e.rwl","Normal practice, flagged for reference",1,"ID fills all 8 columns","Picea engelmannii Parry ex Engelm.",25,5563,1689,1997
"northamerica/canada/cana238l.rwl","Normal practice, flagged for reference",1,"ID fills all 8 columns","Picea engelmannii Parry ex Engelm.",25,5563,1689,1997
"northamerica/canada/cana238x.rwl","Normal practice, flagged for reference",1,"ID fills all 8 columns","Picea engelmannii Parry ex Engelm.",24,5563,1689,1997
"northamerica/canada/cana272.rwl","Normal practice, flagged for reference",1,"ID fills all 8 columns","Picea mariana (Mill.) Britton, Sterns, & Poggenb.",64,7528,1716,2006
"northamerica/canada/cana275.rwl","Normal practice, flagged for reference",1,"ID fills all 8 columns","Picea mariana (Mill.) Britton, Sterns, & Poggenb.",80,9219,1716,2006
"northamerica/canada/cana317.rwl","Normal practice, flagged for reference",1,"ID fills all 8 columns","N. White",37,6933,1577,1991
"northamerica/canada/cana318x.rwl","Normal practice, flagged for reference",1,"ID fills all 8 columns","White Sp",10,1042,1899,2005
"northamerica/canada/cana319.rwl","Normal practice, flagged for reference",1,"ID fills all 8 columns","White Sp",138,39527,993,1994
"northamerica/canada/cana319x.rwl","Normal practice, flagged for reference",1,"ID fills all 8 columns","White Sp",33,7012,1175,1993
"northamerica/canada/cana321.rwl","Normal practice, flagged for reference",1,"ID fills all 8 columns","White Sp",38,7662,1175,1993
"northamerica/canada/cana321x.rwl","Normal practice, flagged for reference",1,"ID fills all 8 columns","White Sp",38,7662,1175,1993
"northamerica/canada/cana359.rwl","Normal practice, flagged for reference",1,"ID fills all 8 columns","Sitka Sp",129,18884,1572,2003
"northamerica/canada/cana362.rwl","Normal practice, flagged for reference",1,"ID fills all 8 columns","Sitka Sp",39,4650,1781,2003
"northamerica/canada/cana4.rwl","Normal practice, flagged for reference",1,"ID fills all 8 columns","Picea mariana (Mill.) Britton, Sterns, & Poggenb.",16,2808,1787,1986
"northamerica/canada/cana421x.rwl","Normal practice, flagged for reference",1,"blank inside series ID","Larix lyallii Parl.",37,11892,1440,1987
"northamerica/canada/cana464.rwl","Normal practice, flagged for reference",1,"ID fills all 8 columns","Abies lasiocarpa (Hook.) Nutt.",19,3209,1751,2012
"northamerica/canada/cana465.rwl","Normal practice, flagged for reference",1,"ID fills all 8 columns","Tsuga mertensiana (Bong.) Carrière",39,13466,1412,1995
"northamerica/canada/cana468.rwl","Normal practice, flagged for reference",1,"ID fills all 8 columns","Tsuga mertensiana (Bong.) Carrière",28,5724,1711,2012
"northamerica/canada/cana476.rwl","Normal practice, flagged for reference",1,"ID fills all 8 columns","Tsuga mertensiana (Bong.) Carrière",44,11167,1658,2010
"northamerica/canada/cana477.rwl","Normal practice, flagged for reference",1,"ID fills all 8 columns","Tsuga mertensiana (Bong.) Carrière",27,2441,1874,1998
"northamerica/canada/cana478.rwl","Normal practice, flagged for reference",1,"ID fills all 8 columns","Tsuga mertensiana (Bong.) Carrière",17,4743,1556,2004
"northamerica/canada/cana479.rwl","Normal practice, flagged for reference",1,"ID fills all 8 columns","Tsuga mertensiana (Bong.) Carrière",28,8960,1576,2004
"northamerica/canada/cana480.rwl","Normal practice, flagged for reference",1,"ID fills all 8 columns","Tsuga mertensiana (Bong.) Carrière",30,6796,1616,2004
"northamerica/canada/cana481.rwl","Normal practice, flagged for reference",1,"ID fills all 8 columns","Abies lasiocarpa (Hook.) Nutt.",20,3149,1729,1997
"northamerica/canada/cana482.rwl","Normal practice, flagged for reference",1,"ID fills all 8 columns","Abies lasiocarpa (Hook.) Nutt.",36,7431,1682,2003
"northamerica/canada/cana484.rwl","Normal practice, flagged for reference",1,"ID fills all 8 columns","Abies lasiocarpa (Hook.) Nutt.",7,857,1857,2002
"northamerica/canada/cana485.rwl","Normal practice, flagged for reference",1,"ID fills all 8 columns","Abies lasiocarpa (Hook.) Nutt.",60,13015,1533,2009
"northamerica/canada/cana489.rwl","Normal practice, flagged for reference",1,"ID fills all 8 columns","Abies lasiocarpa (Hook.) Nutt.",21,3422,1740,2003
"northamerica/canada/cana495.rwl","Normal practice, flagged for reference",1,"ID fills all 8 columns","Abies lasiocarpa (Hook.) Nutt.",24,5974,1573,2007
"northamerica/canada/cana5.rwl","Normal practice, flagged for reference",1,"ID fills all 8 columns","Abies amabilis Douglas ex J. Forbes",17,2854,1711,1986
"northamerica/canada/cana501.rwl","Normal practice, flagged for reference",1,"ID fills all 8 columns","Picea glauca (Moench) Voss",97,25170,1579,2006
"northamerica/canada/cana502.rwl","Normal practice, flagged for reference",1,"ID fills all 8 columns","Picea glauca (Moench) Voss",91,19941,1631,2006
"northamerica/canada/cana505.rwl","Normal practice, flagged for reference",1,"ID fills all 8 columns","Picea glauca (Moench) Voss",74,14496,1158,2007
"northamerica/canada/cana506.rwl","Normal practice, flagged for reference",1,"ID fills all 8 columns","Picea glauca (Moench) Voss",99,22634,1118,2007
"northamerica/canada/cana507.rwl","Normal practice, flagged for reference",1,"ID fills all 8 columns","Picea glauca (Moench) Voss",98,25476,1607,2007
"northamerica/canada/cana508.rwl","Normal practice, flagged for reference",1,"ID fills all 8 columns","Picea glauca (Moench) Voss",80,19938,1587,2007
"northamerica/canada/cana509.rwl","Normal practice, flagged for reference",1,"ID fills all 8 columns","Picea glauca (Moench) Voss",88,20592,1453,2007
"northamerica/canada/cana510.rwl","Normal practice, flagged for reference",1,"ID fills all 8 columns","Picea glauca (Moench) Voss",102,21962,1445,2007
"northamerica/canada/cana512.rwl","Normal practice, flagged for reference",1,"ID fills all 8 columns","Picea glauca (Moench) Voss",87,19305,1580,2007
"northamerica/canada/cana513.rwl","Normal practice, flagged for reference",1,"ID fills all 8 columns","Picea glauca (Moench) Voss",78,17734,1687,2007
"northamerica/canada/cana514.rwl","Normal practice, flagged for reference",1,"ID fills all 8 columns","Picea glauca (Moench) Voss",98,19239,1653,2006
"northamerica/canada/cana515.rwl","Normal practice, flagged for reference",1,"ID fills all 8 columns","Picea glauca (Moench) Voss",116,29061,1499,2007
"northamerica/canada/cana517.rwl","Normal practice, flagged for reference",1,"ID fills all 8 columns","Picea glauca (Moench) Voss",105,24486,1603,2007
"northamerica/canada/cana518.rwl","Normal practice, flagged for reference",1,"ID fills all 8 columns","Picea glauca (Moench) Voss",83,20482,1591,2006
"northamerica/canada/cana521.rwl","Normal practice, flagged for reference",1,"blank inside series ID","Picea glauca (Moench) Voss",59,18354,1483,2003
"northamerica/canada/cana523.rwl","Normal practice, flagged for reference",1,"ID fills all 8 columns","Picea glauca (Moench) Voss",45,15100,1563,2003
"northamerica/canada/cana527.rwl","Normal practice, flagged for reference",1,"ID fills all 8 columns","Picea glauca (Moench) Voss",67,14894,1529,2003
"northamerica/canada/cana531.rwl","Normal practice, flagged for reference",1,"ID fills all 8 columns","Picea glauca (Moench) Voss",46,9941,1711,2007
"northamerica/canada/cana532.rwl","Normal practice, flagged for reference",1,"ID fills all 8 columns","Picea glauca (Moench) Voss",42,8764,1735,2006
"northamerica/canada/cana533.rwl","Normal practice, flagged for reference",1,"ID fills all 8 columns","Picea glauca (Moench) Voss",43,7037,1759,2006
"northamerica/canada/cana534.rwl","Normal practice, flagged for reference",1,"ID fills all 8 columns","Picea glauca (Moench) Voss",36,7219,1728,2006
"northamerica/canada/cana535.rwl","Normal practice, flagged for reference",1,"ID fills all 8 columns","Picea glauca (Moench) Voss",57,8548,1608,2007
"northamerica/canada/cana536.rwl","Normal practice, flagged for reference",1,"ID fills all 8 columns","Picea glauca (Moench) Voss",71,17554,1552,2007
"northamerica/canada/cana537.rwl","Normal practice, flagged for reference",1,"ID fills all 8 columns","Picea glauca (Moench) Voss",80,19247,1617,2007
"northamerica/canada/cana541.rwl","Normal practice, flagged for reference",1,"ID fills all 8 columns","Picea glauca (Moench) Voss",61,6812,1719,2006
"northamerica/canada/cana542.rwl","Normal practice, flagged for reference",1,"ID fills all 8 columns","Picea glauca (Moench) Voss",45,8315,1668,2007
"northamerica/canada/cana543.rwl","Normal practice, flagged for reference",1,"ID fills all 8 columns","Picea glauca (Moench) Voss",84,15671,1680,2007
"northamerica/canada/cana544.rwl","Normal practice, flagged for reference",1,"ID fills all 8 columns","Picea glauca (Moench) Voss",58,9258,1749,2007
"northamerica/canada/cana545.rwl","Normal practice, flagged for reference",1,"ID fills all 8 columns","Picea glauca (Moench) Voss",81,15419,1648,2007
"northamerica/canada/cana546.rwl","Normal practice, flagged for reference",1,"ID fills all 8 columns","Picea glauca (Moench) Voss",40,5631,1615,2007
"northamerica/canada/cana547.rwl","Normal practice, flagged for reference",1,"ID fills all 8 columns","Picea glauca (Moench) Voss",94,14964,1803,2006
"northamerica/canada/cana548.rwl","Normal practice, flagged for reference",1,"ID fills all 8 columns","Picea glauca (Moench) Voss",60,12205,1686,2006
"northamerica/canada/cana553.rwl","Normal practice, flagged for reference",1,"ID fills all 8 columns","Picea glauca (Moench) Voss",67,13381,1657,2007
"northamerica/canada/cana557.rwl","Normal practice, flagged for reference",1,"ID fills all 8 columns","Picea mariana (Mill.) Britton, Sterns, & Poggenb.",445,42756,1842,2013
"northamerica/canada/cana581.rwl","Normal practice, flagged for reference",1,"ID fills all 8 columns","Picea engelmannii Parry ex Engelm.",22,6629,1472,2011
"northamerica/canada/cana584.rwl","Normal practice, flagged for reference",1,"ID fills all 8 columns","Pseudotsuga menziesii (Mirb.) Franco",63,17279,1552,2004
"northamerica/canada/cana586.rwl","Normal practice, flagged for reference",1,"ID fills all 8 columns","Pinus flexilis E. James",32,7750,1009,2010
"northamerica/canada/cana587.rwl","Normal practice, flagged for reference",1,"blank inside series ID","Pinus ponderosa Douglas ex C. Lawson",39,5321,1811,2007
"northamerica/canada/cana590.rwl","Normal practice, flagged for reference",1,"interior year gap","Picea glauca (Moench) Voss",859,109555,1643,2013
"northamerica/canada/cana595b.rwl","Normal practice, flagged for reference",1,"ID fills all 8 columns","Picea glauca (Moench) Voss",17,3250,1746,1997
"northamerica/canada/cana6.rwl","Normal practice, flagged for reference",1,"ID fills all 8 columns","Picea mariana (Mill.) Britton, Sterns, & Poggenb.",17,3347,1705,1986
"northamerica/canada/cana600b.rwl","Normal practice, flagged for reference",1,"ID fills all 8 columns","Picea glauca (Moench) Voss",148,27623,914,2000
"northamerica/canada/cana601.rwl","Normal practice, flagged for reference",1,"ID fills all 8 columns","Picea glauca (Moench) Voss",41,8035,1639,2005
"northamerica/canada/cana601b.rwl","Normal practice, flagged for reference",1,"ID fills all 8 columns","Picea glauca (Moench) Voss",41,7994,1639,2004
"northamerica/canada/cana612.rwl","Normal practice, flagged for reference",1,"ID fills all 8 columns","Picea mariana (Mill.) Britton, Sterns, & Poggenb.",119,9693,1860,2014
"northamerica/canada/cana613.rwl","Normal practice, flagged for reference",1,"ID fills all 8 columns","Picea mariana (Mill.) Britton, Sterns, & Poggenb.",225,20810,1884,2014
"northamerica/canada/cana615.rwl","Normal practice, flagged for reference",1,"ID fills all 8 columns","Acer saccharum Marsh.",6,684,1885,2017
"northamerica/canada/cana616.rwl","Normal practice, flagged for reference",1,"ID fills all 8 columns","Acer saccharum Marsh.",13,1499,1848,2017
"northamerica/canada/cana617.rwl","Normal practice, flagged for reference",1,"ID fills all 8 columns","Acer saccharum Marsh.",13,1671,1845,2017
"northamerica/canada/cana618.rwl","Normal practice, flagged for reference",1,"ID fills all 8 columns","Acer saccharum Marsh.",12,1607,1843,2017
"northamerica/canada/cana619.rwl","Normal practice, flagged for reference",1,"ID fills all 8 columns","Acer saccharum Marsh.",7,878,1869,2017
"northamerica/canada/cana620.rwl","Normal practice, flagged for reference",1,"ID fills all 8 columns","Acer saccharum Marsh.",12,1888,1760,2017
"northamerica/canada/cana621.rwl","Normal practice, flagged for reference",1,"ID fills all 8 columns","Acer saccharum Marsh.",11,1162,1883,2017
"northamerica/canada/cana622.rwl","Normal practice, flagged for reference",1,"ID fills all 8 columns","Acer saccharum Marsh.",4,327,1932,2017
"northamerica/canada/cana623.rwl","Normal practice, flagged for reference",1,"ID fills all 8 columns","Acer saccharum Marsh.",6,717,1855,2017
"northamerica/canada/cana624.rwl","Normal practice, flagged for reference",1,"ID fills all 8 columns","Acer saccharum Marsh.",10,1349,1825,2017
"northamerica/canada/cana625.rwl","Normal practice, flagged for reference",1,"ID fills all 8 columns","Acer saccharum Marsh.",9,846,1902,2017
"northamerica/canada/cana626.rwl","Normal practice, flagged for reference",1,"ID fills all 8 columns","Acer saccharum Marsh.",8,858,1896,2017
"northamerica/canada/cana628.rwl","Normal practice, flagged for reference",1,"ID fills all 8 columns","Acer saccharum Marsh.",5,422,1920,2017
"northamerica/canada/cana629.rwl","Normal practice, flagged for reference",1,"ID fills all 8 columns","Acer saccharum Marsh.",6,578,1895,2017
"northamerica/canada/cana630.rwl","Normal practice, flagged for reference",1,"ID fills all 8 columns","Acer saccharum Marsh.",7,903,1853,2017
"northamerica/canada/cana631.rwl","Normal practice, flagged for reference",1,"ID fills all 8 columns","Acer saccharum Marsh.",10,1219,1886,2017
"northamerica/canada/cana632.rwl","Normal practice, flagged for reference",1,"ID fills all 8 columns","Acer saccharum Marsh.",8,841,1902,2017
"northamerica/canada/cana633.rwl","Normal practice, flagged for reference",1,"ID fills all 8 columns","Acer saccharum Marsh.",13,1725,1866,2017
"northamerica/canada/cana634.rwl","Normal practice, flagged for reference",1,"ID fills all 8 columns","Acer saccharum Marsh.",10,1154,1888,2017
"northamerica/canada/cana645.rwl","Normal practice, flagged for reference",1,"ID fills all 8 columns","Abies amabilis Douglas ex J. Forbes",28,6964,1631,2017
"northamerica/canada/cana646.rwl","Normal practice, flagged for reference",1,"ID fills all 8 columns","Tsuga mertensiana (Bong.) Carrière",22,6070,1682,2017
"northamerica/canada/cana651.rwl","Normal practice, flagged for reference",1,"ID fills all 8 columns","Picea mariana (Mill.) Britton, Sterns, & Poggenb.",647,56577,715,2017
"northamerica/canada/cana9.rwl","Normal practice, flagged for reference",1,"ID fills all 8 columns","Pseudotsuga menziesii (Mirb.) Franco",15,3150,1598,1995
"northamerica/mexico/mex142.rwl","Normal practice, flagged for reference",1,"ID fills all 8 columns","Taxodium mucronatum Ten.",46,3537,1770,2020
"northamerica/mexico/mexi021.rwl","Normal practice, flagged for reference",1,"ID fills all 8 columns","Pinus hartwegii Lindl.",79,16225,1553,1997
"northamerica/mexico/mexi022e.rwl","Normal practice, flagged for reference",1,"ID fills all 8 columns","Pseudotsuga menziesii (Mirb.) Franco",86,19163,1376,1993
"northamerica/mexico/mexi022l.rwl","Normal practice, flagged for reference",1,"ID fills all 8 columns","Pseudotsuga menziesii (Mirb.) Franco",77,16933,1376,1993
"northamerica/mexico/mexi023e.rwl","Normal practice, flagged for reference",1,"ID fills all 8 columns","Pseudotsuga menziesii (Mirb.) Franco",113,26619,1376,1993
"northamerica/mexico/mexi023l.rwl","Normal practice, flagged for reference",1,"ID fills all 8 columns","Pseudotsuga menziesii (Mirb.) Franco",109,24899,1376,1993
"northamerica/mexico/mexi027e.rwl","Normal practice, flagged for reference",1,"ID fills all 8 columns","Pseudotsuga menziesii (Mirb.) Franco",110,25487,1481,1993
"northamerica/mexico/mexi027l.rwl","Normal practice, flagged for reference",1,"ID fills all 8 columns","Pseudotsuga menziesii (Mirb.) Franco",101,21754,1481,1993
"northamerica/mexico/mexi031e.rwl","Normal practice, flagged for reference",1,"ID fills all 8 columns","Pseudotsuga menziesii (Mirb.) Franco",55,11215,1621,1993
"northamerica/mexico/mexi031l.rwl","Normal practice, flagged for reference",1,"ID fills all 8 columns","Pseudotsuga menziesii (Mirb.) Franco",55,11082,1621,1993
"northamerica/mexico/mexi032e.rwl","Normal practice, flagged for reference",1,"ID fills all 8 columns","Abies spp. Mill.",27,3600,1806,1993
"northamerica/mexico/mexi032l.rwl","Normal practice, flagged for reference",1,"ID fills all 8 columns","Abies spp. Mill.",23,3006,1806,1993
"northamerica/mexico/mexi080.rwl","Normal practice, flagged for reference",1,"interior year gap","Pseudotsuga menziesii (Mirb.) Franco",58,8228,1651,1993
"northamerica/mexico/mexi113.rwl","Normal practice, flagged for reference",1,"ID fills all 8 columns","Pinus arizonica Engelm.",18,1026,1916,2015
"northamerica/mexico/mexi114.rwl","Normal practice, flagged for reference",1,"ID fills all 8 columns","Pinus engelmannii Carr.",20,1017,1908,2015
"northamerica/mexico/mexi115.rwl","Normal practice, flagged for reference",1,"ID fills all 8 columns","Pinus leiophylla var. chihuahuana (Engelm.)",18,1013,1918,2015
"northamerica/usa/ak035.rwl","Normal practice, flagged for reference",1,"ID fills all 8 columns","Picea glauca (Moench) Voss",35,6375,1642,1997
"northamerica/usa/ak043.rwl","Normal practice, flagged for reference",1,"ID fills all 8 columns","Picea glauca (Moench) Voss",12,2242,1713,1997
"northamerica/usa/ak046.rwl","Normal practice, flagged for reference",1,"ID fills all 8 columns","Picea glauca (Moench) Voss",521,80951,978,1992
"northamerica/usa/ak048.rwl","Normal practice, flagged for reference",1,"ID fills all 8 columns","Picea glauca (Moench) Voss",76,10918,1725,2001
"northamerica/usa/ak049.rwl","Normal practice, flagged for reference",1,"ID fills all 8 columns","Picea glauca (Moench) Voss",99,12746,1715,2001
"northamerica/usa/ak051.rwl","Normal practice, flagged for reference",1,"ID fills all 8 columns","Picea glauca (Moench) Voss",39,4801,1828,2001
"northamerica/usa/ak052.rwl","Normal practice, flagged for reference",1,"ID fills all 8 columns","Picea glauca (Moench) Voss",186,22777,1730,2002
"northamerica/usa/ak053.rwl","Normal practice, flagged for reference",1,"ID fills all 8 columns","Picea glauca (Moench) Voss",153,16432,1715,2000
"northamerica/usa/ak054.rwl","Normal practice, flagged for reference",1,"ID fills all 8 columns","Picea glauca (Moench) Voss",111,12646,1735,2000
"northamerica/usa/ak056.rwl","Normal practice, flagged for reference",1,"ID fills all 8 columns","Picea glauca (Moench) Voss",111,12646,1735,2000
"northamerica/usa/ak072x.rwl","Normal practice, flagged for reference",1,"ID fills all 8 columns","Picea glauca (Moench) Voss",26,7025,1573,1998
"northamerica/usa/ak074.rwl","Normal practice, flagged for reference",1,"blank inside series ID","Picea glauca (Moench) Voss",37,10435,1471,1997
"northamerica/usa/ak074x.rwl","Normal practice, flagged for reference",1,"blank inside series ID","Picea glauca (Moench) Voss",28,7399,1540,1997
"northamerica/usa/ak075x.rwl","Normal practice, flagged for reference",1,"ID fills all 8 columns","Picea glauca (Moench) Voss",15,3949,1580,1998
"northamerica/usa/ak077.rwl","Normal practice, flagged for reference",1,"ID fills all 8 columns","Picea glauca (Moench) Voss",24,5665,1559,1996
"northamerica/usa/ak077x.rwl","Normal practice, flagged for reference",1,"ID fills all 8 columns","Picea glauca (Moench) Voss",19,4040,1558,1996
"northamerica/usa/ak078x.rwl","Normal practice, flagged for reference",1,"ID fills all 8 columns","Picea glauca (Moench) Voss",17,4308,1593,1997
"northamerica/usa/ak079.rwl","Normal practice, flagged for reference",1,"ID fills all 8 columns","Picea mariana (Mill.) Britton, Sterns, & Poggenb.",54,4601,1878,2005
"northamerica/usa/ak080.rwl","Normal practice, flagged for reference",1,"ID fills all 8 columns","Picea mariana (Mill.) Britton, Sterns, & Poggenb.",76,7511,1861,2003
"northamerica/usa/ak082.rwl","Normal practice, flagged for reference",1,"ID fills all 8 columns","Picea mariana (Mill.) Britton, Sterns, & Poggenb.",82,6898,1815,2001
"northamerica/usa/ak085.rwl","Normal practice, flagged for reference",1,"ID fills all 8 columns","Picea glauca (Moench) Voss",22,3053,1806,2005
"northamerica/usa/ak10.rwl","Normal practice, flagged for reference",1,"ID fills all 8 columns","Picea sitchensis (Bong.) Carrière",10,442,1934,1985
"northamerica/usa/ak104.rwl","Normal practice, flagged for reference",1,"ID fills all 8 columns","Picea glauca (Moench) Voss",122,33775,1303,2000
"northamerica/usa/ak108.rwl","Normal practice, flagged for reference",1,"ID fills all 8 columns","Picea sitchensis (Bong.) Carrière",43,8215,1731,1986
"northamerica/usa/ak109.rwl","Normal practice, flagged for reference",1,"ID fills all 8 columns","Picea glauca (Moench) Voss",31,6710,1524,1990
"northamerica/usa/ak11.rwl","Normal practice, flagged for reference",1,"ID fills all 8 columns","Picea sitchensis (Bong.) Carrière",14,649,1932,1985
"northamerica/usa/ak110.rwl","Normal practice, flagged for reference",1,"ID fills all 8 columns","Picea glauca (Moench) Voss",83,16881,980,1990
"northamerica/usa/ak111.rwl","Normal practice, flagged for reference",1,"ID fills all 8 columns","Picea glauca (Moench) Voss",51,11630,1556,1990
"northamerica/usa/ak113.rwl","Normal practice, flagged for reference",1,"ID fills all 8 columns","Picea glauca (Moench) Voss",294,88475,952,2000
"northamerica/usa/ak116x.rwl","Normal practice, flagged for reference",1,"ID fills all 8 columns","Picea glauca (Moench) Voss",84,21480,1540,1998
"northamerica/usa/ak117x.rwl","Normal practice, flagged for reference",1,"ID fills all 8 columns","Picea glauca (Moench) Voss",73,14309,1524,1990
"northamerica/usa/ak118.rwl","Normal practice, flagged for reference",1,"interior year gap","Chamaecyparis nootkatensis (D. Don) Spach",52,13084,1566,2009
"northamerica/usa/ak12.rwl","Normal practice, flagged for reference",1,"ID fills all 8 columns","Picea sitchensis (Bong.) Carrière",17,3433,1731,1985
"northamerica/usa/ak128.rwl","Normal practice, flagged for reference",1,"blank inside series ID","Tsuga mertensiana (Bong.) Carrière",75,17156,1562,2009
"northamerica/usa/ak13.rwl","Normal practice, flagged for reference",1,"ID fills all 8 columns","Picea sitchensis (Bong.) Carrière",18,2877,1785,1987
"northamerica/usa/ak132x.rwl","Normal practice, flagged for reference",1,"ID fills all 8 columns","Picea glauca (Moench) Voss",246,48642,1073,2002
"northamerica/usa/ak136.rwl","Normal practice, flagged for reference",1,"ID fills all 8 columns","Picea mariana (Mill.) Britton, Sterns, & Poggenb.",26,2840,1857,2012
"northamerica/usa/ak137.rwl","Normal practice, flagged for reference",1,"ID fills all 8 columns","Picea sitchensis (Bong.) Carrière",11,3462,1576,1995
"northamerica/usa/ak138.rwl","Normal practice, flagged for reference",1,"ID fills all 8 columns","Picea sitchensis (Bong.) Carrière",10,1435,1825,1996
"northamerica/usa/ak139.rwl","Normal practice, flagged for reference",1,"ID fills all 8 columns","Picea sitchensis (Bong.) Carrière",12,2292,1784,1996
"northamerica/usa/ak14.rwl","Normal practice, flagged for reference",1,"ID fills all 8 columns","Picea sitchensis (Bong.) Carrière",19,2401,1789,1986
"northamerica/usa/ak142.rwl","Normal practice, flagged for reference",1,"ID fills all 8 columns","Picea sitchensis (Bong.) Carrière",5,1471,1522,1996
"northamerica/usa/ak143.rwl","Normal practice, flagged for reference",1,"ID fills all 8 columns","Tsuga heterophylla (Raf.) Sarg.",9,3689,1453,1996
"northamerica/usa/ak146.rwl","Normal practice, flagged for reference",1,"ID fills all 8 columns","Picea sitchensis (Bong.) Carrière",6,1312,1526,1995
"northamerica/usa/ak147.rwl","Normal practice, flagged for reference",1,"ID fills all 8 columns","Tsuga heterophylla (Raf.) Sarg.",5,1139,1749,1996
"northamerica/usa/ak148.rwl","Normal practice, flagged for reference",1,"ID fills all 8 columns","Picea glauca (Moench) Voss",25,2373,1855,2012
"northamerica/usa/ak149.rwl","Normal practice, flagged for reference",1,"ID fills all 8 columns","Picea glauca (Moench) Voss",25,3823,1814,2012
"northamerica/usa/ak15.rwl","Normal practice, flagged for reference",1,"ID fills all 8 columns","Picea sitchensis (Bong.) Carrière",17,1710,1854,1985
"northamerica/usa/ak154.rwl","Normal practice, flagged for reference",1,"ID fills all 8 columns","Picea glauca (Moench) Voss",339,36127,1648,2013
"northamerica/usa/ak155.rwl","Normal practice, flagged for reference",1,"ID fills all 8 columns","Picea mariana (Mill.) Britton, Sterns, & Poggenb.",213,21468,1776,2013
"northamerica/usa/ak157.rwl","Normal practice, flagged for reference",1,"ID fills all 8 columns","Chamaecyparis nootkatensis (D. Don) Spach",10,2018,1700,2004
"northamerica/usa/ak16.rwl","Normal practice, flagged for reference",1,"ID fills all 8 columns","Picea sitchensis (Bong.) Carrière",15,2116,1729,1986
"northamerica/usa/ak17.rwl","Normal practice, flagged for reference",1,"ID fills all 8 columns","Picea sitchensis (Bong.) Carrière",18,3727,1721,1985
"northamerica/usa/ak173b.rwl","Normal practice, flagged for reference",1,"ID fills all 8 columns","Picea sitchensis (Bong.) Carrière",31,1401,1954,2016
"northamerica/usa/ak18.rwl","Normal practice, flagged for reference",1,"ID fills all 8 columns","Picea sitchensis (Bong.) Carrière",17,1795,1807,1986
"northamerica/usa/ak19.rwl","Normal practice, flagged for reference",1,"ID fills all 8 columns","Picea sitchensis (Bong.) Carrière",17,3959,1599,1985
"northamerica/usa/ak191.rwl","Normal practice, flagged for reference",1,"ID fills all 8 columns","Tsuga mertensiana (Bong.) Carrière",94,16668,1525,2004
"northamerica/usa/ak2.rwl","Normal practice, flagged for reference",1,"ID fills all 8 columns","Picea sitchensis (Bong.) Carrière",18,3157,1655,1985
"northamerica/usa/ak20.rwl","Normal practice, flagged for reference",1,"ID fills all 8 columns","Picea mariana (Mill.) Britton, Sterns, & Poggenb.",16,3286,1616,1986
"northamerica/usa/ak202.rwl","Normal practice, flagged for reference",1,"ID fills all 8 columns","Tsuga mertensiana (Bong.) Carrière",17,4756,1573,1992
"northamerica/usa/ak202bd.rwl","Normal practice, flagged for reference",1,"ID fills all 8 columns","Tsuga mertensiana (Bong.) Carrière",17,4720,1573,1992
"northamerica/usa/ak202be.rwl","Normal practice, flagged for reference",1,"ID fills all 8 columns","Tsuga mertensiana (Bong.) Carrière",17,4750,1573,1992
"northamerica/usa/ak202bl.rwl","Normal practice, flagged for reference",1,"ID fills all 8 columns","Tsuga mertensiana (Bong.) Carrière",17,4720,1573,1992
"northamerica/usa/ak203.rwl","Normal practice, flagged for reference",1,"ID fills all 8 columns","Tsuga mertensiana (Bong.) Carrière",18,3908,1636,1991
"northamerica/usa/ak203bd.rwl","Normal practice, flagged for reference",1,"ID fills all 8 columns","Tsuga mertensiana (Bong.) Carrière",18,3886,1636,1991
"northamerica/usa/ak203be.rwl","Normal practice, flagged for reference",1,"ID fills all 8 columns","Tsuga mertensiana (Bong.) Carrière",18,3900,1636,1991
"northamerica/usa/ak203bl.rwl","Normal practice, flagged for reference",1,"ID fills all 8 columns","Tsuga mertensiana (Bong.) Carrière",18,3886,1636,1991
"northamerica/usa/ak204bd.rwl","Normal practice, flagged for reference",1,"ID fills all 8 columns","Tsuga mertensiana (Bong.) Carrière",17,4035,1558,1998
"northamerica/usa/ak204be.rwl","Normal practice, flagged for reference",1,"ID fills all 8 columns","Tsuga mertensiana (Bong.) Carrière",17,4048,1558,1998
"northamerica/usa/ak204bl.rwl","Normal practice, flagged for reference",1,"ID fills all 8 columns","Tsuga mertensiana (Bong.) Carrière",17,4035,1558,1998
"northamerica/usa/ak205bd.rwl","Normal practice, flagged for reference",1,"ID fills all 8 columns","Tsuga mertensiana (Bong.) Carrière",15,5449,1485,1999
"northamerica/usa/ak205be.rwl","Normal practice, flagged for reference",1,"ID fills all 8 columns","Tsuga mertensiana (Bong.) Carrière",15,5451,1485,1999
"northamerica/usa/ak205bl.rwl","Normal practice, flagged for reference",1,"ID fills all 8 columns","Tsuga mertensiana (Bong.) Carrière",15,5449,1485,1999
"northamerica/usa/ak206bd.rwl","Normal practice, flagged for reference",1,"ID fills all 8 columns","Tsuga mertensiana (Bong.) Carrière",13,4210,1479,1995
"northamerica/usa/ak206be.rwl","Normal practice, flagged for reference",1,"ID fills all 8 columns","Tsuga mertensiana (Bong.) Carrière",13,4212,1479,1995
"northamerica/usa/ak206bl.rwl","Normal practice, flagged for reference",1,"ID fills all 8 columns","Tsuga mertensiana (Bong.) Carrière",13,4210,1479,1995
"northamerica/usa/ak207.rwl","Normal practice, flagged for reference",1,"ID fills all 8 columns","Tsuga mertensiana (Bong.) Carrière",10,2166,1713,2009
"northamerica/usa/ak207bd.rwl","Normal practice, flagged for reference",1,"ID fills all 8 columns","Tsuga mertensiana (Bong.) Carrière",10,2161,1713,2009
"northamerica/usa/ak207be.rwl","Normal practice, flagged for reference",1,"ID fills all 8 columns","Tsuga mertensiana (Bong.) Carrière",10,2166,1713,2009
"northamerica/usa/ak207bl.rwl","Normal practice, flagged for reference",1,"ID fills all 8 columns","Tsuga mertensiana (Bong.) Carrière",10,2161,1713,2009
"northamerica/usa/ak208.rwl","Normal practice, flagged for reference",1,"ID fills all 8 columns","Tsuga mertensiana (Bong.) Carrière",15,5085,1357,1990
"northamerica/usa/ak208bd.rwl","Normal practice, flagged for reference",1,"ID fills all 8 columns","Tsuga mertensiana (Bong.) Carrière",15,5059,1357,1990
"northamerica/usa/ak208be.rwl","Normal practice, flagged for reference",1,"ID fills all 8 columns","Tsuga mertensiana (Bong.) Carrière",15,5081,1357,1990
"northamerica/usa/ak208bl.rwl","Normal practice, flagged for reference",1,"ID fills all 8 columns","Tsuga mertensiana (Bong.) Carrière",15,5059,1357,1990
"northamerica/usa/ak209bd.rwl","Normal practice, flagged for reference",1,"ID fills all 8 columns","Tsuga mertensiana (Bong.) Carrière",17,3982,1610,2010
"northamerica/usa/ak209be.rwl","Normal practice, flagged for reference",1,"ID fills all 8 columns","Tsuga mertensiana (Bong.) Carrière",17,3982,1610,2010
"northamerica/usa/ak209bl.rwl","Normal practice, flagged for reference",1,"ID fills all 8 columns","Tsuga mertensiana (Bong.) Carrière",17,3982,1610,2010
"northamerica/usa/ak21.rwl","Normal practice, flagged for reference",1,"ID fills all 8 columns","Picea sitchensis (Bong.) Carrière",17,3677,1672,1985
"northamerica/usa/ak212.rwl","Normal practice, flagged for reference",1,"ID fills all 8 columns","Pinus sibirica Du Tour",26,7629,1525,2015
"northamerica/usa/ak213.rwl","Normal practice, flagged for reference",1,"interior year gap","Pinus sibirica Du Tour",61,6237,1741,2024
"northamerica/usa/ak215.rwl","Normal practice, flagged for reference",1,"ID fills all 8 columns","Tsuga heterophylla (Raf.) Sarg.",49,15121,1444,2016
"northamerica/usa/ak216.rwl","Normal practice, flagged for reference",1,"interior year gap","Thuja plicata Donn ex D. Don",24,5150,1621,2021
"northamerica/usa/ak217.rwl","Normal practice, flagged for reference",1,"ID fills all 8 columns","Thuja plicata Donn ex D. Don",60,18985,1130,2023
"northamerica/usa/ak218.rwl","Normal practice, flagged for reference",1,"ID fills all 8 columns","Chamaecyparis nootkatensis (D. Don) Spach",78,28988,1286,2023
"northamerica/usa/ak219.rwl","Normal practice, flagged for reference",1,"ID fills all 8 columns","Chamaecyparis nootkatensis (D. Don) Spach",76,20229,1263,2022
"northamerica/usa/ak22.rwl","Normal practice, flagged for reference",1,"ID fills all 8 columns","Picea sitchensis (Bong.) Carrière",17,2195,1828,1985
"northamerica/usa/ak222.rwl","Normal practice, flagged for reference",1,"ID fills all 8 columns","Tsuga mertensiana (Bong.) Carrière",78,24241,1317,2022
"northamerica/usa/ak223.rwl","Normal practice, flagged for reference",1,"ID fills all 8 columns","Tsuga mertensiana (Bong.) Carrière",38,9048,1656,2024
"northamerica/usa/ak23.rwl","Normal practice, flagged for reference",1,"ID fills all 8 columns","Picea sitchensis (Bong.) Carrière",14,2135,1824,1986
"northamerica/usa/ak24.rwl","Normal practice, flagged for reference",1,"ID fills all 8 columns","Picea sitchensis (Bong.) Carrière",13,2465,1758,1987
"northamerica/usa/ak3.rwl","Normal practice, flagged for reference",1,"ID fills all 8 columns","Picea sitchensis (Bong.) Carrière",14,1926,1807,1986
"northamerica/usa/ak4.rwl","Normal practice, flagged for reference",1,"ID fills all 8 columns","Picea sitchensis (Bong.) Carrière",6,506,1895,1986
"northamerica/usa/ak5.rwl","Normal practice, flagged for reference",1,"ID fills all 8 columns","Picea sitchensis (Bong.) Carrière",38,2829,1848,1987
"northamerica/usa/ak6.rwl","Normal practice, flagged for reference",1,"ID fills all 8 columns","Picea sitchensis (Bong.) Carrière",14,3322,1605,1985
"northamerica/usa/ak7.rwl","Normal practice, flagged for reference",1,"ID fills all 8 columns","Picea sitchensis (Bong.) Carrière",14,1723,1828,1986
"northamerica/usa/ak8.rwl","Normal practice, flagged for reference",1,"ID fills all 8 columns","Picea sitchensis (Bong.) Carrière",8,409,1923,1987
"northamerica/usa/ak9.rwl","Normal practice, flagged for reference",1,"ID fills all 8 columns","Picea sitchensis (Bong.) Carrière",18,1585,1885,1985
"northamerica/usa/ar076.rwl","Normal practice, flagged for reference",1,"ID fills all 8 columns","Pinus echinata Mill.",17,1120,1913,2009
"northamerica/usa/ar077.rwl","Normal practice, flagged for reference",1,"ID fills all 8 columns","Pinus echinata Mill.",23,1392,1941,2008
"northamerica/usa/ar078.rwl","Normal practice, flagged for reference",1,"ID fills all 8 columns","Pinus echinata Mill.",13,768,1946,2007
"northamerica/usa/ar079.rwl","Normal practice, flagged for reference",1,"ID fills all 8 columns","Pinus echinata Mill.",16,910,1943,2008
"northamerica/usa/ar080.rwl","Normal practice, flagged for reference",1,"ID fills all 8 columns","Pinus echinata Mill.",18,1048,1939,2007
"northamerica/usa/ar081.rwl","Normal practice, flagged for reference",1,"ID fills all 8 columns","Pinus echinata Mill.",28,2037,1887,2007
"northamerica/usa/ar082.rwl","Normal practice, flagged for reference",1,"ID fills all 8 columns","Pinus echinata Mill.",22,1710,1923,2007
"northamerica/usa/ar083.rwl","Normal practice, flagged for reference",1,"ID fills all 8 columns","Pinus echinata Mill.",47,2739,1905,2004
"northamerica/usa/az029.rwl","Normal practice, flagged for reference",1,"trailing text in field 11","Pinus edulis Engelm.",21,4662,1560,1966
"northamerica/usa/az510.rwl","Normal practice, flagged for reference",1,"ID fills all 8 columns","Pinus aristata Engelm.",30,18695,548,1983
"northamerica/usa/az550.rwl","Normal practice, flagged for reference",1,"ID fills all 8 columns","Pinus strobiformis Engelm.",101,19506,1249,1992
"northamerica/usa/az584.rwl","Normal practice, flagged for reference",1,"ID fills all 8 columns","Pseudotsuga menziesii (Mirb.) Franco",62,17473,1150,1998
"northamerica/usa/az589.rwl","Normal practice, flagged for reference",1,"ID fills all 8 columns","Pseudotsuga menziesii (Mirb.) Franco",342,97071,340,2008
"northamerica/usa/az594.rwl","Normal practice, flagged for reference",1,"ID fills all 8 columns","Pinus strobiformis Engelm.",112,29117,1249,2001
"northamerica/usa/az595.rwl","Normal practice, flagged for reference",1,"ID fills all 8 columns","Pinus arizonica Engelm.",40,3184,1833,2013
"northamerica/usa/az596.rwl","Normal practice, flagged for reference",1,"ID fills all 8 columns","Pinus ponderosa Douglas ex C. Lawson",40,2928,1862,2012
"northamerica/usa/az598.rwl","Normal practice, flagged for reference",1,"ID fills all 8 columns","Pinus ponderosa Douglas ex C. Lawson",66,4822,1814,2012
"northamerica/usa/az600.rwl","Normal practice, flagged for reference",1,"ID fills all 8 columns","Pinus arizonica Engelm.",14,1674,1833,2013
"northamerica/usa/az602.rwl","Normal practice, flagged for reference",1,"ID fills all 8 columns","Pinus ponderosa Douglas ex C. Lawson",25,1945,1907,2012
"northamerica/usa/az610.rwl","Normal practice, flagged for reference",1,"ID fills all 8 columns","Populus tremuloides Michx.",29,1839,1928,2016
"northamerica/usa/az611.rwl","Normal practice, flagged for reference",1,"ID fills all 8 columns","Populus tremuloides Michx.",26,2143,1882,2016
"northamerica/usa/az612.rwl","Normal practice, flagged for reference",1,"ID fills all 8 columns","Populus tremuloides Michx.",30,1466,1938,2016
"northamerica/usa/az613.rwl","Normal practice, flagged for reference",1,"ID fills all 8 columns","Pinus edulis Engelm.",17,1396,1930,2016
"northamerica/usa/az614.rwl","Normal practice, flagged for reference",1,"ID fills all 8 columns","Pinus edulis Engelm.",30,1948,1891,2016
"northamerica/usa/az616.rwl","Normal practice, flagged for reference",1,"ID fills all 8 columns","Pinus edulis Engelm.",30,2699,1881,2016
"northamerica/usa/az617.rwl","Normal practice, flagged for reference",1,"ID fills all 8 columns","Pinus ponderosa Douglas ex C. Lawson",580,44886,1767,2016
"northamerica/usa/az621.rwl","Normal practice, flagged for reference",1,"trailing text in field 11","Pinus ponderosa Douglas ex C. Lawson",19,5171,1601,2018
"northamerica/usa/az629bl.rwl","Normal practice, flagged for reference",1,"ID fills all 8 columns","Pinus engelmannii Carr.",18,1816,1807,1986
"northamerica/usa/ca650.rwl","Normal practice, flagged for reference",1,"interior year gap","Quercus douglasii Hook. and Arn.",17,2597,1649,2004
"northamerica/usa/ca680.rwl","Normal practice, flagged for reference",1,"ID fills all 8 columns","Calocedrus decurrens (Torr.) Florin = Libocedrus decurrens Torr.",26,5972,1581,2011
"northamerica/usa/ca686.rwl","Normal practice, flagged for reference",1,"ID fills all 8 columns","Platanus racemosa Nutt.",57,3607,1700,2010
"northamerica/usa/ca687.rwl","Normal practice, flagged for reference",1,"ID fills all 8 columns","Quercus lobata Née",44,5303,1697,2010
"northamerica/usa/ca691e.rwl","Normal practice, flagged for reference",1,"ID fills all 8 columns","Abies magnifica A. Murray",37,8263,1540,2015
"northamerica/usa/ca691l.rwl","Normal practice, flagged for reference",1,"ID fills all 8 columns","Abies magnifica A. Murray",40,8893,1540,2015
"northamerica/usa/ca692e.rwl","Normal practice, flagged for reference",1,"ID fills all 8 columns","Tsuga mertensiana (Bong.) Carrière",45,10886,1670,2014
"northamerica/usa/ca692l.rwl","Normal practice, flagged for reference",1,"ID fills all 8 columns","Tsuga mertensiana (Bong.) Carrière",45,10886,1670,2014
"northamerica/usa/ca694.rwl","Normal practice, flagged for reference",1,"ID fills all 8 columns","Pinus ponderosa Douglas ex C. Lawson",40,4303,1829,2014
"northamerica/usa/ca699.rwl","Normal practice, flagged for reference",1,"ID fills all 8 columns","Abies concolor (Gordon) Lindl. ex Hildebr.",111,8504,1892,2017
"northamerica/usa/ca700.rwl","Normal practice, flagged for reference",1,"ID fills all 8 columns","Calocedrus decurrens (Torr.) Florin = Libocedrus decurrens Torr.",75,7251,1811,2018
"northamerica/usa/ca701.rwl","Normal practice, flagged for reference",1,"ID fills all 8 columns","Pinus monophylla Torr. & Frém.",106,11492,1812,2016
"northamerica/usa/ca702.rwl","Normal practice, flagged for reference",1,"ID fills all 8 columns","Pinus ponderosa Douglas ex C. Lawson",83,7320,1800,2018
"northamerica/usa/ca723.rwl","Normal practice, flagged for reference",1,"ID fills all 8 columns","Sequoiadendron giganteum (Lindl.) Buchholz",66,26514,341,1992
"northamerica/usa/ca726.rwl","Normal practice, flagged for reference",1,"ID fills all 8 columns","Sequoiadendron giganteum (Lindl.) Buchholz",258,135185,-1372,2012
"northamerica/usa/ca730.rwl","Normal practice, flagged for reference",1,"ID fills all 8 columns","Quercus lobata Née",19,2279,1842,2016
"northamerica/usa/ca731.rwl","Normal practice, flagged for reference",1,"ID fills all 8 columns","Quercus lobata Née",17,2078,1871,2016
"northamerica/usa/ca733.rwl","Normal practice, flagged for reference",1,"ID fills all 8 columns","Quercus lobata Née",16,2254,1818,2016
"northamerica/usa/ca737.rwl","Normal practice, flagged for reference",1,"ID fills all 8 columns","Abies concolor (Gordon) Lindl. ex Hildebr.",63,4263,1919,2019
"northamerica/usa/ca738.rwl","Normal practice, flagged for reference",1,"ID fills all 8 columns","Calocedrus decurrens (Torr.) Florin = Libocedrus decurrens Torr.",61,5253,1864,2019
"northamerica/usa/ca739.rwl","Normal practice, flagged for reference",1,"ID fills all 8 columns","Pinus ponderosa Douglas ex C. Lawson",99,8248,1907,2019
"northamerica/usa/ca740.rwl","Normal practice, flagged for reference",1,"ID fills all 8 columns","Pseudotsuga menziesii (Mirb.) Franco",96,7190,1902,2019
"northamerica/usa/ca741.rwl","Normal practice, flagged for reference",1,"ID fills all 8 columns","Abies magnifica A. Murray",36,3615,1809,2022
"northamerica/usa/ca745bd.rwl","Normal practice, flagged for reference",1,"ID fills all 8 columns","Tsuga mertensiana (Bong.) Carrière",28,4138,1752,2021
"northamerica/usa/ca747bd.rwl","Normal practice, flagged for reference",1,"ID fills all 8 columns","Tsuga mertensiana (Bong.) Carrière",39,11785,1519,2020
"northamerica/usa/ca748bd.rwl","Normal practice, flagged for reference",1,"ID fills all 8 columns","Tsuga mertensiana (Bong.) Carrière",44,10135,1522,2020
"northamerica/usa/ca749.rwl","Normal practice, flagged for reference",1,"ID fills all 8 columns","Quercus kelloggii Newb.",40,3709,1864,2022
"northamerica/usa/co522.rwl","Normal practice, flagged for reference",1,"ID fills all 8 columns","Pinus aristata Engelm.",31,19657,525,1983
"northamerica/usa/co523.rwl","Normal practice, flagged for reference",1,"ID fills all 8 columns","Pinus aristata Engelm.",29,14228,1050,1985
"northamerica/usa/co524.rwl","Normal practice, flagged for reference",1,"ID fills all 8 columns","Pinus aristata Engelm.",40,23024,560,1983
"northamerica/usa/co525.rwl","Normal practice, flagged for reference",1,"ID fills all 8 columns","Pinus aristata Engelm.",38,18092,1048,1983
"northamerica/usa/co586e.rwl","Normal practice, flagged for reference",1,"ID fills all 8 columns","Picea engelmannii Parry ex Engelm.",22,7467,1297,1993
"northamerica/usa/co586l.rwl","Normal practice, flagged for reference",1,"ID fills all 8 columns","Picea engelmannii Parry ex Engelm.",22,7467,1297,1993
"northamerica/usa/co586n.rwl","Normal practice, flagged for reference",1,"ID fills all 8 columns","Picea engelmannii Parry ex Engelm.",22,7467,1297,1993
"northamerica/usa/co586x.rwl","Normal practice, flagged for reference",1,"ID fills all 8 columns","Picea engelmannii Parry ex Engelm.",22,7488,1296,1993
"northamerica/usa/co587.rwl","Normal practice, flagged for reference",1,"ID fills all 8 columns","Picea engelmannii Parry ex Engelm.",19,7214,1395,1992
"northamerica/usa/co667.rwl","Normal practice, flagged for reference",1,"trailing text in field 11","Pseudotsuga menziesii (Mirb.) Franco",55,27884,380,2004
"northamerica/usa/co673.rwl","Normal practice, flagged for reference",1,"trailing text in field 11","Pinus edulis Engelm.",66,20831,947,2004
"northamerica/usa/co674.rwl","Normal practice, flagged for reference",1,"trailing text in field 11","Pinus edulis Engelm.",52,18548,1291,2004
"northamerica/usa/co678.rwl","Normal practice, flagged for reference",1,"ID fills all 8 columns","Picea engelmannii Parry ex Engelm.",37,7614,1637,1983
"northamerica/usa/co680.rwl","Normal practice, flagged for reference",1,"ID fills all 8 columns","Picea engelmannii Parry ex Engelm.",73,15856,1614,1983
"northamerica/usa/co681.rwl","Normal practice, flagged for reference",1,"ID fills all 8 columns","Populus tremuloides Michx.",29,1888,1890,2016
"northamerica/usa/co682.rwl","Normal practice, flagged for reference",1,"ID fills all 8 columns","Populus tremuloides Michx.",24,1982,1847,2016
"northamerica/usa/co683.rwl","Normal practice, flagged for reference",1,"ID fills all 8 columns","Populus tremuloides Michx.",30,2170,1890,2016
"northamerica/usa/co684.rwl","Normal practice, flagged for reference",1,"ID fills all 8 columns","Populus tremuloides Michx.",30,1645,1890,2016
"northamerica/usa/co685.rwl","Normal practice, flagged for reference",1,"ID fills all 8 columns","Juniperus osteosperma (Torr.) Little",30,4663,1850,2016
"northamerica/usa/co686.rwl","Normal practice, flagged for reference",1,"ID fills all 8 columns","Pinus edulis Engelm.",30,3126,1890,2016
"northamerica/usa/co689.rwl","Normal practice, flagged for reference",1,"ID fills all 8 columns","Pinus ar",63,35399,-452,2012
"northamerica/usa/co690.rwl","Normal practice, flagged for reference",1,"ID fills all 8 columns","Pinus ar",50,20429,-260,2016
"northamerica/usa/co692.rwl","Normal practice, flagged for reference",1,"ID fills all 8 columns","Pinus edulis Engelm.",74,22152,1536,2018
"northamerica/usa/co692e.rwl","Normal practice, flagged for reference",1,"ID fills all 8 columns","Pinus edulis Engelm.",33,7680,1600,2018
"northamerica/usa/co693e.rwl","Normal practice, flagged for reference",1,"ID fills all 8 columns","Pinus edulis Engelm.",32,10301,1428,2018
"northamerica/usa/co699.rwl","Normal practice, flagged for reference",1,"ID fills all 8 columns","Pinus edulis Engelm.",22,6780,1443,2020
"northamerica/usa/fl001e.rwl","Normal practice, flagged for reference",1,"ID fills all 8 columns","Taxodium distichum (L.) Rich.",111,34980,899,1992
"northamerica/usa/fl001l.rwl","Normal practice, flagged for reference",1,"ID fills all 8 columns","Taxodium distichum (L.) Rich.",110,33757,899,1992
"northamerica/usa/fl014.rwl","Normal practice, flagged for reference",1,"ID fills all 8 columns","Pinus palustris Mill.",48,5676,1869,2020
"northamerica/usa/fl014e.rwl","Normal practice, flagged for reference",1,"ID fills all 8 columns","Pinus palustris Mill.",48,5676,1869,2020
"northamerica/usa/fl014l.rwl","Normal practice, flagged for reference",1,"ID fills all 8 columns","Pinus palustris Mill.",48,5671,1869,2020
"northamerica/usa/fl015e.rwl","Normal practice, flagged for reference",1,"ID fills all 8 columns","Pinus palustris Mill.",58,4717,1908,2017
"northamerica/usa/fl016.rwl","Normal practice, flagged for reference",1,"ID fills all 8 columns","Pinus palustris Mill.",54,3739,1925,2017
"northamerica/usa/fl016e.rwl","Normal practice, flagged for reference",1,"ID fills all 8 columns","Pinus palustris Mill.",53,3724,1925,2017
"northamerica/usa/fl016l.rwl","Normal practice, flagged for reference",1,"ID fills all 8 columns","Pinus palustris Mill.",53,3723,1925,2017
"northamerica/usa/fl017.rwl","Normal practice, flagged for reference",1,"ID fills all 8 columns","Pinus palustris Mill.",60,4061,1936,2017
"northamerica/usa/fl017e.rwl","Normal practice, flagged for reference",1,"ID fills all 8 columns","Pinus palustris Mill.",60,4061,1936,2017
"northamerica/usa/fl017l.rwl","Normal practice, flagged for reference",1,"ID fills all 8 columns","Pinus palustris Mill.",60,4038,1936,2017
"northamerica/usa/fl018.rwl","Normal practice, flagged for reference",1,"ID fills all 8 columns","Pinus palustris Mill.",32,2451,1917,2017
"northamerica/usa/fl018e.rwl","Normal practice, flagged for reference",1,"ID fills all 8 columns","Pinus palustris Mill.",32,2451,1917,2017
"northamerica/usa/fl018l.rwl","Normal practice, flagged for reference",1,"ID fills all 8 columns","Pinus palustris Mill.",32,2440,1917,2017
"northamerica/usa/fl019.rwl","Normal practice, flagged for reference",1,"ID fills all 8 columns","Pinus palustris Mill.",60,5169,1921,2017
"northamerica/usa/fl019e.rwl","Normal practice, flagged for reference",1,"ID fills all 8 columns","Pinus palustris Mill.",60,5169,1921,2017
"northamerica/usa/fl019l.rwl","Normal practice, flagged for reference",1,"ID fills all 8 columns","Pinus palustris Mill.",60,5123,1921,2017
"northamerica/usa/fl020.rwl","Normal practice, flagged for reference",1,"ID fills all 8 columns","Pinus palustris Mill.",60,5067,1902,2017
"northamerica/usa/fl020e.rwl","Normal practice, flagged for reference",1,"ID fills all 8 columns","Pinus palustris Mill.",60,5067,1902,2017
"northamerica/usa/fl020l.rwl","Normal practice, flagged for reference",1,"ID fills all 8 columns","Pinus palustris Mill.",60,5039,1902,2017
"northamerica/usa/fl021.rwl","Normal practice, flagged for reference",1,"ID fills all 8 columns","Pinus palustris Mill.",56,4483,1809,2017
"northamerica/usa/fl021e.rwl","Normal practice, flagged for reference",1,"ID fills all 8 columns","Pinus palustris Mill.",56,4483,1809,2017
"northamerica/usa/fl021l.rwl","Normal practice, flagged for reference",1,"ID fills all 8 columns","Pinus palustris Mill.",56,4470,1809,2017
"northamerica/usa/ga001.rwl","Normal practice, flagged for reference",1,"ID fills all 8 columns","Pinus echinata Mill.",77,7444,1821,1986
"northamerica/usa/ga001e.rwl","Normal practice, flagged for reference",1,"ID fills all 8 columns","Pinus echinata Mill.",77,7471,1821,1987
"northamerica/usa/ga001l.rwl","Normal practice, flagged for reference",1,"ID fills all 8 columns","Pinus echinata Mill.",77,7395,1821,1986
"northamerica/usa/ga011.rwl","Normal practice, flagged for reference",1,"interior year gap","Liriodendron tulipifera L.",45,11747,1537,2009
"northamerica/usa/id013e.rwl","Normal practice, flagged for reference",1,"ID fills all 8 columns","Picea engelmannii Parry ex Engelm.",18,5624,1489,1997
"northamerica/usa/id013l.rwl","Normal practice, flagged for reference",1,"ID fills all 8 columns","Picea engelmannii Parry ex Engelm.",18,5624,1489,1997
"northamerica/usa/id013n.rwl","Normal practice, flagged for reference",1,"ID fills all 8 columns","Picea engelmannii Parry ex Engelm.",18,5624,1489,1997
"northamerica/usa/id013x.rwl","Normal practice, flagged for reference",1,"ID fills all 8 columns","Picea engelmannii Parry ex Engelm.",18,5641,1488,1997
"northamerica/usa/id015.rwl","Normal practice, flagged for reference",1,"ID fills all 8 columns","Pinus ponderosa Douglas ex C. Lawson",34,7969,1488,2011
"northamerica/usa/id038bl.rwl","Normal practice, flagged for reference",1,"ID fills all 8 columns","Pinus engelmannii Carr.",42,5925,1705,2019
"northamerica/usa/id039bl.rwl","Normal practice, flagged for reference",1,"ID fills all 8 columns","Pinus engelmannii Carr.",55,13842,1687,2019
"northamerica/usa/id040bl.rwl","Normal practice, flagged for reference",1,"ID fills all 8 columns","Pinus engelmannii Carr.",11,1256,1868,2019
"northamerica/usa/il033.rwl","Normal practice, flagged for reference",1,"ID fills all 8 columns","Quercus alba L.",23,3123,1851,2011
"northamerica/usa/in002.rwl","Normal practice, flagged for reference",1,"blank inside series ID","Quercus velutina Lam.",40,2934,1907,2004
"northamerica/usa/in025.rwl","Normal practice, flagged for reference",1,"ID fills all 8 columns","Liriodendron tulipifera L.",20,1301,1928,2015
"northamerica/usa/in026.rwl","Normal practice, flagged for reference",1,"ID fills all 8 columns","Quercus alba L.",21,1445,1907,2015
"northamerica/usa/md007e.rwl","Normal practice, flagged for reference",1,"blank inside series ID","Quercus alba L.",20,1952,1836,1978
"northamerica/usa/md007l.rwl","Normal practice, flagged for reference",1,"blank inside series ID","Quercus alba L.",20,1952,1836,1978
"northamerica/usa/md008.rwl","Normal practice, flagged for reference",1,"blank inside series ID","Quercus stellata Wangenh.",38,4061,1804,1977
"northamerica/usa/me036.rwl","Normal practice, flagged for reference",1,"blank inside series ID","Picea rubens Sarg.",46,4824,1879,2013
"northamerica/usa/me043.rwl","Normal practice, flagged for reference",1,"ID fills all 8 columns","Tsuga canadensis (L.) Carr.",40,3841,1885,2012
"northamerica/usa/mi023.rwl","Normal practice, flagged for reference",1,"ID fills all 8 columns","Tsuga canadensis (L.) Carr.",39,7958,1693,2015
"northamerica/usa/mi024.rwl","Normal practice, flagged for reference",1,"ID fills all 8 columns","Tsuga canadensis (L.) Carr.",86,13717,1747,2015
"northamerica/usa/mi025.rwl","Normal practice, flagged for reference",1,"ID fills all 8 columns","Tsuga canadensis (L.) Carr.",140,21476,1777,2015
"northamerica/usa/mi026.rwl","Normal practice, flagged for reference",1,"blank inside series ID","Acer rubrum L.",9,724,1919,2016
"northamerica/usa/mi028.rwl","Normal practice, flagged for reference",1,"blank inside series ID","Quercus rubra L.",7,615,1913,2016
"northamerica/usa/mo079.rwl","Normal practice, flagged for reference",1,"ID fills all 8 columns","Acer saccharum Marsh.",15,1525,1894,2015
"northamerica/usa/mo080.rwl","Normal practice, flagged for reference",1,"ID fills all 8 columns","Quercus alba L.",20,1845,1907,2015
"northamerica/usa/mt110.rwl","Normal practice, flagged for reference",1,"ID fills all 8 columns","Pseudotsuga menziesii (Mirb.) Franco",36,10484,819,2000
"northamerica/usa/mt111.rwl","Normal practice, flagged for reference",1,"ID fills all 8 columns","Pinus flexilis E. James",65,19660,500,2000
"northamerica/usa/mt115e.rwl","Normal practice, flagged for reference",1,"ID fills all 8 columns","Larix lyallii Parl.",14,3005,1435,1997
"northamerica/usa/mt115l.rwl","Normal practice, flagged for reference",1,"ID fills all 8 columns","Larix lyallii Parl.",14,3005,1435,1997
"northamerica/usa/mt115n.rwl","Normal practice, flagged for reference",1,"ID fills all 8 columns","Larix lyallii Parl.",14,3005,1435,1997
"northamerica/usa/mt115x.rwl","Normal practice, flagged for reference",1,"ID fills all 8 columns","Larix lyallii Parl.",14,3019,1434,1997
"northamerica/usa/mt117.rwl","Normal practice, flagged for reference",1,"blank inside series ID","Abies lasiocarpa (Hook.) Nutt.",80,8100,1766,2006
"northamerica/usa/mt122.rwl","Normal practice, flagged for reference",1,"ID fills all 8 columns","Pseudotsuga menziesii (Mirb.) Franco",65,24454,1163,2002
"northamerica/usa/mt124.rwl","Normal practice, flagged for reference",1,"ID fills all 8 columns","Pseudotsuga menziesii (Mirb.) Franco",46,12028,1509,2001
"northamerica/usa/mt127.rwl","Normal practice, flagged for reference",1,"ID fills all 8 columns","Juniperus scopulorum Sarg.",103,24094,-413,2008
"northamerica/usa/mt153.rwl","Normal practice, flagged for reference",1,"ID fills all 8 columns","Juniperus occidentalis Hook.",196,45676,-413,2008
"northamerica/usa/mt176.rwl","Normal practice, flagged for reference",1,"trailing text in field 11","Larix lyallii Parl.",42,12669,1596,2006
"northamerica/usa/mt177.rwl","Normal practice, flagged for reference",1,"ID fills all 8 columns","Pseudotsuga menziesii (Mirb.) Franco",65,15997,819,2018
"northamerica/usa/mt177e.rwl","Normal practice, flagged for reference",1,"ID fills all 8 columns","Pseudotsuga menziesii (Mirb.) Franco",31,5864,1719,2018
"northamerica/usa/mt177l.rwl","Normal practice, flagged for reference",1,"ID fills all 8 columns","Pseudotsuga menziesii (Mirb.) Franco",31,5864,1719,2018
"northamerica/usa/mt178.rwl","Normal practice, flagged for reference",1,"ID fills all 8 columns","Larix lyallii Parl.",64,25918,1248,2018
"northamerica/usa/mt178e.rwl","Normal practice, flagged for reference",1,"ID fills all 8 columns","Larix lyallii Parl.",34,12652,1504,2018
"northamerica/usa/mt178l.rwl","Normal practice, flagged for reference",1,"ID fills all 8 columns","Larix lyallii Parl.",34,12652,1504,2018
"northamerica/usa/mt179.rwl","Normal practice, flagged for reference",1,"ID fills all 8 columns","Pinus engelmannii Carr.",23,2462,1875,2000
"northamerica/usa/mt179bl.rwl","Normal practice, flagged for reference",1,"ID fills all 8 columns","Pinus engelmannii Carr.",23,2462,1875,2000
"northamerica/usa/nc031e.rwl","Normal practice, flagged for reference",1,"ID fills all 8 columns","Pinus palustris Mill.",75,9121,1690,2018
"northamerica/usa/nc031l.rwl","Normal practice, flagged for reference",1,"ID fills all 8 columns","Pinus palustris Mill.",75,9120,1690,2018
"northamerica/usa/nc032.rwl","Normal practice, flagged for reference",1,"ID fills all 8 columns","Pinus palustris Mill.",42,5393,1649,2017
"northamerica/usa/nc4.rwl","Normal practice, flagged for reference",1,"ID fills all 8 columns","Tsuga canadensis (L.) Carr.",32,7275,1660,1992
"northamerica/usa/nc5.rwl","Normal practice, flagged for reference",1,"ID fills all 8 columns","Tsuga caroliniana Engelm.",35,5128,1713,1993
"northamerica/usa/nc6.rwl","Normal practice, flagged for reference",1,"ID fills all 8 columns","Pinus taeda L.",35,2621,1891,1994
"northamerica/usa/nc7.rwl","Normal practice, flagged for reference",1,"ID fills all 8 columns","Pinus palustris Mill.",31,2391,1893,1992
"northamerica/usa/nc8.rwl","Normal practice, flagged for reference",1,"ID fills all 8 columns","Pinus echinata Mill.",33,2673,1879,1992
"northamerica/usa/nd009.rwl","Normal practice, flagged for reference",1,"ID fills all 8 columns","Quercus macrocarpa Michx.",21,2256,1854,2010
"northamerica/usa/nd012.rwl","Normal practice, flagged for reference",1,"ID fills all 8 columns","Quercus macrocarpa Michx.",26,2835,1870,2010
"northamerica/usa/nj001.rwl","Normal practice, flagged for reference",1,"blank inside series ID","Quercus alba L.",41,9276,1620,1982
"northamerica/usa/nj002.rwl","Normal practice, flagged for reference",1,"blank inside series ID","Quercus alba L.",39,8641,1674,1982
"northamerica/usa/nm537n.rwl","Normal practice, flagged for reference",1,"interior year gap","Pseudotsuga menziesii (Mirb.) Franco",13,2081,1570,1978
"northamerica/usa/nm579e.rwl","Normal practice, flagged for reference",1,"ID fills all 8 columns","Pseudotsuga menziesii (Mirb.) Franco",47,12317,1627,1993
"northamerica/usa/nm579l.rwl","Normal practice, flagged for reference",1,"ID fills all 8 columns","Pseudotsuga menziesii (Mirb.) Franco",47,12317,1627,1993
"northamerica/usa/nm588.rwl","Normal practice, flagged for reference",1,"ID fills all 8 columns","Pinus ponderosa Douglas ex C. Lawson",115,24219,620,2011
"northamerica/usa/nm589.rwl","Normal practice, flagged for reference",1,"ID fills all 8 columns","Pinus ponderosa Douglas ex C. Lawson",56,10285,842,2010
"northamerica/usa/nm620.rwl","Normal practice, flagged for reference",1,"ID fills all 8 columns","Populus tremuloides Michx.",30,1499,1930,2016
"northamerica/usa/nm621.rwl","Normal practice, flagged for reference",1,"ID fills all 8 columns","Populus tremuloides Michx.",30,1427,1961,2016
"northamerica/usa/nm622.rwl","Normal practice, flagged for reference",1,"ID fills all 8 columns","Juniperus osteosperma (Torr.) Little",23,3053,1850,2016
"northamerica/usa/nm623.rwl","Normal practice, flagged for reference",1,"ID fills all 8 columns","Pinus edulis Engelm.",26,2982,1850,2016
"northamerica/usa/nm624.rwl","Normal practice, flagged for reference",1,"ID fills all 8 columns","Pinus edulis Engelm.",30,1983,1927,2016
"northamerica/usa/nm625.rwl","Normal practice, flagged for reference",1,"ID fills all 8 columns","Pinus edulis Engelm.",27,3033,1850,2016
"northamerica/usa/nm626.rwl","Normal practice, flagged for reference",1,"ID fills all 8 columns","Juniperus scopulorum Sarg.",11,1543,1850,2016
"northamerica/usa/nm627.rwl","Normal practice, flagged for reference",1,"ID fills all 8 columns","Pinus aristata Engelm.",40,6838,1590,2017
"northamerica/usa/nm629bl.rwl","Normal practice, flagged for reference",1,"ID fills all 8 columns","Pinus engelmannii Carr.",26,3103,1768,2018
"northamerica/usa/nm630.rwl","Normal practice, flagged for reference",1,"ID fills all 8 columns","Pinus engelmannii Carr.",41,10066,1551,2018
"northamerica/usa/nm630bl.rwl","Normal practice, flagged for reference",1,"ID fills all 8 columns","Pinus engelmannii Carr.",38,9739,1551,2018
"northamerica/usa/nm631bl.rwl","Normal practice, flagged for reference",1,"ID fills all 8 columns","Pinus engelmannii Carr.",25,5306,1534,2015
"northamerica/usa/nm632bl.rwl","Normal practice, flagged for reference",1,"ID fills all 8 columns","Pinus engelmannii Carr.",27,5896,1637,2014
"northamerica/usa/nm633bl.rwl","Normal practice, flagged for reference",1,"ID fills all 8 columns","Pinus engelmannii Carr.",26,5233,1667,2015
"northamerica/usa/nv513.rwl","Normal practice, flagged for reference",1,"ID fills all 8 columns","Pinus longaeva D.K. Bailey = Pinus aristata var. longaeva",50,27721,825,1983
"northamerica/usa/nv514.rwl","Normal practice, flagged for reference",1,"ID fills all 8 columns","Pinus longaeva D.K. Bailey = Pinus aristata var. longaeva",19,14789,302,1985
"northamerica/usa/nv522.rwl","Normal practice, flagged for reference",1,"ID fills all 8 columns","Pinus ponderosa Douglas ex C. Lawson",37,14479,1407,2019
"northamerica/usa/nv522e.rwl","Normal practice, flagged for reference",1,"ID fills all 8 columns","Pinus ponderosa Douglas ex C. Lawson",37,14479,1407,2019
"northamerica/usa/nv528bd.rwl","Normal practice, flagged for reference",1,"ID fills all 8 columns","Tsuga mertensiana (Bong.) Carrière",27,10012,1384,1999
"northamerica/usa/ny049.rwl","Normal practice, flagged for reference",1,"ID fills all 8 columns","Pinus rigida Mill.",46,6139,1616,2012
"northamerica/usa/oh019.rwl","Normal practice, flagged for reference",1,"ID fills all 8 columns","Larix decidua Mill.",119,11343,1915,2019
"northamerica/usa/oh025.rwl","Normal practice, flagged for reference",1,"ID fills all 8 columns","Quercus alba L.",54,8925,1665,2017
"northamerica/usa/ok007e.rwl","Normal practice, flagged for reference",1,"ID fills all 8 columns","Quercus stellata Wangenh.",38,4452,1760,1995
"northamerica/usa/ok007l.rwl","Normal practice, flagged for reference",1,"ID fills all 8 columns","Quercus stellata Wangenh.",38,4452,1760,1995
"northamerica/usa/ok022l.rwl","Normal practice, flagged for reference",1,"ID fills all 8 columns","Quercus stellata Wangenh.",83,14818,1698,1995
"northamerica/usa/ok025e.rwl","Normal practice, flagged for reference",1,"ID fills all 8 columns","Quercus stellata Wangenh.",74,11538,1691,1996
"northamerica/usa/ok025l.rwl","Normal practice, flagged for reference",1,"ID fills all 8 columns","Quercus stellata Wangenh.",74,11431,1691,1995
"northamerica/usa/ok035.rwl","Normal practice, flagged for reference",1,"ID fills all 8 columns","Quercus stellata Wangenh.",99,18029,1691,2008
"northamerica/usa/ok036.rwl","Normal practice, flagged for reference",1,"ID fills all 8 columns","Pinus echinata Mill.",14,521,1969,2009
"northamerica/usa/ok037.rwl","Normal practice, flagged for reference",1,"ID fills all 8 columns","Pinus echinata Mill.",16,884,1943,2009
"northamerica/usa/ok041.rwl","Normal practice, flagged for reference",1,"ID fills all 8 columns","Quercus palustris Muenchh.",30,1206,1939,2013
"northamerica/usa/ok042.rwl","Normal practice, flagged for reference",1,"ID fills all 8 columns","Quercus palustris Muenchh.",17,835,1950,2013
"northamerica/usa/ok049.rwl","Normal practice, flagged for reference",1,"interior year gap","Pinus echinata Mill.",443,43623,1744,2020
"northamerica/usa/ok049l.rwl","Normal practice, flagged for reference",1,"interior year gap","Pinus echinata Mill.",446,43946,1744,2020
"northamerica/usa/or048.rwl","Normal practice, flagged for reference",1,"ID fills all 8 columns","Pinus ponderosa Douglas ex C. Lawson",29,10548,1476,1993
"northamerica/usa/or049.rwl","Normal practice, flagged for reference",1,"ID fills all 8 columns","Pinus ponderosa Douglas ex C. Lawson",24,9840,1334,1993
"northamerica/usa/or073.rwl","Normal practice, flagged for reference",1,"ID fills all 8 columns","Tsuga mertensiana (Bong.) Carrière",16,4020,1576,1992
"northamerica/usa/or074.rwl","Normal practice, flagged for reference",1,"ID fills all 8 columns","Tsuga mertensiana (Bong.) Carrière",20,3910,1690,1992
"northamerica/usa/or075.rwl","Normal practice, flagged for reference",1,"ID fills all 8 columns","Tsuga mertensiana (Bong.) Carrière",19,2678,1850,1992
"northamerica/usa/or076.rwl","Normal practice, flagged for reference",1,"ID fills all 8 columns","Tsuga mertensiana (Bong.) Carrière",20,4702,1597,1992
"northamerica/usa/or077.rwl","Normal practice, flagged for reference",1,"ID fills all 8 columns","Tsuga mertensiana (Bong.) Carrière",19,4721,1687,1992
"northamerica/usa/or078.rwl","Normal practice, flagged for reference",1,"ID fills all 8 columns","Tsuga mertensiana (Bong.) Carrière",20,5568,1607,1992
"northamerica/usa/or081.rwl","Normal practice, flagged for reference",1,"ID fills all 8 columns","Chamaecyparis lawsoniana (A. Murray bis) Parl.",65,13506,1420,2000
"northamerica/usa/or082.rwl","Normal practice, flagged for reference",1,"ID fills all 8 columns","Pinus albicaulis Engelm.",49,5204,1740,2002
"northamerica/usa/or083.rwl","Normal practice, flagged for reference",1,"ID fills all 8 columns","Pinus contorta Douglas ex Loudon",43,2327,1892,2002
"northamerica/usa/or084.rwl","Normal practice, flagged for reference",1,"ID fills all 8 columns","Abies lasiocarpa (Hook.) Nutt.",30,1756,1865,2002
"northamerica/usa/or088.rwl","Normal practice, flagged for reference",1,"ID fills all 8 columns","Tsuga mertensiana (Bong.) Carrière",36,14859,1188,1990
"northamerica/usa/or096.rwl","Normal practice, flagged for reference",1,"ID fills all 8 columns","Pseudotsuga menziesii (Mirb.) Franco",27,2609,1838,2013
"northamerica/usa/or096e.rwl","Normal practice, flagged for reference",1,"ID fills all 8 columns","Pseudotsuga menziesii (Mirb.) Franco",27,2609,1838,2013
"northamerica/usa/or096l.rwl","Normal practice, flagged for reference",1,"ID fills all 8 columns","Pseudotsuga menziesii (Mirb.) Franco",27,2609,1838,2013
"northamerica/usa/or097.rwl","Normal practice, flagged for reference",1,"ID fills all 8 columns","Tsuga mertensiana (Bong.) Carrière",33,3662,1837,2013
"northamerica/usa/or097e.rwl","Normal practice, flagged for reference",1,"ID fills all 8 columns","Tsuga mertensiana (Bong.) Carrière",33,3662,1837,2013
"northamerica/usa/or097l.rwl","Normal practice, flagged for reference",1,"ID fills all 8 columns","Tsuga mertensiana (Bong.) Carrière",33,3662,1837,2013
"northamerica/usa/or111.rwl","Normal practice, flagged for reference",1,"ID fills all 8 columns","Pseudotsuga menziesii (Mirb.) Franco",27,6285,1618,2006
"northamerica/usa/or116.rwl","Normal practice, flagged for reference",1,"ID fills all 8 columns","Pseudotsuga menziesii (Mirb.) Franco",61,14873,1632,2011
"northamerica/usa/or132bd.rwl","Normal practice, flagged for reference",1,"ID fills all 8 columns","Tsuga mertensiana (Bong.) Carrière",57,21763,1397,2014
"northamerica/usa/or133bl.rwl","Normal practice, flagged for reference",1,"ID fills all 8 columns","Pinus engelmannii Carr.",17,1453,1899,2019
"northamerica/usa/or134bl.rwl","Normal practice, flagged for reference",1,"ID fills all 8 columns","Pinus engelmannii Carr.",22,2141,1881,2019
"northamerica/usa/or135bl.rwl","Normal practice, flagged for reference",1,"ID fills all 8 columns","Tsuga mertensiana (Bong.) Carrière",27,7017,1552,2019
"northamerica/usa/or136.rwl","Normal practice, flagged for reference",1,"ID fills all 8 columns","Tsuga mertensiana (Bong.) Carrière",22,4249,1771,2019
"northamerica/usa/or136bl.rwl","Normal practice, flagged for reference",1,"ID fills all 8 columns","Tsuga mertensiana (Bong.) Carrière",25,5058,1771,2019
"northamerica/usa/pa020.rwl","Normal practice, flagged for reference",1,"ID fills all 8 columns","Acer saccharum Marsh.",40,3833,1907,2015
"northamerica/usa/tx009e.rwl","Normal practice, flagged for reference",1,"ID fills all 8 columns","Quercus stellata Wangenh.",79,11524,1681,1995
"northamerica/usa/tx009l.rwl","Normal practice, flagged for reference",1,"ID fills all 8 columns","Quercus stellata Wangenh.",79,11580,1681,1995
"northamerica/usa/tx018e.rwl","Normal practice, flagged for reference",1,"ID fills all 8 columns","Quercus stellata Wangenh.",72,12486,1668,1995
"northamerica/usa/tx018l.rwl","Normal practice, flagged for reference",1,"ID fills all 8 columns","Quercus stellata Wangenh.",72,12770,1668,1995
"northamerica/usa/tx027e.rwl","Normal practice, flagged for reference",1,"ID fills all 8 columns","Quercus stellata Wangenh.",70,11088,1677,1995
"northamerica/usa/tx027l.rwl","Normal practice, flagged for reference",1,"ID fills all 8 columns","Quercus stellata Wangenh.",76,11761,1677,1995
"northamerica/usa/tx033e.rwl","Normal practice, flagged for reference",1,"ID fills all 8 columns","Quercus stellata Wangenh.",66,11222,1668,1995
"northamerica/usa/tx033l.rwl","Normal practice, flagged for reference",1,"ID fills all 8 columns","Quercus stellata Wangenh.",70,11434,1668,1995
"northamerica/usa/tx039e.rwl","Normal practice, flagged for reference",1,"ID fills all 8 columns","Quercus stellata Wangenh.",58,10008,1682,1995
"northamerica/usa/tx039l.rwl","Normal practice, flagged for reference",1,"ID fills all 8 columns","Quercus stellata Wangenh.",62,10965,1682,1995
"northamerica/usa/tx046e.rwl","Normal practice, flagged for reference",1,"ID fills all 8 columns","Pseudotsuga menziesii (Mirb.) Franco",33,7875,1537,1992
"northamerica/usa/tx046l.rwl","Normal practice, flagged for reference",1,"ID fills all 8 columns","Pseudotsuga menziesii (Mirb.) Franco",33,7887,1537,1992
"northamerica/usa/ut508.rwl","Normal practice, flagged for reference",1,"ID fills all 8 columns","Pinus longaeva D.K. Bailey = Pinus aristata var. longaeva",37,27958,286,1985
"northamerica/usa/ut509.rwl","Normal practice, flagged for reference",1,"ID fills all 8 columns","Pinus longaeva D.K. Bailey = Pinus aristata var. longaeva",49,36307,0,1989
"northamerica/usa/ut545.rwl","Normal practice, flagged for reference",1,"ID fills all 8 columns","Abies bifolia A.Murray",42,4458,1802,2019
"northamerica/usa/ut546.rwl","Normal practice, flagged for reference",1,"ID fills all 8 columns","Picea engelmannii Parry ex Engelm.",26,3158,1688,2019
"northamerica/usa/ut548.rwl","Normal practice, flagged for reference",1,"ID fills all 8 columns","Pseudotsuga menziesii (Mirb.) Franco",27,5570,1395,2019
"northamerica/usa/ut557.rwl","Normal practice, flagged for reference",1,"ID fills all 8 columns","Populus tremuloides Michx.",33,2653,1890,2016
"northamerica/usa/ut558.rwl","Normal practice, flagged for reference",1,"ID fills all 8 columns","Populus tremuloides Michx.",30,2600,1911,2017
"northamerica/usa/ut559.rwl","Normal practice, flagged for reference",1,"ID fills all 8 columns","Pinus edulis Engelm.",26,2555,1890,2016
"northamerica/usa/ut560.rwl","Normal practice, flagged for reference",1,"ID fills all 8 columns","Pinus edulis Engelm.",31,4844,1745,2016
"northamerica/usa/ut561.rwl","Normal practice, flagged for reference",1,"ID fills all 8 columns","Juniperus osteosperma (Torr.) Little",27,4871,1792,2016
"northamerica/usa/ut576.rwl","Normal practice, flagged for reference",1,"ID fills all 8 columns","Picea pungens Engelm.",33,9486,1564,2019
"northamerica/usa/ut577bl.rwl","Normal practice, flagged for reference",1,"ID fills all 8 columns","Pinus engelmannii Carr.",39,5098,1797,2016
"northamerica/usa/ut578bl.rwl","Normal practice, flagged for reference",1,"ID fills all 8 columns","Pinus engelmannii Carr.",36,7723,1550,2018
"northamerica/usa/ut579bl.rwl","Normal practice, flagged for reference",1,"ID fills all 8 columns","Pinus engelmannii Carr.",30,4426,1750,2016
"northamerica/usa/ut580bl.rwl","Normal practice, flagged for reference",1,"ID fills all 8 columns","Pinus engelmannii Carr.",50,5315,1852,2016
"northamerica/usa/ut581bl.rwl","Normal practice, flagged for reference",1,"ID fills all 8 columns","Pinus engelmannii Carr.",39,5108,1838,2016
"northamerica/usa/ut582bl.rwl","Normal practice, flagged for reference",1,"ID fills all 8 columns","Pinus engelmannii Carr.",34,5547,1779,2016
"northamerica/usa/ut583bl.rwl","Normal practice, flagged for reference",1,"ID fills all 8 columns","Pinus engelmannii Carr.",35,6269,1591,2016
"northamerica/usa/va001.rwl","Normal practice, flagged for reference",1,"blank inside series ID","Fagus grandifolia Ehrh.",56,3342,1827,1912
"northamerica/usa/va025e.rwl","Normal practice, flagged for reference",1,"ID fills all 8 columns","Taxodium distichum (L.) Rich.",52,17589,1171,1984
"northamerica/usa/va025l.rwl","Normal practice, flagged for reference",1,"ID fills all 8 columns","Taxodium distichum (L.) Rich.",52,17596,1171,1984
"northamerica/usa/va045.rwl","Normal practice, flagged for reference",1,"ID fills all 8 columns","Carya glabra (Mill.) Sweet",40,3251,1900,2021
"northamerica/usa/wa048.rwl","Normal practice, flagged for reference",1,"interior year gap","Pseudotsuga menziesii (Mirb.) Franco",36,19871,1286,1979
"northamerica/usa/wa053.rwl","Normal practice, flagged for reference",1,"interior year gap","Pseudotsuga menziesii (Mirb.) Franco",36,18134,1324,1980
"northamerica/usa/wa067.rwl","Normal practice, flagged for reference",1,"ID fills all 8 columns","Larix lyallii Parl.",41,10889,1471,1991
"northamerica/usa/wa068.rwl","Normal practice, flagged for reference",1,"ID fills all 8 columns","Pinus albicaulis Engelm.",36,7476,1669,1991
"northamerica/usa/wa069.rwl","Normal practice, flagged for reference",1,"ID fills all 8 columns","Larix lyallii Parl.",39,8441,1685,1991
"northamerica/usa/wa070.rwl","Normal practice, flagged for reference",1,"ID fills all 8 columns","Abies lasiocarpa (Hook.) Nutt.",40,6386,1722,1991
"northamerica/usa/wa071.rwl","Normal practice, flagged for reference",1,"ID fills all 8 columns","Picea engelmannii Parry ex Engelm.",38,8455,1585,1991
"northamerica/usa/wa072.rwl","Normal practice, flagged for reference",1,"ID fills all 8 columns","Larix lyallii Parl.",41,10052,1529,1990
"northamerica/usa/wa073.rwl","Normal practice, flagged for reference",1,"ID fills all 8 columns","Abies lasiocarpa (Hook.) Nutt.",39,5841,1683,1990
"northamerica/usa/wa074.rwl","Normal practice, flagged for reference",1,"ID fills all 8 columns","Picea engelmannii Parry ex Engelm.",41,8494,1590,1990
"northamerica/usa/wa075.rwl","Normal practice, flagged for reference",1,"ID fills all 8 columns","Picea engelmannii Parry ex Engelm.",40,4059,1809,1990
"northamerica/usa/wa076.rwl","Normal practice, flagged for reference",1,"ID fills all 8 columns","Abies lasiocarpa (Hook.) Nutt.",40,4219,1844,1990
"northamerica/usa/wa077.rwl","Normal practice, flagged for reference",1,"ID fills all 8 columns","Abies lasiocarpa (Hook.) Nutt.",37,7383,1679,1991
"northamerica/usa/wa078.rwl","Normal practice, flagged for reference",1,"ID fills all 8 columns","Picea engelmannii Parry ex Engelm.",41,11124,1636,1990
"northamerica/usa/wa079.rwl","Normal practice, flagged for reference",1,"ID fills all 8 columns","Larix lyallii Parl.",47,9592,1585,1991
"northamerica/usa/wa080.rwl","Normal practice, flagged for reference",1,"ID fills all 8 columns","Abies lasiocarpa (Hook.) Nutt.",20,2807,1756,1992
"northamerica/usa/wa138.rwl","Normal practice, flagged for reference",1,"ID fills all 8 columns","Pinus ponderosa Douglas ex C. Lawson",50,15230,1541,2012
"northamerica/usa/wa142.rwl","Normal practice, flagged for reference",1,"ID fills all 8 columns","Pinus ponderosa Douglas ex C. Lawson",47,14975,1464,2012
"northamerica/usa/wa149.rwl","Normal practice, flagged for reference",1,"ID fills all 8 columns","Pseudotsuga menziesii (Mirb.) Franco",17,2836,1650,2011
"northamerica/usa/wa153.rwl","Normal practice, flagged for reference",1,"ID fills all 8 columns","Tsuga mertensiana (Bong.) Carrière",47,12639,1659,2018
"northamerica/usa/wa153e.rwl","Normal practice, flagged for reference",1,"ID fills all 8 columns","Tsuga mertensiana (Bong.) Carrière",47,12639,1659,2018
"northamerica/usa/wa153l.rwl","Normal practice, flagged for reference",1,"ID fills all 8 columns","Tsuga mertensiana (Bong.) Carrière",47,12639,1659,2018
"northamerica/usa/wa154e.rwl","Normal practice, flagged for reference",1,"ID fills all 8 columns","Larix lyallii Parl.",58,10364,1505,2018
"northamerica/usa/wa154l.rwl","Normal practice, flagged for reference",1,"ID fills all 8 columns","Larix lyallii Parl.",58,10364,1505,2018
"northamerica/usa/wa167bl.rwl","Normal practice, flagged for reference",1,"ID fills all 8 columns","Tsuga mertensiana (Bong.) Carrière",52,10873,1627,2019
"northamerica/usa/wa168bl.rwl","Normal practice, flagged for reference",1,"ID fills all 8 columns","Pseudotsuga menziesii (Mirb.) Franco",82,36494,833,2019
"northamerica/usa/wa170bl.rwl","Normal practice, flagged for reference",1,"ID fills all 8 columns","Tsuga mertensiana (Bong.) Carrière",27,6888,1677,2018
"northamerica/usa/wa171.rwl","Normal practice, flagged for reference",1,"ID fills all 8 columns","Pseudotsuga menziesii (Mirb.) Franco",86,18489,1033,1507
"northamerica/usa/wa2.rwl","Normal practice, flagged for reference",1,"ID fills all 8 columns","Pseudotsuga menziesii (Mirb.) Franco",12,1695,1791,1986
"northamerica/usa/wa3.rwl","Normal practice, flagged for reference",1,"ID fills all 8 columns","Pseudotsuga menziesii (Mirb.) Franco",17,2103,1788,1986
"northamerica/usa/wa4.rwl","Normal practice, flagged for reference",1,"ID fills all 8 columns","Pseudotsuga menziesii (Mirb.) Franco",9,526,1885,1986
"northamerica/usa/wa5.rwl","Normal practice, flagged for reference",1,"ID fills all 8 columns","Pinus ponderosa Douglas ex C. Lawson",5,294,1921,1986
"northamerica/usa/wa6.rwl","Normal practice, flagged for reference",1,"ID fills all 8 columns","Tsuga heterophylla (Raf.) Sarg.",15,3556,1630,1986
"northamerica/usa/wi013.rwl","Normal practice, flagged for reference",1,"ID fills all 8 columns","Picea mariana (Mill.) Britton, Sterns, & Poggenb.",21,2801,1,252
"northamerica/usa/wi014.rwl","Normal practice, flagged for reference",1,"ID fills all 8 columns","Pinus strobus L.",33,4395,1802,2011
"northamerica/usa/wi026.rwl","Normal practice, flagged for reference",1,"ID fills all 8 columns","Quercus macrocarpa Michx.",25,4078,1760,2014
"northamerica/usa/wi062.rwl","Normal practice, flagged for reference",1,"ID fills all 8 columns","Fraxinus americana L.",13,1009,1939,2023
"northamerica/usa/wi063.rwl","Normal practice, flagged for reference",1,"ID fills all 8 columns","Quercus rubra L.",13,1227,1915,2023
"northamerica/usa/wv004.rwl","Normal practice, flagged for reference",1,"ID fills all 8 columns","Pinus virginiana Mill.",31,2622,1830,2005
"northamerica/usa/wv012.rwl","Normal practice, flagged for reference",1,"ID fills all 8 columns","Quercus alba L.",30,3974,1631,1867
"northamerica/usa/wy030e.rwl","Normal practice, flagged for reference",1,"ID fills all 8 columns","Picea engelmannii Parry ex Engelm.",24,6558,1484,2000
"northamerica/usa/wy030l.rwl","Normal practice, flagged for reference",1,"ID fills all 8 columns","Picea engelmannii Parry ex Engelm.",24,6558,1484,2000
"northamerica/usa/wy030n.rwl","Normal practice, flagged for reference",1,"ID fills all 8 columns","Picea engelmannii Parry ex Engelm.",24,6558,1484,2000
"northamerica/usa/wy030x.rwl","Normal practice, flagged for reference",1,"ID fills all 8 columns","Picea engelmannii Parry ex Engelm.",24,6582,1483,2000
"northamerica/usa/wy042.rwl","Normal practice, flagged for reference",1,"blank inside series ID","Pinus flexilis E. James",28,10657,1200,2006
"northamerica/usa/wy043.rwl","Normal practice, flagged for reference",1,"blank inside series ID","Pseudotsuga menziesii (Mirb.) Franco",41,10407,1576,2006
"northamerica/usa/wy045.rwl","Normal practice, flagged for reference",1,"blank inside series ID","Pseudotsuga menziesii (Mirb.) Franco",70,19967,1507,2006
"northamerica/usa/wy046.rwl","Normal practice, flagged for reference",1,"ID fills all 8 columns","Picea engelmannii Parry ex Engelm.",33,7648,1440,2012
"northamerica/usa/wy048.rwl","Normal practice, flagged for reference",1,"ID fills all 8 columns","Pinus contorta Douglas ex Loudon",33,6834,1680,2010
"northamerica/usa/wy057.rwl","Normal practice, flagged for reference",1,"blank inside series ID","Pseudotsuga menziesii (Mirb.) Franco",51,16841,1519,2006
"northamerica/usa/wy061.rwl","Normal practice, flagged for reference",1,"trailing text in field 11","Pseudotsuga menziesii (Mirb.) Franco",68,22862,1098,2006
"northamerica/usa/wy062.rwl","Normal practice, flagged for reference",1,"trailing text in field 11","Pseudotsuga menziesii (Mirb.) Franco",31,10497,1441,2007
"northamerica/usa/wy066.rwl","Normal practice, flagged for reference",1,"blank inside series ID","Pinus flexilis E. James",28,8239,1600,2006
"northamerica/usa/wy071.rwl","Normal practice, flagged for reference",1,"ID fills all 8 columns","Pinus albicaulis Engelm.",142,11519,1829,2018
"northamerica/usa/wy072.rwl","Normal practice, flagged for reference",1,"ID fills all 8 columns","Pinus contorta Douglas ex Loudon",118,13227,1814,2018
"northamerica/usa/wy074bl.rwl","Normal practice, flagged for reference",1,"ID fills all 8 columns","Pinus engelmannii Carr.",119,27463,760,2016
"northamerica/usa/wy075bl.rwl","Normal practice, flagged for reference",1,"ID fills all 8 columns","Pinus engelmannii Carr.",36,8575,1498,2019
"northamerica/usa/wy076bl.rwl","Normal practice, flagged for reference",1,"ID fills all 8 columns","Pinus engelmannii Carr.",65,12517,1661,2017
"northamerica/usa/wy077bl.rwl","Normal practice, flagged for reference",1,"ID fills all 8 columns","Pinus engelmannii Carr.",42,5343,1822,2019
"southamerica/arge034.rwl","Normal practice, flagged for reference",1,"blank inside series ID","Nothofagus pumilio (Poepp. & Endl.) Reiche",65,10411,1723,1985
"southamerica/arge038.rwl","Normal practice, flagged for reference",1,"blank inside series ID","Nothofagus pumilio (Poepp. & Endl.) Reiche",31,6641,1662,1985
"southamerica/bol001.rwl","Normal practice, flagged for reference",1,"ID fills all 8 columns","Centrolobium microchaete (Benth.) H.C. Lima",32,3337,1836,2005
"southamerica/bol006.rwl","Normal practice, flagged for reference",1,"ID fills all 8 columns","Acosmium cardenasii H.S.Irwin & Arroyo",38,3465,1881,2011
"southamerica/bol007.rwl","Normal practice, flagged for reference",1,"ID fills all 8 columns","Anadenanthera colubrina var. cebil (Griseb.) Altschul = Anadenanthera macrocarpa (Benth.) Brenan",24,2723,1854,2010
"southamerica/bol008.rwl","Normal practice, flagged for reference",1,"ID fills all 8 columns","Aspidosperma tomentosum Mart.",21,1700,1913,2010
"southamerica/bol009.rwl","Normal practice, flagged for reference",1,"ID fills all 8 columns","Cenostigma pluviosum (DC.) Gagnon & G.P.Lewis = Caesalpinia pluviosa DC.",31,4379,1844,2011
"southamerica/bol012.rwl","Normal practice, flagged for reference",1,"ID fills all 8 columns","Centrolobium microchaete (Benth.) H.C. Lima",38,3991,1836,2005
"southamerica/bol017.rwl","Normal practice, flagged for reference",1,"ID fills all 8 columns","Centrolobium microchaete (Benth.) H.C. Lima",42,3789,1900,2010
"southamerica/bol019.rwl","Normal practice, flagged for reference",1,"ID fills all 8 columns","Schinopsis brasiliensis Engl.",15,2483,1838,2011
"southamerica/bol020.rwl","Normal practice, flagged for reference",1,"ID fills all 8 columns","Handroanthus impetiginosus (Mart. ex DC.) Mattos = Tabebuia impetiginosa (Mart. ex DC.) Standl.",24,2237,1880,2010
"southamerica/bol021.rwl","Normal practice, flagged for reference",1,"ID fills all 8 columns","Zeyheria tuberculosa (Vell.) Bureau ex Verl.",20,2236,1872,2010
