"file","series","year","severity","check","detail"
"africa/mar048.rwl","TOU36B",1870,"accepted practice","interior year gap","6 year(s) missing (1870-1875); read.tucson fills these with 0"
"asia/bt006.rwl","CAMPS12B",1701,"accepted practice","interior year gap","39 year(s) missing (1701-1739); read.tucson fills these with 0"
"asia/chin037.rwl","GKM3_12a",1736,"accepted practice","interior year gap","14 year(s) missing (1736-1749); read.tucson fills these with 0"
"asia/chin037.rwl","GKM3_13a",1879,"accepted practice","interior year gap","39 year(s) missing (1879-1917); read.tucson fills these with 0"
"asia/chin037.rwl","GKM3_12a",1730,"accepted practice","one ID carries two separate segments","stop marker ends a line at 1730 but the ID continues; a 15-year gap separates the two blocks"
"asia/indi002.rwl","01032",1843,"accepted practice","interior year gap","12 year(s) missing (1843-1854); read.tucson fills these with 0"
"asia/indi002.rwl","01032",1840,"accepted practice","one ID carries two separate segments","stop marker ends a line at 1840 but the ID continues; a 13-year gap separates the two blocks"
"asia/indi002e.rwl","G3031",1902,"accepted practice","interior year gap","25 year(s) missing (1902-1926); read.tucson fills these with 0"
"asia/indi002e.rwl","G3032",1825,"accepted practice","interior year gap","35 year(s) missing (1825-1859); read.tucson fills these with 0"
"asia/indi002e.rwl","G3036",1902,"accepted practice","interior year gap","11 year(s) missing (1902-1912); read.tucson fills these with 0"
"asia/indi002e.rwl","G3031",1900,"accepted practice","one ID carries two separate segments","stop marker ends a line at 1900 but the ID continues; a 26-year gap separates the two blocks"
"asia/indi002e.rwl","G3032",1820,"accepted practice","one ID carries two separate segments","stop marker ends a line at 1820 but the ID continues; a 36-year gap separates the two blocks"
"asia/indi002e.rwl","G3036",1900,"accepted practice","one ID carries two separate segments","stop marker ends a line at 1900 but the ID continues; a 12-year gap separates the two blocks"
"asia/indi002l.rwl","01031",1902,"accepted practice","interior year gap","25 year(s) missing (1902-1926); read.tucson fills these with 0"
"asia/indi002l.rwl","01032",1825,"accepted practice","interior year gap","35 year(s) missing (1825-1859); read.tucson fills these with 0"
"asia/indi002l.rwl","01036",1902,"accepted practice","interior year gap","11 year(s) missing (1902-1912); read.tucson fills these with 0"
"asia/indi002l.rwl","01031",1900,"accepted practice","one ID carries two separate segments","stop marker ends a line at 1900 but the ID continues; a 26-year gap separates the two blocks"
"asia/indi002l.rwl","01032",1820,"accepted practice","one ID carries two separate segments","stop marker ends a line at 1820 but the ID continues; a 36-year gap separates the two blocks"
"asia/indi002l.rwl","01036",1900,"accepted practice","one ID carries two separate segments","stop marker ends a line at 1900 but the ID continues; a 12-year gap separates the two blocks"
"asia/indi002n.rwl","G2031",1902,"accepted practice","interior year gap","25 year(s) missing (1902-1926); read.tucson fills these with 0"
"asia/indi002n.rwl","G2032",1825,"accepted practice","interior year gap","35 year(s) missing (1825-1859); read.tucson fills these with 0"
"asia/indi002n.rwl","G2036",1902,"accepted practice","interior year gap","11 year(s) missing (1902-1912); read.tucson fills these with 0"
"asia/indi002n.rwl","G2031",1900,"accepted practice","one ID carries two separate segments","stop marker ends a line at 1900 but the ID continues; a 26-year gap separates the two blocks"
"asia/indi002n.rwl","G2032",1820,"accepted practice","one ID carries two separate segments","stop marker ends a line at 1820 but the ID continues; a 36-year gap separates the two blocks"
"asia/indi002n.rwl","G2036",1900,"accepted practice","one ID carries two separate segments","stop marker ends a line at 1900 but the ID continues; a 12-year gap separates the two blocks"
"asia/indi002x.rwl","01031",1902,"accepted practice","interior year gap","25 year(s) missing (1902-1926); read.tucson fills these with 0"
"asia/indi002x.rwl","01032",1825,"accepted practice","interior year gap","35 year(s) missing (1825-1859); read.tucson fills these with 0"
"asia/indi002x.rwl","01036",1902,"accepted practice","interior year gap","11 year(s) missing (1902-1912); read.tucson fills these with 0"
"asia/indi002x.rwl","01031",1900,"accepted practice","one ID carries two separate segments","stop marker ends a line at 1900 but the ID continues; a 26-year gap separates the two blocks"
"asia/indi002x.rwl","01032",1820,"accepted practice","one ID carries two separate segments","stop marker ends a line at 1820 but the ID continues; a 36-year gap separates the two blocks"
"asia/indi002x.rwl","01036",1900,"accepted practice","one ID carries two separate segments","stop marker ends a line at 1900 but the ID continues; a 12-year gap separates the two blocks"
"asia/indi003e.rwl","K3070",1879,"accepted practice","interior year gap","46 year(s) missing (1879-1924); read.tucson fills these with 0"
"asia/indi003e.rwl","K3071",1780,"accepted practice","interior year gap","11 year(s) missing (1780-1790); read.tucson fills these with 0"
"asia/indi003e.rwl","K3070",1870,"accepted practice","one ID carries two separate segments","stop marker ends a line at 1870 but the ID continues; a 47-year gap separates the two blocks"
"asia/indi003e.rwl","K3071",1770,"accepted practice","one ID carries two separate segments","stop marker ends a line at 1770 but the ID continues; a 12-year gap separates the two blocks"
"asia/indi003l.rwl","01070",1879,"accepted practice","interior year gap","46 year(s) missing (1879-1924); read.tucson fills these with 0"
"asia/indi003l.rwl","01071",1780,"accepted practice","interior year gap","11 year(s) missing (1780-1790); read.tucson fills these with 0"
"asia/indi003l.rwl","01070",1870,"accepted practice","one ID carries two separate segments","stop marker ends a line at 1870 but the ID continues; a 47-year gap separates the two blocks"
"asia/indi003l.rwl","01071",1770,"accepted practice","one ID carries two separate segments","stop marker ends a line at 1770 but the ID continues; a 12-year gap separates the two blocks"
"asia/indi003n.rwl","K2070",1879,"accepted practice","interior year gap","46 year(s) missing (1879-1924); read.tucson fills these with 0"
"asia/indi003n.rwl","K2071",1780,"accepted practice","interior year gap","11 year(s) missing (1780-1790); read.tucson fills these with 0"
"asia/indi003n.rwl","K2070",1870,"accepted practice","one ID carries two separate segments","stop marker ends a line at 1870 but the ID continues; a 47-year gap separates the two blocks"
"asia/indi003n.rwl","K2071",1770,"accepted practice","one ID carries two separate segments","stop marker ends a line at 1770 but the ID continues; a 12-year gap separates the two blocks"
"asia/indi003x.rwl","01070",1879,"accepted practice","interior year gap","46 year(s) missing (1879-1924); read.tucson fills these with 0"
"asia/indi003x.rwl","01071",1780,"accepted practice","interior year gap","11 year(s) missing (1780-1790); read.tucson fills these with 0"
"asia/indi003x.rwl","01070",1870,"accepted practice","one ID carries two separate segments","stop marker ends a line at 1870 but the ID continues; a 47-year gap separates the two blocks"
"asia/indi003x.rwl","01071",1770,"accepted practice","one ID carries two separate segments","stop marker ends a line at 1770 but the ID continues; a 12-year gap separates the two blocks"
"asia/indi004.rwl","01179",1894,"accepted practice","interior year gap","33 year(s) missing (1894-1926); read.tucson fills these with 0"
"asia/indi004.rwl","01181",1837,"accepted practice","interior year gap","6 year(s) missing (1837-1842); read.tucson fills these with 0"
"asia/indi004.rwl","01179",1890,"accepted practice","one ID carries two separate segments","stop marker ends a line at 1890 but the ID continues; a 34-year gap separates the two blocks"
"asia/indi004.rwl","01181",1830,"accepted practice","one ID carries two separate segments","stop marker ends a line at 1830 but the ID continues; a 7-year gap separates the two blocks"
"asia/indi004e.rwl","01179",1894,"accepted practice","interior year gap","33 year(s) missing (1894-1926); read.tucson fills these with 0"
"asia/indi004e.rwl","01181",1837,"accepted practice","interior year gap","6 year(s) missing (1837-1842); read.tucson fills these with 0"
"asia/indi004e.rwl","01179",1890,"accepted practice","one ID carries two separate segments","stop marker ends a line at 1890 but the ID continues; a 34-year gap separates the two blocks"
"asia/indi004e.rwl","01181",1830,"accepted practice","one ID carries two separate segments","stop marker ends a line at 1830 but the ID continues; a 7-year gap separates the two blocks"
"asia/indi004l.rwl","01179",1894,"accepted practice","interior year gap","33 year(s) missing (1894-1926); read.tucson fills these with 0"
"asia/indi004l.rwl","01181",1837,"accepted practice","interior year gap","6 year(s) missing (1837-1842); read.tucson fills these with 0"
"asia/indi004l.rwl","01179",1890,"accepted practice","one ID carries two separate segments","stop marker ends a line at 1890 but the ID continues; a 34-year gap separates the two blocks"
"asia/indi004l.rwl","01181",1830,"accepted practice","one ID carries two separate segments","stop marker ends a line at 1830 but the ID continues; a 7-year gap separates the two blocks"
"asia/indi004n.rwl","01179",1894,"accepted practice","interior year gap","33 year(s) missing (1894-1926); read.tucson fills these with 0"
"asia/indi004n.rwl","01181",1837,"accepted practice","interior year gap","6 year(s) missing (1837-1842); read.tucson fills these with 0"
"asia/indi004n.rwl","01179",1890,"accepted practice","one ID carries two separate segments","stop marker ends a line at 1890 but the ID continues; a 34-year gap separates the two blocks"
"asia/indi004n.rwl","01181",1830,"accepted practice","one ID carries two separate segments","stop marker ends a line at 1830 but the ID continues; a 7-year gap separates the two blocks"
"asia/indi004x.rwl","01179",1894,"accepted practice","interior year gap","33 year(s) missing (1894-1926); read.tucson fills these with 0"
"asia/indi004x.rwl","01181",1837,"accepted practice","interior year gap","6 year(s) missing (1837-1842); read.tucson fills these with 0"
"asia/indi004x.rwl","01179",1890,"accepted practice","one ID carries two separate segments","stop marker ends a line at 1890 but the ID continues; a 34-year gap separates the two blocks"
"asia/indi004x.rwl","01181",1830,"accepted practice","one ID carries two separate segments","stop marker ends a line at 1830 but the ID continues; a 7-year gap separates the two blocks"
"asia/indi006.rwl","01084",1924,"accepted practice","interior year gap","4 year(s) missing (1924-1927); read.tucson fills these with 0"
"asia/indi006.rwl","01097",1876,"accepted practice","interior year gap","44 year(s) missing (1876-1919); read.tucson fills these with 0"
"asia/indi006.rwl","01084",1920,"accepted practice","one ID carries two separate segments","stop marker ends a line at 1920 but the ID continues; a 5-year gap separates the two blocks"
"asia/indi006.rwl","01097",1870,"accepted practice","one ID carries two separate segments","stop marker ends a line at 1870 but the ID continues; a 45-year gap separates the two blocks"
"asia/indi006e.rwl","T3084",1924,"accepted practice","interior year gap","4 year(s) missing (1924-1927); read.tucson fills these with 0"
"asia/indi006e.rwl","T3097",1876,"accepted practice","interior year gap","44 year(s) missing (1876-1919); read.tucson fills these with 0"
"asia/indi006e.rwl","T3084",1920,"accepted practice","one ID carries two separate segments","stop marker ends a line at 1920 but the ID continues; a 5-year gap separates the two blocks"
"asia/indi006e.rwl","T3097",1870,"accepted practice","one ID carries two separate segments","stop marker ends a line at 1870 but the ID continues; a 45-year gap separates the two blocks"
"asia/indi006l.rwl","01084",1924,"accepted practice","interior year gap","4 year(s) missing (1924-1927); read.tucson fills these with 0"
"asia/indi006l.rwl","01097",1876,"accepted practice","interior year gap","44 year(s) missing (1876-1919); read.tucson fills these with 0"
"asia/indi006l.rwl","01084",1920,"accepted practice","one ID carries two separate segments","stop marker ends a line at 1920 but the ID continues; a 5-year gap separates the two blocks"
"asia/indi006l.rwl","01097",1870,"accepted practice","one ID carries two separate segments","stop marker ends a line at 1870 but the ID continues; a 45-year gap separates the two blocks"
"asia/indi006n.rwl","T2084",1924,"accepted practice","interior year gap","4 year(s) missing (1924-1927); read.tucson fills these with 0"
"asia/indi006n.rwl","T2097",1876,"accepted practice","interior year gap","44 year(s) missing (1876-1919); read.tucson fills these with 0"
"asia/indi006n.rwl","T2084",1920,"accepted practice","one ID carries two separate segments","stop marker ends a line at 1920 but the ID continues; a 5-year gap separates the two blocks"
"asia/indi006n.rwl","T2097",1870,"accepted practice","one ID carries two separate segments","stop marker ends a line at 1870 but the ID continues; a 45-year gap separates the two blocks"
"asia/indi006x.rwl","01084",1924,"accepted practice","interior year gap","4 year(s) missing (1924-1927); read.tucson fills these with 0"
"asia/indi006x.rwl","01097",1876,"accepted practice","interior year gap","44 year(s) missing (1876-1919); read.tucson fills these with 0"
"asia/indi006x.rwl","01084",1920,"accepted practice","one ID carries two separate segments","stop marker ends a line at 1920 but the ID continues; a 5-year gap separates the two blocks"
"asia/indi006x.rwl","01097",1870,"accepted practice","one ID carries two separate segments","stop marker ends a line at 1870 but the ID continues; a 45-year gap separates the two blocks"
"asia/indi007.rwl","01187",1876,"accepted practice","interior year gap","14 year(s) missing (1876-1889); read.tucson fills these with 0"
"asia/indi007.rwl","01191",1831,"accepted practice","interior year gap","1 year(s) missing (1831-1831); read.tucson fills these with 0"
"asia/indi007.rwl","01187",1870,"accepted practice","one ID carries two separate segments","stop marker ends a line at 1870 but the ID continues; a 15-year gap separates the two blocks"
"asia/indi007.rwl","01191",1830,"accepted practice","one ID carries two separate segments","stop marker ends a line at 1830 but the ID continues; a 2-year gap separates the two blocks"
"asia/indi007e.rwl","01187",1876,"accepted practice","interior year gap","14 year(s) missing (1876-1889); read.tucson fills these with 0"
"asia/indi007e.rwl","01191",1831,"accepted practice","interior year gap","1 year(s) missing (1831-1831); read.tucson fills these with 0"
"asia/indi007e.rwl","01187",1870,"accepted practice","one ID carries two separate segments","stop marker ends a line at 1870 but the ID continues; a 15-year gap separates the two blocks"
"asia/indi007e.rwl","01191",1830,"accepted practice","one ID carries two separate segments","stop marker ends a line at 1830 but the ID continues; a 2-year gap separates the two blocks"
"asia/indi007l.rwl","01187",1876,"accepted practice","interior year gap","14 year(s) missing (1876-1889); read.tucson fills these with 0"
"asia/indi007l.rwl","01191",1831,"accepted practice","interior year gap","1 year(s) missing (1831-1831); read.tucson fills these with 0"
"asia/indi007l.rwl","01187",1870,"accepted practice","one ID carries two separate segments","stop marker ends a line at 1870 but the ID continues; a 15-year gap separates the two blocks"
"asia/indi007l.rwl","01191",1830,"accepted practice","one ID carries two separate segments","stop marker ends a line at 1830 but the ID continues; a 2-year gap separates the two blocks"
"asia/indi007n.rwl","01187",1876,"accepted practice","interior year gap","14 year(s) missing (1876-1889); read.tucson fills these with 0"
"asia/indi007n.rwl","01191",1831,"accepted practice","interior year gap","1 year(s) missing (1831-1831); read.tucson fills these with 0"
"asia/indi007n.rwl","01187",1870,"accepted practice","one ID carries two separate segments","stop marker ends a line at 1870 but the ID continues; a 15-year gap separates the two blocks"
"asia/indi007n.rwl","01191",1830,"accepted practice","one ID carries two separate segments","stop marker ends a line at 1830 but the ID continues; a 2-year gap separates the two blocks"
"asia/indi007x.rwl","01187",1876,"accepted practice","interior year gap","14 year(s) missing (1876-1889); read.tucson fills these with 0"
"asia/indi007x.rwl","01191",1831,"accepted practice","interior year gap","1 year(s) missing (1831-1831); read.tucson fills these with 0"
"asia/indi007x.rwl","01187",1870,"accepted practice","one ID carries two separate segments","stop marker ends a line at 1870 but the ID continues; a 15-year gap separates the two blocks"
"asia/indi007x.rwl","01191",1830,"accepted practice","one ID carries two separate segments","stop marker ends a line at 1830 but the ID continues; a 2-year gap separates the two blocks"
"asia/japa012.rwl","TSOrw03A",1923,"accepted practice","interior year gap","2 year(s) missing (1923-1924); read.tucson fills these with 0"
"asia/japa012.rwl","TSOrw08A",1925,"accepted practice","interior year gap","1 year(s) missing (1925-1925); read.tucson fills these with 0"
"asia/japa012.rwl","TSOrw09a",1819,"accepted practice","interior year gap","1 year(s) missing (1819-1819); read.tucson fills these with 0"
"asia/japa012.rwl","TSOrw11A",1815,"accepted practice","interior year gap","4 year(s) missing (1815-1818); read.tucson fills these with 0"
"asia/japa012.rwl","TSOrw14A",1816,"accepted practice","interior year gap","6 year(s) missing (1816-1821); read.tucson fills these with 0"
"asia/japa012.rwl","TSOrw27A",1868,"accepted practice","interior year gap","6 year(s) missing (1868-1873); read.tucson fills these with 0"
"asia/japa012.rwl","TSOrw31",1627,"accepted practice","interior year gap","5 year(s) missing (1627-1819); read.tucson fills these with 0"
"asia/japa012.rwl","TSOrw37",1819,"accepted practice","interior year gap","5 year(s) missing (1819-1823); read.tucson fills these with 0"
"asia/japa012.rwl","TSOrw39",1699,"accepted practice","interior year gap","6 year(s) missing (1699-1704); read.tucson fills these with 0"
"asia/japa012.rwl","TSOrw03A",1920,"accepted practice","one ID carries two separate segments","stop marker ends a line at 1920 but the ID continues; a 3-year gap separates the two blocks"
"asia/japa012.rwl","TSOrw08A",1920,"accepted practice","one ID carries two separate segments","stop marker ends a line at 1920 but the ID continues; a 2-year gap separates the two blocks"
"asia/japa012.rwl","TSOrw09a",1810,"accepted practice","one ID carries two separate segments","stop marker ends a line at 1810 but the ID continues; a 2-year gap separates the two blocks"
"asia/japa012.rwl","TSOrw11A",1810,"accepted practice","one ID carries two separate segments","stop marker ends a line at 1810 but the ID continues; a 5-year gap separates the two blocks"
"asia/japa012.rwl","TSOrw14A",1810,"accepted practice","one ID carries two separate segments","stop marker ends a line at 1810 but the ID continues; a 7-year gap separates the two blocks"
"asia/japa012.rwl","TSOrw27A",1860,"accepted practice","one ID carries two separate segments","stop marker ends a line at 1860 but the ID continues; a 7-year gap separates the two blocks"
"asia/japa012.rwl","TSOrw31",1620,"accepted practice","one ID carries two separate segments","stop marker ends a line at 1620 but the ID continues; a 5-year gap separates the two blocks"
"asia/japa012.rwl","TSOrw37",1810,"accepted practice","one ID carries two separate segments","stop marker ends a line at 1810 but the ID continues; a 6-year gap separates the two blocks"
"asia/japa012.rwl","TSOrw39",1690,"accepted practice","one ID carries two separate segments","stop marker ends a line at 1690 but the ID continues; a 7-year gap separates the two blocks"
"asia/japa012x.rwl","TSOmx10A",1859,"accepted practice","interior year gap","1 year(s) missing (1859-1859); read.tucson fills these with 0"
"asia/japa012x.rwl","TSOmx30a",1901,"accepted practice","interior year gap","46 year(s) missing (1901-1946); read.tucson fills these with 0"
"asia/japa012x.rwl","TSOmx10A",1850,"accepted practice","one ID carries two separate segments","stop marker ends a line at 1850 but the ID continues; a 2-year gap separates the two blocks"
"asia/japa012x.rwl","TSOmx30a",1900,"accepted practice","one ID carries two separate segments","stop marker ends a line at 1900 but the ID continues; a 47-year gap separates the two blocks"
"asia/japa013x.rwl","Mmx41c",1738,"accepted practice","interior year gap","23 year(s) missing (1738-1760); read.tucson fills these with 0"
"asia/japa013x.rwl","Mmx41c",1730,"accepted practice","one ID carries two separate segments","stop marker ends a line at 1730 but the ID continues; a 24-year gap separates the two blocks"
"asia/japa014.rwl","TKCrw01b",1755,"accepted practice","interior year gap","110 year(s) missing (1755-1864); read.tucson fills these with 0"
"asia/japa014.rwl","TKCrw03a",1514,"accepted practice","interior year gap","17 year(s) missing (1514-1530); read.tucson fills these with 0"
"asia/japa014.rwl","TKCrw06c",1873,"accepted practice","interior year gap","7 year(s) missing (1873-1879); read.tucson fills these with 0"
"asia/japa014.rwl","TKCrw27a",1727,"accepted practice","interior year gap","4 year(s) missing (1727-1730); read.tucson fills these with 0"
"asia/japa014.rwl","TKCrw33a",1641,"accepted practice","interior year gap","7 year(s) missing (1641-1647); read.tucson fills these with 0"
"asia/japa014.rwl","TKCrw33b",1685,"accepted practice","interior year gap","4 year(s) missing (1685-1688); read.tucson fills these with 0"
"asia/japa014.rwl","TKCrw35a",1819,"accepted practice","interior year gap","2 year(s) missing (1819-1820); read.tucson fills these with 0"
"asia/japa014.rwl","TKCrw39a",1858,"accepted practice","interior year gap","1 year(s) missing (1858-1858); read.tucson fills these with 0"
"asia/japa014.rwl","TKCrw40a",1863,"accepted practice","interior year gap","3 year(s) missing (1863-1865); read.tucson fills these with 0"
"asia/japa014.rwl","TKCrw43a",1741,"accepted practice","interior year gap","1 year(s) missing (1741-1741); read.tucson fills these with 0"
"asia/japa014.rwl","TKCrw48a",1602,"accepted practice","interior year gap","8 year(s) missing (1602-1609); read.tucson fills these with 0"
"asia/japa014.rwl","TKCrw49a",1782,"accepted practice","interior year gap","13 year(s) missing (1782-1794); read.tucson fills these with 0"
"asia/japa014.rwl","TKCrw01b",1750,"accepted practice","one ID carries two separate segments","stop marker ends a line at 1750 but the ID continues; a 111-year gap separates the two blocks"
"asia/japa014.rwl","TKCrw03a",1510,"accepted practice","one ID carries two separate segments","stop marker ends a line at 1510 but the ID continues; a 18-year gap separates the two blocks"
"asia/japa014.rwl","TKCrw06c",1870,"accepted practice","one ID carries two separate segments","stop marker ends a line at 1870 but the ID continues; a 8-year gap separates the two blocks"
"asia/japa014.rwl","TKCrw27a",1720,"accepted practice","one ID carries two separate segments","stop marker ends a line at 1720 but the ID continues; a 5-year gap separates the two blocks"
"asia/japa014.rwl","TKCrw33a",1640,"accepted practice","one ID carries two separate segments","stop marker ends a line at 1640 but the ID continues; a 8-year gap separates the two blocks"
"asia/japa014.rwl","TKCrw33b",1680,"accepted practice","one ID carries two separate segments","stop marker ends a line at 1680 but the ID continues; a 5-year gap separates the two blocks"
"asia/japa014.rwl","TKCrw35a",1810,"accepted practice","one ID carries two separate segments","stop marker ends a line at 1810 but the ID continues; a 3-year gap separates the two blocks"
"asia/japa014.rwl","TKCrw39a",1850,"accepted practice","one ID carries two separate segments","stop marker ends a line at 1850 but the ID continues; a 2-year gap separates the two blocks"
"asia/japa014.rwl","TKCrw40a",1860,"accepted practice","one ID carries two separate segments","stop marker ends a line at 1860 but the ID continues; a 4-year gap separates the two blocks"
"asia/japa014.rwl","TKCrw43a",1740,"accepted practice","one ID carries two separate segments","stop marker ends a line at 1740 but the ID continues; a 2-year gap separates the two blocks"
"asia/japa014.rwl","TKCrw48a",1600,"accepted practice","one ID carries two separate segments","stop marker ends a line at 1600 but the ID continues; a 9-year gap separates the two blocks"
"asia/japa014.rwl","TKCrw49a",1780,"accepted practice","one ID carries two separate segments","stop marker ends a line at 1780 but the ID continues; a 14-year gap separates the two blocks"
"asia/japa014x.rwl","Tmx03a",1514,"accepted practice","interior year gap","110 year(s) missing (1514-1723); read.tucson fills these with 0"
"asia/japa014x.rwl","Tmx207b",1946,"accepted practice","interior year gap","8 year(s) missing (1946-1953); read.tucson fills these with 0"
"asia/japa014x.rwl","Tmx211b",1760,"accepted practice","interior year gap","10 year(s) missing (1760-1769); read.tucson fills these with 0"
"asia/japa014x.rwl","Tmx33a",1727,"accepted practice","interior year gap","107 year(s) missing (1727-1833); read.tucson fills these with 0"
"asia/japa014x.rwl","Tmx35a",1819,"accepted practice","interior year gap","2 year(s) missing (1819-1820); read.tucson fills these with 0"
"asia/japa014x.rwl","Tmx37a",1754,"accepted practice","interior year gap","49 year(s) missing (1754-1802); read.tucson fills these with 0"
"asia/japa014x.rwl","Tmx39a",1858,"accepted practice","interior year gap","1 year(s) missing (1858-1858); read.tucson fills these with 0"
"asia/japa014x.rwl","Tmx40a",1863,"accepted practice","interior year gap","3 year(s) missing (1863-1865); read.tucson fills these with 0"
"asia/japa014x.rwl","Tmx42b",1802,"accepted practice","interior year gap","18 year(s) missing (1802-1819); read.tucson fills these with 0"
"asia/japa014x.rwl","Tmx43a",1740,"accepted practice","interior year gap","2 year(s) missing (1740-1741); read.tucson fills these with 0"
"asia/japa014x.rwl","Tmx51b",1800,"accepted practice","interior year gap","4 year(s) missing (1800-1803); read.tucson fills these with 0"
"asia/japa014x.rwl","Tmx03a",1510,"accepted practice","one ID carries two separate segments","stop marker ends a line at 1510 but the ID continues; a 18-year gap separates the two blocks"
"asia/japa014x.rwl","Tmx207b",1940,"accepted practice","one ID carries two separate segments","stop marker ends a line at 1940 but the ID continues; a 9-year gap separates the two blocks"
"asia/japa014x.rwl","Tmx33a",1720,"accepted practice","one ID carries two separate segments","stop marker ends a line at 1720 but the ID continues; a 108-year gap separates the two blocks"
"asia/japa014x.rwl","Tmx35a",1810,"accepted practice","one ID carries two separate segments","stop marker ends a line at 1810 but the ID continues; a 3-year gap separates the two blocks"
"asia/japa014x.rwl","Tmx37a",1750,"accepted practice","one ID carries two separate segments","stop marker ends a line at 1750 but the ID continues; a 50-year gap separates the two blocks"
"asia/japa014x.rwl","Tmx39a",1850,"accepted practice","one ID carries two separate segments","stop marker ends a line at 1850 but the ID continues; a 2-year gap separates the two blocks"
"asia/japa014x.rwl","Tmx40a",1860,"accepted practice","one ID carries two separate segments","stop marker ends a line at 1860 but the ID continues; a 4-year gap separates the two blocks"
"asia/japa014x.rwl","Tmx42b",1800,"accepted practice","one ID carries two separate segments","stop marker ends a line at 1800 but the ID continues; a 19-year gap separates the two blocks"
"asia/japa014x.rwl","Tmx43a",1730,"accepted practice","one ID carries two separate segments","stop marker ends a line at 1730 but the ID continues; a 3-year gap separates the two blocks"
"asia/japa016.rwl","SJTrw02A",1979,"accepted practice","interior year gap","1 year(s) missing (1979-1979); read.tucson fills these with 0"
"asia/japa016.rwl","SJTrw02B",1920,"accepted practice","interior year gap","1 year(s) missing (1920-1920); read.tucson fills these with 0"
"asia/japa016.rwl","SJTrw03",1919,"accepted practice","interior year gap","2 year(s) missing (1919-1920); read.tucson fills these with 0"
"asia/japa016.rwl","SJTrw05A",1991,"accepted practice","interior year gap","1 year(s) missing (1991-1991); read.tucson fills these with 0"
"asia/japa016.rwl","SJTrw19A",1958,"accepted practice","interior year gap","2 year(s) missing (1958-1959); read.tucson fills these with 0"
"asia/japa016.rwl","SJTrw02A",1970,"accepted practice","one ID carries two separate segments","stop marker ends a line at 1970 but the ID continues; a 2-year gap separates the two blocks"
"asia/japa016.rwl","SJTrw02B",1910,"accepted practice","one ID carries two separate segments","stop marker ends a line at 1910 but the ID continues; a 2-year gap separates the two blocks"
"asia/japa016.rwl","SJTrw03",1910,"accepted practice","one ID carries two separate segments","stop marker ends a line at 1910 but the ID continues; a 3-year gap separates the two blocks"
"asia/japa016.rwl","SJTrw05A",1990,"accepted practice","one ID carries two separate segments","stop marker ends a line at 1990 but the ID continues; a 2-year gap separates the two blocks"
"asia/japa016.rwl","SJTrw19A",1950,"accepted practice","one ID carries two separate segments","stop marker ends a line at 1950 but the ID continues; a 3-year gap separates the two blocks"
"asia/japa016x.rwl","Smx010a",1644,"accepted practice","interior year gap","65 year(s) missing (1644-1860); read.tucson fills these with 0"
"asia/japa016x.rwl","Smx013a",1681,"accepted practice","interior year gap","105 year(s) missing (1681-1891); read.tucson fills these with 0"
"asia/japa016x.rwl","Smx013b",1831,"accepted practice","interior year gap","73 year(s) missing (1831-1966); read.tucson fills these with 0"
"asia/japa016x.rwl","Smx015a",1661,"accepted practice","interior year gap","88 year(s) missing (1661-1836); read.tucson fills these with 0"
"asia/japa016x.rwl","Smx01a",1931,"accepted practice","interior year gap","54 year(s) missing (1931-1984); read.tucson fills these with 0"
"asia/japa016x.rwl","Smx01b",1808,"accepted practice","interior year gap","32 year(s) missing (1808-1870); read.tucson fills these with 0"
"asia/japa016x.rwl","Smx04b",1843,"accepted practice","interior year gap","26 year(s) missing (1843-1965); read.tucson fills these with 0"
"asia/japa016x.rwl","Smx14",1871,"accepted practice","interior year gap","26 year(s) missing (1871-1896); read.tucson fills these with 0"
"asia/japa016x.rwl","Smx15",1969,"accepted practice","interior year gap","2 year(s) missing (1969-1970); read.tucson fills these with 0"
"asia/japa016x.rwl","Smx17a",1905,"accepted practice","interior year gap","53 year(s) missing (1905-1984); read.tucson fills these with 0"
"asia/japa016x.rwl","Smx18a",1753,"accepted practice","interior year gap","49 year(s) missing (1753-1801); read.tucson fills these with 0"
"asia/japa016x.rwl","Smx18b",1825,"accepted practice","interior year gap","54 year(s) missing (1825-1878); read.tucson fills these with 0"
"asia/japa016x.rwl","Smx20a",1918,"accepted practice","interior year gap","4 year(s) missing (1918-1921); read.tucson fills these with 0"
"asia/japa016x.rwl","Smx20b",1773,"accepted practice","interior year gap","19 year(s) missing (1773-1791); read.tucson fills these with 0"
"asia/japa016x.rwl","Smx25b",1856,"accepted practice","interior year gap","19 year(s) missing (1856-1989); read.tucson fills these with 0"
"asia/japa016x.rwl","Smx27b",1962,"accepted practice","interior year gap","15 year(s) missing (1962-1976); read.tucson fills these with 0"
"asia/japa016x.rwl","Smx28b",1782,"accepted practice","interior year gap","82 year(s) missing (1782-1918); read.tucson fills these with 0"
"asia/japa016x.rwl","Smx30",1849,"accepted practice","interior year gap","64 year(s) missing (1849-1998); read.tucson fills these with 0"
"asia/japa016x.rwl","Smx31a",1941,"accepted practice","interior year gap","1 year(s) missing (1941-1941); read.tucson fills these with 0"
"asia/japa016x.rwl","Smx010a",1640,"accepted practice","one ID carries two separate segments","stop marker ends a line at 1640 but the ID continues; a 17-year gap separates the two blocks"
"asia/japa016x.rwl","Smx013a",1680,"accepted practice","one ID carries two separate segments","stop marker ends a line at 1680 but the ID continues; a 44-year gap separates the two blocks"
"asia/japa016x.rwl","Smx013b",1830,"accepted practice","one ID carries two separate segments","stop marker ends a line at 1830 but the ID continues; a 30-year gap separates the two blocks"
"asia/japa016x.rwl","Smx015a",1660,"accepted practice","one ID carries two separate segments","stop marker ends a line at 1660 but the ID continues; a 60-year gap separates the two blocks"
"asia/japa016x.rwl","Smx01a",1930,"accepted practice","one ID carries two separate segments","stop marker ends a line at 1930 but the ID continues; a 55-year gap separates the two blocks"
"asia/japa016x.rwl","Smx01b",1800,"accepted practice","one ID carries two separate segments","stop marker ends a line at 1800 but the ID continues; a 17-year gap separates the two blocks"
"asia/japa016x.rwl","Smx04b",1840,"accepted practice","one ID carries two separate segments","stop marker ends a line at 1840 but the ID continues; a 6-year gap separates the two blocks"
"asia/japa016x.rwl","Smx14",1870,"accepted practice","one ID carries two separate segments","stop marker ends a line at 1870 but the ID continues; a 27-year gap separates the two blocks"
"asia/japa016x.rwl","Smx15",1960,"accepted practice","one ID carries two separate segments","stop marker ends a line at 1960 but the ID continues; a 3-year gap separates the two blocks"
"asia/japa016x.rwl","Smx17a",1900,"accepted practice","one ID carries two separate segments","stop marker ends a line at 1900 but the ID continues; a 2-year gap separates the two blocks"
"asia/japa016x.rwl","Smx18a",1750,"accepted practice","one ID carries two separate segments","stop marker ends a line at 1750 but the ID continues; a 50-year gap separates the two blocks"
"asia/japa016x.rwl","Smx18b",1820,"accepted practice","one ID carries two separate segments","stop marker ends a line at 1820 but the ID continues; a 55-year gap separates the two blocks"
"asia/japa016x.rwl","Smx20a",1910,"accepted practice","one ID carries two separate segments","stop marker ends a line at 1910 but the ID continues; a 5-year gap separates the two blocks"
"asia/japa016x.rwl","Smx20b",1770,"accepted practice","one ID carries two separate segments","stop marker ends a line at 1770 but the ID continues; a 20-year gap separates the two blocks"
"asia/japa016x.rwl","Smx27b",1960,"accepted practice","one ID carries two separate segments","stop marker ends a line at 1960 but the ID continues; a 16-year gap separates the two blocks"
"asia/japa016x.rwl","Smx28b",1780,"accepted practice","one ID carries two separate segments","stop marker ends a line at 1780 but the ID continues; a 43-year gap separates the two blocks"
"asia/japa016x.rwl","Smx30",1840,"accepted practice","one ID carries two separate segments","stop marker ends a line at 1840 but the ID continues; a 3-year gap separates the two blocks"
"asia/japa016x.rwl","Smx31a",1940,"accepted practice","one ID carries two separate segments","stop marker ends a line at 1940 but the ID continues; a 2-year gap separates the two blocks"
"asia/japa017.rwl","YKA03b2",1481,"accepted practice","interior year gap","127 year(s) missing (1481-1689); read.tucson fills these with 0"
"asia/japa017.rwl","YKA04a2",1469,"accepted practice","interior year gap","161 year(s) missing (1469-1629); read.tucson fills these with 0"
"asia/japa017.rwl","YKA10a2",1473,"accepted practice","interior year gap","5 year(s) missing (1473-1477); read.tucson fills these with 0"
"asia/japa017.rwl","YKA12c1",1828,"accepted practice","interior year gap","4 year(s) missing (1828-1831); read.tucson fills these with 0"
"asia/japa017.rwl","YKA24b3c",1360,"accepted practice","interior year gap","20 year(s) missing (1360-1379); read.tucson fills these with 0"
"asia/japa017.rwl","YKA27b1",1725,"accepted practice","interior year gap","4 year(s) missing (1725-1939); read.tucson fills these with 0"
"asia/japa017.rwl","YKA29a1",1911,"accepted practice","interior year gap","5 year(s) missing (1911-1915); read.tucson fills these with 0"
"asia/japa017.rwl","YKA29b2",1524,"accepted practice","interior year gap","5 year(s) missing (1524-1541); read.tucson fills these with 0"
"asia/japa017.rwl","YKA03b2",1480,"accepted practice","one ID carries two separate segments","stop marker ends a line at 1480 but the ID continues; a 70-year gap separates the two blocks"
"asia/japa017.rwl","YKA04a2",1460,"accepted practice","one ID carries two separate segments","stop marker ends a line at 1460 but the ID continues; a 162-year gap separates the two blocks"
"asia/japa017.rwl","YKA10a2",1470,"accepted practice","one ID carries two separate segments","stop marker ends a line at 1470 but the ID continues; a 6-year gap separates the two blocks"
"asia/japa017.rwl","YKA12c1",1823,"accepted practice","one ID carries two separate segments","stop marker ends a line at 1823 but the ID continues; a 5-year gap separates the two blocks"
"asia/japa017.rwl","YKA24b3c",1350,"accepted practice","one ID carries two separate segments","stop marker ends a line at 1350 but the ID continues; a 21-year gap separates the two blocks"
"asia/japa017.rwl","YKA27b1",1720,"accepted practice","one ID carries two separate segments","stop marker ends a line at 1720 but the ID continues; a 2-year gap separates the two blocks"
"asia/japa017.rwl","YKA29a1",1910,"accepted practice","one ID carries two separate segments","stop marker ends a line at 1910 but the ID continues; a 6-year gap separates the two blocks"
"asia/japa017.rwl","YKA29b2",1520,"accepted practice","one ID carries two separate segments","stop marker ends a line at 1520 but the ID continues; a 5-year gap separates the two blocks"
"asia/japa017x.rwl","mx09a1",1874,"accepted practice","interior year gap","6 year(s) missing (1874-1907); read.tucson fills these with 0"
"asia/japa017x.rwl","mx16d1",1862,"accepted practice","interior year gap","13 year(s) missing (1862-1910); read.tucson fills these with 0"
"asia/japa017x.rwl","mx20a6-8",1857,"accepted practice","interior year gap","3 year(s) missing (1857-1859); read.tucson fills these with 0"
"asia/japa017x.rwl","mx09a1",1870,"accepted practice","one ID carries two separate segments","stop marker ends a line at 1870 but the ID continues; a 3-year gap separates the two blocks"
"asia/japa017x.rwl","mx16d1",1860,"accepted practice","one ID carries two separate segments","stop marker ends a line at 1860 but the ID continues; a 9-year gap separates the two blocks"
"asia/japa017x.rwl","mx20a6-8",1850,"accepted practice","one ID carries two separate segments","stop marker ends a line at 1850 but the ID continues; a 4-year gap separates the two blocks"
"asia/japa018.rwl","YKCrw05b",1132,"accepted practice","interior year gap","9 year(s) missing (1132-1140); read.tucson fills these with 0"
"asia/japa018.rwl","YKCrw05c",1696,"accepted practice","interior year gap","52 year(s) missing (1696-1747); read.tucson fills these with 0"
"asia/japa018.rwl","YKCrw11a",1829,"accepted practice","interior year gap","50 year(s) missing (1829-1878); read.tucson fills these with 0"
"asia/japa018.rwl","YKCrw27b",1702,"accepted practice","interior year gap","10 year(s) missing (1702-1711); read.tucson fills these with 0"
"asia/japa018.rwl","YKCrw32b",1971,"accepted practice","interior year gap","2 year(s) missing (1971-1972); read.tucson fills these with 0"
"asia/japa018.rwl","YKCrw05b",1130,"accepted practice","one ID carries two separate segments","stop marker ends a line at 1130 but the ID continues; a 10-year gap separates the two blocks"
"asia/japa018.rwl","YKCrw05c",1690,"accepted practice","one ID carries two separate segments","stop marker ends a line at 1690 but the ID continues; a 53-year gap separates the two blocks"
"asia/japa018x.rwl","mx05c",1696,"accepted practice","interior year gap","52 year(s) missing (1696-1747); read.tucson fills these with 0"
"asia/japa018x.rwl","mx11a",1829,"accepted practice","interior year gap","50 year(s) missing (1829-1878); read.tucson fills these with 0"
"asia/japa018x.rwl","mx27b",1702,"accepted practice","interior year gap","10 year(s) missing (1702-1711); read.tucson fills these with 0"
"asia/japa018x.rwl","mx32b",1971,"accepted practice","interior year gap","2 year(s) missing (1971-1972); read.tucson fills these with 0"
"asia/japa018x.rwl","mx05c",1690,"accepted practice","one ID carries two separate segments","stop marker ends a line at 1690 but the ID continues; a 53-year gap separates the two blocks"
"asia/kyrg012.rwl","koee1b",1734,"accepted practice","interior year gap","27 year(s) missing (1734-1760); read.tucson fills these with 0"
"asia/kyrg012.rwl","koee1b",1730,"accepted practice","one ID carries two separate segments","stop marker ends a line at 1730 but the ID continues; a 28-year gap separates the two blocks"
"asia/kyrg013.rwl","eng13b",1560,"accepted practice","interior year gap","9 year(s) missing (1560-1568); read.tucson fills these with 0"
"asia/kyrg013.rwl","eng14a",1827,"accepted practice","interior year gap","2 year(s) missing (1827-1828); read.tucson fills these with 0"
"asia/kyrg013.rwl","eng24c",1375,"accepted practice","interior year gap","24 year(s) missing (1375-1557); read.tucson fills these with 0"
"asia/kyrg013.rwl","eng25a",1700,"accepted practice","interior year gap","134 year(s) missing (1700-1899); read.tucson fills these with 0"
"asia/kyrg013.rwl","eng25b",1546,"accepted practice","interior year gap","3 year(s) missing (1546-1548); read.tucson fills these with 0"
"asia/kyrg013.rwl","eng26b",1846,"accepted practice","interior year gap","9 year(s) missing (1846-1854); read.tucson fills these with 0"
"asia/kyrg013.rwl","eng29b",1823,"accepted practice","interior year gap","6 year(s) missing (1823-1828); read.tucson fills these with 0"
"asia/kyrg013.rwl","eng32a",1629,"accepted practice","interior year gap","6 year(s) missing (1629-1811); read.tucson fills these with 0"
"asia/kyrg013.rwl","eng33a",1831,"accepted practice","interior year gap","8 year(s) missing (1831-1838); read.tucson fills these with 0"
"asia/kyrg013.rwl","eng33b",1850,"accepted practice","interior year gap","9 year(s) missing (1850-1858); read.tucson fills these with 0"
"asia/kyrg013.rwl","eng13b",1550,"accepted practice","one ID carries two separate segments","stop marker ends a line at 1550 but the ID continues; a 10-year gap separates the two blocks"
"asia/kyrg013.rwl","eng14a",1820,"accepted practice","one ID carries two separate segments","stop marker ends a line at 1820 but the ID continues; a 3-year gap separates the two blocks"
"asia/kyrg013.rwl","eng24c",1370,"accepted practice","one ID carries two separate segments","stop marker ends a line at 1370 but the ID continues; a 5-year gap separates the two blocks"
"asia/kyrg013.rwl","eng25a",1690,"accepted practice","one ID carries two separate segments","stop marker ends a line at 1690 but the ID continues; a 10-year gap separates the two blocks"
"asia/kyrg013.rwl","eng25b",1540,"accepted practice","one ID carries two separate segments","stop marker ends a line at 1540 but the ID continues; a 4-year gap separates the two blocks"
"asia/kyrg013.rwl","eng26b",1840,"accepted practice","one ID carries two separate segments","stop marker ends a line at 1840 but the ID continues; a 10-year gap separates the two blocks"
"asia/kyrg013.rwl","eng29b",1820,"accepted practice","one ID carries two separate segments","stop marker ends a line at 1820 but the ID continues; a 7-year gap separates the two blocks"
"asia/kyrg013.rwl","eng32a",1620,"accepted practice","one ID carries two separate segments","stop marker ends a line at 1620 but the ID continues; a 4-year gap separates the two blocks"
"asia/kyrg013.rwl","eng33a",1830,"accepted practice","one ID carries two separate segments","stop marker ends a line at 1830 but the ID continues; a 9-year gap separates the two blocks"
"asia/kyrg013.rwl","eng33b",1840,"accepted practice","one ID carries two separate segments","stop marker ends a line at 1840 but the ID continues; a 10-year gap separates the two blocks"
"asia/kyrg014.rwl","kok12a",1870,"accepted practice","interior year gap","65 year(s) missing (1870-1934); read.tucson fills these with 0"
"asia/kyrg014.rwl","kok2a",1863,"accepted practice","interior year gap","48 year(s) missing (1863-1910); read.tucson fills these with 0"
"asia/kyrg014.rwl","kok2b",1701,"accepted practice","interior year gap","12 year(s) missing (1701-1921); read.tucson fills these with 0"
"asia/kyrg014.rwl","kok3a",1899,"accepted practice","interior year gap","1 year(s) missing (1899-1899); read.tucson fills these with 0"
"asia/kyrg014.rwl","kok5b",1874,"accepted practice","interior year gap","11 year(s) missing (1874-1884); read.tucson fills these with 0"
"asia/kyrg014.rwl","kok12a",1860,"accepted practice","one ID carries two separate segments","stop marker ends a line at 1860 but the ID continues; a 66-year gap separates the two blocks"
"asia/kyrg014.rwl","kok2a",1860,"accepted practice","one ID carries two separate segments","stop marker ends a line at 1860 but the ID continues; a 49-year gap separates the two blocks"
"asia/kyrg014.rwl","kok2b",1700,"accepted practice","one ID carries two separate segments","stop marker ends a line at 1700 but the ID continues; a 6-year gap separates the two blocks"
"asia/kyrg014.rwl","kok3a",1890,"accepted practice","one ID carries two separate segments","stop marker ends a line at 1890 but the ID continues; a 2-year gap separates the two blocks"
"asia/kyrg014.rwl","kok5b",1870,"accepted practice","one ID carries two separate segments","stop marker ends a line at 1870 but the ID continues; a 12-year gap separates the two blocks"
"asia/kyrg015.rwl","nan2c",1813,"accepted practice","interior year gap","26 year(s) missing (1813-1838); read.tucson fills these with 0"
"asia/kyrg015.rwl","nan2c",1810,"accepted practice","one ID carries two separate segments","stop marker ends a line at 1810 but the ID continues; a 27-year gap separates the two blocks"
"asia/mng044.rwl","KLL0072A",1882,"accepted practice","interior year gap","28 year(s) missing (1882-1909); read.tucson fills these with 0"
"asia/mng044.rwl","KLL0072A",1880,"accepted practice","one ID carries two separate segments","stop marker ends a line at 1880 but the ID continues; a 29-year gap separates the two blocks"
"asia/mng045.rwl","ULL7001B",1923,"accepted practice","interior year gap","17 year(s) missing (1923-1939); read.tucson fills these with 0"
"asia/mng045.rwl","ULL7011A",1382,"accepted practice","interior year gap","16 year(s) missing (1382-1397); read.tucson fills these with 0"
"asia/mng045.rwl","ULL8001A",1728,"accepted practice","interior year gap","3 year(s) missing (1728-1730); read.tucson fills these with 0"
"asia/mng045.rwl","ULL7001B",1920,"accepted practice","one ID carries two separate segments","stop marker ends a line at 1920 but the ID continues; a 18-year gap separates the two blocks"
"asia/mng045.rwl","ULL7011A",1380,"accepted practice","one ID carries two separate segments","stop marker ends a line at 1380 but the ID continues; a 17-year gap separates the two blocks"
"asia/mng045.rwl","ULL8001A",1720,"accepted practice","one ID carries two separate segments","stop marker ends a line at 1720 but the ID continues; a 4-year gap separates the two blocks"
"asia/mong002.rwl","MH 6E",1881,"accepted practice","interior year gap","3 year(s) missing (1881-1883); read.tucson fills these with 0"
"asia/mong002.rwl","MH7S",1772,"accepted practice","interior year gap","78 year(s) missing (1772-1849); read.tucson fills these with 0"
"asia/mong002.rwl","MH 6E",1880,"accepted practice","one ID carries two separate segments","stop marker ends a line at 1880 but the ID continues; a 4-year gap separates the two blocks"
"asia/mong002.rwl","MH7S",1770,"accepted practice","one ID carries two separate segments","stop marker ends a line at 1770 but the ID continues; a 79-year gap separates the two blocks"
"asia/mong005.rwl","UN25N",1788,"accepted practice","interior year gap","7 year(s) missing (1788-1794); read.tucson fills these with 0"
"asia/mong005.rwl","UN25N",1780,"accepted practice","one ID carries two separate segments","stop marker ends a line at 1780 but the ID continues; a 8-year gap separates the two blocks"
"asia/mong006.rwl","OT10SW",1649,"accepted practice","interior year gap","4 year(s) missing (1649-1652); read.tucson fills these with 0"
"asia/mong006.rwl","OT5S",1737,"accepted practice","interior year gap","6 year(s) missing (1737-1742); read.tucson fills these with 0"
"asia/mong006.rwl","OT10SW",1640,"accepted practice","one ID carries two separate segments","stop marker ends a line at 1640 but the ID continues; a 5-year gap separates the two blocks"
"asia/mong006.rwl","OT5S",1730,"accepted practice","one ID carries two separate segments","stop marker ends a line at 1730 but the ID continues; a 7-year gap separates the two blocks"
"asia/mong008.rwl","HBD10W",1817,"accepted practice","interior year gap","2 year(s) missing (1817-1818); read.tucson fills these with 0"
"asia/mong008.rwl","HBD1E",1779,"accepted practice","interior year gap","1 year(s) missing (1779-1779); read.tucson fills these with 0"
"asia/mong008.rwl","HBD10W",1810,"accepted practice","one ID carries two separate segments","stop marker ends a line at 1810 but the ID continues; a 3-year gap separates the two blocks"
"asia/mong009.rwl","KK25E",1665,"accepted practice","interior year gap","48 year(s) missing (1665-1712); read.tucson fills these with 0"
"asia/mong009.rwl","KK26S",1521,"accepted practice","interior year gap","28 year(s) missing (1521-1598); read.tucson fills these with 0"
"asia/mong009.rwl","KK25E",1660,"accepted practice","one ID carries two separate segments","stop marker ends a line at 1660 but the ID continues; a 49-year gap separates the two blocks"
"asia/mong009.rwl","KK26S",1520,"accepted practice","one ID carries two separate segments","stop marker ends a line at 1520 but the ID continues; a 24-year gap separates the two blocks"
"asia/mong014.rwl","SM02a",1736,"accepted practice","interior year gap","48 year(s) missing (1736-1783); read.tucson fills these with 0"
"asia/mong014.rwl","SM02a",1730,"accepted practice","one ID carries two separate segments","stop marker ends a line at 1730 but the ID continues; a 49-year gap separates the two blocks"
"asia/mong019.rwl","bg34e",1731,"accepted practice","interior year gap","32 year(s) missing (1731-1762); read.tucson fills these with 0"
"asia/mong019.rwl","bg34e",1730,"accepted practice","one ID carries two separate segments","stop marker ends a line at 1730 but the ID continues; a 33-year gap separates the two blocks"
"asia/mong022.rwl","IR11S",1760,"accepted practice","interior year gap","9 year(s) missing (1760-1768); read.tucson fills these with 0"
"asia/mong022.rwl","IR11S",1750,"accepted practice","one ID carries two separate segments","stop marker ends a line at 1750 but the ID continues; a 10-year gap separates the two blocks"
"asia/mong030.rwl","SPR2W",1506,"accepted practice","interior year gap","56 year(s) missing (1506-1561); read.tucson fills these with 0"
"asia/mong030.rwl","SPR2W",1500,"accepted practice","one ID carries two separate segments","stop marker ends a line at 1500 but the ID continues; a 57-year gap separates the two blocks"
"asia/nepa003.rwl","AGAS03A",1866,"accepted practice","interior year gap","20 year(s) missing (1866-1885); read.tucson fills these with 0"
"asia/nepa003.rwl","AGAS03A",1860,"accepted practice","one ID carries two separate segments","stop marker ends a line at 1860 but the ID continues; a 21-year gap separates the two blocks"
"asia/nepa010.rwl","BHJS24B",1820,"accepted practice","interior year gap","3 year(s) missing (1820-1829); read.tucson fills these with 0"
"asia/nepa010.rwl","BHJS24B",1810,"accepted practice","one ID carries two separate segments","stop marker ends a line at 1810 but the ID continues; a 3-year gap separates the two blocks"
"asia/nepa045.rwl","PCSM017A",1779,"accepted practice","interior year gap","16 year(s) missing (1779-1794); read.tucson fills these with 0"
"asia/nepa045.rwl","PCSM028A",1817,"accepted practice","interior year gap","4 year(s) missing (1817-1820); read.tucson fills these with 0"
"asia/nepa045.rwl","PCSM028B",1705,"accepted practice","interior year gap","3 year(s) missing (1705-1707); read.tucson fills these with 0"
"asia/nepa045.rwl","PCSM029A",1924,"accepted practice","interior year gap","1 year(s) missing (1924-1924); read.tucson fills these with 0"
"asia/nepa045.rwl","PCSM017A",1770,"accepted practice","one ID carries two separate segments","stop marker ends a line at 1770 but the ID continues; a 17-year gap separates the two blocks"
"asia/nepa045.rwl","PCSM028A",1810,"accepted practice","one ID carries two separate segments","stop marker ends a line at 1810 but the ID continues; a 5-year gap separates the two blocks"
"asia/nepa045.rwl","PCSM028B",1700,"accepted practice","one ID carries two separate segments","stop marker ends a line at 1700 but the ID continues; a 4-year gap separates the two blocks"
"asia/paki019.rwl","BabJ04A",1910,"accepted practice","interior year gap","20 year(s) missing (1910-1929); read.tucson fills these with 0"
"asia/russ019.rwl","LKR15E",1808,"accepted practice","interior year gap","35 year(s) missing (1808-1842); read.tucson fills these with 0"
"asia/russ019.rwl","LKR15E",1800,"accepted practice","one ID carries two separate segments","stop marker ends a line at 1800 but the ID continues; a 36-year gap separates the two blocks"
"asia/russ209.rwl","bar1n",1860,"accepted practice","interior year gap","69 year(s) missing (1860-1928); read.tucson fills these with 0"
"asia/russ209.rwl","bar22n",1868,"accepted practice","interior year gap","32 year(s) missing (1868-1899); read.tucson fills these with 0"
"asia/russ209.rwl","bar28w",1902,"accepted practice","interior year gap","48 year(s) missing (1902-1949); read.tucson fills these with 0"
"asia/russ209.rwl","bar4n",1941,"accepted practice","interior year gap","12 year(s) missing (1941-1952); read.tucson fills these with 0"
"asia/russ209.rwl","bar7n",1898,"accepted practice","interior year gap","10 year(s) missing (1898-1907); read.tucson fills these with 0"
"asia/russ209.rwl","bar19w",1890,"accepted practice","one ID carries two separate segments","stop marker ends a line at 1890 but the ID continues; a 42-year gap separates the two blocks"
"asia/russ209.rwl","bar1n",1850,"accepted practice","one ID carries two separate segments","stop marker ends a line at 1850 but the ID continues; a 70-year gap separates the two blocks"
"asia/russ209.rwl","bar22n",1860,"accepted practice","one ID carries two separate segments","stop marker ends a line at 1860 but the ID continues; a 33-year gap separates the two blocks"
"asia/russ209.rwl","bar28w",1900,"accepted practice","one ID carries two separate segments","stop marker ends a line at 1900 but the ID continues; a 49-year gap separates the two blocks"
"asia/russ209.rwl","bar4n",1940,"accepted practice","one ID carries two separate segments","stop marker ends a line at 1940 but the ID continues; a 13-year gap separates the two blocks"
"asia/russ209.rwl","bar7n",1890,"accepted practice","one ID carries two separate segments","stop marker ends a line at 1890 but the ID continues; a 11-year gap separates the two blocks"
"asia/russ217.rwl","KR01N/S",1788,"accepted practice","interior year gap","12 year(s) missing (1788-1799); read.tucson fills these with 0"
"asia/russ217.rwl","KR02E",1775,"accepted practice","interior year gap","24 year(s) missing (1775-1899); read.tucson fills these with 0"
"asia/russ217.rwl","KR02W",1782,"accepted practice","interior year gap","38 year(s) missing (1782-1819); read.tucson fills these with 0"
"asia/russ217.rwl","KR04LW",1895,"accepted practice","interior year gap","15 year(s) missing (1895-1909); read.tucson fills these with 0"
"asia/russ217.rwl","KR04W",1877,"accepted practice","interior year gap","9 year(s) missing (1877-1885); read.tucson fills these with 0"
"asia/russ217.rwl","KR06E",1814,"accepted practice","interior year gap","4 year(s) missing (1814-1817); read.tucson fills these with 0"
"asia/russ217.rwl","KR07W",1803,"accepted practice","interior year gap","6 year(s) missing (1803-1808); read.tucson fills these with 0"
"asia/russ217.rwl","KR09N",1788,"accepted practice","interior year gap","10 year(s) missing (1788-1797); read.tucson fills these with 0"
"asia/russ217.rwl","KR09S",1780,"accepted practice","interior year gap","19 year(s) missing (1780-1798); read.tucson fills these with 0"
"asia/russ217.rwl","KR12E",1716,"accepted practice","interior year gap","34 year(s) missing (1716-1749); read.tucson fills these with 0"
"asia/russ217.rwl","KR12S",1704,"accepted practice","interior year gap","26 year(s) missing (1704-1729); read.tucson fills these with 0"
"asia/russ217.rwl","KR12W",1751,"accepted practice","interior year gap","19 year(s) missing (1751-1769); read.tucson fills these with 0"
"asia/russ217.rwl","KR14S",1622,"accepted practice","interior year gap","14 year(s) missing (1622-1635); read.tucson fills these with 0"
"asia/russ217.rwl","KR01N/S",1780,"accepted practice","one ID carries two separate segments","stop marker ends a line at 1780 but the ID continues; a 13-year gap separates the two blocks"
"asia/russ217.rwl","KR02E",1770,"accepted practice","one ID carries two separate segments","stop marker ends a line at 1770 but the ID continues; a 16-year gap separates the two blocks"
"asia/russ217.rwl","KR02W",1780,"accepted practice","one ID carries two separate segments","stop marker ends a line at 1780 but the ID continues; a 39-year gap separates the two blocks"
"asia/russ217.rwl","KR04LW",1890,"accepted practice","one ID carries two separate segments","stop marker ends a line at 1890 but the ID continues; a 16-year gap separates the two blocks"
"asia/russ217.rwl","KR04W",1870,"accepted practice","one ID carries two separate segments","stop marker ends a line at 1870 but the ID continues; a 10-year gap separates the two blocks"
"asia/russ217.rwl","KR06E",1810,"accepted practice","one ID carries two separate segments","stop marker ends a line at 1810 but the ID continues; a 5-year gap separates the two blocks"
"asia/russ217.rwl","KR07W",1800,"accepted practice","one ID carries two separate segments","stop marker ends a line at 1800 but the ID continues; a 7-year gap separates the two blocks"
"asia/russ217.rwl","KR09N",1780,"accepted practice","one ID carries two separate segments","stop marker ends a line at 1780 but the ID continues; a 11-year gap separates the two blocks"
"asia/russ217.rwl","KR09S",1770,"accepted practice","one ID carries two separate segments","stop marker ends a line at 1770 but the ID continues; a 20-year gap separates the two blocks"
"asia/russ217.rwl","KR12E",1710,"accepted practice","one ID carries two separate segments","stop marker ends a line at 1710 but the ID continues; a 35-year gap separates the two blocks"
"asia/russ217.rwl","KR12S",1700,"accepted practice","one ID carries two separate segments","stop marker ends a line at 1700 but the ID continues; a 27-year gap separates the two blocks"
"asia/russ217.rwl","KR12W",1750,"accepted practice","one ID carries two separate segments","stop marker ends a line at 1750 but the ID continues; a 20-year gap separates the two blocks"
"asia/russ217.rwl","KR14S",1620,"accepted practice","one ID carries two separate segments","stop marker ends a line at 1620 but the ID continues; a 15-year gap separates the two blocks"
"asia/russ218.rwl","RV11S",1752,"accepted practice","interior year gap","108 year(s) missing (1752-1859); read.tucson fills these with 0"
"asia/russ218.rwl","rv13s",1791,"accepted practice","interior year gap","119 year(s) missing (1791-1909); read.tucson fills these with 0"
"asia/russ218.rwl","rv2s",1786,"accepted practice","interior year gap","114 year(s) missing (1786-1899); read.tucson fills these with 0"
"asia/russ218.rwl","rv5n",1776,"accepted practice","interior year gap","44 year(s) missing (1776-1819); read.tucson fills these with 0"
"asia/russ218.rwl","rv13s",1790,"accepted practice","one ID carries two separate segments","stop marker ends a line at 1790 but the ID continues; a 120-year gap separates the two blocks"
"asia/russ218.rwl","rv5n",1770,"accepted practice","one ID carries two separate segments","stop marker ends a line at 1770 but the ID continues; a 45-year gap separates the two blocks"
"asia/russ219.rwl","BRL15N",1804,"accepted practice","interior year gap","1 year(s) missing (1804-1804); read.tucson fills these with 0"
"asia/russ243.rwl","CHAM14NE",1817,"accepted practice","interior year gap","31 year(s) missing (1817-1847); read.tucson fills these with 0"
"asia/russ243.rwl","CHAM14NE",1810,"accepted practice","one ID carries two separate segments","stop marker ends a line at 1810 but the ID continues; a 32-year gap separates the two blocks"
"asia/russ262.rwl","LTB06B",1751,"accepted practice","interior year gap","37 year(s) missing (1751-1787); read.tucson fills these with 0"
"asia/russ262.rwl","LTB06B",1750,"accepted practice","one ID carries two separate segments","stop marker ends a line at 1750 but the ID continues; a 38-year gap separates the two blocks"
"asia/russ263.rwl","MTB13A",1793,"accepted practice","interior year gap","23 year(s) missing (1793-1815); read.tucson fills these with 0"
"asia/russ263.rwl","MTB13A",1790,"accepted practice","one ID carries two separate segments","stop marker ends a line at 1790 but the ID continues; a 24-year gap separates the two blocks"
"australia/aus118.rwl","SR1072A",1475,"accepted practice","interior year gap","5 year(s) missing (1475-1479); read.tucson fills these with 0"
"australia/aus124e.rwl","FBC17S",1708,"accepted practice","interior year gap","68 year(s) missing (1708-1775); read.tucson fills these with 0"
"australia/aus124e.rwl","FBC17S",1700,"accepted practice","one ID carries two separate segments","stop marker ends a line at 1700 but the ID continues; a 69-year gap separates the two blocks"
"australia/aus125c.rwl","MRD08S",1651,"accepted practice","interior year gap","150 year(s) missing (1651-1800); read.tucson fills these with 0"
"australia/aus125c.rwl","MRD18N",1772,"accepted practice","interior year gap","32 year(s) missing (1772-1803); read.tucson fills these with 0"
"australia/aus125c.rwl","MRD08S",1650,"accepted practice","one ID carries two separate segments","stop marker ends a line at 1650 but the ID continues; a 151-year gap separates the two blocks"
"australia/aus125c.rwl","MRD18N",1770,"accepted practice","one ID carries two separate segments","stop marker ends a line at 1770 but the ID continues; a 33-year gap separates the two blocks"
"australia/aus125d.rwl","MRD08S",1676,"accepted practice","interior year gap","125 year(s) missing (1676-1800); read.tucson fills these with 0"
"australia/aus125d.rwl","MRD18N",1771,"accepted practice","interior year gap","89 year(s) missing (1771-1859); read.tucson fills these with 0"
"australia/aus125d.rwl","MRD08S",1670,"accepted practice","one ID carries two separate segments","stop marker ends a line at 1670 but the ID continues; a 126-year gap separates the two blocks"
"australia/aus125d.rwl","MRD18N",1770,"accepted practice","one ID carries two separate segments","stop marker ends a line at 1770 but the ID continues; a 90-year gap separates the two blocks"
"australia/aus125h.rwl","MRD08S",1701,"accepted practice","interior year gap","100 year(s) missing (1701-1800); read.tucson fills these with 0"
"australia/aus125h.rwl","MRD08S",1700,"accepted practice","one ID carries two separate segments","stop marker ends a line at 1700 but the ID continues; a 101-year gap separates the two blocks"
"australia/aus126.rwl","swc109a",1611,"accepted practice","interior year gap","20 year(s) missing (1611-1630); read.tucson fills these with 0"
"australia/aus126.rwl","swc115a",1595,"accepted practice","interior year gap","15 year(s) missing (1595-1609); read.tucson fills these with 0"
"australia/aus126.rwl","swc109a",1610,"accepted practice","one ID carries two separate segments","stop marker ends a line at 1610 but the ID continues; a 21-year gap separates the two blocks"
"australia/aus126.rwl","swc115a",1590,"accepted practice","one ID carries two separate segments","stop marker ends a line at 1590 but the ID continues; a 16-year gap separates the two blocks"
"australia/aus126c.rwl","CO15B",1810,"accepted practice","interior year gap","5 year(s) missing (1810-1814); read.tucson fills these with 0"
"australia/aus128.rwl","BCH15E",1924,"accepted practice","interior year gap","15 year(s) missing (1924-1938); read.tucson fills these with 0"
"australia/aus128.rwl","BCH15N",1512,"accepted practice","interior year gap","58 year(s) missing (1512-1569); read.tucson fills these with 0"
"australia/aus128.rwl","BCH33S",1782,"accepted practice","interior year gap","18 year(s) missing (1782-1799); read.tucson fills these with 0"
"australia/aus128.rwl","BCH15E",1920,"accepted practice","one ID carries two separate segments","stop marker ends a line at 1920 but the ID continues; a 16-year gap separates the two blocks"
"australia/aus128.rwl","BCH15N",1510,"accepted practice","one ID carries two separate segments","stop marker ends a line at 1510 but the ID continues; a 59-year gap separates the two blocks"
"australia/aus128.rwl","BCH33S",1780,"accepted practice","one ID carries two separate segments","stop marker ends a line at 1780 but the ID continues; a 19-year gap separates the two blocks"
"australia/aus128c.rwl","BC106W",1664,"accepted practice","interior year gap","136 year(s) missing (1664-1799); read.tucson fills these with 0"
"australia/aus128c.rwl","BC106W",1660,"accepted practice","one ID carries two separate segments","stop marker ends a line at 1660 but the ID continues; a 137-year gap separates the two blocks"
"australia/aus128d.rwl","BC106W",1664,"accepted practice","interior year gap","136 year(s) missing (1664-1799); read.tucson fills these with 0"
"australia/aus128d.rwl","BC106W",1660,"accepted practice","one ID carries two separate segments","stop marker ends a line at 1660 but the ID continues; a 137-year gap separates the two blocks"
"australia/aus128h.rwl","BC106W",1664,"accepted practice","interior year gap","96 year(s) missing (1664-1759); read.tucson fills these with 0"
"australia/aus128h.rwl","BC106W",1660,"accepted practice","one ID carries two separate segments","stop marker ends a line at 1660 but the ID continues; a 97-year gap separates the two blocks"
"australia/ausl002.rwl","CMT814",1812,"accepted practice","interior year gap","18 year(s) missing (1812-1829); read.tucson fills these with 0"
"australia/ausl002.rwl","CMT821",1677,"accepted practice","interior year gap","12 year(s) missing (1677-1688); read.tucson fills these with 0"
"australia/ausl002.rwl","CMT861",1787,"accepted practice","interior year gap","43 year(s) missing (1787-1829); read.tucson fills these with 0"
"australia/ausl002.rwl","CMT862",1787,"accepted practice","interior year gap","43 year(s) missing (1787-1829); read.tucson fills these with 0"
"australia/ausl002.rwl","CMT814",1810,"accepted practice","one ID carries two separate segments","stop marker ends a line at 1810 but the ID continues; a 19-year gap separates the two blocks"
"australia/ausl002.rwl","CMT821",1670,"accepted practice","one ID carries two separate segments","stop marker ends a line at 1670 but the ID continues; a 13-year gap separates the two blocks"
"australia/ausl002.rwl","CMT861",1780,"accepted practice","one ID carries two separate segments","stop marker ends a line at 1780 but the ID continues; a 44-year gap separates the two blocks"
"australia/ausl002.rwl","CMT862",1780,"accepted practice","one ID carries two separate segments","stop marker ends a line at 1780 but the ID continues; a 44-year gap separates the two blocks"
"australia/ausl013.rwl","FRV044",1863,"accepted practice","interior year gap","1 year(s) missing (1863-1863); read.tucson fills these with 0"
"australia/ausl013.rwl","FRV092",1803,"accepted practice","interior year gap","17 year(s) missing (1803-1819); read.tucson fills these with 0"
"australia/ausl013.rwl","FRV044",1860,"accepted practice","one ID carries two separate segments","stop marker ends a line at 1860 but the ID continues; a 2-year gap separates the two blocks"
"australia/ausl013.rwl","FRV092",1800,"accepted practice","one ID carries two separate segments","stop marker ends a line at 1800 but the ID continues; a 18-year gap separates the two blocks"
"australia/ausl016.rwl","ARR893",1794,"accepted practice","interior year gap","2 year(s) missing (1794-1795); read.tucson fills these with 0"
"australia/ausl016.rwl","ARR893",1790,"accepted practice","one ID carries two separate segments","stop marker ends a line at 1790 but the ID continues; a 3-year gap separates the two blocks"
"australia/ausl018.rwl","PIE792",1891,"accepted practice","interior year gap","9 year(s) missing (1891-1899); read.tucson fills these with 0"
"australia/ausl018.rwl","PIE792",1890,"accepted practice","one ID carries two separate segments","stop marker ends a line at 1890 but the ID continues; a 10-year gap separates the two blocks"
"australia/ausl020.rwl","SWK422",1610,"accepted practice","interior year gap","10 year(s) missing (1610-1619); read.tucson fills these with 0"
"australia/ausl020.rwl","SWK481",1731,"accepted practice","interior year gap","29 year(s) missing (1731-1759); read.tucson fills these with 0"
"australia/ausl020.rwl","SWK481",1730,"accepted practice","one ID carries two separate segments","stop marker ends a line at 1730 but the ID continues; a 30-year gap separates the two blocks"
"australia/ausl023.rwl","LML07'",1567,"accepted practice","interior year gap","13 year(s) missing (1567-1579); read.tucson fills these with 0"
"australia/ausl023.rwl","LML07'",1560,"accepted practice","one ID carries two separate segments","stop marker ends a line at 1560 but the ID continues; a 14-year gap separates the two blocks"
"australia/ausl025.rwl","RFR12B",1671,"accepted practice","interior year gap","49 year(s) missing (1671-1719); read.tucson fills these with 0"
"australia/ausl025.rwl","RFR12C",1601,"accepted practice","interior year gap","99 year(s) missing (1601-1699); read.tucson fills these with 0"
"australia/ausl025.rwl","RFR13B",1698,"accepted practice","interior year gap","32 year(s) missing (1698-1729); read.tucson fills these with 0"
"australia/ausl025.rwl","RFR15C",1552,"accepted practice","interior year gap","188 year(s) missing (1552-1739); read.tucson fills these with 0"
"australia/ausl025.rwl","RFR12B",1670,"accepted practice","one ID carries two separate segments","stop marker ends a line at 1670 but the ID continues; a 50-year gap separates the two blocks"
"australia/ausl025.rwl","RFR12C",1600,"accepted practice","one ID carries two separate segments","stop marker ends a line at 1600 but the ID continues; a 100-year gap separates the two blocks"
"australia/ausl025.rwl","RFR13B",1690,"accepted practice","one ID carries two separate segments","stop marker ends a line at 1690 but the ID continues; a 33-year gap separates the two blocks"
"australia/ausl025.rwl","RFR15C",1550,"accepted practice","one ID carries two separate segments","stop marker ends a line at 1550 but the ID continues; a 189-year gap separates the two blocks"
"australia/ausl026.rwl","BLT50A",1434,"accepted practice","interior year gap","67 year(s) missing (1434-1500); read.tucson fills these with 0"
"australia/ausl026.rwl","BLT50B",1432,"accepted practice","interior year gap","49 year(s) missing (1432-1480); read.tucson fills these with 0"
"australia/ausl026.rwl","BLT54A",1502,"accepted practice","interior year gap","29 year(s) missing (1502-1530); read.tucson fills these with 0"
"australia/ausl026.rwl","BLT55B",1707,"accepted practice","interior year gap","43 year(s) missing (1707-1749); read.tucson fills these with 0"
"australia/ausl026.rwl","BLT50A",1430,"accepted practice","one ID carries two separate segments","stop marker ends a line at 1430 but the ID continues; a 68-year gap separates the two blocks"
"australia/ausl026.rwl","BLT50B",1430,"accepted practice","one ID carries two separate segments","stop marker ends a line at 1430 but the ID continues; a 50-year gap separates the two blocks"
"australia/ausl026.rwl","BLT54A",1500,"accepted practice","one ID carries two separate segments","stop marker ends a line at 1500 but the ID continues; a 30-year gap separates the two blocks"
"australia/ausl026.rwl","BLT55B",1700,"accepted practice","one ID carries two separate segments","stop marker ends a line at 1700 but the ID continues; a 44-year gap separates the two blocks"
"australia/ausl028.rwl","RCS01B",1903,"accepted practice","interior year gap","15 year(s) missing (1903-1917); read.tucson fills these with 0"
"australia/ausl028.rwl","RCS02B",1689,"accepted practice","interior year gap","20 year(s) missing (1689-1708); read.tucson fills these with 0"
"australia/ausl028.rwl","RCS10B",1705,"accepted practice","interior year gap","45 year(s) missing (1705-1749); read.tucson fills these with 0"
"australia/ausl028.rwl","RCS12C",1851,"accepted practice","interior year gap","39 year(s) missing (1851-1889); read.tucson fills these with 0"
"australia/ausl028.rwl","RCS13A",1815,"accepted practice","interior year gap","19 year(s) missing (1815-1833); read.tucson fills these with 0"
"australia/ausl028.rwl","RCS16C",1713,"accepted practice","interior year gap","64 year(s) missing (1713-1776); read.tucson fills these with 0"
"australia/ausl028.rwl","RCS01B",1900,"accepted practice","one ID carries two separate segments","stop marker ends a line at 1900 but the ID continues; a 16-year gap separates the two blocks"
"australia/ausl028.rwl","RCS02B",1680,"accepted practice","one ID carries two separate segments","stop marker ends a line at 1680 but the ID continues; a 21-year gap separates the two blocks"
"australia/ausl028.rwl","RCS10B",1700,"accepted practice","one ID carries two separate segments","stop marker ends a line at 1700 but the ID continues; a 46-year gap separates the two blocks"
"australia/ausl028.rwl","RCS12C",1850,"accepted practice","one ID carries two separate segments","stop marker ends a line at 1850 but the ID continues; a 40-year gap separates the two blocks"
"australia/ausl028.rwl","RCS13A",1810,"accepted practice","one ID carries two separate segments","stop marker ends a line at 1810 but the ID continues; a 20-year gap separates the two blocks"
"australia/ausl028.rwl","RCS16C",1710,"accepted practice","one ID carries two separate segments","stop marker ends a line at 1710 but the ID continues; a 65-year gap separates the two blocks"
"australia/ausl030.rwl","ARR893",1787,"accepted practice","interior year gap","9 year(s) missing (1787-1795); read.tucson fills these with 0"
"australia/ausl030.rwl","ARR893",1780,"accepted practice","one ID carries two separate segments","stop marker ends a line at 1780 but the ID continues; a 10-year gap separates the two blocks"
"australia/ausl035.rwl","602B",1732,"accepted practice","interior year gap","88 year(s) missing (1732-1819); read.tucson fills these with 0"
"australia/ausl035.rwl","603A",1859,"accepted practice","interior year gap","1 year(s) missing (1859-1859); read.tucson fills these with 0"
"australia/ausl035.rwl","615A",1655,"accepted practice","interior year gap","165 year(s) missing (1655-1819); read.tucson fills these with 0"
"australia/ausl035.rwl","615B",1714,"accepted practice","interior year gap","104 year(s) missing (1714-1817); read.tucson fills these with 0"
"australia/ausl035.rwl","602B",1730,"accepted practice","one ID carries two separate segments","stop marker ends a line at 1730 but the ID continues; a 89-year gap separates the two blocks"
"australia/ausl035.rwl","615A",1650,"accepted practice","one ID carries two separate segments","stop marker ends a line at 1650 but the ID continues; a 166-year gap separates the two blocks"
"australia/ausl035.rwl","615B",1710,"accepted practice","one ID carries two separate segments","stop marker ends a line at 1710 but the ID continues; a 105-year gap separates the two blocks"
"australia/ausl039.rwl","FBC17S",1708,"accepted practice","interior year gap","67 year(s) missing (1708-1774); read.tucson fills these with 0"
"australia/ausl039.rwl","FBC20N",1691,"accepted practice","interior year gap","24 year(s) missing (1691-1714); read.tucson fills these with 0"
"australia/ausl039.rwl","FBC21S",1958,"accepted practice","interior year gap","25 year(s) missing (1958-1982); read.tucson fills these with 0"
"australia/ausl039.rwl","FBC4S",1749,"accepted practice","interior year gap","14 year(s) missing (1749-1762); read.tucson fills these with 0"
"australia/ausl039.rwl","FBC5E",1742,"accepted practice","interior year gap","18 year(s) missing (1742-1759); read.tucson fills these with 0"
"australia/ausl039.rwl","FBC17S",1700,"accepted practice","one ID carries two separate segments","stop marker ends a line at 1700 but the ID continues; a 68-year gap separates the two blocks"
"australia/ausl039.rwl","FBC20N",1690,"accepted practice","one ID carries two separate segments","stop marker ends a line at 1690 but the ID continues; a 25-year gap separates the two blocks"
"australia/ausl039.rwl","FBC21S",1950,"accepted practice","one ID carries two separate segments","stop marker ends a line at 1950 but the ID continues; a 26-year gap separates the two blocks"
"australia/ausl039.rwl","FBC4S",1740,"accepted practice","one ID carries two separate segments","stop marker ends a line at 1740 but the ID continues; a 15-year gap separates the two blocks"
"australia/ausl039.rwl","FBC5E",1740,"accepted practice","one ID carries two separate segments","stop marker ends a line at 1740 but the ID continues; a 19-year gap separates the two blocks"
"australia/ausl040.rwl","BEB0540",1364,"accepted practice","interior year gap","6 year(s) missing (1364-1369); read.tucson fills these with 0"
"australia/ausl040.rwl","BEB1510",1551,"accepted practice","interior year gap","9 year(s) missing (1551-1559); read.tucson fills these with 0"
"australia/ausl040.rwl","NDG4310",1678,"accepted practice","interior year gap","2 year(s) missing (1678-1679); read.tucson fills these with 0"
"australia/ausl040.rwl","NWD06NW",1741,"accepted practice","interior year gap","49 year(s) missing (1741-1789); read.tucson fills these with 0"
"australia/ausl040.rwl","NWD3E",1658,"accepted practice","interior year gap","39 year(s) missing (1658-1696); read.tucson fills these with 0"
"australia/ausl040.rwl","NWD06NW",1740,"accepted practice","one ID carries two separate segments","stop marker ends a line at 1740 but the ID continues; a 50-year gap separates the two blocks"
"australia/ausl040.rwl","NWD3E",1650,"accepted practice","one ID carries two separate segments","stop marker ends a line at 1650 but the ID continues; a 40-year gap separates the two blocks"
"australia/ausl051.rwl","proc53",1869,"accepted practice","interior year gap","1 year(s) missing (1869-1869); read.tucson fills these with 0"
"australia/ausl053.rwl","JDA11A",-98,"accepted practice","interior year gap","398 year(s) missing (-98-299); read.tucson fills these with 0"
"australia/ausl053.rwl","JDA83C1",-1650,"accepted practice","interior year gap","69 year(s) missing (-1650--1582); read.tucson fills these with 0"
"australia/ausl053.rwl","JDA11A",-100,"accepted practice","one ID carries two separate segments","stop marker ends a line at -100 but the ID continues; a 399-year gap separates the two blocks"
"australia/ausl053.rwl","JDA83C1",-1660,"accepted practice","one ID carries two separate segments","stop marker ends a line at -1660 but the ID continues; a 70-year gap separates the two blocks"
"australia/newz001.rwl","PAP871",1920,"accepted practice","interior year gap","10 year(s) missing (1920-1929); read.tucson fills these with 0"
"australia/newz001.rwl","PAP874",1920,"accepted practice","interior year gap","10 year(s) missing (1920-1929); read.tucson fills these with 0"
"australia/newz002.rwl","CRG573",1847,"accepted practice","interior year gap","5 year(s) missing (1847-1851); read.tucson fills these with 0"
"australia/newz002.rwl","CRG573",1840,"accepted practice","one ID carries two separate segments","stop marker ends a line at 1840 but the ID continues; a 6-year gap separates the two blocks"
"australia/newz003.rwl","EMT883",1831,"accepted practice","interior year gap","7 year(s) missing (1831-1837); read.tucson fills these with 0"
"australia/newz003.rwl","EMT951",1852,"accepted practice","interior year gap","28 year(s) missing (1852-1879); read.tucson fills these with 0"
"australia/newz003.rwl","EMT883",1830,"accepted practice","one ID carries two separate segments","stop marker ends a line at 1830 but the ID continues; a 8-year gap separates the two blocks"
"australia/newz003.rwl","EMT951",1850,"accepted practice","one ID carries two separate segments","stop marker ends a line at 1850 but the ID continues; a 29-year gap separates the two blocks"
"australia/newz005.rwl","AHA093",1922,"accepted practice","interior year gap","10 year(s) missing (1922-1931); read.tucson fills these with 0"
"australia/newz005.rwl","AHA102",1508,"accepted practice","interior year gap","22 year(s) missing (1508-1529); read.tucson fills these with 0"
"australia/newz005.rwl","AHA124",1822,"accepted practice","interior year gap","68 year(s) missing (1822-1889); read.tucson fills these with 0"
"australia/newz005.rwl","AHA093",1920,"accepted practice","one ID carries two separate segments","stop marker ends a line at 1920 but the ID continues; a 11-year gap separates the two blocks"
"australia/newz005.rwl","AHA102",1500,"accepted practice","one ID carries two separate segments","stop marker ends a line at 1500 but the ID continues; a 23-year gap separates the two blocks"
"australia/newz005.rwl","AHA124",1820,"accepted practice","one ID carries two separate segments","stop marker ends a line at 1820 but the ID continues; a 69-year gap separates the two blocks"
"australia/newz006.rwl","AHA212",1906,"accepted practice","interior year gap","14 year(s) missing (1906-1919); read.tucson fills these with 0"
"australia/newz006.rwl","AHA212",1900,"accepted practice","one ID carries two separate segments","stop marker ends a line at 1900 but the ID continues; a 15-year gap separates the two blocks"
"australia/newz007.rwl","ARM154",1621,"accepted practice","interior year gap","59 year(s) missing (1621-1679); read.tucson fills these with 0"
"australia/newz007.rwl","ARM171",1645,"accepted practice","interior year gap","10 year(s) missing (1645-1654); read.tucson fills these with 0"
"australia/newz007.rwl","ARM172",1834,"accepted practice","interior year gap","6 year(s) missing (1834-1839); read.tucson fills these with 0"
"australia/newz007.rwl","ARM154",1620,"accepted practice","one ID carries two separate segments","stop marker ends a line at 1620 but the ID continues; a 60-year gap separates the two blocks"
"australia/newz007.rwl","ARM171",1640,"accepted practice","one ID carries two separate segments","stop marker ends a line at 1640 but the ID continues; a 11-year gap separates the two blocks"
"australia/newz007.rwl","ARM172",1830,"accepted practice","one ID carries two separate segments","stop marker ends a line at 1830 but the ID continues; a 7-year gap separates the two blocks"
"australia/newz008.rwl","KON503",1796,"accepted practice","interior year gap","9 year(s) missing (1796-1804); read.tucson fills these with 0"
"australia/newz008.rwl","KON503",1790,"accepted practice","one ID carries two separate segments","stop marker ends a line at 1790 but the ID continues; a 10-year gap separates the two blocks"
"australia/newz010.rwl","MAP022",1791,"accepted practice","interior year gap","89 year(s) missing (1791-1879); read.tucson fills these with 0"
"australia/newz010.rwl","MAP023",1798,"accepted practice","interior year gap","49 year(s) missing (1798-1846); read.tucson fills these with 0"
"australia/newz010.rwl","MAP973",1680,"accepted practice","interior year gap","10 year(s) missing (1680-1979); read.tucson fills these with 0"
"australia/newz010.rwl","MAP982",1956,"accepted practice","interior year gap","4 year(s) missing (1956-1959); read.tucson fills these with 0"
"australia/newz010.rwl","MAP984",1957,"accepted practice","interior year gap","3 year(s) missing (1957-1959); read.tucson fills these with 0"
"australia/newz010.rwl","MAP022",1790,"accepted practice","one ID carries two separate segments","stop marker ends a line at 1790 but the ID continues; a 90-year gap separates the two blocks"
"australia/newz010.rwl","MAP023",1790,"accepted practice","one ID carries two separate segments","stop marker ends a line at 1790 but the ID continues; a 50-year gap separates the two blocks"
"australia/newz010.rwl","MAP973",1670,"accepted practice","one ID carries two separate segments","stop marker ends a line at 1670 but the ID continues; a 9-year gap separates the two blocks"
"australia/newz010.rwl","MAP982",1950,"accepted practice","one ID carries two separate segments","stop marker ends a line at 1950 but the ID continues; a 5-year gap separates the two blocks"
"australia/newz010.rwl","MAP984",1950,"accepted practice","one ID carries two separate segments","stop marker ends a line at 1950 but the ID continues; a 4-year gap separates the two blocks"
"australia/newz011.rwl","MWO162",1714,"accepted practice","interior year gap","96 year(s) missing (1714-1809); read.tucson fills these with 0"
"australia/newz011.rwl","MWO181",1877,"accepted practice","interior year gap","3 year(s) missing (1877-1879); read.tucson fills these with 0"
"australia/newz011.rwl","MWO162",1710,"accepted practice","one ID carries two separate segments","stop marker ends a line at 1710 but the ID continues; a 97-year gap separates the two blocks"
"australia/newz011.rwl","MWO181",1870,"accepted practice","one ID carries two separate segments","stop marker ends a line at 1870 but the ID continues; a 4-year gap separates the two blocks"
"australia/newz016.rwl","OKA701",1909,"accepted practice","interior year gap","1 year(s) missing (1909-1909); read.tucson fills these with 0"
"australia/newz016.rwl","OKA754",1899,"accepted practice","interior year gap","2 year(s) missing (1899-1909); read.tucson fills these with 0"
"australia/newz018.rwl","TKP634",1578,"accepted practice","interior year gap","82 year(s) missing (1578-1659); read.tucson fills these with 0"
"australia/newz018.rwl","TKP681",1598,"accepted practice","interior year gap","70 year(s) missing (1598-1667); read.tucson fills these with 0"
"australia/newz018.rwl","TKP682",1534,"accepted practice","interior year gap","187 year(s) missing (1534-1720); read.tucson fills these with 0"
"australia/newz018.rwl","TKP683",1555,"accepted practice","interior year gap","131 year(s) missing (1555-1685); read.tucson fills these with 0"
"australia/newz018.rwl","TKP684",1592,"accepted practice","interior year gap","76 year(s) missing (1592-1667); read.tucson fills these with 0"
"australia/newz018.rwl","TKP694",1722,"accepted practice","interior year gap","26 year(s) missing (1722-1747); read.tucson fills these with 0"
"australia/newz018.rwl","TKP634",1570,"accepted practice","one ID carries two separate segments","stop marker ends a line at 1570 but the ID continues; a 83-year gap separates the two blocks"
"australia/newz018.rwl","TKP682",1530,"accepted practice","one ID carries two separate segments","stop marker ends a line at 1530 but the ID continues; a 188-year gap separates the two blocks"
"australia/newz018.rwl","TKP683",1550,"accepted practice","one ID carries two separate segments","stop marker ends a line at 1550 but the ID continues; a 132-year gap separates the two blocks"
"australia/newz018.rwl","TKP694",1720,"accepted practice","one ID carries two separate segments","stop marker ends a line at 1720 but the ID continues; a 27-year gap separates the two blocks"
"australia/newz019.rwl","UWR152",1742,"accepted practice","interior year gap","16 year(s) missing (1742-1757); read.tucson fills these with 0"
"australia/newz019.rwl","UWR204",1432,"accepted practice","interior year gap","8 year(s) missing (1432-1439); read.tucson fills these with 0"
"australia/newz019.rwl","UWR221",1588,"accepted practice","interior year gap","92 year(s) missing (1588-1679); read.tucson fills these with 0"
"australia/newz019.rwl","UWR224",1611,"accepted practice","interior year gap","68 year(s) missing (1611-1678); read.tucson fills these with 0"
"australia/newz019.rwl","UWR281",1724,"accepted practice","interior year gap","22 year(s) missing (1724-1745); read.tucson fills these with 0"
"australia/newz019.rwl","UWR152",1740,"accepted practice","one ID carries two separate segments","stop marker ends a line at 1740 but the ID continues; a 17-year gap separates the two blocks"
"australia/newz019.rwl","UWR204",1430,"accepted practice","one ID carries two separate segments","stop marker ends a line at 1430 but the ID continues; a 9-year gap separates the two blocks"
"australia/newz019.rwl","UWR281",1720,"accepted practice","one ID carries two separate segments","stop marker ends a line at 1720 but the ID continues; a 23-year gap separates the two blocks"
"australia/newz030.rwl","627052",1808,"accepted practice","interior year gap","2 year(s) missing (1808-1809); read.tucson fills these with 0"
"australia/newz059.rwl","AHA212",1906,"accepted practice","interior year gap","14 year(s) missing (1906-1919); read.tucson fills these with 0"
"australia/newz059.rwl","AHA212",1900,"accepted practice","one ID carries two separate segments","stop marker ends a line at 1900 but the ID continues; a 15-year gap separates the two blocks"
"australia/newz060.rwl","EMT883",1831,"accepted practice","interior year gap","7 year(s) missing (1831-1837); read.tucson fills these with 0"
"australia/newz060.rwl","EMT951",1852,"accepted practice","interior year gap","28 year(s) missing (1852-1879); read.tucson fills these with 0"
"australia/newz060.rwl","EMT883",1830,"accepted practice","one ID carries two separate segments","stop marker ends a line at 1830 but the ID continues; a 8-year gap separates the two blocks"
"australia/newz060.rwl","EMT951",1850,"accepted practice","one ID carries two separate segments","stop marker ends a line at 1850 but the ID continues; a 29-year gap separates the two blocks"
"australia/newz062.rwl","TKP634",1578,"accepted practice","interior year gap","82 year(s) missing (1578-1659); read.tucson fills these with 0"
"australia/newz062.rwl","TKP681",1598,"accepted practice","interior year gap","70 year(s) missing (1598-1667); read.tucson fills these with 0"
"australia/newz062.rwl","TKP682",1534,"accepted practice","interior year gap","187 year(s) missing (1534-1720); read.tucson fills these with 0"
"australia/newz062.rwl","TKP683",1555,"accepted practice","interior year gap","131 year(s) missing (1555-1685); read.tucson fills these with 0"
"australia/newz062.rwl","TKP684",1592,"accepted practice","interior year gap","76 year(s) missing (1592-1667); read.tucson fills these with 0"
"australia/newz062.rwl","TKP694",1722,"accepted practice","interior year gap","26 year(s) missing (1722-1747); read.tucson fills these with 0"
"australia/newz062.rwl","TKP634",1570,"accepted practice","one ID carries two separate segments","stop marker ends a line at 1570 but the ID continues; a 83-year gap separates the two blocks"
"australia/newz062.rwl","TKP682",1530,"accepted practice","one ID carries two separate segments","stop marker ends a line at 1530 but the ID continues; a 188-year gap separates the two blocks"
"australia/newz062.rwl","TKP683",1550,"accepted practice","one ID carries two separate segments","stop marker ends a line at 1550 but the ID continues; a 132-year gap separates the two blocks"
"australia/newz062.rwl","TKP694",1720,"accepted practice","one ID carries two separate segments","stop marker ends a line at 1720 but the ID continues; a 27-year gap separates the two blocks"
"australia/newz063.rwl","UWR152",1742,"accepted practice","interior year gap","16 year(s) missing (1742-1757); read.tucson fills these with 0"
"australia/newz063.rwl","UWR204",1432,"accepted practice","interior year gap","8 year(s) missing (1432-1439); read.tucson fills these with 0"
"australia/newz063.rwl","UWR221",1588,"accepted practice","interior year gap","92 year(s) missing (1588-1679); read.tucson fills these with 0"
"australia/newz063.rwl","UWR224",1611,"accepted practice","interior year gap","68 year(s) missing (1611-1678); read.tucson fills these with 0"
"australia/newz063.rwl","UWR281",1724,"accepted practice","interior year gap","22 year(s) missing (1724-1745); read.tucson fills these with 0"
"australia/newz063.rwl","UWR152",1740,"accepted practice","one ID carries two separate segments","stop marker ends a line at 1740 but the ID continues; a 17-year gap separates the two blocks"
"australia/newz063.rwl","UWR204",1430,"accepted practice","one ID carries two separate segments","stop marker ends a line at 1430 but the ID continues; a 9-year gap separates the two blocks"
"australia/newz063.rwl","UWR281",1720,"accepted practice","one ID carries two separate segments","stop marker ends a line at 1720 but the ID continues; a 23-year gap separates the two blocks"
"australia/newz076e.rwl","TKPP2-1",1882,"accepted practice","interior year gap","28 year(s) missing (1882-1909); read.tucson fills these with 0"
"australia/newz076e.rwl","TKPT5-1",1873,"accepted practice","interior year gap","27 year(s) missing (1873-1899); read.tucson fills these with 0"
"australia/newz076e.rwl","TKPP2-1",1880,"accepted practice","one ID carries two separate segments","stop marker ends a line at 1880 but the ID continues; a 29-year gap separates the two blocks"
"australia/newz076e.rwl","TKPT5-1",1870,"accepted practice","one ID carries two separate segments","stop marker ends a line at 1870 but the ID continues; a 28-year gap separates the two blocks"
"australia/newz076i.rwl","TKPP2-1",1812,"accepted practice","interior year gap","98 year(s) missing (1812-1909); read.tucson fills these with 0"
"australia/newz076i.rwl","TKPT1-1",1939,"accepted practice","interior year gap","1 year(s) missing (1939-1939); read.tucson fills these with 0"
"australia/newz076i.rwl","TKPT5-1",1873,"accepted practice","interior year gap","27 year(s) missing (1873-1899); read.tucson fills these with 0"
"australia/newz076i.rwl","TKPP2-1",1810,"accepted practice","one ID carries two separate segments","stop marker ends a line at 1810 but the ID continues; a 99-year gap separates the two blocks"
"australia/newz076i.rwl","TKPT1-1",1930,"accepted practice","one ID carries two separate segments","stop marker ends a line at 1930 but the ID continues; a 2-year gap separates the two blocks"
"australia/newz076i.rwl","TKPT5-1",1870,"accepted practice","one ID carries two separate segments","stop marker ends a line at 1870 but the ID continues; a 28-year gap separates the two blocks"
"australia/newz076l.rwl","TKPP2-1",1812,"accepted practice","interior year gap","48 year(s) missing (1812-1859); read.tucson fills these with 0"
"australia/newz076l.rwl","TKPP2-1",1810,"accepted practice","one ID carries two separate segments","stop marker ends a line at 1810 but the ID continues; a 49-year gap separates the two blocks"
"australia/newz076n.rwl","TKPP2-1",1882,"accepted practice","interior year gap","28 year(s) missing (1882-1909); read.tucson fills these with 0"
"australia/newz076n.rwl","TKPT5-1",1873,"accepted practice","interior year gap","27 year(s) missing (1873-1899); read.tucson fills these with 0"
"australia/newz076n.rwl","TKPP2-1",1880,"accepted practice","one ID carries two separate segments","stop marker ends a line at 1880 but the ID continues; a 29-year gap separates the two blocks"
"australia/newz076n.rwl","TKPT5-1",1870,"accepted practice","one ID carries two separate segments","stop marker ends a line at 1870 but the ID continues; a 28-year gap separates the two blocks"
"australia/newz076t.rwl","TKPT1-1",1832,"accepted practice","interior year gap","48 year(s) missing (1832-1879); read.tucson fills these with 0"
"australia/newz076t.rwl","TKPT3-1",1812,"accepted practice","interior year gap","68 year(s) missing (1812-1879); read.tucson fills these with 0"
"australia/newz076t.rwl","TKPT5-1",1873,"accepted practice","interior year gap","27 year(s) missing (1873-1899); read.tucson fills these with 0"
"australia/newz076t.rwl","TKPT1-1",1830,"accepted practice","one ID carries two separate segments","stop marker ends a line at 1830 but the ID continues; a 49-year gap separates the two blocks"
"australia/newz076t.rwl","TKPT3-1",1810,"accepted practice","one ID carries two separate segments","stop marker ends a line at 1810 but the ID continues; a 69-year gap separates the two blocks"
"australia/newz076t.rwl","TKPT5-1",1870,"accepted practice","one ID carries two separate segments","stop marker ends a line at 1870 but the ID continues; a 28-year gap separates the two blocks"
"australia/newz076x.rwl","TKPT1-1",1822,"accepted practice","interior year gap","48 year(s) missing (1822-1869); read.tucson fills these with 0"
"australia/newz076x.rwl","TKPT5-1",1873,"accepted practice","interior year gap","27 year(s) missing (1873-1899); read.tucson fills these with 0"
"australia/newz076x.rwl","TKPT1-1",1820,"accepted practice","one ID carries two separate segments","stop marker ends a line at 1820 but the ID continues; a 49-year gap separates the two blocks"
"australia/newz076x.rwl","TKPT5-1",1870,"accepted practice","one ID carries two separate segments","stop marker ends a line at 1870 but the ID continues; a 28-year gap separates the two blocks"
"australia/newz121.rwl","ORS185A",1675,"accepted practice","interior year gap","95 year(s) missing (1675-1769); read.tucson fills these with 0"
"australia/newz121.rwl","ORS185B",1690,"accepted practice","interior year gap","110 year(s) missing (1690-1799); read.tucson fills these with 0"
"australia/newz121.rwl","ORS185A",1670,"accepted practice","one ID carries two separate segments","stop marker ends a line at 1670 but the ID continues; a 96-year gap separates the two blocks"
"australia/newz121.rwl","ORS185B",1680,"accepted practice","one ID carries two separate segments","stop marker ends a line at 1680 but the ID continues; a 111-year gap separates the two blocks"
"europe/brit063.rwl","CODELOS",1875,"accepted practice","interior year gap","45 year(s) missing (1875-1919); read.tucson fills these with 0"
"europe/brit063.rwl","CODELOS",1870,"accepted practice","one ID carries two separate segments","stop marker ends a line at 1870 but the ID continues; a 46-year gap separates the two blocks"
"europe/fran009.rwl","606286",1824,"accepted practice","interior year gap","68 year(s) missing (1824-1891); read.tucson fills these with 0"
"europe/fran009.rwl","606286",1820,"accepted practice","one ID carries two separate segments","stop marker ends a line at 1820 but the ID continues; a 69-year gap separates the two blocks"
"europe/fran010.rwl","606425",1770,"accepted practice","interior year gap","10 year(s) missing (1770-1779); read.tucson fills these with 0"
"europe/fran011.rwl","607 52",1741,"accepted practice","interior year gap","21 year(s) missing (1741-1830); read.tucson fills these with 0"
"europe/fran011.rwl","607 54",1817,"accepted practice","interior year gap","14 year(s) missing (1817-1830); read.tucson fills these with 0"
"europe/fran011.rwl","607 55",1817,"accepted practice","interior year gap","47 year(s) missing (1817-1863); read.tucson fills these with 0"
"europe/fran011.rwl","607 84",1622,"accepted practice","interior year gap","37 year(s) missing (1622-1658); read.tucson fills these with 0"
"europe/fran011.rwl","607 52",1740,"accepted practice","one ID carries two separate segments","stop marker ends a line at 1740 but the ID continues; a 8-year gap separates the two blocks"
"europe/fran011.rwl","607 54",1810,"accepted practice","one ID carries two separate segments","stop marker ends a line at 1810 but the ID continues; a 15-year gap separates the two blocks"
"europe/fran011.rwl","607 55",1810,"accepted practice","one ID carries two separate segments","stop marker ends a line at 1810 but the ID continues; a 48-year gap separates the two blocks"
"europe/fran011.rwl","607 84",1620,"accepted practice","one ID carries two separate segments","stop marker ends a line at 1620 but the ID continues; a 38-year gap separates the two blocks"
"europe/fran6.rwl","215433",1939,"accepted practice","interior year gap","1 year(s) missing (1939-1939); read.tucson fills these with 0"
"europe/fran6.rwl","215433",1930,"accepted practice","one ID carries two separate segments","stop marker ends a line at 1930 but the ID continues; a 2-year gap separates the two blocks"
"europe/germ21.rwl","109470",1530,"accepted practice","interior year gap","10 year(s) missing (1530-1539); read.tucson fills these with 0"
"europe/germ4.rwl","888091",1820,"accepted practice","interior year gap","10 year(s) missing (1820-1829); read.tucson fills these with 0"
"europe/grc034.rwl","XEP23b",1850,"accepted practice","interior year gap","40 year(s) missing (1850-1889); read.tucson fills these with 0"
"europe/roma009.rwl","f1-03",1850,"accepted practice","interior year gap","73 year(s) missing (1850-1922); read.tucson fills these with 0"
"europe/tur091t.rwl","DTH2363B",1872,"accepted practice","interior year gap","8 year(s) missing (1872-1879); read.tucson fills these with 0"
"europe/tur091t.rwl","DTH2363B",1870,"accepted practice","one ID carries two separate segments","stop marker ends a line at 1870 but the ID continues; a 9-year gap separates the two blocks"
"europe/turk001.rwl","126021",1819,"accepted practice","interior year gap","5 year(s) missing (1819-1884); read.tucson fills these with 0"
"europe/turk001.rwl","126021",1810,"accepted practice","one ID carries two separate segments","stop marker ends a line at 1810 but the ID continues; a 4-year gap separates the two blocks"
"europe/turk011.rwl","548111",1897,"accepted practice","interior year gap","6 year(s) missing (1897-1902); read.tucson fills these with 0"
"europe/turk011.rwl","548111",1890,"accepted practice","one ID carries two separate segments","stop marker ends a line at 1890 but the ID continues; a 7-year gap separates the two blocks"
"northamerica/canada/cana099.rwl","91868",1599,"accepted practice","interior year gap","1 year(s) missing (1599-1599); read.tucson fills these with 0"
"northamerica/canada/cana099.rwl","91875",1601,"accepted practice","interior year gap","9 year(s) missing (1601-1609); read.tucson fills these with 0"
"northamerica/canada/cana146n.rwl","G4I002",1960,"accepted practice","interior year gap","4 year(s) missing (1960-1963); read.tucson fills these with 0"
"northamerica/canada/cana146n.rwl","G4I002",1950,"accepted practice","one ID carries two separate segments","stop marker ends a line at 1950 but the ID continues; a 5-year gap separates the two blocks"
"northamerica/canada/cana146x.rwl","G4I002",1960,"accepted practice","interior year gap","4 year(s) missing (1960-1963); read.tucson fills these with 0"
"northamerica/canada/cana146x.rwl","G4I002",1950,"accepted practice","one ID carries two separate segments","stop marker ends a line at 1950 but the ID continues; a 5-year gap separates the two blocks"
"northamerica/canada/cana147.rwl","27487a",1867,"accepted practice","interior year gap","4 year(s) missing (1867-1870); read.tucson fills these with 0"
"northamerica/canada/cana147.rwl","27s547",1800,"accepted practice","interior year gap","50 year(s) missing (1800-1849); read.tucson fills these with 0"
"northamerica/canada/cana147.rwl","27487a",1860,"accepted practice","one ID carries two separate segments","stop marker ends a line at 1860 but the ID continues; a 5-year gap separates the two blocks"
"northamerica/canada/cana147.rwl","27s547",1790,"accepted practice","one ID carries two separate segments","stop marker ends a line at 1790 but the ID continues; a 51-year gap separates the two blocks"
"northamerica/canada/cana175.rwl","2c425b",1841,"accepted practice","interior year gap","59 year(s) missing (1841-1899); read.tucson fills these with 0"
"northamerica/canada/cana175.rwl","3c233b",1441,"accepted practice","interior year gap","4 year(s) missing (1441-1444); read.tucson fills these with 0"
"northamerica/canada/cana175.rwl","4c675b",1659,"accepted practice","interior year gap","1 year(s) missing (1659-1659); read.tucson fills these with 0"
"northamerica/canada/cana175.rwl","2c425b",1840,"accepted practice","one ID carries two separate segments","stop marker ends a line at 1840 but the ID continues; a 60-year gap separates the two blocks"
"northamerica/canada/cana175.rwl","3c233b",1440,"accepted practice","one ID carries two separate segments","stop marker ends a line at 1440 but the ID continues; a 5-year gap separates the two blocks"
"northamerica/canada/cana175.rwl","4c675b",1650,"accepted practice","one ID carries two separate segments","stop marker ends a line at 1650 but the ID continues; a 2-year gap separates the two blocks"
"northamerica/canada/cana226.rwl","E9815N1",1824,"accepted practice","interior year gap","15 year(s) missing (1824-1838); read.tucson fills these with 0"
"northamerica/canada/cana226.rwl","E9815N1",1820,"accepted practice","one ID carries two separate segments","stop marker ends a line at 1820 but the ID continues; a 16-year gap separates the two blocks"
"northamerica/canada/cana226e.rwl","E9815N1",1824,"accepted practice","interior year gap","15 year(s) missing (1824-1838); read.tucson fills these with 0"
"northamerica/canada/cana226e.rwl","E9815N1",1820,"accepted practice","one ID carries two separate segments","stop marker ends a line at 1820 but the ID continues; a 16-year gap separates the two blocks"
"northamerica/canada/cana226l.rwl","E9815N1",1824,"accepted practice","interior year gap","15 year(s) missing (1824-1838); read.tucson fills these with 0"
"northamerica/canada/cana226l.rwl","E9815N1",1820,"accepted practice","one ID carries two separate segments","stop marker ends a line at 1820 but the ID continues; a 16-year gap separates the two blocks"
"northamerica/canada/cana226x.rwl","E9815NE",1824,"accepted practice","interior year gap","15 year(s) missing (1824-1838); read.tucson fills these with 0"
"northamerica/canada/cana226x.rwl","E9815NE",1820,"accepted practice","one ID carries two separate segments","stop marker ends a line at 1820 but the ID continues; a 16-year gap separates the two blocks"
"northamerica/canada/cana234.rwl","B9818W",1919,"accepted practice","interior year gap","26 year(s) missing (1919-1944); read.tucson fills these with 0"
"northamerica/canada/cana234.rwl","B9818W",1910,"accepted practice","one ID carries two separate segments","stop marker ends a line at 1910 but the ID continues; a 27-year gap separates the two blocks"
"northamerica/canada/cana234e.rwl","B9818W",1919,"accepted practice","interior year gap","26 year(s) missing (1919-1944); read.tucson fills these with 0"
"northamerica/canada/cana234e.rwl","B9818W",1910,"accepted practice","one ID carries two separate segments","stop marker ends a line at 1910 but the ID continues; a 27-year gap separates the two blocks"
"northamerica/canada/cana234l.rwl","B9818W",1919,"accepted practice","interior year gap","26 year(s) missing (1919-1944); read.tucson fills these with 0"
"northamerica/canada/cana234l.rwl","B9818W",1910,"accepted practice","one ID carries two separate segments","stop marker ends a line at 1910 but the ID continues; a 27-year gap separates the two blocks"
"northamerica/canada/cana320.rwl","PT12N",1837,"accepted practice","interior year gap","2 year(s) missing (1837-1838); read.tucson fills these with 0"
"northamerica/canada/cana320.rwl","PT12N1A",1819,"accepted practice","interior year gap","1 year(s) missing (1819-1819); read.tucson fills these with 0"
"northamerica/canada/cana320.rwl","PT18N",1814,"accepted practice","interior year gap","27 year(s) missing (1814-1840); read.tucson fills these with 0"
"northamerica/canada/cana320.rwl","PT65",1818,"accepted practice","interior year gap","8 year(s) missing (1818-1825); read.tucson fills these with 0"
"northamerica/canada/cana320.rwl","PT81C",1742,"accepted practice","interior year gap","7 year(s) missing (1742-1748); read.tucson fills these with 0"
"northamerica/canada/cana320.rwl","PT12N",1830,"accepted practice","one ID carries two separate segments","stop marker ends a line at 1830 but the ID continues; a 3-year gap separates the two blocks"
"northamerica/canada/cana320.rwl","PT18N",1810,"accepted practice","one ID carries two separate segments","stop marker ends a line at 1810 but the ID continues; a 28-year gap separates the two blocks"
"northamerica/canada/cana320.rwl","PT65",1810,"accepted practice","one ID carries two separate segments","stop marker ends a line at 1810 but the ID continues; a 9-year gap separates the two blocks"
"northamerica/canada/cana320.rwl","PT81C",1740,"accepted practice","one ID carries two separate segments","stop marker ends a line at 1740 but the ID continues; a 8-year gap separates the two blocks"
"northamerica/canada/cana326.rwl","NRX14B",1300,"accepted practice","interior year gap","50 year(s) missing (1300-1349); read.tucson fills these with 0"
"northamerica/canada/cana335.rwl","EL05A",1721,"accepted practice","interior year gap","25 year(s) missing (1721-1745); read.tucson fills these with 0"
"northamerica/canada/cana335.rwl","EL05B",1721,"accepted practice","interior year gap","67 year(s) missing (1721-1787); read.tucson fills these with 0"
"northamerica/canada/cana335.rwl","EL05C",1721,"accepted practice","interior year gap","26 year(s) missing (1721-1746); read.tucson fills these with 0"
"northamerica/canada/cana335.rwl","EL05B",1720,"accepted practice","one ID carries two separate segments","stop marker ends a line at 1720 but the ID continues; a 68-year gap separates the two blocks"
"northamerica/canada/cana336.rwl","OLM04A",1571,"accepted practice","interior year gap","25 year(s) missing (1571-1595); read.tucson fills these with 0"
"northamerica/canada/cana336.rwl","OLM11A",1551,"accepted practice","interior year gap","20 year(s) missing (1551-1570); read.tucson fills these with 0"
"northamerica/canada/cana336.rwl","OLM12A",1937,"accepted practice","interior year gap","9 year(s) missing (1937-1945); read.tucson fills these with 0"
"northamerica/canada/cana336.rwl","OLM14B",1958,"accepted practice","interior year gap","32 year(s) missing (1958-1989); read.tucson fills these with 0"
"northamerica/canada/cana336.rwl","OMR03B",1861,"accepted practice","interior year gap","64 year(s) missing (1861-1924); read.tucson fills these with 0"
"northamerica/canada/cana336.rwl","OMR05A",1732,"accepted practice","interior year gap","218 year(s) missing (1732-1949); read.tucson fills these with 0"
"northamerica/canada/cana336.rwl","OMR03B",1860,"accepted practice","one ID carries two separate segments","stop marker ends a line at 1860 but the ID continues; a 65-year gap separates the two blocks"
"northamerica/canada/cana348.rwl","sr02b",1802,"accepted practice","interior year gap","23 year(s) missing (1802-1824); read.tucson fills these with 0"
"northamerica/canada/cana349.rwl","sh18a",1802,"accepted practice","interior year gap","22 year(s) missing (1802-1823); read.tucson fills these with 0"
"northamerica/canada/cana351.rwl","B8649",1236,"accepted practice","interior year gap","51 year(s) missing (1236-1286); read.tucson fills these with 0"
"northamerica/canada/cana351.rwl","B8649",1230,"accepted practice","one ID carries two separate segments","stop marker ends a line at 1230 but the ID continues; a 52-year gap separates the two blocks"
"northamerica/canada/cana352.rwl","FR809A",1839,"accepted practice","interior year gap","37 year(s) missing (1839-1875); read.tucson fills these with 0"
"northamerica/canada/cana352.rwl","FR918A",1287,"accepted practice","interior year gap","1 year(s) missing (1287-1287); read.tucson fills these with 0"
"northamerica/canada/cana352.rwl","FR809A",1830,"accepted practice","one ID carries two separate segments","stop marker ends a line at 1830 but the ID continues; a 38-year gap separates the two blocks"
"northamerica/canada/cana352.rwl","FR918A",1280,"accepted practice","one ID carries two separate segments","stop marker ends a line at 1280 but the ID continues; a 2-year gap separates the two blocks"
"northamerica/canada/cana355.rwl","LV507E",1625,"accepted practice","interior year gap","4 year(s) missing (1625-1628); read.tucson fills these with 0"
"northamerica/canada/cana355.rwl","LV507E",1620,"accepted practice","one ID carries two separate segments","stop marker ends a line at 1620 but the ID continues; a 5-year gap separates the two blocks"
"northamerica/canada/cana356.rwl","N9313W",1638,"accepted practice","interior year gap","1 year(s) missing (1638-1638); read.tucson fills these with 0"
"northamerica/canada/cana356.rwl","Y9205A",1360,"accepted practice","interior year gap","40 year(s) missing (1360-1399); read.tucson fills these with 0"
"northamerica/canada/cana356.rwl","N9313W",1630,"accepted practice","one ID carries two separate segments","stop marker ends a line at 1630 but the ID continues; a 2-year gap separates the two blocks"
"northamerica/canada/cana356.rwl","Y9205A",1350,"accepted practice","one ID carries two separate segments","stop marker ends a line at 1350 but the ID continues; a 41-year gap separates the two blocks"
"northamerica/canada/cana363.rwl","Y4U2XW",1928,"accepted practice","interior year gap","5 year(s) missing (1928-1932); read.tucson fills these with 0"
"northamerica/canada/cana363.rwl","Y4U2XW",1920,"accepted practice","one ID carries two separate segments","stop marker ends a line at 1920 but the ID continues; a 6-year gap separates the two blocks"
"northamerica/canada/cana374.rwl","YF311N",1828,"accepted practice","interior year gap","2 year(s) missing (1828-1829); read.tucson fills these with 0"
"northamerica/canada/cana374.rwl","YF329W1",1909,"accepted practice","interior year gap","1 year(s) missing (1909-1909); read.tucson fills these with 0"
"northamerica/canada/cana404.rwl","AV303E",1602,"accepted practice","interior year gap","2 year(s) missing (1602-1603); read.tucson fills these with 0"
"northamerica/canada/cana404.rwl","AV303W",1602,"accepted practice","interior year gap","2 year(s) missing (1602-1603); read.tucson fills these with 0"
"northamerica/canada/cana404.rwl","AV410S",1650,"accepted practice","interior year gap","26 year(s) missing (1650-1675); read.tucson fills these with 0"
"northamerica/canada/cana404.rwl","AV303E",1600,"accepted practice","one ID carries two separate segments","stop marker ends a line at 1600 but the ID continues; a 3-year gap separates the two blocks"
"northamerica/canada/cana404.rwl","AV303W",1600,"accepted practice","one ID carries two separate segments","stop marker ends a line at 1600 but the ID continues; a 3-year gap separates the two blocks"
"northamerica/canada/cana404.rwl","AV410S",1640,"accepted practice","one ID carries two separate segments","stop marker ends a line at 1640 but the ID continues; a 27-year gap separates the two blocks"
"northamerica/canada/cana405.rwl","BG444S",1794,"accepted practice","interior year gap","24 year(s) missing (1794-1938); read.tucson fills these with 0"
"northamerica/canada/cana405.rwl","BG444S",1790,"accepted practice","one ID carries two separate segments","stop marker ends a line at 1790 but the ID continues; a 6-year gap separates the two blocks"
"northamerica/canada/cana406.rwl","F8808E",1653,"accepted practice","interior year gap","29 year(s) missing (1653-1681); read.tucson fills these with 0"
"northamerica/canada/cana406.rwl","FL309N",1753,"accepted practice","interior year gap","5 year(s) missing (1753-1757); read.tucson fills these with 0"
"northamerica/canada/cana406.rwl","F8808E",1650,"accepted practice","one ID carries two separate segments","stop marker ends a line at 1650 but the ID continues; a 30-year gap separates the two blocks"
"northamerica/canada/cana406.rwl","FL309N",1750,"accepted practice","one ID carries two separate segments","stop marker ends a line at 1750 but the ID continues; a 6-year gap separates the two blocks"
"northamerica/canada/cana414.rwl","Z8835W",1705,"accepted practice","interior year gap","21 year(s) missing (1705-1725); read.tucson fills these with 0"
"northamerica/canada/cana414.rwl","Z8835W",1700,"accepted practice","one ID carries two separate segments","stop marker ends a line at 1700 but the ID continues; a 22-year gap separates the two blocks"
"northamerica/canada/cana415.rwl","PM407N",1672,"accepted practice","interior year gap","16 year(s) missing (1672-1687); read.tucson fills these with 0"
"northamerica/canada/cana415.rwl","PM407S",1672,"accepted practice","interior year gap","16 year(s) missing (1672-1687); read.tucson fills these with 0"
"northamerica/canada/cana415.rwl","PM407N",1670,"accepted practice","one ID carries two separate segments","stop marker ends a line at 1670 but the ID continues; a 17-year gap separates the two blocks"
"northamerica/canada/cana415.rwl","PM407S",1670,"accepted practice","one ID carries two separate segments","stop marker ends a line at 1670 but the ID continues; a 17-year gap separates the two blocks"
"northamerica/canada/cana418.rwl","SF404N",1783,"accepted practice","interior year gap","2 year(s) missing (1783-1784); read.tucson fills these with 0"
"northamerica/canada/cana418.rwl","SF405W",1699,"accepted practice","interior year gap","1 year(s) missing (1699-1699); read.tucson fills these with 0"
"northamerica/canada/cana418.rwl","SF426S",1808,"accepted practice","interior year gap","29 year(s) missing (1808-1836); read.tucson fills these with 0"
"northamerica/canada/cana418.rwl","SF404N",1780,"accepted practice","one ID carries two separate segments","stop marker ends a line at 1780 but the ID continues; a 3-year gap separates the two blocks"
"northamerica/canada/cana418.rwl","SF405W",1690,"accepted practice","one ID carries two separate segments","stop marker ends a line at 1690 but the ID continues; a 2-year gap separates the two blocks"
"northamerica/canada/cana418.rwl","SF426S",1800,"accepted practice","one ID carries two separate segments","stop marker ends a line at 1800 but the ID continues; a 30-year gap separates the two blocks"
"northamerica/canada/cana419.rwl","U9115S",1712,"accepted practice","interior year gap","59 year(s) missing (1712-1770); read.tucson fills these with 0"
"northamerica/canada/cana419.rwl","U9117N",1676,"accepted practice","interior year gap","36 year(s) missing (1676-1711); read.tucson fills these with 0"
"northamerica/canada/cana419.rwl","U9122E",1824,"accepted practice","interior year gap","1 year(s) missing (1824-1824); read.tucson fills these with 0"
"northamerica/canada/cana419.rwl","U9117N",1670,"accepted practice","one ID carries two separate segments","stop marker ends a line at 1670 but the ID continues; a 37-year gap separates the two blocks"
"northamerica/canada/cana422.rwl","TW406S",1806,"accepted practice","interior year gap","44 year(s) missing (1806-1849); read.tucson fills these with 0"
"northamerica/canada/cana422.rwl","TW412S",1775,"accepted practice","interior year gap","5 year(s) missing (1775-1779); read.tucson fills these with 0"
"northamerica/canada/cana422.rwl","TW406S",1800,"accepted practice","one ID carries two separate segments","stop marker ends a line at 1800 but the ID continues; a 45-year gap separates the two blocks"
"northamerica/canada/cana422.rwl","TW412S",1770,"accepted practice","one ID carries two separate segments","stop marker ends a line at 1770 but the ID continues; a 6-year gap separates the two blocks"
"northamerica/canada/cana423.rwl","T8852S",1731,"accepted practice","interior year gap","6 year(s) missing (1731-1736); read.tucson fills these with 0"
"northamerica/canada/cana423.rwl","T8852S",1730,"accepted practice","one ID carries two separate segments","stop marker ends a line at 1730 but the ID continues; a 7-year gap separates the two blocks"
"northamerica/canada/cana430.rwl","A8730N",1774,"accepted practice","interior year gap","90 year(s) missing (1774-1863); read.tucson fills these with 0"
"northamerica/canada/cana430.rwl","A9118A",1535,"accepted practice","interior year gap","29 year(s) missing (1535-1563); read.tucson fills these with 0"
"northamerica/canada/cana430.rwl","A8730N",1770,"accepted practice","one ID carries two separate segments","stop marker ends a line at 1770 but the ID continues; a 91-year gap separates the two blocks"
"northamerica/canada/cana430.rwl","A9118A",1530,"accepted practice","one ID carries two separate segments","stop marker ends a line at 1530 but the ID continues; a 30-year gap separates the two blocks"
"northamerica/canada/cana432.rwl","B9236E",1875,"accepted practice","interior year gap","3 year(s) missing (1875-1877); read.tucson fills these with 0"
"northamerica/canada/cana432.rwl","B9236E",1870,"accepted practice","one ID carries two separate segments","stop marker ends a line at 1870 but the ID continues; a 4-year gap separates the two blocks"
"northamerica/canada/cana438.rwl","Q8806E",1778,"accepted practice","interior year gap","6 year(s) missing (1778-1783); read.tucson fills these with 0"
"northamerica/canada/cana438.rwl","Q8806E",1770,"accepted practice","one ID carries two separate segments","stop marker ends a line at 1770 but the ID continues; a 7-year gap separates the two blocks"
"northamerica/canada/cana450.rwl","R902E1",1876,"accepted practice","interior year gap","24 year(s) missing (1876-1899); read.tucson fills these with 0"
"northamerica/canada/cana450.rwl","R902E1",1870,"accepted practice","one ID carries two separate segments","stop marker ends a line at 1870 but the ID continues; a 25-year gap separates the two blocks"
"northamerica/canada/cana520.rwl","BB04105B",1647,"accepted practice","interior year gap","4 year(s) missing (1647-1650); read.tucson fills these with 0"
"northamerica/canada/cana520.rwl","BB04105B",1640,"accepted practice","one ID carries two separate segments","stop marker ends a line at 1640 but the ID continues; a 5-year gap separates the two blocks"
"northamerica/canada/cana540.rwl","OC9-11a",1802,"accepted practice","interior year gap","95 year(s) missing (1802-1896); read.tucson fills these with 0"
"northamerica/canada/cana540.rwl","OC9-11b",1774,"accepted practice","interior year gap","123 year(s) missing (1774-1896); read.tucson fills these with 0"
"northamerica/canada/cana540.rwl","OC9-12a",1784,"accepted practice","interior year gap","112 year(s) missing (1784-1895); read.tucson fills these with 0"
"northamerica/canada/cana540.rwl","OC9-12b",1790,"accepted practice","interior year gap","106 year(s) missing (1790-1895); read.tucson fills these with 0"
"northamerica/canada/cana540.rwl","OC9-13a",1774,"accepted practice","interior year gap","113 year(s) missing (1774-1886); read.tucson fills these with 0"
"northamerica/canada/cana540.rwl","OC9-13b",1757,"accepted practice","interior year gap","130 year(s) missing (1757-1886); read.tucson fills these with 0"
"northamerica/canada/cana540.rwl","OC9-14a",1793,"accepted practice","interior year gap","92 year(s) missing (1793-1884); read.tucson fills these with 0"
"northamerica/canada/cana540.rwl","OC9-14b",1779,"accepted practice","interior year gap","106 year(s) missing (1779-1884); read.tucson fills these with 0"
"northamerica/canada/cana540.rwl","OC9-15a",1798,"accepted practice","interior year gap","87 year(s) missing (1798-1884); read.tucson fills these with 0"
"northamerica/canada/cana540.rwl","OC9-15b",1794,"accepted practice","interior year gap","91 year(s) missing (1794-1884); read.tucson fills these with 0"
"northamerica/canada/cana540.rwl","OC9-16a",1848,"accepted practice","interior year gap","38 year(s) missing (1848-1885); read.tucson fills these with 0"
"northamerica/canada/cana540.rwl","OC9-16b",1840,"accepted practice","interior year gap","46 year(s) missing (1840-1885); read.tucson fills these with 0"
"northamerica/canada/cana565.rwl","BND05A",1906,"accepted practice","interior year gap","12 year(s) missing (1906-1917); read.tucson fills these with 0"
"northamerica/canada/cana565.rwl","BND07B",1893,"accepted practice","interior year gap","31 year(s) missing (1893-1923); read.tucson fills these with 0"
"northamerica/canada/cana565.rwl","BND05A",1900,"accepted practice","one ID carries two separate segments","stop marker ends a line at 1900 but the ID continues; a 13-year gap separates the two blocks"
"northamerica/canada/cana565.rwl","BND07B",1890,"accepted practice","one ID carries two separate segments","stop marker ends a line at 1890 but the ID continues; a 32-year gap separates the two blocks"
"northamerica/canada/cana566.rwl","BCW002D",1832,"accepted practice","interior year gap","34 year(s) missing (1832-1865); read.tucson fills these with 0"
"northamerica/canada/cana579.rwl","WCH09A",1619,"accepted practice","interior year gap","99 year(s) missing (1619-1717); read.tucson fills these with 0"
"northamerica/canada/cana579.rwl","WCH09A",1610,"accepted practice","one ID carries two separate segments","stop marker ends a line at 1610 but the ID continues; a 100-year gap separates the two blocks"
"northamerica/canada/cana590.rwl","TK0942",2000,"accepted practice","interior year gap","2 year(s) missing (2000-2001); read.tucson fills these with 0"
"northamerica/mexico/mexi004.rwl","269062",1890,"accepted practice","interior year gap","10 year(s) missing (1890-1899); read.tucson fills these with 0"
"northamerica/mexico/mexi004.rwl","269092",1792,"accepted practice","interior year gap","9 year(s) missing (1792-1800); read.tucson fills these with 0"
"northamerica/mexico/mexi004.rwl","269062",1880,"accepted practice","one ID carries two separate segments","stop marker ends a line at 1880 but the ID continues; a 11-year gap separates the two blocks"
"northamerica/mexico/mexi004.rwl","269092",1790,"accepted practice","one ID carries two separate segments","stop marker ends a line at 1790 but the ID continues; a 10-year gap separates the two blocks"
"northamerica/mexico/mexi014.rwl","271041",1722,"accepted practice","interior year gap","10 year(s) missing (1722-1883); read.tucson fills these with 0"
"northamerica/mexico/mexi014.rwl","271043",1742,"accepted practice","interior year gap","5 year(s) missing (1742-1883); read.tucson fills these with 0"
"northamerica/mexico/mexi014.rwl","271141",1810,"accepted practice","interior year gap","70 year(s) missing (1810-1879); read.tucson fills these with 0"
"northamerica/mexico/mexi014.rwl","271142",1800,"accepted practice","interior year gap","30 year(s) missing (1800-1829); read.tucson fills these with 0"
"northamerica/mexico/mexi014.rwl","271231",1872,"accepted practice","interior year gap","38 year(s) missing (1872-1909); read.tucson fills these with 0"
"northamerica/mexico/mexi014.rwl","271232",1871,"accepted practice","interior year gap","29 year(s) missing (1871-1899); read.tucson fills these with 0"
"northamerica/mexico/mexi014.rwl","271251",1825,"accepted practice","interior year gap","36 year(s) missing (1825-1860); read.tucson fills these with 0"
"northamerica/mexico/mexi014.rwl","271041",1720,"accepted practice","one ID carries two separate segments","stop marker ends a line at 1720 but the ID continues; a 2-year gap separates the two blocks"
"northamerica/mexico/mexi014.rwl","271043",1740,"accepted practice","one ID carries two separate segments","stop marker ends a line at 1740 but the ID continues; a 3-year gap separates the two blocks"
"northamerica/mexico/mexi014.rwl","271231",1870,"accepted practice","one ID carries two separate segments","stop marker ends a line at 1870 but the ID continues; a 39-year gap separates the two blocks"
"northamerica/mexico/mexi014.rwl","271232",1870,"accepted practice","one ID carries two separate segments","stop marker ends a line at 1870 but the ID continues; a 30-year gap separates the two blocks"
"northamerica/mexico/mexi014.rwl","271251",1820,"accepted practice","one ID carries two separate segments","stop marker ends a line at 1820 but the ID continues; a 37-year gap separates the two blocks"
"northamerica/mexico/mexi057.rwl","TUT24B",1746,"accepted practice","interior year gap","15 year(s) missing (1746-1760); read.tucson fills these with 0"
"northamerica/mexico/mexi057.rwl","TUT37D",1728,"accepted practice","interior year gap","3 year(s) missing (1728-1730); read.tucson fills these with 0"
"northamerica/mexico/mexi057.rwl","TUT24B",1740,"accepted practice","one ID carries two separate segments","stop marker ends a line at 1740 but the ID continues; a 16-year gap separates the two blocks"
"northamerica/mexico/mexi057.rwl","TUT37D",1720,"accepted practice","one ID carries two separate segments","stop marker ends a line at 1720 but the ID continues; a 4-year gap separates the two blocks"
"northamerica/mexico/mexi080.rwl","CVS22B",1920,"accepted practice","interior year gap","5 year(s) missing (1920-1924); read.tucson fills these with 0"
"northamerica/usa/ak020.rwl","CV18NN",1877,"accepted practice","interior year gap","33 year(s) missing (1877-1909); read.tucson fills these with 0"
"northamerica/usa/ak020.rwl","CV18NN",1870,"accepted practice","one ID carries two separate segments","stop marker ends a line at 1870 but the ID continues; a 34-year gap separates the two blocks"
"northamerica/usa/ak024.rwl","RG51NE",1753,"accepted practice","interior year gap","116 year(s) missing (1753-1868); read.tucson fills these with 0"
"northamerica/usa/ak024.rwl","RG51NE",1750,"accepted practice","one ID carries two separate segments","stop marker ends a line at 1750 but the ID continues; a 117-year gap separates the two blocks"
"northamerica/usa/ak025.rwl","TB02NW",1646,"accepted practice","interior year gap","23 year(s) missing (1646-1668); read.tucson fills these with 0"
"northamerica/usa/ak025.rwl","TB02NW",1640,"accepted practice","one ID carries two separate segments","stop marker ends a line at 1640 but the ID continues; a 24-year gap separates the two blocks"
"northamerica/usa/ak027.rwl","TP56W",1880,"accepted practice","interior year gap","1 year(s) missing (1880-1880); read.tucson fills these with 0"
"northamerica/usa/ak027.rwl","TP66NW",1938,"accepted practice","interior year gap","1 year(s) missing (1938-1938); read.tucson fills these with 0"
"northamerica/usa/ak027.rwl","TP56W",1870,"accepted practice","one ID carries two separate segments","stop marker ends a line at 1870 but the ID continues; a 2-year gap separates the two blocks"
"northamerica/usa/ak027.rwl","TP66NW",1930,"accepted practice","one ID carries two separate segments","stop marker ends a line at 1930 but the ID continues; a 2-year gap separates the two blocks"
"northamerica/usa/ak028.rwl","WC23NE",1675,"accepted practice","interior year gap","4 year(s) missing (1675-1678); read.tucson fills these with 0"
"northamerica/usa/ak028.rwl","WC30SE",1665,"accepted practice","interior year gap","5 year(s) missing (1665-1669); read.tucson fills these with 0"
"northamerica/usa/ak028.rwl","WC23NE",1670,"accepted practice","one ID carries two separate segments","stop marker ends a line at 1670 but the ID continues; a 5-year gap separates the two blocks"
"northamerica/usa/ak028.rwl","WC30SE",1660,"accepted practice","one ID carries two separate segments","stop marker ends a line at 1660 but the ID continues; a 6-year gap separates the two blocks"
"northamerica/usa/ak029.rwl","WS12SW",1873,"accepted practice","interior year gap","8 year(s) missing (1873-1880); read.tucson fills these with 0"
"northamerica/usa/ak029.rwl","WS12SW",1870,"accepted practice","one ID carries two separate segments","stop marker ends a line at 1870 but the ID continues; a 9-year gap separates the two blocks"
"northamerica/usa/ak075.rwl","HH19N",1838,"accepted practice","interior year gap","15 year(s) missing (1838-1852); read.tucson fills these with 0"
"northamerica/usa/ak075.rwl","HH19N",1830,"accepted practice","one ID carries two separate segments","stop marker ends a line at 1830 but the ID continues; a 16-year gap separates the two blocks"
"northamerica/usa/ak076.rwl","CA4NW",1917,"accepted practice","interior year gap","7 year(s) missing (1917-1923); read.tucson fills these with 0"
"northamerica/usa/ak076.rwl","CA4NW",1910,"accepted practice","one ID carries two separate segments","stop marker ends a line at 1910 but the ID continues; a 8-year gap separates the two blocks"
"northamerica/usa/ak095.rwl","LT052B",1149,"accepted practice","interior year gap","11 year(s) missing (1149-1159); read.tucson fills these with 0"
"northamerica/usa/ak095.rwl","LT052B",1140,"accepted practice","one ID carries two separate segments","stop marker ends a line at 1140 but the ID continues; a 12-year gap separates the two blocks"
"northamerica/usa/ak096.rwl","CV18NN",1877,"accepted practice","interior year gap","33 year(s) missing (1877-1909); read.tucson fills these with 0"
"northamerica/usa/ak096.rwl","EL26SW",1629,"accepted practice","interior year gap","6 year(s) missing (1629-1634); read.tucson fills these with 0"
"northamerica/usa/ak096.rwl","EL34NE",1915,"accepted practice","interior year gap","3 year(s) missing (1915-1917); read.tucson fills these with 0"
"northamerica/usa/ak096.rwl","EL3SW",1910,"accepted practice","interior year gap","1 year(s) missing (1910-1910); read.tucson fills these with 0"
"northamerica/usa/ak096.rwl","EL46SE",1891,"accepted practice","interior year gap","7 year(s) missing (1891-1897); read.tucson fills these with 0"
"northamerica/usa/ak096.rwl","EL8NE",1887,"accepted practice","interior year gap","5 year(s) missing (1887-1891); read.tucson fills these with 0"
"northamerica/usa/ak096.rwl","LT052B",1149,"accepted practice","interior year gap","11 year(s) missing (1149-1159); read.tucson fills these with 0"
"northamerica/usa/ak096.rwl","RG51NE",1753,"accepted practice","interior year gap","116 year(s) missing (1753-1868); read.tucson fills these with 0"
"northamerica/usa/ak096.rwl","TB02NW",1646,"accepted practice","interior year gap","23 year(s) missing (1646-1668); read.tucson fills these with 0"
"northamerica/usa/ak096.rwl","WS12SW",1873,"accepted practice","interior year gap","8 year(s) missing (1873-1880); read.tucson fills these with 0"
"northamerica/usa/ak096.rwl","CV18NN",1870,"accepted practice","one ID carries two separate segments","stop marker ends a line at 1870 but the ID continues; a 34-year gap separates the two blocks"
"northamerica/usa/ak096.rwl","EL26SW",1620,"accepted practice","one ID carries two separate segments","stop marker ends a line at 1620 but the ID continues; a 7-year gap separates the two blocks"
"northamerica/usa/ak096.rwl","EL34NE",1910,"accepted practice","one ID carries two separate segments","stop marker ends a line at 1910 but the ID continues; a 4-year gap separates the two blocks"
"northamerica/usa/ak096.rwl","EL3SW",1900,"accepted practice","one ID carries two separate segments","stop marker ends a line at 1900 but the ID continues; a 2-year gap separates the two blocks"
"northamerica/usa/ak096.rwl","EL46SE",1890,"accepted practice","one ID carries two separate segments","stop marker ends a line at 1890 but the ID continues; a 8-year gap separates the two blocks"
"northamerica/usa/ak096.rwl","EL8NE",1880,"accepted practice","one ID carries two separate segments","stop marker ends a line at 1880 but the ID continues; a 6-year gap separates the two blocks"
"northamerica/usa/ak096.rwl","LT052B",1140,"accepted practice","one ID carries two separate segments","stop marker ends a line at 1140 but the ID continues; a 12-year gap separates the two blocks"
"northamerica/usa/ak096.rwl","RG51NE",1750,"accepted practice","one ID carries two separate segments","stop marker ends a line at 1750 but the ID continues; a 117-year gap separates the two blocks"
"northamerica/usa/ak096.rwl","TB02NW",1640,"accepted practice","one ID carries two separate segments","stop marker ends a line at 1640 but the ID continues; a 24-year gap separates the two blocks"
"northamerica/usa/ak096.rwl","WS12SW",1870,"accepted practice","one ID carries two separate segments","stop marker ends a line at 1870 but the ID continues; a 9-year gap separates the two blocks"
"northamerica/usa/ak112.rwl","RG51NE",1753,"accepted practice","interior year gap","116 year(s) missing (1753-1868); read.tucson fills these with 0"
"northamerica/usa/ak112.rwl","TB02NW",1646,"accepted practice","interior year gap","23 year(s) missing (1646-1668); read.tucson fills these with 0"
"northamerica/usa/ak112.rwl","WS12SW",1873,"accepted practice","interior year gap","8 year(s) missing (1873-1880); read.tucson fills these with 0"
"northamerica/usa/ak112.rwl","RG51NE",1750,"accepted practice","one ID carries two separate segments","stop marker ends a line at 1750 but the ID continues; a 117-year gap separates the two blocks"
"northamerica/usa/ak112.rwl","TB02NW",1640,"accepted practice","one ID carries two separate segments","stop marker ends a line at 1640 but the ID continues; a 24-year gap separates the two blocks"
"northamerica/usa/ak112.rwl","WS12SW",1870,"accepted practice","one ID carries two separate segments","stop marker ends a line at 1870 but the ID continues; a 9-year gap separates the two blocks"
"northamerica/usa/ak115.rwl","HB24B.se",1851,"accepted practice","interior year gap","24 year(s) missing (1851-1874); read.tucson fills these with 0"
"northamerica/usa/ak115.rwl","HB24B.se",1850,"accepted practice","one ID carries two separate segments","stop marker ends a line at 1850 but the ID continues; a 25-year gap separates the two blocks"
"northamerica/usa/ak115x.rwl","HB24B.se",1851,"accepted practice","interior year gap","24 year(s) missing (1851-1874); read.tucson fills these with 0"
"northamerica/usa/ak115x.rwl","HB24B.se",1850,"accepted practice","one ID carries two separate segments","stop marker ends a line at 1850 but the ID continues; a 25-year gap separates the two blocks"
"northamerica/usa/ak118.rwl","XR22N",1950,"accepted practice","interior year gap","10 year(s) missing (1950-1959); read.tucson fills these with 0"
"northamerica/usa/ak168.rwl","TB10G1",489,"accepted practice","interior year gap","63 year(s) missing (489-551); read.tucson fills these with 0"
"northamerica/usa/ak168.rwl","TB10G1",480,"accepted practice","one ID carries two separate segments","stop marker ends a line at 480 but the ID continues; a 64-year gap separates the two blocks"
"northamerica/usa/ak196.rwl","EX23NE",1628,"accepted practice","interior year gap","6 year(s) missing (1628-1633); read.tucson fills these with 0"
"northamerica/usa/ak196.rwl","EX48E",1720,"accepted practice","interior year gap","90 year(s) missing (1720-1809); read.tucson fills these with 0"
"northamerica/usa/ak196.rwl","EX23NE",1620,"accepted practice","one ID carries two separate segments","stop marker ends a line at 1620 but the ID continues; a 7-year gap separates the two blocks"
"northamerica/usa/ak196.rwl","EX48E",1710,"accepted practice","one ID carries two separate segments","stop marker ends a line at 1710 but the ID continues; a 91-year gap separates the two blocks"
"northamerica/usa/ak200.rwl","CM82S",1776,"accepted practice","interior year gap","24 year(s) missing (1776-1799); read.tucson fills these with 0"
"northamerica/usa/ak200.rwl","CM86N",1901,"accepted practice","interior year gap","24 year(s) missing (1901-1924); read.tucson fills these with 0"
"northamerica/usa/ak200.rwl","CM82S",1770,"accepted practice","one ID carries two separate segments","stop marker ends a line at 1770 but the ID continues; a 25-year gap separates the two blocks"
"northamerica/usa/ak200.rwl","CM86N",1900,"accepted practice","one ID carries two separate segments","stop marker ends a line at 1900 but the ID continues; a 25-year gap separates the two blocks"
"northamerica/usa/ak213.rwl","ANG12B",1880,"accepted practice","interior year gap","45 year(s) missing (1880-1924); read.tucson fills these with 0"
"northamerica/usa/ak216.rwl","HRC08A",1820,"accepted practice","interior year gap","5 year(s) missing (1820-1824); read.tucson fills these with 0"
"northamerica/usa/az143.rwl","437021",1859,"accepted practice","interior year gap","3 year(s) missing (1859-1869); read.tucson fills these with 0"
"northamerica/usa/az143.rwl","437061",1804,"accepted practice","interior year gap","26 year(s) missing (1804-1829); read.tucson fills these with 0"
"northamerica/usa/az606.rwl","RMP011",1630,"accepted practice","interior year gap","40 year(s) missing (1630-1669); read.tucson fills these with 0"
"northamerica/usa/az615.rwl","AZP0310A",1999,"accepted practice","interior year gap","1 year(s) missing (1999-1999); read.tucson fills these with 0"
"northamerica/usa/az615.rwl","AZP0310B",1959,"accepted practice","interior year gap","1 year(s) missing (1959-1959); read.tucson fills these with 0"
"northamerica/usa/ca650.rwl","COT15A",1660,"accepted practice","interior year gap","1 year(s) missing (1660-1660); read.tucson fills these with 0"
"northamerica/usa/ca667.rwl","ST850A",-387,"accepted practice","interior year gap","250 year(s) missing (-387--138); read.tucson fills these with 0"
"northamerica/usa/ca667.rwl","ST850A",-390,"accepted practice","one ID carries two separate segments","stop marker ends a line at -390 but the ID continues; a 251-year gap separates the two blocks"
"northamerica/usa/ca717.rwl","DSQ411",1298,"accepted practice","interior year gap","2 year(s) missing (1298-1299); read.tucson fills these with 0"
"northamerica/usa/co071.rwl","095231",168,"accepted practice","interior year gap","446 year(s) missing (168-613); read.tucson fills these with 0"
"northamerica/usa/co071.rwl","095231",160,"accepted practice","one ID carries two separate segments","stop marker ends a line at 160 but the ID continues; a 447-year gap separates the two blocks"
"northamerica/usa/co579.rwl","pum071",1707,"accepted practice","interior year gap","78 year(s) missing (1707-1784); read.tucson fills these with 0"
"northamerica/usa/co579.rwl","pum231",1589,"accepted practice","interior year gap","31 year(s) missing (1589-1619); read.tucson fills these with 0"
"northamerica/usa/co579.rwl","pum232",1582,"accepted practice","interior year gap","38 year(s) missing (1582-1619); read.tucson fills these with 0"
"northamerica/usa/co579.rwl","pum252",1622,"accepted practice","interior year gap","98 year(s) missing (1622-1719); read.tucson fills these with 0"
"northamerica/usa/co579.rwl","pum071",1700,"accepted practice","one ID carries two separate segments","stop marker ends a line at 1700 but the ID continues; a 79-year gap separates the two blocks"
"northamerica/usa/co579.rwl","pum231",1580,"accepted practice","one ID carries two separate segments","stop marker ends a line at 1580 but the ID continues; a 32-year gap separates the two blocks"
"northamerica/usa/co579.rwl","pum232",1580,"accepted practice","one ID carries two separate segments","stop marker ends a line at 1580 but the ID continues; a 39-year gap separates the two blocks"
"northamerica/usa/co579.rwl","pum252",1620,"accepted practice","one ID carries two separate segments","stop marker ends a line at 1620 but the ID continues; a 99-year gap separates the two blocks"
"northamerica/usa/co580.rwl","lan072",1663,"accepted practice","interior year gap","47 year(s) missing (1663-1709); read.tucson fills these with 0"
"northamerica/usa/co580.rwl","lan072",1660,"accepted practice","one ID carries two separate segments","stop marker ends a line at 1660 but the ID continues; a 48-year gap separates the two blocks"
"northamerica/usa/co583.rwl","trg211",1702,"accepted practice","interior year gap","108 year(s) missing (1702-1809); read.tucson fills these with 0"
"northamerica/usa/co583.rwl","trg212",1514,"accepted practice","interior year gap","7 year(s) missing (1514-1520); read.tucson fills these with 0"
"northamerica/usa/co583.rwl","trg211",1700,"accepted practice","one ID carries two separate segments","stop marker ends a line at 1700 but the ID continues; a 109-year gap separates the two blocks"
"northamerica/usa/co583.rwl","trg212",1510,"accepted practice","one ID carries two separate segments","stop marker ends a line at 1510 but the ID continues; a 8-year gap separates the two blocks"
"northamerica/usa/co596.rwl","cra111",1713,"accepted practice","interior year gap","31 year(s) missing (1713-1743); read.tucson fills these with 0"
"northamerica/usa/co596.rwl","cra112",1713,"accepted practice","interior year gap","16 year(s) missing (1713-1728); read.tucson fills these with 0"
"northamerica/usa/co596.rwl","cra261",1892,"accepted practice","interior year gap","14 year(s) missing (1892-1905); read.tucson fills these with 0"
"northamerica/usa/co596.rwl","cra111",1710,"accepted practice","one ID carries two separate segments","stop marker ends a line at 1710 but the ID continues; a 32-year gap separates the two blocks"
"northamerica/usa/co596.rwl","cra112",1710,"accepted practice","one ID carries two separate segments","stop marker ends a line at 1710 but the ID continues; a 17-year gap separates the two blocks"
"northamerica/usa/co596.rwl","cra261",1890,"accepted practice","one ID carries two separate segments","stop marker ends a line at 1890 but the ID continues; a 15-year gap separates the two blocks"
"northamerica/usa/co597.rwl","dil241",1644,"accepted practice","interior year gap","11 year(s) missing (1644-1654); read.tucson fills these with 0"
"northamerica/usa/co597.rwl","dil241",1640,"accepted practice","one ID carries two separate segments","stop marker ends a line at 1640 but the ID continues; a 12-year gap separates the two blocks"
"northamerica/usa/co602.rwl","ele011",1737,"accepted practice","interior year gap","1 year(s) missing (1737-1737); read.tucson fills these with 0"
"northamerica/usa/co602.rwl","ele052",1774,"accepted practice","interior year gap","18 year(s) missing (1774-1791); read.tucson fills these with 0"
"northamerica/usa/co602.rwl","ele011",1730,"accepted practice","one ID carries two separate segments","stop marker ends a line at 1730 but the ID continues; a 2-year gap separates the two blocks"
"northamerica/usa/co602.rwl","ele052",1770,"accepted practice","one ID carries two separate segments","stop marker ends a line at 1770 but the ID continues; a 19-year gap separates the two blocks"
"northamerica/usa/co603.rwl","cra051",1872,"accepted practice","interior year gap","25 year(s) missing (1872-1896); read.tucson fills these with 0"
"northamerica/usa/co603.rwl","cra052",1862,"accepted practice","interior year gap","34 year(s) missing (1862-1895); read.tucson fills these with 0"
"northamerica/usa/co603.rwl","cra121",1796,"accepted practice","interior year gap","71 year(s) missing (1796-1866); read.tucson fills these with 0"
"northamerica/usa/co603.rwl","cra122",1796,"accepted practice","interior year gap","71 year(s) missing (1796-1866); read.tucson fills these with 0"
"northamerica/usa/co603.rwl","cra232",1799,"accepted practice","interior year gap","11 year(s) missing (1799-1809); read.tucson fills these with 0"
"northamerica/usa/co603.rwl","cra051",1870,"accepted practice","one ID carries two separate segments","stop marker ends a line at 1870 but the ID continues; a 26-year gap separates the two blocks"
"northamerica/usa/co603.rwl","cra052",1860,"accepted practice","one ID carries two separate segments","stop marker ends a line at 1860 but the ID continues; a 35-year gap separates the two blocks"
"northamerica/usa/co603.rwl","cra121",1790,"accepted practice","one ID carries two separate segments","stop marker ends a line at 1790 but the ID continues; a 72-year gap separates the two blocks"
"northamerica/usa/co603.rwl","cra122",1790,"accepted practice","one ID carries two separate segments","stop marker ends a line at 1790 but the ID continues; a 72-year gap separates the two blocks"
"northamerica/usa/co603.rwl","cra232",1790,"accepted practice","one ID carries two separate segments","stop marker ends a line at 1790 but the ID continues; a 12-year gap separates the two blocks"
"northamerica/usa/co604.rwl","gmr121",1747,"accepted practice","interior year gap","13 year(s) missing (1747-1759); read.tucson fills these with 0"
"northamerica/usa/co604.rwl","gmr121",1740,"accepted practice","one ID carries two separate segments","stop marker ends a line at 1740 but the ID continues; a 14-year gap separates the two blocks"
"northamerica/usa/co605.rwl","gou611",1742,"accepted practice","interior year gap","38 year(s) missing (1742-1779); read.tucson fills these with 0"
"northamerica/usa/co605.rwl","gou611",1740,"accepted practice","one ID carries two separate segments","stop marker ends a line at 1740 but the ID continues; a 39-year gap separates the two blocks"
"northamerica/usa/co607.rwl","jam141",1654,"accepted practice","interior year gap","16 year(s) missing (1654-1669); read.tucson fills these with 0"
"northamerica/usa/co607.rwl","jam142",1654,"accepted practice","interior year gap","16 year(s) missing (1654-1669); read.tucson fills these with 0"
"northamerica/usa/co607.rwl","jam141",1650,"accepted practice","one ID carries two separate segments","stop marker ends a line at 1650 but the ID continues; a 17-year gap separates the two blocks"
"northamerica/usa/co607.rwl","jam142",1650,"accepted practice","one ID carries two separate segments","stop marker ends a line at 1650 but the ID continues; a 17-year gap separates the two blocks"
"northamerica/usa/co611.rwl","mey022",1877,"accepted practice","interior year gap","1 year(s) missing (1877-1877); read.tucson fills these with 0"
"northamerica/usa/co611.rwl","mey022",1870,"accepted practice","one ID carries two separate segments","stop marker ends a line at 1870 but the ID continues; a 2-year gap separates the two blocks"
"northamerica/usa/co614.rwl","owu171",1866,"accepted practice","interior year gap","17 year(s) missing (1866-1882); read.tucson fills these with 0"
"northamerica/usa/co614.rwl","owu171",1860,"accepted practice","one ID carries two separate segments","stop marker ends a line at 1860 but the ID continues; a 18-year gap separates the two blocks"
"northamerica/usa/co615.rwl","pic202",1442,"accepted practice","interior year gap","58 year(s) missing (1442-1499); read.tucson fills these with 0"
"northamerica/usa/co615.rwl","pic202",1440,"accepted practice","one ID carries two separate segments","stop marker ends a line at 1440 but the ID continues; a 59-year gap separates the two blocks"
"northamerica/usa/co617.rwl","prd131",1715,"accepted practice","interior year gap","10 year(s) missing (1715-1724); read.tucson fills these with 0"
"northamerica/usa/co617.rwl","prd131",1710,"accepted practice","one ID carries two separate segments","stop marker ends a line at 1710 but the ID continues; a 11-year gap separates the two blocks"
"northamerica/usa/co619.rwl","ppx071",1422,"accepted practice","interior year gap","5 year(s) missing (1422-1426); read.tucson fills these with 0"
"northamerica/usa/co619.rwl","ptp021",1283,"accepted practice","interior year gap","58 year(s) missing (1283-1340); read.tucson fills these with 0"
"northamerica/usa/co619.rwl","ptp202",1812,"accepted practice","interior year gap","47 year(s) missing (1812-1858); read.tucson fills these with 0"
"northamerica/usa/co619.rwl","ppx071",1420,"accepted practice","one ID carries two separate segments","stop marker ends a line at 1420 but the ID continues; a 6-year gap separates the two blocks"
"northamerica/usa/co619.rwl","ptp021",1280,"accepted practice","one ID carries two separate segments","stop marker ends a line at 1280 but the ID continues; a 59-year gap separates the two blocks"
"northamerica/usa/co619.rwl","ptp202",1810,"accepted practice","one ID carries two separate segments","stop marker ends a line at 1810 but the ID continues; a 48-year gap separates the two blocks"
"northamerica/usa/co621.rwl","rif151",1762,"accepted practice","interior year gap","58 year(s) missing (1762-1819); read.tucson fills these with 0"
"northamerica/usa/co621.rwl","rif152",1772,"accepted practice","interior year gap","48 year(s) missing (1772-1819); read.tucson fills these with 0"
"northamerica/usa/co621.rwl","rif151",1760,"accepted practice","one ID carries two separate segments","stop marker ends a line at 1760 but the ID continues; a 59-year gap separates the two blocks"
"northamerica/usa/co621.rwl","rif152",1770,"accepted practice","one ID carries two separate segments","stop marker ends a line at 1770 but the ID continues; a 49-year gap separates the two blocks"
"northamerica/usa/co622.rwl","rus101",1667,"accepted practice","interior year gap","53 year(s) missing (1667-1719); read.tucson fills these with 0"
"northamerica/usa/co622.rwl","rus103",1667,"accepted practice","interior year gap","53 year(s) missing (1667-1719); read.tucson fills these with 0"
"northamerica/usa/co623.rwl","sap011",1703,"accepted practice","interior year gap","117 year(s) missing (1703-1819); read.tucson fills these with 0"
"northamerica/usa/co623.rwl","sap031",1802,"accepted practice","interior year gap","38 year(s) missing (1802-1839); read.tucson fills these with 0"
"northamerica/usa/co623.rwl","sap121",1795,"accepted practice","interior year gap","36 year(s) missing (1795-1830); read.tucson fills these with 0"
"northamerica/usa/co623.rwl","sap122",1795,"accepted practice","interior year gap","36 year(s) missing (1795-1830); read.tucson fills these with 0"
"northamerica/usa/co623.rwl","sap011",1700,"accepted practice","one ID carries two separate segments","stop marker ends a line at 1700 but the ID continues; a 118-year gap separates the two blocks"
"northamerica/usa/co623.rwl","sap031",1800,"accepted practice","one ID carries two separate segments","stop marker ends a line at 1800 but the ID continues; a 39-year gap separates the two blocks"
"northamerica/usa/co623.rwl","sap121",1790,"accepted practice","one ID carries two separate segments","stop marker ends a line at 1790 but the ID continues; a 37-year gap separates the two blocks"
"northamerica/usa/co623.rwl","sap122",1790,"accepted practice","one ID carries two separate segments","stop marker ends a line at 1790 but the ID continues; a 37-year gap separates the two blocks"
"northamerica/usa/co624.rwl","sar262",1447,"accepted practice","interior year gap","7 year(s) missing (1447-1453); read.tucson fills these with 0"
"northamerica/usa/co624.rwl","sar262",1440,"accepted practice","one ID carries two separate segments","stop marker ends a line at 1440 but the ID continues; a 8-year gap separates the two blocks"
"northamerica/usa/co625.rwl","sfk171",1756,"accepted practice","interior year gap","44 year(s) missing (1756-1799); read.tucson fills these with 0"
"northamerica/usa/co625.rwl","sfk172",1776,"accepted practice","interior year gap","49 year(s) missing (1776-1824); read.tucson fills these with 0"
"northamerica/usa/co625.rwl","sfk252",1757,"accepted practice","interior year gap","24 year(s) missing (1757-1780); read.tucson fills these with 0"
"northamerica/usa/co625.rwl","sfk271",1723,"accepted practice","interior year gap","37 year(s) missing (1723-1759); read.tucson fills these with 0"
"northamerica/usa/co625.rwl","sfk171",1750,"accepted practice","one ID carries two separate segments","stop marker ends a line at 1750 but the ID continues; a 45-year gap separates the two blocks"
"northamerica/usa/co625.rwl","sfk172",1770,"accepted practice","one ID carries two separate segments","stop marker ends a line at 1770 but the ID continues; a 50-year gap separates the two blocks"
"northamerica/usa/co625.rwl","sfk252",1750,"accepted practice","one ID carries two separate segments","stop marker ends a line at 1750 but the ID continues; a 25-year gap separates the two blocks"
"northamerica/usa/co625.rwl","sfk271",1720,"accepted practice","one ID carries two separate segments","stop marker ends a line at 1720 but the ID continues; a 38-year gap separates the two blocks"
"northamerica/usa/co629.rwl","una151",1511,"accepted practice","interior year gap","79 year(s) missing (1511-1589); read.tucson fills these with 0"
"northamerica/usa/co629.rwl","una241",1422,"accepted practice","interior year gap","98 year(s) missing (1422-1519); read.tucson fills these with 0"
"northamerica/usa/co629.rwl","una242",1506,"accepted practice","interior year gap","20 year(s) missing (1506-1525); read.tucson fills these with 0"
"northamerica/usa/co629.rwl","una151",1510,"accepted practice","one ID carries two separate segments","stop marker ends a line at 1510 but the ID continues; a 80-year gap separates the two blocks"
"northamerica/usa/co629.rwl","una241",1420,"accepted practice","one ID carries two separate segments","stop marker ends a line at 1420 but the ID continues; a 99-year gap separates the two blocks"
"northamerica/usa/co629.rwl","una242",1500,"accepted practice","one ID carries two separate segments","stop marker ends a line at 1500 but the ID continues; a 21-year gap separates the two blocks"
"northamerica/usa/co636.rwl","arc031",1670,"accepted practice","interior year gap","64 year(s) missing (1670-1829); read.tucson fills these with 0"
"northamerica/usa/co636.rwl","arc032",1682,"accepted practice","interior year gap","18 year(s) missing (1682-1699); read.tucson fills these with 0"
"northamerica/usa/co636.rwl","arc051",1729,"accepted practice","interior year gap","131 year(s) missing (1729-1859); read.tucson fills these with 0"
"northamerica/usa/co636.rwl","arc052",1729,"accepted practice","interior year gap","131 year(s) missing (1729-1859); read.tucson fills these with 0"
"northamerica/usa/co636.rwl","arc282",1774,"accepted practice","interior year gap","24 year(s) missing (1774-1797); read.tucson fills these with 0"
"northamerica/usa/co636.rwl","arc031",1660,"accepted practice","one ID carries two separate segments","stop marker ends a line at 1660 but the ID continues; a 37-year gap separates the two blocks"
"northamerica/usa/co636.rwl","arc032",1680,"accepted practice","one ID carries two separate segments","stop marker ends a line at 1680 but the ID continues; a 19-year gap separates the two blocks"
"northamerica/usa/co636.rwl","arc051",1720,"accepted practice","one ID carries two separate segments","stop marker ends a line at 1720 but the ID continues; a 132-year gap separates the two blocks"
"northamerica/usa/co636.rwl","arc052",1720,"accepted practice","one ID carries two separate segments","stop marker ends a line at 1720 but the ID continues; a 132-year gap separates the two blocks"
"northamerica/usa/co636.rwl","arc282",1770,"accepted practice","one ID carries two separate segments","stop marker ends a line at 1770 but the ID continues; a 25-year gap separates the two blocks"
"northamerica/usa/co637.rwl","ccc063",1708,"accepted practice","interior year gap","102 year(s) missing (1708-1809); read.tucson fills these with 0"
"northamerica/usa/co637.rwl","ccc072",1728,"accepted practice","interior year gap","72 year(s) missing (1728-1799); read.tucson fills these with 0"
"northamerica/usa/co637.rwl","ccc082",1722,"accepted practice","interior year gap","58 year(s) missing (1722-1779); read.tucson fills these with 0"
"northamerica/usa/co637.rwl","ccc082",1720,"accepted practice","one ID carries two separate segments","stop marker ends a line at 1720 but the ID continues; a 59-year gap separates the two blocks"
"northamerica/usa/co638.rwl","gvr262",1662,"accepted practice","interior year gap","28 year(s) missing (1662-1689); read.tucson fills these with 0"
"northamerica/usa/co638.rwl","gvr262",1660,"accepted practice","one ID carries two separate segments","stop marker ends a line at 1660 but the ID continues; a 29-year gap separates the two blocks"
"northamerica/usa/co641.rwl","vbu183",1609,"accepted practice","interior year gap","6 year(s) missing (1609-1614); read.tucson fills these with 0"
"northamerica/usa/co641.rwl","vbu183",1600,"accepted practice","one ID carries two separate segments","stop marker ends a line at 1600 but the ID continues; a 7-year gap separates the two blocks"
"northamerica/usa/co646.rwl","gmr121",1747,"accepted practice","interior year gap","13 year(s) missing (1747-1759); read.tucson fills these with 0"
"northamerica/usa/co646.rwl","gmr121",1740,"accepted practice","one ID carries two separate segments","stop marker ends a line at 1740 but the ID continues; a 14-year gap separates the two blocks"
"northamerica/usa/co648.rwl","pum071",1707,"accepted practice","interior year gap","78 year(s) missing (1707-1784); read.tucson fills these with 0"
"northamerica/usa/co648.rwl","pum231",1589,"accepted practice","interior year gap","31 year(s) missing (1589-1619); read.tucson fills these with 0"
"northamerica/usa/co648.rwl","pum232",1582,"accepted practice","interior year gap","38 year(s) missing (1582-1619); read.tucson fills these with 0"
"northamerica/usa/co648.rwl","pum252",1622,"accepted practice","interior year gap","98 year(s) missing (1622-1719); read.tucson fills these with 0"
"northamerica/usa/co648.rwl","pux172",1274,"accepted practice","interior year gap","10 year(s) missing (1274-1283); read.tucson fills these with 0"
"northamerica/usa/co648.rwl","pum071",1700,"accepted practice","one ID carries two separate segments","stop marker ends a line at 1700 but the ID continues; a 79-year gap separates the two blocks"
"northamerica/usa/co648.rwl","pum231",1580,"accepted practice","one ID carries two separate segments","stop marker ends a line at 1580 but the ID continues; a 32-year gap separates the two blocks"
"northamerica/usa/co648.rwl","pum232",1580,"accepted practice","one ID carries two separate segments","stop marker ends a line at 1580 but the ID continues; a 39-year gap separates the two blocks"
"northamerica/usa/co648.rwl","pum252",1620,"accepted practice","one ID carries two separate segments","stop marker ends a line at 1620 but the ID continues; a 99-year gap separates the two blocks"
"northamerica/usa/co648.rwl","pux172",1270,"accepted practice","one ID carries two separate segments","stop marker ends a line at 1270 but the ID continues; a 11-year gap separates the two blocks"
"northamerica/usa/co649.rwl","trg211",1702,"accepted practice","interior year gap","108 year(s) missing (1702-1809); read.tucson fills these with 0"
"northamerica/usa/co649.rwl","trg212",1514,"accepted practice","interior year gap","7 year(s) missing (1514-1520); read.tucson fills these with 0"
"northamerica/usa/co649.rwl","trx082",1355,"accepted practice","interior year gap","16 year(s) missing (1355-1370); read.tucson fills these with 0"
"northamerica/usa/co649.rwl","trx102",1047,"accepted practice","interior year gap","20 year(s) missing (1047-1066); read.tucson fills these with 0"
"northamerica/usa/co649.rwl","trx131",1361,"accepted practice","interior year gap","101 year(s) missing (1361-1461); read.tucson fills these with 0"
"northamerica/usa/co649.rwl","trx212",1445,"accepted practice","interior year gap","19 year(s) missing (1445-1463); read.tucson fills these with 0"
"northamerica/usa/co649.rwl","trg211",1700,"accepted practice","one ID carries two separate segments","stop marker ends a line at 1700 but the ID continues; a 109-year gap separates the two blocks"
"northamerica/usa/co649.rwl","trg212",1510,"accepted practice","one ID carries two separate segments","stop marker ends a line at 1510 but the ID continues; a 8-year gap separates the two blocks"
"northamerica/usa/co649.rwl","trx082",1350,"accepted practice","one ID carries two separate segments","stop marker ends a line at 1350 but the ID continues; a 17-year gap separates the two blocks"
"northamerica/usa/co649.rwl","trx102",1040,"accepted practice","one ID carries two separate segments","stop marker ends a line at 1040 but the ID continues; a 21-year gap separates the two blocks"
"northamerica/usa/co649.rwl","trx131",1360,"accepted practice","one ID carries two separate segments","stop marker ends a line at 1360 but the ID continues; a 102-year gap separates the two blocks"
"northamerica/usa/co649.rwl","trx212",1440,"accepted practice","one ID carries two separate segments","stop marker ends a line at 1440 but the ID continues; a 20-year gap separates the two blocks"
"northamerica/usa/co657.rwl","amo061",1842,"accepted practice","interior year gap","48 year(s) missing (1842-1889); read.tucson fills these with 0"
"northamerica/usa/co657.rwl","amo061",1840,"accepted practice","one ID carries two separate segments","stop marker ends a line at 1840 but the ID continues; a 49-year gap separates the two blocks"
"northamerica/usa/co660.rwl","ccc063",1708,"accepted practice","interior year gap","102 year(s) missing (1708-1809); read.tucson fills these with 0"
"northamerica/usa/co660.rwl","ccc072",1728,"accepted practice","interior year gap","72 year(s) missing (1728-1799); read.tucson fills these with 0"
"northamerica/usa/co660.rwl","ccc082",1722,"accepted practice","interior year gap","58 year(s) missing (1722-1779); read.tucson fills these with 0"
"northamerica/usa/co660.rwl","ccc082",1720,"accepted practice","one ID carries two separate segments","stop marker ends a line at 1720 but the ID continues; a 59-year gap separates the two blocks"
"northamerica/usa/co661.rwl","dis112",1776,"accepted practice","interior year gap","54 year(s) missing (1776-1829); read.tucson fills these with 0"
"northamerica/usa/co661.rwl","dis112",1770,"accepted practice","one ID carries two separate segments","stop marker ends a line at 1770 but the ID continues; a 55-year gap separates the two blocks"
"northamerica/usa/co664.rwl","gou611",1742,"accepted practice","interior year gap","38 year(s) missing (1742-1779); read.tucson fills these with 0"
"northamerica/usa/co664.rwl","gou611",1740,"accepted practice","one ID carries two separate segments","stop marker ends a line at 1740 but the ID continues; a 39-year gap separates the two blocks"
"northamerica/usa/co670.rwl","ncr111",1775,"accepted practice","interior year gap","20 year(s) missing (1775-1794); read.tucson fills these with 0"
"northamerica/usa/co670.rwl","ncr111",1770,"accepted practice","one ID carries two separate segments","stop marker ends a line at 1770 but the ID continues; a 21-year gap separates the two blocks"
"northamerica/usa/co671.rwl","npx501",1277,"accepted practice","interior year gap","33 year(s) missing (1277-1309); read.tucson fills these with 0"
"northamerica/usa/co671.rwl","npx501",1270,"accepted practice","one ID carries two separate segments","stop marker ends a line at 1270 but the ID continues; a 34-year gap separates the two blocks"
"northamerica/usa/co672.rwl","91-54a",1759,"accepted practice","interior year gap","14 year(s) missing (1759-1772); read.tucson fills these with 0"
"northamerica/usa/co672.rwl","93-41",624,"accepted practice","interior year gap","261 year(s) missing (624-1809); read.tucson fills these with 0"
"northamerica/usa/co672.rwl","93-55a",865,"accepted practice","interior year gap","75 year(s) missing (865-939); read.tucson fills these with 0"
"northamerica/usa/co672.rwl","93-55b",1452,"accepted practice","interior year gap","4 year(s) missing (1452-1455); read.tucson fills these with 0"
"northamerica/usa/co672.rwl","93-59",553,"accepted practice","interior year gap","629 year(s) missing (553-1181); read.tucson fills these with 0"
"northamerica/usa/co672.rwl","91-54a",1750,"accepted practice","one ID carries two separate segments","stop marker ends a line at 1750 but the ID continues; a 15-year gap separates the two blocks"
"northamerica/usa/co672.rwl","93-41",620,"accepted practice","one ID carries two separate segments","stop marker ends a line at 620 but the ID continues; a 152-year gap separates the two blocks"
"northamerica/usa/co672.rwl","93-55a",860,"accepted practice","one ID carries two separate segments","stop marker ends a line at 860 but the ID continues; a 76-year gap separates the two blocks"
"northamerica/usa/co672.rwl","93-55b",1450,"accepted practice","one ID carries two separate segments","stop marker ends a line at 1450 but the ID continues; a 5-year gap separates the two blocks"
"northamerica/usa/co672.rwl","93-59",550,"accepted practice","one ID carries two separate segments","stop marker ends a line at 550 but the ID continues; a 630-year gap separates the two blocks"
"northamerica/usa/co676.rwl","una151",1511,"accepted practice","interior year gap","79 year(s) missing (1511-1589); read.tucson fills these with 0"
"northamerica/usa/co676.rwl","una241",1422,"accepted practice","interior year gap","98 year(s) missing (1422-1519); read.tucson fills these with 0"
"northamerica/usa/co676.rwl","una242",1506,"accepted practice","interior year gap","20 year(s) missing (1506-1525); read.tucson fills these with 0"
"northamerica/usa/co676.rwl","una151",1510,"accepted practice","one ID carries two separate segments","stop marker ends a line at 1510 but the ID continues; a 80-year gap separates the two blocks"
"northamerica/usa/co676.rwl","una241",1420,"accepted practice","one ID carries two separate segments","stop marker ends a line at 1420 but the ID continues; a 99-year gap separates the two blocks"
"northamerica/usa/co676.rwl","una242",1500,"accepted practice","one ID carries two separate segments","stop marker ends a line at 1500 but the ID continues; a 21-year gap separates the two blocks"
"northamerica/usa/co691.rwl","wpk061",1232,"accepted practice","interior year gap","252 year(s) missing (1232-1483); read.tucson fills these with 0"
"northamerica/usa/co691.rwl","wpk062",872,"accepted practice","interior year gap","102 year(s) missing (872-1259); read.tucson fills these with 0"
"northamerica/usa/co691.rwl","wpk072",1279,"accepted practice","interior year gap","71 year(s) missing (1279-1349); read.tucson fills these with 0"
"northamerica/usa/co691.rwl","wpk091",1842,"accepted practice","interior year gap","47 year(s) missing (1842-1888); read.tucson fills these with 0"
"northamerica/usa/co691.rwl","wpk101",912,"accepted practice","interior year gap","311 year(s) missing (912-1222); read.tucson fills these with 0"
"northamerica/usa/co691.rwl","wpk102",912,"accepted practice","interior year gap","62 year(s) missing (912-973); read.tucson fills these with 0"
"northamerica/usa/co691.rwl","wpk201",1334,"accepted practice","interior year gap","182 year(s) missing (1334-1854); read.tucson fills these with 0"
"northamerica/usa/co691.rwl","wpx031",282,"accepted practice","interior year gap","30 year(s) missing (282-311); read.tucson fills these with 0"
"northamerica/usa/co691.rwl","wpk061",1230,"accepted practice","one ID carries two separate segments","stop marker ends a line at 1230 but the ID continues; a 253-year gap separates the two blocks"
"northamerica/usa/co691.rwl","wpk062",870,"accepted practice","one ID carries two separate segments","stop marker ends a line at 870 but the ID continues; a 60-year gap separates the two blocks"
"northamerica/usa/co691.rwl","wpk072",1270,"accepted practice","one ID carries two separate segments","stop marker ends a line at 1270 but the ID continues; a 72-year gap separates the two blocks"
"northamerica/usa/co691.rwl","wpk091",1840,"accepted practice","one ID carries two separate segments","stop marker ends a line at 1840 but the ID continues; a 48-year gap separates the two blocks"
"northamerica/usa/co691.rwl","wpk101",910,"accepted practice","one ID carries two separate segments","stop marker ends a line at 910 but the ID continues; a 312-year gap separates the two blocks"
"northamerica/usa/co691.rwl","wpk102",910,"accepted practice","one ID carries two separate segments","stop marker ends a line at 910 but the ID continues; a 63-year gap separates the two blocks"
"northamerica/usa/co691.rwl","wpk201",1330,"accepted practice","one ID carries two separate segments","stop marker ends a line at 1330 but the ID continues; a 165-year gap separates the two blocks"
"northamerica/usa/co691.rwl","wpx031",280,"accepted practice","one ID carries two separate segments","stop marker ends a line at 280 but the ID continues; a 31-year gap separates the two blocks"
"northamerica/usa/ga011.rwl","fcl24a",1780,"accepted practice","interior year gap","10 year(s) missing (1780-1789); read.tucson fills these with 0"
"northamerica/usa/ga017.rwl","spp48c",1743,"accepted practice","interior year gap","17 year(s) missing (1743-1759); read.tucson fills these with 0"
"northamerica/usa/ga017.rwl","spp48c",1740,"accepted practice","one ID carries two separate segments","stop marker ends a line at 1740 but the ID continues; a 18-year gap separates the two blocks"
"northamerica/usa/ia001.rwl","BKB011",1866,"accepted practice","interior year gap","4 year(s) missing (1866-1869); read.tucson fills these with 0"
"northamerica/usa/ia001.rwl","BKB021",1843,"accepted practice","interior year gap","7 year(s) missing (1843-1849); read.tucson fills these with 0"
"northamerica/usa/ia001.rwl","BKB022",1843,"accepted practice","interior year gap","7 year(s) missing (1843-1849); read.tucson fills these with 0"
"northamerica/usa/ia001.rwl","BKB032",1934,"accepted practice","interior year gap","2 year(s) missing (1934-1935); read.tucson fills these with 0"
"northamerica/usa/ia001.rwl","BKB011",1860,"accepted practice","one ID carries two separate segments","stop marker ends a line at 1860 but the ID continues; a 5-year gap separates the two blocks"
"northamerica/usa/ia001.rwl","BKB021",1840,"accepted practice","one ID carries two separate segments","stop marker ends a line at 1840 but the ID continues; a 8-year gap separates the two blocks"
"northamerica/usa/ia001.rwl","BKB022",1840,"accepted practice","one ID carries two separate segments","stop marker ends a line at 1840 but the ID continues; a 8-year gap separates the two blocks"
"northamerica/usa/ia001.rwl","BKB032",1930,"accepted practice","one ID carries two separate segments","stop marker ends a line at 1930 but the ID continues; a 3-year gap separates the two blocks"
"northamerica/usa/ia027.rwl","DOL091",1789,"accepted practice","interior year gap","4 year(s) missing (1789-1877); read.tucson fills these with 0"
"northamerica/usa/ia027.rwl","DOL091",1780,"accepted practice","one ID carries two separate segments","stop marker ends a line at 1780 but the ID continues; a 3-year gap separates the two blocks"
"northamerica/usa/ia030.rwl","WPH011",1845,"accepted practice","interior year gap","6 year(s) missing (1845-1850); read.tucson fills these with 0"
"northamerica/usa/ia030.rwl","WPH132",1890,"accepted practice","interior year gap","7 year(s) missing (1890-1896); read.tucson fills these with 0"
"northamerica/usa/ia030.rwl","WPH142",1903,"accepted practice","interior year gap","7 year(s) missing (1903-1909); read.tucson fills these with 0"
"northamerica/usa/ia030.rwl","WPH144",1688,"accepted practice","interior year gap","8 year(s) missing (1688-1695); read.tucson fills these with 0"
"northamerica/usa/ia030.rwl","WPH011",1840,"accepted practice","one ID carries two separate segments","stop marker ends a line at 1840 but the ID continues; a 7-year gap separates the two blocks"
"northamerica/usa/ia030.rwl","WPH132",1880,"accepted practice","one ID carries two separate segments","stop marker ends a line at 1880 but the ID continues; a 8-year gap separates the two blocks"
"northamerica/usa/ia030.rwl","WPH142",1900,"accepted practice","one ID carries two separate segments","stop marker ends a line at 1900 but the ID continues; a 8-year gap separates the two blocks"
"northamerica/usa/ia030.rwl","WPH144",1680,"accepted practice","one ID carries two separate segments","stop marker ends a line at 1680 but the ID continues; a 9-year gap separates the two blocks"
"northamerica/usa/id020.rwl","crm55d",1832,"accepted practice","interior year gap","105 year(s) missing (1832-1936); read.tucson fills these with 0"
"northamerica/usa/id020.rwl","crm57b",1655,"accepted practice","interior year gap","177 year(s) missing (1655-1831); read.tucson fills these with 0"
"northamerica/usa/id020.rwl","crm55d",1830,"accepted practice","one ID carries two separate segments","stop marker ends a line at 1830 but the ID continues; a 106-year gap separates the two blocks"
"northamerica/usa/id020.rwl","crm57b",1650,"accepted practice","one ID carries two separate segments","stop marker ends a line at 1650 but the ID continues; a 178-year gap separates the two blocks"
"northamerica/usa/il008.rwl","STR252",1800,"accepted practice","interior year gap","3 year(s) missing (1800-1802); read.tucson fills these with 0"
"northamerica/usa/il008.rwl","STR511",1861,"accepted practice","interior year gap","19 year(s) missing (1861-1879); read.tucson fills these with 0"
"northamerica/usa/il008.rwl","STR252",1790,"accepted practice","one ID carries two separate segments","stop marker ends a line at 1790 but the ID continues; a 4-year gap separates the two blocks"
"northamerica/usa/il008.rwl","STR511",1860,"accepted practice","one ID carries two separate segments","stop marker ends a line at 1860 but the ID continues; a 20-year gap separates the two blocks"
"northamerica/usa/il011.rwl","FXR171",1799,"accepted practice","interior year gap","44 year(s) missing (1799-1842); read.tucson fills these with 0"
"northamerica/usa/il011.rwl","FXR181",1743,"accepted practice","interior year gap","41 year(s) missing (1743-1783); read.tucson fills these with 0"
"northamerica/usa/il011.rwl","FXR182",1854,"accepted practice","interior year gap","16 year(s) missing (1854-1869); read.tucson fills these with 0"
"northamerica/usa/il011.rwl","FXR191",1795,"accepted practice","interior year gap","15 year(s) missing (1795-1809); read.tucson fills these with 0"
"northamerica/usa/il011.rwl","FXR171",1790,"accepted practice","one ID carries two separate segments","stop marker ends a line at 1790 but the ID continues; a 45-year gap separates the two blocks"
"northamerica/usa/il011.rwl","FXR181",1740,"accepted practice","one ID carries two separate segments","stop marker ends a line at 1740 but the ID continues; a 42-year gap separates the two blocks"
"northamerica/usa/il011.rwl","FXR182",1850,"accepted practice","one ID carries two separate segments","stop marker ends a line at 1850 but the ID continues; a 17-year gap separates the two blocks"
"northamerica/usa/il011.rwl","FXR191",1790,"accepted practice","one ID carries two separate segments","stop marker ends a line at 1790 but the ID continues; a 16-year gap separates the two blocks"
"northamerica/usa/il012.rwl","KIK011",1802,"accepted practice","interior year gap","58 year(s) missing (1802-1859); read.tucson fills these with 0"
"northamerica/usa/il012.rwl","KIK011",1800,"accepted practice","one ID carries two separate segments","stop marker ends a line at 1800 but the ID continues; a 59-year gap separates the two blocks"
"northamerica/usa/il013.rwl","FCL132",1706,"accepted practice","interior year gap","2 year(s) missing (1706-1707); read.tucson fills these with 0"
"northamerica/usa/il013.rwl","FCL132",1700,"accepted practice","one ID carries two separate segments","stop marker ends a line at 1700 but the ID continues; a 3-year gap separates the two blocks"
"northamerica/usa/il014.rwl","GCY011",1818,"accepted practice","interior year gap","34 year(s) missing (1818-1851); read.tucson fills these with 0"
"northamerica/usa/il014.rwl","GCY061",1841,"accepted practice","interior year gap","25 year(s) missing (1841-1865); read.tucson fills these with 0"
"northamerica/usa/il014.rwl","GCY062",1841,"accepted practice","interior year gap","20 year(s) missing (1841-1860); read.tucson fills these with 0"
"northamerica/usa/il014.rwl","GCY191",1818,"accepted practice","interior year gap","5 year(s) missing (1818-1822); read.tucson fills these with 0"
"northamerica/usa/il014.rwl","GCY282",1847,"accepted practice","interior year gap","42 year(s) missing (1847-1888); read.tucson fills these with 0"
"northamerica/usa/il014.rwl","GCY011",1810,"accepted practice","one ID carries two separate segments","stop marker ends a line at 1810 but the ID continues; a 35-year gap separates the two blocks"
"northamerica/usa/il014.rwl","GCY061",1840,"accepted practice","one ID carries two separate segments","stop marker ends a line at 1840 but the ID continues; a 26-year gap separates the two blocks"
"northamerica/usa/il014.rwl","GCY062",1840,"accepted practice","one ID carries two separate segments","stop marker ends a line at 1840 but the ID continues; a 21-year gap separates the two blocks"
"northamerica/usa/il014.rwl","GCY191",1810,"accepted practice","one ID carries two separate segments","stop marker ends a line at 1810 but the ID continues; a 6-year gap separates the two blocks"
"northamerica/usa/il014.rwl","GCY282",1840,"accepted practice","one ID carries two separate segments","stop marker ends a line at 1840 but the ID continues; a 43-year gap separates the two blocks"
"northamerica/usa/ks013.rwl","cbk401",1880,"accepted practice","interior year gap","7 year(s) missing (1880-1886); read.tucson fills these with 0"
"northamerica/usa/ks013.rwl","cbk421",1931,"accepted practice","interior year gap","6 year(s) missing (1931-1936); read.tucson fills these with 0"
"northamerica/usa/ks013.rwl","cbk401",1870,"accepted practice","one ID carries two separate segments","stop marker ends a line at 1870 but the ID continues; a 8-year gap separates the two blocks"
"northamerica/usa/ks013.rwl","cbk421",1930,"accepted practice","one ID carries two separate segments","stop marker ends a line at 1930 but the ID continues; a 7-year gap separates the two blocks"
"northamerica/usa/ma025.rwl","DBR25A",1967,"accepted practice","interior year gap","3 year(s) missing (1967-1969); read.tucson fills these with 0"
"northamerica/usa/ma025.rwl","DBR25A",1960,"accepted practice","one ID carries two separate segments","stop marker ends a line at 1960 but the ID continues; a 4-year gap separates the two blocks"
"northamerica/usa/ma029.rwl","MBL32B",1952,"accepted practice","interior year gap","1 year(s) missing (1952-1952); read.tucson fills these with 0"
"northamerica/usa/ma029.rwl","MBL32B",1950,"accepted practice","one ID carries two separate segments","stop marker ends a line at 1950 but the ID continues; a 2-year gap separates the two blocks"
"northamerica/usa/ma034.rwl","WHD17C",1951,"accepted practice","interior year gap","9 year(s) missing (1951-1959); read.tucson fills these with 0"
"northamerica/usa/ma034.rwl","WHD17C",1950,"accepted practice","one ID carries two separate segments","stop marker ends a line at 1950 but the ID continues; a 10-year gap separates the two blocks"
"northamerica/usa/me039.rwl","TII16b",1891,"accepted practice","interior year gap","12 year(s) missing (1891-1902); read.tucson fills these with 0"
"northamerica/usa/me039.rwl","TII21a",1927,"accepted practice","interior year gap","23 year(s) missing (1927-1949); read.tucson fills these with 0"
"northamerica/usa/me039.rwl","TII16b",1890,"accepted practice","one ID carries two separate segments","stop marker ends a line at 1890 but the ID continues; a 13-year gap separates the two blocks"
"northamerica/usa/me039.rwl","TII21a",1920,"accepted practice","one ID carries two separate segments","stop marker ends a line at 1920 but the ID continues; a 24-year gap separates the two blocks"
"northamerica/usa/me041.rwl","TLH17B",1946,"accepted practice","interior year gap","3 year(s) missing (1946-1948); read.tucson fills these with 0"
"northamerica/usa/me041.rwl","TLH17B",1940,"accepted practice","one ID carries two separate segments","stop marker ends a line at 1940 but the ID continues; a 4-year gap separates the two blocks"
"northamerica/usa/mi034.rwl","HMCRO07B",1910,"accepted practice","interior year gap","16 year(s) missing (1910-1925); read.tucson fills these with 0"
"northamerica/usa/mi034.rwl","HMCRO07B",1900,"accepted practice","one ID carries two separate segments","stop marker ends a line at 1900 but the ID continues; a 17-year gap separates the two blocks"
"northamerica/usa/mi035.rwl","HMCWP14B",1958,"accepted practice","interior year gap","4 year(s) missing (1958-1961); read.tucson fills these with 0"
"northamerica/usa/mi035.rwl","HMCWP14B",1950,"accepted practice","one ID carries two separate segments","stop marker ends a line at 1950 but the ID continues; a 5-year gap separates the two blocks"
"northamerica/usa/mi036.rwl","HMCYB01A",1822,"accepted practice","interior year gap","82 year(s) missing (1822-1903); read.tucson fills these with 0"
"northamerica/usa/mi036.rwl","HMCYB09B",1965,"accepted practice","interior year gap","41 year(s) missing (1965-2005); read.tucson fills these with 0"
"northamerica/usa/mi036.rwl","HMCYB01A",1820,"accepted practice","one ID carries two separate segments","stop marker ends a line at 1820 but the ID continues; a 83-year gap separates the two blocks"
"northamerica/usa/mi036.rwl","HMCYB09B",1960,"accepted practice","one ID carries two separate segments","stop marker ends a line at 1960 but the ID continues; a 42-year gap separates the two blocks"
"northamerica/usa/mo014.rwl","BAB141",1939,"accepted practice","interior year gap","2 year(s) missing (1939-1940); read.tucson fills these with 0"
"northamerica/usa/mo014.rwl","BAB231",1807,"accepted practice","interior year gap","22 year(s) missing (1807-1828); read.tucson fills these with 0"
"northamerica/usa/mo014.rwl","BAB141",1930,"accepted practice","one ID carries two separate segments","stop marker ends a line at 1930 but the ID continues; a 3-year gap separates the two blocks"
"northamerica/usa/mo014.rwl","BAB231",1800,"accepted practice","one ID carries two separate segments","stop marker ends a line at 1800 but the ID continues; a 23-year gap separates the two blocks"
"northamerica/usa/mo045.rwl","019",1847,"accepted practice","interior year gap","37 year(s) missing (1847-1883); read.tucson fills these with 0"
"northamerica/usa/mo047.rwl","LM007a",1594,"accepted practice","interior year gap","259 year(s) missing (1594-1852); read.tucson fills these with 0"
"northamerica/usa/mo047.rwl","LM009a",1587,"accepted practice","interior year gap","273 year(s) missing (1587-1859); read.tucson fills these with 0"
"northamerica/usa/mo078.rwl","BAB141",1939,"accepted practice","interior year gap","2 year(s) missing (1939-1940); read.tucson fills these with 0"
"northamerica/usa/mo078.rwl","BAB231",1807,"accepted practice","interior year gap","22 year(s) missing (1807-1828); read.tucson fills these with 0"
"northamerica/usa/mo078.rwl","BAB141",1930,"accepted practice","one ID carries two separate segments","stop marker ends a line at 1930 but the ID continues; a 3-year gap separates the two blocks"
"northamerica/usa/mo078.rwl","BAB231",1800,"accepted practice","one ID carries two separate segments","stop marker ends a line at 1800 but the ID continues; a 23-year gap separates the two blocks"
"northamerica/usa/mt142.rwl","BMS007B",1710,"accepted practice","interior year gap","5 year(s) missing (1710-1714); read.tucson fills these with 0"
"northamerica/usa/mt142.rwl","BMS015A",1604,"accepted practice","interior year gap","1 year(s) missing (1604-1604); read.tucson fills these with 0"
"northamerica/usa/mt142.rwl","BMS034B",1804,"accepted practice","interior year gap","2 year(s) missing (1804-1805); read.tucson fills these with 0"
"northamerica/usa/mt142.rwl","BMS007B",1700,"accepted practice","one ID carries two separate segments","stop marker ends a line at 1700 but the ID continues; a 6-year gap separates the two blocks"
"northamerica/usa/mt142.rwl","BMS015A",1600,"accepted practice","one ID carries two separate segments","stop marker ends a line at 1600 but the ID continues; a 2-year gap separates the two blocks"
"northamerica/usa/mt142.rwl","BMS034B",1800,"accepted practice","one ID carries two separate segments","stop marker ends a line at 1800 but the ID continues; a 3-year gap separates the two blocks"
"northamerica/usa/mt148.rwl","402B",1777,"accepted practice","interior year gap","23 year(s) missing (1777-1799); read.tucson fills these with 0"
"northamerica/usa/mt148.rwl","402B",1770,"accepted practice","one ID carries two separate segments","stop marker ends a line at 1770 but the ID continues; a 24-year gap separates the two blocks"
"northamerica/usa/mt155.rwl","DOO020B",1842,"accepted practice","interior year gap","15 year(s) missing (1842-1856); read.tucson fills these with 0"
"northamerica/usa/mt155.rwl","DOO020B",1840,"accepted practice","one ID carries two separate segments","stop marker ends a line at 1840 but the ID continues; a 16-year gap separates the two blocks"
"northamerica/usa/mt159.rwl","GTS012A",1883,"accepted practice","interior year gap","6 year(s) missing (1883-1888); read.tucson fills these with 0"
"northamerica/usa/mt159.rwl","GTS012A",1880,"accepted practice","one ID carries two separate segments","stop marker ends a line at 1880 but the ID continues; a 7-year gap separates the two blocks"
"northamerica/usa/mt175.rwl","1TRV117B",1272,"accepted practice","interior year gap","151 year(s) missing (1272-1559); read.tucson fills these with 0"
"northamerica/usa/mt175.rwl","1TRV117B",1270,"accepted practice","one ID carries two separate segments","stop marker ends a line at 1270 but the ID continues; a 59-year gap separates the two blocks"
"northamerica/usa/nc023.rwl","UMD01a",1821,"accepted practice","interior year gap","19 year(s) missing (1821-1839); read.tucson fills these with 0"
"northamerica/usa/nc023.rwl","UMD01b",1881,"accepted practice","interior year gap","19 year(s) missing (1881-1899); read.tucson fills these with 0"
"northamerica/usa/nc023.rwl","UMD09a",1881,"accepted practice","interior year gap","19 year(s) missing (1881-1899); read.tucson fills these with 0"
"northamerica/usa/nc023.rwl","UMD09b",1831,"accepted practice","interior year gap","19 year(s) missing (1831-1849); read.tucson fills these with 0"
"northamerica/usa/nc023.rwl","UMD16a",1851,"accepted practice","interior year gap","19 year(s) missing (1851-1869); read.tucson fills these with 0"
"northamerica/usa/nc023.rwl","UMD16b",1881,"accepted practice","interior year gap","19 year(s) missing (1881-1899); read.tucson fills these with 0"
"northamerica/usa/nc023.rwl","UMD21b",1821,"accepted practice","interior year gap","38 year(s) missing (1821-1919); read.tucson fills these with 0"
"northamerica/usa/nc023.rwl","UMD01a",1820,"accepted practice","one ID carries two separate segments","stop marker ends a line at 1820 but the ID continues; a 20-year gap separates the two blocks"
"northamerica/usa/nc023.rwl","UMD01b",1880,"accepted practice","one ID carries two separate segments","stop marker ends a line at 1880 but the ID continues; a 20-year gap separates the two blocks"
"northamerica/usa/nc023.rwl","UMD09a",1880,"accepted practice","one ID carries two separate segments","stop marker ends a line at 1880 but the ID continues; a 20-year gap separates the two blocks"
"northamerica/usa/nc023.rwl","UMD09b",1830,"accepted practice","one ID carries two separate segments","stop marker ends a line at 1830 but the ID continues; a 20-year gap separates the two blocks"
"northamerica/usa/nc023.rwl","UMD16a",1850,"accepted practice","one ID carries two separate segments","stop marker ends a line at 1850 but the ID continues; a 20-year gap separates the two blocks"
"northamerica/usa/nc023.rwl","UMD16b",1880,"accepted practice","one ID carries two separate segments","stop marker ends a line at 1880 but the ID continues; a 20-year gap separates the two blocks"
"northamerica/usa/nc023.rwl","UMD21b",1820,"accepted practice","one ID carries two separate segments","stop marker ends a line at 1820 but the ID continues; a 20-year gap separates the two blocks"
"northamerica/usa/ne004.rwl","nix011",1741,"accepted practice","interior year gap","14 year(s) missing (1741-1754); read.tucson fills these with 0"
"northamerica/usa/ne004.rwl","nix011",1740,"accepted practice","one ID carries two separate segments","stop marker ends a line at 1740 but the ID continues; a 15-year gap separates the two blocks"
"northamerica/usa/ne010.rwl","nix011",1741,"accepted practice","interior year gap","14 year(s) missing (1741-1754); read.tucson fills these with 0"
"northamerica/usa/ne010.rwl","nix011",1740,"accepted practice","one ID carries two separate segments","stop marker ends a line at 1740 but the ID continues; a 15-year gap separates the two blocks"
"northamerica/usa/nj006.rwl","ETR01b",1822,"accepted practice","interior year gap","21 year(s) missing (1822-1842); read.tucson fills these with 0"
"northamerica/usa/nj006.rwl","ETR03b",1877,"accepted practice","interior year gap","7 year(s) missing (1877-1883); read.tucson fills these with 0"
"northamerica/usa/nj006.rwl","ETR01b",1820,"accepted practice","one ID carries two separate segments","stop marker ends a line at 1820 but the ID continues; a 22-year gap separates the two blocks"
"northamerica/usa/nj006.rwl","ETR03b",1870,"accepted practice","one ID carries two separate segments","stop marker ends a line at 1870 but the ID continues; a 8-year gap separates the two blocks"
"northamerica/usa/nj007.rwl","LBC10a",1631,"accepted practice","interior year gap","9 year(s) missing (1631-1639); read.tucson fills these with 0"
"northamerica/usa/nj007.rwl","LBC10b",1624,"accepted practice","interior year gap","16 year(s) missing (1624-1639); read.tucson fills these with 0"
"northamerica/usa/nj007.rwl","LBC24b",1735,"accepted practice","interior year gap","18 year(s) missing (1735-1752); read.tucson fills these with 0"
"northamerica/usa/nj007.rwl","LBC25a",1711,"accepted practice","interior year gap","19 year(s) missing (1711-1729); read.tucson fills these with 0"
"northamerica/usa/nj007.rwl","LBC27a",1656,"accepted practice","interior year gap","43 year(s) missing (1656-1919); read.tucson fills these with 0"
"northamerica/usa/nj007.rwl","LBC10a",1630,"accepted practice","one ID carries two separate segments","stop marker ends a line at 1630 but the ID continues; a 10-year gap separates the two blocks"
"northamerica/usa/nj007.rwl","LBC10b",1620,"accepted practice","one ID carries two separate segments","stop marker ends a line at 1620 but the ID continues; a 17-year gap separates the two blocks"
"northamerica/usa/nj007.rwl","LBC24b",1730,"accepted practice","one ID carries two separate segments","stop marker ends a line at 1730 but the ID continues; a 19-year gap separates the two blocks"
"northamerica/usa/nj007.rwl","LBC25a",1710,"accepted practice","one ID carries two separate segments","stop marker ends a line at 1710 but the ID continues; a 20-year gap separates the two blocks"
"northamerica/usa/nj007.rwl","LBC27a",1650,"accepted practice","one ID carries two separate segments","stop marker ends a line at 1650 but the ID continues; a 5-year gap separates the two blocks"
"northamerica/usa/nm537n.rwl","PD342N",1860,"accepted practice","interior year gap","20 year(s) missing (1860-1879); read.tucson fills these with 0"
"northamerica/usa/nm576.rwl","cpi021",1782,"accepted practice","interior year gap","68 year(s) missing (1782-1849); read.tucson fills these with 0"
"northamerica/usa/nm576.rwl","cpi021",1780,"accepted practice","one ID carries two separate segments","stop marker ends a line at 1780 but the ID continues; a 69-year gap separates the two blocks"
"northamerica/usa/nm581.rwl","ltb131",1752,"accepted practice","interior year gap","97 year(s) missing (1752-1848); read.tucson fills these with 0"
"northamerica/usa/nm581.rwl","ltb131",1750,"accepted practice","one ID carries two separate segments","stop marker ends a line at 1750 but the ID continues; a 98-year gap separates the two blocks"
"northamerica/usa/nm582.rwl","trp042",1662,"accepted practice","interior year gap","159 year(s) missing (1662-1820); read.tucson fills these with 0"
"northamerica/usa/nm582.rwl","trp042",1660,"accepted practice","one ID carries two separate segments","stop marker ends a line at 1660 but the ID continues; a 160-year gap separates the two blocks"
"northamerica/usa/nm603.rwl","905203",770,"accepted practice","interior year gap","350 year(s) missing (770-1119); read.tucson fills these with 0"
"northamerica/usa/nm604.rwl","106201",1739,"accepted practice","interior year gap","1 year(s) missing (1739-1739); read.tucson fills these with 0"
"northamerica/usa/nv520.rwl","MW036a",1600,"accepted practice","interior year gap","40 year(s) missing (1600-1639); read.tucson fills these with 0"
"northamerica/usa/nv520.rwl","MW036b",1600,"accepted practice","interior year gap","26 year(s) missing (1600-1625); read.tucson fills these with 0"
"northamerica/usa/nv520.rwl","MW037b",1221,"accepted practice","interior year gap","21 year(s) missing (1221-1241); read.tucson fills these with 0"
"northamerica/usa/nv520.rwl","MW069x",626,"accepted practice","interior year gap","69 year(s) missing (626-694); read.tucson fills these with 0"
"northamerica/usa/nv520.rwl","MW286a",1008,"accepted practice","interior year gap","96 year(s) missing (1008-1103); read.tucson fills these with 0"
"northamerica/usa/nv520.rwl","MW306a",1233,"accepted practice","interior year gap","39 year(s) missing (1233-1271); read.tucson fills these with 0"
"northamerica/usa/nv520.rwl","MW036a",1590,"accepted practice","one ID carries two separate segments","stop marker ends a line at 1590 but the ID continues; a 41-year gap separates the two blocks"
"northamerica/usa/nv520.rwl","MW036b",1590,"accepted practice","one ID carries two separate segments","stop marker ends a line at 1590 but the ID continues; a 27-year gap separates the two blocks"
"northamerica/usa/nv520.rwl","MW037b",1220,"accepted practice","one ID carries two separate segments","stop marker ends a line at 1220 but the ID continues; a 22-year gap separates the two blocks"
"northamerica/usa/nv520.rwl","MW069x",620,"accepted practice","one ID carries two separate segments","stop marker ends a line at 620 but the ID continues; a 70-year gap separates the two blocks"
"northamerica/usa/nv520.rwl","MW286a",1000,"accepted practice","one ID carries two separate segments","stop marker ends a line at 1000 but the ID continues; a 97-year gap separates the two blocks"
"northamerica/usa/nv520.rwl","MW306a",1230,"accepted practice","one ID carries two separate segments","stop marker ends a line at 1230 but the ID continues; a 40-year gap separates the two blocks"
"northamerica/usa/nv521.rwl","PP101A",574,"accepted practice","interior year gap","57 year(s) missing (574-630); read.tucson fills these with 0"
"northamerica/usa/nv521.rwl","PP102A",-40,"accepted practice","interior year gap","1 year(s) missing (-40--40); read.tucson fills these with 0"
"northamerica/usa/nv521.rwl","PP105B",1182,"accepted practice","interior year gap","22 year(s) missing (1182-1203); read.tucson fills these with 0"
"northamerica/usa/nv521.rwl","PP365b",13,"accepted practice","interior year gap","192 year(s) missing (13-204); read.tucson fills these with 0"
"northamerica/usa/nv521.rwl","PP101A",570,"accepted practice","one ID carries two separate segments","stop marker ends a line at 570 but the ID continues; a 58-year gap separates the two blocks"
"northamerica/usa/nv521.rwl","PP102A",-50,"accepted practice","one ID carries two separate segments","stop marker ends a line at -50 but the ID continues; a 2-year gap separates the two blocks"
"northamerica/usa/nv521.rwl","PP105B",1180,"accepted practice","one ID carries two separate segments","stop marker ends a line at 1180 but the ID continues; a 23-year gap separates the two blocks"
"northamerica/usa/nv521.rwl","PP365b",10,"accepted practice","one ID carries two separate segments","stop marker ends a line at 10 but the ID continues; a 193-year gap separates the two blocks"
"northamerica/usa/ny003.rwl","367101",1742,"accepted practice","interior year gap","18 year(s) missing (1742-1759); read.tucson fills these with 0"
"northamerica/usa/ny016.rwl","TVW19a",1835,"accepted practice","interior year gap","65 year(s) missing (1835-1899); read.tucson fills these with 0"
"northamerica/usa/ny016.rwl","TVW19a",1830,"accepted practice","one ID carries two separate segments","stop marker ends a line at 1830 but the ID continues; a 66-year gap separates the two blocks"
"northamerica/usa/ny041.rwl","TH02",1622,"accepted practice","interior year gap","8 year(s) missing (1622-1629); read.tucson fills these with 0"
"northamerica/usa/ny041.rwl","TH02",1620,"accepted practice","one ID carries two separate segments","stop marker ends a line at 1620 but the ID continues; a 9-year gap separates the two blocks"
"northamerica/usa/ok040.rwl","LDF1004A",1890,"accepted practice","interior year gap","68 year(s) missing (1890-1989); read.tucson fills these with 0"
"northamerica/usa/ok040.rwl","LDF1098",2009,"accepted practice","interior year gap","1 year(s) missing (2009-2009); read.tucson fills these with 0"
"northamerica/usa/ok040.rwl","LDF1098",2000,"accepted practice","one ID carries two separate segments","stop marker ends a line at 2000 but the ID continues; a 2-year gap separates the two blocks"
"northamerica/usa/ok043.rwl","blp01A",1873,"accepted practice","interior year gap","2 year(s) missing (1873-1881); read.tucson fills these with 0"
"northamerica/usa/ok043.rwl","blp01B",1872,"accepted practice","interior year gap","3 year(s) missing (1872-1882); read.tucson fills these with 0"
"northamerica/usa/ok043.rwl","blp01C",1878,"accepted practice","interior year gap","4 year(s) missing (1878-1881); read.tucson fills these with 0"
"northamerica/usa/ok043.rwl","blp01D",1873,"accepted practice","interior year gap","9 year(s) missing (1873-1881); read.tucson fills these with 0"
"northamerica/usa/ok043.rwl","blp01E",1880,"accepted practice","interior year gap","2 year(s) missing (1880-1881); read.tucson fills these with 0"
"northamerica/usa/ok043.rwl","blp01F",1872,"accepted practice","interior year gap","6 year(s) missing (1872-1893); read.tucson fills these with 0"
"northamerica/usa/ok043.rwl","blp01G",1872,"accepted practice","interior year gap","1 year(s) missing (1872-1872); read.tucson fills these with 0"
"northamerica/usa/ok043.rwl","blp01H1",1872,"accepted practice","interior year gap","11 year(s) missing (1872-1896); read.tucson fills these with 0"
"northamerica/usa/ok043.rwl","blp01H2",1900,"accepted practice","interior year gap","1 year(s) missing (1900-1900); read.tucson fills these with 0"
"northamerica/usa/ok043.rwl","blp02A",1860,"accepted practice","interior year gap","1 year(s) missing (1860-1860); read.tucson fills these with 0"
"northamerica/usa/ok043.rwl","blp02E",1852,"accepted practice","interior year gap","13 year(s) missing (1852-1864); read.tucson fills these with 0"
"northamerica/usa/ok043.rwl","blp02F",1833,"accepted practice","interior year gap","6 year(s) missing (1833-1851); read.tucson fills these with 0"
"northamerica/usa/ok043.rwl","blp02G",1857,"accepted practice","interior year gap","3 year(s) missing (1857-1859); read.tucson fills these with 0"
"northamerica/usa/ok043.rwl","blp04A",1893,"accepted practice","interior year gap","1 year(s) missing (1893-1893); read.tucson fills these with 0"
"northamerica/usa/ok043.rwl","blp04C2",1868,"accepted practice","interior year gap","5 year(s) missing (1868-1897); read.tucson fills these with 0"
"northamerica/usa/ok043.rwl","blp04D",1878,"accepted practice","interior year gap","1 year(s) missing (1878-1878); read.tucson fills these with 0"
"northamerica/usa/ok043.rwl","blp04F",1846,"accepted practice","interior year gap","1 year(s) missing (1846-1846); read.tucson fills these with 0"
"northamerica/usa/ok043.rwl","blp04H",1826,"accepted practice","interior year gap","1 year(s) missing (1826-1826); read.tucson fills these with 0"
"northamerica/usa/ok043.rwl","blp05A",1820,"accepted practice","interior year gap","33 year(s) missing (1820-1852); read.tucson fills these with 0"
"northamerica/usa/ok043.rwl","blp05B",1821,"accepted practice","interior year gap","19 year(s) missing (1821-1852); read.tucson fills these with 0"
"northamerica/usa/ok043.rwl","blp05C",1817,"accepted practice","interior year gap","13 year(s) missing (1817-1890); read.tucson fills these with 0"
"northamerica/usa/ok043.rwl","blp05D",1816,"accepted practice","interior year gap","3 year(s) missing (1816-1872); read.tucson fills these with 0"
"northamerica/usa/ok043.rwl","blp05E",1809,"accepted practice","interior year gap","13 year(s) missing (1809-1829); read.tucson fills these with 0"
"northamerica/usa/ok043.rwl","blp05F",1854,"accepted practice","interior year gap","7 year(s) missing (1854-1860); read.tucson fills these with 0"
"northamerica/usa/ok043.rwl","blp07A",1869,"accepted practice","interior year gap","3 year(s) missing (1869-1875); read.tucson fills these with 0"
"northamerica/usa/ok043.rwl","blp07B",1864,"accepted practice","interior year gap","8 year(s) missing (1864-1876); read.tucson fills these with 0"
"northamerica/usa/ok043.rwl","blp07E",1855,"accepted practice","interior year gap","2 year(s) missing (1855-1856); read.tucson fills these with 0"
"northamerica/usa/ok043.rwl","blp08A",1882,"accepted practice","interior year gap","1 year(s) missing (1882-1882); read.tucson fills these with 0"
"northamerica/usa/ok043.rwl","blp08B",1874,"accepted practice","interior year gap","3 year(s) missing (1874-1876); read.tucson fills these with 0"
"northamerica/usa/ok043.rwl","blp08C",1868,"accepted practice","interior year gap","19 year(s) missing (1868-1899); read.tucson fills these with 0"
"northamerica/usa/ok043.rwl","blp08D",1871,"accepted practice","interior year gap","8 year(s) missing (1871-1901); read.tucson fills these with 0"
"northamerica/usa/ok043.rwl","blp08E",1876,"accepted practice","interior year gap","6 year(s) missing (1876-1891); read.tucson fills these with 0"
"northamerica/usa/ok043.rwl","blp09D",1862,"accepted practice","interior year gap","4 year(s) missing (1862-1879); read.tucson fills these with 0"
"northamerica/usa/ok043.rwl","blp09E",1857,"accepted practice","interior year gap","1 year(s) missing (1857-1857); read.tucson fills these with 0"
"northamerica/usa/ok043.rwl","blp09H",1849,"accepted practice","interior year gap","13 year(s) missing (1849-1861); read.tucson fills these with 0"
"northamerica/usa/ok043.rwl","blp10A1",1871,"accepted practice","interior year gap","4 year(s) missing (1871-1874); read.tucson fills these with 0"
"northamerica/usa/ok043.rwl","blp10B1",1873,"accepted practice","interior year gap","2 year(s) missing (1873-1874); read.tucson fills these with 0"
"northamerica/usa/ok043.rwl","blp10B2",1847,"accepted practice","interior year gap","17 year(s) missing (1847-1876); read.tucson fills these with 0"
"northamerica/usa/ok043.rwl","blp10C1",1866,"accepted practice","interior year gap","17 year(s) missing (1866-1890); read.tucson fills these with 0"
"northamerica/usa/ok043.rwl","blp10C2",1846,"accepted practice","interior year gap","20 year(s) missing (1846-1890); read.tucson fills these with 0"
"northamerica/usa/ok043.rwl","blp10D",1863,"accepted practice","interior year gap","3 year(s) missing (1863-1865); read.tucson fills these with 0"
"northamerica/usa/ok043.rwl","blp10E",1864,"accepted practice","interior year gap","12 year(s) missing (1864-1875); read.tucson fills these with 0"
"northamerica/usa/ok043.rwl","blp10F",1863,"accepted practice","interior year gap","15 year(s) missing (1863-1898); read.tucson fills these with 0"
"northamerica/usa/ok043.rwl","blp11D",1867,"accepted practice","interior year gap","1 year(s) missing (1867-1867); read.tucson fills these with 0"
"northamerica/usa/ok043.rwl","blp11F",1876,"accepted practice","interior year gap","2 year(s) missing (1876-1877); read.tucson fills these with 0"
"northamerica/usa/ok043.rwl","blp11G",1884,"accepted practice","interior year gap","1 year(s) missing (1884-1884); read.tucson fills these with 0"
"northamerica/usa/ok043.rwl","blp14A",1808,"accepted practice","interior year gap","14 year(s) missing (1808-1880); read.tucson fills these with 0"
"northamerica/usa/ok043.rwl","blp14B",1814,"accepted practice","interior year gap","41 year(s) missing (1814-1876); read.tucson fills these with 0"
"northamerica/usa/ok043.rwl","blp14C",1838,"accepted practice","interior year gap","39 year(s) missing (1838-1876); read.tucson fills these with 0"
"northamerica/usa/ok043.rwl","blp14D",1818,"accepted practice","interior year gap","55 year(s) missing (1818-1872); read.tucson fills these with 0"
"northamerica/usa/ok043.rwl","blp14E",1829,"accepted practice","interior year gap","14 year(s) missing (1829-1890); read.tucson fills these with 0"
"northamerica/usa/ok043.rwl","blp14F",1838,"accepted practice","interior year gap","4 year(s) missing (1838-1869); read.tucson fills these with 0"
"northamerica/usa/ok043.rwl","blp14G",1857,"accepted practice","interior year gap","11 year(s) missing (1857-1867); read.tucson fills these with 0"
"northamerica/usa/ok043.rwl","blp14H",1861,"accepted practice","interior year gap","10 year(s) missing (1861-1884); read.tucson fills these with 0"
"northamerica/usa/ok043.rwl","blp15A",1852,"accepted practice","interior year gap","42 year(s) missing (1852-1901); read.tucson fills these with 0"
"northamerica/usa/ok043.rwl","blp15B",1882,"accepted practice","interior year gap","2 year(s) missing (1882-1883); read.tucson fills these with 0"
"northamerica/usa/ok043.rwl","blp15C",1873,"accepted practice","interior year gap","1 year(s) missing (1873-1873); read.tucson fills these with 0"
"northamerica/usa/ok043.rwl","blp15F",1859,"accepted practice","interior year gap","14 year(s) missing (1859-1892); read.tucson fills these with 0"
"northamerica/usa/ok043.rwl","blp15G",1876,"accepted practice","interior year gap","7 year(s) missing (1876-1882); read.tucson fills these with 0"
"northamerica/usa/ok043.rwl","blp16A",1831,"accepted practice","interior year gap","2 year(s) missing (1831-1832); read.tucson fills these with 0"
"northamerica/usa/ok043.rwl","blp16B",1819,"accepted practice","interior year gap","5 year(s) missing (1819-1823); read.tucson fills these with 0"
"northamerica/usa/ok043.rwl","blp16E",1827,"accepted practice","interior year gap","9 year(s) missing (1827-1897); read.tucson fills these with 0"
"northamerica/usa/ok043.rwl","blp18A",1864,"accepted practice","interior year gap","9 year(s) missing (1864-1872); read.tucson fills these with 0"
"northamerica/usa/ok043.rwl","blp18B",1852,"accepted practice","interior year gap","2 year(s) missing (1852-1873); read.tucson fills these with 0"
"northamerica/usa/ok043.rwl","blp18C",1860,"accepted practice","interior year gap","4 year(s) missing (1860-1863); read.tucson fills these with 0"
"northamerica/usa/ok043.rwl","blp18E",1866,"accepted practice","interior year gap","1 year(s) missing (1866-1866); read.tucson fills these with 0"
"northamerica/usa/ok043.rwl","blp18F",1861,"accepted practice","interior year gap","22 year(s) missing (1861-1885); read.tucson fills these with 0"
"northamerica/usa/ok043.rwl","blp20A",1859,"accepted practice","interior year gap","1 year(s) missing (1859-1859); read.tucson fills these with 0"
"northamerica/usa/ok043.rwl","blp20B",1859,"accepted practice","interior year gap","6 year(s) missing (1859-1868); read.tucson fills these with 0"
"northamerica/usa/ok043.rwl","blp20C",1861,"accepted practice","interior year gap","1 year(s) missing (1861-1861); read.tucson fills these with 0"
"northamerica/usa/ok043.rwl","blp20D",1859,"accepted practice","interior year gap","3 year(s) missing (1859-1868); read.tucson fills these with 0"
"northamerica/usa/ok043.rwl","blp21A",1877,"accepted practice","interior year gap","8 year(s) missing (1877-1901); read.tucson fills these with 0"
"northamerica/usa/ok043.rwl","blp21B1",1827,"accepted practice","interior year gap","37 year(s) missing (1827-1881); read.tucson fills these with 0"
"northamerica/usa/ok043.rwl","blp21B2",1851,"accepted practice","interior year gap","47 year(s) missing (1851-1897); read.tucson fills these with 0"
"northamerica/usa/ok043.rwl","blp21C",1816,"accepted practice","interior year gap","58 year(s) missing (1816-1873); read.tucson fills these with 0"
"northamerica/usa/ok043.rwl","blp21E",1853,"accepted practice","interior year gap","28 year(s) missing (1853-1880); read.tucson fills these with 0"
"northamerica/usa/ok043.rwl","blp21F",1832,"accepted practice","interior year gap","5 year(s) missing (1832-1855); read.tucson fills these with 0"
"northamerica/usa/ok043.rwl","blp21G",1833,"accepted practice","interior year gap","11 year(s) missing (1833-1862); read.tucson fills these with 0"
"northamerica/usa/ok043.rwl","blp21H",1832,"accepted practice","interior year gap","7 year(s) missing (1832-1838); read.tucson fills these with 0"
"northamerica/usa/ok043.rwl","blp25D",1860,"accepted practice","interior year gap","27 year(s) missing (1860-1886); read.tucson fills these with 0"
"northamerica/usa/ok043.rwl","blp25H",1869,"accepted practice","interior year gap","15 year(s) missing (1869-1894); read.tucson fills these with 0"
"northamerica/usa/ok043.rwl","blp27A",1815,"accepted practice","interior year gap","67 year(s) missing (1815-1881); read.tucson fills these with 0"
"northamerica/usa/ok043.rwl","blp27B2",1794,"accepted practice","interior year gap","37 year(s) missing (1794-1895); read.tucson fills these with 0"
"northamerica/usa/ok043.rwl","blp27C",1802,"accepted practice","interior year gap","9 year(s) missing (1802-1810); read.tucson fills these with 0"
"northamerica/usa/ok043.rwl","blp27E",1784,"accepted practice","interior year gap","66 year(s) missing (1784-1849); read.tucson fills these with 0"
"northamerica/usa/ok043.rwl","blp27G",1820,"accepted practice","interior year gap","2 year(s) missing (1820-1821); read.tucson fills these with 0"
"northamerica/usa/ok043.rwl","blp28B",1854,"accepted practice","interior year gap","5 year(s) missing (1854-1858); read.tucson fills these with 0"
"northamerica/usa/ok043.rwl","blp28C",1853,"accepted practice","interior year gap","9 year(s) missing (1853-1875); read.tucson fills these with 0"
"northamerica/usa/ok043.rwl","blp28E",1862,"accepted practice","interior year gap","35 year(s) missing (1862-1896); read.tucson fills these with 0"
"northamerica/usa/ok043.rwl","blp28F",1867,"accepted practice","interior year gap","8 year(s) missing (1867-1888); read.tucson fills these with 0"
"northamerica/usa/ok043.rwl","blp28G",1850,"accepted practice","interior year gap","24 year(s) missing (1850-1894); read.tucson fills these with 0"
"northamerica/usa/ok043.rwl","blp28H",1851,"accepted practice","interior year gap","13 year(s) missing (1851-1863); read.tucson fills these with 0"
"northamerica/usa/ok043.rwl","blp29A2",1849,"accepted practice","interior year gap","14 year(s) missing (1849-1862); read.tucson fills these with 0"
"northamerica/usa/ok043.rwl","blp29C",1827,"accepted practice","interior year gap","3 year(s) missing (1827-1829); read.tucson fills these with 0"
"northamerica/usa/ok043.rwl","blp29F",1849,"accepted practice","interior year gap","1 year(s) missing (1849-1849); read.tucson fills these with 0"
"northamerica/usa/ok043.rwl","blp29G",1855,"accepted practice","interior year gap","34 year(s) missing (1855-1894); read.tucson fills these with 0"
"northamerica/usa/ok043.rwl","blp29H",1856,"accepted practice","interior year gap","3 year(s) missing (1856-1858); read.tucson fills these with 0"
"northamerica/usa/ok043.rwl","blp30A",1861,"accepted practice","interior year gap","13 year(s) missing (1861-1873); read.tucson fills these with 0"
"northamerica/usa/ok043.rwl","blp30B",1849,"accepted practice","interior year gap","23 year(s) missing (1849-1880); read.tucson fills these with 0"
"northamerica/usa/ok043.rwl","blp30C",1831,"accepted practice","interior year gap","2 year(s) missing (1831-1832); read.tucson fills these with 0"
"northamerica/usa/ok043.rwl","blp30D",1839,"accepted practice","interior year gap","23 year(s) missing (1839-1861); read.tucson fills these with 0"
"northamerica/usa/ok043.rwl","blp30E",1855,"accepted practice","interior year gap","37 year(s) missing (1855-1891); read.tucson fills these with 0"
"northamerica/usa/ok043.rwl","blp30G",1833,"accepted practice","interior year gap","30 year(s) missing (1833-1889); read.tucson fills these with 0"
"northamerica/usa/ok043.rwl","blp30H",1849,"accepted practice","interior year gap","14 year(s) missing (1849-1901); read.tucson fills these with 0"
"northamerica/usa/ok043.rwl","blp31A",1844,"accepted practice","interior year gap","21 year(s) missing (1844-1878); read.tucson fills these with 0"
"northamerica/usa/ok043.rwl","blp31B",1875,"accepted practice","interior year gap","2 year(s) missing (1875-1879); read.tucson fills these with 0"
"northamerica/usa/ok043.rwl","blp31D",1884,"accepted practice","interior year gap","7 year(s) missing (1884-1890); read.tucson fills these with 0"
"northamerica/usa/ok043.rwl","blp01A",1870,"accepted practice","one ID carries two separate segments","stop marker ends a line at 1870 but the ID continues; a 2-year gap separates the two blocks"
"northamerica/usa/ok043.rwl","blp01B",1870,"accepted practice","one ID carries two separate segments","stop marker ends a line at 1870 but the ID continues; a 3-year gap separates the two blocks"
"northamerica/usa/ok043.rwl","blp01D",1870,"accepted practice","one ID carries two separate segments","stop marker ends a line at 1870 but the ID continues; a 10-year gap separates the two blocks"
"northamerica/usa/ok043.rwl","blp01E",1870,"accepted practice","one ID carries two separate segments","stop marker ends a line at 1870 but the ID continues; a 3-year gap separates the two blocks"
"northamerica/usa/ok043.rwl","blp01F",1870,"accepted practice","one ID carries two separate segments","stop marker ends a line at 1870 but the ID continues; a 6-year gap separates the two blocks"
"northamerica/usa/ok043.rwl","blp01G",1870,"accepted practice","one ID carries two separate segments","stop marker ends a line at 1870 but the ID continues; a 2-year gap separates the two blocks"
"northamerica/usa/ok043.rwl","blp01H1",1870,"accepted practice","one ID carries two separate segments","stop marker ends a line at 1870 but the ID continues; a 9-year gap separates the two blocks"
"northamerica/usa/ok043.rwl","blp02A",1850,"accepted practice","one ID carries two separate segments","stop marker ends a line at 1850 but the ID continues; a 2-year gap separates the two blocks"
"northamerica/usa/ok043.rwl","blp02E",1850,"accepted practice","one ID carries two separate segments","stop marker ends a line at 1850 but the ID continues; a 14-year gap separates the two blocks"
"northamerica/usa/ok043.rwl","blp02F",1830,"accepted practice","one ID carries two separate segments","stop marker ends a line at 1830 but the ID continues; a 5-year gap separates the two blocks"
"northamerica/usa/ok043.rwl","blp02G",1850,"accepted practice","one ID carries two separate segments","stop marker ends a line at 1850 but the ID continues; a 4-year gap separates the two blocks"
"northamerica/usa/ok043.rwl","blp04A",1890,"accepted practice","one ID carries two separate segments","stop marker ends a line at 1890 but the ID continues; a 2-year gap separates the two blocks"
"northamerica/usa/ok043.rwl","blp04C2",1860,"accepted practice","one ID carries two separate segments","stop marker ends a line at 1860 but the ID continues; a 3-year gap separates the two blocks"
"northamerica/usa/ok043.rwl","blp04D",1870,"accepted practice","one ID carries two separate segments","stop marker ends a line at 1870 but the ID continues; a 2-year gap separates the two blocks"
"northamerica/usa/ok043.rwl","blp04F",1841,"accepted practice","one ID carries two separate segments","stop marker ends a line at 1841 but the ID continues; a 2-year gap separates the two blocks"
"northamerica/usa/ok043.rwl","blp04H",1822,"accepted practice","one ID carries two separate segments","stop marker ends a line at 1822 but the ID continues; a 2-year gap separates the two blocks"
"northamerica/usa/ok043.rwl","blp05A",1814,"accepted practice","one ID carries two separate segments","stop marker ends a line at 1814 but the ID continues; a 34-year gap separates the two blocks"
"northamerica/usa/ok043.rwl","blp05B",1820,"accepted practice","one ID carries two separate segments","stop marker ends a line at 1820 but the ID continues; a 12-year gap separates the two blocks"
"northamerica/usa/ok043.rwl","blp05C",1812,"accepted practice","one ID carries two separate segments","stop marker ends a line at 1812 but the ID continues; a 7-year gap separates the two blocks"
"northamerica/usa/ok043.rwl","blp05D",1810,"accepted practice","one ID carries two separate segments","stop marker ends a line at 1810 but the ID continues; a 2-year gap separates the two blocks"
"northamerica/usa/ok043.rwl","blp05E",1805,"accepted practice","one ID carries two separate segments","stop marker ends a line at 1805 but the ID continues; a 2-year gap separates the two blocks"
"northamerica/usa/ok043.rwl","blp07A",1860,"accepted practice","one ID carries two separate segments","stop marker ends a line at 1860 but the ID continues; a 2-year gap separates the two blocks"
"northamerica/usa/ok043.rwl","blp07B",1860,"accepted practice","one ID carries two separate segments","stop marker ends a line at 1860 but the ID continues; a 4-year gap separates the two blocks"
"northamerica/usa/ok043.rwl","blp07E",1851,"accepted practice","one ID carries two separate segments","stop marker ends a line at 1851 but the ID continues; a 3-year gap separates the two blocks"
"northamerica/usa/ok043.rwl","blp08A",1880,"accepted practice","one ID carries two separate segments","stop marker ends a line at 1880 but the ID continues; a 2-year gap separates the two blocks"
"northamerica/usa/ok043.rwl","blp08B",1870,"accepted practice","one ID carries two separate segments","stop marker ends a line at 1870 but the ID continues; a 4-year gap separates the two blocks"
"northamerica/usa/ok043.rwl","blp08C",1860,"accepted practice","one ID carries two separate segments","stop marker ends a line at 1860 but the ID continues; a 14-year gap separates the two blocks"
"northamerica/usa/ok043.rwl","blp08D",1870,"accepted practice","one ID carries two separate segments","stop marker ends a line at 1870 but the ID continues; a 6-year gap separates the two blocks"
"northamerica/usa/ok043.rwl","blp08E",1870,"accepted practice","one ID carries two separate segments","stop marker ends a line at 1870 but the ID continues; a 5-year gap separates the two blocks"
"northamerica/usa/ok043.rwl","blp09D",1860,"accepted practice","one ID carries two separate segments","stop marker ends a line at 1860 but the ID continues; a 4-year gap separates the two blocks"
"northamerica/usa/ok043.rwl","blp09E",1850,"accepted practice","one ID carries two separate segments","stop marker ends a line at 1850 but the ID continues; a 2-year gap separates the two blocks"
"northamerica/usa/ok043.rwl","blp09H",1840,"accepted practice","one ID carries two separate segments","stop marker ends a line at 1840 but the ID continues; a 14-year gap separates the two blocks"
"northamerica/usa/ok043.rwl","blp10A1",1870,"accepted practice","one ID carries two separate segments","stop marker ends a line at 1870 but the ID continues; a 5-year gap separates the two blocks"
"northamerica/usa/ok043.rwl","blp10B1",1870,"accepted practice","one ID carries two separate segments","stop marker ends a line at 1870 but the ID continues; a 3-year gap separates the two blocks"
"northamerica/usa/ok043.rwl","blp10B2",1840,"accepted practice","one ID carries two separate segments","stop marker ends a line at 1840 but the ID continues; a 9-year gap separates the two blocks"
"northamerica/usa/ok043.rwl","blp10C1",1860,"accepted practice","one ID carries two separate segments","stop marker ends a line at 1860 but the ID continues; a 7-year gap separates the two blocks"
"northamerica/usa/ok043.rwl","blp10C2",1840,"accepted practice","one ID carries two separate segments","stop marker ends a line at 1840 but the ID continues; a 3-year gap separates the two blocks"
"northamerica/usa/ok043.rwl","blp10D",1860,"accepted practice","one ID carries two separate segments","stop marker ends a line at 1860 but the ID continues; a 4-year gap separates the two blocks"
"northamerica/usa/ok043.rwl","blp10E",1860,"accepted practice","one ID carries two separate segments","stop marker ends a line at 1860 but the ID continues; a 13-year gap separates the two blocks"
"northamerica/usa/ok043.rwl","blp10F",1860,"accepted practice","one ID carries two separate segments","stop marker ends a line at 1860 but the ID continues; a 10-year gap separates the two blocks"
"northamerica/usa/ok043.rwl","blp11D",1860,"accepted practice","one ID carries two separate segments","stop marker ends a line at 1860 but the ID continues; a 2-year gap separates the two blocks"
"northamerica/usa/ok043.rwl","blp11F",1870,"accepted practice","one ID carries two separate segments","stop marker ends a line at 1870 but the ID continues; a 3-year gap separates the two blocks"
"northamerica/usa/ok043.rwl","blp14A",1801,"accepted practice","one ID carries two separate segments","stop marker ends a line at 1801 but the ID continues; a 3-year gap separates the two blocks"
"northamerica/usa/ok043.rwl","blp14B",1810,"accepted practice","one ID carries two separate segments","stop marker ends a line at 1810 but the ID continues; a 9-year gap separates the two blocks"
"northamerica/usa/ok043.rwl","blp14D",1810,"accepted practice","one ID carries two separate segments","stop marker ends a line at 1810 but the ID continues; a 56-year gap separates the two blocks"
"northamerica/usa/ok043.rwl","blp14E",1820,"accepted practice","one ID carries two separate segments","stop marker ends a line at 1820 but the ID continues; a 9-year gap separates the two blocks"
"northamerica/usa/ok043.rwl","blp14F",1830,"accepted practice","one ID carries two separate segments","stop marker ends a line at 1830 but the ID continues; a 2-year gap separates the two blocks"
"northamerica/usa/ok043.rwl","blp14G",1850,"accepted practice","one ID carries two separate segments","stop marker ends a line at 1850 but the ID continues; a 12-year gap separates the two blocks"
"northamerica/usa/ok043.rwl","blp14H",1860,"accepted practice","one ID carries two separate segments","stop marker ends a line at 1860 but the ID continues; a 8-year gap separates the two blocks"
"northamerica/usa/ok043.rwl","blp15A",1850,"accepted practice","one ID carries two separate segments","stop marker ends a line at 1850 but the ID continues; a 29-year gap separates the two blocks"
"northamerica/usa/ok043.rwl","blp15B",1880,"accepted practice","one ID carries two separate segments","stop marker ends a line at 1880 but the ID continues; a 3-year gap separates the two blocks"
"northamerica/usa/ok043.rwl","blp15C",1870,"accepted practice","one ID carries two separate segments","stop marker ends a line at 1870 but the ID continues; a 2-year gap separates the two blocks"
"northamerica/usa/ok043.rwl","blp15F",1850,"accepted practice","one ID carries two separate segments","stop marker ends a line at 1850 but the ID continues; a 5-year gap separates the two blocks"
"northamerica/usa/ok043.rwl","blp15G",1870,"accepted practice","one ID carries two separate segments","stop marker ends a line at 1870 but the ID continues; a 8-year gap separates the two blocks"
"northamerica/usa/ok043.rwl","blp16A",1830,"accepted practice","one ID carries two separate segments","stop marker ends a line at 1830 but the ID continues; a 3-year gap separates the two blocks"
"northamerica/usa/ok043.rwl","blp16B",1811,"accepted practice","one ID carries two separate segments","stop marker ends a line at 1811 but the ID continues; a 6-year gap separates the two blocks"
"northamerica/usa/ok043.rwl","blp16E",1820,"accepted practice","one ID carries two separate segments","stop marker ends a line at 1820 but the ID continues; a 7-year gap separates the two blocks"
"northamerica/usa/ok043.rwl","blp18B",1850,"accepted practice","one ID carries two separate segments","stop marker ends a line at 1850 but the ID continues; a 2-year gap separates the two blocks"
"northamerica/usa/ok043.rwl","blp18C",1850,"accepted practice","one ID carries two separate segments","stop marker ends a line at 1850 but the ID continues; a 5-year gap separates the two blocks"
"northamerica/usa/ok043.rwl","blp18E",1860,"accepted practice","one ID carries two separate segments","stop marker ends a line at 1860 but the ID continues; a 2-year gap separates the two blocks"
"northamerica/usa/ok043.rwl","blp18F",1860,"accepted practice","one ID carries two separate segments","stop marker ends a line at 1860 but the ID continues; a 5-year gap separates the two blocks"
"northamerica/usa/ok043.rwl","blp20A",1854,"accepted practice","one ID carries two separate segments","stop marker ends a line at 1854 but the ID continues; a 2-year gap separates the two blocks"
"northamerica/usa/ok043.rwl","blp20B",1854,"accepted practice","one ID carries two separate segments","stop marker ends a line at 1854 but the ID continues; a 3-year gap separates the two blocks"
"northamerica/usa/ok043.rwl","blp20C",1860,"accepted practice","one ID carries two separate segments","stop marker ends a line at 1860 but the ID continues; a 2-year gap separates the two blocks"
"northamerica/usa/ok043.rwl","blp20D",1854,"accepted practice","one ID carries two separate segments","stop marker ends a line at 1854 but the ID continues; a 3-year gap separates the two blocks"
"northamerica/usa/ok043.rwl","blp21B1",1820,"accepted practice","one ID carries two separate segments","stop marker ends a line at 1820 but the ID continues; a 8-year gap separates the two blocks"
"northamerica/usa/ok043.rwl","blp21B2",1850,"accepted practice","one ID carries two separate segments","stop marker ends a line at 1850 but the ID continues; a 48-year gap separates the two blocks"
"northamerica/usa/ok043.rwl","blp21C",1810,"accepted practice","one ID carries two separate segments","stop marker ends a line at 1810 but the ID continues; a 59-year gap separates the two blocks"
"northamerica/usa/ok043.rwl","blp21E",1850,"accepted practice","one ID carries two separate segments","stop marker ends a line at 1850 but the ID continues; a 29-year gap separates the two blocks"
"northamerica/usa/ok043.rwl","blp21F",1830,"accepted practice","one ID carries two separate segments","stop marker ends a line at 1830 but the ID continues; a 3-year gap separates the two blocks"
"northamerica/usa/ok043.rwl","blp21G",1830,"accepted practice","one ID carries two separate segments","stop marker ends a line at 1830 but the ID continues; a 5-year gap separates the two blocks"
"northamerica/usa/ok043.rwl","blp21H",1830,"accepted practice","one ID carries two separate segments","stop marker ends a line at 1830 but the ID continues; a 8-year gap separates the two blocks"
"northamerica/usa/ok043.rwl","blp25D",1850,"accepted practice","one ID carries two separate segments","stop marker ends a line at 1850 but the ID continues; a 28-year gap separates the two blocks"
"northamerica/usa/ok043.rwl","blp25H",1860,"accepted practice","one ID carries two separate segments","stop marker ends a line at 1860 but the ID continues; a 13-year gap separates the two blocks"
"northamerica/usa/ok043.rwl","blp27A",1810,"accepted practice","one ID carries two separate segments","stop marker ends a line at 1810 but the ID continues; a 68-year gap separates the two blocks"
"northamerica/usa/ok043.rwl","blp27B2",1790,"accepted practice","one ID carries two separate segments","stop marker ends a line at 1790 but the ID continues; a 15-year gap separates the two blocks"
"northamerica/usa/ok043.rwl","blp27C",1800,"accepted practice","one ID carries two separate segments","stop marker ends a line at 1800 but the ID continues; a 10-year gap separates the two blocks"
"northamerica/usa/ok043.rwl","blp27E",1780,"accepted practice","one ID carries two separate segments","stop marker ends a line at 1780 but the ID continues; a 67-year gap separates the two blocks"
"northamerica/usa/ok043.rwl","blp28B",1850,"accepted practice","one ID carries two separate segments","stop marker ends a line at 1850 but the ID continues; a 6-year gap separates the two blocks"
"northamerica/usa/ok043.rwl","blp28C",1850,"accepted practice","one ID carries two separate segments","stop marker ends a line at 1850 but the ID continues; a 2-year gap separates the two blocks"
"northamerica/usa/ok043.rwl","blp28E",1860,"accepted practice","one ID carries two separate segments","stop marker ends a line at 1860 but the ID continues; a 36-year gap separates the two blocks"
"northamerica/usa/ok043.rwl","blp28F",1860,"accepted practice","one ID carries two separate segments","stop marker ends a line at 1860 but the ID continues; a 2-year gap separates the two blocks"
"northamerica/usa/ok043.rwl","blp28G",1840,"accepted practice","one ID carries two separate segments","stop marker ends a line at 1840 but the ID continues; a 23-year gap separates the two blocks"
"northamerica/usa/ok043.rwl","blp28H",1850,"accepted practice","one ID carries two separate segments","stop marker ends a line at 1850 but the ID continues; a 14-year gap separates the two blocks"
"northamerica/usa/ok043.rwl","blp29A2",1840,"accepted practice","one ID carries two separate segments","stop marker ends a line at 1840 but the ID continues; a 15-year gap separates the two blocks"
"northamerica/usa/ok043.rwl","blp29C",1820,"accepted practice","one ID carries two separate segments","stop marker ends a line at 1820 but the ID continues; a 4-year gap separates the two blocks"
"northamerica/usa/ok043.rwl","blp29F",1840,"accepted practice","one ID carries two separate segments","stop marker ends a line at 1840 but the ID continues; a 2-year gap separates the two blocks"
"northamerica/usa/ok043.rwl","blp29G",1850,"accepted practice","one ID carries two separate segments","stop marker ends a line at 1850 but the ID continues; a 29-year gap separates the two blocks"
"northamerica/usa/ok043.rwl","blp29H",1850,"accepted practice","one ID carries two separate segments","stop marker ends a line at 1850 but the ID continues; a 4-year gap separates the two blocks"
"northamerica/usa/ok043.rwl","blp30A",1860,"accepted practice","one ID carries two separate segments","stop marker ends a line at 1860 but the ID continues; a 14-year gap separates the two blocks"
"northamerica/usa/ok043.rwl","blp30B",1840,"accepted practice","one ID carries two separate segments","stop marker ends a line at 1840 but the ID continues; a 18-year gap separates the two blocks"
"northamerica/usa/ok043.rwl","blp30C",1830,"accepted practice","one ID carries two separate segments","stop marker ends a line at 1830 but the ID continues; a 3-year gap separates the two blocks"
"northamerica/usa/ok043.rwl","blp30D",1830,"accepted practice","one ID carries two separate segments","stop marker ends a line at 1830 but the ID continues; a 24-year gap separates the two blocks"
"northamerica/usa/ok043.rwl","blp30E",1850,"accepted practice","one ID carries two separate segments","stop marker ends a line at 1850 but the ID continues; a 38-year gap separates the two blocks"
"northamerica/usa/ok043.rwl","blp30G",1830,"accepted practice","one ID carries two separate segments","stop marker ends a line at 1830 but the ID continues; a 20-year gap separates the two blocks"
"northamerica/usa/ok043.rwl","blp30H",1840,"accepted practice","one ID carries two separate segments","stop marker ends a line at 1840 but the ID continues; a 4-year gap separates the two blocks"
"northamerica/usa/ok043.rwl","blp31A",1840,"accepted practice","one ID carries two separate segments","stop marker ends a line at 1840 but the ID continues; a 10-year gap separates the two blocks"
"northamerica/usa/ok043.rwl","blp31B",1870,"accepted practice","one ID carries two separate segments","stop marker ends a line at 1870 but the ID continues; a 2-year gap separates the two blocks"
"northamerica/usa/ok043.rwl","blp31D",1880,"accepted practice","one ID carries two separate segments","stop marker ends a line at 1880 but the ID continues; a 8-year gap separates the two blocks"
"northamerica/usa/ok049.rwl","LIN01A",1939,"accepted practice","interior year gap","1 year(s) missing (1939-1939); read.tucson fills these with 0"
"northamerica/usa/ok049e.rwl","LIN25A",1949,"accepted practice","interior year gap","1 year(s) missing (1949-1949); read.tucson fills these with 0"
"northamerica/usa/ok049l.rwl","LIN25A",1949,"accepted practice","interior year gap","1 year(s) missing (1949-1949); read.tucson fills these with 0"
"northamerica/usa/or005.rwl","037011",1599,"accepted practice","interior year gap","1 year(s) missing (1599-1599); read.tucson fills these with 0"
"northamerica/usa/or005.rwl","037101",1929,"accepted practice","interior year gap","2 year(s) missing (1929-1939); read.tucson fills these with 0"
"northamerica/usa/or005.rwl","037102",1929,"accepted practice","interior year gap","3 year(s) missing (1929-1939); read.tucson fills these with 0"
"northamerica/usa/sd001.rwl","146032",1880,"accepted practice","interior year gap","10 year(s) missing (1880-1889); read.tucson fills these with 0"
"northamerica/usa/sd001.rwl","146081",1959,"accepted practice","interior year gap","1 year(s) missing (1959-1959); read.tucson fills these with 0"
"northamerica/usa/sd001.rwl","146101",1791,"accepted practice","interior year gap","29 year(s) missing (1791-1819); read.tucson fills these with 0"
"northamerica/usa/sd001.rwl","146101",1790,"accepted practice","one ID carries two separate segments","stop marker ends a line at 1790 but the ID continues; a 30-year gap separates the two blocks"
"northamerica/usa/tn008.rwl","NOR261",1831,"accepted practice","interior year gap","1 year(s) missing (1831-1831); read.tucson fills these with 0"
"northamerica/usa/tn008.rwl","NOR421",1786,"accepted practice","interior year gap","4 year(s) missing (1786-1789); read.tucson fills these with 0"
"northamerica/usa/tn008.rwl","NOR422",1786,"accepted practice","interior year gap","4 year(s) missing (1786-1789); read.tucson fills these with 0"
"northamerica/usa/tn008.rwl","NOR261",1830,"accepted practice","one ID carries two separate segments","stop marker ends a line at 1830 but the ID continues; a 2-year gap separates the two blocks"
"northamerica/usa/tn008.rwl","NOR421",1780,"accepted practice","one ID carries two separate segments","stop marker ends a line at 1780 but the ID continues; a 5-year gap separates the two blocks"
"northamerica/usa/tn008.rwl","NOR422",1780,"accepted practice","one ID carries two separate segments","stop marker ends a line at 1780 but the ID continues; a 5-year gap separates the two blocks"
"northamerica/usa/tn029.rwl","sav11b",1851,"accepted practice","interior year gap","21 year(s) missing (1851-1871); read.tucson fills these with 0"
"northamerica/usa/tn029.rwl","sav20a",1878,"accepted practice","interior year gap","2 year(s) missing (1878-1879); read.tucson fills these with 0"
"northamerica/usa/tn029.rwl","sav23a",1781,"accepted practice","interior year gap","1 year(s) missing (1781-1781); read.tucson fills these with 0"
"northamerica/usa/tn029.rwl","sav11b",1850,"accepted practice","one ID carries two separate segments","stop marker ends a line at 1850 but the ID continues; a 22-year gap separates the two blocks"
"northamerica/usa/tn029.rwl","sav20a",1870,"accepted practice","one ID carries two separate segments","stop marker ends a line at 1870 but the ID continues; a 3-year gap separates the two blocks"
"northamerica/usa/tn029.rwl","sav23a",1780,"accepted practice","one ID carries two separate segments","stop marker ends a line at 1780 but the ID continues; a 2-year gap separates the two blocks"
"northamerica/usa/tn030.rwl","FC310a",1801,"accepted practice","interior year gap","28 year(s) missing (1801-1828); read.tucson fills these with 0"
"northamerica/usa/tn030.rwl","FC310a",1800,"accepted practice","one ID carries two separate segments","stop marker ends a line at 1800 but the ID continues; a 29-year gap separates the two blocks"
"northamerica/usa/ut524.rwl","nmm041",1792,"accepted practice","interior year gap","68 year(s) missing (1792-1859); read.tucson fills these with 0"
"northamerica/usa/ut524.rwl","nmm131",1493,"accepted practice","interior year gap","7 year(s) missing (1493-1499); read.tucson fills these with 0"
"northamerica/usa/ut524.rwl","nmm132",1556,"accepted practice","interior year gap","3 year(s) missing (1556-1558); read.tucson fills these with 0"
"northamerica/usa/ut524.rwl","nmm141",1513,"accepted practice","interior year gap","3 year(s) missing (1513-1515); read.tucson fills these with 0"
"northamerica/usa/ut524.rwl","nmm182",1774,"accepted practice","interior year gap","86 year(s) missing (1774-1859); read.tucson fills these with 0"
"northamerica/usa/ut524.rwl","nmm041",1790,"accepted practice","one ID carries two separate segments","stop marker ends a line at 1790 but the ID continues; a 69-year gap separates the two blocks"
"northamerica/usa/ut524.rwl","nmm131",1490,"accepted practice","one ID carries two separate segments","stop marker ends a line at 1490 but the ID continues; a 8-year gap separates the two blocks"
"northamerica/usa/ut524.rwl","nmm132",1550,"accepted practice","one ID carries two separate segments","stop marker ends a line at 1550 but the ID continues; a 4-year gap separates the two blocks"
"northamerica/usa/ut524.rwl","nmm141",1510,"accepted practice","one ID carries two separate segments","stop marker ends a line at 1510 but the ID continues; a 4-year gap separates the two blocks"
"northamerica/usa/ut524.rwl","nmm182",1770,"accepted practice","one ID carries two separate segments","stop marker ends a line at 1770 but the ID continues; a 87-year gap separates the two blocks"
"northamerica/usa/ut542.rwl","CC1-2",1604,"accepted practice","interior year gap","4 year(s) missing (1604-1607); read.tucson fills these with 0"
"northamerica/usa/ut542.rwl","CC1-3",1604,"accepted practice","interior year gap","32 year(s) missing (1604-1635); read.tucson fills these with 0"
"northamerica/usa/ut542.rwl","CC1-4",1420,"accepted practice","interior year gap","5 year(s) missing (1420-1424); read.tucson fills these with 0"
"northamerica/usa/ut542.rwl","CC11-3",1727,"accepted practice","interior year gap","15 year(s) missing (1727-1741); read.tucson fills these with 0"
"northamerica/usa/ut542.rwl","CC16",1745,"accepted practice","interior year gap","15 year(s) missing (1745-1789); read.tucson fills these with 0"
"northamerica/usa/ut542.rwl","CC20",1697,"accepted practice","interior year gap","3 year(s) missing (1697-1699); read.tucson fills these with 0"
"northamerica/usa/ut542.rwl","CC4-3",1629,"accepted practice","interior year gap","4 year(s) missing (1629-1632); read.tucson fills these with 0"
"northamerica/usa/ut542.rwl","CC5-2",1564,"accepted practice","interior year gap","154 year(s) missing (1564-1878); read.tucson fills these with 0"
"northamerica/usa/ut542.rwl","CC16",1740,"accepted practice","one ID carries two separate segments","stop marker ends a line at 1740 but the ID continues; a 4-year gap separates the two blocks"
"northamerica/usa/ut542.rwl","CC20",1690,"accepted practice","one ID carries two separate segments","stop marker ends a line at 1690 but the ID continues; a 4-year gap separates the two blocks"
"northamerica/usa/ut547.rwl","23-1946B",1958,"accepted practice","interior year gap","2 year(s) missing (1958-1959); read.tucson fills these with 0"
"northamerica/usa/ut547.rwl","35-0549A",1743,"accepted practice","interior year gap","1 year(s) missing (1743-1743); read.tucson fills these with 0"
"northamerica/usa/ut547.rwl","23-1946B",1950,"accepted practice","one ID carries two separate segments","stop marker ends a line at 1950 but the ID continues; a 3-year gap separates the two blocks"
"northamerica/usa/ut547.rwl","35-0549A",1740,"accepted practice","one ID carries two separate segments","stop marker ends a line at 1740 but the ID continues; a 2-year gap separates the two blocks"
"northamerica/usa/ut550.rwl","RCB108A",1676,"accepted practice","interior year gap","4 year(s) missing (1676-1679); read.tucson fills these with 0"
"northamerica/usa/ut550.rwl","RCB124A",212,"accepted practice","interior year gap","18 year(s) missing (212-229); read.tucson fills these with 0"
"northamerica/usa/ut550.rwl","RCB183A",1316,"accepted practice","interior year gap","241 year(s) missing (1316-1556); read.tucson fills these with 0"
"northamerica/usa/ut550.rwl","RCB191A",1272,"accepted practice","interior year gap","18 year(s) missing (1272-1289); read.tucson fills these with 0"
"northamerica/usa/ut550.rwl","RCB124A",210,"accepted practice","one ID carries two separate segments","stop marker ends a line at 210 but the ID continues; a 19-year gap separates the two blocks"
"northamerica/usa/ut550.rwl","RCB191A",1270,"accepted practice","one ID carries two separate segments","stop marker ends a line at 1270 but the ID continues; a 19-year gap separates the two blocks"
"northamerica/usa/ut556.rwl","28-1330B",1902,"accepted practice","interior year gap","1 year(s) missing (1902-1902); read.tucson fills these with 0"
"northamerica/usa/ut556.rwl","28-1330B",1900,"accepted practice","one ID carries two separate segments","stop marker ends a line at 1900 but the ID continues; a 2-year gap separates the two blocks"
"northamerica/usa/wa048.rwl","002221",1602,"accepted practice","interior year gap","8 year(s) missing (1602-1609); read.tucson fills these with 0"
"northamerica/usa/wa053.rwl","008191",1339,"accepted practice","interior year gap","1 year(s) missing (1339-1339); read.tucson fills these with 0"
"northamerica/usa/wa135.rwl","103B",1573,"accepted practice","interior year gap","177 year(s) missing (1573-1749); read.tucson fills these with 0"
"northamerica/usa/wv028.rwl","SCW104A",1730,"accepted practice","interior year gap","4 year(s) missing (1730-1733); read.tucson fills these with 0"
"northamerica/usa/wv028.rwl","SCW104A",1720,"accepted practice","one ID carries two separate segments","stop marker ends a line at 1720 but the ID continues; a 5-year gap separates the two blocks"
"northamerica/usa/wy032.rwl","ved171",1641,"accepted practice","interior year gap","3 year(s) missing (1641-1643); read.tucson fills these with 0"
"northamerica/usa/wy032.rwl","ved171",1640,"accepted practice","one ID carries two separate segments","stop marker ends a line at 1640 but the ID continues; a 4-year gap separates the two blocks"
"northamerica/usa/wy038.rwl","mdp072",1600,"accepted practice","interior year gap","70 year(s) missing (1600-1669); read.tucson fills these with 0"
"northamerica/usa/wy038.rwl","mdp072",1590,"accepted practice","one ID carries two separate segments","stop marker ends a line at 1590 but the ID continues; a 71-year gap separates the two blocks"
"southamerica/arg155.rwl","RH23A*",1931,"accepted practice","interior year gap","1 year(s) missing (1931-1931); read.tucson fills these with 0"
"southamerica/arg155.rwl","RH23A*",1930,"accepted practice","one ID carries two separate segments","stop marker ends a line at 1930 but the ID continues; a 2-year gap separates the two blocks"
"southamerica/arge.rwl","FU2101",174,"accepted practice","interior year gap","1668 year(s) missing (174-1841); read.tucson fills these with 0"
"southamerica/arge.rwl","FU2101",170,"accepted practice","one ID carries two separate segments","stop marker ends a line at 170 but the ID continues; a 1669-year gap separates the two blocks"
"southamerica/arge005.rwl","PH0512",1773,"accepted practice","interior year gap","5 year(s) missing (1773-1777); read.tucson fills these with 0"
"southamerica/arge005.rwl","PH0561",1634,"accepted practice","interior year gap","7 year(s) missing (1634-1640); read.tucson fills these with 0"
"southamerica/arge005.rwl","PH0562",1633,"accepted practice","interior year gap","8 year(s) missing (1633-1640); read.tucson fills these with 0"
"southamerica/arge005.rwl","PH0564",1634,"accepted practice","interior year gap","7 year(s) missing (1634-1640); read.tucson fills these with 0"
"southamerica/arge005.rwl","PH0642",1861,"accepted practice","interior year gap","15 year(s) missing (1861-1875); read.tucson fills these with 0"
"southamerica/arge005.rwl","PH0643",1861,"accepted practice","interior year gap","15 year(s) missing (1861-1875); read.tucson fills these with 0"
"southamerica/arge005.rwl","PH0512",1770,"accepted practice","one ID carries two separate segments","stop marker ends a line at 1770 but the ID continues; a 6-year gap separates the two blocks"
"southamerica/arge005.rwl","PH0561",1630,"accepted practice","one ID carries two separate segments","stop marker ends a line at 1630 but the ID continues; a 8-year gap separates the two blocks"
"southamerica/arge005.rwl","PH0562",1630,"accepted practice","one ID carries two separate segments","stop marker ends a line at 1630 but the ID continues; a 9-year gap separates the two blocks"
"southamerica/arge005.rwl","PH0564",1630,"accepted practice","one ID carries two separate segments","stop marker ends a line at 1630 but the ID continues; a 8-year gap separates the two blocks"
"southamerica/arge005.rwl","PH0642",1860,"accepted practice","one ID carries two separate segments","stop marker ends a line at 1860 but the ID continues; a 16-year gap separates the two blocks"
"southamerica/arge005.rwl","PH0643",1860,"accepted practice","one ID carries two separate segments","stop marker ends a line at 1860 but the ID continues; a 16-year gap separates the two blocks"
"southamerica/arge006.rwl","CH0665",1848,"accepted practice","interior year gap","53 year(s) missing (1848-1900); read.tucson fills these with 0"
"southamerica/arge006.rwl","CH0681",1892,"accepted practice","interior year gap","5 year(s) missing (1892-1896); read.tucson fills these with 0"
"southamerica/arge006.rwl","CH0811",1766,"accepted practice","interior year gap","25 year(s) missing (1766-1790); read.tucson fills these with 0"
"southamerica/arge006.rwl","CH0812",1766,"accepted practice","interior year gap","114 year(s) missing (1766-1879); read.tucson fills these with 0"
"southamerica/arge006.rwl","CH0863",1538,"accepted practice","interior year gap","6 year(s) missing (1538-1543); read.tucson fills these with 0"
"southamerica/arge006.rwl","CH0665",1840,"accepted practice","one ID carries two separate segments","stop marker ends a line at 1840 but the ID continues; a 54-year gap separates the two blocks"
"southamerica/arge006.rwl","CH0681",1890,"accepted practice","one ID carries two separate segments","stop marker ends a line at 1890 but the ID continues; a 6-year gap separates the two blocks"
"southamerica/arge006.rwl","CH0811",1760,"accepted practice","one ID carries two separate segments","stop marker ends a line at 1760 but the ID continues; a 26-year gap separates the two blocks"
"southamerica/arge006.rwl","CH0812",1760,"accepted practice","one ID carries two separate segments","stop marker ends a line at 1760 but the ID continues; a 115-year gap separates the two blocks"
"southamerica/arge006.rwl","CH0863",1530,"accepted practice","one ID carries two separate segments","stop marker ends a line at 1530 but the ID continues; a 7-year gap separates the two blocks"
"southamerica/arge007.rwl","CL0962",1817,"accepted practice","interior year gap","8 year(s) missing (1817-1824); read.tucson fills these with 0"
"southamerica/arge007.rwl","CL0963",1906,"accepted practice","interior year gap","8 year(s) missing (1906-1913); read.tucson fills these with 0"
"southamerica/arge007.rwl","CL0971",1819,"accepted practice","interior year gap","4 year(s) missing (1819-1822); read.tucson fills these with 0"
"southamerica/arge007.rwl","CL0972",1819,"accepted practice","interior year gap","10 year(s) missing (1819-1828); read.tucson fills these with 0"
"southamerica/arge007.rwl","CL0973",1819,"accepted practice","interior year gap","14 year(s) missing (1819-1832); read.tucson fills these with 0"
"southamerica/arge007.rwl","CL0962",1810,"accepted practice","one ID carries two separate segments","stop marker ends a line at 1810 but the ID continues; a 9-year gap separates the two blocks"
"southamerica/arge007.rwl","CL0963",1900,"accepted practice","one ID carries two separate segments","stop marker ends a line at 1900 but the ID continues; a 9-year gap separates the two blocks"
"southamerica/arge007.rwl","CL0971",1810,"accepted practice","one ID carries two separate segments","stop marker ends a line at 1810 but the ID continues; a 5-year gap separates the two blocks"
"southamerica/arge007.rwl","CL0972",1810,"accepted practice","one ID carries two separate segments","stop marker ends a line at 1810 but the ID continues; a 11-year gap separates the two blocks"
"southamerica/arge007.rwl","CL0973",1810,"accepted practice","one ID carries two separate segments","stop marker ends a line at 1810 but the ID continues; a 15-year gap separates the two blocks"
"southamerica/arge009.rwl","ET1102",1907,"accepted practice","interior year gap","7 year(s) missing (1907-1913); read.tucson fills these with 0"
"southamerica/arge009.rwl","ET1102",1900,"accepted practice","one ID carries two separate segments","stop marker ends a line at 1900 but the ID continues; a 8-year gap separates the two blocks"
"southamerica/arge011.rwl","MQ1612",704,"accepted practice","interior year gap","1066 year(s) missing (704-1769); read.tucson fills these with 0"
"southamerica/arge011.rwl","MQ1612",700,"accepted practice","one ID carries two separate segments","stop marker ends a line at 700 but the ID continues; a 1067-year gap separates the two blocks"
"southamerica/arge013.rwl","LL1761",1776,"accepted practice","interior year gap","18 year(s) missing (1776-1793); read.tucson fills these with 0"
"southamerica/arge013.rwl","LL1761",1770,"accepted practice","one ID carries two separate segments","stop marker ends a line at 1770 but the ID continues; a 19-year gap separates the two blocks"
"southamerica/arge015.rwl","PP1992",1852,"accepted practice","interior year gap","45 year(s) missing (1852-1896); read.tucson fills these with 0"
"southamerica/arge015.rwl","PP1993",1551,"accepted practice","interior year gap","110 year(s) missing (1551-1896); read.tucson fills these with 0"
"southamerica/arge015.rwl","PP2001",1602,"accepted practice","interior year gap","7 year(s) missing (1602-1608); read.tucson fills these with 0"
"southamerica/arge015.rwl","PP2002",1512,"accepted practice","interior year gap","52 year(s) missing (1512-1896); read.tucson fills these with 0"
"southamerica/arge015.rwl","PP2011",1508,"accepted practice","interior year gap","34 year(s) missing (1508-1541); read.tucson fills these with 0"
"southamerica/arge015.rwl","PP2013",1861,"accepted practice","interior year gap","36 year(s) missing (1861-1896); read.tucson fills these with 0"
"southamerica/arge015.rwl","PP2021",1876,"accepted practice","interior year gap","18 year(s) missing (1876-1893); read.tucson fills these with 0"
"southamerica/arge015.rwl","PP2033",1509,"accepted practice","interior year gap","11 year(s) missing (1509-1519); read.tucson fills these with 0"
"southamerica/arge015.rwl","PP2052",1889,"accepted practice","interior year gap","11 year(s) missing (1889-1899); read.tucson fills these with 0"
"southamerica/arge015.rwl","PP1992",1850,"accepted practice","one ID carries two separate segments","stop marker ends a line at 1850 but the ID continues; a 46-year gap separates the two blocks"
"southamerica/arge015.rwl","PP1993",1550,"accepted practice","one ID carries two separate segments","stop marker ends a line at 1550 but the ID continues; a 23-year gap separates the two blocks"
"southamerica/arge015.rwl","PP2001",1600,"accepted practice","one ID carries two separate segments","stop marker ends a line at 1600 but the ID continues; a 8-year gap separates the two blocks"
"southamerica/arge015.rwl","PP2002",1510,"accepted practice","one ID carries two separate segments","stop marker ends a line at 1510 but the ID continues; a 25-year gap separates the two blocks"
"southamerica/arge015.rwl","PP2011",1500,"accepted practice","one ID carries two separate segments","stop marker ends a line at 1500 but the ID continues; a 35-year gap separates the two blocks"
"southamerica/arge015.rwl","PP2013",1860,"accepted practice","one ID carries two separate segments","stop marker ends a line at 1860 but the ID continues; a 37-year gap separates the two blocks"
"southamerica/arge015.rwl","PP2021",1870,"accepted practice","one ID carries two separate segments","stop marker ends a line at 1870 but the ID continues; a 19-year gap separates the two blocks"
"southamerica/arge015.rwl","PP2033",1500,"accepted practice","one ID carries two separate segments","stop marker ends a line at 1500 but the ID continues; a 12-year gap separates the two blocks"
"southamerica/arge015.rwl","PP2052",1880,"accepted practice","one ID carries two separate segments","stop marker ends a line at 1880 but the ID continues; a 12-year gap separates the two blocks"
"southamerica/arge016.rwl","TR2804",1829,"accepted practice","interior year gap","14 year(s) missing (1829-1842); read.tucson fills these with 0"
"southamerica/arge016.rwl","TR2804",1820,"accepted practice","one ID carries two separate segments","stop marker ends a line at 1820 but the ID continues; a 15-year gap separates the two blocks"
"southamerica/arge017.rwl","MML392",1822,"accepted practice","interior year gap","13 year(s) missing (1822-1834); read.tucson fills these with 0"
"southamerica/arge017.rwl","MML392",1820,"accepted practice","one ID carries two separate segments","stop marker ends a line at 1820 but the ID continues; a 14-year gap separates the two blocks"
"southamerica/arge018.rwl","RUC472",1826,"accepted practice","interior year gap","6 year(s) missing (1826-1831); read.tucson fills these with 0"
"southamerica/arge018.rwl","RUC741",1774,"accepted practice","interior year gap","53 year(s) missing (1774-1826); read.tucson fills these with 0"
"southamerica/arge018.rwl","RUC472",1820,"accepted practice","one ID carries two separate segments","stop marker ends a line at 1820 but the ID continues; a 7-year gap separates the two blocks"
"southamerica/arge018.rwl","RUC741",1770,"accepted practice","one ID carries two separate segments","stop marker ends a line at 1770 but the ID continues; a 54-year gap separates the two blocks"
"southamerica/arge020.rwl","TRO243",1821,"accepted practice","interior year gap","13 year(s) missing (1821-1833); read.tucson fills these with 0"
"southamerica/arge020.rwl","TRO312",1754,"accepted practice","interior year gap","86 year(s) missing (1754-1839); read.tucson fills these with 0"
"southamerica/arge020.rwl","TRO243",1820,"accepted practice","one ID carries two separate segments","stop marker ends a line at 1820 but the ID continues; a 14-year gap separates the two blocks"
"southamerica/arge020.rwl","TRO312",1750,"accepted practice","one ID carries two separate segments","stop marker ends a line at 1750 but the ID continues; a 87-year gap separates the two blocks"
"southamerica/arge021.rwl","HNG221",1764,"accepted practice","interior year gap","6 year(s) missing (1764-1769); read.tucson fills these with 0"
"southamerica/arge021.rwl","HNG253",1752,"accepted practice","interior year gap","38 year(s) missing (1752-1789); read.tucson fills these with 0"
"southamerica/arge021.rwl","HNG264",1852,"accepted practice","interior year gap","8 year(s) missing (1852-1859); read.tucson fills these with 0"
"southamerica/arge021.rwl","HNG273",1649,"accepted practice","interior year gap","5 year(s) missing (1649-1653); read.tucson fills these with 0"
"southamerica/arge021.rwl","HNG292",1725,"accepted practice","interior year gap","29 year(s) missing (1725-1753); read.tucson fills these with 0"
"southamerica/arge021.rwl","HNG221",1760,"accepted practice","one ID carries two separate segments","stop marker ends a line at 1760 but the ID continues; a 7-year gap separates the two blocks"
"southamerica/arge021.rwl","HNG253",1750,"accepted practice","one ID carries two separate segments","stop marker ends a line at 1750 but the ID continues; a 39-year gap separates the two blocks"
"southamerica/arge021.rwl","HNG264",1850,"accepted practice","one ID carries two separate segments","stop marker ends a line at 1850 but the ID continues; a 9-year gap separates the two blocks"
"southamerica/arge021.rwl","HNG273",1640,"accepted practice","one ID carries two separate segments","stop marker ends a line at 1640 but the ID continues; a 6-year gap separates the two blocks"
"southamerica/arge021.rwl","HNG292",1720,"accepted practice","one ID carries two separate segments","stop marker ends a line at 1720 but the ID continues; a 30-year gap separates the two blocks"
"southamerica/arge041.rwl","RH20A",1909,"accepted practice","interior year gap","1 year(s) missing (1909-1909); read.tucson fills these with 0"
"southamerica/arge041.rwl","RH23A*",1931,"accepted practice","interior year gap","1 year(s) missing (1931-1931); read.tucson fills these with 0"
"southamerica/arge041.rwl","RH23A*",1930,"accepted practice","one ID carries two separate segments","stop marker ends a line at 1930 but the ID continues; a 2-year gap separates the two blocks"
"southamerica/arge064.rwl","SEC48B",1916,"accepted practice","interior year gap","2 year(s) missing (1916-1917); read.tucson fills these with 0"
"southamerica/arge064.rwl","SEC48B",1910,"accepted practice","one ID carries two separate segments","stop marker ends a line at 1910 but the ID continues; a 3-year gap separates the two blocks"
"southamerica/arge065.rwl","VL118B",1899,"accepted practice","interior year gap","1 year(s) missing (1899-1899); read.tucson fills these with 0"
"southamerica/arge065.rwl","VL120B",1899,"accepted practice","interior year gap","1 year(s) missing (1899-1899); read.tucson fills these with 0"
"southamerica/arge085.rwl","TR2804",1829,"accepted practice","interior year gap","14 year(s) missing (1829-1842); read.tucson fills these with 0"
"southamerica/arge085.rwl","TR2804",1820,"accepted practice","one ID carries two separate segments","stop marker ends a line at 1820 but the ID continues; a 15-year gap separates the two blocks"
"southamerica/arge088.rwl","ALE46C",925,"accepted practice","interior year gap","39 year(s) missing (925-963); read.tucson fills these with 0"
"southamerica/arge088.rwl","ALE46C",920,"accepted practice","one ID carries two separate segments","stop marker ends a line at 920 but the ID continues; a 40-year gap separates the two blocks"
"southamerica/arge091.rwl","mot07a",940,"accepted practice","interior year gap","12 year(s) missing (940-951); read.tucson fills these with 0"
"southamerica/arge091.rwl","mot18a",1758,"accepted practice","interior year gap","51 year(s) missing (1758-1808); read.tucson fills these with 0"
"southamerica/arge091.rwl","mot18e",1175,"accepted practice","interior year gap","10 year(s) missing (1175-1502); read.tucson fills these with 0"
"southamerica/arge091.rwl","mot23c",1348,"accepted practice","interior year gap","53 year(s) missing (1348-1400); read.tucson fills these with 0"
"southamerica/arge091.rwl","mot27a",1062,"accepted practice","interior year gap","115 year(s) missing (1062-1176); read.tucson fills these with 0"
"southamerica/arge091.rwl","mot07a",930,"accepted practice","one ID carries two separate segments","stop marker ends a line at 930 but the ID continues; a 13-year gap separates the two blocks"
"southamerica/arge091.rwl","mot23c",1340,"accepted practice","one ID carries two separate segments","stop marker ends a line at 1340 but the ID continues; a 54-year gap separates the two blocks"
"southamerica/arge092.rwl","E9710D",677,"accepted practice","interior year gap","10 year(s) missing (677-686); read.tucson fills these with 0"
"southamerica/arge092.rwl","E9710D",670,"accepted practice","one ID carries two separate segments","stop marker ends a line at 670 but the ID continues; a 11-year gap separates the two blocks"
"southamerica/arge140.rwl","chal14b",1781,"accepted practice","interior year gap","63 year(s) missing (1781-1843); read.tucson fills these with 0"
"southamerica/arge140.rwl","chal15a",1806,"accepted practice","interior year gap","67 year(s) missing (1806-1927); read.tucson fills these with 0"
"southamerica/arge140.rwl","chal17a",1743,"accepted practice","interior year gap","8 year(s) missing (1743-1872); read.tucson fills these with 0"
"southamerica/arge140.rwl","chal17c",1697,"accepted practice","interior year gap","2 year(s) missing (1697-1698); read.tucson fills these with 0"
"southamerica/arge140.rwl","chal19c",1879,"accepted practice","interior year gap","1 year(s) missing (1879-1879); read.tucson fills these with 0"
"southamerica/arge140.rwl","chal3b",1854,"accepted practice","interior year gap","26 year(s) missing (1854-1879); read.tucson fills these with 0"
"southamerica/arge140.rwl","chal6b",1926,"accepted practice","interior year gap","5 year(s) missing (1926-1930); read.tucson fills these with 0"
"southamerica/arge140.rwl","chal8a",1749,"accepted practice","interior year gap","42 year(s) missing (1749-1790); read.tucson fills these with 0"
"southamerica/arge140.rwl","chal14b",1780,"accepted practice","one ID carries two separate segments","stop marker ends a line at 1780 but the ID continues; a 64-year gap separates the two blocks"
"southamerica/arge140.rwl","chal15a",1800,"accepted practice","one ID carries two separate segments","stop marker ends a line at 1800 but the ID continues; a 8-year gap separates the two blocks"
"southamerica/arge140.rwl","chal17a",1740,"accepted practice","one ID carries two separate segments","stop marker ends a line at 1740 but the ID continues; a 3-year gap separates the two blocks"
"southamerica/arge140.rwl","chal17c",1690,"accepted practice","one ID carries two separate segments","stop marker ends a line at 1690 but the ID continues; a 3-year gap separates the two blocks"
"southamerica/arge140.rwl","chal19c",1870,"accepted practice","one ID carries two separate segments","stop marker ends a line at 1870 but the ID continues; a 2-year gap separates the two blocks"
"southamerica/arge140.rwl","chal3b",1850,"accepted practice","one ID carries two separate segments","stop marker ends a line at 1850 but the ID continues; a 27-year gap separates the two blocks"
"southamerica/arge140.rwl","chal6b",1920,"accepted practice","one ID carries two separate segments","stop marker ends a line at 1920 but the ID continues; a 6-year gap separates the two blocks"
"southamerica/arge140.rwl","chal8a",1740,"accepted practice","one ID carries two separate segments","stop marker ends a line at 1740 but the ID continues; a 43-year gap separates the two blocks"
"southamerica/arge141.rwl","dl18a",1872,"accepted practice","interior year gap","8 year(s) missing (1872-1879); read.tucson fills these with 0"
"southamerica/arge141.rwl","dl20a",1865,"accepted practice","interior year gap","10 year(s) missing (1865-1874); read.tucson fills these with 0"
"southamerica/arge141.rwl","dl25a",1747,"accepted practice","interior year gap","23 year(s) missing (1747-1769); read.tucson fills these with 0"
"southamerica/arge141.rwl","dl2a",1742,"accepted practice","interior year gap","1 year(s) missing (1742-1742); read.tucson fills these with 0"
"southamerica/arge141.rwl","dl3b",1947,"accepted practice","interior year gap","20 year(s) missing (1947-1966); read.tucson fills these with 0"
"southamerica/arge141.rwl","dl5b",1862,"accepted practice","interior year gap","18 year(s) missing (1862-1879); read.tucson fills these with 0"
"southamerica/arge141.rwl","dl7b",1866,"accepted practice","interior year gap","4 year(s) missing (1866-1869); read.tucson fills these with 0"
"southamerica/arge141.rwl","dl9b",1746,"accepted practice","interior year gap","5 year(s) missing (1746-1750); read.tucson fills these with 0"
"southamerica/arge141.rwl","dl18a",1870,"accepted practice","one ID carries two separate segments","stop marker ends a line at 1870 but the ID continues; a 9-year gap separates the two blocks"
"southamerica/arge141.rwl","dl20a",1860,"accepted practice","one ID carries two separate segments","stop marker ends a line at 1860 but the ID continues; a 11-year gap separates the two blocks"
"southamerica/arge141.rwl","dl25a",1740,"accepted practice","one ID carries two separate segments","stop marker ends a line at 1740 but the ID continues; a 24-year gap separates the two blocks"
"southamerica/arge141.rwl","dl2a",1740,"accepted practice","one ID carries two separate segments","stop marker ends a line at 1740 but the ID continues; a 2-year gap separates the two blocks"
"southamerica/arge141.rwl","dl3b",1940,"accepted practice","one ID carries two separate segments","stop marker ends a line at 1940 but the ID continues; a 21-year gap separates the two blocks"
"southamerica/arge141.rwl","dl5b",1860,"accepted practice","one ID carries two separate segments","stop marker ends a line at 1860 but the ID continues; a 19-year gap separates the two blocks"
"southamerica/arge141.rwl","dl7b",1860,"accepted practice","one ID carries two separate segments","stop marker ends a line at 1860 but the ID continues; a 5-year gap separates the two blocks"
"southamerica/arge141.rwl","dl9b",1740,"accepted practice","one ID carries two separate segments","stop marker ends a line at 1740 but the ID continues; a 6-year gap separates the two blocks"
"southamerica/arge142.rwl","FRI06a",1463,"accepted practice","interior year gap","6 year(s) missing (1463-1468); read.tucson fills these with 0"
"southamerica/arge142.rwl","fri10a",1425,"accepted practice","interior year gap","22 year(s) missing (1425-1491); read.tucson fills these with 0"
"southamerica/arge142.rwl","fri10c",1419,"accepted practice","interior year gap","181 year(s) missing (1419-1958); read.tucson fills these with 0"
"southamerica/arge142.rwl","fri11cc",1655,"accepted practice","interior year gap","20 year(s) missing (1655-1674); read.tucson fills these with 0"
"southamerica/arge142.rwl","fri12b",1481,"accepted practice","interior year gap","6 year(s) missing (1481-1486); read.tucson fills these with 0"
"southamerica/arge142.rwl","FRI14b",1652,"accepted practice","interior year gap","5 year(s) missing (1652-1656); read.tucson fills these with 0"
"southamerica/arge142.rwl","FRI16a",1575,"accepted practice","interior year gap","23 year(s) missing (1575-1597); read.tucson fills these with 0"
"southamerica/arge142.rwl","FRI17b",1773,"accepted practice","interior year gap","2 year(s) missing (1773-1774); read.tucson fills these with 0"
"southamerica/arge142.rwl","fri1a",1450,"accepted practice","interior year gap","166 year(s) missing (1450-1824); read.tucson fills these with 0"
"southamerica/arge142.rwl","fri1b",1766,"accepted practice","interior year gap","140 year(s) missing (1766-1931); read.tucson fills these with 0"
"southamerica/arge142.rwl","fri1c",1718,"accepted practice","interior year gap","18 year(s) missing (1718-1735); read.tucson fills these with 0"
"southamerica/arge142.rwl","FRI22c",1587,"accepted practice","interior year gap","37 year(s) missing (1587-1623); read.tucson fills these with 0"
"southamerica/arge142.rwl","fri2a",1351,"accepted practice","interior year gap","39 year(s) missing (1351-1549); read.tucson fills these with 0"
"southamerica/arge142.rwl","fri2b",1665,"accepted practice","interior year gap","4 year(s) missing (1665-1668); read.tucson fills these with 0"
"southamerica/arge142.rwl","fri2c",1600,"accepted practice","interior year gap","133 year(s) missing (1600-1845); read.tucson fills these with 0"
"southamerica/arge142.rwl","fri3b",1602,"accepted practice","interior year gap","7 year(s) missing (1602-1608); read.tucson fills these with 0"
"southamerica/arge142.rwl","fri4a",1572,"accepted practice","interior year gap","1 year(s) missing (1572-1572); read.tucson fills these with 0"
"southamerica/arge142.rwl","fri6c",1690,"accepted practice","interior year gap","7 year(s) missing (1690-1729); read.tucson fills these with 0"
"southamerica/arge142.rwl","fri8b",1834,"accepted practice","interior year gap","5 year(s) missing (1834-1838); read.tucson fills these with 0"
"southamerica/arge142.rwl","fri9c",1414,"accepted practice","interior year gap","10 year(s) missing (1414-1479); read.tucson fills these with 0"
"southamerica/arge142.rwl","fri9d",1293,"accepted practice","interior year gap","77 year(s) missing (1293-1540); read.tucson fills these with 0"
"southamerica/arge142.rwl","FRIA10b",1499,"accepted practice","interior year gap","12 year(s) missing (1499-1510); read.tucson fills these with 0"
"southamerica/arge142.rwl","FRIA15d",1790,"accepted practice","interior year gap","10 year(s) missing (1790-1799); read.tucson fills these with 0"
"southamerica/arge142.rwl","FRIA4a",1550,"accepted practice","interior year gap","1 year(s) missing (1550-1550); read.tucson fills these with 0"
"southamerica/arge142.rwl","FRIA5bb",1565,"accepted practice","interior year gap","5 year(s) missing (1565-1569); read.tucson fills these with 0"
"southamerica/arge142.rwl","FRIA9bb",1835,"accepted practice","interior year gap","1 year(s) missing (1835-1835); read.tucson fills these with 0"
"southamerica/arge142.rwl","FRI06a",1460,"accepted practice","one ID carries two separate segments","stop marker ends a line at 1460 but the ID continues; a 7-year gap separates the two blocks"
"southamerica/arge142.rwl","fri10a",1420,"accepted practice","one ID carries two separate segments","stop marker ends a line at 1420 but the ID continues; a 22-year gap separates the two blocks"
"southamerica/arge142.rwl","fri10c",1410,"accepted practice","one ID carries two separate segments","stop marker ends a line at 1410 but the ID continues; a 77-year gap separates the two blocks"
"southamerica/arge142.rwl","fri11cc",1650,"accepted practice","one ID carries two separate segments","stop marker ends a line at 1650 but the ID continues; a 21-year gap separates the two blocks"
"southamerica/arge142.rwl","fri12b",1480,"accepted practice","one ID carries two separate segments","stop marker ends a line at 1480 but the ID continues; a 7-year gap separates the two blocks"
"southamerica/arge142.rwl","FRI14b",1650,"accepted practice","one ID carries two separate segments","stop marker ends a line at 1650 but the ID continues; a 6-year gap separates the two blocks"
"southamerica/arge142.rwl","FRI16a",1570,"accepted practice","one ID carries two separate segments","stop marker ends a line at 1570 but the ID continues; a 24-year gap separates the two blocks"
"southamerica/arge142.rwl","FRI17b",1770,"accepted practice","one ID carries two separate segments","stop marker ends a line at 1770 but the ID continues; a 3-year gap separates the two blocks"
"southamerica/arge142.rwl","fri1a",1440,"accepted practice","one ID carries two separate segments","stop marker ends a line at 1440 but the ID continues; a 5-year gap separates the two blocks"
"southamerica/arge142.rwl","fri1b",1760,"accepted practice","one ID carries two separate segments","stop marker ends a line at 1760 but the ID continues; a 46-year gap separates the two blocks"
"southamerica/arge142.rwl","fri1c",1710,"accepted practice","one ID carries two separate segments","stop marker ends a line at 1710 but the ID continues; a 19-year gap separates the two blocks"
"southamerica/arge142.rwl","FRI22c",1580,"accepted practice","one ID carries two separate segments","stop marker ends a line at 1580 but the ID continues; a 38-year gap separates the two blocks"
"southamerica/arge142.rwl","fri2a",1350,"accepted practice","one ID carries two separate segments","stop marker ends a line at 1350 but the ID continues; a 15-year gap separates the two blocks"
"southamerica/arge142.rwl","fri2b",1660,"accepted practice","one ID carries two separate segments","stop marker ends a line at 1660 but the ID continues; a 5-year gap separates the two blocks"
"southamerica/arge142.rwl","fri2c",1590,"accepted practice","one ID carries two separate segments","stop marker ends a line at 1590 but the ID continues; a 8-year gap separates the two blocks"
"southamerica/arge142.rwl","fri3b",1600,"accepted practice","one ID carries two separate segments","stop marker ends a line at 1600 but the ID continues; a 8-year gap separates the two blocks"
"southamerica/arge142.rwl","fri4a",1570,"accepted practice","one ID carries two separate segments","stop marker ends a line at 1570 but the ID continues; a 2-year gap separates the two blocks"
"southamerica/arge142.rwl","fri6c",1680,"accepted practice","one ID carries two separate segments","stop marker ends a line at 1680 but the ID continues; a 6-year gap separates the two blocks"
"southamerica/arge142.rwl","fri8b",1830,"accepted practice","one ID carries two separate segments","stop marker ends a line at 1830 but the ID continues; a 6-year gap separates the two blocks"
"southamerica/arge142.rwl","fri9c",1410,"accepted practice","one ID carries two separate segments","stop marker ends a line at 1410 but the ID continues; a 6-year gap separates the two blocks"
"southamerica/arge142.rwl","fri9d",1290,"accepted practice","one ID carries two separate segments","stop marker ends a line at 1290 but the ID continues; a 15-year gap separates the two blocks"
"southamerica/arge142.rwl","FRIA10b",1490,"accepted practice","one ID carries two separate segments","stop marker ends a line at 1490 but the ID continues; a 13-year gap separates the two blocks"
"southamerica/arge142.rwl","FRIA15d",1780,"accepted practice","one ID carries two separate segments","stop marker ends a line at 1780 but the ID continues; a 11-year gap separates the two blocks"
"southamerica/arge142.rwl","FRIA4a",1540,"accepted practice","one ID carries two separate segments","stop marker ends a line at 1540 but the ID continues; a 2-year gap separates the two blocks"
"southamerica/arge142.rwl","FRIA5bb",1560,"accepted practice","one ID carries two separate segments","stop marker ends a line at 1560 but the ID continues; a 6-year gap separates the two blocks"
"southamerica/arge142.rwl","FRIA9bb",1830,"accepted practice","one ID carries two separate segments","stop marker ends a line at 1830 but the ID continues; a 2-year gap separates the two blocks"
"southamerica/arge144.rwl","ALE46C",925,"accepted practice","interior year gap","39 year(s) missing (925-963); read.tucson fills these with 0"
"southamerica/arge144.rwl","ALER20b",1730,"accepted practice","interior year gap","25 year(s) missing (1730-1754); read.tucson fills these with 0"
"southamerica/arge144.rwl","ALER26b",1644,"accepted practice","interior year gap","16 year(s) missing (1644-1659); read.tucson fills these with 0"
"southamerica/arge144.rwl","ALER3b",1388,"accepted practice","interior year gap","2 year(s) missing (1388-1389); read.tucson fills these with 0"
"southamerica/arge144.rwl","ALERxx",1698,"accepted practice","interior year gap","129 year(s) missing (1698-1826); read.tucson fills these with 0"
"southamerica/arge144.rwl","ral10b",1763,"accepted practice","interior year gap","10 year(s) missing (1763-1772); read.tucson fills these with 0"
"southamerica/arge144.rwl","ral11a",1573,"accepted practice","interior year gap","247 year(s) missing (1573-1819); read.tucson fills these with 0"
"southamerica/arge144.rwl","ral11b",1671,"accepted practice","interior year gap","122 year(s) missing (1671-1792); read.tucson fills these with 0"
"southamerica/arge144.rwl","ral15a",1435,"accepted practice","interior year gap","76 year(s) missing (1435-1510); read.tucson fills these with 0"
"southamerica/arge144.rwl","ral16a",1622,"accepted practice","interior year gap","18 year(s) missing (1622-1639); read.tucson fills these with 0"
"southamerica/arge144.rwl","ral16b",1396,"accepted practice","interior year gap","21 year(s) missing (1396-1416); read.tucson fills these with 0"
"southamerica/arge144.rwl","ral19a",1502,"accepted practice","interior year gap","7 year(s) missing (1502-1508); read.tucson fills these with 0"
"southamerica/arge144.rwl","ral1b",1669,"accepted practice","interior year gap","15 year(s) missing (1669-1881); read.tucson fills these with 0"
"southamerica/arge144.rwl","ral20a",1477,"accepted practice","interior year gap","66 year(s) missing (1477-1542); read.tucson fills these with 0"
"southamerica/arge144.rwl","ral25b",1142,"accepted practice","interior year gap","60 year(s) missing (1142-1257); read.tucson fills these with 0"
"southamerica/arge144.rwl","ral26a",1387,"accepted practice","interior year gap","9 year(s) missing (1387-1395); read.tucson fills these with 0"
"southamerica/arge144.rwl","ral28a",1710,"accepted practice","interior year gap","39 year(s) missing (1710-1748); read.tucson fills these with 0"
"southamerica/arge144.rwl","ral28b",1419,"accepted practice","interior year gap","4 year(s) missing (1419-1422); read.tucson fills these with 0"
"southamerica/arge144.rwl","ral32b",1753,"accepted practice","interior year gap","32 year(s) missing (1753-1784); read.tucson fills these with 0"
"southamerica/arge144.rwl","ral33b",1634,"accepted practice","interior year gap","3 year(s) missing (1634-1636); read.tucson fills these with 0"
"southamerica/arge144.rwl","ral34b",1487,"accepted practice","interior year gap","8 year(s) missing (1487-1571); read.tucson fills these with 0"
"southamerica/arge144.rwl","ral5b",1870,"accepted practice","interior year gap","57 year(s) missing (1870-1926); read.tucson fills these with 0"
"southamerica/arge144.rwl","ral8a",1233,"accepted practice","interior year gap","10 year(s) missing (1233-1942); read.tucson fills these with 0"
"southamerica/arge144.rwl","ralnn",1479,"accepted practice","interior year gap","4 year(s) missing (1479-1482); read.tucson fills these with 0"
"southamerica/arge144.rwl","ALE46C",920,"accepted practice","one ID carries two separate segments","stop marker ends a line at 920 but the ID continues; a 40-year gap separates the two blocks"
"southamerica/arge144.rwl","ALER26b",1640,"accepted practice","one ID carries two separate segments","stop marker ends a line at 1640 but the ID continues; a 17-year gap separates the two blocks"
"southamerica/arge144.rwl","ALER3b",1380,"accepted practice","one ID carries two separate segments","stop marker ends a line at 1380 but the ID continues; a 3-year gap separates the two blocks"
"southamerica/arge144.rwl","ALERxx",1690,"accepted practice","one ID carries two separate segments","stop marker ends a line at 1690 but the ID continues; a 130-year gap separates the two blocks"
"southamerica/arge144.rwl","ral10b",1760,"accepted practice","one ID carries two separate segments","stop marker ends a line at 1760 but the ID continues; a 11-year gap separates the two blocks"
"southamerica/arge144.rwl","ral11a",1570,"accepted practice","one ID carries two separate segments","stop marker ends a line at 1570 but the ID continues; a 248-year gap separates the two blocks"
"southamerica/arge144.rwl","ral11b",1670,"accepted practice","one ID carries two separate segments","stop marker ends a line at 1670 but the ID continues; a 123-year gap separates the two blocks"
"southamerica/arge144.rwl","ral15a",1430,"accepted practice","one ID carries two separate segments","stop marker ends a line at 1430 but the ID continues; a 77-year gap separates the two blocks"
"southamerica/arge144.rwl","ral16a",1620,"accepted practice","one ID carries two separate segments","stop marker ends a line at 1620 but the ID continues; a 19-year gap separates the two blocks"
"southamerica/arge144.rwl","ral16b",1390,"accepted practice","one ID carries two separate segments","stop marker ends a line at 1390 but the ID continues; a 22-year gap separates the two blocks"
"southamerica/arge144.rwl","ral19a",1500,"accepted practice","one ID carries two separate segments","stop marker ends a line at 1500 but the ID continues; a 8-year gap separates the two blocks"
"southamerica/arge144.rwl","ral1b",1660,"accepted practice","one ID carries two separate segments","stop marker ends a line at 1660 but the ID continues; a 10-year gap separates the two blocks"
"southamerica/arge144.rwl","ral20a",1470,"accepted practice","one ID carries two separate segments","stop marker ends a line at 1470 but the ID continues; a 67-year gap separates the two blocks"
"southamerica/arge144.rwl","ral25b",1140,"accepted practice","one ID carries two separate segments","stop marker ends a line at 1140 but the ID continues; a 11-year gap separates the two blocks"
"southamerica/arge144.rwl","ral26a",1380,"accepted practice","one ID carries two separate segments","stop marker ends a line at 1380 but the ID continues; a 10-year gap separates the two blocks"
"southamerica/arge144.rwl","ral28a",1700,"accepted practice","one ID carries two separate segments","stop marker ends a line at 1700 but the ID continues; a 40-year gap separates the two blocks"
"southamerica/arge144.rwl","ral28b",1410,"accepted practice","one ID carries two separate segments","stop marker ends a line at 1410 but the ID continues; a 5-year gap separates the two blocks"
"southamerica/arge144.rwl","ral32b",1750,"accepted practice","one ID carries two separate segments","stop marker ends a line at 1750 but the ID continues; a 33-year gap separates the two blocks"
"southamerica/arge144.rwl","ral33b",1630,"accepted practice","one ID carries two separate segments","stop marker ends a line at 1630 but the ID continues; a 4-year gap separates the two blocks"
"southamerica/arge144.rwl","ral34b",1480,"accepted practice","one ID carries two separate segments","stop marker ends a line at 1480 but the ID continues; a 7-year gap separates the two blocks"
"southamerica/arge144.rwl","ral5b",1860,"accepted practice","one ID carries two separate segments","stop marker ends a line at 1860 but the ID continues; a 58-year gap separates the two blocks"
"southamerica/arge144.rwl","ral8a",1230,"accepted practice","one ID carries two separate segments","stop marker ends a line at 1230 but the ID continues; a 5-year gap separates the two blocks"
"southamerica/arge144.rwl","ralnn",1470,"accepted practice","one ID carries two separate segments","stop marker ends a line at 1470 but the ID continues; a 5-year gap separates the two blocks"
"southamerica/chil006.rwl","NAL772",1895,"accepted practice","interior year gap","6 year(s) missing (1895-1900); read.tucson fills these with 0"
"southamerica/chil006.rwl","NAL772",1890,"accepted practice","one ID carries two separate segments","stop marker ends a line at 1890 but the ID continues; a 7-year gap separates the two blocks"
"southamerica/chil007.rwl","GAB433",1469,"accepted practice","interior year gap","11 year(s) missing (1469-1479); read.tucson fills these with 0"
"southamerica/chil007.rwl","GAB471",1647,"accepted practice","interior year gap","11 year(s) missing (1647-1657); read.tucson fills these with 0"
"southamerica/chil007.rwl","GAB472",1513,"accepted practice","interior year gap","18 year(s) missing (1513-1530); read.tucson fills these with 0"
"southamerica/chil007.rwl","GAB473",1513,"accepted practice","interior year gap","8 year(s) missing (1513-1520); read.tucson fills these with 0"
"southamerica/chil007.rwl","GAB433",1460,"accepted practice","one ID carries two separate segments","stop marker ends a line at 1460 but the ID continues; a 12-year gap separates the two blocks"
"southamerica/chil007.rwl","GAB471",1640,"accepted practice","one ID carries two separate segments","stop marker ends a line at 1640 but the ID continues; a 12-year gap separates the two blocks"
"southamerica/chil007.rwl","GAB472",1510,"accepted practice","one ID carries two separate segments","stop marker ends a line at 1510 but the ID continues; a 19-year gap separates the two blocks"
"southamerica/chil007.rwl","GAB473",1510,"accepted practice","one ID carries two separate segments","stop marker ends a line at 1510 but the ID continues; a 9-year gap separates the two blocks"
"southamerica/chil010.rwl","ABA241",1927,"accepted practice","interior year gap","3 year(s) missing (1927-1929); read.tucson fills these with 0"
"southamerica/chil010.rwl","ABA241",1920,"accepted practice","one ID carries two separate segments","stop marker ends a line at 1920 but the ID continues; a 4-year gap separates the two blocks"
"southamerica/chil012.rwl","AGU032",1623,"accepted practice","interior year gap","17 year(s) missing (1623-1639); read.tucson fills these with 0"
"southamerica/chil012.rwl","AGU034",1240,"accepted practice","interior year gap","2 year(s) missing (1240-1241); read.tucson fills these with 0"
"southamerica/chil012.rwl","AGU081",1877,"accepted practice","interior year gap","20 year(s) missing (1877-1896); read.tucson fills these with 0"
"southamerica/chil012.rwl","AGU261",1935,"accepted practice","interior year gap","5 year(s) missing (1935-1939); read.tucson fills these with 0"
"southamerica/chil012.rwl","AGU265",1902,"accepted practice","interior year gap","8 year(s) missing (1902-1909); read.tucson fills these with 0"
"southamerica/chil012.rwl","AGU292",1935,"accepted practice","interior year gap","5 year(s) missing (1935-1939); read.tucson fills these with 0"
"southamerica/chil012.rwl","AGU032",1620,"accepted practice","one ID carries two separate segments","stop marker ends a line at 1620 but the ID continues; a 18-year gap separates the two blocks"
"southamerica/chil012.rwl","AGU081",1870,"accepted practice","one ID carries two separate segments","stop marker ends a line at 1870 but the ID continues; a 21-year gap separates the two blocks"
"southamerica/chil012.rwl","AGU261",1930,"accepted practice","one ID carries two separate segments","stop marker ends a line at 1930 but the ID continues; a 16-year gap separates the two blocks"
"southamerica/chil012.rwl","AGU265",1900,"accepted practice","one ID carries two separate segments","stop marker ends a line at 1900 but the ID continues; a 9-year gap separates the two blocks"
"southamerica/chil012.rwl","AGU292",1930,"accepted practice","one ID carries two separate segments","stop marker ends a line at 1930 but the ID continues; a 6-year gap separates the two blocks"
"southamerica/chil013.rwl","ISA361",1831,"accepted practice","interior year gap","54 year(s) missing (1831-1884); read.tucson fills these with 0"
"southamerica/chil013.rwl","ISA464",1831,"accepted practice","interior year gap","11 year(s) missing (1831-1841); read.tucson fills these with 0"
"southamerica/chil013.rwl","ISA474",1804,"accepted practice","interior year gap","10 year(s) missing (1804-1813); read.tucson fills these with 0"
"southamerica/chil013.rwl","ISA577",1840,"accepted practice","interior year gap","16 year(s) missing (1840-1855); read.tucson fills these with 0"
"southamerica/chil013.rwl","ISA361",1830,"accepted practice","one ID carries two separate segments","stop marker ends a line at 1830 but the ID continues; a 55-year gap separates the two blocks"
"southamerica/chil013.rwl","ISA464",1830,"accepted practice","one ID carries two separate segments","stop marker ends a line at 1830 but the ID continues; a 12-year gap separates the two blocks"
"southamerica/chil013.rwl","ISA577",1830,"accepted practice","one ID carries two separate segments","stop marker ends a line at 1830 but the ID continues; a 17-year gap separates the two blocks"
"southamerica/chil021.rwl","CLA22A",1769,"accepted practice","interior year gap","11 year(s) missing (1769-1779); read.tucson fills these with 0"
"southamerica/chil021.rwl","CLA22A",1760,"accepted practice","one ID carries two separate segments","stop marker ends a line at 1760 but the ID continues; a 12-year gap separates the two blocks"
"europe/brit048i-noaa.rwl",NA,NA,"cannot read","NOAA template file with a .rwl extension","this is a NOAA Template text file, not a Tucson decadal file; anything reading *.rwl will mis-parse it"
"europe/brit048t-noaa.rwl",NA,NA,"cannot read","NOAA template file with a .rwl extension","this is a NOAA Template text file, not a Tucson decadal file; anything reading *.rwl will mis-parse it"
"europe/brit049i-noaa.rwl",NA,NA,"cannot read","NOAA template file with a .rwl extension","this is a NOAA Template text file, not a Tucson decadal file; anything reading *.rwl will mis-parse it"
"europe/brit049t-noaa.rwl",NA,NA,"cannot read","NOAA template file with a .rwl extension","this is a NOAA Template text file, not a Tucson decadal file; anything reading *.rwl will mis-parse it"
"europe/bulg002i-noaa.rwl",NA,NA,"cannot read","NOAA template file with a .rwl extension","this is a NOAA Template text file, not a Tucson decadal file; anything reading *.rwl will mis-parse it"
"europe/bulg002t-noaa.rwl",NA,NA,"cannot read","NOAA template file with a .rwl extension","this is a NOAA Template text file, not a Tucson decadal file; anything reading *.rwl will mis-parse it"
"europe/roma004i-noaa.rwl",NA,NA,"cannot read","NOAA template file with a .rwl extension","this is a NOAA Template text file, not a Tucson decadal file; anything reading *.rwl will mis-parse it"
"europe/roma004t-noaa.rwl",NA,NA,"cannot read","NOAA template file with a .rwl extension","this is a NOAA Template text file, not a Tucson decadal file; anything reading *.rwl will mis-parse it"
"africa/mar047.rwl","TIZ19A",1900,"corrupts data","value shifted out of column","line 313 field(s) 9 10 = '3   10' '4   11'"
"asia/bt006.rwl","CAMPS12B",1550,"corrupts data","one ID starts a second block","blocks begin at 1550 and 1740; two series share this ID"
"asia/bt006.rwl","CAMPS12B",2000,"corrupts data","series ID reused with overlapping years","stop marker ends a line at 2000 but the ID continues; blocks overlap by 456 year(s)"
"asia/chin037.rwl","GKM3_13a",1429,"corrupts data","one ID starts a second block","blocks begin at 1429 and 1918; two series share this ID"
"asia/chin037.rwl","GKM3_13a",2000,"corrupts data","series ID reused with overlapping years","stop marker ends a line at 2000 but the ID continues; blocks overlap by 577 year(s)"
"asia/japa012.rwl","TSOrw18A",1930,"corrupts data","stop marker mid-series, series continues immediately","stop marker ends a line at 1930 but the ID continues; the next block starts immediately, so the marker looks stray"
"asia/japa012.rwl","TSOrw30a",1750,"corrupts data","stop marker mid-series, series continues immediately","stop marker ends a line at 1750 but the ID continues; the next block starts immediately, so the marker looks stray"
"asia/japa012.rwl","TSOrw43a",1810,"corrupts data","stop marker mid-series, series continues immediately","stop marker ends a line at 1810 but the ID continues; the next block starts immediately, so the marker looks stray"
"asia/japa012x.rwl","TSOmx06A",1940,"corrupts data","stop marker mid-series, series continues immediately","stop marker ends a line at 1940 but the ID continues; the next block starts immediately, so the marker looks stray"
"asia/japa013.rwl","MSRrw37b",1780,"corrupts data","stop marker mid-series, series continues immediately","stop marker ends a line at 1780 but the ID continues; the next block starts immediately, so the marker looks stray"
"asia/japa013x.rwl","Mmx37b",1780,"corrupts data","stop marker mid-series, series continues immediately","stop marker ends a line at 1780 but the ID continues; the next block starts immediately, so the marker looks stray"
"asia/japa016x.rwl","Smx25b",1680,"corrupts data","stop marker mid-series, series continues immediately","stop marker ends a line at 1680 but the ID continues; the next block starts immediately, so the marker looks stray"
"asia/japa016x.rwl","Smx31b",1810,"corrupts data","stop marker mid-series, series continues immediately","stop marker ends a line at 1810 but the ID continues; the next block starts immediately, so the marker looks stray"
"asia/japa017.rwl","YKA09a3a",1390,"corrupts data","stop marker mid-series, series continues immediately","stop marker ends a line at 1390 but the ID continues; the next block starts immediately, so the marker looks stray"
"asia/japa017.rwl","YKA13b1",1860,"corrupts data","stop marker mid-series, series continues immediately","stop marker ends a line at 1860 but the ID continues; the next block starts immediately, so the marker looks stray"
"asia/japa017.rwl","YKA14b1",1860,"corrupts data","stop marker mid-series, series continues immediately","stop marker ends a line at 1860 but the ID continues; the next block starts immediately, so the marker looks stray"
"asia/japa018.rwl","YKCrw11a",1596,"corrupts data","one ID starts a second block","blocks begin at 1596 and 1879; two series share this ID"
"asia/japa018.rwl","YKCrw27b",1600,"corrupts data","one ID starts a second block","blocks begin at 1600 and 1712; two series share this ID"
"asia/japa018.rwl","YKCrw32b",1892,"corrupts data","one ID starts a second block","blocks begin at 1892 and 1973; two series share this ID"
"asia/japa018.rwl","YKCrw11a",2000,"corrupts data","series ID reused with overlapping years","stop marker ends a line at 2000 but the ID continues; blocks overlap by 410 year(s)"
"asia/japa018.rwl","YKCrw27b",2000,"corrupts data","series ID reused with overlapping years","stop marker ends a line at 2000 but the ID continues; blocks overlap by 406 year(s)"
"asia/japa018.rwl","YKCrw32b",2000,"corrupts data","series ID reused with overlapping years","stop marker ends a line at 2000 but the ID continues; blocks overlap by 114 year(s)"
"asia/japa018.rwl","YKCrw34a",1690,"corrupts data","stop marker mid-series, series continues immediately","stop marker ends a line at 1690 but the ID continues; the next block starts immediately, so the marker looks stray"
"asia/japa018x.rwl","mx11a",1596,"corrupts data","one ID starts a second block","blocks begin at 1596 and 1879; two series share this ID"
"asia/japa018x.rwl","mx27b",1600,"corrupts data","one ID starts a second block","blocks begin at 1600 and 1712; two series share this ID"
"asia/japa018x.rwl","mx32b",1892,"corrupts data","one ID starts a second block","blocks begin at 1892 and 1973; two series share this ID"
"asia/japa018x.rwl","mx11a",2000,"corrupts data","series ID reused with overlapping years","stop marker ends a line at 2000 but the ID continues; blocks overlap by 410 year(s)"
"asia/japa018x.rwl","mx27b",2000,"corrupts data","series ID reused with overlapping years","stop marker ends a line at 2000 but the ID continues; blocks overlap by 406 year(s)"
"asia/japa018x.rwl","mx32b",2000,"corrupts data","series ID reused with overlapping years","stop marker ends a line at 2000 but the ID continues; blocks overlap by 114 year(s)"
"asia/japa018x.rwl","mx34a",1690,"corrupts data","stop marker mid-series, series continues immediately","stop marker ends a line at 1690 but the ID continues; the next block starts immediately, so the marker looks stray"
"asia/japa020.rwl","14_Col",990,"corrupts data","stop marker mid-series, series continues immediately","stop marker ends a line at 990 but the ID continues; the next block starts immediately, so the marker looks stray"
"asia/japa020.rwl","15_Col",990,"corrupts data","stop marker mid-series, series continues immediately","stop marker ends a line at 990 but the ID continues; the next block starts immediately, so the marker looks stray"
"asia/japa020.rwl","17_Col",990,"corrupts data","stop marker mid-series, series continues immediately","stop marker ends a line at 990 but the ID continues; the next block starts immediately, so the marker looks stray"
"asia/japa020.rwl","18_Col",990,"corrupts data","stop marker mid-series, series continues immediately","stop marker ends a line at 990 but the ID continues; the next block starts immediately, so the marker looks stray"
"asia/japa020.rwl","21_Col",990,"corrupts data","stop marker mid-series, series continues immediately","stop marker ends a line at 990 but the ID continues; the next block starts immediately, so the marker looks stray"
"asia/japa020.rwl","22_Col",990,"corrupts data","stop marker mid-series, series continues immediately","stop marker ends a line at 990 but the ID continues; the next block starts immediately, so the marker looks stray"
"asia/japa020.rwl","23_Col",990,"corrupts data","stop marker mid-series, series continues immediately","stop marker ends a line at 990 but the ID continues; the next block starts immediately, so the marker looks stray"
"asia/japa020.rwl","24_Col",990,"corrupts data","stop marker mid-series, series continues immediately","stop marker ends a line at 990 but the ID continues; the next block starts immediately, so the marker looks stray"
"asia/japa020.rwl","25_Col",990,"corrupts data","stop marker mid-series, series continues immediately","stop marker ends a line at 990 but the ID continues; the next block starts immediately, so the marker looks stray"
"asia/japa020.rwl","26_Col",990,"corrupts data","stop marker mid-series, series continues immediately","stop marker ends a line at 990 but the ID continues; the next block starts immediately, so the marker looks stray"
"asia/japa020.rwl","3_Col",990,"corrupts data","stop marker mid-series, series continues immediately","stop marker ends a line at 990 but the ID continues; the next block starts immediately, so the marker looks stray"
"asia/japa020.rwl","39_Col",990,"corrupts data","stop marker mid-series, series continues immediately","stop marker ends a line at 990 but the ID continues; the next block starts immediately, so the marker looks stray"
"asia/japa020.rwl","41_Col",990,"corrupts data","stop marker mid-series, series continues immediately","stop marker ends a line at 990 but the ID continues; the next block starts immediately, so the marker looks stray"
"asia/kyrg013.rwl","eng26a",1690,"corrupts data","stop marker mid-series, series continues immediately","stop marker ends a line at 1690 but the ID continues; the next block starts immediately, so the marker looks stray"
"asia/mng044.rwl","KLL3093x",1300,"corrupts data","value shifted out of column","line 3390 field(s) 3 4 = '9  111' '0  774'"
"asia/mong004.rwl","TE04NE",1910,"corrupts data","stop marker mid-series, series continues immediately","stop marker ends a line at 1910 but the ID continues; the next block starts immediately, so the marker looks stray"
"asia/mong030.rwl","SPR2W",1437,"corrupts data","one ID starts a second block","blocks begin at 1437 and 1562; two series share this ID"
"asia/nepa045.rwl","PCSM029A",1779,"corrupts data","one ID starts a second block","blocks begin at 1779 and 1925; two series share this ID"
"asia/nepa045.rwl","PCSM029A",2010,"corrupts data","series ID reused with overlapping years","stop marker ends a line at 2010 but the ID continues; blocks overlap by 234 year(s)"
"asia/nepa045.rwl","PCSM025B",1790,"corrupts data","stop marker mid-series, series continues immediately","stop marker ends a line at 1790 but the ID continues; the next block starts immediately, so the marker looks stray"
"asia/russ209.rwl","bar19w",1808,"corrupts data","one ID starts a second block","blocks begin at 1808 and 1900; two series share this ID"
"asia/russ209.rwl","bar18w",1880,"corrupts data","stop marker mid-series, series continues immediately","stop marker ends a line at 1880 but the ID continues; the next block starts immediately, so the marker looks stray"
"asia/russ218.rwl","RV11S",1596,"corrupts data","one ID starts a second block","blocks begin at 1596 and 1860; two series share this ID"
"asia/russ218.rwl","rv2s",1497,"corrupts data","one ID starts a second block","blocks begin at 1497 and 1900; two series share this ID"
"asia/russ218.rwl","RV11S",1990,"corrupts data","series ID reused with overlapping years","stop marker ends a line at 1990 but the ID continues; blocks overlap by 402 year(s)"
"asia/russ218.rwl","rv2s",1990,"corrupts data","series ID reused with overlapping years","stop marker ends a line at 1990 but the ID continues; blocks overlap by 501 year(s)"
"asia/russ218.rwl","rv2s",1590,"corrupts data","value shifted out of column","line 1112 field(s) 10 = '2  145'"
"asia/russ218.rwl","rv8e",1850,"corrupts data","value shifted out of column","line 47 field(s) 9 = '3  196'"
"asia/russ219.rwl","BRL15N",1700,"corrupts data","one ID starts a second block","blocks begin at 1700 and 1805; two series share this ID"
"asia/russ219.rwl","BRL15N",2000,"corrupts data","series ID reused with overlapping years","stop marker ends a line at 2000 but the ID continues; blocks overlap by 301 year(s)"
"asia/russ222.rwl","PS31_1a",1820,"corrupts data","stop marker mid-series, series continues immediately","stop marker ends a line at 1820 but the ID continues; the next block starts immediately, so the marker looks stray"
"australia/aus127.rwl","SPR01C",1690,"corrupts data","value shifted out of column","line 1247 field(s) 5 6 = '0   52' '0   40'"
"australia/ausl002.rwl","CMT814",1266,"corrupts data","one ID starts a second block","blocks begin at 1266 and 1830; two series share this ID"
"australia/ausl002.rwl","CMT821",1515,"corrupts data","one ID starts a second block","blocks begin at 1515 and 1689; two series share this ID"
"australia/ausl028.rwl","RCS05C",1807,"corrupts data","one ID starts a second block","blocks begin at 1807 and 1892; two series share this ID"
"australia/ausl028.rwl","RCS05C",1890,"corrupts data","stop marker mid-series, series continues immediately","stop marker ends a line at 1890 but the ID continues; the next block starts immediately, so the marker looks stray"
"australia/ausl045.rwl","mrr08nw",1840,"corrupts data","embedded tab","line 1767 has a tab; read.tucson shifts this decade and drops its last value"
"australia/ausl051.rwl","proc53",1860,"corrupts data","lines run together","line 435 is 72 chars and holds non-numeric text in a measurement field"
"australia/ausl053.rwl","JDH14B",1200,"corrupts data","value shifted out of column","line 7266 field(s) 2 = '0    0'"
"australia/ausl053.rwl","LJUP9C",1172,"corrupts data","value shifted out of column","line 2853 field(s) 7 = '4   25'"
"australia/newz005.rwl","AHA102",1455,"corrupts data","one ID starts a second block","blocks begin at 1455 and 1530; two series share this ID"
"australia/newz007.rwl","ARM154",1520,"corrupts data","one ID starts a second block","blocks begin at 1520 and 1680; two series share this ID"
"australia/newz007.rwl","ARM171",1562,"corrupts data","one ID starts a second block","blocks begin at 1562 and 1655; two series share this ID"
"australia/newz007.rwl","ARM172",1589,"corrupts data","one ID starts a second block","blocks begin at 1589 and 1840; two series share this ID"
"australia/newz008.rwl","KON503",1733,"corrupts data","one ID starts a second block","blocks begin at 1733 and 1805; two series share this ID"
"australia/newz011.rwl","MWO162",1493,"corrupts data","one ID starts a second block","blocks begin at 1493 and 1810; two series share this ID"
"australia/newz011.rwl","MWO181",1475,"corrupts data","one ID starts a second block","blocks begin at 1475 and 1880; two series share this ID"
"australia/newz016.rwl","OKA724",1784,"corrupts data","one ID starts a second block","blocks begin at 1784 and 1790; two series share this ID"
"australia/newz018.rwl","TKP634",1459,"corrupts data","one ID starts a second block","blocks begin at 1459 and 1660; two series share this ID"
"australia/newz018.rwl","TKP681",1304,"corrupts data","one ID starts a second block","blocks begin at 1304 and 1668; two series share this ID"
"australia/newz018.rwl","TKP682",1256,"corrupts data","one ID starts a second block","blocks begin at 1256 and 1721; two series share this ID"
"australia/newz018.rwl","TKP683",1267,"corrupts data","one ID starts a second block","blocks begin at 1267 and 1686; two series share this ID"
"australia/newz018.rwl","TKP684",1270,"corrupts data","one ID starts a second block","blocks begin at 1270 and 1668; two series share this ID"
"australia/newz018.rwl","TKP694",1432,"corrupts data","one ID starts a second block","blocks begin at 1432 and 1748; two series share this ID"
"australia/newz018.rwl","TKP681",1970,"corrupts data","series ID reused with overlapping years","stop marker ends a line at 1970 but the ID continues; blocks overlap by 673 year(s)"
"australia/newz018.rwl","TKP684",1910,"corrupts data","series ID reused with overlapping years","stop marker ends a line at 1910 but the ID continues; blocks overlap by 648 year(s)"
"australia/newz019.rwl","UWR152",1483,"corrupts data","one ID starts a second block","blocks begin at 1483 and 1758; two series share this ID"
"australia/newz019.rwl","UWR204",1346,"corrupts data","one ID starts a second block","blocks begin at 1346 and 1440; two series share this ID"
"australia/newz019.rwl","UWR221",1428,"corrupts data","one ID starts a second block","blocks begin at 1428 and 1680; two series share this ID"
"australia/newz019.rwl","UWR224",1433,"corrupts data","one ID starts a second block","blocks begin at 1433 and 1679; two series share this ID"
"australia/newz019.rwl","UWR281",1541,"corrupts data","one ID starts a second block","blocks begin at 1541 and 1746; two series share this ID"
"australia/newz019.rwl","UWR221",1970,"corrupts data","series ID reused with overlapping years","stop marker ends a line at 1970 but the ID continues; blocks overlap by 549 year(s)"
"australia/newz019.rwl","UWR224",1940,"corrupts data","series ID reused with overlapping years","stop marker ends a line at 1940 but the ID continues; blocks overlap by 513 year(s)"
"australia/newz062.rwl","TKP634",1459,"corrupts data","one ID starts a second block","blocks begin at 1459 and 1660; two series share this ID"
"australia/newz062.rwl","TKP681",1304,"corrupts data","one ID starts a second block","blocks begin at 1304 and 1668; two series share this ID"
"australia/newz062.rwl","TKP682",1256,"corrupts data","one ID starts a second block","blocks begin at 1256 and 1721; two series share this ID"
"australia/newz062.rwl","TKP683",1267,"corrupts data","one ID starts a second block","blocks begin at 1267 and 1686; two series share this ID"
"australia/newz062.rwl","TKP684",1270,"corrupts data","one ID starts a second block","blocks begin at 1270 and 1668; two series share this ID"
"australia/newz062.rwl","TKP694",1432,"corrupts data","one ID starts a second block","blocks begin at 1432 and 1748; two series share this ID"
"australia/newz062.rwl","TKP681",1970,"corrupts data","series ID reused with overlapping years","stop marker ends a line at 1970 but the ID continues; blocks overlap by 673 year(s)"
"australia/newz062.rwl","TKP684",1910,"corrupts data","series ID reused with overlapping years","stop marker ends a line at 1910 but the ID continues; blocks overlap by 648 year(s)"
"australia/newz063.rwl","UWR152",1483,"corrupts data","one ID starts a second block","blocks begin at 1483 and 1758; two series share this ID"
"australia/newz063.rwl","UWR204",1346,"corrupts data","one ID starts a second block","blocks begin at 1346 and 1440; two series share this ID"
"australia/newz063.rwl","UWR221",1428,"corrupts data","one ID starts a second block","blocks begin at 1428 and 1680; two series share this ID"
"australia/newz063.rwl","UWR224",1433,"corrupts data","one ID starts a second block","blocks begin at 1433 and 1679; two series share this ID"
"australia/newz063.rwl","UWR281",1541,"corrupts data","one ID starts a second block","blocks begin at 1541 and 1746; two series share this ID"
"australia/newz063.rwl","UWR221",1970,"corrupts data","series ID reused with overlapping years","stop marker ends a line at 1970 but the ID continues; blocks overlap by 549 year(s)"
"australia/newz063.rwl","UWR224",1940,"corrupts data","series ID reused with overlapping years","stop marker ends a line at 1940 but the ID continues; blocks overlap by 513 year(s)"
"europe/bel001.rwl","SD860",1990,"corrupts data","stop marker mid-series, series continues immediately","stop marker ends a line at 1990 but the ID continues; the next block starts immediately, so the marker looks stray"
"europe/deu317.rwl","dmm0606m",1790,"corrupts data","stop marker mid-series, series continues immediately","stop marker ends a line at 1790 but the ID continues; the next block starts immediately, so the marker looks stray"
"europe/deu317.rwl","dmm0625m",1790,"corrupts data","stop marker mid-series, series continues immediately","stop marker ends a line at 1790 but the ID continues; the next block starts immediately, so the marker looks stray"
"europe/fran009.rwl","606286",1553,"corrupts data","one ID starts a second block","blocks begin at 1553 and 1892; two series share this ID"
"europe/fran011.rwl","607 35",1720,"corrupts data","stop marker mid-series, series continues immediately","stop marker ends a line at 1720 but the ID continues; the next block starts immediately, so the marker looks stray"
"europe/germ4.rwl","888091",1758,"corrupts data","one ID starts a second block","blocks begin at 1758 and 1830; two series share this ID"
"europe/grc034.rwl","XEP23b",1840,"corrupts data","embedded tab","line 1349 has a tab; read.tucson shifts this decade and drops its last value"
"europe/grc034.rwl","XEP23b",1890,"corrupts data","embedded tab","line 1354 has a tab; read.tucson shifts this decade and drops its last value"
"europe/grc034.rwl","XEP23b	1",850,"corrupts data","embedded tab","line 1350 has a tab; read.tucson shifts this decade and drops its last value"
"europe/grc034.rwl","XEP23b	1",860,"corrupts data","embedded tab","line 1351 has a tab; read.tucson shifts this decade and drops its last value"
"europe/grc034.rwl","XEP23b	1",870,"corrupts data","embedded tab","line 1352 has a tab; read.tucson shifts this decade and drops its last value"
"europe/grc034.rwl","XEP23b	1",880,"corrupts data","embedded tab","line 1353 has a tab; read.tucson shifts this decade and drops its last value"
"europe/grc034.rwl","XEP23b",1792,"corrupts data","one ID starts a second block","blocks begin at 1792 and 1890; two series share this ID"
"europe/prt004.rwl","WO04S2",2010,"corrupts data","embedded tab","line 66 has a tab; read.tucson shifts this decade and drops its last value"
"europe/roma009.rwl","f1-03",1847,"corrupts data","one ID starts a second block","blocks begin at 1847 and 1923; two series share this ID"
"europe/roma009.rwl","f1-03",2000,"corrupts data","series ID reused with overlapping years","stop marker ends a line at 2000 but the ID continues; blocks overlap by 158 year(s)"
"europe/turk011.rwl","548131",1840,"corrupts data","stop marker mid-series, series continues immediately","stop marker ends a line at 1840 but the ID continues; the next block starts immediately, so the marker looks stray"
"northamerica/canada/can697.rwl","B22B1",199,"corrupts data","lines run together","line 867 is 37 chars and holds non-numeric text in a measurement field"
"northamerica/canada/can697.rwl","B22B1b",199,"corrupts data","lines run together","line 880 is 37 chars and holds non-numeric text in a measurement field"
"northamerica/canada/can697.rwl","B22B1",187,"corrupts data","value shifted out of column","line 855 field(s) 1 2 3 4 5 6 = '4   25' '0   23' '0   32' '0   35' '0   55' '0   20'"
"northamerica/canada/can697.rwl","B22B1",188,"corrupts data","value shifted out of column","line 856 field(s) 1 2 3 4 5 6 7 8 9 10 = '0   55' '0   46' '0   50' '0   36' '0   20' '0   28' '0   21' '0   11' '0   16' '0   14'"
"northamerica/canada/can697.rwl","B22B1",189,"corrupts data","value shifted out of column","line 857 field(s) 1 2 3 4 5 6 7 8 9 10 = '0   33' '0   28' '0   24' '0   32' '0   27' '0   30' '0   20' '0   33' '0   29' '0   32'"
"northamerica/canada/can697.rwl","B22B1",190,"corrupts data","value shifted out of column","line 858 field(s) 1 2 3 4 5 6 7 8 9 10 = '0   47' '0   52' '0   57' '0   86' '0   46' '0   40' '0   44' '0   62' '0   45' '0   77'"
"northamerica/canada/can697.rwl","B22B1",191,"corrupts data","value shifted out of column","line 859 field(s) 1 2 3 4 5 6 7 8 9 10 = '0   86' '0   86' '0   77' '0   68' '0   60' '0   69' '0   91' '0  118' '0   52' '0   59'"
"northamerica/canada/can697.rwl","B22B1",192,"corrupts data","value shifted out of column","line 860 field(s) 1 2 3 4 5 6 7 8 9 10 = '0   52' '0   67' '0   53' '0   62' '0   81' '0   79' '0   42' '0   54' '0   77' '0   39'"
"northamerica/canada/can697.rwl","B22B1",193,"corrupts data","value shifted out of column","line 861 field(s) 1 2 3 4 5 6 7 8 9 10 = '0   89' '0   93' '0  102' '0  108' '0  144' '0  132' '0  100' '0   96' '0  127' '0   87'"
"northamerica/canada/can697.rwl","B22B1",194,"corrupts data","value shifted out of column","line 862 field(s) 1 2 3 4 5 6 7 8 9 10 = '0   83' '0   77' '0   87' '0   84' '0   67' '0   72' '0   57' '0   90' '0  127' '0   55'"
"northamerica/canada/can697.rwl","B22B1",195,"corrupts data","value shifted out of column","line 863 field(s) 1 2 3 4 5 6 7 8 9 10 = '0   65' '0   66' '0   66' '0   58' '0   62' '0   50' '0   72' '0   66' '0   56' '0   54'"
"northamerica/canada/can697.rwl","B22B1",196,"corrupts data","value shifted out of column","line 864 field(s) 1 2 3 4 5 6 7 8 9 10 = '0   72' '0   66' '0   39' '0   63' '0   69' '0   38' '0   53' '0   51' '0   46' '0   41'"
"northamerica/canada/can697.rwl","B22B1",197,"corrupts data","value shifted out of column","line 865 field(s) 1 2 3 4 5 6 7 8 9 10 = '0   10' '0   21' '0   26' '0   26' '0   32' '0   26' '0   31' '0   19' '0   30' '0   29'"
"northamerica/canada/can697.rwl","B22B1",198,"corrupts data","value shifted out of column","line 866 field(s) 1 2 3 4 5 6 7 8 9 10 = '0   38' '0   14' '0   37' '0   33' '0   43' '0   51' '0   38' '0   28' '0   31' '0   35'"
"northamerica/canada/can697.rwl","B22B1",199,"corrupts data","value shifted out of column","line 867 field(s) 1 2 3 = '0   36' '0   28' '0   15'"
"northamerica/canada/can697.rwl","B22B1b",187,"corrupts data","value shifted out of column","line 868 field(s) 1 2 3 4 5 6 = '4   18' '0   22' '0   24' '0   42' '0   68' '0   22'"
"northamerica/canada/can697.rwl","B22B1b",188,"corrupts data","value shifted out of column","line 869 field(s) 1 2 3 4 5 6 7 8 9 10 = '0   61' '0   58' '0   57' '0   35' '0   32' '0   34' '0   25' '0   12' '0   14' '0   20'"
"northamerica/canada/can697.rwl","B22B1b",189,"corrupts data","value shifted out of column","line 870 field(s) 1 2 3 4 5 6 7 8 9 10 = '0   44' '0   38' '0   25' '0   32' '0   42' '0   48' '0   28' '0   37' '0   38' '0   25'"
"northamerica/canada/can697.rwl","B22B1b",190,"corrupts data","value shifted out of column","line 871 field(s) 1 2 3 4 5 6 7 8 9 10 = '0   63' '0   68' '0   64' '0  107' '0   74' '0   65' '0   60' '0   74' '0   66' '0  124'"
"northamerica/canada/can697.rwl","B22B1b",191,"corrupts data","value shifted out of column","line 872 field(s) 1 2 3 4 5 6 7 8 9 10 = '0  137' '0  126' '0  117' '0   91' '0   83' '0   90' '0  125' '0  136' '0   64' '0   69'"
"northamerica/canada/can697.rwl","B22B1b",192,"corrupts data","value shifted out of column","line 873 field(s) 1 2 3 4 5 6 7 8 9 10 = '0   88' '0   97' '0   72' '0   83' '0  101' '0   76' '0   39' '0   43' '0   56' '0   32'"
"northamerica/canada/can697.rwl","B22B1b",193,"corrupts data","value shifted out of column","line 874 field(s) 1 2 3 4 5 6 7 8 9 10 = '0   60' '0   87' '0   99' '0   94' '0  137' '0  111' '0   81' '0   66' '0   97' '0   78'"
"northamerica/canada/can697.rwl","B22B1b",194,"corrupts data","value shifted out of column","line 875 field(s) 1 2 3 4 5 6 7 8 9 10 = '0   66' '0   53' '0   69' '0   66' '0   85' '0   87' '0   58' '0   69' '0  103' '0   69'"
"northamerica/canada/can697.rwl","B22B1b",195,"corrupts data","value shifted out of column","line 876 field(s) 1 2 3 4 5 6 7 8 9 10 = '0   78' '0   60' '0   84' '0   71' '0   73' '0   66' '0   67' '0   59' '0   69' '0   75'"
"northamerica/canada/can697.rwl","B22B1b",196,"corrupts data","value shifted out of column","line 877 field(s) 1 2 3 4 5 6 7 8 9 10 = '0   58' '0   68' '0   41' '0   61' '0   43' '0   31' '0   31' '0   52' '0   47' '0   72'"
"northamerica/canada/can697.rwl","B22B1b",197,"corrupts data","value shifted out of column","line 878 field(s) 1 2 3 4 5 6 7 8 9 10 = '0   48' '0   41' '0   43' '0   48' '0   47' '0   30' '0   46' '0   22' '0   35' '0   38'"
"northamerica/canada/can697.rwl","B22B1b",198,"corrupts data","value shifted out of column","line 879 field(s) 1 2 3 4 5 6 7 8 9 10 = '0   33' '0   21' '0   38' '0   28' '0   32' '0   52' '0   48' '0   43' '0   37' '0   34'"
"northamerica/canada/can697.rwl","B22B1b",199,"corrupts data","value shifted out of column","line 880 field(s) 1 2 3 = '0   36' '0   25' '0   14'"
"northamerica/canada/can712.rwl","RA13",199,"corrupts data","lines run together","line 130 is 25 chars and holds non-numeric text in a measurement field"
"northamerica/canada/can712.rwl","RA32",196,"corrupts data","lines run together","line 852 is 25 chars and holds non-numeric text in a measurement field"
"northamerica/canada/can712.rwl","RA7",186,"corrupts data","lines run together","line 1211 is 19 chars and holds non-numeric text in a measurement field"
"northamerica/canada/can712.rwl","RA7b",199,"corrupts data","lines run together","line 1225 is 25 chars and holds non-numeric text in a measurement field"
"northamerica/canada/can712.rwl","RA13",180,"corrupts data","value shifted out of column","line 111 field(s) 1 2 = '8    8' '0    6'"
"northamerica/canada/can712.rwl","RA13",181,"corrupts data","value shifted out of column","line 112 field(s) 1 2 3 4 5 6 7 8 9 10 = '0   10' '0   26' '0   30' '0   79' '0   47' '0   28' '0   16' '0   17' '0  106' '0   87'"
"northamerica/canada/can712.rwl","RA13",182,"corrupts data","value shifted out of column","line 113 field(s) 1 2 3 4 5 6 7 8 9 10 = '0   58' '0   60' '0   73' '0   47' '0   42' '0   53' '0   94' '0   92' '0  103' '0  114'"
"northamerica/canada/can712.rwl","RA13",183,"corrupts data","value shifted out of column","line 114 field(s) 1 2 3 4 5 6 7 8 9 10 = '0  129' '0  134' '0   88' '0   95' '0  110' '0   71' '0   72' '0   39' '0   72' '0   61'"
"northamerica/canada/can712.rwl","RA13",184,"corrupts data","value shifted out of column","line 115 field(s) 1 2 3 4 5 6 7 8 9 10 = '0   55' '0   82' '0   90' '0   42' '0   85' '0   18' '0   54' '0   73' '0   11' '0    6'"
"northamerica/canada/can712.rwl","RA13",185,"corrupts data","value shifted out of column","line 116 field(s) 1 2 3 4 5 6 7 8 9 10 = '0    4' '0   70' '0   30' '0   14' '0   14' '0    5' '0   22' '0   11' '0    8' '0   12'"
"northamerica/canada/can712.rwl","RA13",186,"corrupts data","value shifted out of column","line 117 field(s) 1 2 3 4 5 6 7 8 9 10 = '0   19' '0   30' '0   40' '0   39' '0   24' '0   26' '0   34' '0   28' '0   56' '0   66'"
"northamerica/canada/can712.rwl","RA13",187,"corrupts data","value shifted out of column","line 118 field(s) 1 2 3 4 5 6 7 8 9 10 = '0   82' '0   43' '0   75' '0   65' '0  101' '0  155' '0  140' '0  135' '0  142' '0   54'"
"northamerica/canada/can712.rwl","RA13",188,"corrupts data","value shifted out of column","line 119 field(s) 1 2 3 4 5 6 7 8 9 10 = '0  144' '0  118' '0  237' '0  172' '0  115' '0  134' '0  138' '0  101' '0  209' '0  106'"
"northamerica/canada/can712.rwl","RA13",189,"corrupts data","value shifted out of column","line 120 field(s) 1 2 3 4 5 6 7 8 9 10 = '0  161' '0  194' '0  176' '0  191' '0  147' '0  194' '0  153' '0  214' '0  109' '0  138'"
"northamerica/canada/can712.rwl","RA13",190,"corrupts data","value shifted out of column","line 121 field(s) 1 2 3 4 5 6 7 8 9 10 = '0  163' '0  101' '0  161' '0  259' '0  108' '0    9' '0   15' '0   27' '0   24' '0   65'"
"northamerica/canada/can712.rwl","RA13",191,"corrupts data","value shifted out of column","line 122 field(s) 1 2 3 4 5 6 7 8 9 10 = '0  111' '0  186' '0  125' '0   94' '0   79' '0  120' '0   95' '0  153' '0  123' '0  122'"
"northamerica/canada/can712.rwl","RA13",192,"corrupts data","value shifted out of column","line 123 field(s) 1 2 3 4 5 6 7 8 9 10 = '0   98' '0   53' '0   70' '0   73' '0   98' '0  162' '0  132' '0  115' '0  151' '0   80'"
"northamerica/canada/can712.rwl","RA13",193,"corrupts data","value shifted out of column","line 124 field(s) 1 2 3 4 5 6 7 8 9 10 = '0   57' '0   68' '0   96' '0  116' '0  114' '0   99' '0   91' '0  150' '0  146' '0  118'"
"northamerica/canada/can712.rwl","RA13",194,"corrupts data","value shifted out of column","line 125 field(s) 1 2 3 4 5 6 7 8 9 10 = '0  117' '0  120' '0  113' '0  167' '0  222' '0  188' '0  134' '0  200' '0  150' '0  135'"
"northamerica/canada/can712.rwl","RA13",195,"corrupts data","value shifted out of column","line 126 field(s) 1 2 3 4 5 6 7 8 9 10 = '0  148' '0  128' '0  140' '0  131' '0  110' '0  118' '0  163' '0  181' '0  261' '0  298'"
"northamerica/canada/can712.rwl","RA13",196,"corrupts data","value shifted out of column","line 127 field(s) 1 2 3 4 5 6 7 8 9 10 = '0  238' '0  201' '0  211' '0  136' '0  107' '0  110' '0  138' '0  102' '0   75' '0  110'"
"northamerica/canada/can712.rwl","RA13",197,"corrupts data","value shifted out of column","line 128 field(s) 1 2 3 4 5 6 7 8 9 10 = '0   98' '0   78' '0   93' '0  130' '0   74' '0  153' '0  156' '0   90' '0   32' '0   41'"
"northamerica/canada/can712.rwl","RA13",198,"corrupts data","value shifted out of column","line 129 field(s) 1 2 3 4 5 6 7 8 9 10 = '0   23' '0   43' '0  120' '0  145' '0  150' '0  145' '0  131' '0  152' '0  126' '0  108'"
"northamerica/canada/can712.rwl","RA13",199,"corrupts data","value shifted out of column","line 130 field(s) 1 = '0  122'"
"northamerica/canada/can712.rwl","RA32",179,"corrupts data","value shifted out of column","line 835 field(s) 1 = '9   48'"
"northamerica/canada/can712.rwl","RA32",180,"corrupts data","value shifted out of column","line 836 field(s) 1 2 3 4 5 6 7 8 9 10 = '0   61' '0   51' '0  134' '0  152' '0  158' '0  102' '0   91' '0  108' '0  131' '0   79'"
"northamerica/canada/can712.rwl","RA32",181,"corrupts data","value shifted out of column","line 837 field(s) 1 2 3 4 5 6 7 8 9 10 = '0  129' '0  157' '0  169' '0  164' '0  149' '0  139' '0   72' '0   72' '0   96' '0  133'"
"northamerica/canada/can712.rwl","RA32",182,"corrupts data","value shifted out of column","line 838 field(s) 1 2 3 4 5 6 7 8 9 10 = '0  145' '0   98' '0  111' '0   88' '0   84' '0   91' '0  144' '0  105' '0  150' '0  118'"
"northamerica/canada/can712.rwl","RA32",183,"corrupts data","value shifted out of column","line 839 field(s) 1 2 3 4 5 6 7 8 9 10 = '0  125' '0   95' '0   90' '0  106' '0  110' '0   65' '0   62' '0   48' '0   81' '0  137'"
"northamerica/canada/can712.rwl","RA32",184,"corrupts data","value shifted out of column","line 840 field(s) 1 2 3 4 5 6 7 8 9 10 = '0   91' '0  134' '0  122' '0   53' '0   68' '0   20' '0   55' '0   85' '0   69' '0   68'"
"northamerica/canada/can712.rwl","RA32",185,"corrupts data","value shifted out of column","line 841 field(s) 1 2 3 4 5 6 7 8 9 10 = '0   68' '0  115' '0  114' '0  114' '0   85' '0   37' '0   93' '0   81' '0   26' '0   35'"
"northamerica/canada/can712.rwl","RA32",186,"corrupts data","value shifted out of column","line 842 field(s) 1 2 3 4 5 6 7 8 9 10 = '0   51' '0   63' '0   44' '0   83' '0   58' '0   39' '0   55' '0   68' '0   75' '0   49'"
"northamerica/canada/can712.rwl","RA32",187,"corrupts data","value shifted out of column","line 843 field(s) 1 2 3 4 5 6 7 8 9 10 = '0   94' '0   62' '0   87' '0   77' '0   84' '0   63' '0   48' '0   86' '0   84' '0   51'"
"northamerica/canada/can712.rwl","RA32",188,"corrupts data","value shifted out of column","line 844 field(s) 1 2 3 4 5 6 7 8 9 10 = '0  108' '0   80' '0   55' '0   62' '0   70' '0   72' '0   64' '0   60' '0   92' '0   43'"
"northamerica/canada/can712.rwl","RA32",189,"corrupts data","value shifted out of column","line 845 field(s) 1 2 3 4 5 6 7 8 9 10 = '0   79' '0   71' '0   47' '0   72' '0   67' '0   68' '0   72' '0   58' '0   17' '0   39'"
"northamerica/canada/can712.rwl","RA32",190,"corrupts data","value shifted out of column","line 846 field(s) 1 2 3 4 5 6 7 8 9 10 = '0   51' '0   41' '0   42' '0   67' '0   16' '0    9' '0   13' '0   35' '0   33' '0   49'"
"northamerica/canada/can712.rwl","RA32",191,"corrupts data","value shifted out of column","line 847 field(s) 1 2 3 4 5 6 7 8 9 10 = '0   48' '0   31' '0   39' '0   24' '0   35' '0   54' '0   63' '0   63' '0   58' '0   37'"
"northamerica/canada/can712.rwl","RA32",192,"corrupts data","value shifted out of column","line 848 field(s) 1 2 3 4 5 6 7 8 9 10 = '0   41' '0   62' '0   42' '0   52' '0   61' '0   86' '0   40' '0   51' '0   86' '0   16'"
"northamerica/canada/can712.rwl","RA32",193,"corrupts data","value shifted out of column","line 849 field(s) 1 2 3 4 5 6 7 8 9 10 = '0   35' '0   15' '0   26' '0   42' '0   66' '0   48' '0   44' '0   46' '0   68' '0   84'"
"northamerica/canada/can712.rwl","RA32",194,"corrupts data","value shifted out of column","line 850 field(s) 1 2 3 4 5 6 7 8 9 10 = '0   40' '0   34' '0   58' '0   63' '0   56' '0   65' '0   33' '0   36' '0   65' '0   48'"
"northamerica/canada/can712.rwl","RA32",195,"corrupts data","value shifted out of column","line 851 field(s) 1 2 3 4 5 6 7 8 9 10 = '0   32' '0   23' '0   16' '0   13' '0   20' '0   15' '0   12' '0   13' '0   15' '0   17'"
"northamerica/canada/can712.rwl","RA32",196,"corrupts data","value shifted out of column","line 852 field(s) 1 = '0    8'"
"northamerica/canada/can712.rwl","RA7",179,"corrupts data","value shifted out of column","line 1204 field(s) 1 2 3 = '7   44' '0   32' '0   35'"
"northamerica/canada/can712.rwl","RA7",180,"corrupts data","value shifted out of column","line 1205 field(s) 1 2 3 4 5 6 7 8 9 10 = '0   22' '0   40' '0   20' '0   24' '0   20' '0   33' '0   12' '0   24' '0   18' '0   57'"
"northamerica/canada/can712.rwl","RA7",181,"corrupts data","value shifted out of column","line 1206 field(s) 1 2 3 4 5 6 7 8 9 10 = '0   68' '0   91' '0   53' '0   37' '0   35' '0   26' '0    8' '0   12' '0   34' '0   38'"
"northamerica/canada/can712.rwl","RA7",182,"corrupts data","value shifted out of column","line 1207 field(s) 1 2 3 4 5 6 7 8 9 10 = '0   35' '0   45' '0   47' '0   64' '0   73' '0   54' '0  148' '0  106' '0  263' '0  175'"
"northamerica/canada/can712.rwl","RA7",183,"corrupts data","value shifted out of column","line 1208 field(s) 1 2 3 4 5 6 7 8 9 10 = '0  215' '0   94' '0  134' '0  147' '0  164' '0  111' '0  105' '0   43' '0   68' '0   95'"
"northamerica/canada/can712.rwl","RA7",184,"corrupts data","value shifted out of column","line 1209 field(s) 1 2 3 4 5 6 7 8 9 10 = '0   41' '0   94' '0  103' '0   64' '0   72' '0   19' '0   66' '0   76' '0   63' '0   35'"
"northamerica/canada/can712.rwl","RA7",185,"corrupts data","value shifted out of column","line 1210 field(s) 1 2 3 4 5 6 7 8 = '0   54' '0   32' '0   42' '0   56' '0   49' '0    9' '0   30' '0   14'"
"northamerica/canada/can712.rwl","RA7b",186,"corrupts data","value shifted out of column","line 1212 field(s) 1 2 4 5 6 7 8 9 10 = '0    6' '0    7' '0    5' '0    3' '0    8' '0    6' '0    9' '0   26' '0   16'"
"northamerica/canada/can712.rwl","RA7b",187,"corrupts data","value shifted out of column","line 1213 field(s) 1 2 3 4 5 6 7 8 9 10 = '0   31' '0   39' '0   60' '0   62' '0   84' '0   73' '0   61' '0   77' '0  125' '0   28'"
"northamerica/canada/can712.rwl","RA7b",188,"corrupts data","value shifted out of column","line 1214 field(s) 1 2 3 4 5 6 7 8 9 10 = '0   71' '0   41' '0   69' '0   63' '0   56' '0   96' '0   92' '0   89' '0  137' '0   80'"
"northamerica/canada/can712.rwl","RA7b",189,"corrupts data","value shifted out of column","line 1215 field(s) 1 2 3 4 5 6 7 8 9 10 = '0  121' '0  126' '0  112' '0  159' '0  161' '0  170' '0  123' '0  184' '0   73' '0  103'"
"northamerica/canada/can712.rwl","RA7b",190,"corrupts data","value shifted out of column","line 1216 field(s) 1 2 3 4 5 6 7 8 9 10 = '0  157' '0  158' '0  154' '0  261' '0  130' '0   36' '0   23' '0   55' '0   67' '0   92'"
"northamerica/canada/can712.rwl","RA7b",191,"corrupts data","value shifted out of column","line 1217 field(s) 1 2 3 4 5 6 7 8 9 10 = '0  118' '0  117' '0  116' '0   98' '0   94' '0  137' '0  145' '0  159' '0  141' '0  170'"
"northamerica/canada/can712.rwl","RA7b",192,"corrupts data","value shifted out of column","line 1218 field(s) 1 2 3 4 5 6 7 8 9 10 = '0  158' '0  129' '0   81' '0  130' '0  192' '0  199' '0  134' '0  152' '0  246' '0   61'"
"northamerica/canada/can712.rwl","RA7b",193,"corrupts data","value shifted out of column","line 1219 field(s) 1 2 3 4 5 6 7 8 9 10 = '0   71' '0  111' '0  108' '0  142' '0  232' '0  238' '0  186' '0  161' '0  178' '0  162'"
"northamerica/canada/can712.rwl","RA7b",194,"corrupts data","value shifted out of column","line 1220 field(s) 1 2 3 4 5 6 7 8 9 10 = '0  121' '0  122' '0  155' '0  142' '0  120' '0  120' '0  121' '0  133' '0  173' '0  157'"
"northamerica/canada/can712.rwl","RA7b",195,"corrupts data","value shifted out of column","line 1221 field(s) 1 2 3 4 5 6 7 8 9 10 = '0  161' '0  132' '0  193' '0  190' '0  236' '0  263' '0  262' '0  295' '0  341' '0  368'"
"northamerica/canada/can712.rwl","RA7b",196,"corrupts data","value shifted out of column","line 1222 field(s) 1 2 3 4 5 6 7 8 9 10 = '0  286' '0  243' '0  146' '0  115' '0  102' '0   83' '0   98' '0  108' '0  116' '0  173'"
"northamerica/canada/can712.rwl","RA7b",197,"corrupts data","value shifted out of column","line 1223 field(s) 1 2 3 4 5 6 7 8 9 10 = '0  125' '0  112' '0  155' '0  143' '0  154' '0  186' '0  228' '0   95' '0   58' '0   29'"
"northamerica/canada/can712.rwl","RA7b",198,"corrupts data","value shifted out of column","line 1224 field(s) 1 2 3 4 5 6 7 8 9 10 = '0   37' '0   60' '0  141' '0  155' '0  188' '0  212' '0  189' '0  163' '0  118' '0  129'"
"northamerica/canada/can712.rwl","RA7b",199,"corrupts data","value shifted out of column","line 1225 field(s) 1 = '0  154'"
"northamerica/canada/cana175.rwl","4c675a",1650,"corrupts data","stop marker mid-series, series continues immediately","stop marker ends a line at 1650 but the ID continues; the next block starts immediately, so the marker looks stray"
"northamerica/canada/cana320.rwl","64N",1810,"corrupts data","stop marker mid-series, series continues immediately","stop marker ends a line at 1810 but the ID continues; the next block starts immediately, so the marker looks stray"
"northamerica/canada/cana320.rwl","PT3N",1830,"corrupts data","stop marker mid-series, series continues immediately","stop marker ends a line at 1830 but the ID continues; the next block starts immediately, so the marker looks stray"
"northamerica/canada/cana320.rwl","PT12N1A",1810,"corrupts data","value shifted out of column","line 815 field(s) 10 = '0   27'"
"northamerica/canada/cana326.rwl","NRX14A",1251,"corrupts data","one ID starts a second block","blocks begin at 1251 and 1300; two series share this ID"
"northamerica/canada/cana326.rwl","NRX14B",1252,"corrupts data","one ID starts a second block","blocks begin at 1252 and 1350; two series share this ID"
"northamerica/canada/cana326.rwl","NRX14A",1490,"corrupts data","series ID reused with overlapping years","stop marker ends a line at 1490 but the ID continues; blocks overlap by 195 year(s)"
"northamerica/canada/cana335.rwl","EL05A",1528,"corrupts data","one ID starts a second block","blocks begin at 1528 and 1746; two series share this ID"
"northamerica/canada/cana335.rwl","EL05C",1616,"corrupts data","one ID starts a second block","blocks begin at 1616 and 1747; two series share this ID"
"northamerica/canada/cana335.rwl","EL05A",2000,"corrupts data","series ID reused with overlapping years","stop marker ends a line at 2000 but the ID continues; blocks overlap by 477 year(s)"
"northamerica/canada/cana335.rwl","EL05C",2000,"corrupts data","series ID reused with overlapping years","stop marker ends a line at 2000 but the ID continues; blocks overlap by 389 year(s)"
"northamerica/canada/cana336.rwl","OLM04A",1364,"corrupts data","one ID starts a second block","blocks begin at 1364 and 1596; two series share this ID"
"northamerica/canada/cana336.rwl","OLM11A",1384,"corrupts data","one ID starts a second block","blocks begin at 1384 and 1571; two series share this ID"
"northamerica/canada/cana336.rwl","OLM12A",1733,"corrupts data","one ID starts a second block","blocks begin at 1733 and 1946; two series share this ID"
"northamerica/canada/cana336.rwl","OLM14B",1406,"corrupts data","one ID starts a second block","blocks begin at 1406 and 1990; two series share this ID"
"northamerica/canada/cana336.rwl","OMR03B",1767,"corrupts data","one ID starts a second block","blocks begin at 1767 and 1925; two series share this ID"
"northamerica/canada/cana336.rwl","OMR05A",1548,"corrupts data","one ID starts a second block","blocks begin at 1548 and 1950; two series share this ID"
"northamerica/canada/cana336.rwl","OLM04A",2000,"corrupts data","series ID reused with overlapping years","stop marker ends a line at 2000 but the ID continues; blocks overlap by 641 year(s)"
"northamerica/canada/cana336.rwl","OLM11A",2000,"corrupts data","series ID reused with overlapping years","stop marker ends a line at 2000 but the ID continues; blocks overlap by 621 year(s)"
"northamerica/canada/cana336.rwl","OLM12A",2000,"corrupts data","series ID reused with overlapping years","stop marker ends a line at 2000 but the ID continues; blocks overlap by 270 year(s)"
"northamerica/canada/cana336.rwl","OLM14B",2000,"corrupts data","series ID reused with overlapping years","stop marker ends a line at 2000 but the ID continues; blocks overlap by 599 year(s)"
"northamerica/canada/cana336.rwl","OMR05A",2000,"corrupts data","series ID reused with overlapping years","stop marker ends a line at 2000 but the ID continues; blocks overlap by 454 year(s)"
"northamerica/canada/cana348.rwl","sr02b",1766,"corrupts data","one ID starts a second block","blocks begin at 1766 and 1825; two series share this ID"
"northamerica/canada/cana348.rwl","sr02b",2000,"corrupts data","series ID reused with overlapping years","stop marker ends a line at 2000 but the ID continues; blocks overlap by 239 year(s)"
"northamerica/canada/cana349.rwl","sh18a",1738,"corrupts data","one ID starts a second block","blocks begin at 1738 and 1824; two series share this ID"
"northamerica/canada/cana349.rwl","sh18a",2000,"corrupts data","series ID reused with overlapping years","stop marker ends a line at 2000 but the ID continues; blocks overlap by 267 year(s)"
"northamerica/canada/cana352.rwl","F9110A",1480,"corrupts data","stop marker mid-series, series continues immediately","stop marker ends a line at 1480 but the ID continues; the next block starts immediately, so the marker looks stray"
"northamerica/canada/cana352.rwl","FR918D",1280,"corrupts data","stop marker mid-series, series continues immediately","stop marker ends a line at 1280 but the ID continues; the next block starts immediately, so the marker looks stray"
"northamerica/canada/cana416.rwl","RP425E",1750,"corrupts data","stop marker mid-series, series continues immediately","stop marker ends a line at 1750 but the ID continues; the next block starts immediately, so the marker looks stray"
"northamerica/canada/cana416.rwl","RP425W",1750,"corrupts data","stop marker mid-series, series continues immediately","stop marker ends a line at 1750 but the ID continues; the next block starts immediately, so the marker looks stray"
"northamerica/canada/cana419.rwl","U9115S",1568,"corrupts data","one ID starts a second block","blocks begin at 1568 and 1771; two series share this ID"
"northamerica/canada/cana419.rwl","U9122E",1572,"corrupts data","one ID starts a second block","blocks begin at 1572 and 1825; two series share this ID"
"northamerica/canada/cana419.rwl","U9115S",1990,"corrupts data","series ID reused with overlapping years","stop marker ends a line at 1990 but the ID continues; blocks overlap by 423 year(s)"
"northamerica/canada/cana419.rwl","U9122E",1990,"corrupts data","series ID reused with overlapping years","stop marker ends a line at 1990 but the ID continues; blocks overlap by 419 year(s)"
"northamerica/canada/cana540.rwl","OC9-11a",1625,"corrupts data","one ID starts a second block","blocks begin at 1625 and 1897; two series share this ID"
"northamerica/canada/cana540.rwl","OC9-11b",1625,"corrupts data","one ID starts a second block","blocks begin at 1625 and 1897; two series share this ID"
"northamerica/canada/cana540.rwl","OC9-12a",1622,"corrupts data","one ID starts a second block","blocks begin at 1622 and 1896; two series share this ID"
"northamerica/canada/cana540.rwl","OC9-12b",1622,"corrupts data","one ID starts a second block","blocks begin at 1622 and 1896; two series share this ID"
"northamerica/canada/cana540.rwl","OC9-13a",1623,"corrupts data","one ID starts a second block","blocks begin at 1623 and 1887; two series share this ID"
"northamerica/canada/cana540.rwl","OC9-13b",1623,"corrupts data","one ID starts a second block","blocks begin at 1623 and 1887; two series share this ID"
"northamerica/canada/cana540.rwl","OC9-14a",1633,"corrupts data","one ID starts a second block","blocks begin at 1633 and 1885; two series share this ID"
"northamerica/canada/cana540.rwl","OC9-14b",1633,"corrupts data","one ID starts a second block","blocks begin at 1633 and 1885; two series share this ID"
"northamerica/canada/cana540.rwl","OC9-15a",1620,"corrupts data","one ID starts a second block","blocks begin at 1620 and 1885; two series share this ID"
"northamerica/canada/cana540.rwl","OC9-15b",1620,"corrupts data","one ID starts a second block","blocks begin at 1620 and 1885; two series share this ID"
"northamerica/canada/cana540.rwl","OC9-16a",1655,"corrupts data","one ID starts a second block","blocks begin at 1655 and 1886; two series share this ID"
"northamerica/canada/cana540.rwl","OC9-16b",1655,"corrupts data","one ID starts a second block","blocks begin at 1655 and 1886; two series share this ID"
"northamerica/canada/cana540.rwl","OC9-11a",2000,"corrupts data","series ID reused with overlapping years","stop marker ends a line at 2000 but the ID continues; blocks overlap by 383 year(s)"
"northamerica/canada/cana540.rwl","OC9-11b",2000,"corrupts data","series ID reused with overlapping years","stop marker ends a line at 2000 but the ID continues; blocks overlap by 383 year(s)"
"northamerica/canada/cana540.rwl","OC9-12a",2000,"corrupts data","series ID reused with overlapping years","stop marker ends a line at 2000 but the ID continues; blocks overlap by 386 year(s)"
"northamerica/canada/cana540.rwl","OC9-12b",2000,"corrupts data","series ID reused with overlapping years","stop marker ends a line at 2000 but the ID continues; blocks overlap by 386 year(s)"
"northamerica/canada/cana540.rwl","OC9-13a",2000,"corrupts data","series ID reused with overlapping years","stop marker ends a line at 2000 but the ID continues; blocks overlap by 385 year(s)"
"northamerica/canada/cana540.rwl","OC9-13b",2000,"corrupts data","series ID reused with overlapping years","stop marker ends a line at 2000 but the ID continues; blocks overlap by 385 year(s)"
"northamerica/canada/cana540.rwl","OC9-14a",2000,"corrupts data","series ID reused with overlapping years","stop marker ends a line at 2000 but the ID continues; blocks overlap by 375 year(s)"
"northamerica/canada/cana540.rwl","OC9-14b",2000,"corrupts data","series ID reused with overlapping years","stop marker ends a line at 2000 but the ID continues; blocks overlap by 375 year(s)"
"northamerica/canada/cana540.rwl","OC9-15a",2000,"corrupts data","series ID reused with overlapping years","stop marker ends a line at 2000 but the ID continues; blocks overlap by 388 year(s)"
"northamerica/canada/cana540.rwl","OC9-15b",2000,"corrupts data","series ID reused with overlapping years","stop marker ends a line at 2000 but the ID continues; blocks overlap by 388 year(s)"
"northamerica/canada/cana540.rwl","OC9-16a",2000,"corrupts data","series ID reused with overlapping years","stop marker ends a line at 2000 but the ID continues; blocks overlap by 353 year(s)"
"northamerica/canada/cana540.rwl","OC9-16b",2000,"corrupts data","series ID reused with overlapping years","stop marker ends a line at 2000 but the ID continues; blocks overlap by 353 year(s)"
"northamerica/canada/cana566.rwl","BCW002D",1751,"corrupts data","one ID starts a second block","blocks begin at 1751 and 1866; two series share this ID"
"northamerica/canada/cana566.rwl","BCW002D",1910,"corrupts data","series ID reused with overlapping years","stop marker ends a line at 1910 but the ID continues; blocks overlap by 166 year(s)"
"northamerica/canada/cana588.rwl","moo07b	1",800,"corrupts data","embedded tab","line 24 has a tab; read.tucson shifts this decade and drops its last value"
"northamerica/canada/cana588.rwl","moo07b	1",810,"corrupts data","embedded tab","line 25 has a tab; read.tucson shifts this decade and drops its last value"
"northamerica/canada/cana588.rwl","moo07b	1",820,"corrupts data","embedded tab","line 26 has a tab; read.tucson shifts this decade and drops its last value"
"northamerica/canada/cana588.rwl","moo07b	1",830,"corrupts data","embedded tab","line 27 has a tab; read.tucson shifts this decade and drops its last value"
"northamerica/canada/cana588.rwl","moo07b	1",840,"corrupts data","embedded tab","line 28 has a tab; read.tucson shifts this decade and drops its last value"
"northamerica/canada/cana588.rwl","moo07b	1",850,"corrupts data","embedded tab","line 29 has a tab; read.tucson shifts this decade and drops its last value"
"northamerica/canada/cana588.rwl","moo07b	1",860,"corrupts data","embedded tab","line 30 has a tab; read.tucson shifts this decade and drops its last value"
"northamerica/canada/cana588.rwl","moo07b	1",870,"corrupts data","embedded tab","line 31 has a tab; read.tucson shifts this decade and drops its last value"
"northamerica/canada/cana588.rwl","moo07b	1",880,"corrupts data","embedded tab","line 32 has a tab; read.tucson shifts this decade and drops its last value"
"northamerica/canada/cana588.rwl","moo07b	1",890,"corrupts data","embedded tab","line 33 has a tab; read.tucson shifts this decade and drops its last value"
"northamerica/canada/cana588.rwl","moo07b	1",900,"corrupts data","embedded tab","line 34 has a tab; read.tucson shifts this decade and drops its last value"
"northamerica/canada/cana588.rwl","moo07b	1",910,"corrupts data","embedded tab","line 35 has a tab; read.tucson shifts this decade and drops its last value"
"northamerica/canada/cana588.rwl","moo07b	1",920,"corrupts data","embedded tab","line 36 has a tab; read.tucson shifts this decade and drops its last value"
"northamerica/canada/cana588.rwl","moo07b	1",930,"corrupts data","embedded tab","line 37 has a tab; read.tucson shifts this decade and drops its last value"
"northamerica/canada/cana588.rwl","moo07b	1",940,"corrupts data","embedded tab","line 38 has a tab; read.tucson shifts this decade and drops its last value"
"northamerica/canada/cana588.rwl","moo07b	1",950,"corrupts data","embedded tab","line 39 has a tab; read.tucson shifts this decade and drops its last value"
"northamerica/canada/cana588.rwl","moo07b	1",960,"corrupts data","embedded tab","line 40 has a tab; read.tucson shifts this decade and drops its last value"
"northamerica/canada/cana588.rwl","moo07b	1",970,"corrupts data","embedded tab","line 41 has a tab; read.tucson shifts this decade and drops its last value"
"northamerica/canada/cana588.rwl","moo07b	1",980,"corrupts data","embedded tab","line 42 has a tab; read.tucson shifts this decade and drops its last value"
"northamerica/canada/cana588.rwl","moo07b	1",990,"corrupts data","embedded tab","line 43 has a tab; read.tucson shifts this decade and drops its last value"
"northamerica/canada/cana588.rwl","moo07b	2",0,"corrupts data","embedded tab","line 44 has a tab; read.tucson shifts this decade and drops its last value"
"northamerica/canada/cana611.rwl","295A",1862,"corrupts data","one ID starts a second block","blocks begin at 1862 and 1949; two series share this ID"
"northamerica/canada/cana611.rwl","295A",2010,"corrupts data","series ID reused with overlapping years","stop marker ends a line at 2010 but the ID continues; blocks overlap by 155 year(s)"
"northamerica/mexico/mex125.rwl","NIH14B",1990,"corrupts data","value shifted out of column","line 133 field(s) 7 8 9 10 = '0  245' '0  291' '0  384' '0  338'"
"northamerica/mexico/mex125.rwl","NIH14B",2000,"corrupts data","value shifted out of column","line 134 field(s) 7 8 9 10 = '0  384' '0  228' '0  334' '0  265'"
"northamerica/mexico/mexi014.rwl","271042",1870,"corrupts data","stop marker mid-series, series continues immediately","stop marker ends a line at 1870 but the ID continues; the next block starts immediately, so the marker looks stray"
"northamerica/mexico/mexi028l.rwl","TAB15BLW",1930,"corrupts data","embedded tab","line 237 has a tab; read.tucson shifts this decade and drops its last value"
"northamerica/usa/ak020.rwl","CV07NW",1720,"corrupts data","stop marker mid-series, series continues immediately","stop marker ends a line at 1720 but the ID continues; the next block starts immediately, so the marker looks stray"
"northamerica/usa/ak027.rwl","TP2E",1870,"corrupts data","stop marker mid-series, series continues immediately","stop marker ends a line at 1870 but the ID continues; the next block starts immediately, so the marker looks stray"
"northamerica/usa/ak027.rwl","TP36SW",1880,"corrupts data","stop marker mid-series, series continues immediately","stop marker ends a line at 1880 but the ID continues; the next block starts immediately, so the marker looks stray"
"northamerica/usa/ak027.rwl","TP4N",1880,"corrupts data","stop marker mid-series, series continues immediately","stop marker ends a line at 1880 but the ID continues; the next block starts immediately, so the marker looks stray"
"northamerica/usa/ak027.rwl","TP62E",1940,"corrupts data","stop marker mid-series, series continues immediately","stop marker ends a line at 1940 but the ID continues; the next block starts immediately, so the marker looks stray"
"northamerica/usa/ak027.rwl","TP65E",1750,"corrupts data","stop marker mid-series, series continues immediately","stop marker ends a line at 1750 but the ID continues; the next block starts immediately, so the marker looks stray"
"northamerica/usa/ak028.rwl","WC27SE",1700,"corrupts data","stop marker mid-series, series continues immediately","stop marker ends a line at 1700 but the ID continues; the next block starts immediately, so the marker looks stray"
"northamerica/usa/ak028.rwl","WC44SW",1790,"corrupts data","stop marker mid-series, series continues immediately","stop marker ends a line at 1790 but the ID continues; the next block starts immediately, so the marker looks stray"
"northamerica/usa/ak029.rwl","WS15NW",1890,"corrupts data","stop marker mid-series, series continues immediately","stop marker ends a line at 1890 but the ID continues; the next block starts immediately, so the marker looks stray"
"northamerica/usa/ak029.rwl","WS21SW",1890,"corrupts data","stop marker mid-series, series continues immediately","stop marker ends a line at 1890 but the ID continues; the next block starts immediately, so the marker looks stray"
"northamerica/usa/ak029.rwl","WS5S",1860,"corrupts data","stop marker mid-series, series continues immediately","stop marker ends a line at 1860 but the ID continues; the next block starts immediately, so the marker looks stray"
"northamerica/usa/ak092.rwl","BC13NW",1890,"corrupts data","stop marker mid-series, series continues immediately","stop marker ends a line at 1890 but the ID continues; the next block starts immediately, so the marker looks stray"
"northamerica/usa/ak096.rwl","CV07NW",1720,"corrupts data","stop marker mid-series, series continues immediately","stop marker ends a line at 1720 but the ID continues; the next block starts immediately, so the marker looks stray"
"northamerica/usa/ak096.rwl","EL44SW",1620,"corrupts data","stop marker mid-series, series continues immediately","stop marker ends a line at 1620 but the ID continues; the next block starts immediately, so the marker looks stray"
"northamerica/usa/ak096.rwl","WS15NW",1890,"corrupts data","stop marker mid-series, series continues immediately","stop marker ends a line at 1890 but the ID continues; the next block starts immediately, so the marker looks stray"
"northamerica/usa/ak096.rwl","WS21SW",1890,"corrupts data","stop marker mid-series, series continues immediately","stop marker ends a line at 1890 but the ID continues; the next block starts immediately, so the marker looks stray"
"northamerica/usa/ak096.rwl","WS5S",1860,"corrupts data","stop marker mid-series, series continues immediately","stop marker ends a line at 1860 but the ID continues; the next block starts immediately, so the marker looks stray"
"northamerica/usa/ak112.rwl","CV07NW",1720,"corrupts data","stop marker mid-series, series continues immediately","stop marker ends a line at 1720 but the ID continues; the next block starts immediately, so the marker looks stray"
"northamerica/usa/ak159.rwl","F028Bn04",1970,"corrupts data","value shifted out of column","line 147 field(s) 6 = '4   90'"
"northamerica/usa/ak160.rwl","BCEFPt09",1830,"corrupts data","value shifted out of column","line 78 field(s) 9 10 = '2  149' '1 1418'"
"northamerica/usa/ak160.rwl","BCEFPt14",1960,"corrupts data","value shifted out of column","line 166 field(s) 10 = '5  151'"
"northamerica/usa/ak160.rwl","BCEFPt14",1980,"corrupts data","value shifted out of column","line 168 field(s) 10 = '2  439'"
"northamerica/usa/ak160.rwl","BCEFPt14",1990,"corrupts data","value shifted out of column","line 169 field(s) 10 = '0  568'"
"northamerica/usa/ak196.rwl","EX44NW",1810,"corrupts data","stop marker mid-series, series continues immediately","stop marker ends a line at 1810 but the ID continues; the next block starts immediately, so the marker looks stray"
"northamerica/usa/az606.rwl","RMU01B",1800,"corrupts data","stop marker mid-series, series continues immediately","stop marker ends a line at 1800 but the ID continues; the next block starts immediately, so the marker looks stray"
"northamerica/usa/az606.rwl","RMP012",1910,"corrupts data","value shifted out of column","line 450 field(s) 5 = '6  142'"
"northamerica/usa/az606.rwl","RMP151",1720,"corrupts data","value shifted out of column","line 1143 field(s) 8 = '7  196'"
"northamerica/usa/az606.rwl","RMP151",1730,"corrupts data","value shifted out of column","line 1144 field(s) 8 = '5  101'"
"northamerica/usa/az606.rwl","RMP151",1740,"corrupts data","value shifted out of column","line 1145 field(s) 8 = '9  183'"
"northamerica/usa/az606.rwl","RMP151",1750,"corrupts data","value shifted out of column","line 1146 field(s) 8 = '4  123'"
"northamerica/usa/az606.rwl","RMP151",1760,"corrupts data","value shifted out of column","line 1147 field(s) 8 = '5  108'"
"northamerica/usa/az606.rwl","RMP151",1770,"corrupts data","value shifted out of column","line 1148 field(s) 8 = '3  123'"
"northamerica/usa/az606.rwl","RMP151",1790,"corrupts data","value shifted out of column","line 1150 field(s) 8 = '0  162'"
"northamerica/usa/az606.rwl","RMP151",1820,"corrupts data","value shifted out of column","line 1153 field(s) 8 = '0  106'"
"northamerica/usa/az606.rwl","RMP151",1910,"corrupts data","value shifted out of column","line 1162 field(s) 8 = '3  145'"
"northamerica/usa/az606.rwl","RMP151",1940,"corrupts data","value shifted out of column","line 1165 field(s) 8 = '1   62'"
"northamerica/usa/az606.rwl","RMP151",1970,"corrupts data","value shifted out of column","line 1168 field(s) 8 = '9  109'"
"northamerica/usa/az606.rwl","RMP151",1980,"corrupts data","value shifted out of column","line 1169 field(s) 8 = '5  999'"
"northamerica/usa/az606.rwl","RMP152",1730,"corrupts data","value shifted out of column","line 1171 field(s) 8 = '9   98'"
"northamerica/usa/az606.rwl","RMP152",1740,"corrupts data","value shifted out of column","line 1172 field(s) 8 = '8  218'"
"northamerica/usa/az606.rwl","RMP152",1750,"corrupts data","value shifted out of column","line 1173 field(s) 8 = '5  197'"
"northamerica/usa/az606.rwl","RMP152",1760,"corrupts data","value shifted out of column","line 1174 field(s) 8 = '0   95'"
"northamerica/usa/az606.rwl","RMP152",1770,"corrupts data","value shifted out of column","line 1175 field(s) 8 = '3   82'"
"northamerica/usa/az606.rwl","RMP152",1790,"corrupts data","value shifted out of column","line 1177 field(s) 8 = '8  127'"
"northamerica/usa/az606.rwl","RMP152",1810,"corrupts data","value shifted out of column","line 1179 field(s) 8 = '5  129'"
"northamerica/usa/az606.rwl","RMP152",1820,"corrupts data","value shifted out of column","line 1180 field(s) 8 = '3  105'"
"northamerica/usa/az606.rwl","RMP152",1910,"corrupts data","value shifted out of column","line 1189 field(s) 8 = '5   98'"
"northamerica/usa/az606.rwl","RMP152",1960,"corrupts data","value shifted out of column","line 1194 field(s) 8 9 = '2   13' '5  130'"
"northamerica/usa/az606.rwl","RMP152",1970,"corrupts data","value shifted out of column","line 1195 field(s) 8 9 = '5   15' '6  137'"
"northamerica/usa/az606.rwl","RMP152",1980,"corrupts data","value shifted out of column","line 1196 field(s) 8 = '0   99'"
"northamerica/usa/az615.rwl","AZP0310A",1990,"corrupts data","lines run together","line 124 is 72 chars and holds non-numeric text in a measurement field"
"northamerica/usa/az615.rwl","AZP0310B",1950,"corrupts data","lines run together","line 129 is 72 chars and holds non-numeric text in a measurement field"
"northamerica/usa/ca667.rwl","ST850A",-662,"corrupts data","one ID starts a second block","blocks begin at -662 and -137; two series share this ID"
"northamerica/usa/ca717.rwl","DSQ411",-225,"corrupts data","one ID starts a second block","blocks begin at -225 and 1300; two series share this ID"
"northamerica/usa/ca717.rwl","DSQ411",1880,"corrupts data","series ID reused with overlapping years","stop marker ends a line at 1880 but the ID continues; blocks overlap by 2105 year(s)"
"northamerica/usa/co622.rwl","rus101",1551,"corrupts data","one ID starts a second block","blocks begin at 1551 and 1720; two series share this ID"
"northamerica/usa/co622.rwl","rus103",1563,"corrupts data","one ID starts a second block","blocks begin at 1563 and 1720; two series share this ID"
"northamerica/usa/co622.rwl","rus101",2000,"corrupts data","series ID reused with overlapping years","stop marker ends a line at 2000 but the ID continues; blocks overlap by 452 year(s)"
"northamerica/usa/co622.rwl","rus103",2000,"corrupts data","series ID reused with overlapping years","stop marker ends a line at 2000 but the ID continues; blocks overlap by 440 year(s)"
"northamerica/usa/co637.rwl","ccc063",1493,"corrupts data","one ID starts a second block","blocks begin at 1493 and 1810; two series share this ID"
"northamerica/usa/co637.rwl","ccc072",1477,"corrupts data","one ID starts a second block","blocks begin at 1477 and 1800; two series share this ID"
"northamerica/usa/co637.rwl","ccc063",2000,"corrupts data","series ID reused with overlapping years","stop marker ends a line at 2000 but the ID continues; blocks overlap by 510 year(s)"
"northamerica/usa/co637.rwl","ccc072",2000,"corrupts data","series ID reused with overlapping years","stop marker ends a line at 2000 but the ID continues; blocks overlap by 527 year(s)"
"northamerica/usa/co660.rwl","ccc063",1493,"corrupts data","one ID starts a second block","blocks begin at 1493 and 1810; two series share this ID"
"northamerica/usa/co660.rwl","ccc072",1477,"corrupts data","one ID starts a second block","blocks begin at 1477 and 1800; two series share this ID"
"northamerica/usa/co660.rwl","ccc063",2000,"corrupts data","series ID reused with overlapping years","stop marker ends a line at 2000 but the ID continues; blocks overlap by 510 year(s)"
"northamerica/usa/co660.rwl","ccc072",2000,"corrupts data","series ID reused with overlapping years","stop marker ends a line at 2000 but the ID continues; blocks overlap by 527 year(s)"
"northamerica/usa/co691.rwl","wpx151",-198,"corrupts data","embedded tab","line 654 has a tab; read.tucson shifts this decade and drops its last value"
"northamerica/usa/fl022e.rwl","GSMYS2b",1640,"corrupts data","stop marker mid-series, series continues immediately","stop marker ends a line at 1640 but the ID continues; the next block starts immediately, so the marker looks stray"
"northamerica/usa/mi036.rwl","HMCYB20B",2000,"corrupts data","value shifted out of column","line 501 field(s) 8 = '0   28'"
"northamerica/usa/mn028.rwl","P-SEV05",1920,"corrupts data","stop marker mid-series, series continues immediately","stop marker ends a line at 1920 but the ID continues; the next block starts immediately, so the marker looks stray"
"northamerica/usa/mo045.rwl","019",1753,"corrupts data","one ID starts a second block","blocks begin at 1753 and 1884; two series share this ID"
"northamerica/usa/mo045.rwl","019",2000,"corrupts data","series ID reused with overlapping years","stop marker ends a line at 2000 but the ID continues; blocks overlap by 249 year(s)"
"northamerica/usa/mo047.rwl","LM007a",1505,"corrupts data","one ID starts a second block","blocks begin at 1505 and 1853; two series share this ID"
"northamerica/usa/mo047.rwl","LM009a",1487,"corrupts data","one ID starts a second block","blocks begin at 1487 and 1860; two series share this ID"
"northamerica/usa/mo047.rwl","LM007a",2000,"corrupts data","series ID reused with overlapping years","stop marker ends a line at 2000 but the ID continues; blocks overlap by 500 year(s)"
"northamerica/usa/mo047.rwl","LM009a",2000,"corrupts data","series ID reused with overlapping years","stop marker ends a line at 2000 but the ID continues; blocks overlap by 518 year(s)"
"northamerica/usa/nm582.rwl","trp252",1900,"corrupts data","stop marker mid-series, series continues immediately","stop marker ends a line at 1900 but the ID continues; the next block starts immediately, so the marker looks stray"
"northamerica/usa/nm603.rwl","905203",696,"corrupts data","one ID starts a second block","blocks begin at 696 and 1120; two series share this ID"
"northamerica/usa/nm603.rwl","905203",1190,"corrupts data","series ID reused with overlapping years","stop marker ends a line at 1190 but the ID continues; blocks overlap by 501 year(s)"
"northamerica/usa/nm604.rwl","101401",1104,"corrupts data","one ID starts a second block","blocks begin at 1104 and 1140; two series share this ID"
"northamerica/usa/nv520.rwl","MW036a",1126,"corrupts data","one ID starts a second block","blocks begin at 1126 and 1640; two series share this ID"
"northamerica/usa/nv520.rwl","MW036b",1135,"corrupts data","one ID starts a second block","blocks begin at 1135 and 1626; two series share this ID"
"northamerica/usa/nv520.rwl","MW037b",859,"corrupts data","one ID starts a second block","blocks begin at 859 and 1242; two series share this ID"
"northamerica/usa/nv520.rwl","MW069x",289,"corrupts data","one ID starts a second block","blocks begin at 289 and 695; two series share this ID"
"northamerica/usa/nv520.rwl","MW286a",865,"corrupts data","one ID starts a second block","blocks begin at 865 and 1104; two series share this ID"
"northamerica/usa/nv520.rwl","MW306a",1137,"corrupts data","one ID starts a second block","blocks begin at 1137 and 1272; two series share this ID"
"northamerica/usa/nv521.rwl","PP101A",451,"corrupts data","one ID starts a second block","blocks begin at 451 and 631; two series share this ID"
"northamerica/usa/nv521.rwl","PP102A",-442,"corrupts data","one ID starts a second block","blocks begin at -442 and -39; two series share this ID"
"northamerica/usa/nv521.rwl","PP105B",835,"corrupts data","one ID starts a second block","blocks begin at 835 and 1204; two series share this ID"
"northamerica/usa/nv521.rwl","PP365b",-343,"corrupts data","one ID starts a second block","blocks begin at -343 and 205; two series share this ID"
"northamerica/usa/ny003.rwl","367101",1690,"corrupts data","one ID starts a second block","blocks begin at 1690 and 1760; two series share this ID"
"northamerica/usa/ny003.rwl","367101",1970,"corrupts data","series ID reused with overlapping years","stop marker ends a line at 1970 but the ID continues; blocks overlap by 284 year(s)"
"northamerica/usa/ok022e.rwl","LAO42AEW",1810,"corrupts data","value shifted out of column","line 750 field(s) 8 = '0  555'"
"northamerica/usa/ok040.rwl","LDF1004A",1880,"corrupts data","one ID starts a second block","blocks begin at 1880 and 1948; two series share this ID"
"northamerica/usa/ok043.rwl","blp01C",1870,"corrupts data","stop marker mid-series, series continues immediately","stop marker ends a line at 1870 but the ID continues; the next block starts immediately, so the marker looks stray"
"northamerica/usa/ok043.rwl","blp01H2",1880,"corrupts data","stop marker mid-series, series continues immediately","stop marker ends a line at 1880 but the ID continues; the next block starts immediately, so the marker looks stray"
"northamerica/usa/ok043.rwl","blp02B",1840,"corrupts data","stop marker mid-series, series continues immediately","stop marker ends a line at 1840 but the ID continues; the next block starts immediately, so the marker looks stray"
"northamerica/usa/ok043.rwl","blp02C",1810,"corrupts data","stop marker mid-series, series continues immediately","stop marker ends a line at 1810 but the ID continues; the next block starts immediately, so the marker looks stray"
"northamerica/usa/ok043.rwl","blp05F",1820,"corrupts data","stop marker mid-series, series continues immediately","stop marker ends a line at 1820 but the ID continues; the next block starts immediately, so the marker looks stray"
"northamerica/usa/ok043.rwl","blp06A",1830,"corrupts data","stop marker mid-series, series continues immediately","stop marker ends a line at 1830 but the ID continues; the next block starts immediately, so the marker looks stray"
"northamerica/usa/ok043.rwl","blp06B",1860,"corrupts data","stop marker mid-series, series continues immediately","stop marker ends a line at 1860 but the ID continues; the next block starts immediately, so the marker looks stray"
"northamerica/usa/ok043.rwl","blp08G",1870,"corrupts data","stop marker mid-series, series continues immediately","stop marker ends a line at 1870 but the ID continues; the next block starts immediately, so the marker looks stray"
"northamerica/usa/ok043.rwl","blp09B",1860,"corrupts data","stop marker mid-series, series continues immediately","stop marker ends a line at 1860 but the ID continues; the next block starts immediately, so the marker looks stray"
"northamerica/usa/ok043.rwl","blp11B",1870,"corrupts data","stop marker mid-series, series continues immediately","stop marker ends a line at 1870 but the ID continues; the next block starts immediately, so the marker looks stray"
"northamerica/usa/ok043.rwl","blp11G",1870,"corrupts data","stop marker mid-series, series continues immediately","stop marker ends a line at 1870 but the ID continues; the next block starts immediately, so the marker looks stray"
"northamerica/usa/ok043.rwl","blp14C",1830,"corrupts data","stop marker mid-series, series continues immediately","stop marker ends a line at 1830 but the ID continues; the next block starts immediately, so the marker looks stray"
"northamerica/usa/ok043.rwl","blp15D",1840,"corrupts data","stop marker mid-series, series continues immediately","stop marker ends a line at 1840 but the ID continues; the next block starts immediately, so the marker looks stray"
"northamerica/usa/ok043.rwl","blp15E",1850,"corrupts data","stop marker mid-series, series continues immediately","stop marker ends a line at 1850 but the ID continues; the next block starts immediately, so the marker looks stray"
"northamerica/usa/ok043.rwl","blp18A",1850,"corrupts data","stop marker mid-series, series continues immediately","stop marker ends a line at 1850 but the ID continues; the next block starts immediately, so the marker looks stray"
"northamerica/usa/ok043.rwl","blp18D",1860,"corrupts data","stop marker mid-series, series continues immediately","stop marker ends a line at 1860 but the ID continues; the next block starts immediately, so the marker looks stray"
"northamerica/usa/ok043.rwl","blp19B",1850,"corrupts data","stop marker mid-series, series continues immediately","stop marker ends a line at 1850 but the ID continues; the next block starts immediately, so the marker looks stray"
"northamerica/usa/ok043.rwl","blp21A",1850,"corrupts data","stop marker mid-series, series continues immediately","stop marker ends a line at 1850 but the ID continues; the next block starts immediately, so the marker looks stray"
"northamerica/usa/ok043.rwl","blp24E",1850,"corrupts data","stop marker mid-series, series continues immediately","stop marker ends a line at 1850 but the ID continues; the next block starts immediately, so the marker looks stray"
"northamerica/usa/ok043.rwl","blp27G",1810,"corrupts data","stop marker mid-series, series continues immediately","stop marker ends a line at 1810 but the ID continues; the next block starts immediately, so the marker looks stray"
"northamerica/usa/ok043.rwl","blp29A1",1850,"corrupts data","stop marker mid-series, series continues immediately","stop marker ends a line at 1850 but the ID continues; the next block starts immediately, so the marker looks stray"
"northamerica/usa/ok043.rwl","blp29D",1820,"corrupts data","stop marker mid-series, series continues immediately","stop marker ends a line at 1820 but the ID continues; the next block starts immediately, so the marker looks stray"
"northamerica/usa/ok043.rwl","blp29E",1860,"corrupts data","stop marker mid-series, series continues immediately","stop marker ends a line at 1860 but the ID continues; the next block starts immediately, so the marker looks stray"
"northamerica/usa/ok049e.rwl","LIN416A",1970,"corrupts data","value shifted out of column","line 3898 field(s) 4 = '0  894'"
"northamerica/usa/sc008l.rwl","LOL20B",1980,"corrupts data","value shifted out of column","line 173 field(s) 4 = '1    0'"
"northamerica/usa/tn008.rwl","NOR202",1760,"corrupts data","stop marker mid-series, series continues immediately","stop marker ends a line at 1760 but the ID continues; the next block starts immediately, so the marker looks stray"
"northamerica/usa/ut542.rwl","CC1-2",1353,"corrupts data","one ID starts a second block","blocks begin at 1353 and 1608; two series share this ID"
"northamerica/usa/ut542.rwl","CC1-3",1362,"corrupts data","one ID starts a second block","blocks begin at 1362 and 1636; two series share this ID"
"northamerica/usa/ut542.rwl","CC1-4",1338,"corrupts data","one ID starts a second block","blocks begin at 1338 and 1425; two series share this ID"
"northamerica/usa/ut542.rwl","CC11-3",1645,"corrupts data","one ID starts a second block","blocks begin at 1645 and 1742; two series share this ID"
"northamerica/usa/ut542.rwl","CC4-3",1487,"corrupts data","one ID starts a second block","blocks begin at 1487 and 1633; two series share this ID"
"northamerica/usa/ut542.rwl","CC5-2",1482,"corrupts data","one ID starts a second block","blocks begin at 1482 and 1594 and 1879; two series share this ID"
"northamerica/usa/ut542.rwl","CC1-2",1840,"corrupts data","series ID reused with overlapping years","stop marker ends a line at 1840 but the ID continues; blocks overlap by 489 year(s)"
"northamerica/usa/ut542.rwl","CC1-3",1850,"corrupts data","series ID reused with overlapping years","stop marker ends a line at 1850 but the ID continues; blocks overlap by 495 year(s)"
"northamerica/usa/ut542.rwl","CC1-4",1580,"corrupts data","series ID reused with overlapping years","stop marker ends a line at 1580 but the ID continues; blocks overlap by 246 year(s)"
"northamerica/usa/ut542.rwl","CC11-3",2010,"corrupts data","series ID reused with overlapping years","stop marker ends a line at 2010 but the ID continues; blocks overlap by 368 year(s)"
"northamerica/usa/ut542.rwl","CC4-3",2010,"corrupts data","series ID reused with overlapping years","stop marker ends a line at 2010 but the ID continues; blocks overlap by 526 year(s)"
"northamerica/usa/ut542.rwl","CC5-2",2010,"corrupts data","series ID reused with overlapping years","stop marker ends a line at 2010 but the ID continues; blocks overlap by 419 year(s)"
"northamerica/usa/ut550.rwl","RCB108A",1117,"corrupts data","one ID starts a second block","blocks begin at 1117 and 1680; two series share this ID"
"northamerica/usa/ut550.rwl","RCB183A",784,"corrupts data","one ID starts a second block","blocks begin at 784 and 1557; two series share this ID"
"northamerica/usa/ut550.rwl","RCB108A",2010,"corrupts data","series ID reused with overlapping years","stop marker ends a line at 2010 but the ID continues; blocks overlap by 898 year(s)"
"northamerica/usa/ut550.rwl","RCB183A",2010,"corrupts data","series ID reused with overlapping years","stop marker ends a line at 2010 but the ID continues; blocks overlap by 1231 year(s)"
"northamerica/usa/ut562.rwl","UTP1112B",2010,"corrupts data","embedded tab","line 249 has a tab; read.tucson shifts this decade and drops its last value"
"northamerica/usa/ut563.rwl","BCE-01B",1893,"corrupts data","embedded tab","line 15 has a tab; read.tucson shifts this decade and drops its last value"
"northamerica/usa/ut563.rwl","BCE-01B",2000,"corrupts data","embedded tab","line 26 has a tab; read.tucson shifts this decade and drops its last value"
"northamerica/usa/ut566.rwl","DAY-07W",1928,"corrupts data","embedded tab","line 79 has a tab; read.tucson shifts this decade and drops its last value"
"northamerica/usa/ut566.rwl","DAY-07W",1990,"corrupts data","embedded tab","line 86 has a tab; read.tucson shifts this decade and drops its last value"
"northamerica/usa/ut567.rwl","FGC07W",1898,"corrupts data","embedded tab","line 121 has a tab; read.tucson shifts this decade and drops its last value"
"northamerica/usa/ut567.rwl","FGC08W",1899,"corrupts data","embedded tab","line 142 has a tab; read.tucson shifts this decade and drops its last value"
"northamerica/usa/ut567.rwl","FGC08W",1940,"corrupts data","embedded tab","line 147 has a tab; read.tucson shifts this decade and drops its last value"
"northamerica/usa/ut568.rwl","GCN-02E",1867,"corrupts data","embedded tab","line 30 has a tab; read.tucson shifts this decade and drops its last value"
"northamerica/usa/ut568.rwl","GCN-02E",1980,"corrupts data","embedded tab","line 42 has a tab; read.tucson shifts this decade and drops its last value"
"northamerica/usa/ut569.rwl","GCS-07W",1829,"corrupts data","embedded tab","line 177 has a tab; read.tucson shifts this decade and drops its last value"
"northamerica/usa/ut569.rwl","GCS-16E",1909,"corrupts data","embedded tab","line 457 has a tab; read.tucson shifts this decade and drops its last value"
"northamerica/usa/ut569.rwl","GCS-16E",1910,"corrupts data","embedded tab","line 458 has a tab; read.tucson shifts this decade and drops its last value"
"northamerica/usa/ut569.rwl","GCS-16E",1920,"corrupts data","embedded tab","line 459 has a tab; read.tucson shifts this decade and drops its last value"
"northamerica/usa/ut569.rwl","GCS-16E",1930,"corrupts data","embedded tab","line 460 has a tab; read.tucson shifts this decade and drops its last value"
"northamerica/usa/ut569.rwl","GCS-16E",1940,"corrupts data","embedded tab","line 461 has a tab; read.tucson shifts this decade and drops its last value"
"northamerica/usa/ut569.rwl","GCS-16E",1950,"corrupts data","embedded tab","line 462 has a tab; read.tucson shifts this decade and drops its last value"
"northamerica/usa/ut569.rwl","GCS-16E",1960,"corrupts data","embedded tab","line 463 has a tab; read.tucson shifts this decade and drops its last value"
"northamerica/usa/ut569.rwl","GCS-16E",1970,"corrupts data","embedded tab","line 464 has a tab; read.tucson shifts this decade and drops its last value"
"northamerica/usa/ut569.rwl","GCS-16E",1980,"corrupts data","embedded tab","line 465 has a tab; read.tucson shifts this decade and drops its last value"
"northamerica/usa/ut569.rwl","GCS-16E",1990,"corrupts data","embedded tab","line 466 has a tab; read.tucson shifts this decade and drops its last value"
"northamerica/usa/va024.rwl","12A",1940,"corrupts data","embedded tab","line 215 has a tab; read.tucson shifts this decade and drops its last value"
"northamerica/usa/va024.rwl","25B",1930,"corrupts data","embedded tab","line 193 has a tab; read.tucson shifts this decade and drops its last value"
"northamerica/usa/wa135.rwl","103B",1440,"corrupts data","one ID starts a second block","blocks begin at 1440 and 1750; two series share this ID"
"northamerica/usa/wa135.rwl","103B",2000,"corrupts data","series ID reused with overlapping years","stop marker ends a line at 2000 but the ID continues; blocks overlap by 566 year(s)"
"northamerica/usa/wy002.rwl","283012",1800,"corrupts data","one ID starts a second block","blocks begin at 1800 and 1820; two series share this ID"
"southamerica/arg155.rwl","RH23A*",1868,"corrupts data","one ID starts a second block","blocks begin at 1868 and 1932; two series share this ID"
"southamerica/arge016.rwl","TR2804",1774,"corrupts data","one ID starts a second block","blocks begin at 1774 and 1843; two series share this ID"
"southamerica/arge021.rwl","HNG221",1564,"corrupts data","one ID starts a second block","blocks begin at 1564 and 1770; two series share this ID"
"southamerica/arge021.rwl","HNG253",1610,"corrupts data","one ID starts a second block","blocks begin at 1610 and 1790; two series share this ID"
"southamerica/arge021.rwl","HNG264",1676,"corrupts data","one ID starts a second block","blocks begin at 1676 and 1860; two series share this ID"
"southamerica/arge021.rwl","HNG273",1501,"corrupts data","one ID starts a second block","blocks begin at 1501 and 1654; two series share this ID"
"southamerica/arge021.rwl","HNG292",1418,"corrupts data","one ID starts a second block","blocks begin at 1418 and 1754; two series share this ID"
"southamerica/arge041.rwl","RH23A*",1868,"corrupts data","one ID starts a second block","blocks begin at 1868 and 1932; two series share this ID"
"southamerica/arge041.rwl","RH17A",1942,"corrupts data","value shifted out of column","line 256 field(s) 1 = '1  351'"
"southamerica/arge041.rwl","RH17B",1933,"corrupts data","value shifted out of column","line 261 field(s) 1 3 5 6 = '1  185' '1  299' '1  092' '1  005'"
"southamerica/arge041.rwl","RH17B",1940,"corrupts data","value shifted out of column","line 262 field(s) 2 = '1  328'"
"southamerica/arge041.rwl","RH18A",1936,"corrupts data","value shifted out of column","line 267 field(s) 1 2 3 = '1  329' '1  285' '1  153'"
"southamerica/arge041.rwl","RH18B*",1940,"corrupts data","value shifted out of column","line 273 field(s) 3 = '1  019'"
"southamerica/arge041.rwl","RH22B",1924,"corrupts data","value shifted out of column","line 328 field(s) 3 = '1  149'"
"southamerica/arge041.rwl","RH7A",1910,"corrupts data","value shifted out of column","line 125 field(s) 2 = '1  065'"
"southamerica/arge085.rwl","TR2804",1774,"corrupts data","one ID starts a second block","blocks begin at 1774 and 1843; two series share this ID"
"southamerica/arge091.rwl","mot18a",780,"corrupts data","one ID starts a second block","blocks begin at 780 and 1809; two series share this ID"
"southamerica/arge091.rwl","mot18e",819,"corrupts data","one ID starts a second block","blocks begin at 819 and 1182 and 1503; two series share this ID"
"southamerica/arge091.rwl","mot27a",746,"corrupts data","one ID starts a second block","blocks begin at 746 and 1177; two series share this ID"
"southamerica/arge091.rwl","mot18a",1990,"corrupts data","series ID reused with overlapping years","stop marker ends a line at 1990 but the ID continues; blocks overlap by 1214 year(s)"
"southamerica/arge091.rwl","mot18e",1990,"corrupts data","series ID reused with overlapping years","stop marker ends a line at 1990 but the ID continues; blocks overlap by 812 year(s)"
"southamerica/arge091.rwl","mot27a",1990,"corrupts data","series ID reused with overlapping years","stop marker ends a line at 1990 but the ID continues; blocks overlap by 1248 year(s)"
"southamerica/arge140.rwl","chal16a",1930,"corrupts data","stop marker mid-series, series continues immediately","stop marker ends a line at 1930 but the ID continues; the next block starts immediately, so the marker looks stray"
"southamerica/arge141.rwl","dl30b",1728,"corrupts data","one ID starts a second block","blocks begin at 1728 and 1988; two series share this ID"
"southamerica/arge141.rwl","dl30b",2010,"corrupts data","series ID reused with overlapping years","stop marker ends a line at 2010 but the ID continues; blocks overlap by 284 year(s)"
"southamerica/arge141.rwl","dl28b",1840,"corrupts data","stop marker mid-series, series continues immediately","stop marker ends a line at 1840 but the ID continues; the next block starts immediately, so the marker looks stray"
"southamerica/arge144.rwl","ALER20b",1530,"corrupts data","stop marker mid-series, series continues immediately","stop marker ends a line at 1530 but the ID continues; the next block starts immediately, so the marker looks stray"
"southamerica/arge144.rwl","ALER24a",1570,"corrupts data","stop marker mid-series, series continues immediately","stop marker ends a line at 1570 but the ID continues; the next block starts immediately, so the marker looks stray"
"southamerica/arge144.rwl","ALER5c",1740,"corrupts data","stop marker mid-series, series continues immediately","stop marker ends a line at 1740 but the ID continues; the next block starts immediately, so the marker looks stray"
"southamerica/arge144.rwl","ral13a",1470,"corrupts data","stop marker mid-series, series continues immediately","stop marker ends a line at 1470 but the ID continues; the next block starts immediately, so the marker looks stray"
"southamerica/chil012.rwl","AGU261",1735,"corrupts data","one ID starts a second block","blocks begin at 1735 and 1940; two series share this ID"
"southamerica/chil012.rwl","AGU291",1940,"corrupts data","stop marker mid-series, series continues immediately","stop marker ends a line at 1940 but the ID continues; the next block starts immediately, so the marker looks stray"
"southamerica/chil013.rwl","ISA361",1754,"corrupts data","one ID starts a second block","blocks begin at 1754 and 1885; two series share this ID"
"southamerica/chil013.rwl","ISA464",1737,"corrupts data","one ID starts a second block","blocks begin at 1737 and 1842; two series share this ID"
"southamerica/chil013.rwl","ISA474",1652,"corrupts data","one ID starts a second block","blocks begin at 1652 and 1814; two series share this ID"
"southamerica/chil013.rwl","ISA577",1712,"corrupts data","one ID starts a second block","blocks begin at 1712 and 1856; two series share this ID"
"southamerica/chil013.rwl","ISA474",1970,"corrupts data","series ID reused with overlapping years","stop marker ends a line at 1970 but the ID continues; blocks overlap by 324 year(s)"
"africa/bwa001.rwl",NA,NA,"informational","blank inside series ID","16 ID(s) contain blanks, e.g. 'Bao 1'"
"africa/eth004.rwl",NA,NA,"informational","ID fills all 8 columns","2 ID(s) run up against the year field, e.g. 'ETdodP1m'"
"africa/eth005.rwl",NA,NA,"informational","ID fills all 8 columns","22 ID(s) run up against the year field, e.g. 'ETme101m'"
"africa/mar027.rwl",NA,NA,"informational","blank inside series ID","15 ID(s) contain blanks, e.g. 'AFC 1A'"
"africa/mar033.rwl",NA,NA,"informational","blank inside series ID","45 ID(s) contain blanks, e.g. 'ICI 01A'"
"africa/mar033.rwl",NA,NA,"informational","ID fills all 8 columns","2 ID(s) run up against the year field, e.g. 'ICI 22A1'"
"africa/mar049.rwl",NA,NA,"informational","ID fills all 8 columns","8 ID(s) run up against the year field, e.g. 'ZADE06A2'"
"africa/mar050.rwl",NA,NA,"informational","ID fills all 8 columns","23 ID(s) run up against the year field, e.g. 'mcol01a1'"
"africa/mar051.rwl",NA,NA,"informational","ID fills all 8 columns","62 ID(s) run up against the year field, e.g. 'mkah01a1'"
"africa/mar052.rwl",NA,NA,"informational","ID fills all 8 columns","21 ID(s) run up against the year field, e.g. 'mtaz01a1'"
"africa/morc001.rwl",NA,NA,"informational","blank inside series ID","38 ID(s) contain blanks, e.g. 'TOU 2A'"
"africa/morc002.rwl",NA,NA,"informational","blank inside series ID","15 ID(s) contain blanks, e.g. 'AFC 1A'"
"africa/morc012.rwl",NA,NA,"informational","blank inside series ID","9 ID(s) contain blanks, e.g. 'TSK 1A'"
"africa/morc013.rwl",NA,NA,"informational","blank inside series ID","10 ID(s) contain blanks, e.g. 'TZK 1A'"
"africa/morc014.rwl",NA,NA,"informational","blank inside series ID","14 ID(s) contain blanks, e.g. 'ZAD 1A'"
"africa/morc018.rwl",NA,NA,"informational","ID fills all 8 columns","96 ID(s) run up against the year field, e.g. 'vmm0301a'"
"africa/morc020.rwl",NA,NA,"informational","ID fills all 8 columns","40 ID(s) run up against the year field, e.g. 'vmm0201a'"
"africa/morc021.rwl",NA,NA,"informational","ID fills all 8 columns","51 ID(s) run up against the year field, e.g. 'vmh0101z'"
"africa/morc022.rwl",NA,NA,"informational","ID fills all 8 columns","39 ID(s) run up against the year field, e.g. 'vmh0201a'"
"africa/morc023.rwl",NA,NA,"informational","ID fills all 8 columns","50 ID(s) run up against the year field, e.g. 'vmm0104a'"
"africa/morc024.rwl",NA,NA,"informational","ID fills all 8 columns","35 ID(s) run up against the year field, e.g. 'PNAZ113A'"
"africa/morc025.rwl",NA,NA,"informational","ID fills all 8 columns","40 ID(s) run up against the year field, e.g. 'Ma2Ca01a'"
"asia/bt001.rwl",NA,NA,"informational","ID fills all 8 columns","26 ID(s) run up against the year field, e.g. 'GATTD06A'"
"asia/bt002.rwl",NA,NA,"informational","ID fills all 8 columns","43 ID(s) run up against the year field, e.g. 'NASTD01A'"
"asia/bt006.rwl",NA,NA,"informational","ID fills all 8 columns","17 ID(s) run up against the year field, e.g. 'CAMPS06A'"
"asia/bt007.rwl",NA,NA,"informational","ID fills all 8 columns","15 ID(s) run up against the year field, e.g. 'DAMPS15B'"
"asia/bt010.rwl",NA,NA,"informational","ID fills all 8 columns","17 ID(s) run up against the year field, e.g. 'PEMPS16B'"
"asia/bt011.rwl",NA,NA,"informational","ID fills all 8 columns","1 ID(s) run up against the year field, e.g. 'TPDS03C2'"
"asia/bt012.rwl",NA,NA,"informational","ID fills all 8 columns","37 ID(s) run up against the year field, e.g. 'NANPW01A'"
"asia/bt013.rwl",NA,NA,"informational","ID fills all 8 columns","12 ID(s) run up against the year field, e.g. 'pempw02b'"
"asia/bt016.rwl",NA,NA,"informational","ID fills all 8 columns","21 ID(s) run up against the year field, e.g. 'LY1LG02A'"
"asia/bt018.rwl",NA,NA,"informational","ID fills all 8 columns","23 ID(s) run up against the year field, e.g. 'LY2JR20A'"
"asia/bt019.rwl",NA,NA,"informational","ID fills all 8 columns","15 ID(s) run up against the year field, e.g. 'GA1JR01B'"
"asia/bt021.rwl",NA,NA,"informational","file mixes precision flags across series","1 series end in 999 (0.01 mm) and 76 in -9999 (0.001 mm)."
"asia/bt021.rwl",NA,NA,"informational","ID fills all 8 columns","3 ID(s) run up against the year field, e.g. 'URA36BPS'"
"asia/bt022.rwl",NA,NA,"informational","ID fills all 8 columns","9 ID(s) run up against the year field, e.g. 'nastb02a'"
"asia/chin004e.rwl",NA,NA,"informational","ID fills all 8 columns","34 ID(s) run up against the year field, e.g. 'HS001ABC'"
"asia/chin004l.rwl",NA,NA,"informational","ID fills all 8 columns","34 ID(s) run up against the year field, e.g. 'HS001ABB'"
"asia/chin004n.rwl",NA,NA,"informational","ID fills all 8 columns","34 ID(s) run up against the year field, e.g. 'HS001ACE'"
"asia/chin004x.rwl",NA,NA,"informational","ID fills all 8 columns","34 ID(s) run up against the year field, e.g. 'HS001ACD'"
"asia/chin037.rwl",NA,NA,"informational","ID fills all 8 columns","23 ID(s) run up against the year field, e.g. 'GKM3_01a'"
"asia/chin038.rwl",NA,NA,"informational","ID fills all 8 columns","42 ID(s) run up against the year field, e.g. 'YCD5_01a'"
"asia/chin040.rwl",NA,NA,"informational","ID fills all 8 columns","27 ID(s) run up against the year field, e.g. 'YMts_01a'"
"asia/chin041.rwl",NA,NA,"informational","ID fills all 8 columns","35 ID(s) run up against the year field, e.g. 'DLJ5_08a'"
"asia/chin042.rwl",NA,NA,"informational","ID fills all 8 columns","6 ID(s) run up against the year field, e.g. 'csa3_10a'"
"asia/chin048.rwl",NA,NA,"informational","ID fills all 8 columns","4 ID(s) run up against the year field, e.g. 're9_14b1'"
"asia/chin049.rwl",NA,NA,"informational","ID fills all 8 columns","17 ID(s) run up against the year field, e.g. 'rib3_10a'"
"asia/chin050.rwl",NA,NA,"informational","ID fills all 8 columns","21 ID(s) run up against the year field, e.g. 'DLH103B1'"
"asia/chin051.rwl",NA,NA,"informational","ID fills all 8 columns","33 ID(s) run up against the year field, e.g. 'DLH201A1'"
"asia/chin052.rwl",NA,NA,"informational","ID fills all 8 columns","16 ID(s) run up against the year field, e.g. 'DLH307B1'"
"asia/chin053.rwl",NA,NA,"informational","ID fills all 8 columns","32 ID(s) run up against the year field, e.g. 'DLH412A1'"
"asia/chin054.rwl",NA,NA,"informational","ID fills all 8 columns","38 ID(s) run up against the year field, e.g. 'DLH503A1'"
"asia/chin055.rwl",NA,NA,"informational","ID fills all 8 columns","2 ID(s) run up against the year field, e.g. 'DLH622B1'"
"asia/chin056.rwl",NA,NA,"informational","ID fills all 8 columns","5 ID(s) run up against the year field, e.g. 'HSE-04A1'"
"asia/chin057.rwl",NA,NA,"informational","ID fills all 8 columns","10 ID(s) run up against the year field, e.g. 'HSS-05B2'"
"asia/chin058.rwl",NA,NA,"informational","ID fills all 8 columns","6 ID(s) run up against the year field, e.g. 'HSW-03A1'"
"asia/chin060.rwl",NA,NA,"informational","ID fills all 8 columns","4 ID(s) run up against the year field, e.g. 'TJ1-05A1'"
"asia/chin061.rwl",NA,NA,"informational","ID fills all 8 columns","6 ID(s) run up against the year field, e.g. 'DLS102B1'"
"asia/chin062.rwl",NA,NA,"informational","ID fills all 8 columns","21 ID(s) run up against the year field, e.g. 'HLHT-28A'"
"asia/chin063.rwl",NA,NA,"informational","ID fills all 8 columns","8 ID(s) run up against the year field, e.g. 'WL0321B1'"
"asia/chin064.rwl",NA,NA,"informational","ID fills all 8 columns","9 ID(s) run up against the year field, e.g. 'WL4-16A1'"
"asia/chin065.rwl",NA,NA,"informational","ID fills all 8 columns","23 ID(s) run up against the year field, e.g. 'ZD3-01A1'"
"asia/chin072.rwl",NA,NA,"informational","ID fills all 8 columns","57 ID(s) run up against the year field, e.g. 'SRS0401A'"
"asia/chin073.rwl",NA,NA,"informational","ID fills all 8 columns","54 ID(s) run up against the year field, e.g. 'XDC0401A'"
"asia/chin084.rwl",NA,NA,"informational","ID fills all 8 columns","31 ID(s) run up against the year field, e.g. 'QLF0701A'"
"asia/chin084e.rwl",NA,NA,"informational","ID fills all 8 columns","31 ID(s) run up against the year field, e.g. 'QLF0701A'"
"asia/chin084l.rwl",NA,NA,"informational","ID fills all 8 columns","31 ID(s) run up against the year field, e.g. 'QLF0701A'"
"asia/chin085.rwl",NA,NA,"informational","ID fills all 8 columns","35 ID(s) run up against the year field, e.g. 'XYS0302A'"
"asia/chin085e.rwl",NA,NA,"informational","ID fills all 8 columns","35 ID(s) run up against the year field, e.g. 'XYS0302A'"
"asia/chin085l.rwl",NA,NA,"informational","ID fills all 8 columns","35 ID(s) run up against the year field, e.g. 'XYS0302A'"
"asia/chn086.rwl",NA,NA,"informational","file mixes precision flags across series","58 series end in 999 (0.01 mm) and 4 in -9999 (0.001 mm)."
"asia/chn086.rwl",NA,NA,"informational","ID fills all 8 columns","62 ID(s) run up against the year field, e.g. 'Te11_01b'"
"asia/chn095bl.rwl",NA,NA,"informational","ID fills all 8 columns","20 ID(s) run up against the year field, e.g. 'XYTb224A'"
"asia/chn097bl.rwl",NA,NA,"informational","ID fills all 8 columns","19 ID(s) run up against the year field, e.g. 'PQKb106B'"
"asia/chn098bl.rwl",NA,NA,"informational","ID fills all 8 columns","23 ID(s) run up against the year field, e.g. 'HYSb204B'"
"asia/geor002.rwl",NA,NA,"informational","ID fills all 8 columns","64 ID(s) run up against the year field, e.g. 'geo0101a'"
"asia/geor003.rwl",NA,NA,"informational","ID fills all 8 columns","49 ID(s) run up against the year field, e.g. 'geo0201a'"
"asia/geor004.rwl",NA,NA,"informational","ID fills all 8 columns","50 ID(s) run up against the year field, e.g. 'geo0401a'"
"asia/geor005.rwl",NA,NA,"informational","ID fills all 8 columns","59 ID(s) run up against the year field, e.g. 'geo0301a'"
"asia/geor006.rwl",NA,NA,"informational","ID fills all 8 columns","33 ID(s) run up against the year field, e.g. 'geo0801a'"
"asia/geor007.rwl",NA,NA,"informational","ID fills all 8 columns","27 ID(s) run up against the year field, e.g. 'geo0901a'"
"asia/geor008.rwl",NA,NA,"informational","ID fills all 8 columns","26 ID(s) run up against the year field, e.g. 'geo0501b'"
"asia/geor009.rwl",NA,NA,"informational","ID fills all 8 columns","28 ID(s) run up against the year field, e.g. 'geo0701a'"
"asia/geor010.rwl",NA,NA,"informational","ID fills all 8 columns","58 ID(s) run up against the year field, e.g. 'geo0601a'"
"asia/ind027.rwl",NA,NA,"informational","blank inside series ID","2 ID(s) contain blanks, e.g. 'GUB 2.2'"
"asia/ind027.rwl",NA,NA,"informational","ID fills all 8 columns","1 ID(s) run up against the year field, e.g. 'GUB-11.1'"
"asia/indi010.rwl",NA,NA,"informational","ID fills all 8 columns","27 ID(s) run up against the year field, e.g. 'kancd03a'"
"asia/indi014.rwl",NA,NA,"informational","ID fills all 8 columns","20 ID(s) run up against the year field, e.g. 'narcd10a'"
"asia/indi015.rwl",NA,NA,"informational","ID fills all 8 columns","17 ID(s) run up against the year field, e.g. 'narap01a'"
"asia/indi016.rwl",NA,NA,"informational","ID fills all 8 columns","14 ID(s) run up against the year field, e.g. 'narps33a'"
"asia/indi017.rwl",NA,NA,"informational","ID fills all 8 columns","45 ID(s) run up against the year field, e.g. 'gahps25a'"
"asia/indi018.rwl",NA,NA,"informational","ID fills all 8 columns","12 ID(s) run up against the year field, e.g. 'gahap54a'"
"asia/indi019.rwl",NA,NA,"informational","ID fills all 8 columns","12 ID(s) run up against the year field, e.g. 'dhaps10a'"
"asia/indi020.rwl",NA,NA,"informational","ID fills all 8 columns","25 ID(s) run up against the year field, e.g. 'ghapr19a'"
"asia/indi021.rwl",NA,NA,"informational","ID fills all 8 columns","13 ID(s) run up against the year field, e.g. 'jagcd65a'"
"asia/japa008.rwl",NA,NA,"informational","ID fills all 8 columns","34 ID(s) run up against the year field, e.g. 'MAS-02B.'"
"asia/japa008x.rwl",NA,NA,"informational","ID fills all 8 columns","26 ID(s) run up against the year field, e.g. 'MAS-02A.'"
"asia/japa012.rwl",NA,NA,"informational","ID fills all 8 columns","31 ID(s) run up against the year field, e.g. 'TSOrw01A'"
"asia/japa012x.rwl",NA,NA,"informational","ID fills all 8 columns","31 ID(s) run up against the year field, e.g. 'TSOmx01A'"
"asia/japa013.rwl",NA,NA,"informational","ID fills all 8 columns","48 ID(s) run up against the year field, e.g. 'MSRrw01A'"
"asia/japa014.rwl",NA,NA,"informational","ID fills all 8 columns","99 ID(s) run up against the year field, e.g. 'TKCrw01a'"
"asia/japa015.rwl",NA,NA,"informational","ID fills all 8 columns","6 ID(s) run up against the year field, e.g. 'ONB304b1'"
"asia/japa016.rwl",NA,NA,"informational","ID fills all 8 columns","42 ID(s) run up against the year field, e.g. 'SJTrw13b'"
"asia/japa017.rwl",NA,NA,"informational","ID fills all 8 columns","42 ID(s) run up against the year field, e.g. 'YKA01A1a'"
"asia/japa017x.rwl",NA,NA,"informational","ID fills all 8 columns","4 ID(s) run up against the year field, e.g. 'mx01a1.1'"
"asia/japa018.rwl",NA,NA,"informational","ID fills all 8 columns","36 ID(s) run up against the year field, e.g. 'YKCrw01a'"
"asia/japa1.rwl",NA,NA,"informational","ID fills all 8 columns","7 ID(s) run up against the year field, e.g. 'MIYA0010'"
"asia/kor006b.rwl",NA,NA,"informational","ID fills all 8 columns","9 ID(s) run up against the year field, e.g. 'A02aBI_D'"
"asia/kore001.rwl",NA,NA,"informational","ID fills all 8 columns","93 ID(s) run up against the year field, e.g. 'HCRPK01A'"
"asia/kyrg001.rwl",NA,NA,"informational","ID fills all 8 columns","51 ID(s) run up against the year field, e.g. 'ekk0501a'"
"asia/kyrg002.rwl",NA,NA,"informational","ID fills all 8 columns","33 ID(s) run up against the year field, e.g. 'ekk0301a'"
"asia/kyrg003.rwl",NA,NA,"informational","ID fills all 8 columns","33 ID(s) run up against the year field, e.g. 'ekk0401a'"
"asia/kyrg004.rwl",NA,NA,"informational","ID fills all 8 columns","65 ID(s) run up against the year field, e.g. 'ekk0702a'"
"asia/kyrg005.rwl",NA,NA,"informational","ID fills all 8 columns","50 ID(s) run up against the year field, e.g. 'ekk0102a'"
"asia/kyrg007.rwl",NA,NA,"informational","ID fills all 8 columns","47 ID(s) run up against the year field, e.g. 'ekk0201a'"
"asia/kyrg008.rwl",NA,NA,"informational","trailing text in field 11","944 line(s) carry text in cols 73-78, e.g. 'GAP'"
"asia/kyrg009.rwl",NA,NA,"informational","trailing text in field 11","1121 line(s) carry text in cols 73-78, e.g. 'GAP'"
"asia/kyrg010.rwl",NA,NA,"informational","trailing text in field 11","539 line(s) carry text in cols 73-78, e.g. 'GAP'"
"asia/kyrg011.rwl",NA,NA,"informational","trailing text in field 11","1357 line(s) carry text in cols 73-78, e.g. 'GAP'"
"asia/kyrg012.rwl",NA,NA,"informational","file mixes precision flags across series","29 series end in 999 (0.01 mm) and 10 in -9999 (0.001 mm)."
"asia/kyrg013.rwl",NA,NA,"informational","ID fills all 8 columns","33 ID(s) run up against the year field, e.g. 'engup3b1'"
"asia/kyrg014.rwl",NA,NA,"informational","file mixes precision flags across series","15 series end in 999 (0.01 mm) and 19 in -9999 (0.001 mm)."
"asia/kyrg015.rwl",NA,NA,"informational","file mixes precision flags across series","12 series end in 999 (0.01 mm) and 9 in -9999 (0.001 mm)."
"asia/ls001.rwl",NA,NA,"informational","ID fills all 8 columns","30 ID(s) run up against the year field, e.g. 'ANMPM01A'"
"asia/ls002.rwl",NA,NA,"informational","ID fills all 8 columns","22 ID(s) run up against the year field, e.g. 'TGLPM01A'"
"asia/mng044.rwl",NA,NA,"informational","ID fills all 8 columns","119 ID(s) run up against the year field, e.g. 'KLL0M03A'"
"asia/mng045.rwl",NA,NA,"informational","ID fills all 8 columns","55 ID(s) run up against the year field, e.g. 'ULL1001X'"
"asia/mong002.rwl",NA,NA,"informational","blank inside series ID","27 ID(s) contain blanks, e.g. 'MH 1N'"
"asia/mong003.rwl",NA,NA,"informational","ID fills all 8 columns","3 ID(s) run up against the year field, e.g. 'TPX1@bs''"
"asia/mong039.rwl",NA,NA,"informational","ID fills all 8 columns","110 ID(s) run up against the year field, e.g. 'KLP0001a'"
"asia/mong040.rwl",NA,NA,"informational","ID fills all 8 columns","1 ID(s) run up against the year field, e.g. 'SXN23nwb'"
"asia/mong041.rwl",NA,NA,"informational","ID fills all 8 columns","209 ID(s) run up against the year field, e.g. 'KLP0001a'"
"asia/mong042.rwl",NA,NA,"informational","ID fills all 8 columns","103 ID(s) run up against the year field, e.g. 'ULP1003A'"
"asia/mong043b.rwl",NA,NA,"informational","blank inside series ID","6 ID(s) contain blanks, e.g. 'BU A-W_D'"
"asia/mong043b.rwl",NA,NA,"informational","ID fills all 8 columns","102 ID(s) run up against the year field, e.g. 'BU A-W_D'"
"asia/nepa015.rwl",NA,NA,"informational","file mixes precision flags across series","19 series end in 999 (0.01 mm) and 29 in -9999 (0.001 mm)."
"asia/nepa018.rwl",NA,NA,"informational","file mixes precision flags across series","7 series end in 999 (0.01 mm) and 26 in -9999 (0.001 mm)."
"asia/nepa021.rwl",NA,NA,"informational","file mixes precision flags across series","35 series end in 999 (0.01 mm) and 5 in -9999 (0.001 mm)."
"asia/nepa043.rwl",NA,NA,"informational","ID fills all 8 columns","110 ID(s) run up against the year field, e.g. 'ABSP001B'"
"asia/nepa044.rwl",NA,NA,"informational","ID fills all 8 columns","39 ID(s) run up against the year field, e.g. 'ABPI002E'"
"asia/nepa045.rwl",NA,NA,"informational","ID fills all 8 columns","96 ID(s) run up against the year field, e.g. 'PCSM001A'"
"asia/nepa046.rwl",NA,NA,"informational","ID fills all 8 columns","84 ID(s) run up against the year field, e.g. 'ABSB001A'"
"asia/nepa047.rwl",NA,NA,"informational","ID fills all 8 columns","44 ID(s) run up against the year field, e.g. 'ABSB401A'"
"asia/nepa048.rwl",NA,NA,"informational","ID fills all 8 columns","40 ID(s) run up against the year field, e.g. 'ABSB302B'"
"asia/nepa049.rwl",NA,NA,"informational","ID fills all 8 columns","39 ID(s) run up against the year field, e.g. 'ABSB003A'"
"asia/nepa050.rwl",NA,NA,"informational","ID fills all 8 columns","41 ID(s) run up against the year field, e.g. 'ABSB203B'"
"asia/nepa051.rwl",NA,NA,"informational","ID fills all 8 columns","40 ID(s) run up against the year field, e.g. 'ABSP001B'"
"asia/nepa052.rwl",NA,NA,"informational","ID fills all 8 columns","38 ID(s) run up against the year field, e.g. 'ABSP006B'"
"asia/nepa053.rwl",NA,NA,"informational","ID fills all 8 columns","40 ID(s) run up against the year field, e.g. 'ABSP001A'"
"asia/nepa054.rwl",NA,NA,"informational","ID fills all 8 columns","39 ID(s) run up against the year field, e.g. 'BEUT509A'"
"asia/nepa055.rwl",NA,NA,"informational","ID fills all 8 columns","61 ID(s) run up against the year field, e.g. 'ABSB476B'"
"asia/paki001.rwl",NA,NA,"informational","ID fills all 8 columns","31 ID(s) run up against the year field, e.g. 'bpb0501z'"
"asia/paki002.rwl",NA,NA,"informational","ID fills all 8 columns","38 ID(s) run up against the year field, e.g. 'epb0201z'"
"asia/paki003.rwl",NA,NA,"informational","file mixes precision flags across series","8 series end in 999 (0.01 mm) and 29 in -9999 (0.001 mm)."
"asia/paki003.rwl",NA,NA,"informational","ID fills all 8 columns","37 ID(s) run up against the year field, e.g. 'epb0401a'"
"asia/paki004.rwl",NA,NA,"informational","file mixes precision flags across series","4 series end in 999 (0.01 mm) and 21 in -9999 (0.001 mm)."
"asia/paki004.rwl",NA,NA,"informational","ID fills all 8 columns","21 ID(s) run up against the year field, e.g. 'epb0601a'"
"asia/paki005.rwl",NA,NA,"informational","ID fills all 8 columns","23 ID(s) run up against the year field, e.g. 'epc0104z'"
"asia/paki006.rwl",NA,NA,"informational","ID fills all 8 columns","31 ID(s) run up against the year field, e.g. 'epc0201a'"
"asia/paki007.rwl",NA,NA,"informational","ID fills all 8 columns","18 ID(s) run up against the year field, e.g. 'epc0301a'"
"asia/paki008.rwl",NA,NA,"informational","ID fills all 8 columns","8 ID(s) run up against the year field, e.g. 'eph0001z'"
"asia/paki009.rwl",NA,NA,"informational","file mixes precision flags across series","19 series end in 999 (0.01 mm) and 14 in -9999 (0.001 mm)."
"asia/paki009.rwl",NA,NA,"informational","ID fills all 8 columns","33 ID(s) run up against the year field, e.g. 'epm00smz'"
"asia/paki010.rwl",NA,NA,"informational","ID fills all 8 columns","17 ID(s) run up against the year field, e.g. 'epm0201z'"
"asia/paki011.rwl",NA,NA,"informational","ID fills all 8 columns","20 ID(s) run up against the year field, e.g. 'epm0301z'"
"asia/paki012.rwl",NA,NA,"informational","ID fills all 8 columns","18 ID(s) run up against the year field, e.g. 'epm0401z'"
"asia/paki013.rwl",NA,NA,"informational","ID fills all 8 columns","10 ID(s) run up against the year field, e.g. 'ram104a1'"
"asia/paki014.rwl",NA,NA,"informational","ID fills all 8 columns","14 ID(s) run up against the year field, e.g. 'eps0102z'"
"asia/paki015.rwl",NA,NA,"informational","ID fills all 8 columns","29 ID(s) run up against the year field, e.g. 'eps0201z'"
"asia/paki016.rwl",NA,NA,"informational","ID fills all 8 columns","28 ID(s) run up against the year field, e.g. 'eps0401a'"
"asia/rus317.rwl",NA,NA,"informational","ID fills all 8 columns","2 ID(s) run up against the year field, e.g. 'I24S11AA'"
"asia/rus328.rwl",NA,NA,"informational","ID fills all 8 columns","26 ID(s) run up against the year field, e.g. 'DL00109a'"
"asia/rus339.rwl",NA,NA,"informational","ID fills all 8 columns","2 ID(s) run up against the year field, e.g. 'K09A482A'"
"asia/rus341.rwl",NA,NA,"informational","ID fills all 8 columns","25 ID(s) run up against the year field, e.g. 'KS00113a'"
"asia/rus350.rwl",NA,NA,"informational","ID fills all 8 columns","4 ID(s) run up against the year field, e.g. '35a-1-b1'"
"asia/rus353.rwl",NA,NA,"informational","ID fills all 8 columns","10 ID(s) run up against the year field, e.g. 'PZ00115a'"
"asia/rus377.rwl",NA,NA,"informational","ID fills all 8 columns","34 ID(s) run up against the year field, e.g. 'TZ00109a'"
"asia/rus387.rwl",NA,NA,"informational","ID fills all 8 columns","113 ID(s) run up against the year field, e.g. 'ZD00111a'"
"asia/rus388.rwl",NA,NA,"informational","ID fills all 8 columns","64 ID(s) run up against the year field, e.g. 'ZD00810a'"
"asia/rus392.rwl",NA,NA,"informational","ID fills all 8 columns","1 ID(s) run up against the year field, e.g. 'ilpr05rB'"
"asia/russ016.rwl",NA,NA,"informational","ID fills all 8 columns","172 ID(s) run up against the year field, e.g. 'OHD0001A'"
"asia/russ181.rwl",NA,NA,"informational","ID fills all 8 columns","34 ID(s) run up against the year field, e.g. 'OJB0003A'"
"asia/russ182.rwl",NA,NA,"informational","ID fills all 8 columns","24 ID(s) run up against the year field, e.g. 'PFC0002A'"
"asia/russ183.rwl",NA,NA,"informational","ID fills all 8 columns","22 ID(s) run up against the year field, e.g. 'PJA0001A'"
"asia/russ203.rwl",NA,NA,"informational","file mixes precision flags across series","49 series end in 999 (0.01 mm) and 1 in -9999 (0.001 mm)."
"asia/russ205.rwl",NA,NA,"informational","ID fills all 8 columns","4 ID(s) run up against the year field, e.g. 'IND020A1'"
"asia/russ208.rwl",NA,NA,"informational","ID fills all 8 columns","39 ID(s) run up against the year field, e.g. 'S8N0101A'"
"asia/russ210.rwl",NA,NA,"informational","blank inside series ID","7 ID(s) contain blanks, e.g. 'BY 03NS'"
"asia/russ210.rwl",NA,NA,"informational","ID fills all 8 columns","1 ID(s) run up against the year field, e.g. 'BY 55SES'"
"asia/russ220.rwl",NA,NA,"informational","ID fills all 8 columns","32 ID(s) run up against the year field, e.g. '11212591'"
"asia/russ221.rwl",NA,NA,"informational","ID fills all 8 columns","1 ID(s) run up against the year field, e.g. 'KTU247dd'"
"asia/russ224.rwl",NA,NA,"informational","blank inside series ID","22 ID(s) contain blanks, e.g. '148 011'"
"asia/russ224x.rwl",NA,NA,"informational","blank inside series ID","22 ID(s) contain blanks, e.g. '148 011'"
"asia/russ225.rwl",NA,NA,"informational","blank inside series ID","24 ID(s) contain blanks, e.g. '225 031'"
"asia/russ225x.rwl",NA,NA,"informational","blank inside series ID","24 ID(s) contain blanks, e.g. '225 031'"
"asia/russ227.rwl",NA,NA,"informational","ID fills all 8 columns","24 ID(s) run up against the year field, e.g. 'dj2a-l01'"
"asia/russ229.rwl",NA,NA,"informational","ID fills all 8 columns","11 ID(s) run up against the year field, e.g. 'KR2--L10'"
"asia/russ230.rwl",NA,NA,"informational","ID fills all 8 columns","1 ID(s) run up against the year field, e.g. 'KR3-L13A'"
"asia/russ231.rwl",NA,NA,"informational","ID fills all 8 columns","12 ID(s) run up against the year field, e.g. 'mak-l12a'"
"asia/russ232.rwl",NA,NA,"informational","ID fills all 8 columns","5 ID(s) run up against the year field, e.g. 'krmdx_74'"
"asia/russ233.rwl",NA,NA,"informational","ID fills all 8 columns","3 ID(s) run up against the year field, e.g. 'tt2-l13a'"
"asia/russ235.rwl",NA,NA,"informational","ID fills all 8 columns","11 ID(s) run up against the year field, e.g. 'ula-l16b'"
"asia/russ237.rwl",NA,NA,"informational","ID fills all 8 columns","101 ID(s) run up against the year field, e.g. '11441011'"
"asia/russ237n.rwl",NA,NA,"informational","ID fills all 8 columns","100 ID(s) run up against the year field, e.g. '11441011'"
"asia/russ237x.rwl",NA,NA,"informational","ID fills all 8 columns","100 ID(s) run up against the year field, e.g. '11441011'"
"asia/russ238.rwl",NA,NA,"informational","ID fills all 8 columns","56 ID(s) run up against the year field, e.g. '11590011'"
"asia/russ238n.rwl",NA,NA,"informational","ID fills all 8 columns","56 ID(s) run up against the year field, e.g. '11590011'"
"asia/russ238x.rwl",NA,NA,"informational","ID fills all 8 columns","56 ID(s) run up against the year field, e.g. '11590011'"
"asia/russ239.rwl",NA,NA,"informational","ID fills all 8 columns","49 ID(s) run up against the year field, e.g. '11540011'"
"asia/russ239x.rwl",NA,NA,"informational","ID fills all 8 columns","49 ID(s) run up against the year field, e.g. '11540011'"
"asia/russ240.rwl",NA,NA,"informational","ID fills all 8 columns","1 ID(s) run up against the year field, e.g. 'shut26-2'"
"asia/russ242.rwl",NA,NA,"informational","ID fills all 8 columns","5 ID(s) run up against the year field, e.g. '1lent_me'"
"asia/russ243.rwl",NA,NA,"informational","ID fills all 8 columns","16 ID(s) run up against the year field, e.g. 'CHAM14NE'"
"asia/russ246.rwl",NA,NA,"informational","ID fills all 8 columns","247 ID(s) run up against the year field, e.g. 'a9_k09me'"
"asia/russ248.rwl",NA,NA,"informational","ID fills all 8 columns","19 ID(s) run up against the year field, e.g. '10chin03'"
"asia/russ249.rwl",NA,NA,"informational","ID fills all 8 columns","2 ID(s) run up against the year field, e.g. '12der08b'"
"asia/russ251.rwl",NA,NA,"informational","ID fills all 8 columns","3 ID(s) run up against the year field, e.g. '08kok02b'"
"asia/russ252.rwl",NA,NA,"informational","ID fills all 8 columns","3 ID(s) run up against the year field, e.g. '06kol02b'"
"asia/russ254.rwl",NA,NA,"informational","ID fills all 8 columns","4 ID(s) run up against the year field, e.g. '07mog11a'"
"asia/russ257.rwl",NA,NA,"informational","ID fills all 8 columns","1 ID(s) run up against the year field, e.g. '12tar19b'"
"asia/russ297.rwl",NA,NA,"informational","ID fills all 8 columns","33 ID(s) run up against the year field, e.g. 'SPL01b-0'"
"asia/russ299.rwl",NA,NA,"informational","ID fills all 8 columns","34 ID(s) run up against the year field, e.g. 'yar1091A'"
"asia/russ301.rwl",NA,NA,"informational","file mixes precision flags across series","1 series end in 999 (0.01 mm) and 79 in -9999 (0.001 mm)."
"asia/russ305.rwl",NA,NA,"informational","file mixes precision flags across series","44 series end in 999 (0.01 mm) and 23 in -9999 (0.001 mm)."
"asia/russ307.rwl",NA,NA,"informational","file mixes precision flags across series","45 series end in 999 (0.01 mm) and 29 in -9999 (0.001 mm)."
"asia/russ309.rwl",NA,NA,"informational","ID fills all 8 columns","26 ID(s) run up against the year field, e.g. 'PDLPS01B'"
"asia/russ313.rwl",NA,NA,"informational","ID fills all 8 columns","24 ID(s) run up against the year field, e.g. 'ZGRPS01a'"
"asia/russ314.rwl",NA,NA,"informational","file mixes precision flags across series","21 series end in 999 (0.01 mm) and 74 in -9999 (0.001 mm)."
"asia/th002.rwl",NA,NA,"informational","ID fills all 8 columns","1 ID(s) run up against the year field, e.g. 'NNK221B1'"
"asia/th004.rwl",NA,NA,"informational","ID fills all 8 columns","1 ID(s) run up against the year field, e.g. 'PTM30a.1'"
"asia/th006.rwl",NA,NA,"informational","file mixes precision flags across series","12 series end in 999 (0.01 mm) and 13 in -9999 (0.001 mm)."
"asia/th006.rwl",NA,NA,"informational","ID fills all 8 columns","14 ID(s) run up against the year field, e.g. 'WCM04A.s'"
"asia/tha007.rwl",NA,NA,"informational","ID fills all 8 columns","42 ID(s) run up against the year field, e.g. 'PKMF101A'"
"asia/tha008.rwl",NA,NA,"informational","ID fills all 8 columns","65 ID(s) run up against the year field, e.g. 'PKMF301A'"
"asia/tha009.rwl",NA,NA,"informational","ID fills all 8 columns","55 ID(s) run up against the year field, e.g. 'PKMF401A'"
"asia/tha010.rwl",NA,NA,"informational","ID fills all 8 columns","54 ID(s) run up against the year field, e.g. 'PKWP101A'"
"asia/tha011.rwl",NA,NA,"informational","ID fills all 8 columns","136 ID(s) run up against the year field, e.g. 'PKWP201B'"
"asia/tha012.rwl",NA,NA,"informational","ID fills all 8 columns","4 ID(s) run up against the year field, e.g. 'PKND10CN'"
"asia/tha013.rwl",NA,NA,"informational","ID fills all 8 columns","11 ID(s) run up against the year field, e.g. 'PKWJ418A'"
"asia/tha015.rwl",NA,NA,"informational","ID fills all 8 columns","34 ID(s) run up against the year field, e.g. 'TKNK211A'"
"asia/tha016.rwl",NA,NA,"informational","ID fills all 8 columns","23 ID(s) run up against the year field, e.g. 'TKNK209A'"
"asia/tha017.rwl",NA,NA,"informational","ID fills all 8 columns","26 ID(s) run up against the year field, e.g. 'TKNK413A'"
"asia/tha018.rwl",NA,NA,"informational","ID fills all 8 columns","37 ID(s) run up against the year field, e.g. 'TKNK501A'"
"asia/tha020.rwl",NA,NA,"informational","ID fills all 8 columns","1 ID(s) run up against the year field, e.g. 'TNHS3/1A'"
"atlantic/bhs001.rwl",NA,NA,"informational","file mixes precision flags across series","53 series end in 999 (0.01 mm) and 19 in -9999 (0.001 mm)."
"australia/aus118.rwl",NA,NA,"informational","file mixes precision flags across series","34 series end in 999 (0.01 mm) and 140 in -9999 (0.001 mm)."
"australia/aus118c.rwl",NA,NA,"informational","trailing text in field 11","2582 line(s) carry text in cols 73-78, e.g. 'gap'"
"australia/aus118d.rwl",NA,NA,"informational","trailing text in field 11","2484 line(s) carry text in cols 73-78, e.g. 'gap'"
"australia/aus118h.rwl",NA,NA,"informational","trailing text in field 11","2111 line(s) carry text in cols 73-78, e.g. 'gap'"
"australia/aus119.rwl",NA,NA,"informational","ID fills all 8 columns","1 ID(s) run up against the year field, e.g. 'lml02bne'"
"australia/aus121.rwl",NA,NA,"informational","ID fills all 8 columns","1 ID(s) run up against the year field, e.g. 'tpk5NWb2'"
"australia/aus122c.rwl",NA,NA,"informational","trailing text in field 11","999 line(s) carry text in cols 73-78, e.g. 'gap'"
"australia/aus122d.rwl",NA,NA,"informational","trailing text in field 11","1035 line(s) carry text in cols 73-78, e.g. 'gap'"
"australia/aus122h.rwl",NA,NA,"informational","trailing text in field 11","847 line(s) carry text in cols 73-78, e.g. 'gap'"
"australia/aus124e.rwl",NA,NA,"informational","ID fills all 8 columns","11 ID(s) run up against the year field, e.g. 'mrr041ne'"
"australia/aus124e.rwl",NA,NA,"informational","trailing text in field 11","5317 line(s) carry text in cols 73-78, e.g. 'gap'"
"australia/aus124l.rwl",NA,NA,"informational","ID fills all 8 columns","9 ID(s) run up against the year field, e.g. 'WALD26W1'"
"australia/aus125c.rwl",NA,NA,"informational","trailing text in field 11","1281 line(s) carry text in cols 73-78, e.g. 'gap'"
"australia/aus125d.rwl",NA,NA,"informational","trailing text in field 11","1241 line(s) carry text in cols 73-78, e.g. 'gap'"
"australia/aus125h.rwl",NA,NA,"informational","trailing text in field 11","1133 line(s) carry text in cols 73-78, e.g. 'gap'"
"australia/aus126.rwl",NA,NA,"informational","ID fills all 8 columns","5 ID(s) run up against the year field, e.g. 'co10102a'"
"australia/aus126.rwl",NA,NA,"informational","trailing text in field 11","2171 line(s) carry text in cols 73-78, e.g. 'gap'"
"australia/aus126d.rwl",NA,NA,"informational","trailing text in field 11","1398 line(s) carry text in cols 73-78, e.g. 'gap'"
"australia/aus126k.rwl",NA,NA,"informational","trailing text in field 11","483 line(s) carry text in cols 73-78, e.g. 'gap'"
"australia/aus127.rwl",NA,NA,"informational","ID fills all 8 columns","10 ID(s) run up against the year field, e.g. 'TN50E12a'"
"australia/aus128.rwl",NA,NA,"informational","ID fills all 8 columns","9 ID(s) run up against the year field, e.g. 'BCH106NE'"
"australia/aus128c.rwl",NA,NA,"informational","trailing text in field 11","724 line(s) carry text in cols 73-78, e.g. 'gap'"
"australia/aus128d.rwl",NA,NA,"informational","trailing text in field 11","783 line(s) carry text in cols 73-78, e.g. 'gap'"
"australia/aus128h.rwl",NA,NA,"informational","trailing text in field 11","791 line(s) carry text in cols 73-78, e.g. 'gap'"
"australia/ausl037.rwl",NA,NA,"informational","ID fills all 8 columns","34 ID(s) run up against the year field, e.g. 'CJD636E2'"
"australia/ausl038c.rwl",NA,NA,"informational","ID fills all 8 columns","3 ID(s) run up against the year field, e.g. 'MCK20W2P'"
"australia/ausl038d.rwl",NA,NA,"informational","ID fills all 8 columns","4 ID(s) run up against the year field, e.g. 'MCK20W2P'"
"australia/ausl038h.rwl",NA,NA,"informational","ID fills all 8 columns","3 ID(s) run up against the year field, e.g. 'MCK20W2P'"
"australia/ausl039.rwl",NA,NA,"informational","ID fills all 8 columns","1 ID(s) run up against the year field, e.g. 'FB10.2SE'"
"australia/ausl041.rwl",NA,NA,"informational","blank inside series ID","2 ID(s) contain blanks, e.g. 'WLD26W 1'"
"australia/ausl041.rwl",NA,NA,"informational","ID fills all 8 columns","2 ID(s) run up against the year field, e.g. 'WLD26W 1'"
"australia/ausl043.rwl",NA,NA,"informational","ID fills all 8 columns","10 ID(s) run up against the year field, e.g. 'TN50E12a'"
"australia/ausl045.rwl",NA,NA,"informational","ID fills all 8 columns","1 ID(s) run up against the year field, e.g. 'mrr08nw'"
"australia/ausl047.rwl",NA,NA,"informational","ID fills all 8 columns","4 ID(s) run up against the year field, e.g. 'Mesa10SE'"
"australia/ausl048.rwl",NA,NA,"informational","ID fills all 8 columns","1 ID(s) run up against the year field, e.g. 'ABR13SSW'"
"australia/ausl054.rwl",NA,NA,"informational","ID fills all 8 columns","2 ID(s) run up against the year field, e.g. 'Kor10Aii'"
"australia/ausl058.rwl",NA,NA,"informational","ID fills all 8 columns","2 ID(s) run up against the year field, e.g. 'NIT2.10N'"
"australia/ausl059.rwl",NA,NA,"informational","ID fills all 8 columns","20 ID(s) run up against the year field, e.g. 'MAN1.10S'"
"australia/newz059.rwl",NA,NA,"informational","ID fills all 8 columns","3 ID(s) run up against the year field, e.g. '26441-2a'"
"australia/newz063.rwl",NA,NA,"informational","ID fills all 8 columns","4 ID(s) run up against the year field, e.g. 'KAI14-2a'"
"australia/newz074.rwl",NA,NA,"informational","ID fills all 8 columns","2 ID(s) run up against the year field, e.g. '26430-1a'"
"australia/newz075.rwl",NA,NA,"informational","ID fills all 8 columns","4 ID(s) run up against the year field, e.g. '26479-2a'"
"australia/newz076.rwl",NA,NA,"informational","ID fills all 8 columns","13 ID(s) run up against the year field, e.g. 'TKPT1-1'"
"australia/newz076e.rwl",NA,NA,"informational","ID fills all 8 columns","12 ID(s) run up against the year field, e.g. 'TKPT1-1'"
"australia/newz076i.rwl",NA,NA,"informational","ID fills all 8 columns","13 ID(s) run up against the year field, e.g. 'TKPT1-1'"
"australia/newz076l.rwl",NA,NA,"informational","ID fills all 8 columns","12 ID(s) run up against the year field, e.g. 'TKPT1-1'"
"australia/newz076n.rwl",NA,NA,"informational","ID fills all 8 columns","12 ID(s) run up against the year field, e.g. 'TKPT1-1'"
"australia/newz076t.rwl",NA,NA,"informational","ID fills all 8 columns","13 ID(s) run up against the year field, e.g. 'TKPT1-1'"
"australia/newz076x.rwl",NA,NA,"informational","ID fills all 8 columns","12 ID(s) run up against the year field, e.g. 'TKPT1-1'"
"australia/newz119.rwl",NA,NA,"informational","ID fills all 8 columns","2 ID(s) run up against the year field, e.g. 'HEL529Ba'"
"australia/newz127.rwl",NA,NA,"informational","ID fills all 8 columns","2 ID(s) run up against the year field, e.g. 'AHL211Ca'"
"australia/newz129.rwl",NA,NA,"informational","file mixes precision flags across series","40 series end in 999 (0.01 mm) and 24 in -9999 (0.001 mm)."
"europe/alb002.rwl",NA,NA,"informational","ID fills all 8 columns","74 ID(s) run up against the year field, e.g. 'AL01001a'"
"europe/alb003.rwl",NA,NA,"informational","ID fills all 8 columns","124 ID(s) run up against the year field, e.g. 'AP01001a'"
"europe/alb004.rwl",NA,NA,"informational","ID fills all 8 columns","40 ID(s) run up against the year field, e.g. 'PHDVA01A'"
"europe/alb004e.rwl",NA,NA,"informational","ID fills all 8 columns","40 ID(s) run up against the year field, e.g. 'PHDVA01A'"
"europe/alb004l.rwl",NA,NA,"informational","ID fills all 8 columns","40 ID(s) run up against the year field, e.g. 'PHDVA01A'"
"europe/alb005.rwl",NA,NA,"informational","ID fills all 8 columns","10 ID(s) run up against the year field, e.g. 'PPDIV04A'"
"europe/alb005e.rwl",NA,NA,"informational","ID fills all 8 columns","10 ID(s) run up against the year field, e.g. 'PPDIV04A'"
"europe/alb005l.rwl",NA,NA,"informational","ID fills all 8 columns","12 ID(s) run up against the year field, e.g. 'PPDIV01A'"
"europe/aust109.rwl",NA,NA,"informational","ID fills all 8 columns","38 ID(s) run up against the year field, e.g. 'BiePN01a'"
"europe/aust109e.rwl",NA,NA,"informational","ID fills all 8 columns","38 ID(s) run up against the year field, e.g. 'BiePN01a'"
"europe/aust109l.rwl",NA,NA,"informational","ID fills all 8 columns","38 ID(s) run up against the year field, e.g. 'BiePN01a'"
"europe/aust110.rwl",NA,NA,"informational","ID fills all 8 columns","20 ID(s) run up against the year field, e.g. 'KamPN01a'"
"europe/aust110e.rwl",NA,NA,"informational","ID fills all 8 columns","20 ID(s) run up against the year field, e.g. 'KamPN01a'"
"europe/aust110l.rwl",NA,NA,"informational","ID fills all 8 columns","20 ID(s) run up against the year field, e.g. 'KamPN01a'"
"europe/aust111.rwl",NA,NA,"informational","ID fills all 8 columns","21 ID(s) run up against the year field, e.g. 'ParPN01a'"
"europe/aust111e.rwl",NA,NA,"informational","ID fills all 8 columns","21 ID(s) run up against the year field, e.g. 'ParPN01a'"
"europe/aust111l.rwl",NA,NA,"informational","ID fills all 8 columns","21 ID(s) run up against the year field, e.g. 'ParPN01a'"
"europe/aust112.rwl",NA,NA,"informational","ID fills all 8 columns","20 ID(s) run up against the year field, e.g. 'perqp01a'"
"europe/aust113.rwl",NA,NA,"informational","ID fills all 8 columns","272 ID(s) run up against the year field, e.g. 'BauQS01m'"
"europe/aust113e.rwl",NA,NA,"informational","ID fills all 8 columns","272 ID(s) run up against the year field, e.g. 'BauQS01m'"
"europe/aust113l.rwl",NA,NA,"informational","ID fills all 8 columns","272 ID(s) run up against the year field, e.g. 'BauQS01m'"
"europe/aust114.rwl",NA,NA,"informational","ID fills all 8 columns","81 ID(s) run up against the year field, e.g. 'At1Qp03a'"
"europe/aust115.rwl",NA,NA,"informational","ID fills all 8 columns","588 ID(s) run up against the year field, e.g. 'At2Pn99a'"
"europe/aut116.rwl",NA,NA,"informational","ID fills all 8 columns","20 ID(s) run up against the year field, e.g. 'MWSA101C'"
"europe/aut117.rwl",NA,NA,"informational","ID fills all 8 columns","20 ID(s) run up against the year field, e.g. 'MWSB101C'"
"europe/aut118.rwl",NA,NA,"informational","ID fills all 8 columns","20 ID(s) run up against the year field, e.g. 'MWSB301C'"
"europe/aut119.rwl",NA,NA,"informational","ID fills all 8 columns","20 ID(s) run up against the year field, e.g. 'MWSB501C'"
"europe/aut120.rwl",NA,NA,"informational","ID fills all 8 columns","20 ID(s) run up against the year field, e.g. 'MWSC102C'"
"europe/aut121.rwl",NA,NA,"informational","ID fills all 8 columns","20 ID(s) run up against the year field, e.g. 'MWSC301C'"
"europe/aut122.rwl",NA,NA,"informational","ID fills all 8 columns","20 ID(s) run up against the year field, e.g. 'MWSC501C'"
"europe/aut123.rwl",NA,NA,"informational","ID fills all 8 columns","20 ID(s) run up against the year field, e.g. 'MWSD101C'"
"europe/aut124.rwl",NA,NA,"informational","ID fills all 8 columns","20 ID(s) run up against the year field, e.g. 'MWSD302C'"
"europe/aut125.rwl",NA,NA,"informational","ID fills all 8 columns","20 ID(s) run up against the year field, e.g. 'MWSD501C'"
"europe/aut126.rwl",NA,NA,"informational","ID fills all 8 columns","20 ID(s) run up against the year field, e.g. 'MWSE101C'"
"europe/aut127.rwl",NA,NA,"informational","ID fills all 8 columns","20 ID(s) run up against the year field, e.g. 'MWSE502C'"
"europe/aut128.rwl",NA,NA,"informational","ID fills all 8 columns","20 ID(s) run up against the year field, e.g. 'MWSE901C'"
"europe/aut129.rwl",NA,NA,"informational","ID fills all 8 columns","20 ID(s) run up against the year field, e.g. 'MWTS903G'"
"europe/aut130.rwl",NA,NA,"informational","ID fills all 8 columns","20 ID(s) run up against the year field, e.g. 'NKGO101C'"
"europe/aut131.rwl",NA,NA,"informational","ID fills all 8 columns","20 ID(s) run up against the year field, e.g. 'NKGO503C'"
"europe/aut132.rwl",NA,NA,"informational","ID fills all 8 columns","20 ID(s) run up against the year field, e.g. 'NKGO901C'"
"europe/aut133.rwl",NA,NA,"informational","ID fills all 8 columns","20 ID(s) run up against the year field, e.g. 'NKGU102C'"
"europe/aut134.rwl",NA,NA,"informational","ID fills all 8 columns","20 ID(s) run up against the year field, e.g. 'NKGU501C'"
"europe/aut135.rwl",NA,NA,"informational","ID fills all 8 columns","20 ID(s) run up against the year field, e.g. 'NKGU901C'"
"europe/aut136.rwl",NA,NA,"informational","ID fills all 8 columns","20 ID(s) run up against the year field, e.g. 'NKRB101C'"
"europe/aut137.rwl",NA,NA,"informational","ID fills all 8 columns","20 ID(s) run up against the year field, e.g. 'NKRB301C'"
"europe/aut138.rwl",NA,NA,"informational","ID fills all 8 columns","20 ID(s) run up against the year field, e.g. 'NKRB501C'"
"europe/aut139.rwl",NA,NA,"informational","ID fills all 8 columns","20 ID(s) run up against the year field, e.g. 'NKRB901C'"
"europe/aut140.rwl",NA,NA,"informational","ID fills all 8 columns","20 ID(s) run up against the year field, e.g. 'NKSK101C'"
"europe/aut141.rwl",NA,NA,"informational","ID fills all 8 columns","20 ID(s) run up against the year field, e.g. 'NKSK302C'"
"europe/aut142.rwl",NA,NA,"informational","ID fills all 8 columns","20 ID(s) run up against the year field, e.g. 'NKSK502C'"
"europe/aut143.rwl",NA,NA,"informational","ID fills all 8 columns","20 ID(s) run up against the year field, e.g. 'NKSK901C'"
"europe/aut144.rwl",NA,NA,"informational","ID fills all 8 columns","20 ID(s) run up against the year field, e.g. 'NKZN101G'"
"europe/aut145.rwl",NA,NA,"informational","ID fills all 8 columns","20 ID(s) run up against the year field, e.g. 'NKZN501G'"
"europe/aut146.rwl",NA,NA,"informational","ID fills all 8 columns","20 ID(s) run up against the year field, e.g. 'NKZN901G'"
"europe/aut147.rwl",NA,NA,"informational","ID fills all 8 columns","20 ID(s) run up against the year field, e.g. 'NKZP101A'"
"europe/aut148.rwl",NA,NA,"informational","ID fills all 8 columns","20 ID(s) run up against the year field, e.g. 'NKZP501A'"
"europe/aut149.rwl",NA,NA,"informational","ID fills all 8 columns","20 ID(s) run up against the year field, e.g. 'NKZP902A'"
"europe/aut150.rwl",NA,NA,"informational","ID fills all 8 columns","20 ID(s) run up against the year field, e.g. 'NKZS101C'"
"europe/aut151.rwl",NA,NA,"informational","ID fills all 8 columns","20 ID(s) run up against the year field, e.g. 'NKZS502C'"
"europe/blr001.rwl",NA,NA,"informational","ID fills all 8 columns","1 ID(s) run up against the year field, e.g. 'nr162163'"
"europe/brit002.rwl",NA,NA,"informational","blank inside series ID","14 ID(s) contain blanks, e.g. 'Q 3718'"
"europe/brit003.rwl",NA,NA,"informational","blank inside series ID","14 ID(s) contain blanks, e.g. 'Q 3349'"
"europe/brit004.rwl",NA,NA,"informational","blank inside series ID","13 ID(s) contain blanks, e.g. 'Q 3333'"
"europe/brit005.rwl",NA,NA,"informational","blank inside series ID","12 ID(s) contain blanks, e.g. 'Q 3743'"
"europe/brit006.rwl",NA,NA,"informational","blank inside series ID","13 ID(s) contain blanks, e.g. 'Q 3320'"
"europe/brit011.rwl",NA,NA,"informational","blank inside series ID","13 ID(s) contain blanks, e.g. 'Q 3588'"
"europe/brit027.rwl",NA,NA,"informational","blank inside series ID","10 ID(s) contain blanks, e.g. 'Q 7678'"
"europe/brit028.rwl",NA,NA,"informational","blank inside series ID","10 ID(s) contain blanks, e.g. 'Q 8283'"
"europe/brit040.rwl",NA,NA,"informational","blank inside series ID","14 ID(s) contain blanks, e.g. 'Q 9491'"
"europe/brit041.rwl",NA,NA,"informational","blank inside series ID","13 ID(s) contain blanks, e.g. 'Q 8723'"
"europe/brit042.rwl",NA,NA,"informational","blank inside series ID","25 ID(s) contain blanks, e.g. 'Q  525'"
"europe/brit043.rwl",NA,NA,"informational","blank inside series ID","10 ID(s) contain blanks, e.g. 'Q 8968'"
"europe/brit044.rwl",NA,NA,"informational","blank inside series ID","16 ID(s) contain blanks, e.g. 'Q 5292'"
"europe/brit045.rwl",NA,NA,"informational","blank inside series ID","5 ID(s) contain blanks, e.g. 'Q 9730'"
"europe/brit046.rwl",NA,NA,"informational","blank inside series ID","26 ID(s) contain blanks, e.g. 'Q 8228'"
"europe/brit047.rwl",NA,NA,"informational","blank inside series ID","6 ID(s) contain blanks, e.g. 'Q 7483'"
"europe/brit070.rwl",NA,NA,"informational","ID fills all 8 columns","36 ID(s) run up against the year field, e.g. 'Uk1Ps01a'"
"europe/brit071.rwl",NA,NA,"informational","ID fills all 8 columns","30 ID(s) run up against the year field, e.g. 'Uk3Qr01a'"
"europe/brit072.rwl",NA,NA,"informational","ID fills all 8 columns","38 ID(s) run up against the year field, e.g. 'Uk4Qr01a'"
"europe/brit099.rwl",NA,NA,"informational","ID fills all 8 columns","31 ID(s) run up against the year field, e.g. 'RPTB020M'"
"europe/brit100.rwl",NA,NA,"informational","ID fills all 8 columns","48 ID(s) run up against the year field, e.g. 'F1TB351M'"
"europe/brit6.rwl",NA,NA,"informational","blank inside series ID","26 ID(s) contain blanks, e.g. 'Q  41'"
"europe/bulg003x.rwl",NA,NA,"informational","ID fills all 8 columns","9 ID(s) run up against the year field, e.g. '1223h5b1'"
"europe/che413.rwl",NA,NA,"informational","ID fills all 8 columns","38 ID(s) run up against the year field, e.g. 'HCZ0101a'"
"europe/che414.rwl",NA,NA,"informational","ID fills all 8 columns","49 ID(s) run up against the year field, e.g. 'HCZ1001a'"
"europe/che415.rwl",NA,NA,"informational","ID fills all 8 columns","69 ID(s) run up against the year field, e.g. 'HCZ1101A'"
"europe/che416.rwl",NA,NA,"informational","ID fills all 8 columns","62 ID(s) run up against the year field, e.g. 'HCZ1201a'"
"europe/che417.rwl",NA,NA,"informational","ID fills all 8 columns","24 ID(s) run up against the year field, e.g. 'RCS0104a'"
"europe/che417.rwl",NA,NA,"informational","trailing text in field 11","553 line(s) carry text in cols 73-78, e.g. 'Simpl'"
"europe/che417x.rwl",NA,NA,"informational","ID fills all 8 columns","24 ID(s) run up against the year field, e.g. 'RCS0104a'"
"europe/che417x.rwl",NA,NA,"informational","trailing text in field 11","553 line(s) carry text in cols 73-78, e.g. 'Simpl'"
"europe/che418.rwl",NA,NA,"informational","ID fills all 8 columns","22 ID(s) run up against the year field, e.g. 'RCS0210A'"
"europe/che418.rwl",NA,NA,"informational","trailing text in field 11","496 line(s) carry text in cols 73-78, e.g. 'Zerma'"
"europe/che418x.rwl",NA,NA,"informational","ID fills all 8 columns","22 ID(s) run up against the year field, e.g. 'RCS0210A'"
"europe/che418x.rwl",NA,NA,"informational","trailing text in field 11","496 line(s) carry text in cols 73-78, e.g. 'Zerma'"
"europe/che419.rwl",NA,NA,"informational","ID fills all 8 columns","26 ID(s) run up against the year field, e.g. 'RCS0302a'"
"europe/che419.rwl",NA,NA,"informational","trailing text in field 11","476 line(s) carry text in cols 73-78, e.g. 'Simpl'"
"europe/che419x.rwl",NA,NA,"informational","ID fills all 8 columns","26 ID(s) run up against the year field, e.g. 'RCS0302a'"
"europe/che419x.rwl",NA,NA,"informational","trailing text in field 11","476 line(s) carry text in cols 73-78, e.g. 'Simpl'"
"europe/che420.rwl",NA,NA,"informational","ID fills all 8 columns","26 ID(s) run up against the year field, e.g. 'RCS0401a'"
"europe/che420.rwl",NA,NA,"informational","trailing text in field 11","221 line(s) carry text in cols 73-78, e.g. 'Simpl'"
"europe/che420x.rwl",NA,NA,"informational","ID fills all 8 columns","26 ID(s) run up against the year field, e.g. 'RCS0401a'"
"europe/che420x.rwl",NA,NA,"informational","trailing text in field 11","221 line(s) carry text in cols 73-78, e.g. 'Simpl'"
"europe/che421.rwl",NA,NA,"informational","ID fills all 8 columns","23 ID(s) run up against the year field, e.g. 'RCS0706A'"
"europe/che421.rwl",NA,NA,"informational","trailing text in field 11","502 line(s) carry text in cols 73-78, e.g. 'Simpl'"
"europe/che421x.rwl",NA,NA,"informational","ID fills all 8 columns","23 ID(s) run up against the year field, e.g. 'RCS0706A'"
"europe/che421x.rwl",NA,NA,"informational","trailing text in field 11","502 line(s) carry text in cols 73-78, e.g. 'Simpl'"
"europe/che422.rwl",NA,NA,"informational","ID fills all 8 columns","24 ID(s) run up against the year field, e.g. 'RCS0902a'"
"europe/che422.rwl",NA,NA,"informational","trailing text in field 11","279 line(s) carry text in cols 73-78, e.g. 'Simpl'"
"europe/che422x.rwl",NA,NA,"informational","ID fills all 8 columns","24 ID(s) run up against the year field, e.g. 'RCS0902a'"
"europe/che422x.rwl",NA,NA,"informational","trailing text in field 11","279 line(s) carry text in cols 73-78, e.g. 'Simpl'"
"europe/che423.rwl",NA,NA,"informational","ID fills all 8 columns","24 ID(s) run up against the year field, e.g. 'RCS1001A'"
"europe/che423.rwl",NA,NA,"informational","trailing text in field 11","350 line(s) carry text in cols 73-78, e.g. 'Simpl'"
"europe/che423x.rwl",NA,NA,"informational","ID fills all 8 columns","24 ID(s) run up against the year field, e.g. 'RCS1001A'"
"europe/che423x.rwl",NA,NA,"informational","trailing text in field 11","350 line(s) carry text in cols 73-78, e.g. 'Simpl'"
"europe/che475.rwl",NA,NA,"informational","ID fills all 8 columns","15 ID(s) run up against the year field, e.g. 'BS01F_02'"
"europe/che476.rwl",NA,NA,"informational","ID fills all 8 columns","15 ID(s) run up against the year field, e.g. 'CU01F_01'"
"europe/che477.rwl",NA,NA,"informational","ID fills all 8 columns","12 ID(s) run up against the year field, e.g. 'SC01F_01'"
"europe/che478.rwl",NA,NA,"informational","ID fills all 8 columns","14 ID(s) run up against the year field, e.g. 'SC00T_01'"
"europe/che479.rwl",NA,NA,"informational","ID fills all 8 columns","13 ID(s) run up against the year field, e.g. 'PL01F_01'"
"europe/che480.rwl",NA,NA,"informational","ID fills all 8 columns","15 ID(s) run up against the year field, e.g. 'PL01T_01'"
"europe/che481.rwl",NA,NA,"informational","ID fills all 8 columns","7 ID(s) run up against the year field, e.g. 'TS01T_01'"
"europe/che482.rwl",NA,NA,"informational","ID fills all 8 columns","10 ID(s) run up against the year field, e.g. 'TS01F_01'"
"europe/che483.rwl",NA,NA,"informational","ID fills all 8 columns","12 ID(s) run up against the year field, e.g. 'TU01F_01'"
"europe/che484.rwl",NA,NA,"informational","ID fills all 8 columns","9 ID(s) run up against the year field, e.g. 'A.A3.704'"
"europe/che485.rwl",NA,NA,"informational","ID fills all 8 columns","2 ID(s) run up against the year field, e.g. 'GmePA12A'"
"europe/che499.rwl",NA,NA,"informational","ID fills all 8 columns","18 ID(s) run up against the year field, e.g. 'N13NPS2A'"
"europe/che500.rwl",NA,NA,"informational","ID fills all 8 columns","25 ID(s) run up against the year field, e.g. 'N16NPS2A'"
"europe/che501.rwl",NA,NA,"informational","ID fills all 8 columns","34 ID(s) run up against the year field, e.g. 'N19_i01A'"
"europe/che502.rwl",NA,NA,"informational","ID fills all 8 columns","23 ID(s) run up against the year field, e.g. 'S16OPS3A'"
"europe/che503.rwl",NA,NA,"informational","ID fills all 8 columns","29 ID(s) run up against the year field, e.g. 'S19OPS2A'"
"europe/che523.rwl",NA,NA,"informational","ID fills all 8 columns","24 ID(s) run up against the year field, e.g. 'DWN13L3A'"
"europe/che524.rwl",NA,NA,"informational","ID fills all 8 columns","32 ID(s) run up against the year field, e.g. 'N16L1EWA'"
"europe/che525.rwl",NA,NA,"informational","ID fills all 8 columns","28 ID(s) run up against the year field, e.g. 'N19L10EW'"
"europe/che526.rwl",NA,NA,"informational","ID fills all 8 columns","34 ID(s) run up against the year field, e.g. 'N22L102S'"
"europe/che527.rwl",NA,NA,"informational","ID fills all 8 columns","30 ID(s) run up against the year field, e.g. 'S16L101A'"
"europe/che528.rwl",NA,NA,"informational","ID fills all 8 columns","21 ID(s) run up against the year field, e.g. 'S19L12EW'"
"europe/che529.rwl",NA,NA,"informational","ID fills all 8 columns","34 ID(s) run up against the year field, e.g. 'S22L10EW'"
"europe/che552.rwl",NA,NA,"informational","ID fills all 8 columns","137 ID(s) run up against the year field, e.g. 'VDW0002b'"
"europe/che565.rwl",NA,NA,"informational","blank inside series ID","15 ID(s) contain blanks, e.g. 'BAR Bu06'"
"europe/che565.rwl",NA,NA,"informational","ID fills all 8 columns","15 ID(s) run up against the year field, e.g. 'BAR Bu06'"
"europe/che566.rwl",NA,NA,"informational","blank inside series ID","9 ID(s) contain blanks, e.g. 'BAT Bu08'"
"europe/che566.rwl",NA,NA,"informational","ID fills all 8 columns","9 ID(s) run up against the year field, e.g. 'BAT Bu08'"
"europe/che592.rwl",NA,NA,"informational","ID fills all 8 columns","8 ID(s) run up against the year field, e.g. 'VDW0133a'"
"europe/che603.rwl",NA,NA,"informational","ID fills all 8 columns","142 ID(s) run up against the year field, e.g. 'HCZ0701A'"
"europe/che603x.rwl",NA,NA,"informational","ID fills all 8 columns","30 ID(s) run up against the year field, e.g. 'HCZ0702A'"
"europe/che605.rwl",NA,NA,"informational","ID fills all 8 columns","48 ID(s) run up against the year field, e.g. 'HCZ0801A'"
"europe/che605x.rwl",NA,NA,"informational","ID fills all 8 columns","31 ID(s) run up against the year field, e.g. 'hcz0801B'"
"europe/che607.rwl",NA,NA,"informational","ID fills all 8 columns","54 ID(s) run up against the year field, e.g. 'HCZ0901a'"
"europe/che607x.rwl",NA,NA,"informational","ID fills all 8 columns","24 ID(s) run up against the year field, e.g. 'HCZ0905A'"
"europe/che612.rwl",NA,NA,"informational","ID fills all 8 columns","60 ID(s) run up against the year field, e.g. 'HCZ1301a'"
"europe/che612x.rwl",NA,NA,"informational","ID fills all 8 columns","22 ID(s) run up against the year field, e.g. 'HCZ1303A'"
"europe/che614.rwl",NA,NA,"informational","ID fills all 8 columns","53 ID(s) run up against the year field, e.g. 'RCS0501a'"
"europe/che615.rwl",NA,NA,"informational","ID fills all 8 columns","112 ID(s) run up against the year field, e.g. 'RCS0601a'"
"europe/che616.rwl",NA,NA,"informational","ID fills all 8 columns","195 ID(s) run up against the year field, e.g. 'RCZ0101a'"
"europe/che617.rwl",NA,NA,"informational","ID fills all 8 columns","171 ID(s) run up against the year field, e.g. 'RCZ0201a'"
"europe/che618.rwl",NA,NA,"informational","ID fills all 8 columns","157 ID(s) run up against the year field, e.g. 'RCZ0301a'"
"europe/che619.rwl",NA,NA,"informational","ID fills all 8 columns","160 ID(s) run up against the year field, e.g. 'RCZ0401a'"
"europe/che619x.rwl",NA,NA,"informational","ID fills all 8 columns","24 ID(s) run up against the year field, e.g. 'RCZ0412A'"
"europe/che621.rwl",NA,NA,"informational","ID fills all 8 columns","42 ID(s) run up against the year field, e.g. 'SCR0101a'"
"europe/cypr017.rwl",NA,NA,"informational","ID fills all 8 columns","2 ID(s) run up against the year field, e.g. 'AMIN11B1'"
"europe/czec001.rwl",NA,NA,"informational","ID fills all 8 columns","37 ID(s) run up against the year field, e.g. 'W7702000'"
"europe/czec001x.rwl",NA,NA,"informational","ID fills all 8 columns","45 ID(s) run up against the year field, e.g. 'D7701000'"
"europe/czec002.rwl",NA,NA,"informational","ID fills all 8 columns","70 ID(s) run up against the year field, e.g. 'C0075010'"
"europe/czec002x.rwl",NA,NA,"informational","ID fills all 8 columns","60 ID(s) run up against the year field, e.g. 'MSD07201'"
"europe/czec011.rwl",NA,NA,"informational","ID fills all 8 columns","42 ID(s) run up against the year field, e.g. 'SUBRE001'"
"europe/czec015.rwl",NA,NA,"informational","ID fills all 8 columns","38 ID(s) run up against the year field, e.g. 'CSJEB001'"
"europe/czec017.rwl",NA,NA,"informational","ID fills all 8 columns","40 ID(s) run up against the year field, e.g. 'SUOST001'"
"europe/czec021.rwl",NA,NA,"informational","ID fills all 8 columns","41 ID(s) run up against the year field, e.g. 'RARAS001'"
"europe/czec023.rwl",NA,NA,"informational","ID fills all 8 columns","40 ID(s) run up against the year field, e.g. 'SUREJ001'"
"europe/czec024.rwl",NA,NA,"informational","ID fills all 8 columns","47 ID(s) run up against the year field, e.g. 'CSRUZ001'"
"europe/czec026.rwl",NA,NA,"informational","ID fills all 8 columns","35 ID(s) run up against the year field, e.g. 'CSSTS001'"
"europe/czec027.rwl",NA,NA,"informational","ID fills all 8 columns","50 ID(s) run up against the year field, e.g. 'JESUC001'"
"europe/deu302.rwl",NA,NA,"informational","ID fills all 8 columns","14 ID(s) run up against the year field, e.g. 'ddp0101m'"
"europe/deu303.rwl",NA,NA,"informational","ID fills all 8 columns","15 ID(s) run up against the year field, e.g. 'dek0101m'"
"europe/deu304.rwl",NA,NA,"informational","ID fills all 8 columns","15 ID(s) run up against the year field, e.g. 'dek0301m'"
"europe/deu305.rwl",NA,NA,"informational","ID fills all 8 columns","19 ID(s) run up against the year field, e.g. 'den0101m'"
"europe/deu306.rwl",NA,NA,"informational","ID fills all 8 columns","21 ID(s) run up against the year field, e.g. 'den0301m'"
"europe/deu307.rwl",NA,NA,"informational","ID fills all 8 columns","16 ID(s) run up against the year field, e.g. 'den0401m'"
"europe/deu308.rwl",NA,NA,"informational","ID fills all 8 columns","17 ID(s) run up against the year field, e.g. 'den0501m'"
"europe/deu309.rwl",NA,NA,"informational","ID fills all 8 columns","16 ID(s) run up against the year field, e.g. 'den0601m'"
"europe/deu310.rwl",NA,NA,"informational","ID fills all 8 columns","16 ID(s) run up against the year field, e.g. 'den0701m'"
"europe/deu311.rwl",NA,NA,"informational","ID fills all 8 columns","18 ID(s) run up against the year field, e.g. 'den0801m'"
"europe/deu312.rwl",NA,NA,"informational","ID fills all 8 columns","15 ID(s) run up against the year field, e.g. 'den0901m'"
"europe/deu313.rwl",NA,NA,"informational","ID fills all 8 columns","15 ID(s) run up against the year field, e.g. 'den1001m'"
"europe/deu314.rwl",NA,NA,"informational","ID fills all 8 columns","15 ID(s) run up against the year field, e.g. 'den1401m'"
"europe/deu315.rwl",NA,NA,"informational","ID fills all 8 columns","12 ID(s) run up against the year field, e.g. 'den1501m'"
"europe/deu316.rwl",NA,NA,"informational","ID fills all 8 columns","14 ID(s) run up against the year field, e.g. 'den1601m'"
"europe/deu317.rwl",NA,NA,"informational","ID fills all 8 columns","26 ID(s) run up against the year field, e.g. 'dmm0601m'"
"europe/deu318.rwl",NA,NA,"informational","ID fills all 8 columns","7 ID(s) run up against the year field, e.g. 'dmm0701m'"
"europe/deu319.rwl",NA,NA,"informational","ID fills all 8 columns","20 ID(s) run up against the year field, e.g. 'BGAA101E'"
"europe/deu320.rwl",NA,NA,"informational","ID fills all 8 columns","20 ID(s) run up against the year field, e.g. 'BGAB101E'"
"europe/deu321.rwl",NA,NA,"informational","ID fills all 8 columns","20 ID(s) run up against the year field, e.g. 'BGAC103E'"
"europe/deu322.rwl",NA,NA,"informational","ID fills all 8 columns","20 ID(s) run up against the year field, e.g. 'BGBS101G'"
"europe/deu323.rwl",NA,NA,"informational","ID fills all 8 columns","20 ID(s) run up against the year field, e.g. 'BGBS301G'"
"europe/deu324.rwl",NA,NA,"informational","ID fills all 8 columns","20 ID(s) run up against the year field, e.g. 'BGBS503G'"
"europe/deu325.rwl",NA,NA,"informational","ID fills all 8 columns","20 ID(s) run up against the year field, e.g. 'BGBS901G'"
"europe/deu326.rwl",NA,NA,"informational","ID fills all 8 columns","20 ID(s) run up against the year field, e.g. 'BGGP102G'"
"europe/deu327.rwl",NA,NA,"informational","ID fills all 8 columns","20 ID(s) run up against the year field, e.g. 'BGGP301G'"
"europe/deu328.rwl",NA,NA,"informational","ID fills all 8 columns","20 ID(s) run up against the year field, e.g. 'BGGP501G'"
"europe/deu329.rwl",NA,NA,"informational","ID fills all 8 columns","20 ID(s) run up against the year field, e.g. 'BGGP901G'"
"europe/deu330.rwl",NA,NA,"informational","ID fills all 8 columns","20 ID(s) run up against the year field, e.g. 'BGOA101A'"
"europe/deu331.rwl",NA,NA,"informational","ID fills all 8 columns","20 ID(s) run up against the year field, e.g. 'BGOA303A'"
"europe/deu332.rwl",NA,NA,"informational","ID fills all 8 columns","20 ID(s) run up against the year field, e.g. 'BGOA501A'"
"europe/deu333.rwl",NA,NA,"informational","ID fills all 8 columns","20 ID(s) run up against the year field, e.g. 'BGOB101C'"
"europe/deu334.rwl",NA,NA,"informational","ID fills all 8 columns","20 ID(s) run up against the year field, e.g. 'BGOB302C'"
"europe/deu335.rwl",NA,NA,"informational","ID fills all 8 columns","20 ID(s) run up against the year field, e.g. 'BGPA101A'"
"europe/deu336.rwl",NA,NA,"informational","ID fills all 8 columns","20 ID(s) run up against the year field, e.g. 'BGPB101A'"
"europe/deu337.rwl",NA,NA,"informational","ID fills all 8 columns","20 ID(s) run up against the year field, e.g. 'BGPC101A'"
"europe/deu338.rwl",NA,NA,"informational","ID fills all 8 columns","40 ID(s) run up against the year field, e.g. 'DRO1501E'"
"europe/deu339.rwl",NA,NA,"informational","ID fills all 8 columns","38 ID(s) run up against the year field, e.g. 'DRO2521E'"
"europe/deu340.rwl",NA,NA,"informational","ID fills all 8 columns","98 ID(s) run up against the year field, e.g. 'HDK0101A'"
"europe/deu341.rwl",NA,NA,"informational","ID fills all 8 columns","78 ID(s) run up against the year field, e.g. 'HDL0101a'"
"europe/deu342.rwl",NA,NA,"informational","ID fills all 8 columns","102 ID(s) run up against the year field, e.g. 'HDL0201a'"
"europe/deu343.rwl",NA,NA,"informational","ID fills all 8 columns","127 ID(s) run up against the year field, e.g. 'HDL0301A'"
"europe/deu344.rwl",NA,NA,"informational","ID fills all 8 columns","20 ID(s) run up against the year field, e.g. 'NGEW102G'"
"europe/deu345.rwl",NA,NA,"informational","ID fills all 8 columns","20 ID(s) run up against the year field, e.g. 'NGEW301G'"
"europe/deu346.rwl",NA,NA,"informational","ID fills all 8 columns","20 ID(s) run up against the year field, e.g. 'NGEW504G'"
"europe/deu347.rwl",NA,NA,"informational","ID fills all 8 columns","20 ID(s) run up against the year field, e.g. 'NGHS101A'"
"europe/deu348.rwl",NA,NA,"informational","ID fills all 8 columns","20 ID(s) run up against the year field, e.g. 'NGHS901A'"
"europe/deu349.rwl",NA,NA,"informational","ID fills all 8 columns","20 ID(s) run up against the year field, e.g. 'NGKS102A'"
"europe/deu350.rwl",NA,NA,"informational","ID fills all 8 columns","20 ID(s) run up against the year field, e.g. 'NGKS901A'"
"europe/deu351.rwl",NA,NA,"informational","ID fills all 8 columns","20 ID(s) run up against the year field, e.g. 'NGLS102A'"
"europe/deu352.rwl",NA,NA,"informational","ID fills all 8 columns","20 ID(s) run up against the year field, e.g. 'NGLS501A'"
"europe/deu353.rwl",NA,NA,"informational","ID fills all 8 columns","20 ID(s) run up against the year field, e.g. 'NGMA103G'"
"europe/deu354.rwl",NA,NA,"informational","ID fills all 8 columns","20 ID(s) run up against the year field, e.g. 'NGMA901G'"
"europe/deu355.rwl",NA,NA,"informational","ID fills all 8 columns","20 ID(s) run up against the year field, e.g. 'NGMK101G'"
"europe/deu356.rwl",NA,NA,"informational","ID fills all 8 columns","20 ID(s) run up against the year field, e.g. 'NGMK502G'"
"europe/deu357.rwl",NA,NA,"informational","ID fills all 8 columns","20 ID(s) run up against the year field, e.g. 'NGMK902G'"
"europe/deu358.rwl",NA,NA,"informational","ID fills all 8 columns","20 ID(s) run up against the year field, e.g. 'NGML102C'"
"europe/deu359.rwl",NA,NA,"informational","ID fills all 8 columns","20 ID(s) run up against the year field, e.g. 'NGML501C'"
"europe/deu360.rwl",NA,NA,"informational","ID fills all 8 columns","20 ID(s) run up against the year field, e.g. 'NGMW102G'"
"europe/deu361.rwl",NA,NA,"informational","ID fills all 8 columns","20 ID(s) run up against the year field, e.g. 'NGMW301G'"
"europe/deu362.rwl",NA,NA,"informational","ID fills all 8 columns","20 ID(s) run up against the year field, e.g. 'NGMW502G'"
"europe/deu363.rwl",NA,NA,"informational","ID fills all 8 columns","20 ID(s) run up against the year field, e.g. 'NGMW901G'"
"europe/deu364.rwl",NA,NA,"informational","ID fills all 8 columns","20 ID(s) run up against the year field, e.g. 'NGSB101E'"
"europe/deu365.rwl",NA,NA,"informational","ID fills all 8 columns","20 ID(s) run up against the year field, e.g. 'NGSB902E'"
"europe/deu366.rwl",NA,NA,"informational","ID fills all 8 columns","20 ID(s) run up against the year field, e.g. 'OGLA101C'"
"europe/deu367.rwl",NA,NA,"informational","ID fills all 8 columns","20 ID(s) run up against the year field, e.g. 'OGLA201C'"
"europe/deu368.rwl",NA,NA,"informational","ID fills all 8 columns","20 ID(s) run up against the year field, e.g. 'OGLA301C'"
"europe/deu369.rwl",NA,NA,"informational","ID fills all 8 columns","20 ID(s) run up against the year field, e.g. 'OGLA501C'"
"europe/deu370.rwl",NA,NA,"informational","ID fills all 8 columns","20 ID(s) run up against the year field, e.g. 'OGLB103C'"
"europe/deu371.rwl",NA,NA,"informational","ID fills all 8 columns","20 ID(s) run up against the year field, e.g. 'OGLB202C'"
"europe/deu372.rwl",NA,NA,"informational","ID fills all 8 columns","20 ID(s) run up against the year field, e.g. 'OGLB301C'"
"europe/deu373.rwl",NA,NA,"informational","ID fills all 8 columns","20 ID(s) run up against the year field, e.g. 'OGLB501C'"
"europe/deu374.rwl",NA,NA,"informational","ID fills all 8 columns","20 ID(s) run up against the year field, e.g. 'OGLC101C'"
"europe/deu375.rwl",NA,NA,"informational","ID fills all 8 columns","20 ID(s) run up against the year field, e.g. 'OGLC201C'"
"europe/deu376.rwl",NA,NA,"informational","ID fills all 8 columns","20 ID(s) run up against the year field, e.g. 'OGLC301C'"
"europe/deu377.rwl",NA,NA,"informational","ID fills all 8 columns","20 ID(s) run up against the year field, e.g. 'OGLC504C'"
"europe/deu378.rwl",NA,NA,"informational","ID fills all 8 columns","20 ID(s) run up against the year field, e.g. 'OGLD102C'"
"europe/deu379.rwl",NA,NA,"informational","ID fills all 8 columns","20 ID(s) run up against the year field, e.g. 'OGLD202C'"
"europe/deu380.rwl",NA,NA,"informational","ID fills all 8 columns","20 ID(s) run up against the year field, e.g. 'OGLD301C'"
"europe/deu381.rwl",NA,NA,"informational","ID fills all 8 columns","20 ID(s) run up against the year field, e.g. 'OGLD501C'"
"europe/deu382.rwl",NA,NA,"informational","ID fills all 8 columns","20 ID(s) run up against the year field, e.g. 'OGWB101A'"
"europe/deu383.rwl",NA,NA,"informational","ID fills all 8 columns","20 ID(s) run up against the year field, e.g. 'SABW201C'"
"europe/deu384.rwl",NA,NA,"informational","ID fills all 8 columns","20 ID(s) run up against the year field, e.g. 'SAGB102A'"
"europe/deu385.rwl",NA,NA,"informational","ID fills all 8 columns","20 ID(s) run up against the year field, e.g. 'SAGB501A'"
"europe/deu386.rwl",NA,NA,"informational","ID fills all 8 columns","20 ID(s) run up against the year field, e.g. 'SAKK101A'"
"europe/deu387.rwl",NA,NA,"informational","ID fills all 8 columns","20 ID(s) run up against the year field, e.g. 'SAKK901A'"
"europe/deu388.rwl",NA,NA,"informational","ID fills all 8 columns","20 ID(s) run up against the year field, e.g. 'SAMA102A'"
"europe/deu389.rwl",NA,NA,"informational","ID fills all 8 columns","20 ID(s) run up against the year field, e.g. 'SAMA301A'"
"europe/deu390.rwl",NA,NA,"informational","ID fills all 8 columns","20 ID(s) run up against the year field, e.g. 'SAMA501A'"
"europe/deu391.rwl",NA,NA,"informational","ID fills all 8 columns","20 ID(s) run up against the year field, e.g. 'SAMA901A'"
"europe/deu392.rwl",NA,NA,"informational","ID fills all 8 columns","20 ID(s) run up against the year field, e.g. 'SAMG101A'"
"europe/deu393.rwl",NA,NA,"informational","ID fills all 8 columns","20 ID(s) run up against the year field, e.g. 'SAMG301A'"
"europe/deu394.rwl",NA,NA,"informational","ID fills all 8 columns","20 ID(s) run up against the year field, e.g. 'SAMG501A'"
"europe/deu395.rwl",NA,NA,"informational","ID fills all 8 columns","20 ID(s) run up against the year field, e.g. 'SAMG901A'"
"europe/deu396.rwl",NA,NA,"informational","ID fills all 8 columns","20 ID(s) run up against the year field, e.g. 'SLHB101C'"
"europe/deu397.rwl",NA,NA,"informational","ID fills all 8 columns","20 ID(s) run up against the year field, e.g. 'SLHI104C'"
"europe/deu398.rwl",NA,NA,"informational","ID fills all 8 columns","20 ID(s) run up against the year field, e.g. 'SLHI301C'"
"europe/deu399.rwl",NA,NA,"informational","ID fills all 8 columns","20 ID(s) run up against the year field, e.g. 'SLHI502C'"
"europe/deu400.rwl",NA,NA,"informational","ID fills all 8 columns","20 ID(s) run up against the year field, e.g. 'SLLS101G'"
"europe/deu401.rwl",NA,NA,"informational","ID fills all 8 columns","20 ID(s) run up against the year field, e.g. 'SLLS301G'"
"europe/deu402.rwl",NA,NA,"informational","ID fills all 8 columns","20 ID(s) run up against the year field, e.g. 'SLLS501G'"
"europe/deu403.rwl",NA,NA,"informational","ID fills all 8 columns","20 ID(s) run up against the year field, e.g. 'SSAK101C'"
"europe/deu404.rwl",NA,NA,"informational","ID fills all 8 columns","20 ID(s) run up against the year field, e.g. 'SSAK301C'"
"europe/deu405.rwl",NA,NA,"informational","ID fills all 8 columns","20 ID(s) run up against the year field, e.g. 'SSAK501C'"
"europe/deu406.rwl",NA,NA,"informational","ID fills all 8 columns","20 ID(s) run up against the year field, e.g. 'SSAK901C'"
"europe/deu407.rwl",NA,NA,"informational","ID fills all 8 columns","20 ID(s) run up against the year field, e.g. 'SSHO101C'"
"europe/deu408.rwl",NA,NA,"informational","ID fills all 8 columns","20 ID(s) run up against the year field, e.g. 'SSHO203C'"
"europe/deu409.rwl",NA,NA,"informational","ID fills all 8 columns","20 ID(s) run up against the year field, e.g. 'SSHO303C'"
"europe/deu410.rwl",NA,NA,"informational","ID fills all 8 columns","20 ID(s) run up against the year field, e.g. 'SSHO501C'"
"europe/deu411.rwl",NA,NA,"informational","ID fills all 8 columns","20 ID(s) run up against the year field, e.g. 'SSHO902C'"
"europe/deu412.rwl",NA,NA,"informational","ID fills all 8 columns","20 ID(s) run up against the year field, e.g. 'SSHU102C'"
"europe/deu413.rwl",NA,NA,"informational","ID fills all 8 columns","20 ID(s) run up against the year field, e.g. 'SSHU202C'"
"europe/deu414.rwl",NA,NA,"informational","ID fills all 8 columns","20 ID(s) run up against the year field, e.g. 'SSHU301C'"
"europe/deu415.rwl",NA,NA,"informational","ID fills all 8 columns","20 ID(s) run up against the year field, e.g. 'SSHU501C'"
"europe/deu416.rwl",NA,NA,"informational","ID fills all 8 columns","20 ID(s) run up against the year field, e.g. 'SSMS101C'"
"europe/deu417.rwl",NA,NA,"informational","ID fills all 8 columns","20 ID(s) run up against the year field, e.g. 'TSSW101G'"
"europe/deu418.rwl",NA,NA,"informational","ID fills all 8 columns","20 ID(s) run up against the year field, e.g. 'TSSW302G'"
"europe/deu419.rwl",NA,NA,"informational","ID fills all 8 columns","20 ID(s) run up against the year field, e.g. 'TSSW501G'"
"europe/deu420.rwl",NA,NA,"informational","ID fills all 8 columns","20 ID(s) run up against the year field, e.g. 'TZSB101C'"
"europe/deu421.rwl",NA,NA,"informational","ID fills all 8 columns","20 ID(s) run up against the year field, e.g. 'TZSZ101C'"
"europe/deu426.rwl",NA,NA,"informational","ID fills all 8 columns","96 ID(s) run up against the year field, e.g. 'EDB0101A'"
"europe/deu427.rwl",NA,NA,"informational","ID fills all 8 columns","100 ID(s) run up against the year field, e.g. 'EDB0201A'"
"europe/deu428.rwl",NA,NA,"informational","ID fills all 8 columns","109 ID(s) run up against the year field, e.g. 'EDB0301a'"
"europe/deu429.rwl",NA,NA,"informational","ID fills all 8 columns","80 ID(s) run up against the year field, e.g. 'EDG0101A'"
"europe/deu430.rwl",NA,NA,"informational","ID fills all 8 columns","94 ID(s) run up against the year field, e.g. 'EDI0101a'"
"europe/deu431.rwl",NA,NA,"informational","ID fills all 8 columns","97 ID(s) run up against the year field, e.g. 'EDI0301a'"
"europe/deu432.rwl",NA,NA,"informational","ID fills all 8 columns","41 ID(s) run up against the year field, e.g. 'EDI0401A'"
"europe/deu433.rwl",NA,NA,"informational","ID fills all 8 columns","60 ID(s) run up against the year field, e.g. 'EDI0501A'"
"europe/deu434.rwl",NA,NA,"informational","ID fills all 8 columns","94 ID(s) run up against the year field, e.g. 'EDK0101A'"
"europe/deu435.rwl",NA,NA,"informational","ID fills all 8 columns","63 ID(s) run up against the year field, e.g. 'EDL0301A'"
"europe/deu436.rwl",NA,NA,"informational","ID fills all 8 columns","57 ID(s) run up against the year field, e.g. 'EDL0401a'"
"europe/deu437.rwl",NA,NA,"informational","ID fills all 8 columns","94 ID(s) run up against the year field, e.g. 'EDL0501A'"
"europe/deu438.rwl",NA,NA,"informational","ID fills all 8 columns","91 ID(s) run up against the year field, e.g. 'EDN0101A'"
"europe/deu439.rwl",NA,NA,"informational","ID fills all 8 columns","96 ID(s) run up against the year field, e.g. 'EDN0201a'"
"europe/deu440.rwl",NA,NA,"informational","ID fills all 8 columns","128 ID(s) run up against the year field, e.g. 'EDO0101a'"
"europe/deu441.rwl",NA,NA,"informational","ID fills all 8 columns","70 ID(s) run up against the year field, e.g. 'EDO0201A'"
"europe/deu442.rwl",NA,NA,"informational","ID fills all 8 columns","94 ID(s) run up against the year field, e.g. 'EDO0301A'"
"europe/deu443.rwl",NA,NA,"informational","ID fills all 8 columns","100 ID(s) run up against the year field, e.g. 'EDP0501a'"
"europe/deu444.rwl",NA,NA,"informational","ID fills all 8 columns","87 ID(s) run up against the year field, e.g. 'EDP0601A'"
"europe/deu445.rwl",NA,NA,"informational","ID fills all 8 columns","97 ID(s) run up against the year field, e.g. 'EDP0701A'"
"europe/deu446.rwl",NA,NA,"informational","ID fills all 8 columns","95 ID(s) run up against the year field, e.g. 'EDP0801a'"
"europe/deu447.rwl",NA,NA,"informational","ID fills all 8 columns","82 ID(s) run up against the year field, e.g. 'EDR0101a'"
"europe/deu448.rwl",NA,NA,"informational","ID fills all 8 columns","92 ID(s) run up against the year field, e.g. 'EDS0201A'"
"europe/deu449.rwl",NA,NA,"informational","ID fills all 8 columns","100 ID(s) run up against the year field, e.g. 'EDS0301A'"
"europe/deu450.rwl",NA,NA,"informational","ID fills all 8 columns","96 ID(s) run up against the year field, e.g. 'EDT0101A'"
"europe/deu451.rwl",NA,NA,"informational","ID fills all 8 columns","81 ID(s) run up against the year field, e.g. 'EDT0201A'"
"europe/deu452.rwl",NA,NA,"informational","ID fills all 8 columns","98 ID(s) run up against the year field, e.g. 'EDT0301a'"
"europe/deu453.rwl",NA,NA,"informational","ID fills all 8 columns","99 ID(s) run up against the year field, e.g. 'EDT0401A'"
"europe/deu454.rwl",NA,NA,"informational","ID fills all 8 columns","99 ID(s) run up against the year field, e.g. 'EDT0501A'"
"europe/deu455.rwl",NA,NA,"informational","ID fills all 8 columns","94 ID(s) run up against the year field, e.g. 'EDU0101A'"
"europe/deu456.rwl",NA,NA,"informational","ID fills all 8 columns","87 ID(s) run up against the year field, e.g. 'EDU0201A'"
"europe/deu457.rwl",NA,NA,"informational","ID fills all 8 columns","98 ID(s) run up against the year field, e.g. 'EDU0501A'"
"europe/deu458.rwl",NA,NA,"informational","ID fills all 8 columns","96 ID(s) run up against the year field, e.g. 'EDU0601A'"
"europe/deu459.rwl",NA,NA,"informational","ID fills all 8 columns","90 ID(s) run up against the year field, e.g. 'EDU0701A'"
"europe/deu460.rwl",NA,NA,"informational","ID fills all 8 columns","77 ID(s) run up against the year field, e.g. 'EDW0201A'"
"europe/deu461.rwl",NA,NA,"informational","ID fills all 8 columns","106 ID(s) run up against the year field, e.g. 'EDW0601a'"
"europe/deu462.rwl",NA,NA,"informational","ID fills all 8 columns","100 ID(s) run up against the year field, e.g. 'EDW1101A'"
"europe/deu463.rwl",NA,NA,"informational","ID fills all 8 columns","54 ID(s) run up against the year field, e.g. 'EDW1201A'"
"europe/deu464.rwl",NA,NA,"informational","ID fills all 8 columns","33 ID(s) run up against the year field, e.g. 'EDW1332A'"
"europe/deu465.rwl",NA,NA,"informational","ID fills all 8 columns","96 ID(s) run up against the year field, e.g. 'EDY0101A'"
"europe/deu466.rwl",NA,NA,"informational","ID fills all 8 columns","100 ID(s) run up against the year field, e.g. 'EDY0201a'"
"europe/deu467.rwl",NA,NA,"informational","ID fills all 8 columns","30 ID(s) run up against the year field, e.g. 'HDB0101a'"
"europe/deu468.rwl",NA,NA,"informational","ID fills all 8 columns","30 ID(s) run up against the year field, e.g. 'HDB0221A'"
"europe/deu469.rwl",NA,NA,"informational","ID fills all 8 columns","24 ID(s) run up against the year field, e.g. 'HDK0201A'"
"europe/deu470.rwl",NA,NA,"informational","ID fills all 8 columns","19 ID(s) run up against the year field, e.g. 'HDK0301a'"
"europe/deu471.rwl",NA,NA,"informational","ID fills all 8 columns","23 ID(s) run up against the year field, e.g. 'HDK0401a'"
"europe/deu472.rwl",NA,NA,"informational","ID fills all 8 columns","5 ID(s) run up against the year field, e.g. 'HDM0101A'"
"europe/deu473.rwl",NA,NA,"informational","ID fills all 8 columns","25 ID(s) run up against the year field, e.g. 'HDM0201B'"
"europe/deu474.rwl",NA,NA,"informational","ID fills all 8 columns","14 ID(s) run up against the year field, e.g. 'HDM0301A'"
"europe/deu475.rwl",NA,NA,"informational","ID fills all 8 columns","14 ID(s) run up against the year field, e.g. 'HDM0401A'"
"europe/deu476.rwl",NA,NA,"informational","ID fills all 8 columns","11 ID(s) run up against the year field, e.g. 'HDM0501B'"
"europe/deu477.rwl",NA,NA,"informational","ID fills all 8 columns","34 ID(s) run up against the year field, e.g. 'HDM0601A'"
"europe/deu478.rwl",NA,NA,"informational","ID fills all 8 columns","50 ID(s) run up against the year field, e.g. 'KDP0101A'"
"europe/deu479.rwl",NA,NA,"informational","ID fills all 8 columns","48 ID(s) run up against the year field, e.g. 'KDP0201A'"
"europe/deu480.rwl",NA,NA,"informational","ID fills all 8 columns","46 ID(s) run up against the year field, e.g. 'KDP0301A'"
"europe/deu481.rwl",NA,NA,"informational","ID fills all 8 columns","39 ID(s) run up against the year field, e.g. 'KDP0401A'"
"europe/deu482.rwl",NA,NA,"informational","ID fills all 8 columns","148 ID(s) run up against the year field, e.g. 'KDP0501a'"
"europe/deu483.rwl",NA,NA,"informational","ID fills all 8 columns","100 ID(s) run up against the year field, e.g. 'KDP0601A'"
"europe/deu484.rwl",NA,NA,"informational","ID fills all 8 columns","59 ID(s) run up against the year field, e.g. 'KDP0701a'"
"europe/deu485.rwl",NA,NA,"informational","ID fills all 8 columns","47 ID(s) run up against the year field, e.g. 'KDP0801a'"
"europe/deu486.rwl",NA,NA,"informational","ID fills all 8 columns","44 ID(s) run up against the year field, e.g. 'KDP0901Z'"
"europe/deu487.rwl",NA,NA,"informational","ID fills all 8 columns","89 ID(s) run up against the year field, e.g. 'KDP1001A'"
"europe/deu488.rwl",NA,NA,"informational","ID fills all 8 columns","82 ID(s) run up against the year field, e.g. 'KDR0101A'"
"europe/deu489.rwl",NA,NA,"informational","ID fills all 8 columns","76 ID(s) run up against the year field, e.g. 'KDR0201A'"
"europe/deu490.rwl",NA,NA,"informational","ID fills all 8 columns","97 ID(s) run up against the year field, e.g. 'PDR0101a'"
"europe/deu491.rwl",NA,NA,"informational","ID fills all 8 columns","56 ID(s) run up against the year field, e.g. 'PWO0101A'"
"europe/deu492.rwl",NA,NA,"informational","ID fills all 8 columns","24 ID(s) run up against the year field, e.g. 'PWO0203A'"
"europe/deu493.rwl",NA,NA,"informational","ID fills all 8 columns","1 ID(s) run up against the year field, e.g. 'SER27A_s'"
"europe/esp090.rwl",NA,NA,"informational","ID fills all 8 columns","99 ID(s) run up against the year field, e.g. 'EEC0101a'"
"europe/esp091.rwl",NA,NA,"informational","ID fills all 8 columns","86 ID(s) run up against the year field, e.g. 'EEC0201A'"
"europe/esp092.rwl",NA,NA,"informational","ID fills all 8 columns","101 ID(s) run up against the year field, e.g. 'EEG0101a'"
"europe/esp093.rwl",NA,NA,"informational","ID fills all 8 columns","148 ID(s) run up against the year field, e.g. 'EEG0201A'"
"europe/esp094.rwl",NA,NA,"informational","ID fills all 8 columns","66 ID(s) run up against the year field, e.g. 'EEG0301A'"
"europe/esp095.rwl",NA,NA,"informational","ID fills all 8 columns","46 ID(s) run up against the year field, e.g. 'EEG0401c'"
"europe/esp096.rwl",NA,NA,"informational","ID fills all 8 columns","82 ID(s) run up against the year field, e.g. 'EES0202a'"
"europe/esp097.rwl",NA,NA,"informational","ID fills all 8 columns","57 ID(s) run up against the year field, e.g. 'EES0401z'"
"europe/esp098.rwl",NA,NA,"informational","ID fills all 8 columns","105 ID(s) run up against the year field, e.g. 'HEC0101A'"
"europe/esp099.rwl",NA,NA,"informational","ID fills all 8 columns","177 ID(s) run up against the year field, e.g. 'HEC0200A'"
"europe/esp099x.rwl",NA,NA,"informational","ID fills all 8 columns","43 ID(s) run up against the year field, e.g. 'HEC0203A'"
"europe/esp101.rwl",NA,NA,"informational","ID fills all 8 columns","159 ID(s) run up against the year field, e.g. 'HEC0300A'"
"europe/esp101x.rwl",NA,NA,"informational","ID fills all 8 columns","24 ID(s) run up against the year field, e.g. 'HEC0305A'"
"europe/fin098.rwl",NA,NA,"informational","ID fills all 8 columns","76 ID(s) run up against the year field, e.g. 'ELK0101a'"
"europe/fin099.rwl",NA,NA,"informational","ID fills all 8 columns","84 ID(s) run up against the year field, e.g. 'ELK0201a'"
"europe/fin100.rwl",NA,NA,"informational","ID fills all 8 columns","95 ID(s) run up against the year field, e.g. 'ELU0101A'"
"europe/fin101.rwl",NA,NA,"informational","ID fills all 8 columns","101 ID(s) run up against the year field, e.g. 'ELU0201A'"
"europe/fin102.rwl",NA,NA,"informational","ID fills all 8 columns","47 ID(s) run up against the year field, e.g. 'HLP0101A'"
"europe/fin103.rwl",NA,NA,"informational","ID fills all 8 columns","46 ID(s) run up against the year field, e.g. 'HLP0201A'"
"europe/fin104.rwl",NA,NA,"informational","ID fills all 8 columns","47 ID(s) run up against the year field, e.g. 'HLP0301A'"
"europe/fin105.rwl",NA,NA,"informational","ID fills all 8 columns","46 ID(s) run up against the year field, e.g. 'HLP0401A'"
"europe/fin106.rwl",NA,NA,"informational","ID fills all 8 columns","42 ID(s) run up against the year field, e.g. 'KLN0101A'"
"europe/fin107.rwl",NA,NA,"informational","ID fills all 8 columns","40 ID(s) run up against the year field, e.g. 'KLN0226A'"
"europe/fin108.rwl",NA,NA,"informational","ID fills all 8 columns","36 ID(s) run up against the year field, e.g. 'KLN0351B'"
"europe/fin109.rwl",NA,NA,"informational","ID fills all 8 columns","44 ID(s) run up against the year field, e.g. 'KLN0476A'"
"europe/fin110x.rwl",NA,NA,"informational","ID fills all 8 columns","17 ID(s) run up against the year field, e.g. 'ELA0102a'"
"europe/fin111x.rwl",NA,NA,"informational","ID fills all 8 columns","19 ID(s) run up against the year field, e.g. 'ELA0206a'"
"europe/fin112x.rwl",NA,NA,"informational","ID fills all 8 columns","18 ID(s) run up against the year field, e.g. 'ELM0101B'"
"europe/fin113x.rwl",NA,NA,"informational","ID fills all 8 columns","20 ID(s) run up against the year field, e.g. 'ELM0201b'"
"europe/fin114x.rwl",NA,NA,"informational","ID fills all 8 columns","20 ID(s) run up against the year field, e.g. 'ELS0121a'"
"europe/fin115x.rwl",NA,NA,"informational","ID fills all 8 columns","20 ID(s) run up against the year field, e.g. 'ELS0201a'"
"europe/finl021.rwl",NA,NA,"informational","ID fills all 8 columns","85 ID(s) run up against the year field, e.g. 'NFD0001A'"
"europe/finl022.rwl",NA,NA,"informational","ID fills all 8 columns","44 ID(s) run up against the year field, e.g. 'NFD0101A'"
"europe/finl023.rwl",NA,NA,"informational","ID fills all 8 columns","18 ID(s) run up against the year field, e.g. 'OMA0851A'"
"europe/finl024.rwl",NA,NA,"informational","ID fills all 8 columns","17 ID(s) run up against the year field, e.g. 'OMA0462A'"
"europe/finl025.rwl",NA,NA,"informational","ID fills all 8 columns","16 ID(s) run up against the year field, e.g. 'NLD0042A'"
"europe/finl026.rwl",NA,NA,"informational","ID fills all 8 columns","19 ID(s) run up against the year field, e.g. 'OMA0415B'"
"europe/finl027.rwl",NA,NA,"informational","ID fills all 8 columns","15 ID(s) run up against the year field, e.g. 'OMA0371A'"
"europe/finl028.rwl",NA,NA,"informational","ID fills all 8 columns","39 ID(s) run up against the year field, e.g. 'OLC0201A'"
"europe/finl029.rwl",NA,NA,"informational","ID fills all 8 columns","21 ID(s) run up against the year field, e.g. 'OLC1401A'"
"europe/finl030.rwl",NA,NA,"informational","ID fills all 8 columns","158 ID(s) run up against the year field, e.g. 'OLC2103A'"
"europe/finl031.rwl",NA,NA,"informational","ID fills all 8 columns","160 ID(s) run up against the year field, e.g. 'OLC1504A'"
"europe/finl032.rwl",NA,NA,"informational","ID fills all 8 columns","36 ID(s) run up against the year field, e.g. 'OLC1151A'"
"europe/finl033.rwl",NA,NA,"informational","ID fills all 8 columns","150 ID(s) run up against the year field, e.g. 'OLC0601A'"
"europe/finl034.rwl",NA,NA,"informational","ID fills all 8 columns","214 ID(s) run up against the year field, e.g. 'OLC2451A'"
"europe/finl035.rwl",NA,NA,"informational","ID fills all 8 columns","57 ID(s) run up against the year field, e.g. 'OLC1802A'"
"europe/finl036.rwl",NA,NA,"informational","ID fills all 8 columns","12 ID(s) run up against the year field, e.g. 'OLC0202A'"
"europe/finl037.rwl",NA,NA,"informational","ID fills all 8 columns","131 ID(s) run up against the year field, e.g. 'OLC2301A'"
"europe/finl038.rwl",NA,NA,"informational","ID fills all 8 columns","21 ID(s) run up against the year field, e.g. 'NMB0071A'"
"europe/finl039.rwl",NA,NA,"informational","ID fills all 8 columns","55 ID(s) run up against the year field, e.g. 'OMA0321A'"
"europe/finl040.rwl",NA,NA,"informational","ID fills all 8 columns","43 ID(s) run up against the year field, e.g. 'OMA0521A'"
"europe/finl041.rwl",NA,NA,"informational","ID fills all 8 columns","33 ID(s) run up against the year field, e.g. 'OLC2761A'"
"europe/finl042.rwl",NA,NA,"informational","ID fills all 8 columns","103 ID(s) run up against the year field, e.g. 'OMA0141A'"
"europe/finl043.rwl",NA,NA,"informational","ID fills all 8 columns","22 ID(s) run up against the year field, e.g. 'OLC2802A'"
"europe/finl044.rwl",NA,NA,"informational","ID fills all 8 columns","84 ID(s) run up against the year field, e.g. 'KMA0040B'"
"europe/finl045.rwl",NA,NA,"informational","ID fills all 8 columns","28 ID(s) run up against the year field, e.g. 'NGB0021B'"
"europe/finl046.rwl",NA,NA,"informational","ID fills all 8 columns","33 ID(s) run up against the year field, e.g. 'OHC0001A'"
"europe/finl047.rwl",NA,NA,"informational","ID fills all 8 columns","44 ID(s) run up against the year field, e.g. 'OFA0011A'"
"europe/finl048.rwl",NA,NA,"informational","ID fills all 8 columns","17 ID(s) run up against the year field, e.g. 'NGC0001A'"
"europe/finl049.rwl",NA,NA,"informational","ID fills all 8 columns","38 ID(s) run up against the year field, e.g. 'OKC0332A'"
"europe/finl050.rwl",NA,NA,"informational","ID fills all 8 columns","14 ID(s) run up against the year field, e.g. 'OKC0101A'"
"europe/finl051.rwl",NA,NA,"informational","ID fills all 8 columns","35 ID(s) run up against the year field, e.g. 'OLB0066A'"
"europe/finl052.rwl",NA,NA,"informational","ID fills all 8 columns","33 ID(s) run up against the year field, e.g. 'OKC0251A'"
"europe/finl053.rwl",NA,NA,"informational","ID fills all 8 columns","20 ID(s) run up against the year field, e.g. 'OKC0613A'"
"europe/finl067.rwl",NA,NA,"informational","ID fills all 8 columns","31 ID(s) run up against the year field, e.g. 'OKC0507A'"
"europe/finl068.rwl",NA,NA,"informational","ID fills all 8 columns","10 ID(s) run up against the year field, e.g. 'OKC0378A'"
"europe/finl069.rwl",NA,NA,"informational","ID fills all 8 columns","42 ID(s) run up against the year field, e.g. '119612as'"
"europe/finl069x.rwl",NA,NA,"informational","ID fills all 8 columns","42 ID(s) run up against the year field, e.g. '119612as'"
"europe/finl070.rwl",NA,NA,"informational","ID fills all 8 columns","2 ID(s) run up against the year field, e.g. '119931as'"
"europe/finl070x.rwl",NA,NA,"informational","ID fills all 8 columns","2 ID(s) run up against the year field, e.g. '119931as'"
"europe/finl071.rwl",NA,NA,"informational","ID fills all 8 columns","2 ID(s) run up against the year field, e.g. '119814as'"
"europe/finl071x.rwl",NA,NA,"informational","ID fills all 8 columns","2 ID(s) run up against the year field, e.g. '119814as'"
"europe/finl072.rwl",NA,NA,"informational","ID fills all 8 columns","17 ID(s) run up against the year field, e.g. '120917as'"
"europe/finl072x.rwl",NA,NA,"informational","ID fills all 8 columns","17 ID(s) run up against the year field, e.g. '120917as'"
"europe/finl073.rwl",NA,NA,"informational","ID fills all 8 columns","22 ID(s) run up against the year field, e.g. '1210120a'"
"europe/finl073x.rwl",NA,NA,"informational","ID fills all 8 columns","22 ID(s) run up against the year field, e.g. '1210120a'"
"europe/finl074.rwl",NA,NA,"informational","ID fills all 8 columns","19 ID(s) run up against the year field, e.g. '1202111a'"
"europe/finl074x.rwl",NA,NA,"informational","ID fills all 8 columns","19 ID(s) run up against the year field, e.g. '1202111a'"
"europe/finl075.rwl",NA,NA,"informational","ID fills all 8 columns","19 ID(s) run up against the year field, e.g. 'Fi1Qr02a'"
"europe/finl076.rwl",NA,NA,"informational","ID fills all 8 columns","32 ID(s) run up against the year field, e.g. 'Fi2Ps12a'"
"europe/finl077.rwl",NA,NA,"informational","ID fills all 8 columns","39 ID(s) run up against the year field, e.g. 'Fi3Ps20a'"
"europe/finl078.rwl",NA,NA,"informational","ID fills all 8 columns","110 ID(s) run up against the year field, e.g. 'ELA0101a'"
"europe/finl079.rwl",NA,NA,"informational","ID fills all 8 columns","80 ID(s) run up against the year field, e.g. 'ELA0202a'"
"europe/finl080.rwl",NA,NA,"informational","ID fills all 8 columns","99 ID(s) run up against the year field, e.g. 'ELH0101a'"
"europe/finl081.rwl",NA,NA,"informational","ID fills all 8 columns","101 ID(s) run up against the year field, e.g. 'ELH0201a'"
"europe/finl082.rwl",NA,NA,"informational","ID fills all 8 columns","144 ID(s) run up against the year field, e.g. 'ELI0101a'"
"europe/finl083.rwl",NA,NA,"informational","ID fills all 8 columns","170 ID(s) run up against the year field, e.g. 'ELI0201a'"
"europe/finl084.rwl",NA,NA,"informational","file mixes precision flags across series","85 series end in 999 (0.01 mm) and 1 in -9999 (0.001 mm)."
"europe/finl084.rwl",NA,NA,"informational","ID fills all 8 columns","86 ID(s) run up against the year field, e.g. 'ELI0301a'"
"europe/finl085.rwl",NA,NA,"informational","ID fills all 8 columns","125 ID(s) run up against the year field, e.g. 'ELI0401a'"
"europe/finl086.rwl",NA,NA,"informational","ID fills all 8 columns","88 ID(s) run up against the year field, e.g. 'ELK0301a'"
"europe/finl087.rwl",NA,NA,"informational","ID fills all 8 columns","87 ID(s) run up against the year field, e.g. 'ELK0402a'"
"europe/finl088.rwl",NA,NA,"informational","ID fills all 8 columns","126 ID(s) run up against the year field, e.g. 'ELK0501a'"
"europe/finl089.rwl",NA,NA,"informational","ID fills all 8 columns","74 ID(s) run up against the year field, e.g. 'ELK0601a'"
"europe/finl090.rwl",NA,NA,"informational","ID fills all 8 columns","93 ID(s) run up against the year field, e.g. 'ELM0101A'"
"europe/finl091.rwl",NA,NA,"informational","ID fills all 8 columns","116 ID(s) run up against the year field, e.g. 'ELM0201A'"
"europe/finl092.rwl",NA,NA,"informational","ID fills all 8 columns","84 ID(s) run up against the year field, e.g. 'ELP0101a'"
"europe/finl093.rwl",NA,NA,"informational","ID fills all 8 columns","102 ID(s) run up against the year field, e.g. 'ELP0278A'"
"europe/finl094.rwl",NA,NA,"informational","ID fills all 8 columns","98 ID(s) run up against the year field, e.g. 'ELS0101a'"
"europe/finl095.rwl",NA,NA,"informational","ID fills all 8 columns","93 ID(s) run up against the year field, e.g. 'ELS0238a'"
"europe/finl096.rwl",NA,NA,"informational","ID fills all 8 columns","73 ID(s) run up against the year field, e.g. 'KLA0101A'"
"europe/finl097.rwl",NA,NA,"informational","ID fills all 8 columns","80 ID(s) run up against the year field, e.g. 'KLA0201A'"
"europe/finl1.rwl",NA,NA,"informational","ID fills all 8 columns","45 ID(s) run up against the year field, e.g. 'OMA0601A'"
"europe/finl2.rwl",NA,NA,"informational","ID fills all 8 columns","37 ID(s) run up against the year field, e.g. 'OMA0101A'"
"europe/finl3.rwl",NA,NA,"informational","ID fills all 8 columns","36 ID(s) run up against the year field, e.g. 'OMA0021A'"
"europe/finl4.rwl",NA,NA,"informational","ID fills all 8 columns","31 ID(s) run up against the year field, e.g. 'OMA0001A'"
"europe/fra061.rwl",NA,NA,"informational","ID fills all 8 columns","170 ID(s) run up against the year field, e.g. 'HFA0201A'"
"europe/fra062.rwl",NA,NA,"informational","ID fills all 8 columns","28 ID(s) run up against the year field, e.g. 'HFA0301A'"
"europe/fra063.rwl",NA,NA,"informational","ID fills all 8 columns","41 ID(s) run up against the year field, e.g. 'HFA0401Z'"
"europe/fra064.rwl",NA,NA,"informational","ID fills all 8 columns","98 ID(s) run up against the year field, e.g. 'HFB0101a'"
"europe/fra065.rwl",NA,NA,"informational","ID fills all 8 columns","33 ID(s) run up against the year field, e.g. 'HFB0201a'"
"europe/fra066.rwl",NA,NA,"informational","ID fills all 8 columns","104 ID(s) run up against the year field, e.g. 'HFB0300a'"
"europe/fra067.rwl",NA,NA,"informational","ID fills all 8 columns","45 ID(s) run up against the year field, e.g. 'HFB0401a'"
"europe/fra068.rwl",NA,NA,"informational","ID fills all 8 columns","19 ID(s) run up against the year field, e.g. 'HFC0101a'"
"europe/fra069.rwl",NA,NA,"informational","ID fills all 8 columns","44 ID(s) run up against the year field, e.g. 'HFG0101A'"
"europe/fran001.rwl",NA,NA,"informational","blank inside series ID","18 ID(s) contain blanks, e.g. 'Q 3775'"
"europe/fran002.rwl",NA,NA,"informational","blank inside series ID","19 ID(s) contain blanks, e.g. 'Q 3838'"
"europe/fran003.rwl",NA,NA,"informational","blank inside series ID","24 ID(s) contain blanks, e.g. 'Q 3608'"
"europe/fran004.rwl",NA,NA,"informational","blank inside series ID","18 ID(s) contain blanks, e.g. 'Q 3757'"
"europe/fran005.rwl",NA,NA,"informational","blank inside series ID","7 ID(s) contain blanks, e.g. 'Q 3894'"
"europe/fran007.rwl",NA,NA,"informational","blank inside series ID","19 ID(s) contain blanks, e.g. 'Q 3875'"
"europe/fran009.rwl",NA,NA,"informational","blank inside series ID","32 ID(s) contain blanks, e.g. '606 12'"
"europe/fran011.rwl",NA,NA,"informational","blank inside series ID","25 ID(s) contain blanks, e.g. '607 17'"
"europe/fran013.rwl",NA,NA,"informational","blank inside series ID","17 ID(s) contain blanks, e.g. '707 14'"
"europe/fran014.rwl",NA,NA,"informational","blank inside series ID","25 ID(s) contain blanks, e.g. '207 13'"
"europe/fran041.rwl",NA,NA,"informational","ID fills all 8 columns","52 ID(s) run up against the year field, e.g. 'BFV0102z'"
"europe/fran042.rwl",NA,NA,"informational","blank inside series ID","11 ID(s) contain blanks, e.g. '217 10a'"
"europe/fran042x.rwl",NA,NA,"informational","blank inside series ID","11 ID(s) contain blanks, e.g. '217 10a'"
"europe/fran043.rwl",NA,NA,"informational","blank inside series ID","82 ID(s) contain blanks, e.g. '128 01a'"
"europe/fran043x.rwl",NA,NA,"informational","blank inside series ID","82 ID(s) contain blanks, e.g. '128 01a'"
"europe/fran045.rwl",NA,NA,"informational","ID fills all 8 columns","24 ID(s) run up against the year field, e.g. 'M109a_to'"
"europe/fran046.rwl",NA,NA,"informational","ID fills all 8 columns","29 ID(s) run up against the year field, e.g. 'V221a_to'"
"europe/fran049.rwl",NA,NA,"informational","ID fills all 8 columns","60 ID(s) run up against the year field, e.g. 'Fr2Qp37a'"
"europe/fran050.rwl",NA,NA,"informational","ID fills all 8 columns","30 ID(s) run up against the year field, e.g. 'Fr3Qr11a'"
"europe/fran051x.rwl",NA,NA,"informational","ID fills all 8 columns","19 ID(s) run up against the year field, e.g. 'HFA0101A'"
"europe/fran052x.rwl",NA,NA,"informational","ID fills all 8 columns","20 ID(s) run up against the year field, e.g. 'HFT0151A'"
"europe/fran5.rwl",NA,NA,"informational","blank inside series ID","27 ID(s) contain blanks, e.g. '205 12'"
"europe/fran7.rwl",NA,NA,"informational","blank inside series ID","23 ID(s) contain blanks, e.g. '802 11'"
"europe/germ148.rwl",NA,NA,"informational","ID fills all 8 columns","13 ID(s) run up against the year field, e.g. 'dhk0114m'"
"europe/germ149.rwl",NA,NA,"informational","ID fills all 8 columns","15 ID(s) run up against the year field, e.g. 'dhk0217m'"
"europe/germ150.rwl",NA,NA,"informational","ID fills all 8 columns","16 ID(s) run up against the year field, e.g. 'dhk0316m'"
"europe/germ151.rwl",NA,NA,"informational","ID fills all 8 columns","13 ID(s) run up against the year field, e.g. 'dhk0401m'"
"europe/germ152.rwl",NA,NA,"informational","ID fills all 8 columns","16 ID(s) run up against the year field, e.g. 'dhk0501m'"
"europe/germ153.rwl",NA,NA,"informational","ID fills all 8 columns","13 ID(s) run up against the year field, e.g. 'dhk0601m'"
"europe/germ154.rwl",NA,NA,"informational","ID fills all 8 columns","13 ID(s) run up against the year field, e.g. 'dhk0813m'"
"europe/germ155.rwl",NA,NA,"informational","ID fills all 8 columns","6 ID(s) run up against the year field, e.g. 'dhk0906m'"
"europe/germ156.rwl",NA,NA,"informational","ID fills all 8 columns","7 ID(s) run up against the year field, e.g. 'dhk1007m'"
"europe/germ157.rwl",NA,NA,"informational","ID fills all 8 columns","13 ID(s) run up against the year field, e.g. 'dhk1113m'"
"europe/germ158.rwl",NA,NA,"informational","ID fills all 8 columns","10 ID(s) run up against the year field, e.g. 'dhk1210m'"
"europe/germ159.rwl",NA,NA,"informational","ID fills all 8 columns","12 ID(s) run up against the year field, e.g. 'dhk3512a'"
"europe/germ160.rwl",NA,NA,"informational","ID fills all 8 columns","12 ID(s) run up against the year field, e.g. 'dhk3612m'"
"europe/germ161.rwl",NA,NA,"informational","ID fills all 8 columns","9 ID(s) run up against the year field, e.g. 'dhk3810m'"
"europe/germ162.rwl",NA,NA,"informational","ID fills all 8 columns","18 ID(s) run up against the year field, e.g. 'dpe0721m'"
"europe/germ163.rwl",NA,NA,"informational","ID fills all 8 columns","16 ID(s) run up against the year field, e.g. 'drb0316m'"
"europe/germ164.rwl",NA,NA,"informational","ID fills all 8 columns","15 ID(s) run up against the year field, e.g. 'drb0517m'"
"europe/germ165.rwl",NA,NA,"informational","ID fills all 8 columns","18 ID(s) run up against the year field, e.g. 'drb0620m'"
"europe/germ166.rwl",NA,NA,"informational","ID fills all 8 columns","16 ID(s) run up against the year field, e.g. 'drb0716m'"
"europe/germ167.rwl",NA,NA,"informational","ID fills all 8 columns","17 ID(s) run up against the year field, e.g. 'drb0817m'"
"europe/germ168.rwl",NA,NA,"informational","ID fills all 8 columns","12 ID(s) run up against the year field, e.g. 'drb1201m'"
"europe/germ169.rwl",NA,NA,"informational","ID fills all 8 columns","12 ID(s) run up against the year field, e.g. 'drb1301m'"
"europe/germ170.rwl",NA,NA,"informational","ID fills all 8 columns","14 ID(s) run up against the year field, e.g. 'drb3101m'"
"europe/germ171.rwl",NA,NA,"informational","ID fills all 8 columns","7 ID(s) run up against the year field, e.g. 'drb3413m'"
"europe/germ172.rwl",NA,NA,"informational","ID fills all 8 columns","15 ID(s) run up against the year field, e.g. 'drb3819b'"
"europe/germ173.rwl",NA,NA,"informational","ID fills all 8 columns","10 ID(s) run up against the year field, e.g. 'dre0110m'"
"europe/germ174.rwl",NA,NA,"informational","ID fills all 8 columns","16 ID(s) run up against the year field, e.g. 'dre0216m'"
"europe/germ175.rwl",NA,NA,"informational","ID fills all 8 columns","16 ID(s) run up against the year field, e.g. 'dre0317m'"
"europe/germ176.rwl",NA,NA,"informational","ID fills all 8 columns","17 ID(s) run up against the year field, e.g. 'dre0401m'"
"europe/germ177.rwl",NA,NA,"informational","ID fills all 8 columns","14 ID(s) run up against the year field, e.g. 'dre0502m'"
"europe/germ178.rwl",NA,NA,"informational","ID fills all 8 columns","13 ID(s) run up against the year field, e.g. 'dre0613m'"
"europe/germ179.rwl",NA,NA,"informational","ID fills all 8 columns","13 ID(s) run up against the year field, e.g. 'dre0717m'"
"europe/germ180.rwl",NA,NA,"informational","ID fills all 8 columns","13 ID(s) run up against the year field, e.g. 'dre0814m'"
"europe/germ181.rwl",NA,NA,"informational","ID fills all 8 columns","14 ID(s) run up against the year field, e.g. 'dre0915m'"
"europe/germ182.rwl",NA,NA,"informational","ID fills all 8 columns","14 ID(s) run up against the year field, e.g. 'dre1001m'"
"europe/germ183.rwl",NA,NA,"informational","ID fills all 8 columns","13 ID(s) run up against the year field, e.g. 'dre1113m'"
"europe/germ184.rwl",NA,NA,"informational","ID fills all 8 columns","15 ID(s) run up against the year field, e.g. 'dre1201m'"
"europe/germ185.rwl",NA,NA,"informational","ID fills all 8 columns","15 ID(s) run up against the year field, e.g. 'dre1301m'"
"europe/germ186.rwl",NA,NA,"informational","ID fills all 8 columns","14 ID(s) run up against the year field, e.g. 'dre1415m'"
"europe/germ187.rwl",NA,NA,"informational","ID fills all 8 columns","11 ID(s) run up against the year field, e.g. 'dre2015m'"
"europe/germ188.rwl",NA,NA,"informational","ID fills all 8 columns","13 ID(s) run up against the year field, e.g. 'dre2913m'"
"europe/germ189.rwl",NA,NA,"informational","ID fills all 8 columns","16 ID(s) run up against the year field, e.g. 'drh0116B'"
"europe/germ190.rwl",NA,NA,"informational","ID fills all 8 columns","16 ID(s) run up against the year field, e.g. 'drh0201m'"
"europe/germ191.rwl",NA,NA,"informational","ID fills all 8 columns","16 ID(s) run up against the year field, e.g. 'drh0301m'"
"europe/germ192.rwl",NA,NA,"informational","ID fills all 8 columns","7 ID(s) run up against the year field, e.g. 'drh0408a'"
"europe/germ193.rwl",NA,NA,"informational","ID fills all 8 columns","18 ID(s) run up against the year field, e.g. 'drh0501m'"
"europe/germ194.rwl",NA,NA,"informational","ID fills all 8 columns","14 ID(s) run up against the year field, e.g. 'drh0601m'"
"europe/germ195.rwl",NA,NA,"informational","ID fills all 8 columns","16 ID(s) run up against the year field, e.g. 'drj0116m'"
"europe/germ196.rwl",NA,NA,"informational","ID fills all 8 columns","16 ID(s) run up against the year field, e.g. 'drj0317m'"
"europe/germ197.rwl",NA,NA,"informational","ID fills all 8 columns","14 ID(s) run up against the year field, e.g. 'drk0115m'"
"europe/germ198.rwl",NA,NA,"informational","ID fills all 8 columns","10 ID(s) run up against the year field, e.g. 'drk0210m'"
"europe/germ199.rwl",NA,NA,"informational","ID fills all 8 columns","12 ID(s) run up against the year field, e.g. 'drk0312m'"
"europe/germ200.rwl",NA,NA,"informational","ID fills all 8 columns","12 ID(s) run up against the year field, e.g. 'drl0201m'"
"europe/germ201.rwl",NA,NA,"informational","ID fills all 8 columns","12 ID(s) run up against the year field, e.g. 'drl0301m'"
"europe/germ202.rwl",NA,NA,"informational","ID fills all 8 columns","12 ID(s) run up against the year field, e.g. 'drl0401m'"
"europe/germ203.rwl",NA,NA,"informational","ID fills all 8 columns","17 ID(s) run up against the year field, e.g. 'drm0401m'"
"europe/germ204.rwl",NA,NA,"informational","ID fills all 8 columns","15 ID(s) run up against the year field, e.g. 'drn0115m'"
"europe/germ205.rwl",NA,NA,"informational","ID fills all 8 columns","13 ID(s) run up against the year field, e.g. 'drn2001m'"
"europe/germ206.rwl",NA,NA,"informational","ID fills all 8 columns","15 ID(s) run up against the year field, e.g. 'dro0101m'"
"europe/germ207.rwl",NA,NA,"informational","ID fills all 8 columns","16 ID(s) run up against the year field, e.g. 'dro0216m'"
"europe/germ208.rwl",NA,NA,"informational","ID fills all 8 columns","14 ID(s) run up against the year field, e.g. 'dro0314z'"
"europe/germ210.rwl",NA,NA,"informational","ID fills all 8 columns","19 ID(s) run up against the year field, e.g. 'drp0201m'"
"europe/germ211.rwl",NA,NA,"informational","ID fills all 8 columns","19 ID(s) run up against the year field, e.g. 'drp0301m'"
"europe/germ212.rwl",NA,NA,"informational","ID fills all 8 columns","10 ID(s) run up against the year field, e.g. 'drp0512m'"
"europe/germ213.rwl",NA,NA,"informational","ID fills all 8 columns","15 ID(s) run up against the year field, e.g. 'drr0601m'"
"europe/germ214.rwl",NA,NA,"informational","ID fills all 8 columns","11 ID(s) run up against the year field, e.g. 'drs0115m'"
"europe/germ215.rwl",NA,NA,"informational","ID fills all 8 columns","8 ID(s) run up against the year field, e.g. 'drs0908m'"
"europe/germ216.rwl",NA,NA,"informational","ID fills all 8 columns","9 ID(s) run up against the year field, e.g. 'drt0315m'"
"europe/germ226.rwl",NA,NA,"informational","ID fills all 8 columns","45 ID(s) run up against the year field, e.g. 'De1Qp03a'"
"europe/germ227.rwl",NA,NA,"informational","ID fills all 8 columns","92 ID(s) run up against the year field, e.g. 'EDA0101a'"
"europe/germ228.rwl",NA,NA,"informational","ID fills all 8 columns","35 ID(s) run up against the year field, e.g. 'EDD0109a'"
"europe/germ229.rwl",NA,NA,"informational","ID fills all 8 columns","57 ID(s) run up against the year field, e.g. 'EDE0101a'"
"europe/germ230.rwl",NA,NA,"informational","ID fills all 8 columns","60 ID(s) run up against the year field, e.g. 'EDF0101A'"
"europe/germ231.rwl",NA,NA,"informational","ID fills all 8 columns","24 ID(s) run up against the year field, e.g. 'EDH0101a'"
"europe/germ232.rwl",NA,NA,"informational","ID fills all 8 columns","16 ID(s) run up against the year field, e.g. 'EDH0201z'"
"europe/germ233.rwl",NA,NA,"informational","ID fills all 8 columns","45 ID(s) run up against the year field, e.g. 'EDH0302A'"
"europe/germ234.rwl",NA,NA,"informational","ID fills all 8 columns","91 ID(s) run up against the year field, e.g. 'EDH0401A'"
"europe/germ235.rwl",NA,NA,"informational","ID fills all 8 columns","96 ID(s) run up against the year field, e.g. 'EDI0201A'"
"europe/germ236.rwl",NA,NA,"informational","ID fills all 8 columns","42 ID(s) run up against the year field, e.g. 'EDL0101a'"
"europe/germ237.rwl",NA,NA,"informational","ID fills all 8 columns","74 ID(s) run up against the year field, e.g. 'EDL0201a'"
"europe/germ238.rwl",NA,NA,"informational","ID fills all 8 columns","80 ID(s) run up against the year field, e.g. 'EDP0101a'"
"europe/germ239.rwl",NA,NA,"informational","ID fills all 8 columns","70 ID(s) run up against the year field, e.g. 'EDP0201a'"
"europe/germ240.rwl",NA,NA,"informational","ID fills all 8 columns","40 ID(s) run up against the year field, e.g. 'EDS0101a'"
"europe/germ241.rwl",NA,NA,"informational","ID fills all 8 columns","50 ID(s) run up against the year field, e.g. 'EDW0201B'"
"europe/germ242.rwl",NA,NA,"informational","ID fills all 8 columns","85 ID(s) run up against the year field, e.g. 'EDW0301a'"
"europe/germ243.rwl",NA,NA,"informational","ID fills all 8 columns","80 ID(s) run up against the year field, e.g. 'EDW0401a'"
"europe/germ244.rwl",NA,NA,"informational","ID fills all 8 columns","90 ID(s) run up against the year field, e.g. 'EDW0501A'"
"europe/germ245.rwl",NA,NA,"informational","ID fills all 8 columns","93 ID(s) run up against the year field, e.g. 'EDW0801a'"
"europe/germ246.rwl",NA,NA,"informational","ID fills all 8 columns","110 ID(s) run up against the year field, e.g. 'EDW0901a'"
"europe/grc021.rwl",NA,NA,"informational","ID fills all 8 columns","2 ID(s) run up against the year field, e.g. 'ANAH11B1'"
"europe/grc027.rwl",NA,NA,"informational","ID fills all 8 columns","20 ID(s) run up against the year field, e.g. 'VKAN01A1'"
"europe/grc034.rwl",NA,NA,"informational","blank inside series ID","1 ID(s) contain blanks, e.g. 'XEP23b	1'"
"europe/grc034.rwl",NA,NA,"informational","ID fills all 8 columns","1 ID(s) run up against the year field, e.g. 'XEP23b	1'"
"europe/grc036.rwl",NA,NA,"informational","ID fills all 8 columns","40 ID(s) run up against the year field, e.g. 'EHS0701a'"
"europe/grc037.rwl",NA,NA,"informational","ID fills all 8 columns","21 ID(s) run up against the year field, e.g. 'EHS1001a'"
"europe/grc038.rwl",NA,NA,"informational","ID fills all 8 columns","75 ID(s) run up against the year field, e.g. 'EHS1101a'"
"europe/grc038x.rwl",NA,NA,"informational","ID fills all 8 columns","65 ID(s) run up against the year field, e.g. 'EHS1101a'"
"europe/grc040.rwl",NA,NA,"informational","ID fills all 8 columns","12 ID(s) run up against the year field, e.g. 'EHS1201Z'"
"europe/grc041.rwl",NA,NA,"informational","ID fills all 8 columns","21 ID(s) run up against the year field, e.g. 'EHS1301A'"
"europe/grc042.rwl",NA,NA,"informational","ID fills all 8 columns","40 ID(s) run up against the year field, e.g. 'EHS1401A'"
"europe/grc043.rwl",NA,NA,"informational","ID fills all 8 columns","18 ID(s) run up against the year field, e.g. 'EHS1501A'"
"europe/grc044.rwl",NA,NA,"informational","ID fills all 8 columns","41 ID(s) run up against the year field, e.g. 'EHV0101a'"
"europe/grc045.rwl",NA,NA,"informational","ID fills all 8 columns","60 ID(s) run up against the year field, e.g. 'EHV0201a'"
"europe/grc046.rwl",NA,NA,"informational","ID fills all 8 columns","38 ID(s) run up against the year field, e.g. 'EHV0301a'"
"europe/grc047.rwl",NA,NA,"informational","ID fills all 8 columns","28 ID(s) run up against the year field, e.g. 'EHV0401a'"
"europe/grc048.rwl",NA,NA,"informational","ID fills all 8 columns","39 ID(s) run up against the year field, e.g. 'EHV0501a'"
"europe/grc049.rwl",NA,NA,"informational","ID fills all 8 columns","30 ID(s) run up against the year field, e.g. 'EHV0601a'"
"europe/grc050.rwl",NA,NA,"informational","ID fills all 8 columns","61 ID(s) run up against the year field, e.g. 'EHV0701a'"
"europe/grc051.rwl",NA,NA,"informational","ID fills all 8 columns","18 ID(s) run up against the year field, e.g. 'EHV0801a'"
"europe/grc052x.rwl",NA,NA,"informational","ID fills all 8 columns","59 ID(s) run up against the year field, e.g. 'EHS0103C'"
"europe/grc053x.rwl",NA,NA,"informational","ID fills all 8 columns","27 ID(s) run up against the year field, e.g. 'EHS0201A'"
"europe/grc054x.rwl",NA,NA,"informational","ID fills all 8 columns","32 ID(s) run up against the year field, e.g. 'EHS0302A'"
"europe/grc055x.rwl",NA,NA,"informational","ID fills all 8 columns","9 ID(s) run up against the year field, e.g. 'EHS0433A'"
"europe/gree013.rwl",NA,NA,"informational","ID fills all 8 columns","152 ID(s) run up against the year field, e.g. 'EHS0101a'"
"europe/gree014.rwl",NA,NA,"informational","ID fills all 8 columns","111 ID(s) run up against the year field, e.g. 'EHS0201a'"
"europe/gree015.rwl",NA,NA,"informational","ID fills all 8 columns","98 ID(s) run up against the year field, e.g. 'EHS0301a'"
"europe/gree016.rwl",NA,NA,"informational","ID fills all 8 columns","99 ID(s) run up against the year field, e.g. 'EHS0402a'"
"europe/gree017.rwl",NA,NA,"informational","ID fills all 8 columns","60 ID(s) run up against the year field, e.g. 'EHS0501a'"
"europe/gree018.rwl",NA,NA,"informational","ID fills all 8 columns","43 ID(s) run up against the year field, e.g. 'EHS0601a'"
"europe/gree019.rwl",NA,NA,"informational","ID fills all 8 columns","29 ID(s) run up against the year field, e.g. 'EHS0801z'"
"europe/gree020.rwl",NA,NA,"informational","ID fills all 8 columns","23 ID(s) run up against the year field, e.g. 'EHS0901a'"
"europe/isl001.rwl",NA,NA,"informational","ID fills all 8 columns","24 ID(s) run up against the year field, e.g. '0PPA5011'"
"europe/isl002.rwl",NA,NA,"informational","ID fills all 8 columns","28 ID(s) run up against the year field, e.g. '0PSG4011'"
"europe/isl004.rwl",NA,NA,"informational","ID fills all 8 columns","24 ID(s) run up against the year field, e.g. '0RPC3031'"
"europe/isl007.rwl",NA,NA,"informational","ID fills all 8 columns","34 ID(s) run up against the year field, e.g. '0RSG1011'"
"europe/isl011.rwl",NA,NA,"informational","ID fills all 8 columns","28 ID(s) run up against the year field, e.g. '0RSG2011'"
"europe/isl016.rwl",NA,NA,"informational","ID fills all 8 columns","40 ID(s) run up against the year field, e.g. '0RSG1021'"
"europe/ita056.rwl",NA,NA,"informational","ID fills all 8 columns","75 ID(s) run up against the year field, e.g. 'MX102176'"
"europe/ita057.rwl",NA,NA,"informational","ID fills all 8 columns","41 ID(s) run up against the year field, e.g. 'CH5010PS'"
"europe/ita058.rwl",NA,NA,"informational","ID fills all 8 columns","56 ID(s) run up against the year field, e.g. 'sd103821'"
"europe/ita059.rwl",NA,NA,"informational","ID fills all 8 columns","70 ID(s) run up against the year field, e.g. 'SD20863N'"
"europe/ita060.rwl",NA,NA,"informational","ID fills all 8 columns","2 ID(s) run up against the year field, e.g. 'LARE002X'"
"europe/ita061.rwl",NA,NA,"informational","ID fills all 8 columns","1 ID(s) run up against the year field, e.g. 'FORA008X'"
"europe/ita063.rwl",NA,NA,"informational","blank inside series ID","1 ID(s) contain blanks, e.g. '33 (tt 3'"
"europe/ita063.rwl",NA,NA,"informational","ID fills all 8 columns","6 ID(s) run up against the year field, e.g. '18(11.2)'"
"europe/ita065.rwl",NA,NA,"informational","ID fills all 8 columns","19 ID(s) run up against the year field, e.g. 'A05LD718'"
"europe/ita066.rwl",NA,NA,"informational","ID fills all 8 columns","15 ID(s) run up against the year field, e.g. 'L10_363X'"
"europe/ita068.rwl",NA,NA,"informational","blank inside series ID","43 ID(s) contain blanks, e.g. 'NAC 01A'"
"europe/ita070.rwl",NA,NA,"informational","ID fills all 8 columns","4 ID(s) run up against the year field, e.g. 'PDIA01A1'"
"europe/ital018.rwl",NA,NA,"informational","ID fills all 8 columns","21 ID(s) run up against the year field, e.g. '0003377Q'"
"europe/ital019.rwl",NA,NA,"informational","ID fills all 8 columns","16 ID(s) run up against the year field, e.g. '0003401Q'"
"europe/ital020.rwl",NA,NA,"informational","ID fills all 8 columns","24 ID(s) run up against the year field, e.g. '0003002Q'"
"europe/ital021.rwl",NA,NA,"informational","ID fills all 8 columns","100 ID(s) run up against the year field, e.g. '0003241Q'"
"europe/ital028.rwl",NA,NA,"informational","ID fills all 8 columns","18 ID(s) run up against the year field, e.g. 'P1-1.1_1'"
"europe/lith001.rwl",NA,NA,"informational","ID fills all 8 columns","11 ID(s) run up against the year field, e.g. 'LI02010X'"
"europe/lith011.rwl",NA,NA,"informational","ID fills all 8 columns","14 ID(s) run up against the year field, e.g. 'viesv-16'"
"europe/lith011e.rwl",NA,NA,"informational","ID fills all 8 columns","11 ID(s) run up against the year field, e.g. 'viesv-18'"
"europe/lith011l.rwl",NA,NA,"informational","ID fills all 8 columns","13 ID(s) run up against the year field, e.g. 'viesv-17'"
"europe/lith026.rwl",NA,NA,"informational","ID fills all 8 columns","15 ID(s) run up against the year field, e.g. 'BABTAI01'"
"europe/lith027.rwl",NA,NA,"informational","ID fills all 8 columns","15 ID(s) run up against the year field, e.g. 'BIRZAI02'"
"europe/lith030.rwl",NA,NA,"informational","ID fills all 8 columns","15 ID(s) run up against the year field, e.g. 'GELVON02'"
"europe/lith031.rwl",NA,NA,"informational","ID fills all 8 columns","15 ID(s) run up against the year field, e.g. 'KALTIN02'"
"europe/lith032.rwl",NA,NA,"informational","ID fills all 8 columns","21 ID(s) run up against the year field, e.g. 'kedaz-01'"
"europe/lith033.rwl",NA,NA,"informational","ID fills all 8 columns","15 ID(s) run up against the year field, e.g. 'VIDUKL02'"
"europe/lith034.rwl",NA,NA,"informational","ID fills all 8 columns","15 ID(s) run up against the year field, e.g. 'ZALIOJ05'"
"europe/lith036.rwl",NA,NA,"informational","ID fills all 8 columns","15 ID(s) run up against the year field, e.g. 'KURTUV14'"
"europe/lith038.rwl",NA,NA,"informational","ID fills all 8 columns","15 ID(s) run up against the year field, e.g. 'NAUKAI02'"
"europe/lith039.rwl",NA,NA,"informational","ID fills all 8 columns","16 ID(s) run up against the year field, e.g. 'PAGEGI01'"
"europe/lith040.rwl",NA,NA,"informational","ID fills all 8 columns","15 ID(s) run up against the year field, e.g. 'PLATEL01'"
"europe/lith041.rwl",NA,NA,"informational","ID fills all 8 columns","12 ID(s) run up against the year field, e.g. 'spira-01'"
"europe/lith044.rwl",NA,NA,"informational","ID fills all 8 columns","14 ID(s) run up against the year field, e.g. 'trosk-01'"
"europe/lith045.rwl",NA,NA,"informational","ID fills all 8 columns","15 ID(s) run up against the year field, e.g. 'VEZAIC32'"
"europe/lith046.rwl",NA,NA,"informational","ID fills all 8 columns","61 ID(s) run up against the year field, e.g. 'Lt1Ps39a'"
"europe/nor033.rwl",NA,NA,"informational","ID fills all 8 columns","101 ID(s) run up against the year field, e.g. 'ENL0101A'"
"europe/nor034.rwl",NA,NA,"informational","ID fills all 8 columns","104 ID(s) run up against the year field, e.g. 'ENS0301A'"
"europe/nor035.rwl",NA,NA,"informational","ID fills all 8 columns","101 ID(s) run up against the year field, e.g. 'ENS0401A'"
"europe/nor036.rwl",NA,NA,"informational","ID fills all 8 columns","104 ID(s) run up against the year field, e.g. 'ENT0101a'"
"europe/nor037.rwl",NA,NA,"informational","ID fills all 8 columns","118 ID(s) run up against the year field, e.g. 'ENT02Chr'"
"europe/nor038.rwl",NA,NA,"informational","ID fills all 8 columns","59 ID(s) run up against the year field, e.g. 'HNF0101A'"
"europe/nor039.rwl",NA,NA,"informational","ID fills all 8 columns","79 ID(s) run up against the year field, e.g. 'HNK0101A'"
"europe/nor040.rwl",NA,NA,"informational","ID fills all 8 columns","60 ID(s) run up against the year field, e.g. 'HNK0201A'"
"europe/nor041.rwl",NA,NA,"informational","ID fills all 8 columns","51 ID(s) run up against the year field, e.g. 'HNP0101A'"
"europe/nor042.rwl",NA,NA,"informational","ID fills all 8 columns","87 ID(s) run up against the year field, e.g. 'HNP0201A'"
"europe/nor043.rwl",NA,NA,"informational","ID fills all 8 columns","89 ID(s) run up against the year field, e.g. 'HNS0101A'"
"europe/nor044.rwl",NA,NA,"informational","ID fills all 8 columns","64 ID(s) run up against the year field, e.g. 'HNS0201A'"
"europe/nor045.rwl",NA,NA,"informational","ID fills all 8 columns","30 ID(s) run up against the year field, e.g. 'KNE0141A'"
"europe/nor046.rwl",NA,NA,"informational","ID fills all 8 columns","30 ID(s) run up against the year field, e.g. 'KNE0256A'"
"europe/nor047.rwl",NA,NA,"informational","ID fills all 8 columns","31 ID(s) run up against the year field, e.g. 'KNS0101A'"
"europe/nor048.rwl",NA,NA,"informational","ID fills all 8 columns","28 ID(s) run up against the year field, e.g. 'KNS0216A'"
"europe/norw007.rwl",NA,NA,"informational","ID fills all 8 columns","85 ID(s) run up against the year field, e.g. 'NEC0001A'"
"europe/norw015.rwl",NA,NA,"informational","blank inside series ID","34 ID(s) contain blanks, e.g. 'N 2001'"
"europe/norw016.rwl",NA,NA,"informational","ID fills all 8 columns","89 ID(s) run up against the year field, e.g. 'No1Ps01a'"
"europe/norw019.rwl",NA,NA,"informational","ID fills all 8 columns","77 ID(s) run up against the year field, e.g. 'END0102A'"
"europe/norw020.rwl",NA,NA,"informational","ID fills all 8 columns","105 ID(s) run up against the year field, e.g. 'END0201A'"
"europe/norw021.rwl",NA,NA,"informational","ID fills all 8 columns","67 ID(s) run up against the year field, e.g. 'ENF0101Z'"
"europe/norw022.rwl",NA,NA,"informational","ID fills all 8 columns","72 ID(s) run up against the year field, e.g. 'ENF0201Z'"
"europe/norw023.rwl",NA,NA,"informational","ID fills all 8 columns","63 ID(s) run up against the year field, e.g. 'ENI0101a'"
"europe/norw024.rwl",NA,NA,"informational","ID fills all 8 columns","69 ID(s) run up against the year field, e.g. 'ENI0201z'"
"europe/norw025.rwl",NA,NA,"informational","ID fills all 8 columns","93 ID(s) run up against the year field, e.g. 'ENN0101A'"
"europe/norw026.rwl",NA,NA,"informational","ID fills all 8 columns","71 ID(s) run up against the year field, e.g. 'ENN0201A'"
"europe/norw027.rwl",NA,NA,"informational","ID fills all 8 columns","98 ID(s) run up against the year field, e.g. 'ENS0101A'"
"europe/norw028.rwl",NA,NA,"informational","ID fills all 8 columns","104 ID(s) run up against the year field, e.g. 'ENS0201A'"
"europe/norw029.rwl",NA,NA,"informational","ID fills all 8 columns","73 ID(s) run up against the year field, e.g. 'HNA0101A'"
"europe/norw030.rwl",NA,NA,"informational","ID fills all 8 columns","93 ID(s) run up against the year field, e.g. 'HNA0201A'"
"europe/pola005.rwl",NA,NA,"informational","ID fills all 8 columns","45 ID(s) run up against the year field, e.g. '0661052A'"
"europe/pola006.rwl",NA,NA,"informational","ID fills all 8 columns","205 ID(s) run up against the year field, e.g. '0661052A'"
"europe/pola007.rwl",NA,NA,"informational","ID fills all 8 columns","22 ID(s) run up against the year field, e.g. '0709001A'"
"europe/pola008.rwl",NA,NA,"informational","ID fills all 8 columns","19 ID(s) run up against the year field, e.g. '0667001A'"
"europe/pola009.rwl",NA,NA,"informational","ID fills all 8 columns","22 ID(s) run up against the year field, e.g. '0711001A'"
"europe/pola010.rwl",NA,NA,"informational","ID fills all 8 columns","22 ID(s) run up against the year field, e.g. '0698001A'"
"europe/pola011.rwl",NA,NA,"informational","ID fills all 8 columns","29 ID(s) run up against the year field, e.g. '0710001A'"
"europe/pola012.rwl",NA,NA,"informational","ID fills all 8 columns","17 ID(s) run up against the year field, e.g. '0701004A'"
"europe/pola013.rwl",NA,NA,"informational","ID fills all 8 columns","19 ID(s) run up against the year field, e.g. '0708001A'"
"europe/pola014.rwl",NA,NA,"informational","ID fills all 8 columns","21 ID(s) run up against the year field, e.g. '0699001A'"
"europe/pola015.rwl",NA,NA,"informational","ID fills all 8 columns","19 ID(s) run up against the year field, e.g. '0668001A'"
"europe/pola016.rwl",NA,NA,"informational","ID fills all 8 columns","23 ID(s) run up against the year field, e.g. '0697001C'"
"europe/pola017.rwl",NA,NA,"informational","ID fills all 8 columns","22 ID(s) run up against the year field, e.g. '0702001A'"
"europe/pola018.rwl",NA,NA,"informational","ID fills all 8 columns","19 ID(s) run up against the year field, e.g. '0703001A'"
"europe/pola023.rwl",NA,NA,"informational","ID fills all 8 columns","50 ID(s) run up against the year field, e.g. 'bpt0301a'"
"europe/pola026.rwl",NA,NA,"informational","ID fills all 8 columns","39 ID(s) run up against the year field, e.g. 'bpt0401a'"
"europe/pola038.rwl",NA,NA,"informational","ID fills all 8 columns","78 ID(s) run up against the year field, e.g. 'Pl1Ps51a'"
"europe/pola039.rwl",NA,NA,"informational","ID fills all 8 columns","39 ID(s) run up against the year field, e.g. 'Pl1Qr38a'"
"europe/pola040.rwl",NA,NA,"informational","ID fills all 8 columns","76 ID(s) run up against the year field, e.g. 'Pl2Ps05a'"
"europe/roma010.rwl",NA,NA,"informational","ID fills all 8 columns","7 ID(s) run up against the year field, e.g. 'rlztl-08'"
"europe/slov001.rwl",NA,NA,"informational","ID fills all 8 columns","32 ID(s) run up against the year field, e.g. 'BIS00300'"
"europe/slov002.rwl",NA,NA,"informational","ID fills all 8 columns","16 ID(s) run up against the year field, e.g. 'JAV00101'"
"europe/slov003.rwl",NA,NA,"informational","ID fills all 8 columns","21 ID(s) run up against the year field, e.g. 'RAV03901'"
"europe/spai008.rwl",NA,NA,"informational","ID fills all 8 columns","16 ID(s) run up against the year field, e.g. 'SC434NPN'"
"europe/spai009.rwl",NA,NA,"informational","ID fills all 8 columns","12 ID(s) run up against the year field, e.g. 'SC202EPN'"
"europe/spai010.rwl",NA,NA,"informational","ID fills all 8 columns","17 ID(s) run up against the year field, e.g. 'TIER1NPN'"
"europe/spai011.rwl",NA,NA,"informational","ID fills all 8 columns","17 ID(s) run up against the year field, e.g. 'TOR16EPN'"
"europe/spai012.rwl",NA,NA,"informational","ID fills all 8 columns","22 ID(s) run up against the year field, e.g. 'GU301SPS'"
"europe/spai013.rwl",NA,NA,"informational","ID fills all 8 columns","31 ID(s) run up against the year field, e.g. 'NAF01D93'"
"europe/spai014.rwl",NA,NA,"informational","ID fills all 8 columns","28 ID(s) run up against the year field, e.g. 'NAF19E93'"
"europe/spai015.rwl",NA,NA,"informational","ID fills all 8 columns","24 ID(s) run up against the year field, e.g. 'NAF31O93'"
"europe/spai016.rwl",NA,NA,"informational","ID fills all 8 columns","17 ID(s) run up against the year field, e.g. 'GR101EPN'"
"europe/spai017.rwl",NA,NA,"informational","ID fills all 8 columns","14 ID(s) run up against the year field, e.g. 'GR501EPN'"
"europe/spai018.rwl",NA,NA,"informational","ID fills all 8 columns","12 ID(s) run up against the year field, e.g. 'GR402NPN'"
"europe/spai019.rwl",NA,NA,"informational","ID fills all 8 columns","24 ID(s) run up against the year field, e.g. 'GU101NPN'"
"europe/spai020.rwl",NA,NA,"informational","ID fills all 8 columns","18 ID(s) run up against the year field, e.g. 'PEN01N91'"
"europe/spai021.rwl",NA,NA,"informational","ID fills all 8 columns","14 ID(s) run up against the year field, e.g. 'GU201NPS'"
"europe/spai022.rwl",NA,NA,"informational","ID fills all 8 columns","22 ID(s) run up against the year field, e.g. 'E441101A'"
"europe/spai023.rwl",NA,NA,"informational","ID fills all 8 columns","19 ID(s) run up against the year field, e.g. 'E440801A'"
"europe/spai024.rwl",NA,NA,"informational","ID fills all 8 columns","8 ID(s) run up against the year field, e.g. 'E220301A'"
"europe/spai025.rwl",NA,NA,"informational","ID fills all 8 columns","26 ID(s) run up against the year field, e.g. 'E230101A'"
"europe/spai026.rwl",NA,NA,"informational","ID fills all 8 columns","26 ID(s) run up against the year field, e.g. 'E230201A'"
"europe/spai027.rwl",NA,NA,"informational","ID fills all 8 columns","34 ID(s) run up against the year field, e.g. 'E230301A'"
"europe/spai028.rwl",NA,NA,"informational","ID fills all 8 columns","19 ID(s) run up against the year field, e.g. 'E230401A'"
"europe/spai029.rwl",NA,NA,"informational","ID fills all 8 columns","12 ID(s) run up against the year field, e.g. 'E160201A'"
"europe/spai030.rwl",NA,NA,"informational","ID fills all 8 columns","5 ID(s) run up against the year field, e.g. 'E160301A'"
"europe/spai031.rwl",NA,NA,"informational","ID fills all 8 columns","6 ID(s) run up against the year field, e.g. 'E160101A'"
"europe/spai032.rwl",NA,NA,"informational","ID fills all 8 columns","12 ID(s) run up against the year field, e.g. 'E160504A'"
"europe/spai033.rwl",NA,NA,"informational","ID fills all 8 columns","25 ID(s) run up against the year field, e.g. 'E050201A'"
"europe/spai034.rwl",NA,NA,"informational","ID fills all 8 columns","26 ID(s) run up against the year field, e.g. 'E050101A'"
"europe/spai035.rwl",NA,NA,"informational","ID fills all 8 columns","27 ID(s) run up against the year field, e.g. 'E400201A'"
"europe/spai036.rwl",NA,NA,"informational","ID fills all 8 columns","39 ID(s) run up against the year field, e.g. 'E400101A'"
"europe/spai037.rwl",NA,NA,"informational","ID fills all 8 columns","26 ID(s) run up against the year field, e.g. 'E400702B'"
"europe/spai038.rwl",NA,NA,"informational","ID fills all 8 columns","23 ID(s) run up against the year field, e.g. 'E280102A'"
"europe/spai039.rwl",NA,NA,"informational","ID fills all 8 columns","5 ID(s) run up against the year field, e.g. 'E440201A'"
"europe/spai040.rwl",NA,NA,"informational","ID fills all 8 columns","10 ID(s) run up against the year field, e.g. 'E440301A'"
"europe/spai041.rwl",NA,NA,"informational","ID fills all 8 columns","26 ID(s) run up against the year field, e.g. 'E440401A'"
"europe/spai042.rwl",NA,NA,"informational","ID fills all 8 columns","21 ID(s) run up against the year field, e.g. 'E440601A'"
"europe/spai043.rwl",NA,NA,"informational","ID fills all 8 columns","20 ID(s) run up against the year field, e.g. 'E440701A'"
"europe/spai044.rwl",NA,NA,"informational","ID fills all 8 columns","30 ID(s) run up against the year field, e.g. 'E220201A'"
"europe/spai045.rwl",NA,NA,"informational","ID fills all 8 columns","30 ID(s) run up against the year field, e.g. 'E160401A'"
"europe/spai046.rwl",NA,NA,"informational","ID fills all 8 columns","35 ID(s) run up against the year field, e.g. 'E160701A'"
"europe/spai047.rwl",NA,NA,"informational","ID fills all 8 columns","31 ID(s) run up against the year field, e.g. 'E420301A'"
"europe/spai048.rwl",NA,NA,"informational","ID fills all 8 columns","17 ID(s) run up against the year field, e.g. 'E420201A'"
"europe/spai049.rwl",NA,NA,"informational","ID fills all 8 columns","27 ID(s) run up against the year field, e.g. 'E090301A'"
"europe/spai050.rwl",NA,NA,"informational","ID fills all 8 columns","8 ID(s) run up against the year field, e.g. 'E420101A'"
"europe/spai051.rwl",NA,NA,"informational","ID fills all 8 columns","29 ID(s) run up against the year field, e.g. 'E250101A'"
"europe/spai052.rwl",NA,NA,"informational","ID fills all 8 columns","25 ID(s) run up against the year field, e.g. 'E090101A'"
"europe/spai054.rwl",NA,NA,"informational","ID fills all 8 columns","4 ID(s) run up against the year field, e.g. 'RSC19AMT'"
"europe/spai055.rwl",NA,NA,"informational","ID fills all 8 columns","20 ID(s) run up against the year field, e.g. 'N0101BMM'"
"europe/spai060.rwl",NA,NA,"informational","ID fills all 8 columns","23 ID(s) run up against the year field, e.g. '1SE016NE'"
"europe/spai061.rwl",NA,NA,"informational","ID fills all 8 columns","52 ID(s) run up against the year field, e.g. '2SE063NE'"
"europe/spai062.rwl",NA,NA,"informational","ID fills all 8 columns","31 ID(s) run up against the year field, e.g. '3SE144NE'"
"europe/spai063.rwl",NA,NA,"informational","ID fills all 8 columns","29 ID(s) run up against the year field, e.g. '4SO205NO'"
"europe/spai064.rwl",NA,NA,"informational","ID fills all 8 columns","20 ID(s) run up against the year field, e.g. 'PF01NWXX'"
"europe/spai065.rwl",NA,NA,"informational","ID fills all 8 columns","20 ID(s) run up against the year field, e.g. 'AF02EEXX'"
"europe/spai066.rwl",NA,NA,"informational","ID fills all 8 columns","16 ID(s) run up against the year field, e.g. 'NF01NEXX'"
"europe/spai067.rwl",NA,NA,"informational","ID fills all 8 columns","54 ID(s) run up against the year field, e.g. 'UF01EEXX'"
"europe/spai078.rwl",NA,NA,"informational","ID fills all 8 columns","10 ID(s) run up against the year field, e.g. 'PNAL01R1'"
"europe/spai079.rwl",NA,NA,"informational","ID fills all 8 columns","22 ID(s) run up against the year field, e.g. 'PNFI01R2'"
"europe/spai080.rwl",NA,NA,"informational","ID fills all 8 columns","19 ID(s) run up against the year field, e.g. '3PNMG081'"
"europe/spai081.rwl",NA,NA,"informational","ID fills all 8 columns","32 ID(s) run up against the year field, e.g. 'PNMA011R'"
"europe/spai082.rwl",NA,NA,"informational","ID fills all 8 columns","68 ID(s) run up against the year field, e.g. 'Es1Pn01a'"
"europe/spai083.rwl",NA,NA,"informational","ID fills all 8 columns","32 ID(s) run up against the year field, e.g. 'Es2Ps02a'"
"europe/spai084.rwl",NA,NA,"informational","ID fills all 8 columns","56 ID(s) run up against the year field, e.g. 'Es3Pu02a'"
"europe/svk003.rwl",NA,NA,"informational","ID fills all 8 columns","18 ID(s) run up against the year field, e.g. 'bstnl01z'"
"europe/svk004.rwl",NA,NA,"informational","ID fills all 8 columns","16 ID(s) run up against the year field, e.g. 'bstnp03z'"
"europe/svk005.rwl",NA,NA,"informational","ID fills all 8 columns","22 ID(s) run up against the year field, e.g. 'bstta01z'"
"europe/svk007.rwl",NA,NA,"informational","ID fills all 8 columns","4 ID(s) run up against the year field, e.g. 'chp029ab'"
"europe/svk008.rwl",NA,NA,"informational","ID fills all 8 columns","42 ID(s) run up against the year field, e.g. 'SRHRS001'"
"europe/svk009.rwl",NA,NA,"informational","ID fills all 8 columns","60 ID(s) run up against the year field, e.g. 'VTJAV001'"
"europe/svk013.rwl",NA,NA,"informational","ID fills all 8 columns","48 ID(s) run up against the year field, e.g. 'VFSMR001'"
"europe/svk015.rwl",NA,NA,"informational","ID fills all 8 columns","45 ID(s) run up against the year field, e.g. 'VFTMA001'"
"europe/svk017.rwl",NA,NA,"informational","ID fills all 8 columns","100 ID(s) run up against the year field, e.g. 'KOT0101a'"
"europe/svk017x.rwl",NA,NA,"informational","ID fills all 8 columns","50 ID(s) run up against the year field, e.g. 'KOT0102A'"
"europe/svk019.rwl",NA,NA,"informational","ID fills all 8 columns","81 ID(s) run up against the year field, e.g. 'KOT0201A'"
"europe/svk019x.rwl",NA,NA,"informational","ID fills all 8 columns","51 ID(s) run up against the year field, e.g. 'KOT0202B'"
"europe/svk021.rwl",NA,NA,"informational","ID fills all 8 columns","47 ID(s) run up against the year field, e.g. 'KST0401A'"
"europe/svk021x.rwl",NA,NA,"informational","ID fills all 8 columns","45 ID(s) run up against the year field, e.g. 'KST0401a'"
"europe/svk023.rwl",NA,NA,"informational","ID fills all 8 columns","47 ID(s) run up against the year field, e.g. 'KST0802a'"
"europe/svk023x.rwl",NA,NA,"informational","ID fills all 8 columns","47 ID(s) run up against the year field, e.g. 'KST0802a'"
"europe/swe348.rwl",NA,NA,"informational","ID fills all 8 columns","70 ID(s) run up against the year field, e.g. 'ESA1001a'"
"europe/swe349.rwl",NA,NA,"informational","ID fills all 8 columns","72 ID(s) run up against the year field, e.g. 'ESA2101a'"
"europe/swe350.rwl",NA,NA,"informational","ID fills all 8 columns","70 ID(s) run up against the year field, e.g. 'ESA3301a'"
"europe/swe351.rwl",NA,NA,"informational","ID fills all 8 columns","67 ID(s) run up against the year field, e.g. 'ESA4401a'"
"europe/swe352.rwl",NA,NA,"informational","ID fills all 8 columns","48 ID(s) run up against the year field, e.g. 'ESA5501a'"
"europe/swe353.rwl",NA,NA,"informational","ID fills all 8 columns","67 ID(s) run up against the year field, e.g. 'ESK0201a'"
"europe/swe354.rwl",NA,NA,"informational","ID fills all 8 columns","98 ID(s) run up against the year field, e.g. 'ESO0101a'"
"europe/swe355.rwl",NA,NA,"informational","ID fills all 8 columns","95 ID(s) run up against the year field, e.g. 'ESO0201a'"
"europe/swe356.rwl",NA,NA,"informational","ID fills all 8 columns","98 ID(s) run up against the year field, e.g. 'ESP0101a'"
"europe/swe357.rwl",NA,NA,"informational","ID fills all 8 columns","104 ID(s) run up against the year field, e.g. 'ESP0201a'"
"europe/swe358.rwl",NA,NA,"informational","ID fills all 8 columns","62 ID(s) run up against the year field, e.g. 'ESS0201a'"
"europe/swe359.rwl",NA,NA,"informational","ID fills all 8 columns","80 ID(s) run up against the year field, e.g. 'KSJ0101A'"
"europe/swe360.rwl",NA,NA,"informational","ID fills all 8 columns","65 ID(s) run up against the year field, e.g. 'KSJ0201A'"
"europe/swe361.rwl",NA,NA,"informational","ID fills all 8 columns","92 ID(s) run up against the year field, e.g. 'KSS0101A'"
"europe/swe362.rwl",NA,NA,"informational","ID fills all 8 columns","83 ID(s) run up against the year field, e.g. 'KSS0201A'"
"europe/swed018.rwl",NA,NA,"informational","ID fills all 8 columns","47 ID(s) run up against the year field, e.g. 'MFC0001B'"
"europe/swed310.rwl",NA,NA,"informational","ID fills all 8 columns","10 ID(s) run up against the year field, e.g. 'BT9901A1'"
"europe/swed312.rwl",NA,NA,"informational","ID fills all 8 columns","43 ID(s) run up against the year field, e.g. '03blb11a'"
"europe/swed314.rwl",NA,NA,"informational","ID fills all 8 columns","21 ID(s) run up against the year field, e.g. 'AMWE0019'"
"europe/swed315.rwl",NA,NA,"informational","ID fills all 8 columns","23 ID(s) run up against the year field, e.g. 'HEBP0019'"
"europe/swed316.rwl",NA,NA,"informational","ID fills all 8 columns","21 ID(s) run up against the year field, e.g. 'BMBP0019'"
"europe/swed317.rwl",NA,NA,"informational","ID fills all 8 columns","12 ID(s) run up against the year field, e.g. 'TMBP0019'"
"europe/swed318.rwl",NA,NA,"informational","ID fills all 8 columns","17 ID(s) run up against the year field, e.g. 'JAOP0029'"
"europe/swed319.rwl",NA,NA,"informational","ID fills all 8 columns","21 ID(s) run up against the year field, e.g. 'AJMP0031'"
"europe/swed320.rwl",NA,NA,"informational","ID fills all 8 columns","20 ID(s) run up against the year field, e.g. 'HBHT0039'"
"europe/swed321.rwl",NA,NA,"informational","ID fills all 8 columns","11 ID(s) run up against the year field, e.g. 'GHHT0029'"
"europe/swed322.rwl",NA,NA,"informational","ID fills all 8 columns","21 ID(s) run up against the year field, e.g. 'OVDP0019'"
"europe/swed323.rwl",NA,NA,"informational","ID fills all 8 columns","17 ID(s) run up against the year field, e.g. 'BBHT0019'"
"europe/swed324.rwl",NA,NA,"informational","ID fills all 8 columns","36 ID(s) run up against the year field, e.g. 'SBHT0029'"
"europe/swed325.rwl",NA,NA,"informational","ID fills all 8 columns","34 ID(s) run up against the year field, e.g. 'TANT0019'"
"europe/swed326.rwl",NA,NA,"informational","ID fills all 8 columns","38 ID(s) run up against the year field, e.g. 'HAND0039'"
"europe/swed327.rwl",NA,NA,"informational","ID fills all 8 columns","26 ID(s) run up against the year field, e.g. 'NHPN0019'"
"europe/swed328.rwl",NA,NA,"informational","ID fills all 8 columns","19 ID(s) run up against the year field, e.g. 'ARSJO911'"
"europe/swed330.rwl",NA,NA,"informational","ID fills all 8 columns","9 ID(s) run up against the year field, e.g. '1194101a'"
"europe/swed330.rwl",NA,NA,"informational","trailing text in field 11","965 line(s) carry text in cols 73-78, e.g. 'gap'"
"europe/swed330x.rwl",NA,NA,"informational","ID fills all 8 columns","9 ID(s) run up against the year field, e.g. '1194101a'"
"europe/swed330x.rwl",NA,NA,"informational","trailing text in field 11","965 line(s) carry text in cols 73-78, e.g. 'gap'"
"europe/swed331.rwl",NA,NA,"informational","ID fills all 8 columns","1 ID(s) run up against the year field, e.g. '119523bb'"
"europe/swed331.rwl",NA,NA,"informational","trailing text in field 11","641 line(s) carry text in cols 73-78, e.g. 'gap'"
"europe/swed331x.rwl",NA,NA,"informational","ID fills all 8 columns","1 ID(s) run up against the year field, e.g. '119523bb'"
"europe/swed331x.rwl",NA,NA,"informational","trailing text in field 11","641 line(s) carry text in cols 73-78, e.g. 'gap'"
"europe/swed332.rwl",NA,NA,"informational","ID fills all 8 columns","5 ID(s) run up against the year field, e.g. '1200111a'"
"europe/swed332.rwl",NA,NA,"informational","trailing text in field 11","756 line(s) carry text in cols 73-78, e.g. 'gap'"
"europe/swed332x.rwl",NA,NA,"informational","ID fills all 8 columns","5 ID(s) run up against the year field, e.g. '1200111a'"
"europe/swed332x.rwl",NA,NA,"informational","trailing text in field 11","756 line(s) carry text in cols 73-78, e.g. 'gap'"
"europe/swed333.rwl",NA,NA,"informational","ID fills all 8 columns","3 ID(s) run up against the year field, e.g. '1201110a'"
"europe/swed333.rwl",NA,NA,"informational","trailing text in field 11","373 line(s) carry text in cols 73-78, e.g. 'gap'"
"europe/swed333x.rwl",NA,NA,"informational","ID fills all 8 columns","3 ID(s) run up against the year field, e.g. '1201110a'"
"europe/swed333x.rwl",NA,NA,"informational","trailing text in field 11","373 line(s) carry text in cols 73-78, e.g. 'gap'"
"europe/swed335.rwl",NA,NA,"informational","ID fills all 8 columns","11 ID(s) run up against the year field, e.g. '18A2414_'"
"europe/swed336.rwl",NA,NA,"informational","ID fills all 8 columns","35 ID(s) run up against the year field, e.g. '18A1526b'"
"europe/swed339.rwl",NA,NA,"informational","ID fills all 8 columns","1 ID(s) run up against the year field, e.g. 'Hgs101b2'"
"europe/swed340.rwl",NA,NA,"informational","ID fills all 8 columns","86 ID(s) run up against the year field, e.g. 'ESJ0104A'"
"europe/swed341.rwl",NA,NA,"informational","ID fills all 8 columns","126 ID(s) run up against the year field, e.g. 'ESJ0224A'"
"europe/swed342.rwl",NA,NA,"informational","ID fills all 8 columns","68 ID(s) run up against the year field, e.g. 'ESK0136b'"
"europe/swed343.rwl",NA,NA,"informational","ID fills all 8 columns","60 ID(s) run up against the year field, e.g. 'ESK0301a'"
"europe/swed344.rwl",NA,NA,"informational","ID fills all 8 columns","69 ID(s) run up against the year field, e.g. 'ESS0101a'"
"europe/swed345.rwl",NA,NA,"informational","ID fills all 8 columns","58 ID(s) run up against the year field, e.g. 'ESS0302a'"
"europe/swed346.rwl",NA,NA,"informational","ID fills all 8 columns","5 ID(s) run up against the year field, e.g. 'KLBM03ta'"
"europe/swit157x.rwl",NA,NA,"informational","trailing text in field 11","1 line(s) carry text in cols 73-78, e.g. '\'"
"europe/swit179.rwl",NA,NA,"informational","ID fills all 8 columns","19 ID(s) run up against the year field, e.g. 'DS.L02.2'"
"europe/swit187.rwl",NA,NA,"informational","ID fills all 8 columns","1 ID(s) run up against the year field, e.g. 'GES02GL2'"
"europe/swit188.rwl",NA,NA,"informational","ID fills all 8 columns","5 ID(s) run up against the year field, e.g. 'WS05LR11'"
"europe/swit189.rwl",NA,NA,"informational","ID fills all 8 columns","3 ID(s) run up against the year field, e.g. 'GEB515Lb'"
"europe/swit191.rwl",NA,NA,"informational","ID fills all 8 columns","1 ID(s) run up against the year field, e.g. 'PL.A54.2'"
"europe/swit195.rwl",NA,NA,"informational","ID fills all 8 columns","5 ID(s) run up against the year field, e.g. 'DAECHAL1'"
"europe/swit196.rwl",NA,NA,"informational","ID fills all 8 columns","7 ID(s) run up against the year field, e.g. 'DAEALCH2'"
"europe/swit197.rwl",NA,NA,"informational","ID fills all 8 columns","9 ID(s) run up against the year field, e.g. 'DAEALCH3'"
"europe/swit198.rwl",NA,NA,"informational","ID fills all 8 columns","20 ID(s) run up against the year field, e.g. 'DAEBOECH'"
"europe/swit199.rwl",NA,NA,"informational","ID fills all 8 columns","10 ID(s) run up against the year field, e.g. 'AB0211ON'"
"europe/swit200.rwl",NA,NA,"informational","ID fills all 8 columns","105 ID(s) run up against the year field, e.g. 'AB0160ON'"
"europe/swit204.rwl",NA,NA,"informational","ID fills all 8 columns","26 ID(s) run up against the year field, e.g. 'BUT0596K'"
"europe/swit205.rwl",NA,NA,"informational","ID fills all 8 columns","2 ID(s) run up against the year field, e.g. 'BUT0235N'"
"europe/swit206.rwl",NA,NA,"informational","ID fills all 8 columns","20 ID(s) run up against the year field, e.g. 'BAD10A00'"
"europe/swit208.rwl",NA,NA,"informational","ID fills all 8 columns","12 ID(s) run up against the year field, e.g. 'CEREI001'"
"europe/swit210.rwl",NA,NA,"informational","ID fills all 8 columns","65 ID(s) run up against the year field, e.g. 'BR451004'"
"europe/swit211.rwl",NA,NA,"informational","ID fills all 8 columns","22 ID(s) run up against the year field, e.g. 'B21139Xm'"
"europe/swit212.rwl",NA,NA,"informational","ID fills all 8 columns","47 ID(s) run up against the year field, e.g. 'B200065M'"
"europe/swit213.rwl",NA,NA,"informational","ID fills all 8 columns","13 ID(s) run up against the year field, e.g. 'BONF1001'"
"europe/swit216.rwl",NA,NA,"informational","ID fills all 8 columns","18 ID(s) run up against the year field, e.g. 'BN80058G'"
"europe/swit217.rwl",NA,NA,"informational","ID fills all 8 columns","20 ID(s) run up against the year field, e.g. 'BN70131G'"
"europe/swit218.rwl",NA,NA,"informational","ID fills all 8 columns","121 ID(s) run up against the year field, e.g. 'BY000811'"
"europe/swit219.rwl",NA,NA,"informational","ID fills all 8 columns","2 ID(s) run up against the year field, e.g. 'CEL111a1'"
"europe/swit224.rwl",NA,NA,"informational","ID fills all 8 columns","24 ID(s) run up against the year field, e.g. 'cod0057x'"
"europe/swit225.rwl",NA,NA,"informational","ID fills all 8 columns","20 ID(s) run up against the year field, e.g. 'cod0074x'"
"europe/swit226.rwl",NA,NA,"informational","ID fills all 8 columns","21 ID(s) run up against the year field, e.g. 'coc0057l'"
"europe/swit227.rwl",NA,NA,"informational","ID fills all 8 columns","20 ID(s) run up against the year field, e.g. 'cod0059x'"
"europe/swit228.rwl",NA,NA,"informational","ID fills all 8 columns","24 ID(s) run up against the year field, e.g. 'coc0077l'"
"europe/swit229.rwl",NA,NA,"informational","ID fills all 8 columns","12 ID(s) run up against the year field, e.g. 'CREF0311'"
"europe/swit230.rwl",NA,NA,"informational","ID fills all 8 columns","5 ID(s) run up against the year field, e.g. 'KTMF06B1'"
"europe/swit232.rwl",NA,NA,"informational","ID fills all 8 columns","6 ID(s) run up against the year field, e.g. 'DIE0108G'"
"europe/swit233.rwl",NA,NA,"informational","ID fills all 8 columns","20 ID(s) run up against the year field, e.g. 'DIE0028G'"
"europe/swit234.rwl",NA,NA,"informational","ID fills all 8 columns","78 ID(s) run up against the year field, e.g. 'E010030N'"
"europe/swit235.rwl",NA,NA,"informational","ID fills all 8 columns","12 ID(s) run up against the year field, e.g. 'EGQUA011'"
"europe/swit236.rwl",NA,NA,"informational","ID fills all 8 columns","42 ID(s) run up against the year field, e.g. 'E104253G'"
"europe/swit241.rwl",NA,NA,"informational","ID fills all 8 columns","112 ID(s) run up against the year field, e.g. 'GA01600N'"
"europe/swit242.rwl",NA,NA,"informational","ID fills all 8 columns","11 ID(s) run up against the year field, e.g. 'GA08070X'"
"europe/swit243.rwl",NA,NA,"informational","ID fills all 8 columns","11 ID(s) run up against the year field, e.g. 'GA21684G'"
"europe/swit247.rwl",NA,NA,"informational","ID fills all 8 columns","26 ID(s) run up against the year field, e.g. 'GU116061'"
"europe/swit248.rwl",NA,NA,"informational","ID fills all 8 columns","4 ID(s) run up against the year field, e.g. 'GU149081'"
"europe/swit249.rwl",NA,NA,"informational","ID fills all 8 columns","6 ID(s) run up against the year field, e.g. 'GU034201'"
"europe/swit250.rwl",NA,NA,"informational","ID fills all 8 columns","22 ID(s) run up against the year field, e.g. 'GU039091'"
"europe/swit251.rwl",NA,NA,"informational","ID fills all 8 columns","14 ID(s) run up against the year field, e.g. 'GU014071'"
"europe/swit252.rwl",NA,NA,"informational","ID fills all 8 columns","2 ID(s) run up against the year field, e.g. 'GU006021'"
"europe/swit258.rwl",NA,NA,"informational","ID fills all 8 columns","30 ID(s) run up against the year field, e.g. 'ALP0262E'"
"europe/swit263.rwl",NA,NA,"informational","ID fills all 8 columns","6 ID(s) run up against the year field, e.g. 'juppt01a'"
"europe/swit264.rwl",NA,NA,"informational","ID fills all 8 columns","22 ID(s) run up against the year field, e.g. 'jupqr01a'"
"europe/swit266.rwl",NA,NA,"informational","ID fills all 8 columns","19 ID(s) run up against the year field, e.g. 'EGB01101'"
"europe/swit267.rwl",NA,NA,"informational","trailing text in field 11","297 line(s) carry text in cols 73-78, e.g. 'gap'"
"europe/swit268.rwl",NA,NA,"informational","ID fills all 8 columns","28 ID(s) run up against the year field, e.g. 'KUA1112G'"
"europe/swit277.rwl",NA,NA,"informational","ID fills all 8 columns","294 ID(s) run up against the year field, e.g. 'BRE15000'"
"europe/swit278.rwl",NA,NA,"informational","ID fills all 8 columns","10 ID(s) run up against the year field, e.g. 'LASF1011'"
"europe/swit279.rwl",NA,NA,"informational","ID fills all 8 columns","4 ID(s) run up against the year field, e.g. 'GmePA12A'"
"europe/swit280.rwl",NA,NA,"informational","ID fills all 8 columns","6 ID(s) run up against the year field, e.g. 'GArPC03B'"
"europe/swit281.rwl",NA,NA,"informational","ID fills all 8 columns","2 ID(s) run up against the year field, e.g. 'ACE54kor'"
"europe/swit282.rwl",NA,NA,"informational","ID fills all 8 columns","6 ID(s) run up against the year field, e.g. 'AMU47kor'"
"europe/swit283.rwl",NA,NA,"informational","ID fills all 8 columns","2 ID(s) run up against the year field, e.g. 'D127.L1c'"
"europe/swit285.rwl",NA,NA,"informational","ID fills all 8 columns","324 ID(s) run up against the year field, e.g. 'GRA09011'"
"europe/swit286.rwl",NA,NA,"informational","ID fills all 8 columns","2 ID(s) run up against the year field, e.g. 'LC4520T4'"
"europe/swit287.rwl",NA,NA,"informational","ID fills all 8 columns","84 ID(s) run up against the year field, e.g. 'LC0055F4'"
"europe/swit288.rwl",NA,NA,"informational","ID fills all 8 columns","19 ID(s) run up against the year field, e.g. 'LA0040T1'"
"europe/swit289.rwl",NA,NA,"informational","ID fills all 8 columns","55 ID(s) run up against the year field, e.g. '1165bg2b'"
"europe/swit289x.rwl",NA,NA,"informational","ID fills all 8 columns","55 ID(s) run up against the year field, e.g. '1165bg2b'"
"europe/swit290.rwl",NA,NA,"informational","ID fills all 8 columns","303 ID(s) run up against the year field, e.g. 'LAS01010'"
"europe/swit291.rwl",NA,NA,"informational","ID fills all 8 columns","11 ID(s) run up against the year field, e.g. 'GRAF0511'"
"europe/swit297.rwl",NA,NA,"informational","ID fills all 8 columns","42 ID(s) run up against the year field, e.g. 'BI0124T2'"
"europe/swit298.rwl",NA,NA,"informational","ID fills all 8 columns","17 ID(s) run up against the year field, e.g. 'BI0733B2'"
"europe/swit299.rwl",NA,NA,"informational","ID fills all 8 columns","13 ID(s) run up against the year field, e.g. 'BI0030F2'"
"europe/swit300.rwl",NA,NA,"informational","ID fills all 8 columns","10 ID(s) run up against the year field, e.g. 'BREF1011'"
"europe/swit301.rwl",NA,NA,"informational","ID fills all 8 columns","5 ID(s) run up against the year field, e.g. 'DURU2451'"
"europe/swit303.rwl",NA,NA,"informational","ID fills all 8 columns","10 ID(s) run up against the year field, e.g. 'MOVF0311'"
"europe/swit306.rwl",NA,NA,"informational","ID fills all 8 columns","19 ID(s) run up against the year field, e.g. 'OL00A0MK'"
"europe/swit307.rwl",NA,NA,"informational","ID fills all 8 columns","16 ID(s) run up against the year field, e.g. 'OP0017T1'"
"europe/swit313.rwl",NA,NA,"informational","ID fills all 8 columns","1 ID(s) run up against the year field, e.g. 'C2-425fg'"
"europe/swit315.rwl",NA,NA,"informational","ID fills all 8 columns","31 ID(s) run up against the year field, e.g. 'MLG00199'"
"europe/swit316.rwl",NA,NA,"informational","ID fills all 8 columns","118 ID(s) run up against the year field, e.g. 'MMP04199'"
"europe/swit317.rwl",NA,NA,"informational","ID fills all 8 columns","49 ID(s) run up against the year field, e.g. 'PA00136G'"
"europe/swit318.rwl",NA,NA,"informational","ID fills all 8 columns","8 ID(s) run up against the year field, e.g. 'PA00826G'"
"europe/swit319.rwl",NA,NA,"informational","ID fills all 8 columns","22 ID(s) run up against the year field, e.g. 'PAY10A00'"
"europe/swit322.rwl",NA,NA,"informational","ID fills all 8 columns","44 ID(s) run up against the year field, e.g. 'RF00970S'"
"europe/swit323.rwl",NA,NA,"informational","ID fills all 8 columns","12 ID(s) run up against the year field, e.g. 'RM012012'"
"europe/swit324.rwl",NA,NA,"informational","ID fills all 8 columns","19 ID(s) run up against the year field, e.g. 'RM022512'"
"europe/swit325.rwl",NA,NA,"informational","ID fills all 8 columns","20 ID(s) run up against the year field, e.g. 'RB07509G'"
"europe/swit326.rwl",NA,NA,"informational","ID fills all 8 columns","4 ID(s) run up against the year field, e.g. 'RB52059G'"
"europe/swit334.rwl",NA,NA,"informational","ID fills all 8 columns","21 ID(s) run up against the year field, e.g. 'SW04100X'"
"europe/swit336.rwl",NA,NA,"informational","ID fills all 8 columns","28 ID(s) run up against the year field, e.g. 'SIL002ct'"
"europe/swit339.rwl",NA,NA,"informational","ID fills all 8 columns","2 ID(s) run up against the year field, e.g. 'SMA1763G'"
"europe/swit340.rwl",NA,NA,"informational","ID fills all 8 columns","42 ID(s) run up against the year field, e.g. 'SW61750X'"
"europe/swit341.rwl",NA,NA,"informational","ID fills all 8 columns","19 ID(s) run up against the year field, e.g. 'SW000100'"
"europe/swit347.rwl",NA,NA,"informational","ID fills all 8 columns","2 ID(s) run up against the year field, e.g. 'TAM053to'"
"europe/swit349.rwl",NA,NA,"informational","ID fills all 8 columns","6 ID(s) run up against the year field, e.g. 'VW234008'"
"europe/swit350.rwl",NA,NA,"informational","ID fills all 8 columns","1 ID(s) run up against the year field, e.g. 'VW822034'"
"europe/swit353.rwl",NA,NA,"informational","ID fills all 8 columns","1 ID(s) run up against the year field, e.g. 'BS05680A'"
"europe/swit354.rwl",NA,NA,"informational","ID fills all 8 columns","12 ID(s) run up against the year field, e.g. 'BS00720A'"
"europe/swit355.rwl",NA,NA,"informational","ID fills all 8 columns","3 ID(s) run up against the year field, e.g. 'BS00600X'"
"europe/swit356.rwl",NA,NA,"informational","ID fills all 8 columns","27 ID(s) run up against the year field, e.g. 'BS00351X'"
"europe/swit360.rwl",NA,NA,"informational","ID fills all 8 columns","20 ID(s) run up against the year field, e.g. 'WIE0045X'"
"europe/swit362.rwl",NA,NA,"informational","ID fills all 8 columns","13 ID(s) run up against the year field, e.g. 'EIE00461'"
"europe/swit363.rwl",NA,NA,"informational","ID fills all 8 columns","18 ID(s) run up against the year field, e.g. 'EIB00041'"
"europe/swit365.rwl",NA,NA,"informational","ID fills all 8 columns","92 ID(s) run up against the year field, e.g. 'Z012015A'"
"europe/swit366.rwl",NA,NA,"informational","ID fills all 8 columns","14 ID(s) run up against the year field, e.g. 'ZO096705'"
"europe/swit367.rwl",NA,NA,"informational","ID fills all 8 columns","26 ID(s) run up against the year field, e.g. 'ZOF0386N'"
"europe/swit383.rwl",NA,NA,"informational","ID fills all 8 columns","60 ID(s) run up against the year field, e.g. 'ABPAE01E'"
"europe/swit384.rwl",NA,NA,"informational","blank inside series ID","15 ID(s) contain blanks, e.g. 'BAR Bu06'"
"europe/swit384.rwl",NA,NA,"informational","ID fills all 8 columns","15 ID(s) run up against the year field, e.g. 'BAR Bu06'"
"europe/swit385.rwl",NA,NA,"informational","blank inside series ID","10 ID(s) contain blanks, e.g. 'BAT Bu01'"
"europe/swit385.rwl",NA,NA,"informational","ID fills all 8 columns","10 ID(s) run up against the year field, e.g. 'BAT Bu01'"
"europe/swit387.rwl",NA,NA,"informational","ID fills all 8 columns","1 ID(s) run up against the year field, e.g. 'SA11Bk_d'"
"europe/swit412.rwl",NA,NA,"informational","blank inside series ID","60 ID(s) contain blanks, e.g. 'PO1 2 2'"
"europe/swit412.rwl",NA,NA,"informational","ID fills all 8 columns","17 ID(s) run up against the year field, e.g. 'PO10 1 5'"
"europe/tur059.rwl",NA,NA,"informational","ID fills all 8 columns","2 ID(s) run up against the year field, e.g. 'ARAJ11A1'"
"europe/tur091.rwl",NA,NA,"informational","ID fills all 8 columns","119 ID(s) run up against the year field, e.g. 'DMH1502B'"
"europe/tur091t.rwl",NA,NA,"informational","ID fills all 8 columns","69 ID(s) run up against the year field, e.g. 'DMH1508A'"
"europe/turk014.rwl",NA,NA,"informational","ID fills all 8 columns","4 ID(s) run up against the year field, e.g. 'SUBJ03A1'"
"europe/turk016.rwl",NA,NA,"informational","ID fills all 8 columns","17 ID(s) run up against the year field, e.g. 'HUKJ07B1'"
"europe/turk033.rwl",NA,NA,"informational","ID fills all 8 columns","6 ID(s) run up against the year field, e.g. '10ALAN-A'"
"europe/turk035.rwl",NA,NA,"informational","ID fills all 8 columns","8 ID(s) run up against the year field, e.g. 'HUKJ07B1'"
"europe/turk042.rwl",NA,NA,"informational","ID fills all 8 columns","2 ID(s) run up against the year field, e.g. 'NESJ25A1'"
"northamerica/canada/can673.rwl",NA,NA,"informational","file mixes precision flags across series","31 series end in 999 (0.01 mm) and 31 in -9999 (0.001 mm)."
"northamerica/canada/can673.rwl",NA,NA,"informational","ID fills all 8 columns","31 ID(s) run up against the year field, e.g. 'CHU01AAU'"
"northamerica/canada/can673e.rwl",NA,NA,"informational","ID fills all 8 columns","31 ID(s) run up against the year field, e.g. 'CHU01AAU'"
"northamerica/canada/can673l.rwl",NA,NA,"informational","ID fills all 8 columns","31 ID(s) run up against the year field, e.g. 'CHU01AAU'"
"northamerica/canada/can674.rwl",NA,NA,"informational","blank inside series ID","1 ID(s) contain blanks, e.g. 'JOF12C f'"
"northamerica/canada/can674.rwl",NA,NA,"informational","file mixes precision flags across series","5 series end in 999 (0.01 mm) and 72 in -9999 (0.001 mm)."
"northamerica/canada/can674.rwl",NA,NA,"informational","ID fills all 8 columns","34 ID(s) run up against the year field, e.g. 'JOF01AAU'"
"northamerica/canada/can674e.rwl",NA,NA,"informational","blank inside series ID","1 ID(s) contain blanks, e.g. 'JOF12C f'"
"northamerica/canada/can674e.rwl",NA,NA,"informational","ID fills all 8 columns","34 ID(s) run up against the year field, e.g. 'JOF01AAU'"
"northamerica/canada/can674l.rwl",NA,NA,"informational","blank inside series ID","1 ID(s) contain blanks, e.g. 'JOF12C f'"
"northamerica/canada/can674l.rwl",NA,NA,"informational","ID fills all 8 columns","34 ID(s) run up against the year field, e.g. 'JOF01AAU'"
"northamerica/canada/can675.rwl",NA,NA,"informational","file mixes precision flags across series","28 series end in 999 (0.01 mm) and 46 in -9999 (0.001 mm)."
"northamerica/canada/can675.rwl",NA,NA,"informational","ID fills all 8 columns","46 ID(s) run up against the year field, e.g. 'MGU01AAU'"
"northamerica/canada/can675e.rwl",NA,NA,"informational","ID fills all 8 columns","46 ID(s) run up against the year field, e.g. 'MGU01AAU'"
"northamerica/canada/can675l.rwl",NA,NA,"informational","ID fills all 8 columns","46 ID(s) run up against the year field, e.g. 'MGU01AAU'"
"northamerica/canada/can676.rwl",NA,NA,"informational","file mixes precision flags across series","19 series end in 999 (0.01 mm) and 53 in -9999 (0.001 mm)."
"northamerica/canada/can676e.rwl",NA,NA,"informational","ID fills all 8 columns","53 ID(s) run up against the year field, e.g. 'PEY01BBU'"
"northamerica/canada/can676l.rwl",NA,NA,"informational","ID fills all 8 columns","53 ID(s) run up against the year field, e.g. 'PEY01BBU'"
"northamerica/canada/can677.rwl",NA,NA,"informational","ID fills all 8 columns","48 ID(s) run up against the year field, e.g. 'RVU01AAU'"
"northamerica/canada/can677e.rwl",NA,NA,"informational","ID fills all 8 columns","47 ID(s) run up against the year field, e.g. 'RVU01AAU'"
"northamerica/canada/can677l.rwl",NA,NA,"informational","ID fills all 8 columns","47 ID(s) run up against the year field, e.g. 'RVU01AAU'"
"northamerica/canada/can678e.rwl",NA,NA,"informational","ID fills all 8 columns","45 ID(s) run up against the year field, e.g. 'SIC01AAU'"
"northamerica/canada/can678l.rwl",NA,NA,"informational","ID fills all 8 columns","45 ID(s) run up against the year field, e.g. 'SIC01AAU'"
"northamerica/canada/can679.rwl",NA,NA,"informational","ID fills all 8 columns","11 ID(s) run up against the year field, e.g. 'SP01AAUn'"
"northamerica/canada/can679e.rwl",NA,NA,"informational","ID fills all 8 columns","11 ID(s) run up against the year field, e.g. 'SP01AAUn'"
"northamerica/canada/can679l.rwl",NA,NA,"informational","ID fills all 8 columns","11 ID(s) run up against the year field, e.g. 'SP01AAUn'"
"northamerica/canada/can680x.rwl",NA,NA,"informational","ID fills all 8 columns","10 ID(s) run up against the year field, e.g. 'TTR11NWS'"
"northamerica/canada/can722bl.rwl",NA,NA,"informational","ID fills all 8 columns","20 ID(s) run up against the year field, e.g. 'JOF01A_2'"
"northamerica/canada/can723bl.rwl",NA,NA,"informational","ID fills all 8 columns","23 ID(s) run up against the year field, e.g. 'MGU01B_2'"
"northamerica/canada/can724bl.rwl",NA,NA,"informational","ID fills all 8 columns","26 ID(s) run up against the year field, e.g. 'PEY_NO_I'"
"northamerica/canada/can725bl.rwl",NA,NA,"informational","ID fills all 8 columns","34 ID(s) run up against the year field, e.g. 'RVU02A_2'"
"northamerica/canada/can726bl.rwl",NA,NA,"informational","ID fills all 8 columns","34 ID(s) run up against the year field, e.g. 'SIC01B_2'"
"northamerica/canada/can727bl.rwl",NA,NA,"informational","ID fills all 8 columns","25 ID(s) run up against the year field, e.g. 'TTH_17A_'"
"northamerica/canada/can728bl.rwl",NA,NA,"informational","ID fills all 8 columns","22 ID(s) run up against the year field, e.g. 'TTH01B_2'"
"northamerica/canada/can729bl.rwl",NA,NA,"informational","ID fills all 8 columns","16 ID(s) run up against the year field, e.g. 'WIL01A_2'"
"northamerica/canada/cana121.rwl",NA,NA,"informational","ID fills all 8 columns","117 ID(s) run up against the year field, e.g. 'rm122061'"
"northamerica/canada/cana123.rwl",NA,NA,"informational","ID fills all 8 columns","6 ID(s) run up against the year field, e.g. 'sbas6101'"
"northamerica/canada/cana125.rwl",NA,NA,"informational","ID fills all 8 columns","60 ID(s) run up against the year field, e.g. 'tm011211'"
"northamerica/canada/cana132.rwl",NA,NA,"informational","blank inside series ID","10 ID(s) contain blanks, e.g. 'pars  71'"
"northamerica/canada/cana132.rwl",NA,NA,"informational","ID fills all 8 columns","10 ID(s) run up against the year field, e.g. 'pars  71'"
"northamerica/canada/cana138.rwl",NA,NA,"informational","ID fills all 8 columns","77 ID(s) run up against the year field, e.g. 'cd361431'"
"northamerica/canada/cana139.rwl",NA,NA,"informational","ID fills all 8 columns","12 ID(s) run up against the year field, e.g. 'SM0900PB'"
"northamerica/canada/cana157.rwl",NA,NA,"informational","blank inside series ID","2 ID(s) contain blanks, e.g. '1 51'"
"northamerica/canada/cana160.rwl",NA,NA,"informational","ID fills all 8 columns","10 ID(s) run up against the year field, e.g. 'OI-01-A.'"
"northamerica/canada/cana225.rwl",NA,NA,"informational","file mixes precision flags across series","25 series end in 999 (0.01 mm) and 13 in -9999 (0.001 mm)."
"northamerica/canada/cana225b.rwl",NA,NA,"informational","ID fills all 8 columns","7 ID(s) run up against the year field, e.g. 'Mb9802SW'"
"northamerica/canada/cana226.rwl",NA,NA,"informational","file mixes precision flags across series","20 series end in 999 (0.01 mm) and 9 in -9999 (0.001 mm)."
"northamerica/canada/cana226b.rwl",NA,NA,"informational","ID fills all 8 columns","9 ID(s) run up against the year field, e.g. 'Eb9803NE'"
"northamerica/canada/cana226e.rwl",NA,NA,"informational","file mixes precision flags across series","3 series end in 999 (0.01 mm) and 19 in -9999 (0.001 mm)."
"northamerica/canada/cana226l.rwl",NA,NA,"informational","file mixes precision flags across series","3 series end in 999 (0.01 mm) and 19 in -9999 (0.001 mm)."
"northamerica/canada/cana230.rwl",NA,NA,"informational","file mixes precision flags across series","54 series end in 999 (0.01 mm) and 2 in -9999 (0.001 mm)."
"northamerica/canada/cana230b.rwl",NA,NA,"informational","ID fills all 8 columns","3 ID(s) run up against the year field, e.g. 'Kb9810NE'"
"northamerica/canada/cana231.rwl",NA,NA,"informational","file mixes precision flags across series","28 series end in 999 (0.01 mm) and 10 in -9999 (0.001 mm)."
"northamerica/canada/cana231.rwl",NA,NA,"informational","ID fills all 8 columns","1 ID(s) run up against the year field, e.g. 'P9811SW2'"
"northamerica/canada/cana231b.rwl",NA,NA,"informational","ID fills all 8 columns","9 ID(s) run up against the year field, e.g. 'Pb9806SE'"
"northamerica/canada/cana231e.rwl",NA,NA,"informational","ID fills all 8 columns","1 ID(s) run up against the year field, e.g. 'P9811SW2'"
"northamerica/canada/cana231l.rwl",NA,NA,"informational","ID fills all 8 columns","1 ID(s) run up against the year field, e.g. 'P9811SW2'"
"northamerica/canada/cana234.rwl",NA,NA,"informational","file mixes precision flags across series","4 series end in 999 (0.01 mm) and 30 in -9999 (0.001 mm)."
"northamerica/canada/cana234e.rwl",NA,NA,"informational","file mixes precision flags across series","4 series end in 999 (0.01 mm) and 31 in -9999 (0.001 mm)."
"northamerica/canada/cana234e.rwl",NA,NA,"informational","ID fills all 8 columns","1 ID(s) run up against the year field, e.g. 'B9825W2I'"
"northamerica/canada/cana234l.rwl",NA,NA,"informational","file mixes precision flags across series","4 series end in 999 (0.01 mm) and 31 in -9999 (0.001 mm)."
"northamerica/canada/cana234l.rwl",NA,NA,"informational","ID fills all 8 columns","1 ID(s) run up against the year field, e.g. 'B9825W2I'"
"northamerica/canada/cana234x.rwl",NA,NA,"informational","file mixes precision flags across series","20 series end in 999 (0.01 mm) and 10 in -9999 (0.001 mm)."
"northamerica/canada/cana237.rwl",NA,NA,"informational","file mixes precision flags across series","20 series end in 999 (0.01 mm) and 12 in -9999 (0.001 mm)."
"northamerica/canada/cana237b.rwl",NA,NA,"informational","ID fills all 8 columns","5 ID(s) run up against the year field, e.g. 'Vb9807SE'"
"northamerica/canada/cana237e.rwl",NA,NA,"informational","file mixes precision flags across series","5 series end in 999 (0.01 mm) and 18 in -9999 (0.001 mm)."
"northamerica/canada/cana237l.rwl",NA,NA,"informational","file mixes precision flags across series","5 series end in 999 (0.01 mm) and 18 in -9999 (0.001 mm)."
"northamerica/canada/cana237x.rwl",NA,NA,"informational","file mixes precision flags across series","13 series end in 999 (0.01 mm) and 10 in -9999 (0.001 mm)."
"northamerica/canada/cana238.rwl",NA,NA,"informational","file mixes precision flags across series","23 series end in 999 (0.01 mm) and 12 in -9999 (0.001 mm)."
"northamerica/canada/cana238.rwl",NA,NA,"informational","ID fills all 8 columns","1 ID(s) run up against the year field, e.g. 'C9804SE2'"
"northamerica/canada/cana238b.rwl",NA,NA,"informational","ID fills all 8 columns","6 ID(s) run up against the year field, e.g. 'Cb9804NE'"
"northamerica/canada/cana238e.rwl",NA,NA,"informational","ID fills all 8 columns","1 ID(s) run up against the year field, e.g. 'C9804SE2'"
"northamerica/canada/cana238l.rwl",NA,NA,"informational","ID fills all 8 columns","1 ID(s) run up against the year field, e.g. 'C9804SE2'"
"northamerica/canada/cana238x.rwl",NA,NA,"informational","ID fills all 8 columns","1 ID(s) run up against the year field, e.g. 'C9804SE2'"
"northamerica/canada/cana269.rwl",NA,NA,"informational","file mixes precision flags across series","35 series end in 999 (0.01 mm) and 28 in -9999 (0.001 mm)."
"northamerica/canada/cana269.rwl",NA,NA,"informational","ID fills all 8 columns","2 ID(s) run up against the year field, e.g. 'IO2-10r1'"
"northamerica/canada/cana272.rwl",NA,NA,"informational","ID fills all 8 columns","2 ID(s) run up against the year field, e.g. 'bs569pma'"
"northamerica/canada/cana275.rwl",NA,NA,"informational","ID fills all 8 columns","1 ID(s) run up against the year field, e.g. 'bs569pmb'"
"northamerica/canada/cana312.rwl",NA,NA,"informational","blank inside series ID","1 ID(s) contain blanks, e.g. 'PBS 20A'"
"northamerica/canada/cana312.rwl",NA,NA,"informational","ID fills all 8 columns","2 ID(s) run up against the year field, e.g. 'PBS-LS3A'"
"northamerica/canada/cana317.rwl",NA,NA,"informational","ID fills all 8 columns","1 ID(s) run up against the year field, e.g. 'TBF11SE2'"
"northamerica/canada/cana318x.rwl",NA,NA,"informational","ID fills all 8 columns","1 ID(s) run up against the year field, e.g. 'TE07A.se'"
"northamerica/canada/cana319.rwl",NA,NA,"informational","ID fills all 8 columns","1 ID(s) run up against the year field, e.g. 'EF75SWBS'"
"northamerica/canada/cana319x.rwl",NA,NA,"informational","ID fills all 8 columns","1 ID(s) run up against the year field, e.g. 'EF75SWBS'"
"northamerica/canada/cana321.rwl",NA,NA,"informational","ID fills all 8 columns","1 ID(s) run up against the year field, e.g. 'EF75SWBS'"
"northamerica/canada/cana321x.rwl",NA,NA,"informational","ID fills all 8 columns","1 ID(s) run up against the year field, e.g. 'EF75SWBS'"
"northamerica/canada/cana323.rwl",NA,NA,"informational","blank inside series ID","2 ID(s) contain blanks, e.g. 'PBS 20A'"
"northamerica/canada/cana323.rwl",NA,NA,"informational","ID fills all 8 columns","2 ID(s) run up against the year field, e.g. 'PBS-LS3A'"
"northamerica/canada/cana326.rwl",NA,NA,"informational","blank inside series ID","1 ID(s) contain blanks, e.g. 'SF 31 E''"
"northamerica/canada/cana326.rwl",NA,NA,"informational","file mixes precision flags across series","33 series end in 999 (0.01 mm) and 184 in -9999 (0.001 mm)."
"northamerica/canada/cana326.rwl",NA,NA,"informational","ID fills all 8 columns","1 ID(s) run up against the year field, e.g. 'SF 31 E''"
"northamerica/canada/cana351.rwl",NA,NA,"informational","file mixes precision flags across series","62 series end in 999 (0.01 mm) and 20 in -9999 (0.001 mm)."
"northamerica/canada/cana356.rwl",NA,NA,"informational","file mixes precision flags across series","58 series end in 999 (0.01 mm) and 38 in -9999 (0.001 mm)."
"northamerica/canada/cana359.rwl",NA,NA,"informational","ID fills all 8 columns","1 ID(s) run up against the year field, e.g. 'Y4N21E2B'"
"northamerica/canada/cana362.rwl",NA,NA,"informational","ID fills all 8 columns","1 ID(s) run up against the year field, e.g. 'Y4T55E1b'"
"northamerica/canada/cana4.rwl",NA,NA,"informational","ID fills all 8 columns","16 ID(s) run up against the year field, e.g. 'SAKI0010'"
"northamerica/canada/cana421x.rwl",NA,NA,"informational","blank inside series ID","37 ID(s) contain blanks, e.g. 'Set  1'"
"northamerica/canada/cana430.rwl",NA,NA,"informational","file mixes precision flags across series","209 series end in 999 (0.01 mm) and 6 in -9999 (0.001 mm)."
"northamerica/canada/cana430x.rwl",NA,NA,"informational","file mixes precision flags across series","27 series end in 999 (0.01 mm) and 3 in -9999 (0.001 mm)."
"northamerica/canada/cana432.rwl",NA,NA,"informational","file mixes precision flags across series","23 series end in 999 (0.01 mm) and 15 in -9999 (0.001 mm)."
"northamerica/canada/cana448.rwl",NA,NA,"informational","file mixes precision flags across series","14 series end in 999 (0.01 mm) and 34 in -9999 (0.001 mm)."
"northamerica/canada/cana456.rwl",NA,NA,"informational","file mixes precision flags across series","1 series end in 999 (0.01 mm) and 24 in -9999 (0.001 mm)."
"northamerica/canada/cana464.rwl",NA,NA,"informational","ID fills all 8 columns","19 ID(s) run up against the year field, e.g. 'HUSAF01a'"
"northamerica/canada/cana465.rwl",NA,NA,"informational","ID fills all 8 columns","39 ID(s) run up against the year field, e.g. '95CR200a'"
"northamerica/canada/cana468.rwl",NA,NA,"informational","ID fills all 8 columns","1 ID(s) run up against the year field, e.g. 'JLSAF19a'"
"northamerica/canada/cana476.rwl",NA,NA,"informational","ID fills all 8 columns","44 ID(s) run up against the year field, e.g. '10NUS05b'"
"northamerica/canada/cana477.rwl",NA,NA,"informational","ID fills all 8 columns","27 ID(s) run up against the year field, e.g. '97HP200A'"
"northamerica/canada/cana478.rwl",NA,NA,"informational","ID fills all 8 columns","17 ID(s) run up against the year field, e.g. '05KMH03a'"
"northamerica/canada/cana479.rwl",NA,NA,"informational","ID fills all 8 columns","28 ID(s) run up against the year field, e.g. '05KER02b'"
"northamerica/canada/cana480.rwl",NA,NA,"informational","ID fills all 8 columns","30 ID(s) run up against the year field, e.g. '05KCS01a'"
"northamerica/canada/cana481.rwl",NA,NA,"informational","ID fills all 8 columns","2 ID(s) run up against the year field, e.g. '97TZ01Aa'"
"northamerica/canada/cana482.rwl",NA,NA,"informational","ID fills all 8 columns","36 ID(s) run up against the year field, e.g. '03BG401a'"
"northamerica/canada/cana484.rwl",NA,NA,"informational","ID fills all 8 columns","7 ID(s) run up against the year field, e.g. '02FG-407'"
"northamerica/canada/cana485.rwl",NA,NA,"informational","ID fills all 8 columns","60 ID(s) run up against the year field, e.g. '10JCB41a'"
"northamerica/canada/cana487.rwl",NA,NA,"informational","blank inside series ID","21 ID(s) contain blanks, e.g. '00B 403a'"
"northamerica/canada/cana487.rwl",NA,NA,"informational","ID fills all 8 columns","21 ID(s) run up against the year field, e.g. '00B 403a'"
"northamerica/canada/cana489.rwl",NA,NA,"informational","ID fills all 8 columns","21 ID(s) run up against the year field, e.g. '03BER01A'"
"northamerica/canada/cana495.rwl",NA,NA,"informational","ID fills all 8 columns","24 ID(s) run up against the year field, e.g. '06MG-01b'"
"northamerica/canada/cana498.rwl",NA,NA,"informational","blank inside series ID","29 ID(s) contain blanks, e.g. '00B 201a'"
"northamerica/canada/cana498.rwl",NA,NA,"informational","ID fills all 8 columns","29 ID(s) run up against the year field, e.g. '00B 201a'"
"northamerica/canada/cana5.rwl",NA,NA,"informational","ID fills all 8 columns","17 ID(s) run up against the year field, e.g. 'EDON0010'"
"northamerica/canada/cana501.rwl",NA,NA,"informational","ID fills all 8 columns","14 ID(s) run up against the year field, e.g. 'AC1-101a'"
"northamerica/canada/cana502.rwl",NA,NA,"informational","ID fills all 8 columns","16 ID(s) run up against the year field, e.g. 'AK1-102a'"
"northamerica/canada/cana505.rwl",NA,NA,"informational","ID fills all 8 columns","74 ID(s) run up against the year field, e.g. 'CDU1-01a'"
"northamerica/canada/cana506.rwl",NA,NA,"informational","ID fills all 8 columns","99 ID(s) run up against the year field, e.g. 'CDU2-01a'"
"northamerica/canada/cana507.rwl",NA,NA,"informational","ID fills all 8 columns","18 ID(s) run up against the year field, e.g. 'ES1-101a'"
"northamerica/canada/cana508.rwl",NA,NA,"informational","ID fills all 8 columns","30 ID(s) run up against the year field, e.g. 'JA1-103a'"
"northamerica/canada/cana509.rwl",NA,NA,"informational","ID fills all 8 columns","24 ID(s) run up against the year field, e.g. 'JA2-101a'"
"northamerica/canada/cana510.rwl",NA,NA,"informational","ID fills all 8 columns","8 ID(s) run up against the year field, e.g. 'KC1-102a'"
"northamerica/canada/cana512.rwl",NA,NA,"informational","ID fills all 8 columns","15 ID(s) run up against the year field, e.g. 'NC1-101a'"
"northamerica/canada/cana513.rwl",NA,NA,"informational","ID fills all 8 columns","28 ID(s) run up against the year field, e.g. 'NC2-101a'"
"northamerica/canada/cana514.rwl",NA,NA,"informational","ID fills all 8 columns","21 ID(s) run up against the year field, e.g. 'NL1-101a'"
"northamerica/canada/cana515.rwl",NA,NA,"informational","ID fills all 8 columns","18 ID(s) run up against the year field, e.g. 'PC1-101a'"
"northamerica/canada/cana517.rwl",NA,NA,"informational","ID fills all 8 columns","20 ID(s) run up against the year field, e.g. 'SC1-101a'"
"northamerica/canada/cana518.rwl",NA,NA,"informational","ID fills all 8 columns","16 ID(s) run up against the year field, e.g. 'WC1-101a'"
"northamerica/canada/cana520.rwl",NA,NA,"informational","ID fills all 8 columns","17 ID(s) run up against the year field, e.g. 'BB04104A'"
"northamerica/canada/cana521.rwl",NA,NA,"informational","blank inside series ID","1 ID(s) contain blanks, e.g. 'DW_13 d'"
"northamerica/canada/cana523.rwl",NA,NA,"informational","ID fills all 8 columns","1 ID(s) run up against the year field, e.g. 'HL04279A'"
"northamerica/canada/cana527.rwl",NA,NA,"informational","ID fills all 8 columns","42 ID(s) run up against the year field, e.g. 'TM203IWB'"
"northamerica/canada/cana531.rwl",NA,NA,"informational","ID fills all 8 columns","46 ID(s) run up against the year field, e.g. 'DP23-01a'"
"northamerica/canada/cana532.rwl",NA,NA,"informational","ID fills all 8 columns","42 ID(s) run up against the year field, e.g. 'DP24-01a'"
"northamerica/canada/cana533.rwl",NA,NA,"informational","ID fills all 8 columns","43 ID(s) run up against the year field, e.g. 'DP25-01a'"
"northamerica/canada/cana534.rwl",NA,NA,"informational","ID fills all 8 columns","36 ID(s) run up against the year field, e.g. 'DP26-01a'"
"northamerica/canada/cana535.rwl",NA,NA,"informational","ID fills all 8 columns","57 ID(s) run up against the year field, e.g. 'DP27-01a'"
"northamerica/canada/cana536.rwl",NA,NA,"informational","ID fills all 8 columns","71 ID(s) run up against the year field, e.g. 'DP30-02a'"
"northamerica/canada/cana537.rwl",NA,NA,"informational","ID fills all 8 columns","80 ID(s) run up against the year field, e.g. 'DP31-01a'"
"northamerica/canada/cana540.rwl",NA,NA,"informational","ID fills all 8 columns","20 ID(s) run up against the year field, e.g. 'OC09-80a'"
"northamerica/canada/cana541.rwl",NA,NA,"informational","ID fills all 8 columns","61 ID(s) run up against the year field, e.g. 'OC10-01a'"
"northamerica/canada/cana542.rwl",NA,NA,"informational","ID fills all 8 columns","45 ID(s) run up against the year field, e.g. 'OC50-01a'"
"northamerica/canada/cana543.rwl",NA,NA,"informational","ID fills all 8 columns","84 ID(s) run up against the year field, e.g. 'OC51-02a'"
"northamerica/canada/cana544.rwl",NA,NA,"informational","ID fills all 8 columns","58 ID(s) run up against the year field, e.g. 'OC52-20a'"
"northamerica/canada/cana545.rwl",NA,NA,"informational","ID fills all 8 columns","81 ID(s) run up against the year field, e.g. 'OC53-01a'"
"northamerica/canada/cana546.rwl",NA,NA,"informational","ID fills all 8 columns","40 ID(s) run up against the year field, e.g. 'OC54-01a'"
"northamerica/canada/cana547.rwl",NA,NA,"informational","ID fills all 8 columns","94 ID(s) run up against the year field, e.g. 'PC17-01a'"
"northamerica/canada/cana548.rwl",NA,NA,"informational","ID fills all 8 columns","60 ID(s) run up against the year field, e.g. 'PC18-02a'"
"northamerica/canada/cana553.rwl",NA,NA,"informational","ID fills all 8 columns","67 ID(s) run up against the year field, e.g. 'DP21-01a'"
"northamerica/canada/cana557.rwl",NA,NA,"informational","ID fills all 8 columns","122 ID(s) run up against the year field, e.g. 'SCE001A2'"
"northamerica/canada/cana579.rwl",NA,NA,"informational","trailing text in field 11","27 line(s) carry text in cols 73-78, e.g. 'gap'"
"northamerica/canada/cana581.rwl",NA,NA,"informational","ID fills all 8 columns","22 ID(s) run up against the year field, e.g. 'UpLa001A'"
"northamerica/canada/cana584.rwl",NA,NA,"informational","ID fills all 8 columns","1 ID(s) run up against the year field, e.g. 'NWSC005C'"
"northamerica/canada/cana586.rwl",NA,NA,"informational","ID fills all 8 columns","1 ID(s) run up against the year field, e.g. 'AGC003A2'"
"northamerica/canada/cana587.rwl",NA,NA,"informational","blank inside series ID","2 ID(s) contain blanks, e.g. 'MOO 36A'"
"northamerica/canada/cana588.rwl",NA,NA,"informational","blank inside series ID","2 ID(s) contain blanks, e.g. 'moo07b	1'"
"northamerica/canada/cana588.rwl",NA,NA,"informational","ID fills all 8 columns","2 ID(s) run up against the year field, e.g. 'moo07b	1'"
"northamerica/canada/cana594.rwl",NA,NA,"informational","blank inside series ID","2 ID(s) contain blanks, e.g. 'YC406A ('"
"northamerica/canada/cana594.rwl",NA,NA,"informational","ID fills all 8 columns","2 ID(s) run up against the year field, e.g. 'YC406A ('"
"northamerica/canada/cana594b.rwl",NA,NA,"informational","blank inside series ID","2 ID(s) contain blanks, e.g. 'YC406A ('"
"northamerica/canada/cana594b.rwl",NA,NA,"informational","ID fills all 8 columns","32 ID(s) run up against the year field, e.g. 'YC401S_L'"
"northamerica/canada/cana595b.rwl",NA,NA,"informational","ID fills all 8 columns","17 ID(s) run up against the year field, e.g. 'DG9951N_'"
"northamerica/canada/cana6.rwl",NA,NA,"informational","ID fills all 8 columns","17 ID(s) run up against the year field, e.g. 'CHRI0010'"
"northamerica/canada/cana600b.rwl",NA,NA,"informational","ID fills all 8 columns","47 ID(s) run up against the year field, e.g. 'YLL59Abi'"
"northamerica/canada/cana601.rwl",NA,NA,"informational","ID fills all 8 columns","2 ID(s) run up against the year field, e.g. 'LAPR22N2'"
"northamerica/canada/cana601b.rwl",NA,NA,"informational","ID fills all 8 columns","4 ID(s) run up against the year field, e.g. 'LAPB22Na'"
"northamerica/canada/cana602b.rwl",NA,NA,"informational","blank inside series ID","1 ID(s) contain blanks, e.g. 'YB273  W'"
"northamerica/canada/cana602b.rwl",NA,NA,"informational","ID fills all 8 columns","1 ID(s) run up against the year field, e.g. 'YB273  W'"
"northamerica/canada/cana612.rwl",NA,NA,"informational","ID fills all 8 columns","44 ID(s) run up against the year field, e.g. 'HC1101A2'"
"northamerica/canada/cana613.rwl",NA,NA,"informational","ID fills all 8 columns","7 ID(s) run up against the year field, e.g. 'SK0105A_'"
"northamerica/canada/cana615.rwl",NA,NA,"informational","ID fills all 8 columns","6 ID(s) run up against the year field, e.g. '013AL01A'"
"northamerica/canada/cana616.rwl",NA,NA,"informational","ID fills all 8 columns","13 ID(s) run up against the year field, e.g. '016AL02A'"
"northamerica/canada/cana617.rwl",NA,NA,"informational","ID fills all 8 columns","13 ID(s) run up against the year field, e.g. '026AL03A'"
"northamerica/canada/cana618.rwl",NA,NA,"informational","ID fills all 8 columns","12 ID(s) run up against the year field, e.g. '033AL04A'"
"northamerica/canada/cana619.rwl",NA,NA,"informational","ID fills all 8 columns","7 ID(s) run up against the year field, e.g. '041AL05B'"
"northamerica/canada/cana620.rwl",NA,NA,"informational","ID fills all 8 columns","12 ID(s) run up against the year field, e.g. '046AL06A'"
"northamerica/canada/cana621.rwl",NA,NA,"informational","ID fills all 8 columns","11 ID(s) run up against the year field, e.g. '052AL07A'"
"northamerica/canada/cana622.rwl",NA,NA,"informational","ID fills all 8 columns","4 ID(s) run up against the year field, e.g. '061AL08A'"
"northamerica/canada/cana623.rwl",NA,NA,"informational","ID fills all 8 columns","6 ID(s) run up against the year field, e.g. '064AL09A'"
"northamerica/canada/cana624.rwl",NA,NA,"informational","ID fills all 8 columns","10 ID(s) run up against the year field, e.g. '070AL10A'"
"northamerica/canada/cana625.rwl",NA,NA,"informational","ID fills all 8 columns","9 ID(s) run up against the year field, e.g. '007FR02A'"
"northamerica/canada/cana626.rwl",NA,NA,"informational","ID fills all 8 columns","8 ID(s) run up against the year field, e.g. '008FR03A'"
"northamerica/canada/cana627.rwl",NA,NA,"informational","ID fills all 8 columns","2 ID(s) run up against the year field, e.g. '081FR04A'"
"northamerica/canada/cana628.rwl",NA,NA,"informational","ID fills all 8 columns","5 ID(s) run up against the year field, e.g. '084FR05B'"
"northamerica/canada/cana629.rwl",NA,NA,"informational","ID fills all 8 columns","6 ID(s) run up against the year field, e.g. '091FR06B'"
"northamerica/canada/cana630.rwl",NA,NA,"informational","ID fills all 8 columns","7 ID(s) run up against the year field, e.g. '094FR07A'"
"northamerica/canada/cana631.rwl",NA,NA,"informational","ID fills all 8 columns","10 ID(s) run up against the year field, e.g. '098FR08A'"
"northamerica/canada/cana632.rwl",NA,NA,"informational","ID fills all 8 columns","8 ID(s) run up against the year field, e.g. '105FR09A'"
"northamerica/canada/cana633.rwl",NA,NA,"informational","ID fills all 8 columns","13 ID(s) run up against the year field, e.g. '110FR10A'"
"northamerica/canada/cana634.rwl",NA,NA,"informational","ID fills all 8 columns","10 ID(s) run up against the year field, e.g. '116FR11A'"
"northamerica/canada/cana645.rwl",NA,NA,"informational","ID fills all 8 columns","28 ID(s) run up against the year field, e.g. 'TTH01AAU'"
"northamerica/canada/cana646.rwl",NA,NA,"informational","ID fills all 8 columns","22 ID(s) run up against the year field, e.g. 'TTH01AAU'"
"northamerica/canada/cana651.rwl",NA,NA,"informational","ID fills all 8 columns","223 ID(s) run up against the year field, e.g. 'L1051000'"
"northamerica/canada/cana9.rwl",NA,NA,"informational","ID fills all 8 columns","3 ID(s) run up against the year field, e.g. 'T6P1R10A'"
"northamerica/mexico/mex142.rwl",NA,NA,"informational","ID fills all 8 columns","2 ID(s) run up against the year field, e.g. 'MEN05B-2'"
"northamerica/mexico/mexi021.rwl",NA,NA,"informational","ID fills all 8 columns","17 ID(s) run up against the year field, e.g. 'NDC29BBA'"
"northamerica/mexico/mexi022e.rwl",NA,NA,"informational","ID fills all 8 columns","43 ID(s) run up against the year field, e.g. 'BARO1AEW'"
"northamerica/mexico/mexi022l.rwl",NA,NA,"informational","ID fills all 8 columns","41 ID(s) run up against the year field, e.g. 'BARO1ALW'"
"northamerica/mexico/mexi023e.rwl",NA,NA,"informational","ID fills all 8 columns","46 ID(s) run up against the year field, e.g. 'BARO1AEW'"
"northamerica/mexico/mexi023l.rwl",NA,NA,"informational","ID fills all 8 columns","39 ID(s) run up against the year field, e.g. 'BARO1ALW'"
"northamerica/mexico/mexi025e.rwl",NA,NA,"informational","ID fills all 8 columns","29 ID(s) run up against the year field, e.g. 'CIA03AEW'"
"northamerica/mexico/mexi025l.rwl",NA,NA,"informational","ID fills all 8 columns","29 ID(s) run up against the year field, e.g. 'CIA03ALW'"
"northamerica/mexico/mexi027e.rwl",NA,NA,"informational","ID fills all 8 columns","30 ID(s) run up against the year field, e.g. 'SAL01AEW'"
"northamerica/mexico/mexi027l.rwl",NA,NA,"informational","ID fills all 8 columns","32 ID(s) run up against the year field, e.g. 'SAL01ALW'"
"northamerica/mexico/mexi028e.rwl",NA,NA,"informational","ID fills all 8 columns","76 ID(s) run up against the year field, e.g. 'TAB01AEW'"
"northamerica/mexico/mexi028l.rwl",NA,NA,"informational","ID fills all 8 columns","72 ID(s) run up against the year field, e.g. 'TAB01ALW'"
"northamerica/mexico/mexi031e.rwl",NA,NA,"informational","ID fills all 8 columns","55 ID(s) run up against the year field, e.g. 'TIN01CEW'"
"northamerica/mexico/mexi031l.rwl",NA,NA,"informational","ID fills all 8 columns","55 ID(s) run up against the year field, e.g. 'TIN01CLW'"
"northamerica/mexico/mexi032e.rwl",NA,NA,"informational","ID fills all 8 columns","27 ID(s) run up against the year field, e.g. 'CAM01AEW'"
"northamerica/mexico/mexi032l.rwl",NA,NA,"informational","ID fills all 8 columns","23 ID(s) run up against the year field, e.g. 'CAM01ALW'"
"northamerica/mexico/mexi107.rwl",NA,NA,"informational","file mixes precision flags across series","42 series end in 999 (0.01 mm) and 92 in -9999 (0.001 mm)."
"northamerica/mexico/mexi113.rwl",NA,NA,"informational","ID fills all 8 columns","18 ID(s) run up against the year field, e.g. 'DUPA055A'"
"northamerica/mexico/mexi114.rwl",NA,NA,"informational","ID fills all 8 columns","20 ID(s) run up against the year field, e.g. 'DUPE051A'"
"northamerica/mexico/mexi115.rwl",NA,NA,"informational","ID fills all 8 columns","18 ID(s) run up against the year field, e.g. 'DUPL052A'"
"northamerica/usa/ak035.rwl",NA,NA,"informational","ID fills all 8 columns","20 ID(s) run up against the year field, e.g. 'CT00721B'"
"northamerica/usa/ak040.rwl",NA,NA,"informational","blank inside series ID","17 ID(s) contain blanks, e.g. 'NCB 004'"
"northamerica/usa/ak040.rwl",NA,NA,"informational","ID fills all 8 columns","5 ID(s) run up against the year field, e.g. 'NCB 016B'"
"northamerica/usa/ak043.rwl",NA,NA,"informational","ID fills all 8 columns","6 ID(s) run up against the year field, e.g. 'TW13-11A'"
"northamerica/usa/ak046.rwl",NA,NA,"informational","ID fills all 8 columns","31 ID(s) run up against the year field, e.g. 'LSP01SEA'"
"northamerica/usa/ak048.rwl",NA,NA,"informational","ID fills all 8 columns","6 ID(s) run up against the year field, e.g. 'BRCL79BN'"
"northamerica/usa/ak049.rwl",NA,NA,"informational","ID fills all 8 columns","2 ID(s) run up against the year field, e.g. 'BRNF52BN'"
"northamerica/usa/ak050.rwl",NA,NA,"informational","ID fills all 8 columns","59 ID(s) run up against the year field, e.g. 'BRNC66NE'"
"northamerica/usa/ak051.rwl",NA,NA,"informational","ID fills all 8 columns","29 ID(s) run up against the year field, e.g. 'NCFL06-N'"
"northamerica/usa/ak052.rwl",NA,NA,"informational","ID fills all 8 columns","8 ID(s) run up against the year field, e.g. 'BRHF69AA'"
"northamerica/usa/ak053.rwl",NA,NA,"informational","ID fills all 8 columns","1 ID(s) run up against the year field, e.g. 'P1-149B1'"
"northamerica/usa/ak054.rwl",NA,NA,"informational","ID fills all 8 columns","77 ID(s) run up against the year field, e.g. 'ARRC108W'"
"northamerica/usa/ak056.rwl",NA,NA,"informational","ID fills all 8 columns","77 ID(s) run up against the year field, e.g. 'ARRC108W'"
"northamerica/usa/ak072x.rwl",NA,NA,"informational","ID fills all 8 columns","26 ID(s) run up against the year field, e.g. 'WW01S.SE'"
"northamerica/usa/ak073.rwl",NA,NA,"informational","file mixes precision flags across series","9 series end in 999 (0.01 mm) and 9 in -9999 (0.001 mm)."
"northamerica/usa/ak073.rwl",NA,NA,"informational","ID fills all 8 columns","9 ID(s) run up against the year field, e.g. 'NT01N.SE'"
"northamerica/usa/ak074.rwl",NA,NA,"informational","blank inside series ID","2 ID(s) contain blanks, e.g. 'NMSTU 1'"
"northamerica/usa/ak074x.rwl",NA,NA,"informational","blank inside series ID","1 ID(s) contain blanks, e.g. 'NM 03.S'"
"northamerica/usa/ak075.rwl",NA,NA,"informational","file mixes precision flags across series","17 series end in 999 (0.01 mm) and 17 in -9999 (0.001 mm)."
"northamerica/usa/ak075.rwl",NA,NA,"informational","ID fills all 8 columns","22 ID(s) run up against the year field, e.g. 'HHO3NDEA'"
"northamerica/usa/ak075x.rwl",NA,NA,"informational","ID fills all 8 columns","15 ID(s) run up against the year field, e.g. 'HH08N'.S'"
"northamerica/usa/ak077.rwl",NA,NA,"informational","ID fills all 8 columns","24 ID(s) run up against the year field, e.g. 'C-1-3W.S'"
"northamerica/usa/ak077x.rwl",NA,NA,"informational","ID fills all 8 columns","19 ID(s) run up against the year field, e.g. 'C-5-12W.'"
"northamerica/usa/ak078.rwl",NA,NA,"informational","file mixes precision flags across series","18 series end in 999 (0.01 mm) and 2 in -9999 (0.001 mm)."
"northamerica/usa/ak078.rwl",NA,NA,"informational","ID fills all 8 columns","19 ID(s) run up against the year field, e.g. 'BL11NW.S'"
"northamerica/usa/ak078x.rwl",NA,NA,"informational","ID fills all 8 columns","16 ID(s) run up against the year field, e.g. 'BL11NW.S'"
"northamerica/usa/ak079.rwl",NA,NA,"informational","ID fills all 8 columns","1 ID(s) run up against the year field, e.g. '171-20AB'"
"northamerica/usa/ak080.rwl",NA,NA,"informational","ID fills all 8 columns","10 ID(s) run up against the year field, e.g. '182-460B'"
"northamerica/usa/ak082.rwl",NA,NA,"informational","ID fills all 8 columns","4 ID(s) run up against the year field, e.g. '199-147b'"
"northamerica/usa/ak085.rwl",NA,NA,"informational","ID fills all 8 columns","3 ID(s) run up against the year field, e.g. '235-21AB'"
"northamerica/usa/ak096.rwl",NA,NA,"informational","file mixes precision flags across series","20 series end in 999 (0.01 mm) and 786 in -9999 (0.001 mm)."
"northamerica/usa/ak10.rwl",NA,NA,"informational","ID fills all 8 columns","10 ID(s) run up against the year field, e.g. 'RUFI1140'"
"northamerica/usa/ak102.rwl",NA,NA,"informational","file mixes precision flags across series","13 series end in 999 (0.01 mm) and 32 in -9999 (0.001 mm)."
"northamerica/usa/ak102.rwl",NA,NA,"informational","ID fills all 8 columns","13 ID(s) run up against the year field, e.g. 'MT01S.se'"
"northamerica/usa/ak104.rwl",NA,NA,"informational","ID fills all 8 columns","1 ID(s) run up against the year field, e.g. '1974R.E.'"
"northamerica/usa/ak108.rwl",NA,NA,"informational","ID fills all 8 columns","43 ID(s) run up against the year field, e.g. 'FORK0110'"
"northamerica/usa/ak109.rwl",NA,NA,"informational","ID fills all 8 columns","10 ID(s) run up against the year field, e.g. 'FTR12NWS'"
"northamerica/usa/ak11.rwl",NA,NA,"informational","ID fills all 8 columns","14 ID(s) run up against the year field, e.g. 'RUFI1010'"
"northamerica/usa/ak110.rwl",NA,NA,"informational","ID fills all 8 columns","5 ID(s) run up against the year field, e.g. 'FTR10NBS'"
"northamerica/usa/ak111.rwl",NA,NA,"informational","ID fills all 8 columns","4 ID(s) run up against the year field, e.g. 'TMW11NWS'"
"northamerica/usa/ak112.rwl",NA,NA,"informational","file mixes precision flags across series","20 series end in 999 (0.01 mm) and 282 in -9999 (0.001 mm)."
"northamerica/usa/ak113.rwl",NA,NA,"informational","ID fills all 8 columns","9 ID(s) run up against the year field, e.g. 'FTR33SWS'"
"northamerica/usa/ak115.rwl",NA,NA,"informational","ID fills all 8 columns","51 ID(s) run up against the year field, e.g. 'HBB1B.se'"
"northamerica/usa/ak115x.rwl",NA,NA,"informational","ID fills all 8 columns","51 ID(s) run up against the year field, e.g. 'HBB1B.se'"
"northamerica/usa/ak116.rwl",NA,NA,"informational","blank inside series ID","2 ID(s) contain blanks, e.g. 'NMSTU 1'"
"northamerica/usa/ak116.rwl",NA,NA,"informational","ID fills all 8 columns","64 ID(s) run up against the year field, e.g. 'HHO3NDEA'"
"northamerica/usa/ak116x.rwl",NA,NA,"informational","ID fills all 8 columns","55 ID(s) run up against the year field, e.g. 'HH08N'.S'"
"northamerica/usa/ak117x.rwl",NA,NA,"informational","ID fills all 8 columns","18 ID(s) run up against the year field, e.g. 'AR11NEBS'"
"northamerica/usa/ak12.rwl",NA,NA,"informational","ID fills all 8 columns","17 ID(s) run up against the year field, e.g. 'PONY0010'"
"northamerica/usa/ak128.rwl",NA,NA,"informational","blank inside series ID","1 ID(s) contain blanks, e.g. 'RS5 N'"
"northamerica/usa/ak129.rwl",NA,NA,"informational","blank inside series ID","1 ID(s) contain blanks, e.g. 'SR04NW 2'"
"northamerica/usa/ak129.rwl",NA,NA,"informational","ID fills all 8 columns","1 ID(s) run up against the year field, e.g. 'SR04NW 2'"
"northamerica/usa/ak13.rwl",NA,NA,"informational","ID fills all 8 columns","18 ID(s) run up against the year field, e.g. 'NTAK0010'"
"northamerica/usa/ak132x.rwl",NA,NA,"informational","ID fills all 8 columns","246 ID(s) run up against the year field, e.g. '1236102a'"
"northamerica/usa/ak136.rwl",NA,NA,"informational","ID fills all 8 columns","12 ID(s) run up against the year field, e.g. '0026C01A'"
"northamerica/usa/ak137.rwl",NA,NA,"informational","ID fills all 8 columns","11 ID(s) run up against the year field, e.g. 'ALSE00E0'"
"northamerica/usa/ak138.rwl",NA,NA,"informational","ID fills all 8 columns","10 ID(s) run up against the year field, e.g. 'GLDO0210'"
"northamerica/usa/ak139.rwl",NA,NA,"informational","ID fills all 8 columns","12 ID(s) run up against the year field, e.g. 'ITMO0010'"
"northamerica/usa/ak14.rwl",NA,NA,"informational","ID fills all 8 columns","19 ID(s) run up against the year field, e.g. 'ISTH0010'"
"northamerica/usa/ak142.rwl",NA,NA,"informational","ID fills all 8 columns","5 ID(s) run up against the year field, e.g. 'OTMO0010'"
"northamerica/usa/ak143.rwl",NA,NA,"informational","ID fills all 8 columns","9 ID(s) run up against the year field, e.g. 'OTMO0030'"
"northamerica/usa/ak146.rwl",NA,NA,"informational","ID fills all 8 columns","6 ID(s) run up against the year field, e.g. 'GRAV0010'"
"northamerica/usa/ak147.rwl",NA,NA,"informational","ID fills all 8 columns","5 ID(s) run up against the year field, e.g. 'GRAV0040'"
"northamerica/usa/ak148.rwl",NA,NA,"informational","ID fills all 8 columns","16 ID(s) run up against the year field, e.g. 'AGGTRL10'"
"northamerica/usa/ak149.rwl",NA,NA,"informational","ID fills all 8 columns","16 ID(s) run up against the year field, e.g. 'AGGFOR10'"
"northamerica/usa/ak15.rwl",NA,NA,"informational","ID fills all 8 columns","17 ID(s) run up against the year field, e.g. 'GULK0010'"
"northamerica/usa/ak154.rwl",NA,NA,"informational","ID fills all 8 columns","75 ID(s) run up against the year field, e.g. '10726g10'"
"northamerica/usa/ak155.rwl",NA,NA,"informational","ID fills all 8 columns","41 ID(s) run up against the year field, e.g. '35981m10'"
"northamerica/usa/ak157.rwl",NA,NA,"informational","ID fills all 8 columns","10 ID(s) run up against the year field, e.g. 'poi2t43a'"
"northamerica/usa/ak159.rwl",NA,NA,"informational","ID fills all 8 columns","205 ID(s) run up against the year field, e.g. 'E149Bn30'"
"northamerica/usa/ak16.rwl",NA,NA,"informational","ID fills all 8 columns","15 ID(s) run up against the year field, e.g. 'GIRD0010'"
"northamerica/usa/ak160.rwl",NA,NA,"informational","ID fills all 8 columns","101 ID(s) run up against the year field, e.g. 'BCEFPt01'"
"northamerica/usa/ak17.rwl",NA,NA,"informational","ID fills all 8 columns","18 ID(s) run up against the year field, e.g. 'FORK0010'"
"northamerica/usa/ak173.rwl",NA,NA,"informational","ID fills all 8 columns","1 ID(s) run up against the year field, e.g. 'Spruce2A'"
"northamerica/usa/ak173b.rwl",NA,NA,"informational","ID fills all 8 columns","31 ID(s) run up against the year field, e.g. 'Q1-01_in'"
"northamerica/usa/ak18.rwl",NA,NA,"informational","ID fills all 8 columns","17 ID(s) run up against the year field, e.g. 'EYAK0010'"
"northamerica/usa/ak185.rwl",NA,NA,"informational","blank inside series ID","2 ID(s) contain blanks, e.g. 'OB-23 (2'"
"northamerica/usa/ak185.rwl",NA,NA,"informational","ID fills all 8 columns","2 ID(s) run up against the year field, e.g. 'OB-23 (2'"
"northamerica/usa/ak187.rwl",NA,NA,"informational","blank inside series ID","1 ID(s) contain blanks, e.g. 'NB-27 (2'"
"northamerica/usa/ak187.rwl",NA,NA,"informational","ID fills all 8 columns","2 ID(s) run up against the year field, e.g. 'NB-04res'"
"northamerica/usa/ak19.rwl",NA,NA,"informational","ID fills all 8 columns","17 ID(s) run up against the year field, e.g. 'CRAI0010'"
"northamerica/usa/ak191.rwl",NA,NA,"informational","ID fills all 8 columns","76 ID(s) run up against the year field, e.g. '6AD8189B'"
"northamerica/usa/ak2.rwl",NA,NA,"informational","ID fills all 8 columns","18 ID(s) run up against the year field, e.g. 'YAKU0010'"
"northamerica/usa/ak20.rwl",NA,NA,"informational","ID fills all 8 columns","16 ID(s) run up against the year field, e.g. 'CHIT0010'"
"northamerica/usa/ak202.rwl",NA,NA,"informational","ID fills all 8 columns","7 ID(s) run up against the year field, e.g. 'CVV002nw'"
"northamerica/usa/ak202bd.rwl",NA,NA,"informational","ID fills all 8 columns","16 ID(s) run up against the year field, e.g. 'CVV002nw'"
"northamerica/usa/ak202be.rwl",NA,NA,"informational","ID fills all 8 columns","16 ID(s) run up against the year field, e.g. 'CVV002nw'"
"northamerica/usa/ak202bl.rwl",NA,NA,"informational","ID fills all 8 columns","16 ID(s) run up against the year field, e.g. 'CVV002nw'"
"northamerica/usa/ak203.rwl",NA,NA,"informational","ID fills all 8 columns","9 ID(s) run up against the year field, e.g. 'ELG003SW'"
"northamerica/usa/ak203bd.rwl",NA,NA,"informational","ID fills all 8 columns","18 ID(s) run up against the year field, e.g. 'ELG003SW'"
"northamerica/usa/ak203be.rwl",NA,NA,"informational","ID fills all 8 columns","18 ID(s) run up against the year field, e.g. 'ELG003SW'"
"northamerica/usa/ak203bl.rwl",NA,NA,"informational","ID fills all 8 columns","18 ID(s) run up against the year field, e.g. 'ELG003SW'"
"northamerica/usa/ak204bd.rwl",NA,NA,"informational","ID fills all 8 columns","15 ID(s) run up against the year field, e.g. 'JM0012N_'"
"northamerica/usa/ak204be.rwl",NA,NA,"informational","ID fills all 8 columns","15 ID(s) run up against the year field, e.g. 'JM0012N_'"
"northamerica/usa/ak204bl.rwl",NA,NA,"informational","ID fills all 8 columns","15 ID(s) run up against the year field, e.g. 'JM0012N_'"
"northamerica/usa/ak205bd.rwl",NA,NA,"informational","ID fills all 8 columns","15 ID(s) run up against the year field, e.g. 'MT01S_DB'"
"northamerica/usa/ak205be.rwl",NA,NA,"informational","ID fills all 8 columns","15 ID(s) run up against the year field, e.g. 'MT01S_EW'"
"northamerica/usa/ak205bl.rwl",NA,NA,"informational","ID fills all 8 columns","15 ID(s) run up against the year field, e.g. 'MT01S_in'"
"northamerica/usa/ak206bd.rwl",NA,NA,"informational","ID fills all 8 columns","13 ID(s) run up against the year field, e.g. 'MW02SW_D'"
"northamerica/usa/ak206be.rwl",NA,NA,"informational","ID fills all 8 columns","13 ID(s) run up against the year field, e.g. 'MW02SW_E'"
"northamerica/usa/ak206bl.rwl",NA,NA,"informational","ID fills all 8 columns","13 ID(s) run up against the year field, e.g. 'MW02SW_i'"
"northamerica/usa/ak207.rwl",NA,NA,"informational","ID fills all 8 columns","1 ID(s) run up against the year field, e.g. 'SR003_un'"
"northamerica/usa/ak207bd.rwl",NA,NA,"informational","ID fills all 8 columns","10 ID(s) run up against the year field, e.g. 'SR001_DU'"
"northamerica/usa/ak207be.rwl",NA,NA,"informational","ID fills all 8 columns","10 ID(s) run up against the year field, e.g. 'SR001_EW'"
"northamerica/usa/ak207bl.rwl",NA,NA,"informational","ID fills all 8 columns","10 ID(s) run up against the year field, e.g. 'SR001_lw'"
"northamerica/usa/ak208.rwl",NA,NA,"informational","ID fills all 8 columns","12 ID(s) run up against the year field, e.g. 'TBB001NE'"
"northamerica/usa/ak208bd.rwl",NA,NA,"informational","ID fills all 8 columns","15 ID(s) run up against the year field, e.g. 'TBB001Ne'"
"northamerica/usa/ak208be.rwl",NA,NA,"informational","ID fills all 8 columns","15 ID(s) run up against the year field, e.g. 'TBB001Ne'"
"northamerica/usa/ak208bl.rwl",NA,NA,"informational","ID fills all 8 columns","15 ID(s) run up against the year field, e.g. 'TBB001Ne'"
"northamerica/usa/ak209bd.rwl",NA,NA,"informational","ID fills all 8 columns","17 ID(s) run up against the year field, e.g. 'WM27SE_D'"
"northamerica/usa/ak209be.rwl",NA,NA,"informational","ID fills all 8 columns","17 ID(s) run up against the year field, e.g. 'WM27SE_E'"
"northamerica/usa/ak209bl.rwl",NA,NA,"informational","ID fills all 8 columns","17 ID(s) run up against the year field, e.g. 'WM27SE_i'"
"northamerica/usa/ak21.rwl",NA,NA,"informational","ID fills all 8 columns","17 ID(s) run up against the year field, e.g. 'CAIR0010'"
"northamerica/usa/ak212.rwl",NA,NA,"informational","ID fills all 8 columns","17 ID(s) run up against the year field, e.g. 'XRSPR01A'"
"northamerica/usa/ak215.rwl",NA,NA,"informational","ID fills all 8 columns","49 ID(s) run up against the year field, e.g. 'BCHEM01E'"
"northamerica/usa/ak217.rwl",NA,NA,"informational","ID fills all 8 columns","11 ID(s) run up against the year field, e.g. 'LSRCX06A'"
"northamerica/usa/ak218.rwl",NA,NA,"informational","ID fills all 8 columns","10 ID(s) run up against the year field, e.g. 'FSRM5YC1'"
"northamerica/usa/ak219.rwl",NA,NA,"informational","ID fills all 8 columns","10 ID(s) run up against the year field, e.g. 'HYC-CM1a'"
"northamerica/usa/ak22.rwl",NA,NA,"informational","ID fills all 8 columns","17 ID(s) run up against the year field, e.g. 'BOUL0010'"
"northamerica/usa/ak222.rwl",NA,NA,"informational","ID fills all 8 columns","78 ID(s) run up against the year field, e.g. 'HMH-H01A'"
"northamerica/usa/ak223.rwl",NA,NA,"informational","ID fills all 8 columns","36 ID(s) run up against the year field, e.g. 'HB_MH01A'"
"northamerica/usa/ak23.rwl",NA,NA,"informational","ID fills all 8 columns","14 ID(s) run up against the year field, e.g. 'BERN0010'"
"northamerica/usa/ak24.rwl",NA,NA,"informational","ID fills all 8 columns","13 ID(s) run up against the year field, e.g. 'BRAS0010'"
"northamerica/usa/ak3.rwl",NA,NA,"informational","ID fills all 8 columns","14 ID(s) run up against the year field, e.g. 'TOKR0030'"
"northamerica/usa/ak4.rwl",NA,NA,"informational","ID fills all 8 columns","6 ID(s) run up against the year field, e.g. 'TAKU0010'"
"northamerica/usa/ak5.rwl",NA,NA,"informational","ID fills all 8 columns","38 ID(s) run up against the year field, e.g. 'SWED0010'"
"northamerica/usa/ak6.rwl",NA,NA,"informational","ID fills all 8 columns","14 ID(s) run up against the year field, e.g. 'STAR0010'"
"northamerica/usa/ak7.rwl",NA,NA,"informational","ID fills all 8 columns","14 ID(s) run up against the year field, e.g. 'RUFI3011'"
"northamerica/usa/ak8.rwl",NA,NA,"informational","ID fills all 8 columns","8 ID(s) run up against the year field, e.g. 'RUFI2181'"
"northamerica/usa/ak9.rwl",NA,NA,"informational","ID fills all 8 columns","18 ID(s) run up against the year field, e.g. 'RUFI2011'"
"northamerica/usa/ar076.rwl",NA,NA,"informational","ID fills all 8 columns","17 ID(s) run up against the year field, e.g. 'p188t001'"
"northamerica/usa/ar077.rwl",NA,NA,"informational","ID fills all 8 columns","23 ID(s) run up against the year field, e.g. 'p157t001'"
"northamerica/usa/ar078.rwl",NA,NA,"informational","ID fills all 8 columns","13 ID(s) run up against the year field, e.g. 'p142t003'"
"northamerica/usa/ar079.rwl",NA,NA,"informational","ID fills all 8 columns","16 ID(s) run up against the year field, e.g. 'p246t026'"
"northamerica/usa/ar080.rwl",NA,NA,"informational","ID fills all 8 columns","18 ID(s) run up against the year field, e.g. 'p823t021'"
"northamerica/usa/ar081.rwl",NA,NA,"informational","ID fills all 8 columns","28 ID(s) run up against the year field, e.g. 'p198t001'"
"northamerica/usa/ar082.rwl",NA,NA,"informational","ID fills all 8 columns","22 ID(s) run up against the year field, e.g. 'p170t001'"
"northamerica/usa/ar083.rwl",NA,NA,"informational","ID fills all 8 columns","46 ID(s) run up against the year field, e.g. 'ttn09t1A'"
"northamerica/usa/az029.rwl",NA,NA,"informational","trailing text in field 11","1 line(s) carry text in cols 73-78, e.g. '.'"
"northamerica/usa/az510.rwl",NA,NA,"informational","ID fills all 8 columns","30 ID(s) run up against the year field, e.g. 'SFP011AA'"
"northamerica/usa/az550.rwl",NA,NA,"informational","ID fills all 8 columns","3 ID(s) run up against the year field, e.g. 'CMPFH07A'"
"northamerica/usa/az584.rwl",NA,NA,"informational","ID fills all 8 columns","11 ID(s) run up against the year field, e.g. '15wright'"
"northamerica/usa/az589.rwl",NA,NA,"informational","ID fills all 8 columns","13 ID(s) run up against the year field, e.g. 'BTA2455A'"
"northamerica/usa/az594.rwl",NA,NA,"informational","ID fills all 8 columns","3 ID(s) run up against the year field, e.g. 'CMPFH07A'"
"northamerica/usa/az595.rwl",NA,NA,"informational","ID fills all 8 columns","8 ID(s) run up against the year field, e.g. 'BIG047NE'"
"northamerica/usa/az596.rwl",NA,NA,"informational","ID fills all 8 columns","2 ID(s) run up against the year field, e.g. 'BIG009NW'"
"northamerica/usa/az598.rwl",NA,NA,"informational","ID fills all 8 columns","6 ID(s) run up against the year field, e.g. 'MTL054AW'"
"northamerica/usa/az600.rwl",NA,NA,"informational","ID fills all 8 columns","2 ID(s) run up against the year field, e.g. 'BIG047NE'"
"northamerica/usa/az602.rwl",NA,NA,"informational","ID fills all 8 columns","2 ID(s) run up against the year field, e.g. 'MTL054AW'"
"northamerica/usa/az605.rwl",NA,NA,"informational","file mixes precision flags across series","25 series end in 999 (0.01 mm) and 20 in -9999 (0.001 mm)."
"northamerica/usa/az606.rwl",NA,NA,"informational","file mixes precision flags across series","24 series end in 999 (0.01 mm) and 20 in -9999 (0.001 mm)."
"northamerica/usa/az607.rwl",NA,NA,"informational","file mixes precision flags across series","8 series end in 999 (0.01 mm) and 17 in -9999 (0.001 mm)."
"northamerica/usa/az608.rwl",NA,NA,"informational","file mixes precision flags across series","37 series end in 999 (0.01 mm) and 23 in -9999 (0.001 mm)."
"northamerica/usa/az610.rwl",NA,NA,"informational","ID fills all 8 columns","29 ID(s) run up against the year field, e.g. 'AZA0101B'"
"northamerica/usa/az611.rwl",NA,NA,"informational","ID fills all 8 columns","26 ID(s) run up against the year field, e.g. 'AZA0201A'"
"northamerica/usa/az612.rwl",NA,NA,"informational","ID fills all 8 columns","30 ID(s) run up against the year field, e.g. 'AZA0301A'"
"northamerica/usa/az613.rwl",NA,NA,"informational","ID fills all 8 columns","17 ID(s) run up against the year field, e.g. 'AZP0102B'"
"northamerica/usa/az614.rwl",NA,NA,"informational","ID fills all 8 columns","30 ID(s) run up against the year field, e.g. 'AZP0201A'"
"northamerica/usa/az615.rwl",NA,NA,"informational","ID fills all 8 columns","28 ID(s) run up against the year field, e.g. 'AZP0301A'"
"northamerica/usa/az616.rwl",NA,NA,"informational","ID fills all 8 columns","30 ID(s) run up against the year field, e.g. 'AZP0401B'"
"northamerica/usa/az617.rwl",NA,NA,"informational","ID fills all 8 columns","127 ID(s) run up against the year field, e.g. '301-1475'"
"northamerica/usa/az621.rwl",NA,NA,"informational","trailing text in field 11","1 line(s) carry text in cols 73-78, e.g. 'FR-002'"
"northamerica/usa/az629bl.rwl",NA,NA,"informational","ID fills all 8 columns","18 ID(s) run up against the year field, e.g. 'CHR01A_L'"
"northamerica/usa/ca613.rwl",NA,NA,"informational","file mixes precision flags across series","39 series end in 999 (0.01 mm) and 17 in -9999 (0.001 mm)."
"northamerica/usa/ca680.rwl",NA,NA,"informational","ID fills all 8 columns","1 ID(s) run up against the year field, e.g. 'M010A_bl'"
"northamerica/usa/ca686.rwl",NA,NA,"informational","ID fills all 8 columns","5 ID(s) run up against the year field, e.g. 'acb107a1'"
"northamerica/usa/ca687.rwl",NA,NA,"informational","ID fills all 8 columns","2 ID(s) run up against the year field, e.g. 'roa101a2'"
"northamerica/usa/ca691e.rwl",NA,NA,"informational","ID fills all 8 columns","1 ID(s) run up against the year field, e.g. 'CPRA32A2'"
"northamerica/usa/ca691l.rwl",NA,NA,"informational","ID fills all 8 columns","2 ID(s) run up against the year field, e.g. 'CPRA32A1'"
"northamerica/usa/ca692e.rwl",NA,NA,"informational","ID fills all 8 columns","2 ID(s) run up against the year field, e.g. 'CPRT20B2'"
"northamerica/usa/ca692l.rwl",NA,NA,"informational","ID fills all 8 columns","2 ID(s) run up against the year field, e.g. 'CPRT20B2'"
"northamerica/usa/ca694.rwl",NA,NA,"informational","ID fills all 8 columns","1 ID(s) run up against the year field, e.g. 'TRSP05Bq'"
"northamerica/usa/ca697.rwl",NA,NA,"informational","blank inside series ID","1 ID(s) contain blanks, e.g. 'ONC Dave'"
"northamerica/usa/ca697.rwl",NA,NA,"informational","ID fills all 8 columns","1 ID(s) run up against the year field, e.g. 'ONC Dave'"
"northamerica/usa/ca699.rwl",NA,NA,"informational","ID fills all 8 columns","101 ID(s) run up against the year field, e.g. 'ID101a_L'"
"northamerica/usa/ca700.rwl",NA,NA,"informational","ID fills all 8 columns","74 ID(s) run up against the year field, e.g. 'ID143a_L'"
"northamerica/usa/ca701.rwl",NA,NA,"informational","ID fills all 8 columns","56 ID(s) run up against the year field, e.g. 'ID393a_L'"
"northamerica/usa/ca702.rwl",NA,NA,"informational","ID fills all 8 columns","77 ID(s) run up against the year field, e.g. 'ID105a_D'"
"northamerica/usa/ca714.rwl",NA,NA,"informational","blank inside series ID","1 ID(s) contain blanks, e.g. 'GFIJ2 #A'"
"northamerica/usa/ca714.rwl",NA,NA,"informational","ID fills all 8 columns","4 ID(s) run up against the year field, e.g. 'GFI48B#H'"
"northamerica/usa/ca719.rwl",NA,NA,"informational","file mixes precision flags across series","119 series end in 999 (0.01 mm) and 1 in -9999 (0.001 mm)."
"northamerica/usa/ca723.rwl",NA,NA,"informational","ID fills all 8 columns","1 ID(s) run up against the year field, e.g. 'PSG06C2A'"
"northamerica/usa/ca726.rwl",NA,NA,"informational","ID fills all 8 columns","2 ID(s) run up against the year field, e.g. 'GFI48C#H'"
"northamerica/usa/ca730.rwl",NA,NA,"informational","ID fills all 8 columns","19 ID(s) run up against the year field, e.g. 'TVTA140A'"
"northamerica/usa/ca731.rwl",NA,NA,"informational","ID fills all 8 columns","17 ID(s) run up against the year field, e.g. 'TVTB120A'"
"northamerica/usa/ca733.rwl",NA,NA,"informational","ID fills all 8 columns","16 ID(s) run up against the year field, e.g. 'TVTD100A'"
"northamerica/usa/ca737.rwl",NA,NA,"informational","ID fills all 8 columns","63 ID(s) run up against the year field, e.g. '180KR24.'"
"northamerica/usa/ca738.rwl",NA,NA,"informational","ID fills all 8 columns","61 ID(s) run up against the year field, e.g. '180JT22.'"
"northamerica/usa/ca739.rwl",NA,NA,"informational","ID fills all 8 columns","99 ID(s) run up against the year field, e.g. '180JT17.'"
"northamerica/usa/ca740.rwl",NA,NA,"informational","ID fills all 8 columns","96 ID(s) run up against the year field, e.g. '180JT16.'"
"northamerica/usa/ca741.rwl",NA,NA,"informational","ID fills all 8 columns","2 ID(s) run up against the year field, e.g. 'MSF02S1A'"
"northamerica/usa/ca745bd.rwl",NA,NA,"informational","ID fills all 8 columns","28 ID(s) run up against the year field, e.g. 'SLT04A_D'"
"northamerica/usa/ca747bd.rwl",NA,NA,"informational","ID fills all 8 columns","39 ID(s) run up against the year field, e.g. 'LVP01A_3'"
"northamerica/usa/ca748bd.rwl",NA,NA,"informational","ID fills all 8 columns","44 ID(s) run up against the year field, e.g. 'CPH02B_1'"
"northamerica/usa/ca749.rwl",NA,NA,"informational","ID fills all 8 columns","2 ID(s) run up against the year field, e.g. '27-0556A'"
"northamerica/usa/co522.rwl",NA,NA,"informational","ID fills all 8 columns","31 ID(s) run up against the year field, e.g. 'GOL041AA'"
"northamerica/usa/co523.rwl",NA,NA,"informational","ID fills all 8 columns","29 ID(s) run up against the year field, e.g. 'WIN051AA'"
"northamerica/usa/co524.rwl",NA,NA,"informational","ID fills all 8 columns","40 ID(s) run up against the year field, e.g. 'ALM021AA'"
"northamerica/usa/co525.rwl",NA,NA,"informational","ID fills all 8 columns","38 ID(s) run up against the year field, e.g. 'HER021AA'"
"northamerica/usa/co586e.rwl",NA,NA,"informational","ID fills all 8 columns","22 ID(s) run up against the year field, e.g. 'FC017CBC'"
"northamerica/usa/co586l.rwl",NA,NA,"informational","ID fills all 8 columns","22 ID(s) run up against the year field, e.g. 'FC017CBB'"
"northamerica/usa/co586n.rwl",NA,NA,"informational","ID fills all 8 columns","22 ID(s) run up against the year field, e.g. 'FC017CCE'"
"northamerica/usa/co586x.rwl",NA,NA,"informational","ID fills all 8 columns","22 ID(s) run up against the year field, e.g. 'FC017CCD'"
"northamerica/usa/co587.rwl",NA,NA,"informational","ID fills all 8 columns","17 ID(s) run up against the year field, e.g. 'LTC12BMM'"
"northamerica/usa/co603.rwl",NA,NA,"informational","file mixes precision flags across series","27 series end in 999 (0.01 mm) and 28 in -9999 (0.001 mm)."
"northamerica/usa/co610.rwl",NA,NA,"informational","file mixes precision flags across series","31 series end in 999 (0.01 mm) and 30 in -9999 (0.001 mm)."
"northamerica/usa/co620.rwl",NA,NA,"informational","file mixes precision flags across series","21 series end in 999 (0.01 mm) and 20 in -9999 (0.001 mm)."
"northamerica/usa/co627.rwl",NA,NA,"informational","blank inside series ID","1 ID(s) contain blanks, e.g. 'SPP10B 1'"
"northamerica/usa/co627.rwl",NA,NA,"informational","ID fills all 8 columns","1 ID(s) run up against the year field, e.g. 'SPP10B 1'"
"northamerica/usa/co667.rwl",NA,NA,"informational","trailing text in field 11","2755 line(s) carry text in cols 73-78, e.g. 'gap'"
"northamerica/usa/co673.rwl",NA,NA,"informational","trailing text in field 11","2039 line(s) carry text in cols 73-78, e.g. 'gap'"
"northamerica/usa/co674.rwl",NA,NA,"informational","trailing text in field 11","1821 line(s) carry text in cols 73-78, e.g. 'gap'"
"northamerica/usa/co675.rwl",NA,NA,"informational","file mixes precision flags across series","27 series end in 999 (0.01 mm) and 19 in -9999 (0.001 mm)."
"northamerica/usa/co678.rwl",NA,NA,"informational","ID fills all 8 columns","14 ID(s) run up against the year field, e.g. 'MR4-3300'"
"northamerica/usa/co680.rwl",NA,NA,"informational","ID fills all 8 columns","45 ID(s) run up against the year field, e.g. 'MR7-0001'"
"northamerica/usa/co681.rwl",NA,NA,"informational","ID fills all 8 columns","29 ID(s) run up against the year field, e.g. 'COA0401A'"
"northamerica/usa/co682.rwl",NA,NA,"informational","ID fills all 8 columns","24 ID(s) run up against the year field, e.g. 'COA0501B'"
"northamerica/usa/co683.rwl",NA,NA,"informational","ID fills all 8 columns","30 ID(s) run up against the year field, e.g. 'COA0601A'"
"northamerica/usa/co684.rwl",NA,NA,"informational","ID fills all 8 columns","30 ID(s) run up against the year field, e.g. 'COA0701B'"
"northamerica/usa/co685.rwl",NA,NA,"informational","ID fills all 8 columns","30 ID(s) run up against the year field, e.g. 'COJ0101A'"
"northamerica/usa/co686.rwl",NA,NA,"informational","ID fills all 8 columns","30 ID(s) run up against the year field, e.g. 'COP0501A'"
"northamerica/usa/co689.rwl",NA,NA,"informational","ID fills all 8 columns","1 ID(s) run up against the year field, e.g. 'BLK50372'"
"northamerica/usa/co690.rwl",NA,NA,"informational","ID fills all 8 columns","50 ID(s) run up against the year field, e.g. 'SHM001B1'"
"northamerica/usa/co692.rwl",NA,NA,"informational","ID fills all 8 columns","33 ID(s) run up against the year field, e.g. 'DRY01AAU'"
"northamerica/usa/co692e.rwl",NA,NA,"informational","ID fills all 8 columns","33 ID(s) run up against the year field, e.g. 'DRY01AAU'"
"northamerica/usa/co692l.rwl",NA,NA,"informational","ID fills all 8 columns","33 ID(s) run up against the year field, e.g. 'DRY01AAU'"
"northamerica/usa/co693.rwl",NA,NA,"informational","ID fills all 8 columns","32 ID(s) run up against the year field, e.g. 'RIF01AAU'"
"northamerica/usa/co693.rwl",NA,NA,"informational","trailing text in field 11","1821 line(s) carry text in cols 73-78, e.g. 'gap'"
"northamerica/usa/co693e.rwl",NA,NA,"informational","ID fills all 8 columns","32 ID(s) run up against the year field, e.g. 'RIF01AAU'"
"northamerica/usa/co693l.rwl",NA,NA,"informational","ID fills all 8 columns","32 ID(s) run up against the year field, e.g. 'RIF01AAU'"
"northamerica/usa/co699.rwl",NA,NA,"informational","ID fills all 8 columns","22 ID(s) run up against the year field, e.g. 'PLU030A1'"
"northamerica/usa/fl001e.rwl",NA,NA,"informational","ID fills all 8 columns","111 ID(s) run up against the year field, e.g. 'CHK05BEW'"
"northamerica/usa/fl001l.rwl",NA,NA,"informational","ID fills all 8 columns","110 ID(s) run up against the year field, e.g. 'CHK05BLW'"
"northamerica/usa/fl010.rwl",NA,NA,"informational","blank inside series ID","74 ID(s) contain blanks, e.g. 'NNK02x A'"
"northamerica/usa/fl010.rwl",NA,NA,"informational","ID fills all 8 columns","110 ID(s) run up against the year field, e.g. 'NNK02x A'"
"northamerica/usa/fl014.rwl",NA,NA,"informational","ID fills all 8 columns","48 ID(s) run up against the year field, e.g. 'ANFF001A'"
"northamerica/usa/fl014e.rwl",NA,NA,"informational","ID fills all 8 columns","48 ID(s) run up against the year field, e.g. 'ANFF001A'"
"northamerica/usa/fl014l.rwl",NA,NA,"informational","ID fills all 8 columns","48 ID(s) run up against the year field, e.g. 'ANFF001A'"
"northamerica/usa/fl015.rwl",NA,NA,"informational","ID fills all 8 columns","53 ID(s) run up against the year field, e.g. 'ANFS002A'"
"northamerica/usa/fl015e.rwl",NA,NA,"informational","ID fills all 8 columns","53 ID(s) run up against the year field, e.g. 'ANFS002A'"
"northamerica/usa/fl015l.rwl",NA,NA,"informational","ID fills all 8 columns","53 ID(s) run up against the year field, e.g. 'ANFS002A'"
"northamerica/usa/fl016.rwl",NA,NA,"informational","ID fills all 8 columns","46 ID(s) run up against the year field, e.g. 'AWMA002A'"
"northamerica/usa/fl016e.rwl",NA,NA,"informational","ID fills all 8 columns","45 ID(s) run up against the year field, e.g. 'AWMA002A'"
"northamerica/usa/fl016l.rwl",NA,NA,"informational","ID fills all 8 columns","45 ID(s) run up against the year field, e.g. 'AWMA002A'"
"northamerica/usa/fl017.rwl",NA,NA,"informational","ID fills all 8 columns","52 ID(s) run up against the year field, e.g. 'BRSF011A'"
"northamerica/usa/fl017e.rwl",NA,NA,"informational","ID fills all 8 columns","52 ID(s) run up against the year field, e.g. 'BRSF011A'"
"northamerica/usa/fl017l.rwl",NA,NA,"informational","ID fills all 8 columns","52 ID(s) run up against the year field, e.g. 'BRSF011A'"
"northamerica/usa/fl018.rwl",NA,NA,"informational","ID fills all 8 columns","31 ID(s) run up against the year field, e.g. 'MRSP001A'"
"northamerica/usa/fl018e.rwl",NA,NA,"informational","ID fills all 8 columns","31 ID(s) run up against the year field, e.g. 'MRSP001A'"
"northamerica/usa/fl018l.rwl",NA,NA,"informational","ID fills all 8 columns","31 ID(s) run up against the year field, e.g. 'MRSP001A'"
"northamerica/usa/fl019.rwl",NA,NA,"informational","ID fills all 8 columns","50 ID(s) run up against the year field, e.g. 'OCNF026A'"
"northamerica/usa/fl019e.rwl",NA,NA,"informational","ID fills all 8 columns","50 ID(s) run up against the year field, e.g. 'OCNF026A'"
"northamerica/usa/fl019l.rwl",NA,NA,"informational","ID fills all 8 columns","50 ID(s) run up against the year field, e.g. 'OCNF026A'"
"northamerica/usa/fl020.rwl",NA,NA,"informational","ID fills all 8 columns","51 ID(s) run up against the year field, e.g. 'TRSF004A'"
"northamerica/usa/fl020e.rwl",NA,NA,"informational","ID fills all 8 columns","51 ID(s) run up against the year field, e.g. 'TRSF004A'"
"northamerica/usa/fl020l.rwl",NA,NA,"informational","ID fills all 8 columns","51 ID(s) run up against the year field, e.g. 'TRSF004A'"
"northamerica/usa/fl021.rwl",NA,NA,"informational","ID fills all 8 columns","49 ID(s) run up against the year field, e.g. 'W112aEAR'"
"northamerica/usa/fl021e.rwl",NA,NA,"informational","ID fills all 8 columns","49 ID(s) run up against the year field, e.g. 'W112aEAR'"
"northamerica/usa/fl021l.rwl",NA,NA,"informational","ID fills all 8 columns","49 ID(s) run up against the year field, e.g. 'W112aEAR'"
"northamerica/usa/ga001.rwl",NA,NA,"informational","ID fills all 8 columns","77 ID(s) run up against the year field, e.g. 'ATH021AA'"
"northamerica/usa/ga001e.rwl",NA,NA,"informational","ID fills all 8 columns","77 ID(s) run up against the year field, e.g. 'ATH021AC'"
"northamerica/usa/ga001l.rwl",NA,NA,"informational","ID fills all 8 columns","77 ID(s) run up against the year field, e.g. 'ATH021AB'"
"northamerica/usa/ia039.rwl",NA,NA,"informational","file mixes precision flags across series","63 series end in 999 (0.01 mm) and 16 in -9999 (0.001 mm)."
"northamerica/usa/ia040.rwl",NA,NA,"informational","file mixes precision flags across series","125 series end in 999 (0.01 mm) and 14 in -9999 (0.001 mm)."
"northamerica/usa/ia041.rwl",NA,NA,"informational","file mixes precision flags across series","27 series end in 999 (0.01 mm) and 9 in -9999 (0.001 mm)."
"northamerica/usa/ia042.rwl",NA,NA,"informational","file mixes precision flags across series","119 series end in 999 (0.01 mm) and 11 in -9999 (0.001 mm)."
"northamerica/usa/ia043.rwl",NA,NA,"informational","file mixes precision flags across series","33 series end in 999 (0.01 mm) and 18 in -9999 (0.001 mm)."
"northamerica/usa/ia044.rwl",NA,NA,"informational","file mixes precision flags across series","27 series end in 999 (0.01 mm) and 17 in -9999 (0.001 mm)."
"northamerica/usa/ia045.rwl",NA,NA,"informational","file mixes precision flags across series","34 series end in 999 (0.01 mm) and 20 in -9999 (0.001 mm)."
"northamerica/usa/ia046.rwl",NA,NA,"informational","file mixes precision flags across series","73 series end in 999 (0.01 mm) and 28 in -9999 (0.001 mm)."
"northamerica/usa/id013e.rwl",NA,NA,"informational","ID fills all 8 columns","18 ID(s) run up against the year field, e.g. 'SDR011BC'"
"northamerica/usa/id013l.rwl",NA,NA,"informational","ID fills all 8 columns","18 ID(s) run up against the year field, e.g. 'SDR011BB'"
"northamerica/usa/id013n.rwl",NA,NA,"informational","ID fills all 8 columns","18 ID(s) run up against the year field, e.g. 'SDR011CE'"
"northamerica/usa/id013x.rwl",NA,NA,"informational","ID fills all 8 columns","18 ID(s) run up against the year field, e.g. 'SDR011CD'"
"northamerica/usa/id015.rwl",NA,NA,"informational","ID fills all 8 columns","34 ID(s) run up against the year field, e.g. 'est.001a'"
"northamerica/usa/id018.rwl",NA,NA,"informational","file mixes precision flags across series","27 series end in 999 (0.01 mm) and 17 in -9999 (0.001 mm)."
"northamerica/usa/id020.rwl",NA,NA,"informational","trailing text in field 11","2050 line(s) carry text in cols 73-78, e.g. 'gap'"
"northamerica/usa/id038bl.rwl",NA,NA,"informational","ID fills all 8 columns","42 ID(s) run up against the year field, e.g. 'BEN01_4_'"
"northamerica/usa/id039bl.rwl",NA,NA,"informational","ID fills all 8 columns","55 ID(s) run up against the year field, e.g. 'BFL01A_1'"
"northamerica/usa/id040bl.rwl",NA,NA,"informational","ID fills all 8 columns","11 ID(s) run up against the year field, e.g. 'MCO03A_2'"
"northamerica/usa/il017.rwl",NA,NA,"informational","file mixes precision flags across series","3 series end in 999 (0.01 mm) and 48 in -9999 (0.001 mm)."
"northamerica/usa/il023.rwl",NA,NA,"informational","file mixes precision flags across series","2 series end in 999 (0.01 mm) and 35 in -9999 (0.001 mm)."
"northamerica/usa/il025.rwl",NA,NA,"informational","file mixes precision flags across series","57 series end in 999 (0.01 mm) and 47 in -9999 (0.001 mm)."
"northamerica/usa/il028.rwl",NA,NA,"informational","file mixes precision flags across series","1 series end in 999 (0.01 mm) and 12 in -9999 (0.001 mm)."
"northamerica/usa/il033.rwl",NA,NA,"informational","ID fills all 8 columns","1 ID(s) run up against the year field, e.g. '10CWO209'"
"northamerica/usa/in002.rwl",NA,NA,"informational","blank inside series ID","40 ID(s) contain blanks, e.g. 'GSF 01A'"
"northamerica/usa/in024.rwl",NA,NA,"informational","file mixes precision flags across series","8 series end in 999 (0.01 mm) and 9 in -9999 (0.001 mm)."
"northamerica/usa/in024.rwl",NA,NA,"informational","ID fills all 8 columns","9 ID(s) run up against the year field, e.g. 'MMACS01A'"
"northamerica/usa/in025.rwl",NA,NA,"informational","ID fills all 8 columns","12 ID(s) run up against the year field, e.g. 'MMLIT01A'"
"northamerica/usa/in026.rwl",NA,NA,"informational","ID fills all 8 columns","14 ID(s) run up against the year field, e.g. 'MMQUAL1A'"
"northamerica/usa/ky005.rwl",NA,NA,"informational","file mixes precision flags across series","32 series end in 999 (0.01 mm) and 19 in -9999 (0.001 mm)."
"northamerica/usa/md007e.rwl",NA,NA,"informational","blank inside series ID","20 ID(s) contain blanks, e.g. '2  21'"
"northamerica/usa/md007l.rwl",NA,NA,"informational","blank inside series ID","20 ID(s) contain blanks, e.g. '2  21'"
"northamerica/usa/md008.rwl",NA,NA,"informational","blank inside series ID","38 ID(s) contain blanks, e.g. '2  11'"
"northamerica/usa/me036.rwl",NA,NA,"informational","blank inside series ID","46 ID(s) contain blanks, e.g. 'bc 01a'"
"northamerica/usa/me038.rwl",NA,NA,"informational","file mixes precision flags across series","773 series end in 999 (0.01 mm) and 2 in -9999 (0.001 mm)."
"northamerica/usa/me038.rwl",NA,NA,"informational","ID fills all 8 columns","72 ID(s) run up against the year field, e.g. 'AD30-101'"
"northamerica/usa/me043.rwl",NA,NA,"informational","ID fills all 8 columns","27 ID(s) run up against the year field, e.g. 'BFM10AA1'"
"northamerica/usa/mi023.rwl",NA,NA,"informational","ID fills all 8 columns","39 ID(s) run up against the year field, e.g. 'DUK1060E'"
"northamerica/usa/mi024.rwl",NA,NA,"informational","ID fills all 8 columns","86 ID(s) run up against the year field, e.g. 'HMC2002N'"
"northamerica/usa/mi025.rwl",NA,NA,"informational","ID fills all 8 columns","140 ID(s) run up against the year field, e.g. 'HMC1001N'"
"northamerica/usa/mi026.rwl",NA,NA,"informational","blank inside series ID","4 ID(s) contain blanks, e.g. 'ACRU 6A'"
"northamerica/usa/mi028.rwl",NA,NA,"informational","blank inside series ID","7 ID(s) contain blanks, e.g. 'QURU 1A'"
"northamerica/usa/mi034.rwl",NA,NA,"informational","ID fills all 8 columns","24 ID(s) run up against the year field, e.g. 'HMCRO02A'"
"northamerica/usa/mi035.rwl",NA,NA,"informational","ID fills all 8 columns","27 ID(s) run up against the year field, e.g. 'HMCWP01B'"
"northamerica/usa/mi036.rwl",NA,NA,"informational","ID fills all 8 columns","57 ID(s) run up against the year field, e.g. 'HMCYB01A'"
"northamerica/usa/mo078.rwl",NA,NA,"informational","file mixes precision flags across series","55 series end in 999 (0.01 mm) and 28 in -9999 (0.001 mm)."
"northamerica/usa/mo079.rwl",NA,NA,"informational","ID fills all 8 columns","15 ID(s) run up against the year field, e.g. 'MOACS02A'"
"northamerica/usa/mo080.rwl",NA,NA,"informational","ID fills all 8 columns","20 ID(s) run up against the year field, e.g. 'MQUAL01A'"
"northamerica/usa/mt110.rwl",NA,NA,"informational","ID fills all 8 columns","2 ID(s) run up against the year field, e.g. 'NFR129AX'"
"northamerica/usa/mt111.rwl",NA,NA,"informational","ID fills all 8 columns","8 ID(s) run up against the year field, e.g. 'NFR229AX'"
"northamerica/usa/mt115e.rwl",NA,NA,"informational","ID fills all 8 columns","14 ID(s) run up against the year field, e.g. 'BAL021BC'"
"northamerica/usa/mt115l.rwl",NA,NA,"informational","ID fills all 8 columns","14 ID(s) run up against the year field, e.g. 'BAL021BB'"
"northamerica/usa/mt115n.rwl",NA,NA,"informational","ID fills all 8 columns","14 ID(s) run up against the year field, e.g. 'BAL021CE'"
"northamerica/usa/mt115x.rwl",NA,NA,"informational","ID fills all 8 columns","14 ID(s) run up against the year field, e.g. 'BAL021CD'"
"northamerica/usa/mt117.rwl",NA,NA,"informational","blank inside series ID","1 ID(s) contain blanks, e.g. 'T21 B'"
"northamerica/usa/mt122.rwl",NA,NA,"informational","ID fills all 8 columns","3 ID(s) run up against the year field, e.g. 'TML605Ax'"
"northamerica/usa/mt124.rwl",NA,NA,"informational","ID fills all 8 columns","35 ID(s) run up against the year field, e.g. '2TRV008A'"
"northamerica/usa/mt127.rwl",NA,NA,"informational","ID fills all 8 columns","2 ID(s) run up against the year field, e.g. 'rlh118a1'"
"northamerica/usa/mt142.rwl",NA,NA,"informational","ID fills all 8 columns","2 ID(s) run up against the year field, e.g. 'BMS026Ax'"
"northamerica/usa/mt153.rwl",NA,NA,"informational","ID fills all 8 columns","6 ID(s) run up against the year field, e.g. 'rlh118a1'"
"northamerica/usa/mt155.rwl",NA,NA,"informational","ID fills all 8 columns","1 ID(s) run up against the year field, e.g. 'DOO026Ax'"
"northamerica/usa/mt159.rwl",NA,NA,"informational","ID fills all 8 columns","2 ID(s) run up against the year field, e.g. 'GTS010Ax'"
"northamerica/usa/mt175.rwl",NA,NA,"informational","ID fills all 8 columns","49 ID(s) run up against the year field, e.g. '1TRV002A'"
"northamerica/usa/mt176.rwl",NA,NA,"informational","trailing text in field 11","1228 line(s) carry text in cols 73-78, e.g. 'gap'"
"northamerica/usa/mt177.rwl",NA,NA,"informational","ID fills all 8 columns","33 ID(s) run up against the year field, e.g. 'NFR129AX'"
"northamerica/usa/mt177e.rwl",NA,NA,"informational","ID fills all 8 columns","31 ID(s) run up against the year field, e.g. 'NFK01AAU'"
"northamerica/usa/mt177l.rwl",NA,NA,"informational","ID fills all 8 columns","31 ID(s) run up against the year field, e.g. 'NFK01AAU'"
"northamerica/usa/mt178.rwl",NA,NA,"informational","ID fills all 8 columns","34 ID(s) run up against the year field, e.g. 'PTR01AAU'"
"northamerica/usa/mt178e.rwl",NA,NA,"informational","ID fills all 8 columns","34 ID(s) run up against the year field, e.g. 'PTR01AAU'"
"northamerica/usa/mt178l.rwl",NA,NA,"informational","ID fills all 8 columns","34 ID(s) run up against the year field, e.g. 'PTR01AAU'"
"northamerica/usa/mt179.rwl",NA,NA,"informational","ID fills all 8 columns","1 ID(s) run up against the year field, e.g. 'W100010B'"
"northamerica/usa/mt179bl.rwl",NA,NA,"informational","ID fills all 8 columns","23 ID(s) run up against the year field, e.g. 'W100010B'"
"northamerica/usa/nc026.rwl",NA,NA,"informational","file mixes precision flags across series","89 series end in 999 (0.01 mm) and 66 in -9999 (0.001 mm)."
"northamerica/usa/nc027.rwl",NA,NA,"informational","file mixes precision flags across series","89 series end in 999 (0.01 mm) and 96 in -9999 (0.001 mm)."
"northamerica/usa/nc031e.rwl",NA,NA,"informational","ID fills all 8 columns","7 ID(s) run up against the year field, e.g. 'CFR_102A'"
"northamerica/usa/nc031l.rwl",NA,NA,"informational","ID fills all 8 columns","7 ID(s) run up against the year field, e.g. 'CFR_102A'"
"northamerica/usa/nc032.rwl",NA,NA,"informational","ID fills all 8 columns","1 ID(s) run up against the year field, e.g. 'BFL_01A2'"
"northamerica/usa/nc4.rwl",NA,NA,"informational","ID fills all 8 columns","32 ID(s) run up against the year field, e.g. 'WNCH01-1'"
"northamerica/usa/nc5.rwl",NA,NA,"informational","ID fills all 8 columns","34 ID(s) run up against the year field, e.g. 'BMCH01-1'"
"northamerica/usa/nc6.rwl",NA,NA,"informational","ID fills all 8 columns","35 ID(s) run up against the year field, e.g. 'NHLOB031'"
"northamerica/usa/nc7.rwl",NA,NA,"informational","ID fills all 8 columns","31 ID(s) run up against the year field, e.g. 'NHLLF041'"
"northamerica/usa/nc8.rwl",NA,NA,"informational","ID fills all 8 columns","33 ID(s) run up against the year field, e.g. 'NHSLF011'"
"northamerica/usa/nd009.rwl",NA,NA,"informational","ID fills all 8 columns","2 ID(s) run up against the year field, e.g. 'G-LCN16A'"
"northamerica/usa/nd012.rwl",NA,NA,"informational","ID fills all 8 columns","9 ID(s) run up against the year field, e.g. 'F-LIN01A'"
"northamerica/usa/nd018.rwl",NA,NA,"informational","file mixes precision flags across series","49 series end in 999 (0.01 mm) and 29 in -9999 (0.001 mm)."
"northamerica/usa/nj001.rwl",NA,NA,"informational","blank inside series ID","24 ID(s) contain blanks, e.g. 'HF 1E'"
"northamerica/usa/nj002.rwl",NA,NA,"informational","blank inside series ID","22 ID(s) contain blanks, e.g. 'HF 1E'"
"northamerica/usa/nm579e.rwl",NA,NA,"informational","ID fills all 8 columns","47 ID(s) run up against the year field, e.g. 'SUW01AEW'"
"northamerica/usa/nm579l.rwl",NA,NA,"informational","ID fills all 8 columns","47 ID(s) run up against the year field, e.g. 'SUW01ALW'"
"northamerica/usa/nm588.rwl",NA,NA,"informational","ID fills all 8 columns","3 ID(s) run up against the year field, e.g. 'CDP011A2'"
"northamerica/usa/nm589.rwl",NA,NA,"informational","ID fills all 8 columns","5 ID(s) run up against the year field, e.g. 'NPS012AA'"
"northamerica/usa/nm620.rwl",NA,NA,"informational","ID fills all 8 columns","30 ID(s) run up against the year field, e.g. 'NMA0801A'"
"northamerica/usa/nm621.rwl",NA,NA,"informational","ID fills all 8 columns","30 ID(s) run up against the year field, e.g. 'NMA0901A'"
"northamerica/usa/nm622.rwl",NA,NA,"informational","ID fills all 8 columns","23 ID(s) run up against the year field, e.g. 'NMJ0201A'"
"northamerica/usa/nm623.rwl",NA,NA,"informational","ID fills all 8 columns","26 ID(s) run up against the year field, e.g. 'NMP0601A'"
"northamerica/usa/nm624.rwl",NA,NA,"informational","ID fills all 8 columns","30 ID(s) run up against the year field, e.g. 'NMP0701B'"
"northamerica/usa/nm625.rwl",NA,NA,"informational","ID fills all 8 columns","27 ID(s) run up against the year field, e.g. 'NMP0801A'"
"northamerica/usa/nm626.rwl",NA,NA,"informational","ID fills all 8 columns","11 ID(s) run up against the year field, e.g. 'NMRJ307A'"
"northamerica/usa/nm627.rwl",NA,NA,"informational","ID fills all 8 columns","40 ID(s) run up against the year field, e.g. 'LCP026A1'"
"northamerica/usa/nm629bl.rwl",NA,NA,"informational","ID fills all 8 columns","26 ID(s) run up against the year field, e.g. 'LOS01A_1'"
"northamerica/usa/nm630.rwl",NA,NA,"informational","ID fills all 8 columns","1 ID(s) run up against the year field, e.g. 'TLS05B1p'"
"northamerica/usa/nm630bl.rwl",NA,NA,"informational","ID fills all 8 columns","38 ID(s) run up against the year field, e.g. 'TLS01A_1'"
"northamerica/usa/nm631bl.rwl",NA,NA,"informational","ID fills all 8 columns","25 ID(s) run up against the year field, e.g. 'SLE01B_2'"
"northamerica/usa/nm632bl.rwl",NA,NA,"informational","ID fills all 8 columns","27 ID(s) run up against the year field, e.g. 'JIS01B_2'"
"northamerica/usa/nm633bl.rwl",NA,NA,"informational","ID fills all 8 columns","26 ID(s) run up against the year field, e.g. 'WHE01B_2'"
"northamerica/usa/nv513.rwl",NA,NA,"informational","ID fills all 8 columns","50 ID(s) run up against the year field, e.g. 'MTW011AA'"
"northamerica/usa/nv514.rwl",NA,NA,"informational","ID fills all 8 columns","19 ID(s) run up against the year field, e.g. 'SMT031AA'"
"northamerica/usa/nv522.rwl",NA,NA,"informational","ID fills all 8 columns","37 ID(s) run up against the year field, e.g. 'LCN01AAU'"
"northamerica/usa/nv522e.rwl",NA,NA,"informational","ID fills all 8 columns","37 ID(s) run up against the year field, e.g. 'LCN01AAU'"
"northamerica/usa/nv522l.rwl",NA,NA,"informational","ID fills all 8 columns","37 ID(s) run up against the year field, e.g. 'LCN01AAU'"
"northamerica/usa/nv528bd.rwl",NA,NA,"informational","ID fills all 8 columns","27 ID(s) run up against the year field, e.g. 'GEN01_1_'"
"northamerica/usa/ny049.rwl",NA,NA,"informational","ID fills all 8 columns","44 ID(s) run up against the year field, e.g. 'MLP01AA1'"
"northamerica/usa/oh007.rwl",NA,NA,"informational","file mixes precision flags across series","40 series end in 999 (0.01 mm) and 36 in -9999 (0.001 mm)."
"northamerica/usa/oh019.rwl",NA,NA,"informational","ID fills all 8 columns","107 ID(s) run up against the year field, e.g. 'EL20-01a'"
"northamerica/usa/oh025.rwl",NA,NA,"informational","ID fills all 8 columns","4 ID(s) run up against the year field, e.g. 'BLOAK05A'"
"northamerica/usa/ok007e.rwl",NA,NA,"informational","ID fills all 8 columns","38 ID(s) run up against the year field, e.g. 'KEY81AEW'"
"northamerica/usa/ok007l.rwl",NA,NA,"informational","ID fills all 8 columns","38 ID(s) run up against the year field, e.g. 'KEY81ALW'"
"northamerica/usa/ok022e.rwl",NA,NA,"informational","ID fills all 8 columns","80 ID(s) run up against the year field, e.g. 'LAO02AEW'"
"northamerica/usa/ok022l.rwl",NA,NA,"informational","ID fills all 8 columns","83 ID(s) run up against the year field, e.g. 'LAO02ALW'"
"northamerica/usa/ok025e.rwl",NA,NA,"informational","ID fills all 8 columns","74 ID(s) run up against the year field, e.g. 'MUD01AEW'"
"northamerica/usa/ok025l.rwl",NA,NA,"informational","ID fills all 8 columns","74 ID(s) run up against the year field, e.g. 'MUD01ALW'"
"northamerica/usa/ok035.rwl",NA,NA,"informational","ID fills all 8 columns","69 ID(s) run up against the year field, e.g. 'OGMA1.10'"
"northamerica/usa/ok036.rwl",NA,NA,"informational","ID fills all 8 columns","14 ID(s) run up against the year field, e.g. 'p120t001'"
"northamerica/usa/ok037.rwl",NA,NA,"informational","ID fills all 8 columns","16 ID(s) run up against the year field, e.g. 'p146t001'"
"northamerica/usa/ok040.rwl",NA,NA,"informational","ID fills all 8 columns","26 ID(s) run up against the year field, e.g. 'LDF1123a'"
"northamerica/usa/ok041.rwl",NA,NA,"informational","ID fills all 8 columns","21 ID(s) run up against the year field, e.g. 'LDF2002A'"
"northamerica/usa/ok042.rwl",NA,NA,"informational","ID fills all 8 columns","7 ID(s) run up against the year field, e.g. 'LDF4003A'"
"northamerica/usa/ok051.rwl",NA,NA,"informational","file mixes precision flags across series","36 series end in 999 (0.01 mm) and 27 in -9999 (0.001 mm)."
"northamerica/usa/or048.rwl",NA,NA,"informational","ID fills all 8 columns","29 ID(s) run up against the year field, e.g. '94PF01A3'"
"northamerica/usa/or049.rwl",NA,NA,"informational","ID fills all 8 columns","24 ID(s) run up against the year field, e.g. '94EF01A3'"
"northamerica/usa/or073.rwl",NA,NA,"informational","ID fills all 8 columns","16 ID(s) run up against the year field, e.g. 'HLCLE01A'"
"northamerica/usa/or074.rwl",NA,NA,"informational","ID fills all 8 columns","20 ID(s) run up against the year field, e.g. 'HMCLE01B'"
"northamerica/usa/or075.rwl",NA,NA,"informational","ID fills all 8 columns","19 ID(s) run up against the year field, e.g. 'HHCLE01B'"
"northamerica/usa/or076.rwl",NA,NA,"informational","ID fills all 8 columns","20 ID(s) run up against the year field, e.g. 'HLCLW01B'"
"northamerica/usa/or077.rwl",NA,NA,"informational","ID fills all 8 columns","19 ID(s) run up against the year field, e.g. 'HMCLW01B'"
"northamerica/usa/or078.rwl",NA,NA,"informational","ID fills all 8 columns","20 ID(s) run up against the year field, e.g. 'HHCLW01A'"
"northamerica/usa/or081.rwl",NA,NA,"informational","ID fills all 8 columns","38 ID(s) run up against the year field, e.g. 'L103732a'"
"northamerica/usa/or082.rwl",NA,NA,"informational","ID fills all 8 columns","2 ID(s) run up against the year field, e.g. '106-15-3'"
"northamerica/usa/or083.rwl",NA,NA,"informational","ID fills all 8 columns","2 ID(s) run up against the year field, e.g. '72-10-16'"
"northamerica/usa/or084.rwl",NA,NA,"informational","ID fills all 8 columns","5 ID(s) run up against the year field, e.g. '104-1-13'"
"northamerica/usa/or088.rwl",NA,NA,"informational","ID fills all 8 columns","2 ID(s) run up against the year field, e.g. 'OLF19B-1'"
"northamerica/usa/or096.rwl",NA,NA,"informational","ID fills all 8 columns","11 ID(s) run up against the year field, e.g. 'SmallST1'"
"northamerica/usa/or096e.rwl",NA,NA,"informational","ID fills all 8 columns","11 ID(s) run up against the year field, e.g. 'SmallST1'"
"northamerica/usa/or096l.rwl",NA,NA,"informational","ID fills all 8 columns","11 ID(s) run up against the year field, e.g. 'SmallST1'"
"northamerica/usa/or097.rwl",NA,NA,"informational","ID fills all 8 columns","11 ID(s) run up against the year field, e.g. 'SmallMT1'"
"northamerica/usa/or097e.rwl",NA,NA,"informational","ID fills all 8 columns","11 ID(s) run up against the year field, e.g. 'SmallMT1'"
"northamerica/usa/or097l.rwl",NA,NA,"informational","ID fills all 8 columns","11 ID(s) run up against the year field, e.g. 'SmallMT1'"
"northamerica/usa/or105.rwl",NA,NA,"informational","file mixes precision flags across series","22 series end in 999 (0.01 mm) and 36 in -9999 (0.001 mm)."
"northamerica/usa/or106.rwl",NA,NA,"informational","file mixes precision flags across series","46 series end in 999 (0.01 mm) and 32 in -9999 (0.001 mm)."
"northamerica/usa/or111.rwl",NA,NA,"informational","ID fills all 8 columns","27 ID(s) run up against the year field, e.g. 'CPDF101B'"
"northamerica/usa/or116.rwl",NA,NA,"informational","ID fills all 8 columns","61 ID(s) run up against the year field, e.g. 'MMPS003B'"
"northamerica/usa/or132bd.rwl",NA,NA,"informational","ID fills all 8 columns","57 ID(s) run up against the year field, e.g. 'ODL01B_D'"
"northamerica/usa/or133bl.rwl",NA,NA,"informational","ID fills all 8 columns","17 ID(s) run up against the year field, e.g. 'CCS01A_2'"
"northamerica/usa/or134bl.rwl",NA,NA,"informational","ID fills all 8 columns","22 ID(s) run up against the year field, e.g. 'CUL01A_2'"
"northamerica/usa/or135bl.rwl",NA,NA,"informational","ID fills all 8 columns","27 ID(s) run up against the year field, e.g. 'LSH02A_2'"
"northamerica/usa/or136.rwl",NA,NA,"informational","ID fills all 8 columns","22 ID(s) run up against the year field, e.g. 'TIM01A_2'"
"northamerica/usa/or136bl.rwl",NA,NA,"informational","ID fills all 8 columns","25 ID(s) run up against the year field, e.g. 'TIM01A_2'"
"northamerica/usa/pa020.rwl",NA,NA,"informational","ID fills all 8 columns","40 ID(s) run up against the year field, e.g. 'GASSM01A'"
"northamerica/usa/sd025.rwl",NA,NA,"informational","file mixes precision flags across series","33 series end in 999 (0.01 mm) and 33 in -9999 (0.001 mm)."
"northamerica/usa/sd026.rwl",NA,NA,"informational","file mixes precision flags across series","28 series end in 999 (0.01 mm) and 26 in -9999 (0.001 mm)."
"northamerica/usa/tx009e.rwl",NA,NA,"informational","ID fills all 8 columns","78 ID(s) run up against the year field, e.g. 'DNR01AEW'"
"northamerica/usa/tx009l.rwl",NA,NA,"informational","ID fills all 8 columns","78 ID(s) run up against the year field, e.g. 'DNR01ALW'"
"northamerica/usa/tx018e.rwl",NA,NA,"informational","ID fills all 8 columns","72 ID(s) run up against the year field, e.g. 'BRA01AEW'"
"northamerica/usa/tx018l.rwl",NA,NA,"informational","ID fills all 8 columns","72 ID(s) run up against the year field, e.g. 'BRA01ALW'"
"northamerica/usa/tx027e.rwl",NA,NA,"informational","ID fills all 8 columns","70 ID(s) run up against the year field, e.g. 'MAS02AEW'"
"northamerica/usa/tx027l.rwl",NA,NA,"informational","ID fills all 8 columns","76 ID(s) run up against the year field, e.g. 'MAS02ALW'"
"northamerica/usa/tx033e.rwl",NA,NA,"informational","ID fills all 8 columns","66 ID(s) run up against the year field, e.g. 'HAL01AEW'"
"northamerica/usa/tx033l.rwl",NA,NA,"informational","ID fills all 8 columns","70 ID(s) run up against the year field, e.g. 'HAL01ALW'"
"northamerica/usa/tx039e.rwl",NA,NA,"informational","ID fills all 8 columns","58 ID(s) run up against the year field, e.g. 'COL01AEW'"
"northamerica/usa/tx039l.rwl",NA,NA,"informational","ID fills all 8 columns","62 ID(s) run up against the year field, e.g. 'COL01ALW'"
"northamerica/usa/tx046e.rwl",NA,NA,"informational","ID fills all 8 columns","33 ID(s) run up against the year field, e.g. 'GUA01BEW'"
"northamerica/usa/tx046l.rwl",NA,NA,"informational","ID fills all 8 columns","33 ID(s) run up against the year field, e.g. 'GUA01BLW'"
"northamerica/usa/ut508.rwl",NA,NA,"informational","ID fills all 8 columns","37 ID(s) run up against the year field, e.g. 'WHR031AA'"
"northamerica/usa/ut509.rwl",NA,NA,"informational","ID fills all 8 columns","49 ID(s) run up against the year field, e.g. 'MAM121AA'"
"northamerica/usa/ut523.rwl",NA,NA,"informational","blank inside series ID","15 ID(s) contain blanks, e.g. 'Vert. #3'"
"northamerica/usa/ut523.rwl",NA,NA,"informational","ID fills all 8 columns","4 ID(s) run up against the year field, e.g. 'Vert. #3'"
"northamerica/usa/ut529.rwl",NA,NA,"informational","file mixes precision flags across series","42 series end in 999 (0.01 mm) and 2 in -9999 (0.001 mm)."
"northamerica/usa/ut545.rwl",NA,NA,"informational","ID fills all 8 columns","42 ID(s) run up against the year field, e.g. '33-0507A'"
"northamerica/usa/ut546.rwl",NA,NA,"informational","ID fills all 8 columns","22 ID(s) run up against the year field, e.g. '25-0974A'"
"northamerica/usa/ut547.rwl",NA,NA,"informational","ID fills all 8 columns","19 ID(s) run up against the year field, e.g. '24-1163A'"
"northamerica/usa/ut548.rwl",NA,NA,"informational","ID fills all 8 columns","23 ID(s) run up against the year field, e.g. '28-0362A'"
"northamerica/usa/ut556.rwl",NA,NA,"informational","ID fills all 8 columns","24 ID(s) run up against the year field, e.g. '21-0360B'"
"northamerica/usa/ut557.rwl",NA,NA,"informational","ID fills all 8 columns","33 ID(s) run up against the year field, e.g. 'UTA1001B'"
"northamerica/usa/ut558.rwl",NA,NA,"informational","ID fills all 8 columns","30 ID(s) run up against the year field, e.g. 'UTA1101A'"
"northamerica/usa/ut559.rwl",NA,NA,"informational","ID fills all 8 columns","26 ID(s) run up against the year field, e.g. 'UTP0901A'"
"northamerica/usa/ut560.rwl",NA,NA,"informational","ID fills all 8 columns","31 ID(s) run up against the year field, e.g. 'UTP1001A'"
"northamerica/usa/ut561.rwl",NA,NA,"informational","ID fills all 8 columns","27 ID(s) run up against the year field, e.g. 'UTJ0401A'"
"northamerica/usa/ut562.rwl",NA,NA,"informational","ID fills all 8 columns","28 ID(s) run up against the year field, e.g. 'UTP1101B'"
"northamerica/usa/ut576.rwl",NA,NA,"informational","ID fills all 8 columns","33 ID(s) run up against the year field, e.g. '35-0493A'"
"northamerica/usa/ut577bl.rwl",NA,NA,"informational","ID fills all 8 columns","39 ID(s) run up against the year field, e.g. 'ABA01B_2'"
"northamerica/usa/ut578bl.rwl",NA,NA,"informational","ID fills all 8 columns","36 ID(s) run up against the year field, e.g. 'BUP01B_2'"
"northamerica/usa/ut579bl.rwl",NA,NA,"informational","ID fills all 8 columns","30 ID(s) run up against the year field, e.g. 'HAY02A_2'"
"northamerica/usa/ut580bl.rwl",NA,NA,"informational","ID fills all 8 columns","50 ID(s) run up against the year field, e.g. 'MON01A_2'"
"northamerica/usa/ut581bl.rwl",NA,NA,"informational","ID fills all 8 columns","39 ID(s) run up against the year field, e.g. 'PLS01A_2'"
"northamerica/usa/ut582bl.rwl",NA,NA,"informational","ID fills all 8 columns","34 ID(s) run up against the year field, e.g. 'TLM01A_2'"
"northamerica/usa/ut583bl.rwl",NA,NA,"informational","ID fills all 8 columns","35 ID(s) run up against the year field, e.g. 'TUS01A_2'"
"northamerica/usa/va001.rwl",NA,NA,"informational","blank inside series ID","56 ID(s) contain blanks, e.g. '3  11'"
"northamerica/usa/va025e.rwl",NA,NA,"informational","ID fills all 8 columns","52 ID(s) run up against the year field, e.g. 'NOT01AEW'"
"northamerica/usa/va025l.rwl",NA,NA,"informational","ID fills all 8 columns","52 ID(s) run up against the year field, e.g. 'NOT01ALW'"
"northamerica/usa/va044.rwl",NA,NA,"informational","ID fills all 8 columns","43 ID(s) run up against the year field, e.g. 'NZPLOC01'"
"northamerica/usa/va045.rwl",NA,NA,"informational","ID fills all 8 columns","40 ID(s) run up against the year field, e.g. 'CRCPH01B'"
"northamerica/usa/wa067.rwl",NA,NA,"informational","ID fills all 8 columns","41 ID(s) run up against the year field, e.g. 'TRLA529A'"
"northamerica/usa/wa068.rwl",NA,NA,"informational","ID fills all 8 columns","36 ID(s) run up against the year field, e.g. 'TRWB531A'"
"northamerica/usa/wa069.rwl",NA,NA,"informational","ID fills all 8 columns","39 ID(s) run up against the year field, e.g. 'HPLA001A'"
"northamerica/usa/wa070.rwl",NA,NA,"informational","ID fills all 8 columns","40 ID(s) run up against the year field, e.g. 'HPAB100A'"
"northamerica/usa/wa071.rwl",NA,NA,"informational","ID fills all 8 columns","38 ID(s) run up against the year field, e.g. 'HPPC093A'"
"northamerica/usa/wa072.rwl",NA,NA,"informational","ID fills all 8 columns","41 ID(s) run up against the year field, e.g. 'SPLA601A'"
"northamerica/usa/wa073.rwl",NA,NA,"informational","ID fills all 8 columns","39 ID(s) run up against the year field, e.g. 'SPAB602A'"
"northamerica/usa/wa074.rwl",NA,NA,"informational","ID fills all 8 columns","41 ID(s) run up against the year field, e.g. 'SPPC604A'"
"northamerica/usa/wa075.rwl",NA,NA,"informational","ID fills all 8 columns","40 ID(s) run up against the year field, e.g. 'DBPC704A'"
"northamerica/usa/wa076.rwl",NA,NA,"informational","ID fills all 8 columns","40 ID(s) run up against the year field, e.g. 'DBAB701A'"
"northamerica/usa/wa077.rwl",NA,NA,"informational","ID fills all 8 columns","37 ID(s) run up against the year field, e.g. 'SVAB743A'"
"northamerica/usa/wa078.rwl",NA,NA,"informational","ID fills all 8 columns","41 ID(s) run up against the year field, e.g. 'SVPC746A'"
"northamerica/usa/wa079.rwl",NA,NA,"informational","ID fills all 8 columns","47 ID(s) run up against the year field, e.g. 'MRLA425A'"
"northamerica/usa/wa080.rwl",NA,NA,"informational","ID fills all 8 columns","20 ID(s) run up against the year field, e.g. 'FHAB001A'"
"northamerica/usa/wa130.rwl",NA,NA,"informational","file mixes precision flags across series","5 series end in 999 (0.01 mm) and 3 in -9999 (0.001 mm)."
"northamerica/usa/wa138.rwl",NA,NA,"informational","ID fills all 8 columns","4 ID(s) run up against the year field, e.g. 'FOD041C1'"
"northamerica/usa/wa142.rwl",NA,NA,"informational","ID fills all 8 columns","2 ID(s) run up against the year field, e.g. 'TMR024D1'"
"northamerica/usa/wa149.rwl",NA,NA,"informational","ID fills all 8 columns","4 ID(s) run up against the year field, e.g. 'Tree003A'"
"northamerica/usa/wa153.rwl",NA,NA,"informational","ID fills all 8 columns","47 ID(s) run up against the year field, e.g. 'BKR01AAU'"
"northamerica/usa/wa153e.rwl",NA,NA,"informational","ID fills all 8 columns","47 ID(s) run up against the year field, e.g. 'BKR01AAU'"
"northamerica/usa/wa153l.rwl",NA,NA,"informational","ID fills all 8 columns","47 ID(s) run up against the year field, e.g. 'BKR01AAU'"
"northamerica/usa/wa154.rwl",NA,NA,"informational","file mixes precision flags across series","30 series end in 999 (0.01 mm) and 114 in -9999 (0.001 mm)."
"northamerica/usa/wa154.rwl",NA,NA,"informational","ID fills all 8 columns","58 ID(s) run up against the year field, e.g. 'SRL01AAU'"
"northamerica/usa/wa154e.rwl",NA,NA,"informational","ID fills all 8 columns","58 ID(s) run up against the year field, e.g. 'SRL01AAU'"
"northamerica/usa/wa154l.rwl",NA,NA,"informational","ID fills all 8 columns","58 ID(s) run up against the year field, e.g. 'SRL01AAU'"
"northamerica/usa/wa167bl.rwl",NA,NA,"informational","ID fills all 8 columns","52 ID(s) run up against the year field, e.g. 'SKY01A_1'"
"northamerica/usa/wa168bl.rwl",NA,NA,"informational","ID fills all 8 columns","82 ID(s) run up against the year field, e.g. 'MAC_02C_'"
"northamerica/usa/wa170bl.rwl",NA,NA,"informational","ID fills all 8 columns","27 ID(s) run up against the year field, e.g. 'BKR02A_2'"
"northamerica/usa/wa171.rwl",NA,NA,"informational","ID fills all 8 columns","86 ID(s) run up against the year field, e.g. 'ELE001B1'"
"northamerica/usa/wa2.rwl",NA,NA,"informational","ID fills all 8 columns","12 ID(s) run up against the year field, e.g. 'WHIT0010'"
"northamerica/usa/wa3.rwl",NA,NA,"informational","ID fills all 8 columns","17 ID(s) run up against the year field, e.g. 'SWAU0010'"
"northamerica/usa/wa4.rwl",NA,NA,"informational","ID fills all 8 columns","9 ID(s) run up against the year field, e.g. 'RIMR0010'"
"northamerica/usa/wa5.rwl",NA,NA,"informational","ID fills all 8 columns","5 ID(s) run up against the year field, e.g. 'RIMS0010'"
"northamerica/usa/wa6.rwl",NA,NA,"informational","ID fills all 8 columns","15 ID(s) run up against the year field, e.g. 'GOAT0010'"
"northamerica/usa/wi013.rwl",NA,NA,"informational","ID fills all 8 columns","8 ID(s) run up against the year field, e.g. 'TC80_301'"
"northamerica/usa/wi014.rwl",NA,NA,"informational","ID fills all 8 columns","1 ID(s) run up against the year field, e.g. 'DVL501A2'"
"northamerica/usa/wi026.rwl",NA,NA,"informational","ID fills all 8 columns","2 ID(s) run up against the year field, e.g. 'CZJ004A2'"
"northamerica/usa/wi062.rwl",NA,NA,"informational","ID fills all 8 columns","13 ID(s) run up against the year field, e.g. 'LL101.01'"
"northamerica/usa/wi063.rwl",NA,NA,"informational","ID fills all 8 columns","13 ID(s) run up against the year field, e.g. 'WB201.02'"
"northamerica/usa/wv004.rwl",NA,NA,"informational","ID fills all 8 columns","31 ID(s) run up against the year field, e.g. 'NERI001A'"
"northamerica/usa/wv012.rwl",NA,NA,"informational","ID fills all 8 columns","30 ID(s) run up against the year field, e.g. 'CMBR06xC'"
"northamerica/usa/wv028.rwl",NA,NA,"informational","ID fills all 8 columns","1 ID(s) run up against the year field, e.g. 'SCN210AB'"
"northamerica/usa/wy027.rwl",NA,NA,"informational","file mixes precision flags across series","43 series end in 999 (0.01 mm) and 22 in -9999 (0.001 mm)."
"northamerica/usa/wy028.rwl",NA,NA,"informational","blank inside series ID","2 ID(s) contain blanks, e.g. 'WSK 055A'"
"northamerica/usa/wy028.rwl",NA,NA,"informational","ID fills all 8 columns","1 ID(s) run up against the year field, e.g. 'WSK 055A'"
"northamerica/usa/wy030e.rwl",NA,NA,"informational","ID fills all 8 columns","24 ID(s) run up against the year field, e.g. 'SH201ABC'"
"northamerica/usa/wy030l.rwl",NA,NA,"informational","ID fills all 8 columns","24 ID(s) run up against the year field, e.g. 'SH201ABB'"
"northamerica/usa/wy030n.rwl",NA,NA,"informational","ID fills all 8 columns","24 ID(s) run up against the year field, e.g. 'SH201ACE'"
"northamerica/usa/wy030x.rwl",NA,NA,"informational","ID fills all 8 columns","24 ID(s) run up against the year field, e.g. 'SH201ACD'"
"northamerica/usa/wy040.rwl",NA,NA,"informational","file mixes precision flags across series","19 series end in 999 (0.01 mm) and 38 in -9999 (0.001 mm)."
"northamerica/usa/wy040.rwl",NA,NA,"informational","ID fills all 8 columns","1 ID(s) run up against the year field, e.g. 'din022br'"
"northamerica/usa/wy042.rwl",NA,NA,"informational","blank inside series ID","28 ID(s) contain blanks, e.g. 'ARE 031'"
"northamerica/usa/wy043.rwl",NA,NA,"informational","blank inside series ID","41 ID(s) contain blanks, e.g. 'BLE 229'"
"northamerica/usa/wy045.rwl",NA,NA,"informational","blank inside series ID","70 ID(s) contain blanks, e.g. 'FME 032'"
"northamerica/usa/wy046.rwl",NA,NA,"informational","ID fills all 8 columns","26 ID(s) run up against the year field, e.g. 'pcen101a'"
"northamerica/usa/wy048.rwl",NA,NA,"informational","ID fills all 8 columns","2 ID(s) run up against the year field, e.g. 'cbr115b1'"
"northamerica/usa/wy057.rwl",NA,NA,"informational","blank inside series ID","51 ID(s) contain blanks, e.g. 'ARR 381'"
"northamerica/usa/wy061.rwl",NA,NA,"informational","trailing text in field 11","2232 line(s) carry text in cols 73-78, e.g. 'gap'"
"northamerica/usa/wy062.rwl",NA,NA,"informational","trailing text in field 11","1016 line(s) carry text in cols 73-78, e.g. 'gap'"
"northamerica/usa/wy064.rwl",NA,NA,"informational","blank inside series ID","32 ID(s) contain blanks, e.g. 'FSE 081'"
"northamerica/usa/wy064.rwl",NA,NA,"informational","ID fills all 8 columns","1 ID(s) run up against the year field, e.g. 'FSE 171b'"
"northamerica/usa/wy066.rwl",NA,NA,"informational","blank inside series ID","28 ID(s) contain blanks, e.g. 'RCU 082'"
"northamerica/usa/wy071.rwl",NA,NA,"informational","ID fills all 8 columns","11 ID(s) run up against the year field, e.g. 'ECO1003A'"
"northamerica/usa/wy072.rwl",NA,NA,"informational","ID fills all 8 columns","47 ID(s) run up against the year field, e.g. 'ECO1001A'"
"northamerica/usa/wy074bl.rwl",NA,NA,"informational","ID fills all 8 columns","119 ID(s) run up against the year field, e.g. 'FLS022B_'"
"northamerica/usa/wy075bl.rwl",NA,NA,"informational","ID fills all 8 columns","36 ID(s) run up against the year field, e.g. 'MWS02A_1'"
"northamerica/usa/wy076bl.rwl",NA,NA,"informational","ID fills all 8 columns","65 ID(s) run up against the year field, e.g. 'RPS03A_2'"
"northamerica/usa/wy077bl.rwl",NA,NA,"informational","ID fills all 8 columns","42 ID(s) run up against the year field, e.g. 'SLS10A_1'"
"northamerica/usa/wy082.rwl",NA,NA,"informational","file mixes precision flags across series","40 series end in 999 (0.01 mm) and 34 in -9999 (0.001 mm)."
"southamerica/arge034.rwl",NA,NA,"informational","blank inside series ID","31 ID(s) contain blanks, e.g. 'SJ 01A'"
"southamerica/arge038.rwl",NA,NA,"informational","blank inside series ID","20 ID(s) contain blanks, e.g. 'GA 06S'"
"southamerica/arge088.rwl",NA,NA,"informational","blank inside series ID","1 ID(s) contain blanks, e.g. 'ALE  Std'"
"southamerica/arge088.rwl",NA,NA,"informational","ID fills all 8 columns","1 ID(s) run up against the year field, e.g. 'ALE  Std'"
"southamerica/arge092.rwl",NA,NA,"informational","ID fills all 8 columns","3 ID(s) run up against the year field, e.g. 'E9710C3P'"
"southamerica/arge141.rwl",NA,NA,"informational","blank inside series ID","1 ID(s) contain blanks, e.g. 'mir 18'"
"southamerica/arge141.rwl",NA,NA,"informational","ID fills all 8 columns","1 ID(s) run up against the year field, e.g. 'dl4112c2'"
"southamerica/arge144.rwl",NA,NA,"informational","ID fills all 8 columns","1 ID(s) run up against the year field, e.g. 'ALER13b2'"
"southamerica/bol001.rwl",NA,NA,"informational","ID fills all 8 columns","1 ID(s) run up against the year field, e.g. 'inp769bb'"
"southamerica/bol003.rwl",NA,NA,"informational","blank inside series ID","1 ID(s) contain blanks, e.g. 'pur 002'"
"southamerica/bol003.rwl",NA,NA,"informational","ID fills all 8 columns","6 ID(s) run up against the year field, e.g. 'puru815b'"
"southamerica/bol006.rwl",NA,NA,"informational","ID fills all 8 columns","38 ID(s) run up against the year field, e.g. 'INAC001X'"
"southamerica/bol007.rwl",NA,NA,"informational","ID fills all 8 columns","24 ID(s) run up against the year field, e.g. 'INAM001A'"
"southamerica/bol008.rwl",NA,NA,"informational","ID fills all 8 columns","21 ID(s) run up against the year field, e.g. 'INAT018A'"
"southamerica/bol009.rwl",NA,NA,"informational","ID fills all 8 columns","31 ID(s) run up against the year field, e.g. 'INCP100A'"
"southamerica/bol012.rwl",NA,NA,"informational","ID fills all 8 columns","1 ID(s) run up against the year field, e.g. 'inp769bb'"
"southamerica/bol013.rwl",NA,NA,"informational","blank inside series ID","1 ID(s) contain blanks, e.g. 'pur 002'"
"southamerica/bol013.rwl",NA,NA,"informational","ID fills all 8 columns","1 ID(s) run up against the year field, e.g. 'puru698a'"
"southamerica/bol017.rwl",NA,NA,"informational","ID fills all 8 columns","42 ID(s) run up against the year field, e.g. 'INCM001A'"
"southamerica/bol019.rwl",NA,NA,"informational","ID fills all 8 columns","2 ID(s) run up against the year field, e.g. 'sot1154a'"
"southamerica/bol020.rwl",NA,NA,"informational","ID fills all 8 columns","24 ID(s) run up against the year field, e.g. 'INTI002A'"
"southamerica/bol021.rwl",NA,NA,"informational","ID fills all 8 columns","20 ID(s) run up against the year field, e.g. 'INZT001A'"
"southamerica/bra002.rwl",NA,NA,"informational","file mixes precision flags across series","77 series end in 999 (0.01 mm) and 14 in -9999 (0.001 mm)."
