
 COFECHA-style crossdating report: chin067
 Report generated using dplR 1.8.1 (R 4.5.2) on 2026-10-01 16:59 PDT
 Built with dplR's xdate.report(), not COFECHA; see the notes at the end.


      Measurement file name  : chin067.rwl
      MD5 of measurement file: f2bc71356c565bf043527ba9284b20c7
      Date checked           : 01OCT26
      Beginning year         : -2637
      Ending year            : 2011
      Principal investigators: Yang, B.; Qin, C.; Wang, J.L.; He, M.H.; Melvin, T.M.; Osborn, T.J.; Briffa, K.R.
      Site name              : Delingha
      Species information    : JUPR Juniperus przewalskii Komarov = Sabina przewalskii Komarov
      Latitude               : 37.2500 N
      Longitude              : 97.7500 E
      Elevation              : 3635 m

      Series intercorrelation: 0.654
      Avg mean sensitivity   : 0.298
      Avg standard deviation : 0.151
      Avg autocorrelation    : 0.746
      Number dated series    : 597
      Series crossdated      : 596
      Segment length tested  : 50

      Number problem segments: 743  (A 279, B 464; 252 of the B weak at every lag)
      Pct problem segments   : 4.51


 CORRELATION OF SERIES BY SEGMENTS: chin067
-----------------------------------------------------------------------------------------------------------------------------------
 Correlations of  50-year dated segments, lagged  25 years
 Flags:  A = correlation under   .3281 but highest as dated;  B = correlation higher at other than dated position

 Seq Series  Time_span  -2600 -2575 -2550 -2525 -2500 -2475 -2450 -2425 -2400 -2375 -2350 -2325 -2300 -2275 -2250 -2225 -2200 -2175 -2150 -2125 
                        -2551 -2526 -2501 -2476 -2451 -2426 -2401 -2376 -2351 -2326 -2301 -2276 -2251 -2226 -2201 -2176 -2151 -2126 -2101 -2076 
 --- -------- ---------  ---- ---- ---- ---- ---- ---- ---- ---- ---- ---- ---- ---- ---- ---- ---- ---- ---- ---- ---- ---- 
 160 MNP366M  -2294 -669                                                                   .37  .40  .46  .62  .63  .47  .34 
 258 MNP546M  -2637 -130                      .22A .23B .40  .42  .33  .28B .50  .54  .30A .07B .10B .32A .54  .60  .55  .61 
 291 MNP810M  -2174 -1425                                                                                            .57  .45 
 294 MNP946M  -2517 -1584                      .22A .23A .40  .42  .33  .28B .50  .55  .34  .33A .24B .22B .60  .74  .65  .56 
 Av segment correlation                      .22  .23  .40  .42  .33  .28  .50  .54  .32  .26  .25  .34  .58  .66  .56  .49 

 CORRELATION OF SERIES BY SEGMENTS: chin067
-----------------------------------------------------------------------------------------------------------------------------------
 Correlations of  50-year dated segments, lagged  25 years
 Flags:  A = correlation under   .3281 but highest as dated;  B = correlation higher at other than dated position

 Seq Series  Time_span  -2100 -2075 -2050 -2025 -2000 -1975 -1950 -1925 -1900 -1875 -1850 -1825 -1800 -1775 -1750 -1725 -1700 -1675 -1650 -1625 
                        -2051 -2026 -2001 -1976 -1951 -1926 -1901 -1876 -1851 -1826 -1801 -1776 -1751 -1726 -1701 -1676 -1651 -1626 -1601 -1576 
 --- -------- ---------  ---- ---- ---- ---- ---- ---- ---- ---- ---- ---- ---- ---- ---- ---- ---- ---- ---- ---- ---- ---- 
 117 MNP311M  -1716 -469                                                                                  .64  .79  .84  .79 
 128 MNP324M  -1659   13                                                                                            .57  .76 
 160 MNP366M  -2294 -669  .40  .54  .54  .64  .67  .65  .58  .54  .57  .68  .56  .64  .80  .82  .81  .70  .65  .58  .69  .59 
 164 MNP372A  -1706 -830                                                                                  .48  .62  .72  .71 
 166 MNP376M  -1689 -214                                                                                       .72  .72  .65 
 191 MNP407M  -2104 -228  .50  .51  .51  .76  .74  .59  .58  .75  .79  .75  .72  .87  .91  .88  .83  .82  .69  .72  .83  .82 
 258 MNP546M  -2637 -130  .66  .71  .66  .64  .71  .67  .66  .77  .82  .77  .76  .83  .89  .90  .91  .88  .80  .82  .80  .78 
 291 MNP810M  -2174 -1425  .61  .77  .73  .74  .78  .65  .58  .76  .80  .71  .59  .69  .85  .88  .84  .83  .70  .70  .71  .68 
 292 MNP855M  -1993  452                           .67  .51  .51  .63  .62  .51  .65  .67  .70  .63  .43  .37  .57  .64  .64 
 293 MNP916M  -2062 -1079            .62  .69  .73  .60  .52  .64  .66  .66  .73  .82  .80  .82  .89  .81  .65  .73  .84  .80 
 294 MNP946M  -2517 -1584  .61  .73  .59  .60  .74  .60  .54  .61  .64  .59  .51  .59  .67  .68  .72  .62  .51  .67  .77      
 543 ZHP018M  -1670 1382                                                                                            .44  .29A
 Av segment correlation  .56  .65  .61  .68  .73  .63  .57  .66  .70  .68  .63  .72  .80  .81  .80  .73  .61  .69  .71  .68 

 CORRELATION OF SERIES BY SEGMENTS: chin067
-----------------------------------------------------------------------------------------------------------------------------------
 Correlations of  50-year dated segments, lagged  25 years
 Flags:  A = correlation under   .3281 but highest as dated;  B = correlation higher at other than dated position

 Seq Series  Time_span  -1600 -1575 -1550 -1525 -1500 -1475 -1450 -1425 -1400 -1375 -1350 -1325 -1300 -1275 -1250 -1225 -1200 -1175 -1150 -1125 
                        -1551 -1526 -1501 -1476 -1451 -1426 -1401 -1376 -1351 -1326 -1301 -1276 -1251 -1226 -1201 -1176 -1151 -1126 -1101 -1076 
 --- -------- ---------  ---- ---- ---- ---- ---- ---- ---- ---- ---- ---- ---- ---- ---- ---- ---- ---- ---- ---- ---- ---- 
  60 MNP147M  -1230 1229                                                                             .50  .44  .52  .43  .06B
  98 MNP262M  -1262  530                                                                        .65  .77  .85  .90  .87  .80 
 117 MNP311M  -1716 -469  .72  .71  .75  .89  .90  .85  .83  .89  .84  .80  .84  .75  .67  .70  .69  .71  .81  .90  .88  .79 
 118 MNP312M  -1497 -231                           .52  .50  .71  .76  .70  .65  .51  .54  .65  .71  .71  .82  .87  .84  .74 
 128 MNP324M  -1659   13  .82  .84  .85  .87  .88  .80  .79  .81  .77  .80  .86  .84  .74  .81  .79  .75  .88  .91  .80  .66 
 138 MNP340M  -1271 -237                                                                        .51  .54  .69  .74  .72  .74 
 151 MNP357M  -1538 -328                 .46  .32A .25B .50  .52  .46  .47  .54  .51  .49  .53  .53  .58  .72  .69  .52  .51 
 160 MNP366M  -2294 -669  .49  .63  .67  .53  .48  .61  .62  .60  .59  .67  .63  .48  .52  .57  .58  .58  .52  .59  .60  .64 
 164 MNP372A  -1706 -830  .66  .66  .69  .77  .79  .68  .63  .77  .81  .76  .74  .69  .74  .72  .70  .66  .73  .84  .79  .76 
 166 MNP376M  -1689 -214  .64  .66  .76  .77  .72  .76  .80  .79  .81  .82  .83  .82  .75  .71  .72  .71  .83  .89  .78  .68 
 191 MNP407M  -2104 -228  .79  .81  .83  .88  .89  .89  .83  .77  .67  .65  .75  .44  .30A .56  .75  .81  .82  .84  .77  .72 
 208 MNP431M  -1380  280                                               .47  .52  .47  .68  .68  .67  .68  .77  .74  .70  .64 
 215 MNP472A  -1405 -445                                          .62  .59  .61  .58  .62  .66  .69  .78  .82  .81  .77  .62 
 242 MNP528M  -1282 -246                                                                   .73  .74  .64  .59  .72  .63  .42 
 257 MNP545M  -1598  609       .66  .79  .85  .83  .82  .85  .79  .76  .81  .83  .85  .76  .71  .77  .78  .82  .88  .82  .75 
 258 MNP546M  -2637 -130  .75  .80  .85  .86  .86  .86  .86  .86  .82  .83  .88  .86  .83  .81  .84  .87  .90  .90  .87  .84 
 259 MNP547M  -1335 -798                                                         .56  .62  .80  .85  .81  .82  .89  .87  .83 
 267 MNP556M  -1218 -215                                                                                  .75  .84  .78  .77 
 291 MNP810M  -2174 -1425  .69  .65  .63  .65  .70  .69                                                                       
 292 MNP855M  -1993  452  .65  .64  .71  .66  .63  .76  .72  .67  .71  .75  .73  .72  .70  .66  .67  .60  .61  .71  .70  .68 
 293 MNP916M  -2062 -1079  .56  .55  .52  .66  .81  .77  .78  .79  .74  .63  .58  .53  .60  .80  .73  .50  .56  .67  .66      
 543 ZHP018M  -1670 1382  .14B .28B .38  .44  .48  .45  .40  .50  .57  .69  .61  .44  .49  .68  .59  .50  .70  .74  .65  .54 
 Av segment correlation  .63  .66  .70  .72  .72  .69  .70  .73  .71  .70  .71  .63  .63  .69  .69  .67  .74  .79  .74  .66 

 CORRELATION OF SERIES BY SEGMENTS: chin067
-----------------------------------------------------------------------------------------------------------------------------------
 Correlations of  50-year dated segments, lagged  25 years
 Flags:  A = correlation under   .3281 but highest as dated;  B = correlation higher at other than dated position

 Seq Series  Time_span  -1100 -1075 -1050 -1025 -1000 -975 -950 -925 -900 -875 -850 -825 -800 -775 -750 -725 -700 -675 -650 -625 
                        -1051 -1026 -1001 -976 -951 -926 -901 -876 -851 -826 -801 -776 -751 -726 -701 -676 -651 -626 -601 -576 
 --- -------- ---------  ---- ---- ---- ---- ---- ---- ---- ---- ---- ---- ---- ---- ---- ---- ---- ---- ---- ---- ---- ---- 
  60 MNP147M  -1230 1229 -.03B .49  .58  .56  .76  .74  .67  .71  .70  .73  .78  .69  .70  .69  .62  .62  .69  .61  .68  .85 
  87 MNP244M  -778  118                                                                   .63  .67  .70  .44  .64  .74  .84 
  94 MNP252M  -669 -226                                                                                            .61  .79 
  98 MNP262M  -1262  530  .78  .78  .74  .74  .85  .84  .82  .79  .75  .83  .87  .69  .65  .76  .62  .50  .69  .78  .81  .79 
  99 MNP263M  -786  755                                                                   .72  .82  .80  .70  .75  .75  .82 
 100 MNP264M  -898  427                                               .79  .75  .80  .89  .90  .88  .86  .82  .60  .72  .89 
 111 MNP305M  -786  313                                                                   .54  .59  .69  .51  .31A .51  .68 
 117 MNP311M  -1716 -469  .73  .77  .82  .81  .84  .88  .82  .77  .81  .82  .77  .82  .78  .70  .76  .73  .59  .42  .77  .91 
 118 MNP312M  -1497 -231  .70  .82  .87  .81  .79  .87  .90  .76  .67  .79  .71  .72  .80  .81  .83  .76  .65  .81  .87  .89 
 121 MNP316M  -942  469                                     .65  .74  .78  .80  .83  .86  .86  .86  .82  .78  .74  .75  .84 
 122 MNP317M  -835 1333                                                         .80  .79  .69  .70  .79  .82  .74  .79  .83 
 124 MNP320M  -700  370                                                                                       .58  .69  .84 
 128 MNP324M  -1659   13  .71  .67  .72  .77  .62  .74  .83  .76  .69  .78  .66  .56  .76  .88  .84  .72  .59  .67  .80  .88 
 138 MNP340M  -1271 -237  .76  .57  .37B .30B .56  .71  .83  .73  .62  .78  .83  .86  .84  .82  .84  .81  .77  .57  .63  .80 
 147 MNP351M  -885 -214                                               .73  .83  .87  .90  .78  .62  .66  .80  .74  .80  .88 
 149 MNP353M  -880  939                                               .33  .36  .51  .72  .86  .85  .80  .64  .54  .71  .78 
 151 MNP357M  -1538 -328  .52  .18B .12B .24B .55  .59  .63  .65  .60  .65  .55  .54  .68  .56  .57  .70  .70  .51  .62  .63 
 157 MNP363M  -650  701                                                                                                 .48 
 160 MNP366M  -2294 -669  .67  .54  .59  .48  .35  .51  .66  .52  .44  .61  .60  .61  .63  .63  .63  .66                     
 164 MNP372A  -1706 -830  .62  .57  .73  .79  .68  .72  .79  .75  .74                                                        
 166 MNP376M  -1689 -214  .79  .82  .79  .75  .60  .66  .77  .72  .74  .84  .87  .82  .79  .83  .66  .53  .59  .67  .75  .84 
 168 MNP378M  -928   30                                     .69  .77  .81  .86  .91  .86  .86  .86  .80  .74  .80  .83  .86 
 175 MNP386M  -994 -143                           .63  .61  .67  .82  .82  .48  .40  .78  .76  .70  .75  .79  .43  .57  .70 
 190 MNP406M  -831  588                                                         .34  .49  .72  .57  .57  .69  .64  .77  .83 
 191 MNP407M  -2104 -228  .76  .74  .80  .83  .73  .80  .83  .70  .63  .60  .62  .80  .87  .88  .85  .79  .71  .64  .78  .88 
 208 MNP431M  -1380  280  .57  .73  .83  .65  .29B .42  .66  .67  .72  .76  .74  .67  .59  .62  .75  .76  .68  .62  .64  .71 
 211 MNP436M  -1008  874                      .27A .41  .54  .61  .53  .54  .53  .44  .58  .65  .70  .76  .70  .38  .55  .75 
 213 MNP440A  -890   62                                               .43  .42  .61  .63  .29B .23A .42  .46  .42  .48  .72 
 215 MNP472A  -1405 -445  .55  .39  .29B .27B .52  .68  .74  .64  .70  .78  .67  .76  .79  .81  .68  .52  .59  .31A .51  .77 
 216 MNP473M  -928 -494                                     .63  .85  .82  .81  .81  .82  .87  .88  .77  .67  .78  .70  .70 
 242 MNP528M  -1282 -246  .27B .36  .49  .45  .63  .77  .83  .77  .70  .73  .69  .72  .71  .63  .68  .78  .28A .15B .64  .73 
 245 MNP531M  -934 -323                                     .44  .82  .92  .88  .85  .86  .84  .79  .78  .84  .80  .78  .83 
 254 MNP541A  -785 1437                                                                   .83  .80  .73  .65  .62  .73  .81 
 255 MNP542M  -887 -121                                               .33  .32A .64  .52  .57  .68  .70  .68  .46  .63  .80 
 257 MNP545M  -1598  609  .76  .68  .69  .74  .71  .81  .87  .75  .72  .84  .83  .86  .82  .79  .85  .79  .75  .77  .75  .85 
 258 MNP546M  -2637 -130  .79  .80  .82  .81  .81  .83  .83  .76  .63  .30B .18B .73  .79  .79  .84  .72  .58  .51  .67  .83 
 259 MNP547M  -1335 -798  .86  .61  .41B .28B .64  .81  .87  .83  .76  .85  .79                                              
 261 MNP549M  -751  601                                                                             .75  .66  .79  .84  .65 
 263 MNP551M  -750    6                                                                             .71  .77  .76  .54  .75 
 267 MNP556M  -1218 -215  .72  .54  .62  .61  .57  .77  .69  .62  .71  .75  .65  .73  .74  .70  .69  .59  .73  .78  .75  .86 
 292 MNP855M  -1993  452  .69  .54  .40B .22B .50  .66  .71  .66  .61  .82  .78  .79  .78  .76  .72  .69  .71  .57  .67  .80 
 434 MSP112M  -1018 -827                      .63  .66  .71  .77  .66                                                        
 535 ZHP010M  -866 1422                                                    .54  .62  .63  .63  .69  .74  .49  .45  .67  .81 
 536 ZHP011M  -784  707                                                                   .39  .51  .66  .74  .45  .66  .77 
 543 ZHP018M  -1670 1382  .59  .48B .45B .37B .40  .58  .64  .61  .70  .76  .73  .69  .63  .72  .80  .69  .59  .42  .50  .61 
 545 ZHP020M  -927 1654                                          .71  .77  .78  .78  .78  .81  .84  .83  .66  .56  .63  .83 
 546 ZHP021M  -1073 -103            .15B .27B .40  .48  .54  .44  .49  .58  .52  .35  .45  .65  .59  .67  .67  .36  .41  .46 
 547 ZHP022M  -918 1382                                          .49  .44  .48  .53  .53  .48  .49  .61  .58  .43  .51  .60 
 551 ZHP028M  -952 1915                                     .37  .59  .64  .73  .81  .83  .75  .69  .77  .78  .65  .76  .86 
 552 ZHP029M  -826  282                                                              .39  .59  .58  .58  .58  .45  .59  .65 
 554 ZHP033M  -743  571                                                                             .32B .49  .19B .30A .56 
 560 ZHP045M  -711 1748                                                                                  .21A .18B .34  .48 
 563 ZHP106M  -893 -127                                               .06B .18B .14B .34  .69  .69  .64  .59  .39  .53  .39 
 Av segment correlation  .64  .60  .58  .56  .59  .69  .74  .67  .68  .68  .66  .68  .71  .72  .71  .70  .65  .56  .66  .76 

 CORRELATION OF SERIES BY SEGMENTS: chin067
-----------------------------------------------------------------------------------------------------------------------------------
 Correlations of  50-year dated segments, lagged  25 years
 Flags:  A = correlation under   .3281 but highest as dated;  B = correlation higher at other than dated position

 Seq Series  Time_span  -600 -575 -550 -525 -500 -475 -450 -425 -400 -375 -350 -325 -300 -275 -250 -225 -200 -175 -150 -125 
                        -551 -526 -501 -476 -451 -426 -401 -376 -351 -326 -301 -276 -251 -226 -201 -176 -151 -126 -101  -76 
 --- -------- ---------  ---- ---- ---- ---- ---- ---- ---- ---- ---- ---- ---- ---- ---- ---- ---- ---- ---- ---- ---- ---- 
  12 HTP012M  -375  657                                                    .43  .27A .18B .41  .69  .68  .58  .50  .40B .40 
  17 HTP019M  -164 1067                                                                                            .11B .16B
  19 HTP021M  -250  673                                                                             .34B .28B .59  .47  .36 
  21 HTP023M  -215  907                                                                                  .16B .31A .43  .38 
  22 HTP025M  -222 1065                                                                                  .34  .45  .30B .28A
  23 HTP026M  -230  943                                                                             .44  .45  .49  .53  .56 
  26 HTP029M  -468  475                                .29B .28B .27B .38  .30A .09B .17B .42  .42  .48  .57  .51  .50  .40 
  60 MNP147M  -1230 1229  .75  .62  .71  .68  .59  .70  .73  .70  .74  .55  .47  .64  .79  .78  .50  .43  .44  .43  .49  .57 
  80 MNP237M  -435  658                                     .75  .77  .80  .75  .81  .87  .77  .83  .79  .71  .88  .85  .68 
  83 MNP240M  -416  328                                          .51  .57  .73  .82  .86  .80  .83  .80  .71  .71  .70  .54 
  87 MNP244M  -778  118  .83  .76  .86  .85  .78  .78  .74  .75  .81  .65  .71  .79  .70  .61  .77  .80  .73  .76  .76  .70 
  94 MNP252M  -669 -226  .83  .71  .75  .85  .88  .83  .56  .28B .14B .35B .72  .84  .82  .75                               
  95 MNP254M  -498   34                           .83  .83  .70  .74  .82  .83  .86  .82  .73  .82  .91  .89  .85  .80  .67 
  98 MNP262M  -1262  530  .78  .72  .75  .80  .81  .86  .77  .81  .84  .78  .82  .86  .79  .78  .91  .95  .90  .84  .85  .85 
  99 MNP263M  -786  755  .85  .80  .83  .84  .83  .84  .78  .80  .70  .70  .86  .88  .78  .72  .86  .89  .86  .81  .79  .68 
 100 MNP264M  -898  427  .88  .78  .83  .88  .90  .88  .85  .80  .77  .83  .90  .89  .91  .87  .86  .90  .89  .86  .87  .84 
 101 MNP265M  -188  359                                                                                       .70  .66  .47 
 106 MNP276M  -313  -51                                                              .84  .77  .80  .87  .80  .80  .82  .79 
 111 MNP305M  -786  313  .65  .51  .63  .64  .55  .65  .63  .67  .71  .68  .64  .59  .68  .75  .71  .70  .61  .60  .73  .67 
 117 MNP311M  -1716 -469  .88  .80  .85  .88                                                                                 
 118 MNP312M  -1497 -231  .87  .75  .82  .87  .85  .83  .81  .84  .81  .77  .83  .82  .83                                    
 120 MNP314M  -128  748                                                                                                 .46 
 121 MNP316M  -942  469  .83  .70  .74  .80  .67  .69  .78  .81  .77  .72  .81  .78  .79  .84  .87  .86  .83  .70  .66  .82 
 122 MNP317M  -835 1333  .84  .80  .80  .86  .87  .86  .86  .83  .84  .87  .86  .90  .93  .86  .84  .87  .89  .90  .85  .81 
 123 MNP318M  -565 1063            .38  .52  .55  .64  .75  .63  .61  .75  .83  .79  .84  .81  .81  .82  .80  .44  .44  .79 
 124 MNP320M  -700  370  .83  .73  .67  .77  .87  .87  .75  .82  .82  .81  .78  .78  .84  .77  .85  .91  .88  .89  .80  .67 
 126 MNP322M  -509  480                      .72  .82  .80  .85  .76  .71  .75  .77  .79  .81  .82  .84  .89  .86  .85  .81 
 128 MNP324M  -1659   13  .85  .68  .81  .85  .84  .79  .77  .86  .84  .82  .81  .85  .88  .81  .81  .82  .81  .86  .76  .75 
 131 MNP331M  -321  359                                                              .45  .71  .85  .89  .87  .88  .83  .77 
 133 MNP334M  -329 1590                                                         .63  .74  .81  .83  .87  .87  .87  .84  .82 
 135 MNP336M  -350  548                                                         .70  .70  .75  .84  .84  .80  .85  .83  .66 
 136 MNP338M  -324  679                                                              .71  .82  .88  .87  .85  .89  .91  .86 
 138 MNP340M  -1271 -237  .69  .38  .61  .68  .77  .72  .65  .68  .63  .65  .67  .66  .71                                    
 141 MNP344M  -235 1376                                                                             .82  .84  .90  .88  .83 
 143 MNP347M  -286  858                                                                   .30A .69  .87  .84  .85  .79  .67 
 144 MNP348M  -301  620                                                                   .51  .74  .88  .84  .90  .88  .76 
 145 MNP349M  -176 1684                                                                                            .80  .70 
 147 MNP351M  -885 -214  .85  .73  .82  .89  .88  .87  .81  .78  .81  .78  .81  .86  .89  .79                               
 149 MNP353M  -880  939  .79  .70  .79  .84  .87  .86  .83  .85  .80  .78  .82  .76  .80  .90  .91  .92  .87  .84  .76  .78 
 151 MNP357M  -1538 -328  .60  .54  .49  .53  .57  .61  .51  .60  .66                                                        
 157 MNP363M  -650  701  .46  .33  .51  .57  .52  .59  .62  .62  .67  .67  .74  .71  .71  .78  .72  .71  .67  .65  .65  .63 
 158 MNP364M  -173 1298                                                                                            .61  .73 
 161 MNP367A  -183 1588                                                                                       .79  .77  .65 
 162 MNP370M  -161 1186                                                                                            .42  .26A
 163 MNP371M  -369  406                                                    .36  .46  .47  .53  .60  .68  .76  .69  .62  .66 
 166 MNP376M  -1689 -214  .82  .64  .72  .82  .86  .83  .75  .83  .80  .74  .79  .79  .78  .75                               
 168 MNP378M  -928   30  .86  .80  .80  .78  .77  .78  .80  .82  .74  .63  .70  .82  .85  .84  .84  .83  .81  .81  .79  .81 
 169 MNP380A  -385  741                                               .81  .78  .85  .89  .83  .87  .90  .86  .86  .84  .75 
 173 MNP384A  -445  220                                     .61  .66  .66  .72  .75  .81  .86  .91  .85  .78  .81  .80  .67 
 174 MNP385M  -256  792                                                                        .57  .80  .81  .74  .75  .73 
 175 MNP386M  -994 -143  .68  .51  .64  .70  .68  .71  .61  .68  .61  .40  .35  .37  .56  .68  .66  .76  .78                
 180 MNP391M  -454  720                                .48  .37  .38  .56  .59  .53  .39B .44  .65  .75  .78  .60  .61  .68 
 181 MNP392M  -260 1029                                                                        .30A .41  .41  .47  .41  .48 
 185 MNP400M  -452  224                                     .79  .83  .84  .79  .83  .86  .80  .84  .93  .88  .82  .79  .77 
 186 MNP402A  -465   -9                                .47  .46  .62  .57  .67  .77  .81  .80  .82  .85  .81  .80  .79  .72 
 190 MNP406M  -831  588  .81  .63  .80  .89  .86  .84  .83  .77  .79  .76  .78  .83  .80  .81  .81  .83  .86  .80  .71  .70 
 191 MNP407M  -2104 -228  .83  .72  .79  .81  .79  .86  .78  .67  .70  .63  .59  .77  .85                                    
 193 MNP409A  -620 -185  .83  .77  .78  .63  .60  .83  .80  .75  .75  .65  .66  .82  .85  .79  .80                          
 203 MNP421M  -227  120                                                                                  .81  .83  .78  .61 
 208 MNP431M  -1380  280  .66  .47  .59  .48  .44  .59  .59  .54  .48  .41  .51  .48  .58  .71  .65  .75  .71  .65  .37  .16B
 211 MNP436M  -1008  874  .61  .31A .43  .53  .45  .64  .52  .57  .61  .58  .63  .58  .59  .56  .70  .76  .65  .56  .56  .58 
 212 MNP437M  -337  529                                                         .65  .69  .77  .85  .86  .88  .84  .82  .77 
 213 MNP440A  -890   62  .72  .66  .69  .78  .71  .65  .76  .82  .80  .73  .79  .81  .81  .76  .69  .78  .83  .72  .68  .73 
 215 MNP472A  -1405 -445  .74  .54  .72  .75  .75                                                                            
 216 MNP473M  -928 -494  .78  .77  .76                                                                                      
 242 MNP528M  -1282 -246  .64  .66  .73  .80  .68  .59  .65  .47  .43B .55  .71  .81  .79                                    
 245 MNP531M  -934 -323  .85  .70  .74  .73  .67  .75  .81  .80  .76  .71                                                   
 251 MNP538A  -291 1718                                                                   .66  .77  .87  .80  .82  .84  .76 
 254 MNP541A  -785 1437  .76  .58  .66  .71  .72  .78  .73  .76  .78  .76  .75  .78  .84  .81  .82  .73  .63  .78  .73  .40 
 255 MNP542M  -887 -121  .81  .56  .59  .66  .67  .75  .73  .68  .72  .80  .67  .37  .36  .72  .85  .88  .80  .72           
 257 MNP545M  -1598  609  .85  .72  .86  .85  .81  .81  .69  .53  .59  .72  .73  .79  .77  .79  .77  .70  .65  .73  .74  .68 
 258 MNP546M  -2637 -130  .83  .65  .70  .77  .65  .65  .64  .74  .79  .70  .70  .74  .85  .80  .79  .83  .77                
 261 MNP549M  -751  601  .62  .74  .73  .79  .70  .56  .58  .62  .65  .76  .83  .83  .84  .78  .73  .80  .81  .86  .86  .64 
 263 MNP551M  -750    6  .84  .71  .79  .78  .76  .84  .85  .85  .87  .81  .85  .90  .90  .90  .87  .83  .78  .61  .59  .81 
 266 MNP554M  -381   -9                                               .61  .74  .82  .79  .54  .68  .88  .87  .83  .76  .68 
 267 MNP556M  -1218 -215  .89  .87  .81  .76  .79  .88  .87  .85  .85  .83  .79  .82  .90  .81                               
 270 MNP563M  -398  646                                               .64  .80  .81  .82  .63  .59  .72  .70  .80  .72  .59 
 292 MNP855M  -1993  452  .75  .59  .62  .65  .66  .61  .51  .64  .71  .66  .50  .45  .65  .79  .70  .69  .68  .57  .51  .55 
 452 MSP333M  -515  899                      .35  .57  .63  .49  .51  .53  .53  .67  .76  .73  .67  .63  .55  .60  .60  .66 
 453 MSP354A  -247  602                                                                             .39  .36  .39  .42  .54 
 534 ZHP009M  -383 1108                                               .56  .71  .62  .65  .81  .92  .93  .86  .82  .84  .73 
 535 ZHP010M  -866 1422  .82  .61  .31A .39  .66  .70  .65  .76  .73  .68  .70  .65  .70  .80  .82  .74  .62  .67  .67  .69 
 536 ZHP011M  -784  707  .72  .52  .67  .68  .67  .70  .51  .48  .63  .69  .66  .55  .50  .60  .61  .36  .08B .30B .45B .54 
 543 ZHP018M  -1670 1382  .63  .43  .28B .49  .62  .51  .44  .55  .63  .42  .37  .55  .44  .56  .61  .65  .70  .62  .65  .56 
 544 ZHP019M  -191  496                                                                                       .58  .48  .30B
 545 ZHP020M  -927 1654  .85  .60  .63  .71  .77  .75  .68  .74  .72  .70  .63  .56  .65  .78  .79  .81  .78  .69  .72  .75 
 546 ZHP021M  -1073 -103  .48  .42  .46  .67  .61  .63  .67  .70  .73  .64  .56  .48  .38  .61  .75  .72  .61  .63           
 547 ZHP022M  -918 1382  .55  .37  .31A .39  .55  .63  .33A .48  .65  .46  .50  .55  .61  .71  .68  .72  .78  .71  .61  .59 
 550 ZHP027M  -144 1617                                                                                                 .26B
 551 ZHP028M  -952 1915  .85  .70  .77  .71  .63  .74  .76  .66  .66  .69  .73  .74  .78  .80  .78  .79  .71  .77  .81  .62 
 552 ZHP029M  -826  282  .50  .26A .41  .46  .58  .71  .76  .72  .70  .57  .61  .52  .47  .56  .52  .62  .59  .51  .41  .42 
 554 ZHP033M  -743  571  .52  .24B .27A .48  .50  .57  .24B-.07B .23B .41  .34  .25A .43B .68  .62  .58  .64  .69  .65  .54 
 556 ZHP039M  -284 1871                                                                   .47  .52  .54  .54  .49  .58  .52 
 560 ZHP045M  -711 1748  .42  .27B .25B .29B .54  .62  .50  .50  .53  .47  .16B .12B .44  .50  .63  .69  .59  .53  .50  .50 
 563 ZHP106M  -893 -127  .35  .42  .45  .58  .63  .66  .60  .71  .56  .41  .59  .52  .54  .65  .57  .53  .50                
 574 ZHP136M  -285 1226                                                                   .64  .69  .78  .74  .73  .68  .52 
 583 ZHP151M  -220 2009                                                                                  .28B .63  .59  .53 
 Av segment correlation  .74  .61  .66  .70  .70  .73  .67  .67  .68  .66  .67  .68  .71  .72  .74  .76  .71  .71  .67  .62 

 CORRELATION OF SERIES BY SEGMENTS: chin067
-----------------------------------------------------------------------------------------------------------------------------------
 Correlations of  50-year dated segments, lagged  25 years
 Flags:  A = correlation under   .3281 but highest as dated;  B = correlation higher at other than dated position

 Seq Series  Time_span  -100  -75  -50  -25    0   25   50   75  100  125  150  175  200  225  250  275  300  325  350  375 
                         -51  -26   -1   24   49   74   99  124  149  174  199  224  249  274  299  324  349  374  399  424 
 --- -------- ---------  ---- ---- ---- ---- ---- ---- ---- ---- ---- ---- ---- ---- ---- ---- ---- ---- ---- ---- ---- ---- 
  12 HTP012M  -375  657  .53  .63  .59  .46  .37  .33  .57  .70  .65  .49  .51  .51  .46  .35  .28A .38  .56  .66  .68  .68 
  17 HTP019M  -164 1067  .25A .30A .25B .07B .14B .45  .53  .64  .51  .25B .58  .62  .38  .40  .50  .45  .41  .40  .39  .31A
  18 HTP020M   150 1404                                                    .34  .31A .31A .37  .10B .12B .29A .37  .42  .41 
  19 HTP021M  -250  673  .60  .63  .52  .44  .41  .35  .58  .71  .72  .58  .62  .69  .65  .60  .64  .65  .55  .76  .80  .68 
  21 HTP023M  -215  907  .40  .60  .61  .47  .43  .40  .45  .61  .66  .55  .63  .45  .30A .40  .33  .48  .61  .63  .62  .64 
  22 HTP025M  -222 1065  .57  .68  .63  .54  .33A .32A .62  .58  .22B .10B .37  .31A .35  .45  .29A .32A .44  .45  .42  .39 
  23 HTP026M  -230  943  .55  .48  .48  .51  .40  .25B .40  .46B .43  .43  .38  .27B .28B .40  .29A .18B .44  .61  .58  .55 
  25 HTP028M   289 1404                                                                                  .39  .36  .37  .41 
  26 HTP029M  -468  475  .42  .52  .56  .50  .41  .32B .54  .64  .64  .58  .59  .52  .54  .55  .35B .40  .53  .69  .58  .42 
  27 HTP030M   181  840                                                              .08B .31A .24B .07B .34  .34  .33  .58 
  28 HTP031M   101 1632                                               .32A .46  .43  .21B .27B .16B .25A .51  .69  .55  .46 
  29 HTP032M   264 1472                                                                             .25A .43  .41  .28A .28A
  37 MNP103M    71 1109                                     .77  .72  .69  .62  .68  .79  .79  .62  .50B .59  .82  .80  .63 
  39 MNP106M   321 1441                                                                                       .70  .75  .69 
  60 MNP147M  -1230 1229  .82  .81  .78  .82  .77  .74  .84  .85  .84  .79  .61  .65  .82  .82  .73  .68  .65  .84  .86  .76 
  80 MNP237M  -435  658  .81  .87  .83  .82  .71  .56  .82  .88  .75  .71  .73  .75  .89  .85  .82  .76  .58  .72  .77  .76 
  81 MNP238M  -122 1260  .75  .85  .86  .84  .88  .87  .83  .86  .86  .85  .85  .87  .91  .85  .79  .75  .73  .86  .87  .83 
  83 MNP240M  -416  328  .69  .82  .80  .80  .85  .74  .78  .67  .49  .50  .53  .72  .79  .73  .71  .72                     
  87 MNP244M  -778  118  .68  .75  .83  .85  .82  .74  .80                                                                  
  95 MNP254M  -498   34  .84  .84  .69  .67                                                                                 
  98 MNP262M  -1262  530  .88  .86  .89  .90  .88  .89  .88  .72  .72  .86  .77  .80  .86  .84  .64  .52  .63  .88  .86  .82 
  99 MNP263M  -786  755  .75  .80  .66  .52  .65  .69  .83  .78  .77  .89  .73  .72  .86  .87  .79  .74  .69  .78  .82  .87 
 100 MNP264M  -898  427  .88  .92  .63  .59  .80  .73  .78  .84  .79  .73  .73  .70  .72  .77  .75  .73  .71  .84  .83  .81 
 101 MNP265M  -188  359  .61  .75  .84  .87  .88  .84  .81  .84  .88  .83  .81  .80  .75  .77  .79  .72  .69                
 105 MNP275M    46  946                                .45  .67  .76  .77  .59  .56  .82  .86  .70  .60  .60  .46  .49  .68 
 106 MNP276M  -313  -51  .81                                                                                                
 111 MNP305M  -786  313  .68  .77  .78  .68  .57  .44  .71  .77  .75  .59  .54  .64  .65  .61  .64                          
 119 MNP313M    75 1835                                          .75  .67  .60  .53  .61  .74  .70  .70  .59  .77  .88  .84 
 120 MNP314M  -128  748  .43  .64  .78  .72  .67  .69  .81  .82  .82  .80  .73  .75  .81  .77  .67  .68  .63  .77  .77  .75 
 121 MNP316M  -942  469  .81  .78  .80  .73  .80  .79  .76  .74  .74  .79  .68  .68  .70  .64  .59  .59  .60  .85  .88  .80 
 122 MNP317M  -835 1333  .90  .92  .89  .86  .81  .82  .89  .85  .88  .91  .86  .86  .89  .89  .87  .83  .80  .86  .87  .87 
 123 MNP318M  -565 1063  .85  .83  .81  .79  .77  .79  .85  .81  .81  .84  .70  .61  .77  .85  .78  .67  .73  .84  .85  .72 
 124 MNP320M  -700  370  .83  .84  .85  .87  .86  .80  .82  .90  .92  .86  .76  .77  .84  .80  .74  .77  .72                
 126 MNP322M  -509  480  .83  .77  .77  .74  .70  .81  .92  .82  .69  .75  .80  .69  .71  .74  .75  .67  .63  .82  .86  .79 
 127 MNP323A   226 1191                                                                        .62  .66  .72  .76  .79  .82 
 128 MNP324M  -1659   13  .83  .82  .77                                                                                      
 131 MNP331M  -321  359  .84  .85  .85  .84  .86  .77  .82  .84  .85  .88  .78  .79  .89  .91  .80  .71  .66                
 133 MNP334M  -329 1590  .87  .87  .85  .83  .88  .90  .87  .84  .82  .84  .84  .84  .87  .85  .80  .76  .68  .85  .88  .86 
 135 MNP336M  -350  548  .76  .75  .69  .75  .74  .75  .86  .82  .81  .82  .63  .55  .74  .83  .82  .73  .66  .84  .76  .69 
 136 MNP338M  -324  679  .84  .87  .89  .87  .76  .70  .74  .72  .78  .83  .72  .74  .86  .86  .84  .76  .67  .88  .88  .84 
 141 MNP344M  -235 1376  .87  .91  .90  .82  .84  .73  .75  .87  .90  .89  .82  .81  .86  .83  .80  .78  .75  .90  .89  .83 
 143 MNP347M  -286  858  .77  .83  .82  .79  .81  .86  .91  .87  .89  .93  .87  .86  .87  .82  .70  .71  .66  .87  .86  .73 
 144 MNP348M  -301  620  .83  .85  .86  .83  .80  .84  .89  .81  .75  .80  .82  .84  .89  .88  .81  .78  .67  .82  .86  .80 
 145 MNP349M  -176 1684  .82  .83  .79  .79  .82  .70  .78  .85  .89  .89  .75  .73  .85  .87  .81  .80  .74  .55  .63  .73 
 148 MNP352M   194 1003                                                              .51  .53  .44  .40  .58  .78  .71  .64 
 149 MNP353M  -880  939  .85  .81  .79  .78  .78  .80  .86  .86  .85  .85  .84  .80  .80  .85  .79  .80  .72  .80  .82  .80 
 152 MNP358M   107 1088                                               .75  .84  .82  .78  .77  .87  .88  .81  .90  .91  .85 
 157 MNP363M  -650  701  .62  .75  .77  .75  .75  .69  .77  .81  .83  .76  .68  .66  .68  .73  .67  .70  .64  .76  .75  .67 
 158 MNP364M  -173 1298  .86  .86  .88  .90  .86  .85  .88  .89  .86  .83  .83  .87  .86  .84  .84  .82  .81  .93  .92  .87 
 161 MNP367A  -183 1588  .80  .86  .82  .76  .80  .78  .83  .85  .86  .89  .71  .65  .82  .82  .74  .70  .75  .88  .88  .83 
 162 MNP370M  -161 1186  .57  .72  .63  .67  .72  .69  .79  .82  .82  .75  .70  .73  .70  .56  .61  .80  .65  .83  .90  .83 
 163 MNP371M  -369  406  .67  .69  .76  .80  .76  .75  .83  .86  .84  .79  .77  .78  .72  .55  .43  .57  .52  .72  .77      
 165 MNP375A     6 1674                           .60  .75  .75  .74  .82  .79  .75  .79  .74  .56  .53  .54  .69  .82  .78 
 167 MNP377M   153 1105                                                         .33A .45  .53  .50  .50  .65  .82  .83  .77 
 168 MNP378M  -928   30  .81  .79  .69  .58                                                                                 
 169 MNP380A  -385  741  .86  .89  .86  .88  .81  .64  .77  .86  .91  .91  .78  .78  .85  .85  .86  .85  .78  .88  .88  .87 
 172 MNP383A   190 1043                                                              .86  .89  .85  .79  .78  .88  .87  .82 
 173 MNP384A  -445  220  .78  .84  .79  .76  .82  .69  .76  .86  .82  .80  .65                                              
 174 MNP385M  -256  792  .79  .81  .84  .75  .75  .69  .78  .91  .85  .79  .83  .90  .86  .83  .65  .55  .70  .88  .89  .82 
 177 MNP388M   137  917                                                    .42  .40  .60  .71  .71  .62  .70  .91  .88  .85 
 180 MNP391M  -454  720  .68  .74  .74  .69  .75  .75  .77  .83  .85  .80  .73  .77  .83  .74  .57  .58  .61  .84  .81  .61 
 181 MNP392M  -260 1029  .54  .58  .53  .53  .47  .50  .53  .69  .81  .68  .68  .79  .76  .62  .49  .63  .81  .85  .84  .79 
 183 MNP394M   243 1915                                                                        .60  .62  .61  .78  .81  .75 
 185 MNP400M  -452  224  .83  .84  .79  .64  .57  .74  .83  .85  .91  .89  .77  .65                                         
 186 MNP402A  -465   -9  .61  .65                                                                                           
 188 MNP404A   -51 1048                 .59  .65  .75  .79  .85  .86  .77  .69  .60  .63  .72  .66  .66  .67  .74  .79  .79 
 189 MNP405M   -46 1333                 .72  .87  .87  .89  .92  .93  .91  .91  .89  .89  .86  .84  .81  .75  .92  .94  .86 
 190 MNP406M  -831  588  .82  .85  .85  .85  .81  .73  .87  .85  .76  .77  .78  .76  .79  .85  .83  .82  .68  .70  .84  .85 
 192 MNP408A  -115  977  .72  .81  .82  .70  .75  .77  .72  .81  .78  .68  .51  .46  .35  .42  .74  .68  .56  .78  .79  .69 
 203 MNP421M  -227  120  .69  .79  .86  .79  .72  .56  .70                                                                  
 205 MNP423M  -100  929       .62  .76  .89  .86  .81  .77  .83  .85  .81  .79  .81  .87  .87  .85  .74  .60  .83  .80  .67 
 208 MNP431M  -1380  280  .23B .18B-.02B-.22B-.25B-.17B-.11B .07B .21A-.00B .07B .25B .21B .11B                              
 209 MNP432M   172 1110                                                         .69  .87  .90  .86  .80  .80  .88  .88  .88 
 210 MNP435M   -55  814            .80  .69  .73  .82  .88  .90  .90  .82  .72  .70  .79  .79  .71  .77  .69  .81  .88  .87 
 211 MNP436M  -1008  874  .71  .67  .65  .73  .65  .47  .46  .51  .66  .80  .70  .59  .68  .63  .38  .44  .58  .76  .76  .68 
 212 MNP437M  -337  529  .86  .85  .78  .80  .85  .81  .85  .88  .91  .89  .81  .86  .89  .83  .78  .77  .72  .89  .90  .63 
 213 MNP440A  -890   62  .79  .68  .55  .53  .68                                                                            
 243 MNP529A   216  955                                                                   .45  .54  .51  .44  .77  .78  .69 
 246 MNP532A   145 1088                                                    .71  .66  .66  .71  .73  .75  .66  .79  .77  .65 
 247 MNP533M    20 1638                           .40  .52  .75  .85  .83  .52  .49  .80  .83  .82  .82  .76  .90  .90  .83 
 248 MNP534M   -97 1271       .40  .50  .68  .71  .70  .77  .66  .65  .70  .71  .67  .74  .89  .84  .78  .71  .88  .89  .84 
 250 MNP536M   -35  924                 .60  .49  .46  .73  .74  .64  .49  .45  .65  .68  .58  .42  .49  .61  .76  .79  .73 
 251 MNP538A  -291 1718  .84  .89  .87  .84  .83  .75  .81  .87  .89  .85  .74  .80  .84  .83  .80  .74  .72  .83  .83  .81 
 254 MNP541A  -785 1437  .69  .79  .73  .70  .79  .76  .79  .76  .58  .60  .81  .82  .81  .74  .64  .68  .69  .84  .86  .87 
 256 MNP544M   117  701                                               .72  .75  .85  .88  .89  .84  .82  .79  .89  .91  .87 
 257 MNP545M  -1598  609  .78  .81  .76  .67  .70  .64  .73  .81  .82  .84  .84  .76  .81  .82  .85  .82  .70  .83  .82  .74 
 261 MNP549M  -751  601  .69  .78  .82  .65  .59  .62  .70  .81  .87  .86  .74  .79  .81  .74  .63  .61  .70  .87  .86  .83 
 263 MNP551M  -750    6  .83  .80  .78                                                                                      
 266 MNP554M  -381   -9  .83  .80                                                                                           
 268 MNP559M   -27 1074                      .67  .59  .68  .72  .70  .71  .75  .76  .69  .65  .55  .65  .76  .81  .83  .68 
 269 MNP562M   -70 1073            .81  .79  .81  .83  .89  .93  .93  .91  .81  .78  .90  .91  .89  .83  .74  .85  .88  .91 
 270 MNP563M  -398  646  .72  .72  .66  .68  .70  .59  .69  .66  .67  .69  .59  .60  .64  .66  .52  .48  .54  .64  .55  .38 
 284 MNP583M   -71 1211            .36  .59  .54  .56  .84  .87  .88  .82  .67  .56  .42  .41  .29A .43  .73  .83  .84  .82 
 292 MNP855M  -1993  452  .66  .63  .53  .56  .59  .50  .57  .73  .78  .71  .69  .73  .72  .76  .72  .72  .68  .82  .81  .67 
 431 MSP107M   240  957                                                                        .52  .61  .62  .55  .55  .63 
 435 MSP114M   246 1207                                                                        .27A .29A .45  .72  .72  .65 
 436 MSP116M   137 1586                                                    .28A .24B .50  .49  .39  .47  .59  .46  .51  .68 
 444 MSP127M   244  859                                                                        .55  .46  .45  .72  .71  .62 
 448 MSP132M   234  935                                                                        .60  .66  .67  .57  .52  .64 
 449 MSP323A   236  908                                                                        .56  .69  .72  .77  .80  .83 
 450 MSP327M   -25  540                 .27A .45  .45  .46  .53  .67  .63  .48  .63  .77  .75  .60  .56  .72  .89  .83  .76 
 452 MSP333M  -515  899  .65  .67  .70  .70  .71  .73  .75  .75  .76  .74  .71  .75  .76  .72  .67  .63  .50  .71  .76  .75 
 453 MSP354A  -247  602  .47  .60  .60  .55  .60  .63  .76  .79  .69  .54  .62  .56  .53  .59  .49  .53  .63  .60  .65  .77 
 462 SBP025M   143 1697                                                    .67  .73  .56  .63  .56  .44  .45  .66  .70  .69 
 476 SGP006M   323 1648                                                                                            .79  .78 
 534 ZHP009M  -383 1108  .79  .88  .85  .72  .71  .82  .83  .80  .83  .88  .89  .86  .83  .82  .82  .69  .56  .86  .85  .81 
 535 ZHP010M  -866 1422  .80  .73  .66  .64  .76  .78  .76  .72  .75  .78  .59  .61  .74  .77  .73  .69  .64  .81  .84  .75 
 536 ZHP011M  -784  707  .59  .64  .55  .46  .50  .61  .72  .65  .58  .43  .48  .68  .64  .53  .37  .34  .51  .76  .64  .57 
 538 ZHP013M   -87  771       .43  .62  .54  .44  .47  .49  .62  .65  .54  .63  .70  .66  .60  .42  .47  .62  .66  .72  .75 
 539 ZHP014M    11  518                           .17B .34B .37  .41  .43  .49  .59  .55  .56  .28A .36  .73  .70  .71  .72 
 540 ZHP015M   -87  835       .33A .48  .51  .40  .38  .44  .51  .66  .68  .68  .62  .58  .71  .71  .58  .56  .69  .67  .73 
 542 ZHP017M   -12 1122                      .27B .33  .22B .40  .62  .58  .58  .68  .52  .51  .45  .43  .55  .57  .65  .68 
 543 ZHP018M  -1670 1382  .58  .60  .69  .56  .30B .48  .70  .80  .80  .70  .73  .64  .55  .61  .48  .54  .63  .71  .78  .69 
 544 ZHP019M  -191  496  .40  .51  .60  .36  .16B .34  .52  .50  .57  .51  .53  .59  .49  .47  .43  .34  .42  .67  .65  .48 
 545 ZHP020M  -927 1654  .79  .70  .61  .71  .87  .85  .83  .78  .80  .84  .77  .77  .81  .81  .80  .77  .77  .86  .85  .73 
 547 ZHP022M  -918 1382  .80  .85  .66  .54  .67  .69  .73  .81  .84  .83  .87  .83  .84  .84  .77  .76  .75  .88  .90  .83 
 550 ZHP027M  -144 1617  .52  .56  .55  .50  .49  .59  .71  .80  .74  .63  .73  .77  .71  .71  .66  .68  .66  .70  .70  .56 
 551 ZHP028M  -952 1915  .79  .82  .69  .51  .24B .37  .80  .77  .77  .78  .79  .77  .68  .72  .72  .65  .59  .86  .91  .85 
 552 ZHP029M  -826  282  .69  .73  .77  .72  .63  .67  .66  .70  .77  .67  .63  .76  .75  .73                               
 553 ZHP030M   371 1404                                                                                                 .53 
 554 ZHP033M  -743  571  .72  .72  .73  .67  .57  .63  .74  .78  .79  .70  .69  .64  .59  .62  .55  .48  .44  .74  .72  .63 
 556 ZHP039M  -284 1871  .59  .59  .62  .59  .56  .63  .60  .66  .45  .26B .72  .60  .67  .76  .49  .45  .61  .85  .85  .76 
 557 ZHP040M   128 1687                                                    .71  .79  .88  .85  .77  .76  .70  .85  .88  .87 
 558 ZHP041M     2 1479                           .79  .71  .72  .68  .60  .75  .66  .58  .68  .80  .76  .65  .82  .87  .83 
 559 ZHP044M    85  792                                          .44  .53  .61  .73  .66  .57  .42  .41  .54  .68  .70  .68 
 560 ZHP045M  -711 1748  .59  .65  .69  .62  .57  .58  .51  .56  .68  .66  .74  .76  .55  .42  .45  .60  .70  .62  .59  .65 
 574 ZHP136M  -285 1226  .66  .79  .78  .67  .63  .68  .72  .75  .85  .82  .78  .81  .81  .74  .62  .63  .60  .69  .74  .80 
 579 ZHP145M   166 2009                                                         .35  .54  .68  .70  .66  .57  .53  .61  .76 
 580 ZHP147M   101 1256                                               .57  .54  .62  .57  .53  .55  .53  .41  .65  .71  .67 
 581 ZHP148M    55 1674                                     .57  .62  .67  .63  .62  .55  .55  .67  .72  .73  .69  .70  .65 
 583 ZHP151M  -220 2009  .52  .58  .73  .65  .54  .67  .59  .65  .86  .81  .72  .71  .63  .47  .52  .54  .54  .75  .78  .77 
 Av segment correlation  .71  .73  .71  .67  .65  .64  .71  .75  .75  .71  .68  .68  .69  .69  .63  .62  .63  .75  .76  .72 

 CORRELATION OF SERIES BY SEGMENTS: chin067
-----------------------------------------------------------------------------------------------------------------------------------
 Correlations of  50-year dated segments, lagged  25 years
 Flags:  A = correlation under   .3281 but highest as dated;  B = correlation higher at other than dated position

 Seq Series  Time_span   400  425  450  475  500  525  550  575  600  625  650  675  700  725  750  775  800  825  850  875 
                         449  474  499  524  549  574  599  624  649  674  699  724  749  774  799  824  849  874  899  924 
 --- -------- ---------  ---- ---- ---- ---- ---- ---- ---- ---- ---- ---- ---- ---- ---- ---- ---- ---- ---- ---- ---- ---- 
   2 HTP002M   726 1730                                                                        .58  .60  .32B .21B .40  .61 
   5 HTP005M   839 1713                                                                                            .39  .48 
   9 HTP009M   420 1219       .39  .29A .47  .51  .40  .43  .33A .19A .25A .42  .47  .33A .09B .33B .54  .40  .38  .54  .58 
  10 HTP010M   616 1337                                               .29A .48  .48  .38  .27A .40  .60  .57  .42  .49  .60 
  11 HTP011M   838 1196                                                                                            .64  .63 
  12 HTP012M  -375  657  .61  .46  .58  .67  .60  .46  .50  .57  .37                                                        
  13 HTP013M   425 1115            .35  .27A .43  .46  .44  .33A .43  .45  .39  .44  .45  .43  .61  .68  .62  .61  .55  .59 
  14 HTP015M   609 1685                                              -.02B .45  .42  .12B .01B .23B .47  .42  .36  .36  .55 
  15 HTP017M   846 1607                                                                                            .17B .38 
  17 HTP019M  -164 1067  .31A .47  .51  .43  .53  .57  .46  .33  .09B .07B .28A .45  .64  .48  .44  .52  .50  .39  .33  .51 
  18 HTP020M   150 1404  .43  .57  .56  .44  .52  .67  .57  .43  .31A .31A .44  .41  .50  .52  .53  .48  .31B .45  .47  .56 
  19 HTP021M  -250  673  .65  .61  .47  .53  .60  .45  .53  .67  .58                                                        
  20 HTP022M   687 1452                                                              .08B .20A .38B .47  .39  .31A .31A .51 
  21 HTP023M  -215  907  .73  .59  .26A .18B .32A .43  .48  .33A .20B .28A .37  .34B .37  .38  .45  .53  .52  .55  .65      
  22 HTP025M  -222 1065  .57  .48  .41  .48  .46  .35  .23B .24B .38  .43  .43  .24B .30B .53  .48  .55  .57  .38  .29A .43 
  23 HTP026M  -230  943  .55  .53  .54  .51  .41  .53  .66  .52  .27A .34  .54  .33  .20B .02B .19B .67  .69  .55  .58  .55 
  24 HTP027M   558 1562                                    -.06B .13B .27B .34  .23B .25B .20B .31A .46  .42  .46  .47  .63 
  25 HTP028M   289 1404  .35  .23B .19B .27B .42  .47  .48  .39  .28A .37  .37  .35B .47  .46  .50  .52  .46  .41  .50  .65 
  26 HTP029M  -468  475  .54  .23A                                                                                          
  27 HTP030M   181  840  .32A .25A .30A .23A .34  .33A .32A .31A .35  .31A .33  .08B .05B .38  .48  .58                     
  28 HTP031M   101 1632  .37  .29A .37  .34  .42  .48  .30B .13B .35B .27A .52  .36  .26A .48  .63  .66  .58  .54  .53  .71 
  29 HTP032M   264 1472  .47  .42  .18B .18B .29B .13B .16B .29B .08B .11B .45  .44  .35  .12B .31A .66  .46  .17B .27A .51 
  30 HTP033M   457 1363                 .28A .49  .29B .23B .33  .10B .26B .40  .40  .35B .23B .58  .71  .55  .32A .37  .57 
  31 HTP034M   491 1239                      .31B .27B .18B .13B .17B .20B .32B .36  .42  .30A .33A .60  .60  .36  .34  .66 
  32 HTP035M   756 1526                                                                             .54  .46  .44  .44  .53 
  33 HTP038M   657 1067                                                         .43  .35  .36  .56  .71  .59  .52  .60  .69 
  36 MNP102M   789 1474                                                                                  .37  .55  .75  .58 
  37 MNP103M    71 1109  .77  .83  .83  .80  .65  .67  .65  .50B .65  .78  .73  .80  .79  .67  .72  .75  .74  .78  .69  .71 
  39 MNP106M   321 1441  .71  .74  .73  .77  .76  .79  .70  .53  .37  .55  .62  .63  .65  .59  .68  .67  .63  .65  .53  .55 
  41 MNP109M   468 1279                 .67  .56  .61  .77  .67  .68  .72  .55  .69  .78  .85  .86  .79  .73  .75  .67  .71 
  42 MNP110M   387 1296  .77  .81  .76  .74  .78  .76  .73  .58  .62  .69  .70  .76  .59  .37  .46  .52  .65  .58  .57  .65 
  52 MNP135M   728 1428                                                                        .81  .73  .52  .63  .62  .56 
  60 MNP147M  -1230 1229  .75  .79  .74  .70  .78  .86  .84  .67  .59  .73  .68  .74  .81  .76  .65  .64  .54  .59  .71  .73 
  69 MNP210M   772 1660                                                                             .69  .69  .68  .56  .46 
  78 MNP230M   869 1270                                                                                                 .54 
  80 MNP237M  -435  658  .58  .69  .85  .79  .70  .76  .82  .64  .70                                                        
  81 MNP238M  -122 1260  .78  .82  .82  .83  .81  .74  .77  .66  .53  .68  .65  .72  .73  .61  .58  .68  .73  .61  .54  .72 
  82 MNP239B   771 1323                                                                             .84  .61  .45  .53  .46 
  85 MNP242M   757 1447                                                                             .82  .73  .74  .75  .70 
  86 MNP243M   716 1327                                                                   .57  .45  .40  .62  .69  .75  .77 
  91 MNP249M   783 1164                                                                                  .74  .76  .75  .83 
  92 MNP250M   808 1801                                                                                       .67  .75  .76 
  96 MNP255M   809 1374                                                                                       .48  .62  .62 
  97 MNP261M   787 1456                                                                                  .31A .59  .67  .59 
  98 MNP262M  -1262  530  .88  .87  .84  .83                                                                                 
  99 MNP263M  -786  755  .87  .81  .74  .73  .71  .63  .65  .63  .65  .71  .65  .73  .71                                    
 103 MNP271M   688 1443                                                              .69  .53  .75  .78  .71  .65  .74  .69 
 105 MNP275M    46  946  .79  .82  .78  .76  .69  .73  .72  .54  .49  .50  .53  .65  .64  .65  .69  .78  .61  .53  .65  .62 
 110 MNP302M   852 1327                                                                                                 .57 
 113 MNP307B   636 1117                                                    .60  .78  .66  .56  .64  .62  .64  .65  .52  .65 
 115 MNP309M   744 1475                                                                        .73  .65  .49  .66  .76  .78 
 119 MNP313M    75 1835  .89  .88  .86  .84  .82  .87  .83  .76  .84  .78  .72  .80  .80  .77  .85  .88  .85  .80  .80  .76 
 120 MNP314M  -128  748  .81  .78  .76  .78  .59  .52  .53  .39  .51  .48  .46  .55                                         
 121 MNP316M  -942  469  .73                                                                                                
 122 MNP317M  -835 1333  .86  .89  .71  .67  .83  .80  .81  .71  .74  .80  .79  .80  .72  .71  .72  .67  .66  .69  .68  .70 
 123 MNP318M  -565 1063  .67  .76  .73  .71  .79  .81  .74  .51  .38  .41  .59  .64  .47  .48  .66  .70  .60  .50  .46  .67 
 126 MNP322M  -509  480  .69  .68                                                                                           
 127 MNP323A   226 1191  .83  .86  .86  .87  .88  .82  .82  .80  .66  .64  .74  .84  .80  .76  .76  .72  .62  .68  .29A .48 
 129 MNP326M   846 1266                                                                                            .53  .57 
 132 MNP332M   375 1402  .56  .47  .45  .51  .58  .71  .76  .75  .56  .54  .70  .62  .55  .59  .65  .73  .58  .55  .69  .65 
 133 MNP334M  -329 1590  .85  .81  .73  .83  .86  .74  .78  .76  .62  .67  .51  .45  .59  .66  .60  .51  .46  .62  .70  .81 
 135 MNP336M  -350  548  .80  .77  .84  .80                                                                                 
 136 MNP338M  -324  679  .85  .83  .80  .79  .77  .72  .79  .69  .62  .71                                                   
 141 MNP344M  -235 1376  .89  .78  .66  .71  .70  .68  .77  .71  .65  .67  .71  .75  .61  .56  .74  .84  .74  .71  .68  .78 
 143 MNP347M  -286  858  .72  .71  .80  .82  .65  .64  .69  .48  .12B .25B .32B .48  .66  .68  .70  .62  .52                
 144 MNP348M  -301  620  .62  .70  .80  .31B-.13B .04B .07B                                                                 
 145 MNP349M  -176 1684  .63  .63  .42  .57  .70  .62  .74  .78  .75  .77  .78  .65  .59  .68  .81  .82  .76  .64  .65  .62 
 146 MNP350A   591 1424                                          .69  .74  .70  .80  .81  .73  .77  .77  .68  .69  .73  .59 
 148 MNP352M   194 1003  .83  .82  .75  .69  .66  .81  .85  .77  .67  .64  .72  .60  .50  .66  .84  .82  .68  .60  .60  .61 
 149 MNP353M  -880  939  .70  .75  .79  .79  .75  .68  .71  .65  .71  .76  .74  .79  .81  .73  .61  .59  .65  .58  .48  .58 
 150 MNP355M   777 1095                                                                                  .63  .74  .63  .51 
 152 MNP358M   107 1088  .82  .85  .83  .80  .75  .79  .83  .76  .66  .67  .72  .64  .61  .77  .73  .73  .79  .78  .74  .79 
 153 MNP359M   783 1450                                                                                  .27A .19B .46  .67 
 154 MNP360M   802 1256                                                                                       .06B .36  .49 
 157 MNP363M  -650  701  .79  .78  .68  .71  .84  .80  .63  .55  .51  .50  .57                                              
 158 MNP364M  -173 1298  .90  .85  .79  .73  .51  .66  .87  .81  .72  .69  .42  .52  .59  .68  .77  .79  .80  .77  .66  .73 
 159 MNP365M   835 1369                                                                                            .33  .39 
 161 MNP367A  -183 1588  .80  .75  .75  .82  .84  .83  .84  .79  .68  .62  .69  .86  .91  .84  .83  .88  .83  .76  .55  .61 
 162 MNP370M  -161 1186  .82  .86  .85  .86  .79  .72  .77  .67  .59  .72  .81  .79  .60  .58  .78  .86  .83  .65  .51  .70 
 165 MNP375A     6 1674  .75  .78  .74  .80  .72  .73  .87  .69  .42  .53  .59  .70  .58  .24B .46  .61  .58  .60  .57  .70 
 167 MNP377M   153 1105  .80  .80  .65  .67  .64  .55  .68  .76  .62  .60  .74  .76  .72  .68  .70  .73  .61  .51  .62  .59 
 169 MNP380A  -385  741  .84  .86  .86  .82  .76  .81  .86  .76  .77  .75  .74  .81                                         
 172 MNP383A   190 1043  .83  .87  .86  .84  .78  .78  .84  .83  .68  .74  .62  .67  .68  .42  .54  .76  .66  .67  .62  .66 
 174 MNP385M  -256  792  .83  .88  .86  .84  .74  .73  .83  .71  .55  .46  .54  .70  .76  .80                               
 176 MNP387M   617 1838                                               .29A .66  .55  .53  .68  .79  .91  .88  .82  .67  .70 
 177 MNP388M   137  917  .86  .88  .79  .73  .84  .78  .80  .76  .58  .59  .64  .62  .63  .61  .66  .80  .77  .72  .68      
 179 MNP390M   611 1422                                               .45  .57  .38  .40  .36  .34  .71  .60  .56  .69  .66 
 180 MNP391M  -454  720  .61  .64  .68  .81  .81  .75  .76  .72  .56  .59  .74                                              
 181 MNP392M  -260 1029  .73  .70  .67  .64  .60  .61  .62  .49  .41  .45  .38  .29B .31B .59  .71  .71  .67  .58  .51  .66 
 182 MNP393M   865 1478                                                                                                 .37 
 183 MNP394M   243 1915  .76  .70  .71  .81  .81  .78  .79  .56  .51  .50  .42  .60  .49  .45  .69  .68  .60  .72  .77  .77 
 184 MNP396B   574 1087                                          .38  .62  .73  .78  .79  .61  .64  .79  .82  .73  .64  .56 
 187 MNP403M   840 1871                                                                                            .60  .75 
 188 MNP404A   -51 1048  .80  .84  .81  .85  .84  .83  .80  .59  .48  .45  .53  .68  .75  .78  .73  .72  .72  .61  .54  .65 
 189 MNP405M   -46 1333  .78  .86  .80  .74  .77  .73  .78  .80  .77  .80  .82  .87  .87  .82  .82  .89  .79  .74  .74  .77 
 190 MNP406M  -831  588  .75  .76  .78  .73  .65  .70                                                                       
 192 MNP408A  -115  977  .72  .80  .76  .77  .76  .73  .75  .54  .52  .74  .55  .65  .62  .50  .65  .71  .68  .60  .60  .54 
 194 MNP410A   718 1637                                                                   .42  .49  .54  .48  .41  .51  .38 
 205 MNP423M  -100  929  .74  .85  .80  .77  .78  .62  .62  .66  .69  .79  .64  .72  .72  .71  .83  .86  .75  .70  .69  .65 
 207 MNP426M   418 1177       .77  .82  .81  .72  .77  .77  .62  .60  .69  .66  .75  .77  .76  .80  .81  .78  .60  .56  .75 
 209 MNP432M   172 1110  .90  .88  .88  .88  .88  .89  .86  .79  .82  .82  .74  .55  .48  .57  .64  .75  .79  .79  .69  .70 
 210 MNP435M   -55  814  .86  .89  .80  .73  .68  .73  .82  .80  .64  .51  .65  .74  .74  .76  .69                          
 211 MNP436M  -1008  874  .73  .67  .67  .74  .71  .45  .45  .40  .28B .40  .56  .60  .61  .64  .68  .68  .58  .63           
 212 MNP437M  -337  529  .67  .78  .81  .82                                                                                 
 218 MNP475M   784 1318                                                                                  .07B .47  .52  .62 
 219 MNP476B   635 1318                                                    .68  .77  .78  .76  .71  .71  .76  .78  .71  .59 
 236 MNP522M   747 1163                                                                        .79  .84  .73  .71  .63  .54 
 237 MNP523M   724 1160                                                                        .37  .57  .55  .74  .66  .55 
 243 MNP529A   216  955  .65  .50  .46  .62  .54  .47  .52  .34  .22A .32A .56  .51  .41  .53  .66  .58  .45  .36  .18B .53 
 244 MNP530M   843 1350                                                                                            .27A .60 
 246 MNP532A   145 1088  .69  .65  .36B .28A .43  .68  .73  .60  .61  .69  .37  .43  .54  .60  .74  .74  .51  .53  .65  .70 
 247 MNP533M    20 1638  .81  .82  .86  .90  .87  .85  .85  .68  .60  .68  .63  .65  .43  .30A .48  .56  .65  .61  .62  .70 
 248 MNP534M   -97 1271  .80  .76  .72  .75  .76  .78  .87  .84  .55  .56  .69  .75  .70  .68  .74  .71  .66  .73  .76  .78 
 249 MNP535M   696 1174                                                              .46  .52  .76  .76  .65  .68  .69  .54 
 250 MNP536M   -35  924  .80  .78  .79  .78  .63  .65  .73  .51  .37  .42  .51  .55  .57  .66  .68  .72  .51  .47  .58  .60 
 251 MNP538A  -291 1718  .84  .88  .87  .83  .76  .67  .65  .56  .57  .74  .78  .84  .80  .77  .84  .85  .68  .69  .72  .73 
 252 MNP539M   635 1257                                                    .40  .68  .51  .53  .76  .66  .54  .72  .69  .65 
 253 MNP540M   834 1262                                                                                            .65  .68 
 254 MNP541A  -785 1437  .87  .88  .86  .81  .80  .73  .70  .66  .75  .71  .57  .70  .76  .78  .80  .82  .76  .75  .62  .49 
 256 MNP544M   117  701  .89  .91  .88  .83  .80  .84  .88  .82  .75  .74  .74                                              
 257 MNP545M  -1598  609  .81  .88  .80  .77  .76  .79  .84                                                                  
 261 MNP549M  -751  601  .87  .87  .89  .89  .82  .65  .70                                                                  
 265 MNP553M   834 1438                                                                                            .50  .49 
 268 MNP559M   -27 1074  .58  .60  .55  .59  .64  .73  .81  .69  .51  .54  .63  .52  .52  .66  .65  .73  .71  .64  .66  .69 
 269 MNP562M   -70 1073  .84  .84  .90  .89  .83  .85  .88  .81  .78  .83  .78  .75  .64  .56  .76  .83  .73  .74  .70  .73 
 270 MNP563M  -398  646  .44  .33A .37  .58  .59  .66  .64  .41                                                             
 279 MNP577M   834 1986                                                                                            .55  .48 
 280 MNP578M   827 1233                                                                                            .71  .70 
 281 MNP579M   805 1270                                                                                       .38  .59  .61 
 284 MNP583M   -71 1211  .68  .53  .64  .81  .86  .80  .80  .76  .73  .69  .73  .86  .88  .73  .73  .71  .58  .51  .51  .43 
 285 MNP584M   837 1263                                                                                            .66  .59 
 292 MNP855M  -1993  452  .72                                                                                                
 429 MSP104M   873 1446                                                                                                 .16B
 431 MSP107M   240  957  .61  .31B .12B .31B .41  .48  .50  .30B .44  .46  .53  .49  .43  .40  .54  .67  .58  .37  .38  .60 
 433 MSP111M   637 1635                                                    .32A .19B .07B .18B .55  .72  .74  .68  .52  .51 
 435 MSP114M   246 1207  .58  .51  .39  .39  .47  .57  .62  .65  .57  .53  .49  .57  .61  .62  .65  .63  .53  .25B .17B .53 
 436 MSP116M   137 1586  .49  .32A .31A .36  .55  .57  .60  .63  .51  .56  .53  .53  .47  .49  .72  .70  .51  .27A .30A .46 
 438 MSP119M   746 1441                                                                        .22B .31A .39  .56  .41  .47 
 441 MSP123M   864 1085                                                                                                 .16B
 444 MSP127M   244  859  .42B .26B .37  .32A .31A .45  .48  .37  .53  .54  .41  .37  .53  .65  .51  .48  .55                
 448 MSP132M   234  935  .68  .48  .28A .31A .42  .53  .55  .33A .36B .48  .53  .41  .39  .39  .44  .55  .49  .37  .38  .47 
 449 MSP323A   236  908  .85  .80  .81  .86  .84  .75  .71  .56  .59  .56  .69  .73  .64  .62  .58  .59  .56  .43  .37      
 450 MSP327M   -25  540  .78  .72  .72  .69                                                                                 
 452 MSP333M  -515  899  .69  .61  .68  .70  .49  .52  .71  .63  .43  .58  .67  .65  .67  .66  .58  .50  .43  .45  .56      
 453 MSP354A  -247  602  .61  .49  .30A .34  .55  .74  .75                                                                  
 454 MSP356M   785 1781                                                                                  .25A .12B .30A .44 
 461 SBP024M   601 1404                                               .31A .28A .25B .33B .42  .46  .53  .54  .49  .38  .57 
 462 SBP025M   143 1697  .64  .41  .44  .53  .43  .46  .53  .29A .31B .34B .42  .53  .53  .55  .61  .61  .60  .56  .46  .41 
 476 SGP006M   323 1648  .68  .51  .51  .64  .69  .72  .79  .75  .74  .82  .60  .61  .70  .76  .88  .87  .72  .60  .68  .81 
 477 SGP007M   574 1483                                          .60  .63  .50  .59  .50  .48  .73  .69  .55  .64  .71  .73 
 478 SGP008M   749 1686                                                                        .76  .84  .58  .22B .32A .62 
 479 SGP009M   773 1785                                                                             .73  .47  .27B .31A .56 
 480 SGP010M   580 1455                                          .59  .62  .59  .72  .71  .68  .84  .86  .72  .60  .68  .72 
 481 SGP011M   810 1970                                                                                       .52  .65  .78 
 493 SGX057B   797 2009                                                                                  .43  .54  .65  .53 
 506 ZHG008M   818 2009                                                                                       .22B .53  .66 
 509 ZHG017M   831 2009                                                                                            .33  .45 
 534 ZHP009M  -383 1108  .83  .81  .78  .73  .69  .70  .74  .76  .80  .80  .73  .73  .75  .71  .74  .77  .77  .69  .68  .73 
 535 ZHP010M  -866 1422  .79  .81  .80  .78  .80  .85  .77  .56  .58  .63  .68  .67  .65  .77  .77  .75  .54  .60  .65  .55 
 536 ZHP011M  -784  707  .64  .50  .48  .34  .39  .70  .61  .19B .14B .45  .56                                              
 537 ZHP012M   696 1595                                                              .20B .36  .44  .68  .66  .46  .47  .55 
 538 ZHP013M   -87  771  .66  .61  .55  .64  .58  .55  .70  .57  .54  .48  .51  .42  .40                                    
 539 ZHP014M    11  518  .57  .42  .19B                                                                                     
 540 ZHP015M   -87  835  .78  .72  .51  .55  .60  .61  .70  .42  .19A .30A .57  .58  .57  .49  .58  .66                     
 542 ZHP017M   -12 1122  .58  .54  .42  .46  .56  .51  .38B .25B .45  .49  .48  .49  .61  .55  .56  .70  .68  .62  .59  .65 
 543 ZHP018M  -1670 1382  .56  .46  .41  .51  .50  .45  .39  .15B .28B .30B .46  .59  .55  .32A .46  .70  .58  .29B .37  .52 
 544 ZHP019M  -191  496  .49  .51                                                                                           
 545 ZHP020M  -927 1654  .71  .77  .79  .74  .77  .82  .85  .81  .57  .43  .64  .77  .77  .79  .86  .66  .45  .43  .50  .81 
 547 ZHP022M  -918 1382  .74  .69  .79  .83  .75  .68  .59  .24B .04B .24B .57  .71  .59  .51  .77  .67  .58  .44  .46  .41 
 548 ZHP025M   731 1644                                                                        .44  .54  .44  .39  .51  .64 
 549 ZHP026M   729 1330                                                                        .68  .71  .60  .37  .43  .56 
 550 ZHP027M  -144 1617  .62  .63  .64  .69  .45  .42  .64  .37  .28A .51  .68  .67  .52  .37  .54  .54  .29A .21B .41  .71 
 551 ZHP028M  -952 1915  .77  .76  .68  .71  .77  .83  .85  .64  .52  .65  .76  .76  .74  .70  .79  .81  .64  .48  .65  .77 
 553 ZHP030M   371 1404  .54  .57  .65  .63  .62  .64  .61  .51  .66  .73  .64  .51  .48  .63  .76  .69  .65  .65  .64  .79 
 554 ZHP033M  -743  571  .66  .57  .67  .66  .52                                                                            
 556 ZHP039M  -284 1871  .77  .79  .84  .55  .40  .56  .59  .63  .58  .65  .74  .45  .25B .20B .53  .78  .65  .55  .62  .71 
 557 ZHP040M   128 1687  .82  .76  .70  .72  .74  .80  .86  .81  .64  .68  .81  .70  .62  .71  .82  .82  .75  .68  .68  .72 
 558 ZHP041M     2 1479  .79  .79  .79  .79  .65  .62  .73  .53  .54  .66  .65  .69  .63  .54  .67  .72  .56  .51  .62  .75 
 559 ZHP044M    85  792  .69  .48  .46  .64  .62  .53  .48  .32A .43  .53  .51  .43  .42  .47                               
 560 ZHP045M  -711 1748  .59  .56  .61  .59  .44  .26B .56  .56  .17B .29A .53  .48  .46  .48  .58  .67  .71  .58  .44  .55 
 574 ZHP136M  -285 1226  .76  .69  .56  .47  .59  .80  .74  .56  .63  .71  .52  .62  .68  .54  .76  .84  .73  .54  .58  .69 
 576 ZHP142M   726 1525                                                                        .38  .60  .42  .37B .54  .72 
 577 ZHP143M   825 2009                                                                                            .31A .58 
 578 ZHP144M   654 2009                                                         .19B-.01B-.05B .03B .26B .58  .43  .45  .59 
 579 ZHP145M   166 2009  .76  .66  .59  .50  .45  .53  .62  .60  .38  .33  .55  .51  .47  .49  .64  .69  .60  .68  .63  .59 
 580 ZHP147M   101 1256  .69  .66  .55  .52  .49  .56  .70  .48  .44  .38  .43  .44  .44  .48  .60  .71  .53  .42  .52  .65 
 581 ZHP148M    55 1674  .49  .42  .36  .59  .67  .63  .64  .58  .50  .38  .61  .55  .51  .51  .52  .58  .43  .28A .37  .68 
 583 ZHP151M  -220 2009  .73  .72  .69  .68  .68  .63  .68  .67  .60  .53  .51  .62  .60  .48  .67  .75  .59  .53  .66  .69 
 584 ZHP152M   809 1480                                                                                       .50  .61  .72 
 586 ZHP155M   807 1412                                                                                       .42  .62  .74 
 588 ZHP158M   714 1999                                                                   .52  .57  .62  .50  .50  .57  .63 
 592 ZHP164M   722 2009                                                                   .19B .43B .71  .60  .49  .55  .66 
 595 ZHP168M   825 2009                                                                                       .53  .59  .47 
 Av segment correlation  .71  .68  .65  .65  .64  .64  .67  .56  .51  .54  .58  .59  .55  .54  .62  .68  .60  .54  .55  .61 

 CORRELATION OF SERIES BY SEGMENTS: chin067
-----------------------------------------------------------------------------------------------------------------------------------
 Correlations of  50-year dated segments, lagged  25 years
 Flags:  A = correlation under   .3281 but highest as dated;  B = correlation higher at other than dated position

 Seq Series  Time_span   900  925  950  975 1000 1025 1050 1075 1100 1125 1150 1175 1200 1225 1250 1275 1300 1325 1350 1375 
                         949  974  999 1024 1049 1074 1099 1124 1149 1174 1199 1224 1249 1274 1299 1324 1349 1374 1399 1424 
 --- -------- ---------  ---- ---- ---- ---- ---- ---- ---- ---- ---- ---- ---- ---- ---- ---- ---- ---- ---- ---- ---- ---- 
   1 HTP001M  1204 1858                                                                   .57  .66  .69  .70  .44  .33B .60 
   2 HTP002M   726 1730  .51  .38  .43  .67  .59  .52  .60  .52  .53  .62  .59  .51  .40  .38  .41  .44  .54  .48  .44  .55 
   3 HTP003M   927 1754            .17B .29A .41  .40  .44  .40  .37  .63  .42  .30A .52  .46  .35  .10B .26B .46  .34  .10B
   4 HTP004M  1371 1822                                                                                                 .03B
   5 HTP005M   839 1713  .49  .41  .33  .50  .62  .64  .66  .69  .56  .46  .27B .17B .40  .50  .48  .33  .44  .48  .43  .58 
   6 HTP006M  1355 1997                                                                                                 .45 
   7 HTP007M   993 1309                      .68  .64  .59  .66  .56  .48  .53  .46  .40B .26B .28A                         
   8 HTP008M   939 1852            .30A .38  .51  .52  .56  .55  .57  .46  .35  .43  .65  .58  .48  .50  .51  .28B .22B .43 
   9 HTP009M   420 1219  .56  .38  .24A .52  .52  .28B .39B .56  .41  .41  .48                                              
  10 HTP010M   616 1337  .51  .27A .24A .47  .64  .70  .64  .45  .09B .32A .32A .17B .38  .23A .22A .46                     
  11 HTP011M   838 1196  .37  .15B .32B .57  .66  .63  .74  .57  .21B .27A                                                  
  13 HTP013M   425 1115  .54  .41  .54  .74  .59  .54  .63                                                                  
  14 HTP015M   609 1685  .56  .45  .50  .46  .50  .63  .69  .47  .40  .47  .46  .35  .35  .47  .45  .42  .53  .50  .44  .26A
  15 HTP017M   846 1607  .24B .30B .44  .56  .69  .58  .59  .63  .50  .50  .38  .28A .44  .45  .47  .41  .46  .58  .49  .49 
  16 HTP018M   901 1583       .38  .36B .53  .67  .58  .56  .51  .46  .37  .19B .24B .44  .41  .35  .31A .29B .35  .41  .44 
  17 HTP019M  -164 1067  .59  .56  .60  .74  .69                                                                            
  18 HTP020M   150 1404  .68  .61  .43  .25B .44  .50  .36  .30A .32B .25A .35  .40  .22B .26A .35  .33A .41  .40  .26A     
  20 HTP022M   687 1452  .50  .44  .50  .68  .79  .65  .49  .44  .41  .49  .59  .46  .51  .53  .46  .56  .67  .62  .53  .39 
  22 HTP025M  -222 1065  .40  .36  .48  .54  .50                                                                            
  24 HTP027M   558 1562  .63  .41  .30B .53  .64  .66  .69  .60  .50  .48  .39  .25B .33  .46  .47  .33  .29A .27A .24A .46 
  25 HTP028M   289 1404  .60  .53  .46  .55  .67  .60  .54  .53  .62  .42  .15B .22B .35  .23B .28A .44  .45  .30A-.05B     
  28 HTP031M   101 1632  .52  .43  .59  .54  .63  .71  .66  .53  .44  .47  .30B .29A .26A .35  .49  .41  .52  .43  .33  .47 
  29 HTP032M   264 1472  .43  .24A .16B .33A .41  .34  .41  .47  .50  .45  .30B .30A .33A .21B .20B .31A .45  .49  .34  .50 
  30 HTP033M   457 1363  .41  .41  .60  .72  .69  .53  .61  .54  .35  .42  .34  .38  .41  .41  .46  .17B .08B               
  31 HTP034M   491 1239  .66  .48  .45  .52  .62  .61  .52  .58  .52  .34  .40  .41                                         
  32 HTP035M   756 1526  .35  .25B .44  .54  .64  .53  .58  .51  .31A .43  .26B .20B .25B .19B .13B .19B .41  .53  .38  .41 
  33 HTP038M   657 1067  .57  .55  .65  .51  .58                                                                            
  35 MNP101M   896 1428  .42  .60  .67  .69  .55  .53  .64  .71  .74  .72  .81  .86  .79  .82  .85  .79  .78  .76  .80  .76 
  36 MNP102M   789 1474  .56  .66  .59  .50  .38  .52  .71  .78  .74  .72  .72  .67  .62  .45  .44  .71  .68  .52  .68  .68 
  37 MNP103M    71 1109  .76  .68  .64  .66  .69  .64  .69                                                                  
  38 MNP105M   908 1679       .73  .77  .66  .66  .61  .71  .75  .74  .79  .72  .68  .80  .79  .75  .83  .82  .71  .60  .58 
  39 MNP106M   321 1441  .63  .69  .73  .64  .63  .68  .73  .65  .58  .70  .74  .62  .46  .58  .53  .41  .57  .52  .58  .65 
  40 MNP107M  1065 1421                                     .54  .52B .71  .85  .86  .80  .82  .83  .86  .84  .71  .73      
  41 MNP109M   468 1279  .80  .77  .73  .74  .76  .77  .79  .79  .83  .80  .83  .90  .86  .83                               
  42 MNP110M   387 1296  .75  .56  .53  .62  .59  .59  .64  .70  .75  .75  .77  .80  .78  .78                               
  44 MNP115M   945 1793            .35  .58  .69  .66  .72  .79  .79  .73  .77  .80  .71  .83  .83  .69  .73  .78  .69  .67 
  45 MNP116M   917 1251       .45  .60  .64  .59  .57  .76  .78  .75  .81  .82  .82  .75                                    
  46 MNP117M   920 1344       .39  .67  .67  .66  .73  .78  .77  .80  .89  .89  .82  .79  .83  .84  .84                     
  49 MNP124M  1120 1957                                               .72  .68  .60  .73  .81  .77  .74  .71  .56  .61  .66 
  51 MNP134M   923 1174       .48  .63  .54  .54  .69  .77  .81  .78  .82                                                   
  52 MNP135M   728 1428  .73  .82  .77  .62  .67  .62  .61  .72  .77  .82  .80  .72  .79  .82  .80  .82  .73  .63  .72  .77 
  53 MNP136M   965 1451                 .57  .59  .63  .74  .80  .81  .81  .84  .83  .74  .78  .78  .72  .83  .80  .75  .73 
  54 MNP138M  1103 1443                                               .62  .81  .88  .77  .78  .84  .82  .80  .79  .86  .82 
  55 MNP140M   881 1404  .34B .73  .72  .68  .70  .72  .71  .75  .81  .79  .82  .85  .83  .81  .79  .83  .84  .79  .75      
  56 MNP142M  1095 1437                                          .72  .79  .84  .84  .80  .70  .60  .68  .79  .77  .77  .74 
  57 MNP143M  1139 1980                                                    .59  .75  .67  .73  .78  .80  .79  .56  .48  .63 
  58 MNP144M  1066 1908                                     .36  .52  .68  .66  .79  .84  .81  .72  .77  .83  .70  .81  .80 
  60 MNP147M  -1230 1229  .81  .80  .79  .60  .57  .68  .72  .78  .77  .67  .68  .76                                         
  61 MNP148M   966 1146                 .60  .65  .73  .75  .74                                                             
  62 MNP201M  1166 1405                                                         .77  .82  .84  .76  .79  .80  .69  .65      
  63 MNP202M  1141 1640                                                    .69  .79  .78  .73  .70  .80  .83  .76  .78  .76 
  64 MNP203M   940 1629            .72  .68  .66  .72  .76  .82  .84  .81  .84  .84  .87  .83  .79  .84  .86  .75  .67  .77 
  65 MNP204M  1163 1725                                                         .67  .67  .78  .78  .81  .80  .54  .61  .59 
  66 MNP206M  1127 1728                                                    .52  .68  .71  .74  .75  .86  .88  .79  .76  .76 
  67 MNP208M  1181 1631                                                              .67  .73  .70  .78  .82  .53  .56  .76 
  68 MNP209M  1163 1766                                                         .77  .76  .79  .83  .86  .83  .78  .79  .74 
  69 MNP210M   772 1660  .53  .67  .65  .45  .49  .52  .57  .66  .68  .67  .60  .70  .76  .67  .62  .74  .69  .59  .66  .65 
  70 MNP212M  1156 1437                                                         .45  .64  .73  .75  .83  .79  .67  .74  .76 
  71 MNP213B   999 1649                           .54  .69  .63  .55  .54  .67  .80  .74  .70  .66  .72  .73  .64  .71  .77 
  72 MNP216M   923 1122       .77  .77  .76  .64  .60  .68                                                                  
  73 MNP220M   964 1405                 .63  .64  .67  .70  .75  .79  .83  .85  .86  .88  .76  .75  .83  .86  .86  .73      
  74 MNP224M  1098 1994                                          .20B .43  .51  .71  .84  .82  .78  .83  .78  .60  .71  .60 
  75 MNP225M   997 1349                      .64  .60  .70  .80  .82  .84  .86  .89  .88  .78  .75  .81  .76                
  76 MNP226M  1096 1732                                          .69  .71  .68  .74  .77  .61  .60  .78  .80  .68  .76  .80 
  77 MNP228M  1104 1788                                               .79  .79  .83  .83  .76  .70  .75  .80  .69  .61  .55 
  78 MNP230M   869 1270  .58  .66  .72  .77  .62  .56  .71  .72  .62  .67  .82  .81  .77                                    
  79 MNP235M  1022 1443                           .50  .56  .73  .76  .76  .79  .84  .80  .84  .77  .43  .47  .71  .56  .66 
  81 MNP238M  -122 1260  .86  .74  .70  .73  .67  .67  .73  .71  .70  .72  .74  .77  .75                                    
  82 MNP239B   771 1323  .56  .68  .68  .57  .53  .58  .72  .75  .75  .77  .78  .81  .83  .73  .69                          
  84 MNP241M  1179 1652                                                              .77  .87  .91  .90  .88  .79  .77  .80 
  85 MNP242M   757 1447  .70  .77  .78  .74  .59  .55  .73  .72  .76  .81  .63  .59  .70  .76  .84  .88  .84  .68  .69  .60 
  86 MNP243M   716 1327  .82  .71  .66  .78  .78  .64  .63  .67  .72  .75  .76  .70  .62  .72  .70  .73                     
  88 MNP245M  1118 1625                                               .75  .78  .85  .85  .87  .90  .87  .84  .77  .83  .88 
  89 MNP246M  1122 1624                                               .65  .73  .83  .85  .88  .89  .89  .88  .68  .65  .80 
  90 MNP248M  1100 1689                                               .63  .76  .80  .86  .94  .92  .88  .90  .90  .84  .87 
  91 MNP249M   783 1164  .82  .77  .79  .81  .76  .79  .83  .83  .83                                                        
  92 MNP250M   808 1801  .80  .82  .78  .74  .75  .83  .78  .75  .77  .71  .74  .79  .85  .75  .65  .75  .82  .82  .83  .87 
  93 MNP251M  1074 1445                                     .42  .46  .70  .80  .88  .85  .82  .78  .83  .87  .83  .84  .87 
  96 MNP255M   809 1374  .73  .87  .88  .81  .77  .80  .84  .76  .74  .85  .88  .88  .86  .84  .81  .82  .81  .66           
  97 MNP261M   787 1456  .72  .79  .73  .72  .73  .67  .74  .86  .82  .83  .86  .88  .81  .77  .79  .81  .85  .81  .75  .74 
 102 MNP270M   913 1474       .69  .72  .79  .81  .81  .80  .73  .65  .60  .63  .84  .89  .85  .82  .87  .89  .74  .65  .80 
 103 MNP271M   688 1443  .67  .79  .81  .76  .72  .70  .77  .72  .66  .78  .72  .69  .74  .78  .80  .80  .71  .33B .26A .61 
 104 MNP274M  1067 1443                                     .43  .53B .72  .83  .88  .80  .80  .85  .89  .87  .68  .68  .73 
 107 MNP277M  1169 1664                                                         .64  .69  .86  .88  .83  .81  .75  .76  .62 
 108 MNP278M  1092 1635                                          .74  .73  .77  .86  .82  .79  .84  .81  .78  .73  .68  .66 
 109 MNP280M   930 1151            .72  .74  .65  .63  .75  .49  .22B                                                       
 110 MNP302M   852 1327  .53  .62  .70  .76  .79  .77  .83  .88  .89  .89  .87  .85  .83  .80  .80  .76                     
 112 MNP306M  1150 1985                                                         .84  .81  .82  .83  .85  .86  .83  .75  .71 
 113 MNP307B   636 1117  .79  .71  .72  .79  .68  .55  .62                                                                  
 114 MNP308M  1178 1458                                                              .68  .82  .78  .85  .86  .77  .65  .64 
 115 MNP309M   744 1475  .83  .82  .77  .75  .77  .72  .67  .71  .79  .83  .84  .77  .73  .85  .91  .89  .87  .71  .71  .77 
 116 MNP310A  1199 1784                                                              .71  .78  .76  .81  .80  .69  .74  .69 
 119 MNP313M    75 1835  .69  .73  .76  .75  .64  .62  .77  .78  .63  .67  .72  .71  .71  .71  .67  .67  .75  .65  .68  .72 
 122 MNP317M  -835 1333  .73  .79  .80  .74  .74  .71  .62  .70  .78  .68  .69  .74  .67  .73  .77  .82                     
 123 MNP318M  -565 1063  .80  .73  .55  .49  .53                                                                            
 125 MNP321M  1099 1696                                               .67  .79  .78  .75  .81  .74  .76  .85  .65  .61  .72 
 127 MNP323A   226 1191  .75  .72  .74  .74  .71  .64  .66  .69  .68  .67                                                   
 129 MNP326M   846 1266  .55  .61  .64  .61  .69  .77  .79  .81  .79  .80  .71  .67  .67                                    
 130 MNP329M   950 1574                 .40  .53  .63  .74  .75  .74  .77  .70  .68  .64  .70  .75  .64  .59  .47  .56  .66 
 132 MNP332M   375 1402  .71  .81  .73  .56  .57  .69  .71  .69  .72  .67  .67  .72  .72  .75  .80  .77  .62  .42  .39      
 133 MNP334M  -329 1590  .84  .86  .84  .79  .75  .61  .69  .78  .81  .87  .82  .68  .74  .82  .80  .70  .63  .53  .55  .66 
 134 MNP335M   881 1611  .43  .45  .49  .75  .81  .84  .90  .87  .85  .85  .86  .89  .88  .86  .81  .83  .86  .79  .77  .82 
 137 MNP339M  1161 1869                                                         .81  .75  .71  .81  .89  .87  .73  .80  .84 
 139 MNP341M  1182 1447                                                              .50  .73  .73  .71  .75  .65  .53  .68 
 140 MNP343M  1192 1714                                                              .52  .75  .72  .70  .72  .68  .64  .70 
 141 MNP344M  -235 1376  .86  .78  .74  .79  .80  .79  .78  .74  .75  .74  .72  .87  .84  .79  .75  .80  .83  .73           
 142 MNP345M   900 1711       .70  .78  .70  .68  .61  .70  .84  .87  .86  .82  .83  .87  .86  .82  .72  .75  .76  .76  .80 
 145 MNP349M  -176 1684  .59  .71  .78  .77  .61  .53  .69  .83  .86  .67  .67  .81  .82  .81  .79  .85  .88  .85  .83  .81 
 146 MNP350A   591 1424  .67  .71  .65  .36  .34  .67  .69  .75  .86  .72  .70  .86  .87  .86  .89  .81  .70  .61  .67  .77 
 148 MNP352M   194 1003  .72  .82  .78                                                                                      
 150 MNP355M   777 1095  .37  .26B .35  .70  .73  .57                                                                       
 152 MNP358M   107 1088  .85  .80  .69  .67  .75  .78                                                                       
 153 MNP359M   783 1450  .64  .50  .40  .57  .71  .63  .61  .59  .57  .56  .51  .56  .64  .52  .40  .39  .41  .45  .38  .44 
 154 MNP360M   802 1256  .48  .52  .53  .52  .51  .50  .65  .56  .41  .41  .45  .63  .61                                    
 155 MNP361M   899 1269  .24A .33  .46  .57  .69  .61  .60  .50  .54  .48  .38  .37  .34                                    
 156 MNP362M   911 1670       .49  .68  .74  .82  .70  .66  .58  .53  .63  .45  .51  .71  .65  .57  .63  .67  .63  .46  .56 
 158 MNP364M  -173 1298  .84  .76  .72  .79  .72  .67  .76  .73  .60  .66  .74  .76  .74  .73                               
 159 MNP365M   835 1369  .44  .55  .53  .67  .78  .56  .70  .77  .67  .62  .66  .68  .66  .77  .63  .47  .41                
 161 MNP367A  -183 1588  .77  .79  .74  .70  .73  .66  .67  .69  .78  .86  .83  .87  .84  .79  .73  .66  .65  .42  .24A .29A
 162 MNP370M  -161 1186  .75  .75  .86  .77  .77  .81  .79  .77  .71  .71                                                   
 165 MNP375A     6 1674  .86  .79  .73  .73  .70  .59  .60  .67  .57  .62  .78  .74  .75  .81  .76  .73  .73  .69  .71  .71 
 167 MNP377M   153 1105  .67  .73  .57  .63  .74  .63  .53                                                                  
 170 MNP381M  1144 1624                                                    .74  .82  .83  .86  .84  .86  .86  .74  .80  .79 
 171 MNP382M  1126 1936                                                    .24A .50  .48  .55  .68  .77  .64  .52  .65  .70 
 172 MNP383A   190 1043  .80  .79  .78  .75                                                                                 
 176 MNP387M   617 1838  .82  .80  .81  .79  .77  .71  .71  .78  .83  .84  .84  .85  .87  .87  .85  .85  .86  .77  .74  .85 
 178 MNP389M  1029 1467                                .67  .80  .82  .83  .78  .76  .81  .91  .86  .76  .71  .63  .76  .78 
 179 MNP390M   611 1422  .65  .77  .72  .52  .62  .74  .74  .67  .68  .72  .67  .76  .83  .86  .75  .65  .73  .66  .73      
 181 MNP392M  -260 1029  .77  .73  .50  .35                                                                                 
 182 MNP393M   865 1478  .48  .68  .66  .68  .65  .69  .80  .83  .78  .78  .81  .71  .76  .91  .82  .80  .85  .76  .62  .64 
 183 MNP394M   243 1915  .72  .69  .72  .72  .69  .67  .76  .77  .80  .78  .78  .82  .82  .80  .68  .64  .75  .67  .61  .68 
 184 MNP396B   574 1087  .55  .56  .61  .69  .56  .49                                                                       
 187 MNP403M   840 1871  .75  .77  .77  .80  .82  .76  .69  .75  .81  .82  .84  .84  .82  .82  .81  .81  .82  .72  .67  .74 
 188 MNP404A   -51 1048  .61  .68  .74  .60                                                                                 
 189 MNP405M   -46 1333  .80  .70  .65  .77  .76  .55  .52  .42  .39  .64  .64  .70  .71  .71  .77  .73                     
 192 MNP408A  -115  977  .63  .66                                                                                           
 194 MNP410A   718 1637  .48  .57  .29A .20B .46  .50  .47  .56  .55  .52  .52  .56  .48  .40  .43  .43  .57  .55  .39B .39 
 195 MNP411M   930 1998            .50  .29A .09B .40  .61  .51  .51  .31A .26A .40  .26B .37  .60  .67  .65  .51  .39  .51 
 196 MNP412B  1335 1526                                                                                            .73  .72 
 199 MNP415M  1135 1775                                                    .81  .84  .82  .78  .81  .86  .82  .71  .74  .82 
 201 MNP417M   970 1235                 .54  .58  .58  .69  .78  .81  .82  .83  .81                                         
 202 MNP419M  1242 1839                                                                        .78  .83  .86  .70  .61  .49 
 204 MNP422M  1046 1479                                .50  .69  .70  .79  .83  .82  .83  .86  .86  .79  .76  .77  .80  .73 
 206 MNP425M  1028 1672                                .36  .75  .82  .80  .85  .88  .85  .88  .88  .89  .88  .77  .69  .61 
 207 MNP426M   418 1177  .80  .74  .73  .80  .77  .75  .73  .69  .72  .81                                                   
 209 MNP432M   172 1110  .83  .91  .90  .76  .66  .79  .84                                                                  
 214 MNP441M  1127 1420                                                    .73  .83  .78  .83  .80  .85  .80  .64  .68      
 218 MNP475M   784 1318  .74  .69  .55  .38  .45  .54  .69  .74  .53  .49  .44  .39  .47  .52  .60                          
 219 MNP476B   635 1318  .71  .76  .69  .72  .75  .77  .79  .82  .85  .85  .85  .84  .87  .85  .82                          
 228 MNP511M  1134 1477                                                    .78  .83  .80  .80  .82  .90  .84  .64  .69  .73 
 229 MNP512A  1079 1787                                          .30A .59  .68  .43  .38  .33  .23B .43  .55  .51  .52  .57 
 230 MNP513M  1201 1797                                                                   .81  .82  .83  .82  .72  .68  .73 
 231 MNP514M  1148 1477                                                    .76  .77  .67  .68  .72  .80  .84  .76  .73  .75 
 232 MNP515M  1206 1773                                                                   .76  .75  .79  .80  .65  .55  .60 
 233 MNP516M  1212 1809                                                                   .74  .73  .77  .78  .70  .54  .54 
 234 MNP517M  1150 1668                                                         .58  .68  .69  .67  .71  .76  .62  .61  .51 
 235 MNP520M  1195 1653                                                              .31A .55  .64  .71  .80  .72  .60  .68 
 236 MNP522M   747 1163  .67  .75  .76  .66  .59  .67  .74  .71  .73                                                        
 237 MNP523M   724 1160  .66  .74  .72  .66  .64  .67  .65  .72  .79                                                        
 238 MNP524A   945 1382            .66  .60  .43  .47  .58  .66  .72  .64  .67  .73  .68  .80  .83  .80  .80  .71           
 239 MNP525M   937 1110            .52  .54  .69  .73  .75                                                                  
 240 MNP526M  1117 1406                                               .61  .62  .72  .73  .87  .84  .80  .77  .71  .74      
 243 MNP529A   216  955  .70                                                                                                
 244 MNP530M   843 1350  .56  .62  .68  .71  .61  .58  .69  .62  .41  .26B .41  .65  .65  .78  .76  .72  .72                
 246 MNP532A   145 1088  .76  .70  .67  .74  .70  .71                                                                       
 247 MNP533M    20 1638  .76  .74  .60  .41  .38  .60  .72  .63  .54  .61  .61  .55  .64  .72  .72  .70  .67  .60  .53  .64 
 248 MNP534M   -97 1271  .84  .80  .76  .79  .70  .69  .72  .67  .72  .84  .86  .82  .81                                    
 249 MNP535M   696 1174  .69  .83  .73  .70  .74  .73  .70  .69  .62  .65                                                   
 251 MNP538A  -291 1718  .86  .77  .74  .67  .63  .74  .79  .74  .72  .74  .76  .66  .66  .87  .87  .86  .89  .81  .77  .76 
 252 MNP539M   635 1257  .65  .54  .42  .60  .54  .59  .59  .64  .68  .69  .80  .77  .65                                    
 253 MNP540M   834 1262  .76  .80  .75  .79  .80  .70  .65  .69  .74  .59  .66  .72  .66                                    
 254 MNP541A  -785 1437  .69  .78  .77  .73  .74  .81  .84  .86  .84  .83  .86  .84  .79  .79  .74  .76  .77  .53  .55  .65 
 260 MNP548M   903 1714       .32A .27B .49  .59  .64  .62  .69  .72  .69  .75  .82  .79  .83  .81  .84  .87  .68  .72  .56 
 262 MNP550A  1169 1884                                                         .63  .66  .76  .72  .66  .69  .66  .42  .44 
 264 MNP552M  1084 1529                                          .44  .77  .77  .70  .51  .54  .66  .71  .69  .45  .62  .78 
 265 MNP553M   834 1438  .66  .85  .85  .63  .60  .75  .82  .84  .84  .87  .84  .61  .61  .78  .69  .75  .80  .58  .53  .64 
 268 MNP559M   -27 1074  .72  .75  .72  .74  .73  .64                                                                       
 269 MNP562M   -70 1073  .76  .72  .75  .74  .64                                                                            
 271 MNP564M  1167 1809                                                         .47  .61  .67  .70  .77  .79  .62  .35  .40 
 272 MNP565M  1152 1564                                                         .62  .81  .80  .69  .74  .78  .63  .39  .47 
 273 MNP566M  1071 1585                                     .35  .51  .69  .76  .80  .84  .79  .80  .86  .90  .78  .59  .68 
 275 MNP568M   984 1578                      .42  .67  .70  .65  .58  .60  .50  .50  .62  .61  .62  .78  .78  .60  .50  .61 
 276 MNP569M  1275 1786                                                                                  .78  .53  .20B .36 
 277 MNP570M  1146 1869                                                    .53  .63  .69  .75  .74  .71  .75  .56  .54  .70 
 278 MNP574M  1064 1951                                     .14B .40  .62  .69  .73  .75  .73  .73  .81  .78  .45  .35  .47 
 279 MNP577M   834 1986  .49  .54  .57  .55  .50  .39  .52  .77  .81  .83  .87  .80  .82  .88  .79  .74  .78  .66  .60  .69 
 280 MNP578M   827 1233  .71  .69  .69  .63  .53  .60  .73  .82  .80  .76  .75  .70                                         
 281 MNP579M   805 1270  .61  .64  .67  .64  .52  .56  .75  .70  .57  .63  .66  .65  .71                                    
 282 MNP581M  1078 1548                                          .57  .76  .72  .64  .62  .57  .43  .18B .29B .31A .38  .48 
 283 MNP582M  1078 1594                                          .54  .70  .77  .71  .75  .74  .72  .86  .90  .82  .85  .74 
 284 MNP583M   -71 1211  .57  .71  .58  .56  .49  .23B .50  .73  .61  .54  .50                                              
 285 MNP584M   837 1263  .68  .83  .82  .75  .71  .70  .77  .78  .82  .84  .83  .86  .87                                    
 287 MNP587M  1124 1828                                                    .80  .82  .79  .82  .80  .80  .83  .78  .70  .66 
 288 MNP671M  1239 1955                                                                        .44  .29B .44  .32A .39  .54 
 289 MNP672M  1096 1622                                          .49  .60  .53  .56  .76  .82  .77  .79  .77  .62  .50  .57 
 290 MNP673A  1106 1575                                               .51  .50  .66  .73  .85  .81  .80  .82  .70  .63  .62 
 297 MNT207A  1342 1686                                                                                            .40  .50 
 299 MNT211B  1290 1641                                                                                  .82  .64  .75  .78 
 300 MNT232M  1185 1695                                                              .69  .78  .78  .80  .82  .68  .72  .79 
 301 MNT233B  1234 1884                                                                        .86  .77  .70  .60  .77  .83 
 302 MNT245B  1251 1649                                                                             .80  .78  .74  .76  .76 
 306 MNT254A  1220 2010                                                                   .74  .65  .69  .76  .76  .68  .70 
 307 MNT255B  1159 1589                                                         .87  .91  .95  .91  .89  .89  .60  .55  .77 
 308 MNT258B  1194 1729                                                              .76  .80  .78  .83  .89  .83  .88  .83 
 311 MNT262M  1163 1784                                                         .81  .83  .90  .88  .88  .86  .78  .80  .81 
 312 MNT263M  1274 1749                                                                                  .78  .71  .78  .80 
 314 MNT266M  1169 2010                                                         .82  .86  .85  .84  .88  .84  .69  .72  .81 
 322 MNT274A  1342 1917                                                                                            .68  .82 
 323 MNT276A  1318 1956                                                                                       .70  .77  .83 
 324 MNT277A  1266 1687                                                                             .50  .63  .58  .66  .69 
 325 MNT278M  1217 1910                                                                   .66  .79  .83  .91  .87  .83  .78 
 326 MNT280M  1259 1869                                                                             .90  .93  .90  .79  .82 
 328 MNT283M  1312 1687                                                                                       .79  .76  .81 
 331 MNT290M  1239 1504                                                                        .70  .76  .79  .72  .60  .60 
 333 MNT300A  1280 1946                                                                                  .87  .77  .63  .63 
 339 MNT514B  1337 1624                                                                                            .67  .82 
 341 MNT527M  1009 1451                           .78  .81  .84  .87  .86  .89  .91  .85  .85  .84  .88  .88  .72  .79  .80 
 345 MNT538M  1261 1624                                                                             .82  .77  .45  .23A .52 
 348 MNT546M  1279 1615                                                                                  .64  .62  .62  .67 
 352 MNT555M  1233 1871                                                                        .80  .79  .70  .62  .75  .78 
 353 MNT556A  1320 2011                                                                                       .60  .58  .73 
 354 MNT558M  1086 1711                                          .51  .79  .83  .86  .84  .86  .83  .78  .82  .57  .47  .55 
 356 MNT561A  1248 1982                                                                             .58  .53  .39  .21B .34 
 367 MNT577M  1202 1640                                                                   .74  .80  .81  .80  .66  .71  .74 
 371 MNT583M  1332 2011                                                                                            .53  .59 
 373 MNT585M  1372 2011                                                                                                 .42 
 375 MNT589M  1310 2011                                                                                       .75  .78  .76 
 377 MNT593M  1168 1572                                                         .81  .82  .82  .72  .71  .76  .49  .40  .57 
 394 MNT613M  1192 1363                                                              .47  .74  .65  .75  .77                
 397 MNT620M  1233 1886                                                                        .77  .73  .71  .67  .62  .59 
 411 MNT653A  1007 1377                           .55  .42  .50  .63  .52  .54  .73  .73  .69  .66  .72  .74  .66           
 415 MNT675M  1236 1641                                                                        .85  .82  .84  .54  .59  .80 
 417 MNT687M  1248 1690                                                                        .79  .83  .80  .70  .84  .87 
 418 MNT695M  1234 1640                                                                        .86  .91  .93  .81  .71  .80 
 419 MNT700M  1167 1594                                                         .89  .86  .86  .84  .79  .83  .85  .83  .85 
 422 MNT710M  1158 1910                                                         .80  .74  .77  .75  .78  .84  .80  .77  .75 
 423 MNT712A  1293 1635                                                                                  .80  .68  .64  .63 
 426 MNT717B  1282 2011                                                                                  .67  .62  .62  .53 
 428 MSP103M   892 1449  .42  .60  .62  .63  .64  .64  .61  .48  .44  .60  .60  .66  .72  .62  .61  .60  .64  .73  .65  .74 
 429 MSP104M   873 1446  .41  .70  .66  .40  .50  .68  .76  .76  .66  .72  .67  .65  .74  .75  .77  .76  .73  .66  .70  .72 
 430 MSP105M   926 1341            .30A .46  .55  .43  .49  .39  .25B .35  .30A .30A .45  .49  .44  .48                     
 431 MSP107M   240  957  .54                                                                                                
 432 MSP108M   953 1335                 .42  .42  .56  .72  .69  .60  .71  .70  .70  .73  .66  .66  .58                     
 433 MSP111M   637 1635  .69  .66  .52  .52  .66  .69  .66  .73  .73  .66  .56  .54  .71  .67  .63  .72  .70  .55  .59  .67 
 435 MSP114M   246 1207  .75  .70  .54  .53  .57  .67  .69  .62  .60  .68  .64                                              
 436 MSP116M   137 1586  .54  .65  .62  .68  .63  .52  .68  .74  .60  .59  .54  .53  .69  .80  .75  .46  .45  .50  .49  .60 
 437 MSP118M  1180 1806                                                              .52  .73  .79  .67  .72  .73  .66  .80 
 438 MSP119M   746 1441  .69  .67  .61  .63  .63  .56  .44  .41  .54  .69  .67  .70  .72  .70  .67  .68  .62  .33  .35  .54 
 439 MSP120M  1099 1986                                               .35  .21B .23B .24B .20B .32A .31A .39  .46  .49  .73 
 440 MSP122M  1103 1367                                               .49  .63  .62  .60  .53  .51  .54  .56                
 441 MSP123M   864 1085  .39  .60  .59  .44  .20B .16B                                                                      
 442 MSP124M  1113 1423                                               .37  .53  .48  .40  .33B .55  .57  .64  .76  .67      
 443 MSP125M  1093 1493                                          .20A .40  .50  .60  .69  .64  .61  .64  .60  .46  .56  .71 
 445 MSP128M  1223 1757                                                                        .72  .66  .69  .57  .54  .62 
 446 MSP129A  1197 1844                                                              .27B .48  .53  .55  .64  .59  .58  .68 
 447 MSP130M  1155 1709                                                         .55  .61  .59  .49  .43  .51  .54  .49  .63 
 451 MSP330M  1053 1433                                     .47  .56  .72  .67  .72  .71  .69  .67  .75  .76  .67  .77  .68 
 454 MSP356M   785 1781  .46  .61  .68  .66  .71  .72  .69  .63  .54  .53  .38  .40  .65  .72  .67  .32A .35B .53  .64  .67 
 455 SBP013M  1255 2009                                                                             .63  .71  .51  .49  .70 
 456 SBP015M  1146 2009                                                    .32B .34  .52  .58  .52  .47  .47  .46  .57  .68 
 457 SBP016M  1246 2009                                                                        .09B .08B .43  .66  .55  .62 
 458 SBP017M  1036 1727                                .20B .42  .45  .47  .48  .57  .71  .75  .59  .57  .68  .68  .65  .83 
 459 SBP020A  1178 1955                                                              .62  .64  .69  .69  .66  .42  .46  .73 
 460 SBP022M  1215 2009                                                                   .13B .08B .33  .57  .58  .41  .58 
 461 SBP024M   601 1404  .63  .44  .37  .61  .71  .65  .64  .55  .52  .65  .56  .38  .34  .33  .42  .38  .43  .56  .42      
 462 SBP025M   143 1697  .40  .57  .61  .52  .51  .68  .67  .55  .57  .59  .40  .30A .31A .48  .40  .29A .48  .46  .52  .71 
 463 SBP029M  1161 1635                                                         .15B .45  .60  .62  .50  .48  .41  .48  .70 
 464 SBP033M  1079 2009                                          .47  .44  .43  .48  .50  .55  .64  .44  .36  .29B .27B .44 
 465 SBP035M  1110 2009                                               .40B .55  .58  .62  .64  .55  .54  .68  .68  .53  .61 
 466 SBP036M   957 2009                 .51  .67  .77  .80  .65  .50  .53  .39  .39  .65  .65  .46  .30B .42  .41  .40  .58 
 467 SBP037M  1326 2009                                                                                            .53  .62 
 469 SBP039M  1268 2009                                                                             .58  .67  .40  .39  .63 
 470 SBP041M   952 2009                 .38  .38  .54  .73  .79  .81  .85  .83  .79  .84  .84  .83  .86  .80  .61  .69  .83 
 472 SBP043M  1172 2009                                                         .60  .71  .81  .84  .80  .75  .56  .68  .80 
 473 SBP049M  1209 2009                                                                   .83  .81  .72  .69  .57  .68  .81 
 474 SBP051M  1165 2009                                                         .46  .74  .79  .80  .72  .67  .69  .83  .87 
 475 SBP052A   986 1898                      .58  .59  .70  .82  .72  .73  .79  .78  .80  .76  .75  .82  .84  .76  .80  .84 
 476 SGP006M   323 1648  .84  .78  .74  .66  .66  .81  .87  .86  .82  .62  .62  .65  .65  .81  .75  .74  .75  .69  .61  .60 
 477 SGP007M   574 1483  .54  .49  .63  .55  .47  .70  .67  .64  .75  .70  .70  .68  .56  .63  .73  .76  .65  .57  .33  .34 
 478 SGP008M   749 1686  .62  .67  .76  .74  .62  .59  .69  .74  .68  .58  .65  .74  .70  .66  .66  .78  .83  .75  .60  .64 
 479 SGP009M   773 1785  .68  .61  .61  .62  .59  .61  .68  .70  .67  .74  .72  .66  .70  .80  .81  .80  .78  .68  .63  .61 
 480 SGP010M   580 1455  .67  .66  .72  .74  .74  .81  .78  .84  .84  .80  .80  .65  .57  .78  .84  .78  .80  .79  .72  .65 
 481 SGP011M   810 1970  .80  .71  .63  .64  .64  .74  .80  .79  .78  .79  .75  .71  .72  .81  .80  .79  .78  .67  .58  .57 
 482 SGX002M  1244 1764                                                                        .68  .73  .72  .64  .43  .46 
 483 SGX003A  1035 2009                                .51  .53  .49  .58  .71  .73  .65  .72  .72  .71  .70  .59  .56  .62 
 484 SGX004M  1240 2009                                                                        .67  .75  .74  .69  .66  .69 
 485 SGX010M  1042 1716                                .77  .70  .70  .75  .76  .78  .75  .56  .59  .77  .84  .72  .66  .75 
 486 SGX012M  1275 2009                                                                                  .64  .60  .57  .45 
 487 SGX014M  1223 2009                                                                   .69  .69  .67  .76  .67  .63  .69 
 488 SGX018M   964 2009                 .51  .49  .52  .69  .76  .73  .68  .66  .75  .74  .78  .68  .59  .67  .58  .50  .54 
 489 SGX024A  1171 2009                                                         .63  .72  .69  .71  .70  .69  .73  .64  .70 
 490 SGX025M  1053 2009                                     .86  .78  .70  .71  .80  .72  .74  .69  .60  .70  .69  .46  .57 
 491 SGX028M  1029 2009                                .62  .50  .63  .76  .77  .58  .49  .66  .69  .74  .76  .71  .62  .62 
 492 SGX048M  1260 2009                                                                             .62  .60  .59  .59  .62 
 493 SGX057B   797 2009  .37  .47  .53  .60  .54  .59  .69  .72  .69  .34  .16B .41  .47  .47  .57  .56  .49  .31A .29A .55 
 494 SGX075M   981 1452                      .58  .56  .63  .70  .68  .69  .66  .71  .74  .77  .80  .77  .75  .67  .54  .53 
 495 YMP101M  1203 1771                                                                   .74  .78  .86  .91  .80  .76  .78 
 496 YMP102M  1114 1652                                               .76  .79  .81  .84  .88  .85  .81  .86  .72  .61  .73 
 497 YMP104M  1095 1958                                          .38  .53  .40  .20A .52  .71  .58  .63  .77  .62  .51  .56 
 498 YMP105M  1121 1974                                               .59  .49  .50  .65  .60  .51  .75  .85  .65  .55  .70 
 505 ZHG004M   876 2009 -.03B-.01B .15B .53  .69  .76  .73  .68  .74  .85  .81  .79  .88  .88  .85  .81  .82  .76  .75  .83 
 506 ZHG008M   818 2009  .68  .72  .73  .72  .70  .67  .76  .75  .72  .74  .60  .63  .71  .67  .69  .66  .68  .61  .49  .62 
 507 ZHG011A  1063 2009                                     .70  .73  .78  .79  .72  .68  .71  .66  .70  .75  .63  .68  .69 
 508 ZHG012M  1233 2009                                                                        .18B .14B .20B .26A .19B .43 
 509 ZHG017M   831 2009  .50  .31B .24B .48  .59  .63  .64  .63  .66  .66  .44  .47  .60  .65  .55  .32A .60  .69  .46  .53 
 510 ZHG018M   943 2009           -.06B .42  .53  .58  .69  .81  .84  .83  .82  .82  .85  .86  .81  .78  .77  .70  .74  .77 
 511 ZHG020M   988 2009                      .59  .40  .39  .58  .58  .74  .78  .79  .78  .81  .78  .79  .82  .68  .65  .77 
 512 ZHG022M  1013 2009                           .58  .66  .69  .75  .70  .67  .73  .80  .85  .82  .76  .78  .73  .72  .76 
 513 ZHG024M  1296 2009                                                                                  .68  .67  .58  .66 
 514 ZHG025M  1119 1672                                               .62  .70  .38  .43  .80  .76  .65  .64  .69  .71  .75 
 516 ZHG029M  1001 2009                           .33  .61  .70  .60  .55  .58  .67  .69  .55  .39  .28A .41  .44  .38  .56 
 518 ZHG039A  1339 1799                                                                                            .51  .60 
 519 ZHG041M  1157 1944                                                         .56  .63  .79  .85  .81  .65  .44  .70  .85 
 520 ZHG042M  1085 2009                                          .75  .70  .67  .73  .75  .80  .73  .67  .82  .74  .62  .61 
 521 ZHG044M  1171 1676                                                         .45  .71  .84  .82  .80  .76  .63  .76  .86 
 522 ZHG045M  1306 1808                                                                                       .44  .63  .66 
 523 ZHG046M  1151 1880                                                         .72  .79  .87  .82  .82  .81  .67  .68  .77 
 524 ZHG048M  1242 2009                                                                        .79  .75  .66  .35  .58  .72 
 525 ZHG050A  1204 1421                                                                   .80  .77  .79  .77  .62  .71      
 526 ZHG052M  1274 1996                                                                                  .77  .69  .79  .78 
 527 ZHG053A  1310 1919                                                                                       .71  .71  .74 
 529 ZHG055M  1280 2009                                                                                  .71  .54  .66  .80 
 530 ZHG057A  1341 2009                                                                                            .39  .46 
 533 ZHP004M  1012 1720                           .60  .73  .72  .64  .59  .57  .57  .62  .67  .57  .48  .50  .50  .51  .50 
 534 ZHP009M  -383 1108  .75  .65  .63  .70  .82  .78  .65                                                                  
 535 ZHP010M  -866 1422  .68  .82  .78  .69  .76  .74  .71  .69  .56  .41  .45  .64  .66  .55  .59  .74  .71  .58  .47      
 537 ZHP012M   696 1595  .53  .57  .53  .68  .76  .70  .76  .68  .51  .59  .54  .48  .52  .67  .70  .60  .60  .56  .57  .53 
 541 ZHP016M   969 1584                 .60  .61  .62  .67  .66  .55  .61  .41  .33B .51  .58  .38  .22B .42  .41  .36  .57 
 542 ZHP017M   -12 1122  .70  .72  .68  .77  .77  .76  .72                                                                  
 543 ZHP018M  -1670 1382  .48  .48  .55  .59  .62  .68  .72  .65  .60  .63  .51  .54  .65  .60  .31A .13B .39  .43           
 545 ZHP020M  -927 1654  .81  .77  .75  .66  .65  .59  .56  .65  .63  .59  .66  .68  .73  .75  .56  .49  .65  .61  .45  .58 
 547 ZHP022M  -918 1382  .41  .65  .60  .56  .51  .56  .60  .65  .73  .43  .34  .49  .40  .46  .55  .64  .66  .65           
 548 ZHP025M   731 1644  .71  .77  .72  .54  .74  .87  .85  .86  .85  .75  .69  .75  .83  .79  .76  .75  .70  .53  .29B .43 
 549 ZHP026M   729 1330  .62  .59  .45  .50  .62  .75  .71  .64  .45  .28B .42  .45  .52  .61  .19B .31A                    
 550 ZHP027M  -144 1617  .75  .74  .75  .69  .59  .59  .75  .71  .70  .81  .76  .74  .78  .80  .68  .51  .57  .52  .51  .58 
 551 ZHP028M  -952 1915  .77  .83  .78  .72  .73  .75  .75  .76  .71  .71  .73  .68  .68  .81  .80  .77  .75  .61  .72  .80 
 553 ZHP030M   371 1404  .79  .75  .71  .69  .57  .61  .72  .68  .70  .75  .74  .70  .72  .77  .77  .69  .60  .58  .46      
 555 ZHP038M   884 1842  .45  .67  .71  .71  .77  .78  .74  .76  .78  .76  .74  .77  .83  .52  .51  .71  .81  .77  .68  .55 
 556 ZHP039M  -284 1871  .71  .69  .72  .69  .70  .70  .75  .75  .74  .65  .61  .74  .76  .75  .65  .56  .60  .53  .44  .59 
 557 ZHP040M   128 1687  .75  .81  .78  .67  .55  .67  .77  .79  .82  .78  .57  .44  .62  .42  .38  .69  .73  .58  .68  .81 
 558 ZHP041M     2 1479  .82  .74  .71  .62  .63  .82  .80  .82  .85  .81  .78  .81  .84  .80  .77  .80  .74  .63  .56  .64 
 560 ZHP045M  -711 1748  .51  .48  .50  .43  .56  .68  .72  .59  .48  .71  .73  .59  .60  .62  .46  .37  .51  .51  .59  .63 
 561 ZHP101M  1165 1776                                                         .63  .65  .66  .67  .79  .82  .75  .71  .64 
 564 ZHP109M  1157 1610                                                         .47  .52  .60  .44  .43  .65  .68  .69  .84 
 566 ZHP113M  1166 1480                                                         .67  .67  .57  .62  .69  .65  .53  .46  .56 
 567 ZHP119M  1358 1976                                                                                                 .57 
 568 ZHP124M  1006 1449                           .68  .72  .63  .66  .72  .73  .73  .79  .90  .84  .83  .85  .76  .70  .78 
 569 ZHP128M  1001 1970                           .70  .77  .86  .80  .80  .78  .71  .74  .87  .83  .78  .82  .77  .76  .86 
 570 ZHP131M  1107 1999                                               .57  .55  .70  .80  .87  .79  .78  .81  .65  .60  .69 
 571 ZHP132M   932 1973            .75  .59  .64  .82  .83  .82  .81  .79  .74  .74  .81  .82  .79  .83  .90  .81  .76  .82 
 572 ZHP134M   999 1521                           .44  .54  .64  .66  .80  .73  .73  .78  .77  .64  .64  .75  .62  .61  .75 
 573 ZHP135M   948 1950            .32A .49  .67  .76  .74  .75  .80  .77  .72  .79  .82  .84  .75  .68  .73  .62  .56  .70 
 574 ZHP136M  -285 1226  .66  .63  .65  .68  .67  .69  .66  .63  .66  .60  .50  .50                                         
 575 ZHP138M  1116 1747                                               .66  .73  .83  .82  .84  .81  .80  .75  .57  .68  .72 
 576 ZHP142M   726 1525  .69  .56  .52  .65  .63  .62  .73  .63  .46  .51  .56  .63  .66  .64  .52  .40  .48  .45  .45  .62 
 577 ZHP143M   825 2009  .78  .74  .71  .67  .55  .64  .71  .63  .51  .38  .37  .55  .60  .65  .54  .54  .58  .47  .61  .59 
 578 ZHP144M   654 2009  .67  .68  .66  .63  .66  .70  .65  .61  .63  .49  .46  .63  .71  .47  .41  .37  .50  .63  .60  .73 
 579 ZHP145M   166 2009  .68  .80  .73  .67  .60  .56  .58  .56  .47  .45  .43  .55  .64  .48  .46  .50  .53  .59  .47  .56 
 580 ZHP147M   101 1256  .67  .49  .42  .50  .56  .64  .52  .49  .57  .53  .48  .63  .63                                    
 581 ZHP148M    55 1674  .73  .69  .59  .53  .62  .69  .67  .65  .63  .60  .58  .40  .42  .70  .65  .43  .49  .61  .65  .62 
 582 ZHP150M   975 2009                 .30B .39  .48  .61  .59  .65  .72  .61  .59  .63  .70  .66  .62  .74  .72  .69  .78 
 583 ZHP151M  -220 2009  .70  .77  .69  .51  .63  .84  .85  .76  .73  .67  .50  .54  .75  .71  .60  .49  .62  .67  .59  .66 
 584 ZHP152M   809 1480  .84  .77  .73  .75  .69  .78  .79  .72  .68  .52  .48  .66  .77  .78  .72  .74  .74  .65  .72  .79 
 585 ZHP154M  1216 1993                                                                   .14B .18B .15B .39  .48  .45  .60 
 586 ZHP155M   807 1412  .81  .67  .60  .71  .72  .72  .71  .68  .71  .57  .55  .75  .81  .76  .68  .55  .45  .38  .54      
 587 ZHP156M  1229 1978                                                                        .29A .49  .70  .53  .47  .60 
 588 ZHP158M   714 1999  .68  .69  .62  .65  .71  .77  .78  .70  .66  .62  .59  .70  .77  .79  .65  .67  .81  .59  .36  .55 
 590 ZHP160M   957 1978                 .34  .51  .73  .72  .79  .75  .72  .65  .69  .84  .88  .72  .63  .73  .64  .44  .58 
 591 ZHP161M   962 2002                 .50  .62  .73  .71  .76  .70  .70  .66  .72  .85  .81  .76  .84  .86  .61  .56  .71 
 592 ZHP164M   722 2009  .58  .54  .61  .54  .37  .49  .70  .70  .67  .71  .64  .45  .48  .66  .60  .28A .41  .61  .50  .65 
 593 ZHP166M  1141 1999                                                    .18B .40  .47  .63  .63  .70  .85  .71  .65  .75 
 595 ZHP168M   825 2009  .49  .58  .56  .60  .66  .69  .56  .52  .53  .58  .49  .49  .65  .58  .55  .57  .57  .54  .59  .54 
 596 ZHP170M  1286 1980                                                                                  .49  .62  .62  .58 
 597 ZHP171M  1239 1973                                                                        .52  .62  .74  .57  .61  .70 
 Av segment correlation  .64  .64  .62  .62  .63  .64  .68  .67  .64  .65  .64  .66  .68  .70  .68  .68  .71  .63  .60  .66 

 CORRELATION OF SERIES BY SEGMENTS: chin067
-----------------------------------------------------------------------------------------------------------------------------------
 Correlations of  50-year dated segments, lagged  25 years
 Flags:  A = correlation under   .3281 but highest as dated;  B = correlation higher at other than dated position

 Seq Series  Time_span  1400 1425 1450 1475 1500 1525 1550 1575 1600 1625 1650 1675 1700 1725 1750 1775 1800 1825 1850 1875 
                        1449 1474 1499 1524 1549 1574 1599 1624 1649 1674 1699 1724 1749 1774 1799 1824 1849 1874 1899 1924 
 --- -------- ---------  ---- ---- ---- ---- ---- ---- ---- ---- ---- ---- ---- ---- ---- ---- ---- ---- ---- ---- ---- ---- 
   1 HTP001M  1204 1858  .76  .71  .76  .77  .74  .67  .46  .56  .59  .61  .66  .67  .75  .73  .71  .65  .60                
   2 HTP002M   726 1730  .50  .49  .51  .45  .59  .66  .54  .53  .54  .65  .66  .63                                         
   3 HTP003M   927 1754  .15B .30A .40  .39  .20A .23A .29B .29B .37  .41  .45  .42  .35B                                   
   4 HTP004M  1371 1822  .24A .34  .43  .41  .36  .33A .16B .23B .34B .43  .58  .49  .45B .53  .61                          
   5 HTP005M   839 1713  .50  .46  .50  .51  .38  .29B .32A .37  .36  .44  .50                                              
   6 HTP006M  1355 1997  .62  .54  .52  .47  .28B .33A .34  .30A .32B .46  .54  .59  .58  .59  .70  .66  .57  .65  .65  .21B
   8 HTP008M   939 1852  .44  .27B .51  .43  .43  .65  .50  .52  .49  .41  .45  .46  .35  .35  .31A .53  .65                
  14 HTP015M   609 1685  .39  .53  .53  .35  .01B-.04B .29B .42  .22B .23A                                                  
  15 HTP017M   846 1607  .47  .31A .26A .40  .59  .58  .57                                                                  
  16 HTP018M   901 1583  .42  .49  .55  .46  .23B .27A                                                                      
  20 HTP022M   687 1452  .43                                                                                                
  24 HTP027M   558 1562  .48  .31A .46  .54  .48                                                                            
  28 HTP031M   101 1632  .63  .57  .45  .38  .33A .41  .50  .53                                                             
  29 HTP032M   264 1472  .39                                                                                                
  32 HTP035M   756 1526  .49  .41  .36  .40                                                                                 
  34 HTP039M  1442 1879            .43  .48  .44  .51  .52  .36  .30A .48  .52  .63  .47  .33  .58  .56  .46  .44           
  36 MNP102M   789 1474  .71  .72                                                                                           
  38 MNP105M   908 1679  .65  .71  .68  .64  .65  .58  .50  .58  .74  .67                                                   
  43 MNP114M  1394 1687  .66  .83  .77  .71  .74  .85  .84  .77  .77  .78                                                   
  44 MNP115M   945 1793  .76  .85  .78  .69  .62  .66  .82  .84  .83  .87  .89  .81  .70  .61                               
  47 MNP120M  1407 1959       .43  .48  .67  .72  .74  .72  .60  .56  .68  .64  .58  .63  .59  .28A .44  .68  .50  .26B .24A
  48 MNP121M  1710 1961                                                                   .29B .61  .79  .87  .84  .67  .76 
  49 MNP124M  1120 1957  .82  .82  .84  .81  .67  .71  .51  .34  .73  .74  .66  .43  .34  .57  .47  .43  .52  .71  .72  .85 
  50 MNP133M  1572 1840                                     .19A .29A .60  .53  .54  .54  .61  .79  .78                     
  53 MNP136M   965 1451  .65                                                                                                
  57 MNP143M  1139 1980  .66  .62  .72  .74  .56  .48  .55  .59  .74  .81  .75  .63  .60  .67  .73  .76  .69  .60  .60  .69 
  58 MNP144M  1066 1908  .71  .43  .38  .54  .72  .86  .84  .75  .82  .80  .78  .67  .57  .80  .71  .69  .75  .70  .70      
  63 MNP202M  1141 1640  .79  .82  .84  .85  .74  .76  .83  .77                                                             
  64 MNP203M   940 1629  .84  .89  .91  .87  .82  .85  .83  .75                                                             
  65 MNP204M  1163 1725  .66  .76  .82  .80  .76  .79  .72  .42  .38  .52  .65  .59                                         
  66 MNP206M  1127 1728  .84  .87  .87  .87  .83  .80  .77  .75  .76  .81  .83  .80                                         
  67 MNP208M  1181 1631  .72  .80  .85  .85  .84  .84  .80  .74                                                             
  68 MNP209M  1163 1766  .81  .90  .85  .83  .81  .81  .84  .80  .74  .63  .64  .74  .74                                    
  69 MNP210M   772 1660  .76  .78  .78  .76  .74  .82  .85  .71  .80                                                        
  71 MNP213B   999 1649  .75  .74  .62  .65  .81  .77  .79  .81  .73                                                        
  74 MNP224M  1098 1994  .72  .81  .66  .60  .79  .81  .74  .67  .74  .77  .80  .82  .70  .62  .63  .54  .46  .48  .62  .69 
  76 MNP226M  1096 1732  .81  .87  .91  .89  .49  .46  .70  .68  .77  .83  .71  .43                                         
  77 MNP228M  1104 1788  .66  .76  .72  .72  .67  .74  .83  .75  .80  .82  .82  .82  .80  .83                               
  84 MNP241M  1179 1652  .88  .89  .80  .77  .81  .88  .89  .86  .80                                                        
  88 MNP245M  1118 1625  .82  .86  .90  .83  .78  .84  .83  .83                                                             
  89 MNP246M  1122 1624  .81  .85  .87  .81  .75  .83  .86  .87                                                             
  90 MNP248M  1100 1689  .91  .92  .89  .86  .89  .89  .87  .88  .87  .86                                                   
  92 MNP250M   808 1801  .80  .79  .75  .72  .82  .85  .85  .88  .89  .81  .83  .77  .64  .76  .84                          
  97 MNP261M   787 1456  .81                                                                                                
 102 MNP270M   913 1474  .80  .72                                                                                           
 107 MNP277M  1169 1664  .74  .89  .89  .83  .72  .75  .79  .65  .55                                                        
 108 MNP278M  1092 1635  .77  .80  .82  .85  .82  .89  .85  .70                                                             
 112 MNP306M  1150 1985  .82  .73  .65  .64  .74  .90  .90  .77  .83  .86  .84  .83  .65  .61  .71  .80  .87  .85  .78  .75 
 114 MNP308M  1178 1458  .48                                                                                                
 115 MNP309M   744 1475  .78  .85                                                                                           
 116 MNP310A  1199 1784  .72  .83  .88  .85  .81  .84  .83  .78  .86  .85  .79  .79  .59  .43                               
 119 MNP313M    75 1835  .69  .78  .89  .87  .84  .87  .82  .72  .79  .83  .84  .83  .81  .83  .69  .51                     
 125 MNP321M  1099 1696  .84  .86  .71  .66  .75  .83  .87  .86  .86  .87                                                   
 130 MNP329M   950 1574  .63  .53  .52  .50  .58  .70                                                                       
 133 MNP334M  -329 1590  .72  .66  .62  .59  .36  .29B                                                                      
 134 MNP335M   881 1611  .72  .65  .70  .68  .64  .62  .65                                                                  
 137 MNP339M  1161 1869  .85  .83  .89  .89  .82  .88  .81  .76  .88  .87  .85  .80  .70  .68  .79  .89  .86                
 140 MNP343M  1192 1714  .74  .76  .88  .89  .84  .86  .89  .85  .78  .79  .84                                              
 142 MNP345M   900 1711  .86  .86  .89  .91  .89  .92  .93  .88  .87  .89  .83                                              
 145 MNP349M  -176 1684  .80  .82  .88  .87  .82  .82  .86  .85  .85  .86                                                   
 153 MNP359M   783 1450  .57                                                                                                
 156 MNP362M   911 1670  .65  .74  .73  .67  .73  .78  .60  .37  .58                                                        
 161 MNP367A  -183 1588  .51  .63  .77  .83  .79  .80                                                                       
 165 MNP375A     6 1674  .70  .75  .84  .83  .72  .77  .87  .78  .71  .69                                                   
 170 MNP381M  1144 1624  .74  .84  .89  .86  .88  .87  .83  .86                                                             
 171 MNP382M  1126 1936  .75  .75  .82  .84  .67  .73  .74  .72  .88  .91  .83  .79  .81  .77  .58  .35  .57  .82  .70  .71 
 176 MNP387M   617 1838  .78  .81  .93  .90  .82  .91  .92  .86  .84  .77  .69  .72  .70  .56  .58  .73                     
 178 MNP389M  1029 1467  .71                                                                                                
 182 MNP393M   865 1478  .70  .64                                                                                           
 183 MNP394M   243 1915  .74  .79  .84  .84  .79  .81  .85  .74  .74  .78  .72  .60  .63  .70  .60  .47  .60  .62  .56      
 187 MNP403M   840 1871  .69  .70  .76  .73  .82  .86  .81  .78  .81  .81  .76  .72  .76  .76  .70  .74  .67                
 194 MNP410A   718 1637  .51  .48  .57  .66  .61  .57  .60  .60                                                             
 195 MNP411M   930 1998  .63  .63  .81  .73  .54  .65  .60  .53  .60  .59  .61  .70  .71  .66  .68  .75  .79  .78  .73  .76 
 196 MNP412B  1335 1526  .71  .77  .88  .86                                                                                 
 197 MNP413A  1574 1935                                          .59  .69  .70  .63  .65  .53  .46  .65  .68  .62  .77  .81 
 198 MNP414M  1485 1945                      .80  .79  .70  .68  .71  .73  .79  .74  .73  .74  .70  .77  .83  .81  .66  .72 
 199 MNP415M  1135 1775  .72  .77  .87  .82  .81  .80  .52  .34  .59  .72  .76  .67  .58  .56                               
 200 MNP416M  1587 1920                                          .14B .32A .56  .58  .72  .64  .67  .80  .82  .80  .66      
 202 MNP419M  1242 1839  .55  .73  .81  .81  .75  .80  .67  .47  .53  .53  .68  .76  .67  .73  .80  .72                     
 204 MNP422M  1046 1479  .42  .16B                                                                                          
 206 MNP425M  1028 1672  .76  .88  .91  .90  .80  .83  .88  .84  .86                                                        
 217 MNP474M  1710 1989                                                                   .10B .47  .82  .84  .74  .57  .46 
 220 MNP477M  1777 1961                                                                                  .70  .73  .79  .82 
 221 MNP503M  1637 1956                                                    .82  .78  .75  .73  .76  .82  .72  .62  .78  .86 
 222 MNP504M  1672 1915                                                         .55  .52  .67  .71  .82  .78  .60  .69      
 223 MNP505M  1611 1957                                               .58  .83  .64  .57  .77  .82  .86  .80  .70  .72  .83 
 224 MNP506M  1654 1956                                                         .54  .41  .71  .84  .86  .80  .72  .73  .77 
 225 MNP507M  1674 1961                                                         .60  .54  .61  .74  .74  .67  .57  .68  .77 
 226 MNP508M  1658 1911                                                         .44  .48  .68  .59  .70  .80  .73  .78      
 227 MNP509M  1680 1963                                                              .65  .76  .86  .90  .79  .71  .85  .87 
 228 MNP511M  1134 1477  .80  .86                                                                                           
 229 MNP512A  1079 1787  .73  .78  .71  .69  .55  .49  .57  .60  .72  .79  .76  .68  .70  .65                               
 230 MNP513M  1201 1797  .79  .86  .75  .70  .77  .79  .79  .70  .66  .76  .79  .70  .70  .81                               
 231 MNP514M  1148 1477  .81  .88                                                                                           
 232 MNP515M  1206 1773  .63  .75  .85  .82  .73  .75  .71  .60  .78  .84  .63  .46  .59                                    
 233 MNP516M  1212 1809  .67  .74  .76  .70  .63  .62  .63  .58  .71  .75  .59  .39  .54  .71  .58                          
 234 MNP517M  1150 1668  .66  .80  .78  .80  .77  .70  .57  .44  .46                                                        
 235 MNP520M  1195 1653  .56  .53  .61  .56  .60  .69  .67  .71  .81                                                        
 241 MNP527C  1846 2005                                                                                            .70  .79 
 247 MNP533M    20 1638  .60  .66  .73  .71  .72  .78  .85  .78                                                             
 251 MNP538A  -291 1718  .77  .80  .85  .87  .86  .87  .83  .76  .81  .84  .84                                              
 260 MNP548M   903 1714  .59  .76  .85  .78  .76  .87  .71  .60  .74  .64  .47                                              
 262 MNP550A  1169 1884  .58  .58  .76  .80  .73  .75  .75  .64  .71  .78  .69  .60  .64  .75  .70  .67  .56  .30A          
 264 MNP552M  1084 1529  .77  .73  .83  .88                                                                                 
 271 MNP564M  1167 1809  .55  .51  .55  .55  .44  .56  .71  .67  .52  .66  .71  .62  .62  .63  .73                          
 272 MNP565M  1152 1564  .47  .46  .61  .58  .60                                                                            
 273 MNP566M  1071 1585  .65  .65  .82  .80  .66  .66                                                                       
 274 MNP567M  1443 1782            .48  .49  .36  .38  .64  .69  .76  .81  .54  .58  .75  .69                               
 275 MNP568M   984 1578  .64  .59  .79  .81  .73  .72                                                                       
 276 MNP569M  1275 1786  .60  .50  .63  .69  .52  .50  .70  .69  .70  .80  .71  .64  .74  .78                               
 277 MNP570M  1146 1869  .79  .82  .86  .86  .73  .74  .65  .63  .64  .64  .72  .65  .59  .63  .61  .62  .48                
 278 MNP574M  1064 1951  .61  .61  .68  .70  .63  .69  .52  .36  .56  .66  .56  .51  .75  .74  .66  .72  .74  .70  .52  .54 
 279 MNP577M   834 1986  .83  .80  .80  .80  .73  .73  .73  .64  .69  .78  .77  .82  .71  .42  .46  .64  .70  .67  .58  .50 
 282 MNP581M  1078 1548  .51  .51  .43  .38                                                                                 
 283 MNP582M  1078 1594  .75  .80  .84  .83  .79  .85                                                                       
 286 MNP585M  1640 1882                                                    .74  .56  .41  .67  .73  .79  .81  .67           
 287 MNP587M  1124 1828  .70  .76  .86  .85  .73  .76  .81  .78  .77  .84  .86  .72  .63  .69  .63  .51                     
 288 MNP671M  1239 1955  .45  .29A .61  .72  .63  .58  .50  .45  .60  .72  .63  .59  .55  .57  .60  .44  .43  .48  .43  .50 
 289 MNP672M  1096 1622  .63  .66  .78  .85  .79  .70  .75                                                                  
 290 MNP673A  1106 1575  .67  .75  .84  .84  .78  .81                                                                       
 295 MNT203B  1490 2010                      .67  .66  .77  .77  .78  .81  .78  .74  .72  .74  .73  .74  .83  .84  .81  .81 
 296 MNT206M  1481 1912                      .49  .45  .49  .62  .80  .80  .77  .81  .77  .71  .71  .74  .68  .67  .73      
 297 MNT207A  1342 1686  .81  .80  .83  .86  .76  .78  .81  .81  .79  .73                                                   
 298 MNT209M  1514 1953                           .50  .73  .70  .73  .76  .75  .72  .79  .77  .68  .80  .82  .81  .80  .76 
 299 MNT211B  1290 1641  .73  .80  .81  .79  .79  .78  .81  .77                                                             
 300 MNT232M  1185 1695  .73  .80  .81  .79  .82  .80  .80  .66  .68  .79                                                   
 301 MNT233B  1234 1884  .88  .86  .80  .81  .76  .76  .81  .82  .78  .73  .74  .75  .79  .83  .83  .88  .87  .82           
 302 MNT245B  1251 1649  .82  .78  .79  .78  .70  .80  .87  .88  .80                                                        
 303 MNT251M  1518 1942                           .66  .75  .83  .80  .83  .85  .84  .81  .85  .89  .84  .84  .87  .81  .78 
 304 MNT252M  1489 2010                      .63  .58  .74  .84  .74  .76  .83  .77  .71  .70  .79  .84  .87  .90  .84  .88 
 305 MNT253A  1411 2010       .82  .87  .82  .80  .87  .86  .86  .92  .87  .84  .86  .83  .84  .84  .84  .84  .79  .61  .70 
 306 MNT254A  1220 2010  .82  .84  .81  .81  .81  .83  .79  .69  .78  .83  .77  .60  .59  .74  .78  .77  .79  .78  .70  .69 
 307 MNT255B  1159 1589  .73  .76  .86  .84  .85  .90                                                                       
 308 MNT258B  1194 1729  .80  .84  .83  .82  .86  .89  .83  .73  .81  .83  .82  .69                                         
 309 MNT260M  1444 2010            .85  .85  .77  .72  .75  .79  .81  .83  .84  .84  .83  .86  .85  .88  .91  .90  .80  .82 
 310 MNT261M  1430 2010            .86  .85  .82  .77  .78  .82  .83  .86  .86  .67  .67  .87  .80  .84  .90  .86  .78  .79 
 311 MNT262M  1163 1784  .76  .75  .78  .75  .78  .86  .85  .85  .78  .81  .92  .84  .81  .89                               
 312 MNT263M  1274 1749  .82  .87  .91  .88  .82  .84  .85  .89  .75  .71  .78  .83  .84                                    
 313 MNT265M  1553 2010                                     .77  .76  .80  .86  .88  .86  .76  .83  .89  .87  .83  .84  .88 
 314 MNT266M  1169 2010  .86  .85  .88  .86  .84  .88  .82  .74  .74  .66  .67  .73  .78  .69  .53  .56  .55  .58  .69  .75 
 315 MNT267M  1383 2010  .75  .70  .79  .85  .80  .83  .88  .87  .85  .89  .92  .87  .89  .92  .91  .90  .88  .84  .83  .83 
 316 MNT268M  1533 2010                                .67  .79  .80  .83  .86  .85  .87  .89  .80  .84  .86  .81  .84  .91 
 317 MNT269A  1671 1990                                                         .82  .81  .85  .86  .87  .87  .88  .84  .80 
 318 MNT270M  1425 1969            .75  .74  .60  .63  .65  .70  .69  .68  .79  .88  .89  .80  .84  .89  .84  .79  .75  .80 
 319 MNT271A  1416 1863       .78  .78  .67  .28A .50  .70  .75  .76  .80  .83  .84  .85  .81  .83  .79  .76                
 320 MNT272M  1578 2007                                          .87  .88  .86  .84  .80  .86  .80  .81  .86  .83  .81  .75 
 321 MNT273M  1644 2010                                                    .69  .65  .74  .79  .85  .89  .88  .59  .39  .76 
 322 MNT274A  1342 1917  .84  .76  .79  .85  .85  .78  .85  .90  .86  .87  .86  .72  .73  .83  .85  .89  .85  .79  .76      
 323 MNT276A  1318 1956  .82  .82  .83  .77  .67  .72  .75  .73  .79  .83  .71  .66  .63  .59  .72  .82  .83  .71  .66  .83 
 324 MNT277A  1266 1687  .78  .79  .78  .80  .81  .85  .88  .87  .88  .81                                                   
 325 MNT278M  1217 1910  .86  .89  .90  .87  .72  .79  .87  .83  .87  .85  .76  .76  .73  .76  .81  .84  .86  .84  .82      
 326 MNT280M  1259 1869  .87  .92  .93  .92  .85  .89  .92  .82  .78  .79  .76  .78  .74  .72  .72  .77  .80                
 327 MNT281M  1435 1918            .91  .93  .83  .85  .87  .84  .87  .82  .74  .79  .80  .78  .83  .86  .88  .86  .80      
 328 MNT283M  1312 1687  .76  .85  .85  .80  .85  .89  .89  .86  .85  .82                                                   
 329 MNT287M  1498 2010                           .75  .76  .64  .66  .77  .86  .75  .75  .77  .77  .78  .81  .86  .72  .82 
 330 MNT289M  1513 1970                           .55  .63  .70  .78  .78  .80  .74  .70  .78  .81  .84  .84  .83  .77  .80 
 331 MNT290M  1239 1504  .66  .76  .81                                                                                      
 332 MNT291A  1416 1940       .88  .92  .85  .64  .69  .70  .69  .58  .65  .76  .67  .73  .75  .71  .73  .76  .69  .53  .80 
 333 MNT300A  1280 1946  .68  .77  .92  .92  .78  .78  .80  .69  .70  .73  .76  .67  .67  .77  .73  .77  .81  .81  .74  .73 
 334 MNT501M  1584 2011                                          .59  .58  .59  .59  .68  .73  .81  .82  .76  .71  .71  .81 
 335 MNT504A  1384 2011  .78  .81  .80  .76  .73  .77  .72  .60  .69  .70  .62  .68  .76  .80  .67  .64  .60  .54  .68  .67 
 336 MNT506M  1606 2011                                               .69  .58  .53  .67  .71  .75  .85  .85  .75  .67  .75 
 338 MNT511M  1758 2011                                                                             .86  .88  .82  .79  .76 
 339 MNT514B  1337 1624  .82  .85  .91  .87  .80  .86  .90  .86                                                             
 340 MNT525A  1419 1981       .77  .89  .90  .79  .73  .78  .75  .76  .78  .76  .76  .75  .80  .78  .80  .82  .75  .69  .76 
 341 MNT527M  1009 1451  .87                                                                                                
 342 MNT533M  1488 1699                      .62  .71  .82  .82  .82  .79  .77                                              
 343 MNT534M  1798 2011                                                                                  .61  .67  .65  .69 
 344 MNT535M  1548 1958                                     .57  .71  .78  .76  .75  .78  .81  .70  .50  .64  .77  .77  .79 
 345 MNT538M  1261 1624  .69  .57  .76  .80  .71  .74  .72  .67                                                             
 346 MNT539M  1656 2011                                                         .68  .77  .83  .87  .73  .74  .82  .78  .86 
 347 MNT545M  1485 2011                      .67  .75  .76  .73  .75  .80  .78  .75  .59  .58  .76  .70  .69  .74  .66  .70 
 348 MNT546M  1279 1615  .64  .48  .71  .86  .83  .88  .88                                                                  
 349 MNT552M  1622 2011                                               .54  .53  .56  .67  .74  .72  .74  .67  .59  .53  .58 
 350 MNT553A  1633 1968                                                    .58  .50  .43  .41  .43  .41  .49  .51  .53  .66 
 351 MNT554M  1531 2011                                .71  .70  .79  .81  .78  .84  .87  .86  .80  .84  .88  .83  .82  .88 
 352 MNT555M  1233 1871  .85  .85  .80  .77  .82  .89  .89  .82  .83  .83  .80  .81  .81  .83  .77  .74  .80                
 353 MNT556A  1320 2011  .75  .78  .82  .81  .86  .87  .80  .80  .86  .74  .65  .65  .50  .50  .63  .46  .51  .75  .64  .61 
 354 MNT558M  1086 1711  .62  .66  .61  .64  .82  .83  .83  .89  .89  .85  .72                                              
 355 MNT559M  1608 2011                                               .86  .85  .85  .81  .81  .91  .88  .89  .90  .87  .88 
 356 MNT561A  1248 1982  .62  .66  .81  .82  .63  .69  .73  .75  .68  .64  .65  .70  .69  .61  .75  .82  .76  .73  .65  .57 
 357 MNT562A  1626 2011                                                    .78  .90  .91  .86  .74  .73  .78  .80  .75  .76 
 358 MNT563M  1540 1962                                .66  .65  .71  .71  .75  .82  .87  .89  .75  .79  .88  .82  .80  .88 
 359 MNT564M  1439 2011            .89  .88  .88  .93  .88  .86  .88  .90  .91  .85  .78  .83  .80  .83  .91  .88  .85  .81 
 360 MNT566M  1487 1706                      .46  .48  .65  .78  .83  .88  .89                                              
 361 MNT567M  1649 1969                                                    .63  .69  .70  .73  .71  .47  .46  .69  .67  .64 
 362 MNT569M  1563 1968                                     .84  .76  .78  .80  .86  .85  .86  .90  .83  .82  .85  .85  .82 
 363 MNT571A  1574 1952                                          .82  .78  .76  .82  .83  .85  .80  .74  .78  .83  .76  .68 
 364 MNT574M  1726 2011                                                                        .86  .86  .85  .84  .83  .87 
 365 MNT575M  1562 2011                                     .62  .59  .62  .77  .83  .86  .82  .80  .79  .78  .84  .88  .86 
 366 MNT576M  1600 2011                                          .69  .64  .70  .77  .76  .80  .77  .82  .86  .80  .73  .79 
 367 MNT577M  1202 1640  .76  .80  .89  .90  .80  .83  .80  .77                                                             
 368 MNT578M  1603 2011                                               .76  .78  .86  .82  .82  .82  .82  .85  .80  .72  .79 
 369 MNT579M  1861 2011                                                                                                 .65 
 370 MNT580M  1507 1791                           .88  .88  .89  .86  .79  .81  .82  .82  .81                               
 371 MNT583M  1332 2011  .66  .74  .83  .82  .72  .78  .79  .78  .81  .81  .80  .76  .75  .71  .73  .75  .74  .68  .41  .46 
 372 MNT584M  1730 2011                                                                        .61  .63  .83  .83  .79  .77 
 373 MNT585M  1372 2011  .63  .79  .86  .86  .77  .75  .69  .70  .61  .64  .78  .81  .81  .79  .80  .85  .87  .77  .61  .57 
 374 MNT588A  1418 2010       .71  .83  .77  .60  .57  .48  .46  .60  .70  .62  .48  .63  .69  .61  .69  .65  .59  .61  .49 
 375 MNT589M  1310 2011  .73  .74  .84  .82  .71  .74  .41  .30B .70  .67  .57  .46  .50  .69  .65  .51  .41  .44  .57  .53 
 376 MNT592M  1476 2011                      .58  .73  .80  .65  .61  .72  .74  .60  .55  .66  .62  .53  .68  .74  .62  .39 
 377 MNT593M  1168 1572  .75  .75  .81  .85  .82                                                                            
 378 MNT595M  1749 2011                                                                             .39  .36  .54  .53  .47 
 379 MNT596M  1660 2011                                                         .36  .52  .58  .55  .54  .68  .64  .47  .60 
 380 MNT597M  1590 2011                                          .64  .70  .76  .70  .68  .77  .89  .90  .88  .82  .77  .86 
 381 MNT598M  1789 2011                                                                                  .25B .47  .57  .45 
 382 MNT599M  1606 2011                                               .53  .56  .53  .55  .65  .62  .56  .60  .65  .71  .72 
 383 MNT600A  1726 2011                                                                        .77  .60  .62  .72  .72  .80 
 384 MNT601M  1870 2011                                                                                                 .58 
 385 MNT602M  1656 2011                                                         .55  .58  .65  .73  .85  .90  .83  .77  .86 
 386 MNT603M  1590 2011                                          .78  .74  .49  .48  .70  .64  .65  .62  .66  .76  .70  .57 
 387 MNT604M  1663 2011                                                         .26B .51  .63  .71  .81  .87  .85  .83  .86 
 388 MNT605M  1584 1974                                          .75  .82  .79  .67  .75  .83  .88  .85  .84  .82  .72  .82 
 389 MNT606A  1542 2011                                .17B .32A .61  .71  .67  .48  .49  .48  .45  .58  .61  .54  .58  .58 
 390 MNT607M  1622 2011                                               .52  .47  .43  .63  .75  .67  .65  .67  .64  .73  .74 
 391 MNT609M  1424 2011            .71  .65  .74  .81  .70  .58  .64  .70  .51  .39  .51  .65  .72  .65  .75  .78  .29B-.02B
 392 MNT610A  1407 2011       .43  .71  .79  .39  .22B .42  .46  .57  .72  .66  .56  .62  .70  .64  .63  .74  .74  .41  .36 
 393 MNT611M  1676 2011                                                              .64  .71  .74  .80  .83  .80  .75  .79 
 395 MNT618M  1704 2011                                                                   .70  .64  .66  .81  .85  .86  .88 
 396 MNT619M  1384 2011  .73  .71  .77  .81  .75  .69  .54  .56  .60  .56  .56  .45  .56  .71  .63  .57  .55  .56  .31A .23B
 397 MNT620M  1233 1886  .69  .60  .65  .78  .71  .54  .43  .47  .55  .65  .54  .34  .42  .50  .53  .45  .53  .51           
 398 MNT621M  1734 2011                                                                        .82  .83  .75  .71  .73  .66 
 399 MNT622M  1727 2011                                                                        .67  .73  .75  .70  .76  .83 
 400 MNT624M  1859 2011                                                                                                 .80 
 401 MNT625M  1631 1840                                                    .70  .70  .74  .73  .71  .81                     
 402 MNT626M  1774 2011                                                                                  .85  .81  .74  .85 
 403 MNT627M  1625 1892                                                    .43  .57  .67  .63  .52  .74  .82  .76           
 404 MNT628M  1789 2011                                                                                  .45  .66  .59  .80 
 405 MNT629M  1762 2011                                                                             .78  .83  .73  .75  .83 
 406 MNT631M  1863 2011                                                                                                 .82 
 407 MNT633M  1726 2011                                                                        .54  .73  .51  .30A .77  .75 
 408 MNT637M  1782 2011                                                                                  .76  .74  .82  .81 
 409 MNT639M  1559 1966                                     .74  .79  .78  .78  .79  .78  .78  .72  .78  .69  .53  .70  .79 
 413 MNT666B  1769 2011                                                                             .62  .76  .74  .77  .80 
 414 MNT667M  1494 1978                      .83  .89  .90  .87  .89  .90  .85  .80  .79  .84  .82  .85  .73  .65  .79  .78 
 415 MNT675M  1236 1641  .77  .81  .87  .84  .81  .86  .87  .85                                                             
 416 MNT685M  1765 2011                                                                             .58  .83  .80  .69  .76 
 417 MNT687M  1248 1690  .86  .90  .83  .79  .78  .85  .86  .86  .81  .78                                                   
 418 MNT695M  1234 1640  .85  .86  .89  .90  .89  .92  .91  .83                                                             
 419 MNT700M  1167 1594  .85  .88  .75  .72  .87  .85                                                                       
 420 MNT708M  1523 2008                                .81  .83  .83  .83  .82  .74  .74  .79  .85  .87  .84  .83  .86  .80 
 421 MNT709M  1449 1919                 .80  .79  .81  .80  .81  .80  .78  .79  .82  .82  .80  .86  .92  .91  .81  .78      
 422 MNT710M  1158 1910  .83  .90  .80  .73  .79  .83  .78  .82  .86  .84  .83  .76  .72  .77  .75  .69  .75  .78  .64      
 423 MNT712A  1293 1635  .73  .87  .85  .82  .79  .82  .83  .84                                                             
 424 MNT715M  1565 2011                                     .62  .68  .76  .71  .57  .52  .62  .61  .54  .64  .70  .63  .51 
 426 MNT717B  1282 2011  .50  .48  .58  .66  .49  .60  .68  .52  .38  .50  .56  .46  .51  .68  .54  .42  .47  .38  .30B .56 
 427 MNT718M  1527 1986                                .72  .77  .76  .69  .76  .85  .81  .80  .81  .82  .79  .74  .75  .83 
 428 MSP103M   892 1449  .75                                                                                                
 433 MSP111M   637 1635  .66  .58  .64  .51  .47  .56  .59  .77                                                             
 436 MSP116M   137 1586  .57  .49  .51  .52  .39  .36                                                                       
 437 MSP118M  1180 1806  .85  .80  .69  .61  .57  .51  .63  .74  .73  .69  .71  .67  .63  .53  .45                          
 439 MSP120M  1099 1986  .56  .48  .48  .35  .38B .43  .41  .52  .64  .59  .53  .54  .52  .52  .39  .41  .54  .48  .51  .33A
 443 MSP125M  1093 1493  .72  .62                                                                                           
 445 MSP128M  1223 1757  .67  .65  .73  .72  .69  .68  .62  .77  .84  .75  .67  .66  .64                                    
 446 MSP129A  1197 1844  .67  .63  .72  .71  .60  .56  .60  .76  .83  .72  .63  .71  .73  .74  .75  .69                     
 447 MSP130M  1155 1709  .74  .64  .64  .53  .49  .51  .57  .67  .67  .72  .81                                              
 454 MSP356M   785 1781  .56  .47  .43  .47  .52  .57  .65  .60  .67  .64  .60  .64  .58  .56                               
 455 SBP013M  1255 2009  .67  .69  .78  .79  .67  .63  .66  .73  .45  .49  .66  .68  .60  .72  .76  .66  .70  .77  .81  .65 
 456 SBP015M  1146 2009  .64  .58  .53  .50  .53  .62  .58  .61  .75  .69  .62  .69  .60  .58  .66  .54  .38  .46  .60  .52 
 457 SBP016M  1246 2009  .66  .62  .63  .63  .59  .53  .60  .70  .73  .70  .69  .65  .50  .54  .66  .52  .56  .56  .53  .42 
 458 SBP017M  1036 1727  .76  .64  .59  .58  .63  .61  .57  .56  .74  .73  .65  .63                                         
 459 SBP020A  1178 1955  .73  .65  .60  .60  .65  .64  .59  .66  .66  .67  .66  .63  .62  .57  .55  .41  .43  .46  .45  .47 
 460 SBP022M  1215 2009  .52  .52  .70  .59  .42  .52  .62  .69  .72  .80  .78  .64  .59  .65  .66  .67  .57  .52  .46  .42 
 462 SBP025M   143 1697  .66  .40  .41  .55  .51  .39  .47  .55  .42  .39                                                   
 463 SBP029M  1161 1635  .62  .39  .42  .39  .47  .46  .42  .48                                                             
 464 SBP033M  1079 2009  .54  .52  .54  .52  .54  .71  .64  .57  .51  .51  .44  .51  .68  .66  .64  .59  .58  .49  .53  .60 
 465 SBP035M  1110 2009  .65  .57  .54  .57  .51  .38  .51  .65  .77  .68  .54  .61  .60  .65  .70  .44  .27B .47  .53  .36 
 466 SBP036M   957 2009  .57  .41  .43  .56  .48  .38  .36  .47  .60  .54  .54  .50  .43  .42B .28B .18B .35  .54  .55  .27B
 467 SBP037M  1326 2009  .64  .40  .35  .61  .66  .57  .67  .62  .58  .63  .63  .61  .66  .71  .69  .59  .60  .63  .66  .51 
 468 SBP038M  1447 2009            .50  .58  .47  .35  .42  .59  .71  .75  .68  .65  .66  .60  .56  .51  .47  .48  .49  .49 
 469 SBP039M  1268 2009  .52  .44  .66  .56  .29A .49  .72  .76  .67  .62  .57  .63  .47  .38  .42  .36  .56  .70  .45  .27B
 470 SBP041M   952 2009  .85  .86  .88  .85  .77  .84  .85  .78  .85  .86  .80  .65  .66  .53  .56  .82  .84  .72  .60  .62 
 471 SBP042M  1402 2009       .81  .87  .85  .77  .72  .70  .74  .83  .83  .79  .78  .74  .50  .60  .81  .80  .75  .69  .72 
 472 SBP043M  1172 2009  .82  .89  .82  .77  .82  .82  .78  .72  .79  .82  .75  .68  .69  .52  .54  .83  .87  .70  .72  .76 
 473 SBP049M  1209 2009  .78  .79  .85  .84  .78  .79  .82  .81  .84  .82  .80  .70  .63  .75  .85  .81  .77  .69  .73  .89 
 474 SBP051M  1165 2009  .84  .53  .37  .48  .86  .89  .88  .89  .79  .59  .54  .70  .75  .54  .64  .88  .88  .85  .77  .80 
 475 SBP052A   986 1898  .82  .80  .71  .70  .85  .92  .89  .85  .78  .75  .75  .72  .68  .55  .65  .76  .72  .58           
 476 SGP006M   323 1648  .70  .76  .83  .82  .73  .75  .75  .73                                                             
 477 SGP007M   574 1483  .66  .73                                                                                           
 478 SGP008M   749 1686  .72  .67  .58  .55  .56  .70  .80  .76  .76  .83                                                   
 479 SGP009M   773 1785  .66  .70  .80  .80  .69  .71  .73  .74  .72  .74  .82  .76  .68  .66                               
 480 SGP010M   580 1455  .78                                                                                                
 481 SGP011M   810 1970  .70  .72  .73  .79  .69  .60  .61  .67  .69  .68  .62  .63  .71  .70  .80  .80  .77  .71  .60  .62 
 482 SGX002M  1244 1764  .71  .82  .76  .65  .54  .66  .67  .70  .75  .68  .74  .73  .67                                    
 483 SGX003A  1035 2009  .73  .75  .73  .72  .71  .75  .67  .69  .78  .79  .82  .71  .64  .70  .70  .69  .77  .76  .64  .69 
 484 SGX004M  1240 2009  .78  .75  .71  .68  .63  .74  .71  .69  .73  .73  .73  .52  .52  .68  .75  .73  .73  .73  .72  .77 
 485 SGX010M  1042 1716  .84  .81  .82  .79  .67  .77  .76  .72  .72  .72  .79                                              
 486 SGX012M  1275 2009  .62  .72  .62  .53  .51  .53  .47  .56  .53  .48  .63  .62  .46  .44  .66  .80  .80  .67  .47  .65 
 487 SGX014M  1223 2009  .77  .81  .81  .77  .74  .80  .72  .74  .82  .77  .78  .74  .70  .77  .80  .79  .78  .80  .77  .73 
 488 SGX018M   964 2009  .76  .80  .80  .76  .57  .45  .37  .54  .60  .57  .66  .76  .70  .57  .65  .74  .81  .77  .63  .72 
 489 SGX024A  1171 2009  .85  .76  .71  .71  .54  .52  .66  .80  .78  .77  .78  .74  .73  .74  .78  .72  .74  .82  .74  .70 
 490 SGX025M  1053 2009  .81  .77  .84  .82  .63  .72  .67  .67  .81  .70  .63  .69  .69  .64  .72  .69  .72  .71  .62  .77 
 491 SGX028M  1029 2009  .73  .71  .69  .62  .63  .83  .75  .76  .77  .75  .55  .42  .60  .70  .72  .78  .85  .78  .76  .82 
 492 SGX048M  1260 2009  .73  .68  .81  .83  .63  .53  .55  .65  .73  .77  .69  .70  .72  .64  .75  .82  .79  .75  .72  .75 
 493 SGX057B   797 2009  .62  .66  .69  .64  .52  .61  .58  .48  .48  .53  .58  .62  .66  .66  .73  .69  .75  .82  .71  .68 
 494 SGX075M   981 1452  .74                                                                                                
 495 YMP101M  1203 1771  .75  .84  .89  .87  .87  .88  .84  .79  .73  .69  .75  .83  .85                                    
 496 YMP102M  1114 1652  .85  .85  .90  .91  .88  .87  .82  .77  .75                                                        
 497 YMP104M  1095 1958  .58  .61  .77  .79  .82  .83  .67  .66  .70  .68  .74  .67  .54  .56  .75  .57  .52  .67  .64  .76 
 498 YMP105M  1121 1974  .83  .87  .89  .84  .69  .78  .81  .85  .90  .86  .80  .80  .89  .87  .88  .84  .82  .90  .88  .89 
 499 YMP106M  1715 1958                                                                   .32A .51  .67  .80  .76  .74  .75 
 500 YMP107M  1714 1958                                                                   .40  .48  .62  .85  .80  .79  .83 
 501 YMP108M  1666 1993                                                         .22A .23B .23A .41  .47  .60  .64  .71  .60 
 502 YMP109M  1682 1993                                                              .46  .69  .65  .70  .76  .78  .76  .55 
 503 ZHG001B  1536 1970                                .81  .76  .68  .79  .81  .76  .78  .76  .68  .78  .80  .65  .67  .73 
 504 ZHG003M  1387 2009  .74  .78  .75  .75  .85  .85  .82  .84  .59  .50  .64  .68  .86  .85  .79  .79  .77  .75  .79  .78 
 505 ZHG004M   876 2009  .84  .86  .90  .85  .76  .79  .78  .74  .77  .84  .83  .76  .76  .52  .54  .79  .82  .81  .71  .79 
 506 ZHG008M   818 2009  .65  .61  .66  .57  .57  .67  .53  .42  .58  .54  .43  .53  .40  .35  .46  .29A .36  .42  .36  .16B
 507 ZHG011A  1063 2009  .75  .82  .87  .83  .65  .64  .80  .81  .48  .52  .75  .74  .78  .76  .73  .79  .84  .77  .72  .82 
 508 ZHG012M  1233 2009  .63  .59  .73  .72  .58  .53  .54  .70  .75  .62  .59  .66  .65  .65  .53  .47  .58  .61  .70  .56 
 509 ZHG017M   831 2009  .56  .56  .63  .64  .35  .09B .44  .62  .50  .50  .47  .49  .52  .45  .24B .08B .18B .50  .66  .43 
 510 ZHG018M   943 2009  .85  .91  .78  .72  .77  .80  .87  .84  .90  .93  .90  .79  .77  .57  .56  .84  .86  .79  .72  .80 
 511 ZHG020M   988 2009  .82  .83  .76  .72  .77  .79  .81  .82  .78  .75  .77  .73  .69  .51  .53  .73  .71  .66  .49  .56 
 512 ZHG022M  1013 2009  .69  .72  .77  .73  .62  .61  .75  .75  .76  .81  .81  .79  .76  .64  .71  .83  .84  .77  .52  .56 
 513 ZHG024M  1296 2009  .65  .52  .72  .75  .58  .50  .54  .66  .71  .76  .69  .52  .58  .64  .72  .71  .70  .73  .73  .79 
 514 ZHG025M  1119 1672  .78  .82  .86  .86  .72  .74  .83  .79  .67                                                        
 515 ZHG027M  1500 2009                           .71  .49  .46  .74  .78  .74  .64  .62  .49  .55  .81  .84  .75  .69  .81 
 516 ZHG029M  1001 2009  .63  .67  .68  .58  .44  .61  .71  .75  .82  .83  .82  .75  .71  .74  .78  .70  .73  .73  .65  .73 
 517 ZHG034M  1531 2009                                .83  .82  .84  .84  .85  .75  .73  .52  .53  .80  .88  .81  .72  .83 
 518 ZHG039A  1339 1799  .73  .80  .85  .86  .79  .76  .65  .63  .70  .66  .72  .74  .67  .72  .83                          
 519 ZHG041M  1157 1944  .86  .81  .86  .91  .89  .89  .85  .83  .81  .85  .85  .84  .88  .58  .51  .69  .67  .72  .70  .47 
 520 ZHG042M  1085 2009  .72  .66  .74  .79  .67  .72  .73  .71  .74  .74  .70  .75  .78  .74  .74  .72  .71  .74  .79  .70 
 521 ZHG044M  1171 1676  .81  .81  .88  .90  .87  .89  .87  .79  .70  .79                                                   
 522 ZHG045M  1306 1808  .69  .76  .83  .82  .80  .88  .84  .82  .88  .88  .74  .35  .05B .19B .22A                         
 523 ZHG046M  1151 1880  .82  .84  .77  .71  .80  .85  .82  .84  .89  .89  .87  .88  .88  .58  .54  .79  .76  .77           
 524 ZHG048M  1242 2009  .76  .75  .80  .79  .75  .81  .77  .75  .79  .77  .71  .70  .73  .77  .84  .60  .52  .70  .54  .29A
 526 ZHG052M  1274 1996  .79  .86  .89  .87  .83  .86  .85  .81  .77  .66  .61  .72  .83  .56  .52  .79  .81  .79  .77  .75 
 527 ZHG053A  1310 1919  .76  .72  .82  .81  .69  .84  .85  .84  .81  .82  .83  .69  .62  .71  .78  .86  .90  .82  .71      
 528 ZHG054A  1547 2009                                .78  .73  .74  .75  .69  .74  .82  .74  .76  .75  .56  .48  .75  .78 
 529 ZHG055M  1280 2009  .76  .75  .85  .86  .81  .86  .88  .78  .78  .82  .78  .80  .86  .84  .77  .67  .67  .65  .65  .79 
 530 ZHG057A  1341 2009  .59  .51  .54  .56  .43  .50  .62  .61  .51  .55  .48  .48  .58  .63  .64  .53  .48  .38  .45  .38 
 531 ZHG058A  1496 2009                      .52  .76  .65  .51  .56  .72  .75  .77  .79  .81  .86  .79  .75  .79  .89  .84 
 532 ZHG059A  1417 2009       .73  .85  .87  .79  .83  .86  .79  .71  .79  .88  .81  .75  .65  .67  .82  .78  .72  .61  .74 
 533 ZHP004M  1012 1720  .38  .19B .29B .29A .32A .35  .40  .47  .56  .63  .54                                              
 537 ZHP012M   696 1595  .47  .44  .55  .60  .52  .47                                                                       
 541 ZHP016M   969 1584  .55  .56  .51  .47  .57  .45                                                                       
 545 ZHP020M  -927 1654  .71  .69  .75  .80  .78  .77  .75  .67  .55                                                        
 548 ZHP025M   731 1644  .28A .20B .58  .66  .53  .59  .57  .54                                                             
 550 ZHP027M  -144 1617  .60  .69  .84  .86  .70  .70  .59                                                                  
 551 ZHP028M  -952 1915  .73  .68  .79  .85  .79  .70  .67  .72  .74  .82  .78  .60  .66  .52  .58  .67  .63  .52  .15B     
 555 ZHP038M   884 1842  .64  .83  .83  .73  .67  .69  .66  .75  .77  .78  .79  .72  .73  .75  .41  .41                     
 556 ZHP039M  -284 1871  .61  .48  .49  .54  .62  .65  .63  .56  .58  .64  .64  .64  .66  .68  .68  .46  .33                
 557 ZHP040M   128 1687  .84  .82  .71  .54  .65  .79  .54  .52  .69  .55                                                   
 558 ZHP041M     2 1479  .73  .81                                                                                           
 560 ZHP045M  -711 1748  .54  .47  .52  .52  .48  .36  .36  .43  .31A .29A .22B .27A                                        
 561 ZHP101M  1165 1776  .77  .85  .79  .75  .76  .85  .92  .88  .83  .77  .51  .46  .55  .31A                              
 562 ZHP104M  1404 1909       .77  .83  .76  .72  .81  .76  .70  .80  .81  .81  .76  .70  .65  .64  .77  .80  .67  .63      
 564 ZHP109M  1157 1610  .73  .68  .83  .83  .69  .76  .82                                                                  
 565 ZHP111M  1522 1898                           .54  .66  .78  .78  .82  .83  .80  .77  .75  .77  .83  .85  .80           
 566 ZHP113M  1166 1480  .69  .74                                                                                           
 567 ZHP119M  1358 1976  .41  .42  .69  .74  .76  .79  .84  .79  .83  .87  .84  .85  .86  .75  .75  .81  .84  .87  .65  .69 
 568 ZHP124M  1006 1449  .76                                                                                                
 569 ZHP128M  1001 1970  .84  .59  .56  .59  .65  .81  .79  .78  .67  .70  .71  .73  .77  .73  .80  .79  .70  .66  .72  .60 
 570 ZHP131M  1107 1999  .77  .75  .77  .76  .66  .70  .78  .77  .77  .83  .81  .74  .71  .67  .72  .70  .63  .63  .65  .67 
 571 ZHP132M   932 1973  .82  .82  .77  .74  .77  .78  .79  .83  .87  .86  .73  .72  .76  .73  .69  .65  .69  .78  .81  .73 
 572 ZHP134M   999 1521  .63  .44  .43                                                                                      
 573 ZHP135M   948 1950  .79  .76  .58  .48  .60  .82  .68  .59  .69  .69  .71  .75  .76  .73  .66  .62  .56  .47  .46  .48 
 575 ZHP138M  1116 1747  .81  .79  .82  .79  .76  .87  .80  .73  .82  .87  .80  .71                                         
 576 ZHP142M   726 1525  .56  .37  .39  .44                                                                                 
 577 ZHP143M   825 2009  .58  .63  .55  .58  .49  .53  .73  .59  .48  .60  .30A .30A .24A .24A .52  .36  .43  .50  .37  .39 
 578 ZHP144M   654 2009  .61  .53  .64  .72  .74  .69  .73  .72  .71  .69  .62  .49  .42  .46  .53  .49  .52  .47  .52  .62 
 579 ZHP145M   166 2009  .72  .57  .56  .70  .52  .32A .49  .50  .49  .54  .52  .47  .42  .50  .52  .24A .50  .47  .18B .48 
 581 ZHP148M    55 1674  .52  .50  .39  .45  .60  .56  .40  .26A .27A .36                                                   
 582 ZHP150M   975 2009  .70  .60  .62  .61  .43  .48  .69  .73  .74  .76  .73  .67  .65  .66  .75  .63  .51  .59  .70  .67 
 583 ZHP151M  -220 2009  .62  .52  .50  .51  .52  .44  .43  .57  .74  .74  .56  .47  .53  .64  .59  .42  .46  .52  .64  .54 
 584 ZHP152M   809 1480  .70  .62                                                                                           
 585 ZHP154M  1216 1993  .58  .37  .23B .29B .36  .23B .34  .43  .61  .72  .65  .56  .55  .59  .61  .45  .49  .33A .21B .40 
 587 ZHP156M  1229 1978  .54  .41  .52  .55  .38  .39  .66  .69  .75  .73  .60  .55  .55  .57  .60  .56  .52  .52  .51  .46 
 588 ZHP158M   714 1999  .64  .69  .67  .62  .47  .47  .53  .53  .67  .75  .73  .66  .60  .55  .42  .35  .54  .64  .62  .64 
 589 ZHP159M  1491 1971                      .16B .19B .39  .54  .40  .50  .58  .45  .51  .56  .59  .56  .56  .61  .62  .61 
 590 ZHP160M   957 1978  .64  .38  .28B .43  .56  .56  .62  .53  .42  .50  .53  .50  .61  .68  .63  .55  .54  .60  .63  .58 
 591 ZHP161M   962 2002  .64  .57  .55  .47  .46  .51  .53  .54  .65  .67  .49  .51  .65  .75  .76  .56  .46  .47  .58  .64 
 592 ZHP164M   722 2009  .64  .41  .39  .53  .38  .15B .53  .64  .34  .35  .31B .30B .49  .53  .49  .41  .55  .54  .43  .60 
 593 ZHP166M  1141 1999  .73  .75  .83  .84  .74  .69  .74  .74  .77  .79  .76  .76  .76  .78  .81  .76  .70  .72  .72  .69 
 594 ZHP167M  1445 2000            .27A .38  .53  .42  .51  .39  .38  .64  .47  .35  .38  .41  .51  .32A .20B .38  .60  .51 
 595 ZHP168M   825 2009  .50  .60  .60  .58  .44  .49  .67  .69  .78  .75  .63  .62  .64  .64  .61  .53  .62  .64  .54  .56 
 596 ZHP170M  1286 1980  .50  .60  .76  .69  .50  .41  .56  .68  .70  .72  .65  .60  .66  .73  .77  .72  .62  .62  .59  .57 
 597 ZHP171M  1239 1973  .64  .68  .80  .73  .51  .65  .81  .86  .86  .85  .83  .78  .77  .73  .80  .70  .62  .70  .60  .50 
 Av segment correlation  .69  .69  .72  .72  .67  .69  .70  .69  .70  .72  .71  .66  .67  .67  .68  .69  .70  .69  .66  .68 

 CORRELATION OF SERIES BY SEGMENTS: chin067
-----------------------------------------------------------------------------------------------------------------------------------
 Correlations of  50-year dated segments, lagged  25 years
 Flags:  A = correlation under   .3281 but highest as dated;  B = correlation higher at other than dated position

 Seq Series  Time_span  1900 1925 1950 
                        1949 1974 1999 
 --- -------- ---------  ---- ---- ---- 
   6 HTP006M  1355 1997  .11B .12B     
  47 MNP120M  1407 1959  .04B          
  48 MNP121M  1710 1961  .73           
  49 MNP124M  1120 1957  .80           
  57 MNP143M  1139 1980  .61  .58      
  74 MNP224M  1098 1994  .71  .69      
 112 MNP306M  1150 1985  .79  .68      
 195 MNP411M   930 1998  .74  .69      
 217 MNP474M  1710 1989  .51  .58      
 220 MNP477M  1777 1961  .76           
 221 MNP503M  1637 1956  .87           
 223 MNP505M  1611 1957  .85           
 224 MNP506M  1654 1956  .79           
 225 MNP507M  1674 1961  .74           
 227 MNP509M  1680 1963  .87           
 241 MNP527C  1846 2005  .80  .69  .56 
 278 MNP574M  1064 1951  .65           
 279 MNP577M   834 1986  .39  .38      
 288 MNP671M  1239 1955  .48           
 295 MNT203B  1490 2010  .71  .70  .83 
 298 MNT209M  1514 1953  .72           
 304 MNT252M  1489 2010  .84  .83  .83 
 305 MNT253A  1411 2010  .76  .69  .79 
 306 MNT254A  1220 2010  .74  .75  .82 
 309 MNT260M  1444 2010  .84  .83  .82 
 310 MNT261M  1430 2010  .81  .82  .81 
 313 MNT265M  1553 2010  .81  .72  .68 
 314 MNT266M  1169 2010  .74  .74  .68 
 315 MNT267M  1383 2010  .82  .79  .83 
 316 MNT268M  1533 2010  .89  .82  .89 
 317 MNT269A  1671 1990  .80  .80      
 318 MNT270M  1425 1969  .81           
 320 MNT272M  1578 2007  .74  .78  .78 
 321 MNT273M  1644 2010  .83  .81  .88 
 323 MNT276A  1318 1956  .85           
 329 MNT287M  1498 2010  .84  .81  .78 
 330 MNT289M  1513 1970  .76           
 334 MNT501M  1584 2011  .76  .60  .66 
 335 MNT504A  1384 2011  .68  .57  .50 
 336 MNT506M  1606 2011  .71  .58  .75 
 337 MNT508M  1893 2011  .67  .67  .77 
 338 MNT511M  1758 2011  .72  .79  .63 
 340 MNT525A  1419 1981  .72  .57      
 343 MNT534M  1798 2011  .73  .73  .78 
 344 MNT535M  1548 1958  .74           
 346 MNT539M  1656 2011  .86  .76  .67 
 347 MNT545M  1485 2011  .74  .69  .73 
 349 MNT552M  1622 2011  .60  .54  .66 
 350 MNT553A  1633 1968  .71           
 351 MNT554M  1531 2011  .90  .86  .88 
 353 MNT556A  1320 2011  .52  .47  .69 
 355 MNT559M  1608 2011  .86  .80  .86 
 356 MNT561A  1248 1982  .62  .63      
 357 MNT562A  1626 2011  .71  .62  .72 
 358 MNT563M  1540 1962  .83           
 359 MNT564M  1439 2011  .76  .76  .80 
 361 MNT567M  1649 1969  .65           
 362 MNT569M  1563 1968  .75           
 363 MNT571A  1574 1952  .66           
 364 MNT574M  1726 2011  .88  .82  .84 
 365 MNT575M  1562 2011  .76  .62  .73 
 366 MNT576M  1600 2011  .85  .81  .85 
 368 MNT578M  1603 2011  .77  .72  .83 
 369 MNT579M  1861 2011  .48  .47  .79 
 371 MNT583M  1332 2011  .65  .69  .82 
 372 MNT584M  1730 2011  .81  .82  .86 
 373 MNT585M  1372 2011  .66  .78  .79 
 374 MNT588A  1418 2010  .45  .36B .25B
 375 MNT589M  1310 2011  .36  .22A .32A
 376 MNT592M  1476 2011  .31B .28A .18B
 378 MNT595M  1749 2011  .47  .24B .29B
 379 MNT596M  1660 2011  .55  .37  .50 
 380 MNT597M  1590 2011  .85  .82  .86 
 381 MNT598M  1789 2011  .40  .30A .40 
 382 MNT599M  1606 2011  .57  .43  .55 
 383 MNT600A  1726 2011  .83  .72  .71 
 384 MNT601M  1870 2011  .48  .21A .39 
 385 MNT602M  1656 2011  .81  .68  .60 
 386 MNT603M  1590 2011  .47  .29A .35 
 387 MNT604M  1663 2011  .80  .71  .81 
 388 MNT605M  1584 1974  .85  .83      
 389 MNT606A  1542 2011  .49  .33  .34B
 390 MNT607M  1622 2011  .54  .42  .48 
 391 MNT609M  1424 2011  .01B .01B .11B
 392 MNT610A  1407 2011  .44  .44  .26B
 393 MNT611M  1676 2011  .76  .67  .79 
 395 MNT618M  1704 2011  .83  .81  .88 
 396 MNT619M  1384 2011  .35  .39  .20B
 398 MNT621M  1734 2011  .62  .74  .86 
 399 MNT622M  1727 2011  .80  .55  .49 
 400 MNT624M  1859 2011  .81  .62  .81 
 402 MNT626M  1774 2011  .84  .83  .85 
 404 MNT628M  1789 2011  .75  .75  .88 
 405 MNT629M  1762 2011  .81  .76  .81 
 406 MNT631M  1863 2011  .81  .75  .78 
 407 MNT633M  1726 2011  .77  .72  .77 
 408 MNT637M  1782 2011  .75  .79  .83 
 409 MNT639M  1559 1966  .81           
 410 MNT640B  1936 2011            .81 
 412 MNT654A  1919 2011       .75  .71 
 413 MNT666B  1769 2011  .81  .71  .71 
 414 MNT667M  1494 1978  .81  .79      
 416 MNT685M  1765 2011  .69  .55  .66 
 420 MNT708M  1523 2008  .80  .80  .81 
 424 MNT715M  1565 2011  .52  .45  .18B
 425 MNT716M  1933 2011            .77 
 426 MNT717B  1282 2011  .56  .17B .01B
 427 MNT718M  1527 1986  .77  .53      
 439 MSP120M  1099 1986  .29B .39      
 455 SBP013M  1255 2009  .47B .52  .66 
 456 SBP015M  1146 2009  .55  .54  .44 
 457 SBP016M  1246 2009  .26A .33B .42 
 459 SBP020A  1178 1955  .46           
 460 SBP022M  1215 2009  .45  .51  .64 
 464 SBP033M  1079 2009  .57  .59  .54 
 465 SBP035M  1110 2009  .32A .26B .20B
 466 SBP036M   957 2009  .34B .48  .47 
 467 SBP037M  1326 2009  .33  .50  .64 
 468 SBP038M  1447 2009  .43  .23B .30B
 469 SBP039M  1268 2009  .33B .43  .49 
 470 SBP041M   952 2009  .62  .74  .70 
 471 SBP042M  1402 2009  .71  .68  .73 
 472 SBP043M  1172 2009  .72  .68  .68 
 473 SBP049M  1209 2009  .80  .70  .79 
 474 SBP051M  1165 2009  .79  .78  .74 
 481 SGP011M   810 1970  .61           
 483 SGX003A  1035 2009  .40B .37  .66 
 484 SGX004M  1240 2009  .71  .64  .69 
 486 SGX012M  1275 2009  .68  .66  .73 
 487 SGX014M  1223 2009  .74  .69  .76 
 488 SGX018M   964 2009  .76  .72  .78 
 489 SGX024A  1171 2009  .64  .51  .63 
 490 SGX025M  1053 2009  .75  .67  .74 
 491 SGX028M  1029 2009  .74  .73  .80 
 492 SGX048M  1260 2009  .69  .64  .78 
 493 SGX057B   797 2009  .66  .66  .81 
 497 YMP104M  1095 1958  .78           
 498 YMP105M  1121 1974  .86  .73      
 499 YMP106M  1715 1958  .76           
 500 YMP107M  1714 1958  .81           
 501 YMP108M  1666 1993  .39  .41      
 502 YMP109M  1682 1993  .45  .58      
 503 ZHG001B  1536 1970  .70           
 504 ZHG003M  1387 2009  .32B .16B .63 
 505 ZHG004M   876 2009  .80  .72  .75 
 506 ZHG008M   818 2009 -.07B .10B .34 
 507 ZHG011A  1063 2009  .69  .65  .76 
 508 ZHG012M  1233 2009  .36  .50  .57 
 509 ZHG017M   831 2009  .15B .27A .40 
 510 ZHG018M   943 2009  .83  .86  .85 
 511 ZHG020M   988 2009  .66  .70  .71 
 512 ZHG022M  1013 2009  .68  .68  .79 
 513 ZHG024M  1296 2009  .80  .74  .78 
 515 ZHG027M  1500 2009  .70  .62  .82 
 516 ZHG029M  1001 2009  .64  .61  .66 
 517 ZHG034M  1531 2009  .81  .80  .86 
 520 ZHG042M  1085 2009  .67  .79  .79 
 524 ZHG048M  1242 2009  .33A .58  .66 
 526 ZHG052M  1274 1996  .66  .73      
 528 ZHG054A  1547 2009  .73  .77  .78 
 529 ZHG055M  1280 2009  .73  .57  .63 
 530 ZHG057A  1341 2009  .20B .26B .23A
 531 ZHG058A  1496 2009  .78  .69  .68 
 532 ZHG059A  1417 2009  .88  .81  .75 
 567 ZHP119M  1358 1976  .74  .57      
 569 ZHP128M  1001 1970  .42           
 570 ZHP131M  1107 1999  .60  .63  .56 
 571 ZHP132M   932 1973  .66           
 573 ZHP135M   948 1950  .32A          
 577 ZHP143M   825 2009  .36  .17B .38 
 578 ZHP144M   654 2009  .50  .53  .46 
 579 ZHP145M   166 2009  .25A .18A .42 
 582 ZHP150M   975 2009  .53  .35  .55 
 583 ZHP151M  -220 2009  .49  .49  .35 
 585 ZHP154M  1216 1993  .30A .12B     
 587 ZHP156M  1229 1978  .40  .34      
 588 ZHP158M   714 1999  .56  .51  .53 
 589 ZHP159M  1491 1971  .41           
 590 ZHP160M   957 1978  .48  .50      
 591 ZHP161M   962 2002  .36  .27B .41 
 592 ZHP164M   722 2009  .38  .19A .46 
 593 ZHP166M  1141 1999  .68  .53  .59 
 594 ZHP167M  1445 2000  .36  .34  .37 
 595 ZHP168M   825 2009  .34  .30A .45 
 596 ZHP170M  1286 1980  .47  .30B     
 597 ZHP171M  1239 1973  .44           
 Av segment correlation  .63  .58  .64 

 FLAGGED SEGMENTS: chin067
-----------------------------------------------------------------------------------------------------------------------------------
 Seq Series   Segment    Flag  r dated  Best lag  r at lag   Gain  Note
 --- -------- ---------  ----  -------  --------  --------  -----  -----------------
   1 HTP001M  1350 1399     B     .329        -7      .409   .080
   2 HTP002M   800  849     B     .316         6      .434   .119
   2 HTP002M   825  874     B     .210         3      .250   .039  weak at every lag
   3 HTP003M   950  999     B     .172         2      .273   .101  weak at every lag
   3 HTP003M   975 1024     A     .285         0
   3 HTP003M  1175 1224     A     .301         0
   3 HTP003M  1275 1324     B     .101         5      .185   .084  weak at every lag
   3 HTP003M  1300 1349     B     .264        -6      .363   .099
   3 HTP003M  1375 1424     B     .099        -8      .239   .140  weak at every lag
   3 HTP003M  1400 1449     B     .147         7      .330   .184
   3 HTP003M  1425 1474     A     .304         0
   3 HTP003M  1500 1549     A     .204         0
   3 HTP003M  1525 1574     A     .235         0
   3 HTP003M  1550 1599     B     .293        -3      .338   .045
   3 HTP003M  1575 1624     B     .287         7      .291   .004  weak at every lag
   3 HTP003M  1700 1749     B     .351         2      .393   .042
   4 HTP004M  1375 1424     B     .033         5      .208   .175  weak at every lag
   4 HTP004M  1400 1449     A     .238         0
   4 HTP004M  1525 1574     A     .328         0
   4 HTP004M  1550 1599     B     .160        -9      .333   .172
   4 HTP004M  1575 1624     B     .229         1      .243   .014  weak at every lag
   4 HTP004M  1600 1649     B     .345         7      .351   .006
   4 HTP004M  1700 1749     B     .453         2      .464   .011
   5 HTP005M  1150 1199     B     .273         5      .381   .108
   5 HTP005M  1175 1224     B     .167         5      .330   .162
   5 HTP005M  1525 1574     B     .294        -9      .345   .050
   5 HTP005M  1550 1599     A     .318         0
   6 HTP006M  1500 1549     B     .283         2      .295   .011  weak at every lag
   6 HTP006M  1525 1574     A     .327         0
   6 HTP006M  1575 1624     A     .296         0
   6 HTP006M  1600 1649     B     .321        -7      .364   .043
   6 HTP006M  1875 1924     B     .214         4      .366   .152
   6 HTP006M  1900 1949     B     .111         4      .414   .303
   6 HTP006M  1925 1974     B     .115         8      .275   .160  weak at every lag
   7 HTP007M  1200 1249     B     .399        -7      .405   .005
   7 HTP007M  1225 1274     B     .257         8      .321   .063  weak at every lag
   7 HTP007M  1250 1299     A     .282         0
   8 HTP008M   950  999     A     .301         0
   8 HTP008M  1325 1374     B     .278         5      .300   .022  weak at every lag
   8 HTP008M  1350 1399     B     .220        -7      .281   .062  weak at every lag
   8 HTP008M  1425 1474     B     .275         3      .362   .088
   8 HTP008M  1750 1799     A     .306         0
   9 HTP009M   450  499     A     .287         0
   9 HTP009M   575  624     A     .326         0
   9 HTP009M   600  649     A     .192         0
   9 HTP009M   625  674     A     .251         0
   9 HTP009M   700  749     A     .326         0
   9 HTP009M   725  774     B     .086         3      .357   .270
   9 HTP009M   750  799     B     .332         8      .353   .021
   9 HTP009M   950  999     A     .239         0
   9 HTP009M  1025 1074     B     .280         6      .412   .132
   9 HTP009M  1050 1099     B     .388         6      .394   .006
  10 HTP010M   625  674     A     .286         0
  10 HTP010M   725  774     A     .274         0
  10 HTP010M   925  974     A     .271         0
  10 HTP010M   950  999     A     .238         0
  10 HTP010M  1100 1149     B     .094        -9      .253   .159  weak at every lag
  10 HTP010M  1125 1174     A     .321         0
  10 HTP010M  1150 1199     A     .317         0
  10 HTP010M  1175 1224     B     .173         3      .316   .142  weak at every lag
  10 HTP010M  1225 1274     A     .226         0
  10 HTP010M  1250 1299     A     .222         0
  11 HTP011M   925  974     B     .153        -3      .304   .152  weak at every lag
  11 HTP011M   950  999     B     .315        -9      .344   .029
  11 HTP011M  1100 1149     B     .206         7      .378   .172
  11 HTP011M  1125 1174     A     .275         0
  12 HTP012M  -325 -276     A     .267         0
  12 HTP012M  -300 -251     B     .177        -2      .238   .062  weak at every lag
  12 HTP012M  -150 -101     B     .401         4      .424   .023
  12 HTP012M   250  299     A     .277         0
  13 HTP013M   475  524     A     .273         0
  13 HTP013M   575  624     A     .328         0
  14 HTP015M   625  674     B    -.019        10      .339   .358
  14 HTP015M   700  749     B     .116         9      .320   .204  weak at every lag
  14 HTP015M   725  774     B     .006         3      .272   .266  weak at every lag
  14 HTP015M   750  799     B     .228         6      .258   .030  weak at every lag
  14 HTP015M  1375 1424     A     .261         0
  14 HTP015M  1500 1549     B     .008         7      .251   .243  weak at every lag
  14 HTP015M  1525 1574     B    -.036         2      .381   .417
  14 HTP015M  1550 1599     B     .288         7      .300   .013  weak at every lag
  14 HTP015M  1600 1649     B     .223         7      .262   .039  weak at every lag
  14 HTP015M  1625 1674     A     .228         0
  15 HTP017M   850  899     B     .172        -7      .326   .154  weak at every lag
  15 HTP017M   900  949     B     .242        -9      .350   .108
  15 HTP017M   925  974     B     .298        -3      .338   .040
  15 HTP017M  1175 1224     A     .278         0
  15 HTP017M  1425 1474     A     .308         0
  15 HTP017M  1450 1499     A     .263         0
  16 HTP018M   950  999     B     .356         9      .390   .033
  16 HTP018M  1150 1199     B     .187         5      .324   .137  weak at every lag
  16 HTP018M  1175 1224     B     .241        -6      .246   .005  weak at every lag
  16 HTP018M  1275 1324     A     .310         0
  16 HTP018M  1300 1349     B     .289        -6      .298   .008  weak at every lag
  16 HTP018M  1500 1549     B     .231        10      .233   .002  weak at every lag
  16 HTP018M  1525 1574     A     .266         0
  17 HTP019M  -150 -101     B     .114        -7      .297   .183  weak at every lag
  17 HTP019M  -125  -76     B     .155       -10      .222   .066  weak at every lag
  17 HTP019M  -100  -51     A     .245         0
  17 HTP019M   -75  -26     A     .296         0
  17 HTP019M   -50   -1     B     .250         9      .259   .009  weak at every lag
  17 HTP019M   -25   24     B     .065        -6      .211   .146  weak at every lag
  17 HTP019M     0   49     B     .138        -7      .178   .040  weak at every lag
  17 HTP019M   125  174     B     .252        -6      .290   .038  weak at every lag
  17 HTP019M   375  424     A     .315         0
  17 HTP019M   400  449     A     .308         0
  17 HTP019M   600  649     B     .091         1      .192   .101  weak at every lag
  17 HTP019M   625  674     B     .069        -6      .252   .183  weak at every lag
  17 HTP019M   650  699     A     .281         0
  18 HTP020M   175  224     A     .312         0
  18 HTP020M   200  249     A     .313         0
  18 HTP020M   250  299     B     .102         9      .245   .142  weak at every lag
  18 HTP020M   275  324     B     .118        -8      .299   .181  weak at every lag
  18 HTP020M   300  349     A     .290         0
  18 HTP020M   600  649     A     .309         0
  18 HTP020M   625  674     A     .308         0
  18 HTP020M   800  849     B     .313         7      .353   .039
  18 HTP020M   975 1024     B     .246         2      .303   .057  weak at every lag
  18 HTP020M  1075 1124     A     .303         0
  18 HTP020M  1100 1149     B     .317         7      .366   .049
  18 HTP020M  1125 1174     A     .245         0
  18 HTP020M  1200 1249     B     .219        -3      .245   .027  weak at every lag
  18 HTP020M  1225 1274     A     .264         0
  18 HTP020M  1275 1324     A     .327         0
  18 HTP020M  1350 1399     A     .257         0
  19 HTP021M  -225 -176     B     .338         6      .340   .002
  19 HTP021M  -200 -151     B     .281         6      .282   .000  weak at every lag
  20 HTP022M   700  749     B     .081        -9      .181   .100  weak at every lag
  20 HTP022M   725  774     A     .198         0
  20 HTP022M   750  799     B     .384        -6      .509   .125
  20 HTP022M   825  874     A     .311         0
  20 HTP022M   850  899     A     .310         0
  21 HTP023M  -200 -151     B     .158        -2      .275   .118  weak at every lag
  21 HTP023M  -175 -126     A     .308         0
  21 HTP023M   200  249     A     .303         0
  21 HTP023M   450  499     A     .260         0
  21 HTP023M   475  524     B     .178         1      .197   .019  weak at every lag
  21 HTP023M   500  549     A     .324         0
  21 HTP023M   575  624     A     .328         0
  21 HTP023M   600  649     B     .200         1      .253   .053  weak at every lag
  21 HTP023M   625  674     A     .277         0
  21 HTP023M   675  724     B     .340        -3      .512   .173
  22 HTP025M  -150 -101     B     .305        -7      .338   .034
  22 HTP025M  -125  -76     A     .281         0
  22 HTP025M     0   49     A     .326         0
  22 HTP025M    25   74     A     .321         0
  22 HTP025M   100  149     B     .216        -3      .219   .003  weak at every lag
  22 HTP025M   125  174     B     .098        -6      .130   .032  weak at every lag
  22 HTP025M   175  224     A     .306         0
  22 HTP025M   250  299     A     .294         0
  22 HTP025M   275  324     A     .319         0
  22 HTP025M   550  599     B     .228         6      .401   .173
  22 HTP025M   575  624     B     .240         3      .301   .061  weak at every lag
  22 HTP025M   675  724     B     .238        -3      .263   .025  weak at every lag
  22 HTP025M   700  749     B     .305         9      .370   .065
  22 HTP025M   850  899     A     .294         0
  23 HTP026M    25   74     B     .248         3      .390   .142
  23 HTP026M    75  124     B     .456         2      .464   .008
  23 HTP026M   175  224     B     .271         8      .298   .027  weak at every lag
  23 HTP026M   200  249     B     .283        10      .317   .034  weak at every lag
  23 HTP026M   250  299     A     .294         0
  23 HTP026M   275  324     B     .181         9      .378   .197
  23 HTP026M   600  649     A     .271         0
  23 HTP026M   700  749     B     .203        -9      .292   .090  weak at every lag
  23 HTP026M   725  774     B     .023         7      .346   .323
  23 HTP026M   750  799     B     .188        -6      .296   .108  weak at every lag
  24 HTP027M   575  624     B    -.059        -6      .286   .345  weak at every lag
  24 HTP027M   600  649     B     .132        -2      .210   .077  weak at every lag
  24 HTP027M   625  674     B     .269         8      .296   .028  weak at every lag
  24 HTP027M   675  724     B     .231        -1      .370   .139
  24 HTP027M   700  749     B     .254        -1      .345   .091
  24 HTP027M   725  774     B     .202        -1      .279   .077  weak at every lag
  24 HTP027M   750  799     A     .314         0
  24 HTP027M   950  999     B     .301        10      .330   .029
  24 HTP027M  1175 1224     B     .246        -6      .291   .045  weak at every lag
  24 HTP027M  1300 1349     A     .287         0
  24 HTP027M  1325 1374     A     .271         0
  24 HTP027M  1350 1399     A     .235         0
  24 HTP027M  1425 1474     A     .309         0
  25 HTP028M   425  474     B     .230         6      .252   .022  weak at every lag
  25 HTP028M   450  499     B     .185         4      .359   .174
  25 HTP028M   475  524     B     .274         2      .278   .005  weak at every lag
  25 HTP028M   600  649     A     .276         0
  25 HTP028M   675  724     B     .347        -3      .404   .058
  25 HTP028M  1150 1199     B     .150         6      .195   .045  weak at every lag
  25 HTP028M  1175 1224     B     .217        -6      .297   .079  weak at every lag
  25 HTP028M  1225 1274     B     .233         4      .262   .028  weak at every lag
  25 HTP028M  1250 1299     A     .285         0
  25 HTP028M  1325 1374     A     .297         0
  25 HTP028M  1350 1399     B    -.047         4      .306   .353  weak at every lag
  26 HTP029M  -450 -401     B     .295        -6      .355   .061
  26 HTP029M  -425 -376     B     .277         2      .286   .008  weak at every lag
  26 HTP029M  -400 -351     B     .266        -8      .298   .032  weak at every lag
  26 HTP029M  -350 -301     A     .295         0
  26 HTP029M  -325 -276     B     .091         8      .286   .194  weak at every lag
  26 HTP029M  -300 -251     B     .172         3      .184   .012  weak at every lag
  26 HTP029M    25   74     B     .324         8      .391   .067
  26 HTP029M   250  299     B     .346         7      .352   .006
  26 HTP029M   425  474     A     .231         0
  27 HTP030M   200  249     B     .076        -6      .384   .308
  27 HTP030M   225  274     A     .314         0
  27 HTP030M   250  299     B     .243         7      .289   .046  weak at every lag
  27 HTP030M   275  324     B     .075         5      .304   .229  weak at every lag
  27 HTP030M   400  449     A     .319         0
  27 HTP030M   425  474     A     .253         0
  27 HTP030M   450  499     A     .297         0
  27 HTP030M   475  524     A     .228         0
  27 HTP030M   525  574     A     .326         0
  27 HTP030M   550  599     A     .316         0
  27 HTP030M   575  624     A     .305         0
  27 HTP030M   625  674     A     .312         0
  27 HTP030M   675  724     B     .077        -1      .339   .262
  27 HTP030M   700  749     B     .050        -1      .266   .216  weak at every lag
  28 HTP031M   125  174     A     .321         0
  28 HTP031M   200  249     B     .213         5      .306   .093  weak at every lag
  28 HTP031M   225  274     B     .274         5      .334   .060
  28 HTP031M   250  299     B     .157         2      .273   .116  weak at every lag
  28 HTP031M   275  324     A     .254         0
  28 HTP031M   425  474     A     .293         0
  28 HTP031M   550  599     B     .297        -6      .329   .031
  28 HTP031M   575  624     B     .134        -6      .385   .251
  28 HTP031M   600  649     B     .352         3      .379   .027
  28 HTP031M   625  674     A     .270         0
  28 HTP031M   700  749     A     .260         0
  28 HTP031M  1150 1199     B     .301         5      .311   .011  weak at every lag
  28 HTP031M  1175 1224     A     .287         0
  28 HTP031M  1200 1249     A     .255         0
  28 HTP031M  1500 1549     A     .328         0
  29 HTP032M   275  324     A     .253         0
  29 HTP032M   350  399     A     .277         0
  29 HTP032M   375  424     A     .284         0
  29 HTP032M   450  499     B     .177        -9      .189   .012  weak at every lag
  29 HTP032M   475  524     B     .178        10      .186   .008  weak at every lag
  29 HTP032M   500  549     B     .290        -8      .317   .027  weak at every lag
  29 HTP032M   525  574     B     .130        -8      .351   .220
  29 HTP032M   550  599     B     .162        -8      .352   .189
  29 HTP032M   575  624     B     .292         3      .353   .061
  29 HTP032M   600  649     B     .075         3      .382   .307
  29 HTP032M   625  674     B     .107        -8      .344   .236
  29 HTP032M   725  774     B     .123         6      .208   .085  weak at every lag
  29 HTP032M   750  799     A     .307         0
  29 HTP032M   825  874     B     .174         7      .304   .131  weak at every lag
  29 HTP032M   850  899     A     .272         0
  29 HTP032M   925  974     A     .237         0
  29 HTP032M   950  999     B     .157         4      .208   .051  weak at every lag
  29 HTP032M   975 1024     A     .328         0
  29 HTP032M  1150 1199     B     .305         6      .341   .037
  29 HTP032M  1175 1224     A     .305         0
  29 HTP032M  1200 1249     A     .328         0
  29 HTP032M  1225 1274     B     .207        -7      .325   .118  weak at every lag
  29 HTP032M  1250 1299     B     .195         6      .259   .064  weak at every lag
  29 HTP032M  1275 1324     A     .307         0
  30 HTP033M   475  524     A     .283         0
  30 HTP033M   525  574     B     .288         6      .405   .117
  30 HTP033M   550  599     B     .231         6      .347   .117
  30 HTP033M   600  649     B     .103        -8      .213   .110  weak at every lag
  30 HTP033M   625  674     B     .262        -8      .461   .199
  30 HTP033M   700  749     B     .346         9      .380   .034
  30 HTP033M   725  774     B     .235         3      .364   .129
  30 HTP033M   825  874     A     .315         0
  30 HTP033M  1275 1324     B     .171       -10      .269   .098  weak at every lag
  30 HTP033M  1300 1349     B     .080         9      .377   .297
  31 HTP034M   500  549     B     .306         6      .308   .002  weak at every lag
  31 HTP034M   525  574     B     .267         6      .350   .083
  31 HTP034M   550  599     B     .179        -8      .282   .103  weak at every lag
  31 HTP034M   575  624     B     .126         3      .294   .168  weak at every lag
  31 HTP034M   600  649     B     .173       -10      .213   .040  weak at every lag
  31 HTP034M   625  674     B     .204         9      .431   .227
  31 HTP034M   650  699     B     .323         9      .421   .098
  31 HTP034M   725  774     A     .300         0
  31 HTP034M   750  799     A     .327         0
  32 HTP035M   925  974     B     .246        -3      .276   .030  weak at every lag
  32 HTP035M  1100 1149     A     .314         0
  32 HTP035M  1150 1199     B     .260        -3      .260   .000  weak at every lag
  32 HTP035M  1175 1224     B     .196        -6      .224   .027  weak at every lag
  32 HTP035M  1200 1249     B     .245        -7      .278   .032  weak at every lag
  32 HTP035M  1225 1274     B     .188         4      .229   .041  weak at every lag
  32 HTP035M  1250 1299     B     .126       -10      .241   .115  weak at every lag
  32 HTP035M  1275 1324     B     .189        -2      .275   .086  weak at every lag
  34 HTP039M  1600 1649     A     .296         0
  37 MNP103M   275  324     B     .503         8      .515   .011
  37 MNP103M   575  624     B     .499        -3      .503   .004
  40 MNP107M  1100 1149     B     .519        -1      .541   .022
  47 MNP120M  1750 1799     A     .283         0
  47 MNP120M  1850 1899     B     .255        -4      .274   .018  weak at every lag
  47 MNP120M  1875 1924     A     .237         0
  47 MNP120M  1900 1949     B     .035        -3      .296   .261  weak at every lag
  48 MNP121M  1725 1774     B     .290        -2      .459   .169
  50 MNP133M  1575 1624     A     .187         0
  50 MNP133M  1600 1649     A     .286         0
  55 MNP140M   900  949     B     .343         7      .369   .026
  60 MNP147M  -1125 -1076     B     .059        -1      .497   .438
  60 MNP147M  -1100 -1051     B    -.031        -1      .619   .650
  74 MNP224M  1100 1149     B     .196         6      .241   .045  weak at every lag
  94 MNP252M  -425 -376     B     .280        -2      .411   .131
  94 MNP252M  -400 -351     B     .136        -1      .378   .242
  94 MNP252M  -375 -326     B     .347        -1      .359   .011
  97 MNP261M   800  849     A     .315         0
 103 MNP271M  1325 1374     B     .325         6      .380   .055
 103 MNP271M  1350 1399     A     .259         0
 104 MNP274M  1100 1149     B     .532        -1      .566   .033
 109 MNP280M  1100 1149     B     .223         2      .306   .083  weak at every lag
 111 MNP305M  -675 -626     A     .313         0
 127 MNP323A   850  899     A     .295         0
 133 MNP334M  1525 1574     B     .295         9      .388   .093
 138 MNP340M  -1050 -1001     B     .371         1      .633   .262
 138 MNP340M  -1025 -976     B     .296         1      .685   .389
 143 MNP347M  -275 -226     A     .305         0
 143 MNP347M   600  649     B     .121        -8      .330   .209
 143 MNP347M   625  674     B     .247        10      .356   .109
 143 MNP347M   650  699     B     .323        10      .355   .032
 144 MNP348M   475  524     B     .308         1      .320   .012  weak at every lag
 144 MNP348M   500  549     B    -.129         1      .321   .450  weak at every lag
 144 MNP348M   525  574     B     .043        -7      .380   .338
 144 MNP348M   550  599     B     .069        10      .469   .401
 150 MNP355M   925  974     B     .255        -2      .304   .049  weak at every lag
 151 MNP357M  -1500 -1451     A     .324         0
 151 MNP357M  -1475 -1426     B     .246         9      .283   .037  weak at every lag
 151 MNP357M  -1075 -1026     B     .175         1      .508   .333
 151 MNP357M  -1050 -1001     B     .117         1      .552   .435
 151 MNP357M  -1025 -976     B     .236         1      .575   .339
 153 MNP359M   800  849     A     .274         0
 153 MNP359M   825  874     B     .187         9      .365   .178
 154 MNP360M   825  874     B     .057        -8      .276   .219  weak at every lag
 155 MNP361M   900  949     A     .238         0
 161 MNP367A  1350 1399     A     .244         0
 161 MNP367A  1375 1424     A     .290         0
 162 MNP370M  -125  -76     A     .258         0
 165 MNP375A   725  774     B     .236        10      .280   .044  weak at every lag
 167 MNP377M   175  224     A     .327         0
 171 MNP382M  1150 1199     A     .243         0
 176 MNP387M   625  674     A     .293         0
 180 MNP391M  -300 -251     B     .392         9      .448   .055
 181 MNP392M  -250 -201     A     .300         0
 181 MNP392M   675  724     B     .287        -9      .348   .061
 181 MNP392M   700  749     B     .314         9      .415   .101
 191 MNP407M  -1300 -1251     A     .296         0
 194 MNP410A   950  999     A     .285         0
 194 MNP410A   975 1024     B     .202       -10      .246   .045  weak at every lag
 194 MNP410A  1350 1399     B     .390        -7      .456   .066
 195 MNP411M   975 1024     A     .293         0
 195 MNP411M  1000 1049     B     .090        -1      .307   .216  weak at every lag
 195 MNP411M  1125 1174     A     .314         0
 195 MNP411M  1150 1199     A     .261         0
 195 MNP411M  1200 1249     B     .256         9      .301   .045  weak at every lag
 200 MNP416M  1600 1649     B     .137        -4      .415   .278
 200 MNP416M  1625 1674     A     .325         0
 204 MNP422M  1425 1474     B     .163         5      .436   .272
 208 MNP431M  -1000 -951     B     .293        -1      .369   .076
 208 MNP431M  -125  -76     B     .164         6      .251   .086  weak at every lag
 208 MNP431M  -100  -51     B     .235        -5      .272   .038  weak at every lag
 208 MNP431M   -75  -26     B     .179         4      .218   .039  weak at every lag
 208 MNP431M   -50   -1     B    -.023        -6      .266   .289  weak at every lag
 208 MNP431M   -25   24     B    -.223         2      .325   .548  weak at every lag
 208 MNP431M     0   49     B    -.248         2      .164   .411  weak at every lag
 208 MNP431M    25   74     B    -.165         5      .225   .391  weak at every lag
 208 MNP431M    50   99     B    -.114         9      .229   .343  weak at every lag
 208 MNP431M    75  124     B     .070        -5      .384   .314
 208 MNP431M   100  149     A     .211         0
 208 MNP431M   125  174     B    -.002        -9      .157   .159  weak at every lag
 208 MNP431M   150  199     B     .070        -5      .247   .177  weak at every lag
 208 MNP431M   175  224     B     .248         9      .267   .019  weak at every lag
 208 MNP431M   200  249     B     .211       -10      .387   .176
 208 MNP431M   225  274     B     .108        -2      .256   .149  weak at every lag
 211 MNP436M  -1000 -951     A     .267         0
 211 MNP436M  -575 -526     A     .308         0
 211 MNP436M   600  649     B     .283         8      .375   .091
 213 MNP440A  -775 -726     B     .290         3      .301   .012  weak at every lag
 213 MNP440A  -750 -701     A     .232         0
 215 MNP472A  -1050 -1001     B     .286         1      .686   .400
 215 MNP472A  -1025 -976     B     .267         1      .741   .474
 215 MNP472A  -675 -626     A     .307         0
 217 MNP474M  1725 1774     B     .101        -1      .347   .246
 218 MNP475M   800  849     B     .066        -9      .325   .259  weak at every lag
 229 MNP512A  1100 1149     A     .301         0
 229 MNP512A  1250 1299     B     .231        -3      .331   .100
 235 MNP520M  1200 1249     A     .305         0
 242 MNP528M  -1100 -1051     B     .272        10      .314   .042  weak at every lag
 242 MNP528M  -700 -651     A     .277         0
 242 MNP528M  -675 -626     B     .150         8      .267   .118  weak at every lag
 242 MNP528M  -400 -351     B     .426         2      .439   .014
 243 MNP529A   600  649     A     .225         0
 243 MNP529A   625  674     A     .316         0
 243 MNP529A   850  899     B     .182        10      .184   .001  weak at every lag
 244 MNP530M   850  899     A     .270         0
 244 MNP530M  1125 1174     B     .257        -8      .433   .176
 246 MNP532A   450  499     B     .356        -5      .397   .041
 246 MNP532A   475  524     A     .284         0
 247 MNP533M   725  774     A     .303         0
 255 MNP542M  -850 -801     A     .320         0
 258 MNP546M  -2500 -2451     A     .219         0
 258 MNP546M  -2475 -2426     B     .228         7      .305   .076  weak at every lag
 258 MNP546M  -2375 -2326     B     .275        -9      .372   .097
 258 MNP546M  -2300 -2251     A     .295         0
 258 MNP546M  -2275 -2226     B     .073         2      .318   .246  weak at every lag
 258 MNP546M  -2250 -2201     B     .101         7      .181   .080  weak at every lag
 258 MNP546M  -2225 -2176     A     .322         0
 258 MNP546M  -875 -826     B     .296        -3      .457   .160
 258 MNP546M  -850 -801     B     .179        -3      .445   .267
 259 MNP547M  -1050 -1001     B     .409         1      .457   .048
 259 MNP547M  -1025 -976     B     .285         1      .608   .324
 260 MNP548M   925  974     A     .321         0
 260 MNP548M   950  999     B     .274        -6      .335   .061
 262 MNP550A  1825 1874     A     .298         0
 270 MNP563M   425  474     A     .327         0
 276 MNP569M  1350 1399     B     .202         7      .239   .037  weak at every lag
 278 MNP574M  1075 1124     B     .144         3      .385   .241
 282 MNP581M  1275 1324     B     .182        -9      .206   .024  weak at every lag
 282 MNP581M  1300 1349     B     .294        -6      .348   .054
 282 MNP581M  1325 1374     A     .310         0
 284 MNP583M   250  299     A     .288         0
 284 MNP583M  1025 1074     B     .231         6      .344   .112
 288 MNP671M  1275 1324     B     .287        -6      .348   .062
 288 MNP671M  1325 1374     A     .315         0
 288 MNP671M  1425 1474     A     .289         0
 292 MNP855M  -1050 -1001     B     .401         1      .729   .328
 292 MNP855M  -1025 -976     B     .224         1      .715   .491
 294 MNP946M  -2500 -2451     A     .219         0
 294 MNP946M  -2475 -2426     A     .228         0
 294 MNP946M  -2375 -2326     B     .275         9      .386   .111
 294 MNP946M  -2275 -2226     A     .328         0
 294 MNP946M  -2250 -2201     B     .235        -1      .297   .062  weak at every lag
 294 MNP946M  -2225 -2176     B     .224         7      .301   .077  weak at every lag
 319 MNT271A  1500 1549     A     .279         0
 345 MNT538M  1350 1399     A     .228         0
 356 MNT561A  1350 1399     B     .207        -2      .345   .138
 374 MNT588A  1925 1974     B     .362         4      .392   .030
 374 MNT588A  1950 1999     B     .247         3      .398   .151
 375 MNT589M  1575 1624     B     .305         5      .307   .002  weak at every lag
 375 MNT589M  1925 1974     A     .220         0
 375 MNT589M  1950 1999     A     .316         0
 376 MNT592M  1900 1949     B     .307        -3      .386   .079
 376 MNT592M  1925 1974     A     .283         0
 376 MNT592M  1950 1999     B     .178         8      .331   .153
 378 MNT595M  1925 1974     B     .237         4      .307   .071  weak at every lag
 378 MNT595M  1950 1999     B     .285         6      .321   .036  weak at every lag
 381 MNT598M  1800 1849     B     .252        -5      .329   .077
 381 MNT598M  1925 1974     A     .300         0
 384 MNT601M  1925 1974     A     .212         0
 386 MNT603M  1925 1974     A     .289         0
 387 MNT604M  1675 1724     B     .263        10      .354   .091
 389 MNT606A  1550 1599     B     .168        -9      .393   .224
 389 MNT606A  1575 1624     A     .324         0
 389 MNT606A  1950 1999     B     .344         9      .382   .038
 391 MNT609M  1850 1899     B     .292        -3      .303   .011  weak at every lag
 391 MNT609M  1875 1924     B    -.024         4      .358   .382
 391 MNT609M  1900 1949     B     .010        -4      .322   .313  weak at every lag
 391 MNT609M  1925 1974     B     .006         1      .356   .350
 391 MNT609M  1950 1999     B     .106         1      .355   .249
 392 MNT610A  1525 1574     B     .223       -10      .271   .048  weak at every lag
 392 MNT610A  1950 1999     B     .264        -5      .309   .045  weak at every lag
 396 MNT619M  1850 1899     A     .314         0
 396 MNT619M  1875 1924     B     .233         6      .274   .041  weak at every lag
 396 MNT619M  1950 1999     B     .201         1      .267   .066  weak at every lag
 407 MNT633M  1825 1874     A     .304         0
 424 MNT715M  1950 1999     B     .180         3      .208   .028  weak at every lag
 426 MNT717B  1850 1899     B     .297        -8      .331   .034
 426 MNT717B  1925 1974     B     .168        -3      .236   .068  weak at every lag
 426 MNT717B  1950 1999     B     .009        -3      .195   .185  weak at every lag
 429 MSP104M   875  924     B     .161        -6      .258   .097  weak at every lag
 430 MSP105M   950  999     A     .304         0
 430 MSP105M  1100 1149     B     .254        -9      .273   .019  weak at every lag
 430 MSP105M  1150 1199     A     .302         0
 430 MSP105M  1175 1224     A     .302         0
 431 MSP107M   425  474     B     .315         9      .381   .066
 431 MSP107M   450  499     B     .125        -9      .284   .159  weak at every lag
 431 MSP107M   475  524     B     .312         2      .349   .037
 431 MSP107M   575  624     B     .296         8      .313   .017  weak at every lag
 433 MSP111M   650  699     A     .318         0
 433 MSP111M   675  724     B     .190         4      .216   .026  weak at every lag
 433 MSP111M   700  749     B     .075         9      .263   .188  weak at every lag
 433 MSP111M   725  774     B     .176        -9      .327   .151  weak at every lag
 435 MSP114M   250  299     A     .268         0
 435 MSP114M   275  324     A     .286         0
 435 MSP114M   825  874     B     .250        -5      .325   .076  weak at every lag
 435 MSP114M   850  899     B     .173        10      .264   .090  weak at every lag
 436 MSP116M   150  199     A     .279         0
 436 MSP116M   175  224     B     .244        -2      .334   .090
 436 MSP116M   425  474     A     .324         0
 436 MSP116M   450  499     A     .313         0
 436 MSP116M   825  874     A     .271         0
 436 MSP116M   850  899     A     .301         0
 438 MSP119M   750  799     B     .220        -5      .260   .040  weak at every lag
 438 MSP119M   775  824     A     .315         0
 439 MSP120M  1150 1199     B     .214        -6      .323   .109  weak at every lag
 439 MSP120M  1175 1224     B     .233        -7      .272   .039  weak at every lag
 439 MSP120M  1200 1249     B     .243         7      .277   .034  weak at every lag
 439 MSP120M  1225 1274     B     .202        -8      .250   .049  weak at every lag
 439 MSP120M  1250 1299     A     .323         0
 439 MSP120M  1275 1324     A     .310         0
 439 MSP120M  1500 1549     B     .376        -9      .427   .051
 439 MSP120M  1875 1924     A     .325         0
 439 MSP120M  1900 1949     B     .291        -8      .299   .008  weak at every lag
 441 MSP123M   875  924     B     .160         3      .251   .091  weak at every lag
 441 MSP123M  1000 1049     B     .199        -4      .294   .095  weak at every lag
 441 MSP123M  1025 1074     B     .158        -4      .332   .174
 442 MSP124M  1225 1274     B     .335        -2      .369   .034
 443 MSP125M  1100 1149     A     .195         0
 444 MSP127M   400  449     B     .422        -2      .462   .040
 444 MSP127M   425  474     B     .263        -2      .300   .037  weak at every lag
 444 MSP127M   475  524     A     .323         0
 444 MSP127M   500  549     A     .311         0
 446 MSP129A  1200 1249     B     .269        -7      .387   .118
 448 MSP132M   450  499     A     .285         0
 448 MSP132M   475  524     A     .313         0
 448 MSP132M   575  624     A     .326         0
 448 MSP132M   600  649     B     .355         3      .400   .044
 450 MSP327M   -25   24     A     .266         0
 453 MSP354A   450  499     A     .299         0
 454 MSP356M   800  849     A     .254         0
 454 MSP356M   825  874     B     .122         9      .272   .150  weak at every lag
 454 MSP356M   850  899     A     .304         0
 454 MSP356M  1275 1324     A     .324         0
 454 MSP356M  1300 1349     B     .352        -6      .368   .016
 455 SBP013M  1900 1949     B     .467       -10      .516   .050
 456 SBP015M  1150 1199     B     .318         4      .318   .000  weak at every lag
 457 SBP016M  1250 1299     B     .093         8      .200   .107  weak at every lag
 457 SBP016M  1275 1324     B     .080         4      .219   .140  weak at every lag
 457 SBP016M  1900 1949     A     .258         0
 457 SBP016M  1925 1974     B     .333        -7      .336   .003
 458 SBP017M  1050 1099     B     .202        -5      .277   .075  weak at every lag
 460 SBP022M  1225 1274     B     .128         6      .394   .267
 460 SBP022M  1250 1299     B     .083         4      .376   .294
 461 SBP024M   625  674     A     .310         0
 461 SBP024M   650  699     A     .284         0
 461 SBP024M   675  724     B     .246        -1      .385   .138
 461 SBP024M   700  749     B     .326        -1      .364   .038
 462 SBP025M   575  624     A     .285         0
 462 SBP025M   600  649     B     .313        -5      .325   .011  weak at every lag
 462 SBP025M   625  674     B     .337        -5      .396   .059
 462 SBP025M  1175 1224     A     .298         0
 462 SBP025M  1200 1249     A     .314         0
 462 SBP025M  1275 1324     A     .293         0
 463 SBP029M  1175 1224     B     .145        -4      .310   .165  weak at every lag
 464 SBP033M  1325 1374     B     .293        -6      .392   .098
 464 SBP033M  1350 1399     B     .268         3      .326   .058  weak at every lag
 465 SBP035M  1125 1174     B     .402        -8      .438   .036
 465 SBP035M  1800 1849     B     .270        -7      .332   .062
 465 SBP035M  1900 1949     A     .320         0
 465 SBP035M  1925 1974     B     .262         4      .296   .034  weak at every lag
 465 SBP035M  1950 1999     B     .200        -8      .324   .123  weak at every lag
 466 SBP036M  1275 1324     B     .302         4      .362   .060
 466 SBP036M  1725 1774     B     .418        -6      .452   .034
 466 SBP036M  1750 1799     B     .279         9      .317   .038  weak at every lag
 466 SBP036M  1775 1824     B     .183         9      .286   .103  weak at every lag
 466 SBP036M  1875 1924     B     .269         4      .282   .013  weak at every lag
 466 SBP036M  1900 1949     B     .342         3      .355   .014
 468 SBP038M  1925 1974     B     .235        -3      .323   .088  weak at every lag
 468 SBP038M  1950 1999     B     .302         3      .317   .016  weak at every lag
 469 SBP039M  1500 1549     A     .293         0
 469 SBP039M  1875 1924     B     .274       -10      .279   .005  weak at every lag
 469 SBP039M  1900 1949     B     .327       -10      .368   .041
 478 SGP008M   825  874     B     .221         3      .244   .023  weak at every lag
 478 SGP008M   850  899     A     .317         0
 479 SGP009M   825  874     B     .270         4      .287   .016  weak at every lag
 479 SGP009M   850  899     A     .311         0
 483 SGX003A  1900 1949     B     .399         1      .442   .042
 493 SGX057B  1150 1199     B     .164        -6      .258   .094  weak at every lag
 493 SGX057B  1325 1374     A     .309         0
 493 SGX057B  1350 1399     A     .290         0
 497 YMP104M  1175 1224     A     .200         0
 499 YMP106M  1725 1774     A     .318         0
 501 YMP108M  1675 1724     A     .225         0
 501 YMP108M  1700 1749     B     .228         2      .279   .050  weak at every lag
 501 YMP108M  1725 1774     A     .235         0
 504 ZHG003M  1900 1949     B     .316         1      .647   .331
 504 ZHG003M  1925 1974     B     .163         1      .483   .320
 505 ZHG004M   900  949     B    -.028         1      .671   .699
 505 ZHG004M   925  974     B    -.011         1      .756   .767
 505 ZHG004M   950  999     B     .145         1      .627   .482
 506 ZHG008M   825  874     B     .222         3      .274   .053  weak at every lag
 506 ZHG008M  1775 1824     A     .295         0
 506 ZHG008M  1875 1924     B     .156         4      .248   .092  weak at every lag
 506 ZHG008M  1900 1949     B    -.075        -7      .264   .338  weak at every lag
 506 ZHG008M  1925 1974     B     .096        -9      .218   .122  weak at every lag
 508 ZHG012M  1250 1299     B     .181         3      .274   .094  weak at every lag
 508 ZHG012M  1275 1324     B     .137        -3      .209   .071  weak at every lag
 508 ZHG012M  1300 1349     B     .196         9      .261   .065  weak at every lag
 508 ZHG012M  1325 1374     A     .259         0
 508 ZHG012M  1350 1399     B     .192         7      .196   .004  weak at every lag
 509 ZHG017M   925  974     B     .306         6      .432   .126
 509 ZHG017M   950  999     B     .240         6      .377   .137
 509 ZHG017M  1275 1324     A     .323         0
 509 ZHG017M  1525 1574     B     .086       -10      .243   .157  weak at every lag
 509 ZHG017M  1750 1799     B     .238         8      .290   .051  weak at every lag
 509 ZHG017M  1775 1824     B     .081        10      .200   .120  weak at every lag
 509 ZHG017M  1800 1849     B     .184        -2      .386   .202
 509 ZHG017M  1900 1949     B     .151         4      .271   .120  weak at every lag
 509 ZHG017M  1925 1974     A     .272         0
 510 ZHG018M   950  999     B    -.061         1      .593   .654
 516 ZHG029M  1275 1324     A     .278         0
 522 ZHG045M  1700 1749     B     .047         4      .363   .316
 522 ZHG045M  1725 1774     B     .192         4      .275   .082  weak at every lag
 522 ZHG045M  1750 1799     A     .218         0
 524 ZHG048M  1875 1924     A     .294         0
 524 ZHG048M  1900 1949     A     .325         0
 530 ZHG057A  1900 1949     B     .202       -10      .230   .028  weak at every lag
 530 ZHG057A  1925 1974     B     .259        -5      .266   .007  weak at every lag
 530 ZHG057A  1950 1999     A     .230         0
 533 ZHP004M  1425 1474     B     .189         7      .230   .041  weak at every lag
 533 ZHP004M  1450 1499     B     .287        -3      .417   .130
 533 ZHP004M  1475 1524     A     .293         0
 533 ZHP004M  1500 1549     A     .318         0
 535 ZHP010M  -550 -501     A     .310         0
 536 ZHP011M  -200 -151     B     .080        -6      .238   .158  weak at every lag
 536 ZHP011M  -175 -126     B     .301         4      .395   .093
 536 ZHP011M  -150 -101     B     .450         4      .559   .109
 536 ZHP011M   575  624     B     .185         8      .218   .033  weak at every lag
 536 ZHP011M   600  649     B     .137         8      .295   .159  weak at every lag
 537 ZHP012M   700  749     B     .195         9      .312   .117  weak at every lag
 539 ZHP014M    25   74     B     .169         6      .288   .119  weak at every lag
 539 ZHP014M    50   99     B     .343        -6      .375   .033
 539 ZHP014M   250  299     A     .280         0
 539 ZHP014M   450  499     B     .187        10      .388   .201
 540 ZHP015M   -75  -26     A     .327         0
 540 ZHP015M   600  649     A     .188         0
 540 ZHP015M   625  674     A     .302         0
 541 ZHP016M  1175 1224     B     .335        -6      .336   .001
 541 ZHP016M  1275 1324     B     .218        10      .222   .004  weak at every lag
 542 ZHP017M     0   49     B     .269         5      .351   .082
 542 ZHP017M    50   99     B     .220        10      .308   .088  weak at every lag
 542 ZHP017M   550  599     B     .385         6      .462   .077
 542 ZHP017M   575  624     B     .252         6      .370   .118
 543 ZHP018M  -1625 -1576     A     .288         0
 543 ZHP018M  -1600 -1551     B     .135         7      .200   .064  weak at every lag
 543 ZHP018M  -1575 -1526     B     .282       -10      .355   .073
 543 ZHP018M  -1075 -1026     B     .483         1      .547   .064
 543 ZHP018M  -1050 -1001     B     .451         1      .634   .183
 543 ZHP018M  -1025 -976     B     .366         1      .557   .191
 543 ZHP018M  -550 -501     B     .284       -10      .309   .025  weak at every lag
 543 ZHP018M     0   49     B     .301        -6      .375   .073
 543 ZHP018M   575  624     B     .155        -6      .223   .069  weak at every lag
 543 ZHP018M   600  649     B     .284        -4      .304   .019  weak at every lag
 543 ZHP018M   625  674     B     .302        -4      .333   .031
 543 ZHP018M   725  774     A     .320         0
 543 ZHP018M   825  874     B     .291        -9      .303   .012  weak at every lag
 543 ZHP018M  1250 1299     A     .315         0
 543 ZHP018M  1275 1324     B     .127        -4      .177   .049  weak at every lag
 544 ZHP019M  -125  -76     B     .304        -6      .440   .137
 544 ZHP019M     0   49     B     .164        -9      .324   .160  weak at every lag
 546 ZHP021M  -1050 -1001     B     .153         7      .256   .103  weak at every lag
 546 ZHP021M  -1025 -976     B     .274        -1      .280   .006  weak at every lag
 547 ZHP022M  -550 -501     A     .311         0
 547 ZHP022M  -450 -401     A     .327         0
 547 ZHP022M   575  624     B     .243         8      .297   .054  weak at every lag
 547 ZHP022M   600  649     B     .044        -1      .142   .099  weak at every lag
 547 ZHP022M   625  674     B     .236         1      .348   .112
 548 ZHP025M  1350 1399     B     .285        -3      .322   .037  weak at every lag
 548 ZHP025M  1400 1449     A     .281         0
 548 ZHP025M  1425 1474     B     .198         5      .307   .109  weak at every lag
 549 ZHP026M  1125 1174     B     .278        -5      .334   .055
 549 ZHP026M  1250 1299     B     .187         5      .187   .000  weak at every lag
 549 ZHP026M  1275 1324     A     .305         0
 550 ZHP027M  -125  -76     B     .259        -6      .283   .024  weak at every lag
 550 ZHP027M   600  649     A     .284         0
 550 ZHP027M   800  849     A     .291         0
 550 ZHP027M   825  874     B     .208       -10      .231   .023  weak at every lag
 551 ZHP028M     0   49     B     .237        -2      .245   .008  weak at every lag
 551 ZHP028M  1850 1899     B     .148        -7      .334   .187
 552 ZHP029M  -575 -526     A     .255         0
 554 ZHP033M  -725 -676     B     .319         3      .338   .019
 554 ZHP033M  -675 -626     B     .195        -9      .329   .135
 554 ZHP033M  -650 -601     A     .298         0
 554 ZHP033M  -575 -526     B     .237        -5      .289   .051  weak at every lag
 554 ZHP033M  -550 -501     A     .270         0
 554 ZHP033M  -450 -401     B     .236         5      .258   .022  weak at every lag
 554 ZHP033M  -425 -376     B    -.065        -9      .235   .301  weak at every lag
 554 ZHP033M  -400 -351     B     .234         3      .234   .000  weak at every lag
 554 ZHP033M  -325 -276     A     .249         0
 554 ZHP033M  -300 -251     B     .430        -7      .485   .055
 556 ZHP039M   125  174     B     .260         7      .298   .038  weak at every lag
 556 ZHP039M   700  749     B     .248        -3      .308   .059  weak at every lag
 556 ZHP039M   725  774     B     .199        -4      .373   .174
 559 ZHP044M   575  624     A     .322         0
 560 ZHP045M  -700 -651     A     .213         0
 560 ZHP045M  -675 -626     B     .184        -3      .317   .134  weak at every lag
 560 ZHP045M  -575 -526     B     .275         3      .397   .123
 560 ZHP045M  -550 -501     B     .247        -4      .377   .131
 560 ZHP045M  -525 -476     B     .292        -4      .332   .040
 560 ZHP045M  -350 -301     B     .155         7      .304   .149  weak at every lag
 560 ZHP045M  -325 -276     B     .117         6      .171   .053  weak at every lag
 560 ZHP045M   525  574     B     .257        -1      .304   .047  weak at every lag
 560 ZHP045M   600  649     B     .168        -3      .195   .027  weak at every lag
 560 ZHP045M   625  674     A     .295         0
 560 ZHP045M  1600 1649     A     .308         0
 560 ZHP045M  1625 1674     A     .294         0
 560 ZHP045M  1650 1699     B     .221       -10      .295   .074  weak at every lag
 560 ZHP045M  1675 1724     A     .268         0
 561 ZHP101M  1725 1774     A     .312         0
 563 ZHP106M  -875 -826     B     .061        -5      .164   .103  weak at every lag
 563 ZHP106M  -850 -801     B     .183        -3      .282   .099  weak at every lag
 563 ZHP106M  -825 -776     B     .141        -5      .180   .040  weak at every lag
 573 ZHP135M   950  999     A     .324         0
 573 ZHP135M  1900 1949     A     .317         0
 576 ZHP142M   825  874     B     .371         9      .407   .037
 577 ZHP143M   850  899     A     .309         0
 577 ZHP143M  1650 1699     A     .303         0
 577 ZHP143M  1675 1724     A     .298         0
 577 ZHP143M  1700 1749     A     .242         0
 577 ZHP143M  1725 1774     A     .237         0
 577 ZHP143M  1925 1974     B     .165        -7      .302   .137  weak at every lag
 578 ZHP144M   675  724     B     .192        -1      .362   .170
 578 ZHP144M   700  749     B    -.007        -1      .521   .528
 578 ZHP144M   725  774     B    -.053        -1      .406   .459
 578 ZHP144M   750  799     B     .030        -1      .283   .253  weak at every lag
 578 ZHP144M   775  824     B     .261         5      .275   .015  weak at every lag
 579 ZHP145M  1525 1574     A     .319         0
 579 ZHP145M  1775 1824     A     .244         0
 579 ZHP145M  1850 1899     B     .176        -5      .190   .014  weak at every lag
 579 ZHP145M  1900 1949     A     .252         0
 579 ZHP145M  1925 1974     A     .178         0
 581 ZHP148M   825  874     A     .280         0
 581 ZHP148M  1575 1624     A     .264         0
 581 ZHP148M  1600 1649     A     .272         0
 582 ZHP150M   975 1024     B     .300        -9      .381   .081
 583 ZHP151M  -200 -151     B     .277        -2      .588   .311
 585 ZHP154M  1225 1274     B     .137         8      .283   .146  weak at every lag
 585 ZHP154M  1250 1299     B     .182         5      .311   .128  weak at every lag
 585 ZHP154M  1275 1324     B     .148         4      .333   .185
 585 ZHP154M  1450 1499     B     .226         4      .273   .047  weak at every lag
 585 ZHP154M  1475 1524     B     .287         4      .339   .053
 585 ZHP154M  1525 1574     B     .229        -9      .329   .100
 585 ZHP154M  1825 1874     A     .327         0
 585 ZHP154M  1850 1899     B     .214         7      .315   .101  weak at every lag
 585 ZHP154M  1900 1949     A     .300         0
 585 ZHP154M  1925 1974     B     .116         4      .403   .287
 587 ZHP156M  1250 1299     A     .285         0
 589 ZHP159M  1500 1549     B     .156        -8      .191   .035  weak at every lag
 589 ZHP159M  1525 1574     B     .194         2      .249   .055  weak at every lag
 590 ZHP160M  1450 1499     B     .284         4      .313   .030  weak at every lag
 591 ZHP161M  1925 1974     B     .268         4      .357   .089
 592 ZHP164M   725  774     B     .194        -2      .255   .061  weak at every lag
 592 ZHP164M   750  799     B     .426        -2      .523   .097
 592 ZHP164M  1275 1324     A     .277         0
 592 ZHP164M  1525 1574     B     .146       -10      .408   .262
 592 ZHP164M  1650 1699     B     .312        -2      .335   .023
 592 ZHP164M  1675 1724     B     .301        -5      .309   .008  weak at every lag
 592 ZHP164M  1925 1974     A     .195         0
 593 ZHP166M  1150 1199     B     .176         3      .196   .020  weak at every lag
 594 ZHP167M  1450 1499     A     .267         0
 594 ZHP167M  1775 1824     A     .324         0
 594 ZHP167M  1800 1849     B     .199         4      .223   .024  weak at every lag
 595 ZHP168M  1925 1974     A     .302         0
 596 ZHP170M  1925 1974     B     .304         4      .326   .022  weak at every lag

 DESCRIPTIVE STATISTICS: chin067
-----------------------------------------------------------------------------------------------------------------------------------

                                                Corr   //-------- Unfiltered --------\\  //-- dplR filtered --\\
                           No.    No.    No.    with   Mean   Max     Std   Auto   Mean   Max     Std   Auto  AR
 Seq Series   Interval   Years  Segmt  Flags   Master  msmt   msmt    dev   corr   sens  value    dev   corr  ()
 --- -------- ---------  -----  -----  -----   ------ -----  -----  -----  -----  -----  -----  -----  -----  --
   1 HTP001M  1204 1858    655     24      1    .632    .25    .73   .124   .852   .243   1.69   .221  -.006   3
   2 HTP002M   726 1730   1005     38      2    .525    .33   1.10   .214   .935   .209   1.79   .204  -.014   3
   3 HTP003M   927 1754    828     31     13    .331    .33    .74   .106   .857   .142   1.52   .138  -.006   3
   4 HTP004M  1371 1822    452     16      7    .357    .40    .74   .125   .827   .146   1.54   .147   .000   1
   5 HTP005M   839 1713    875     33      4    .437    .32    .80   .141   .856   .193   1.70   .191   .004   1
   6 HTP006M  1355 1997    643     23      7    .409    .19    .55   .074   .728   .232   1.77   .209  -.009   3
   7 HTP007M   993 1309    317     11      3    .501    .29    .49   .077   .666   .170   1.44   .160  -.003   1
   8 HTP008M   939 1852    914     35      5    .438    .17    .72   .131   .938   .229   1.86   .225  -.003   3
   9 HTP009M   420 1219    800     30     10    .390    .21    .37   .065   .796   .170   1.59   .152  -.007   3
  10 HTP010M   616 1337    722     27     10    .398    .23    .58   .109   .885   .200   2.02   .190   .000   1
  11 HTP011M   838 1196    359     12      4    .460    .22    .39   .064   .754   .175   1.61   .161   .004   3
  12 HTP012M  -375  657   1033     39      4    .501    .17    .53   .095   .847   .263   2.07   .245  -.002   1
  13 HTP013M   425 1115    691     25      2    .488    .27   1.28   .203   .947   .218   1.88   .215  -.015   3
  14 HTP015M   609 1685   1077     41     10    .367    .19    .68   .128   .924   .236   2.08   .225  -.006   1
  15 HTP017M   846 1607    762     29      6    .439    .24    .71   .147   .934   .192   1.59   .173   .002   1
  16 HTP018M   901 1583    683     25      7    .386    .26    .57   .089   .818   .167   1.49   .163  -.020   3
  17 HTP019M  -164 1067   1232     47     13    .409    .15    .33   .061   .793   .223   1.75   .215  -.006   1
  18 HTP020M   150 1404   1255     49     16    .385    .11    .37   .051   .716   .314   2.17   .281   .025   0
  19 HTP021M  -250  673    924     34      2    .550    .31    .66   .109   .812   .174   1.54   .164   .007   1
  20 HTP022M   687 1452    766     29      5    .468    .13    .32   .050   .673   .269   1.96   .241   .000   2
  21 HTP023M  -215  907   1123     43     10    .431    .19    .58   .108   .901   .226   1.78   .218  -.001   3
  22 HTP025M  -222 1065   1288     49     14    .381    .24    .64   .115   .890   .197   1.82   .191  -.004   1
  23 HTP026M  -230  943   1174     45     10    .437    .19    .59   .082   .810   .230   1.73   .203  -.007   3
  24 HTP027M   558 1562   1005     38     13    .389    .26    .54   .070   .694   .171   1.64   .169   .007   1
  25 HTP028M   289 1404   1116     43     11    .368    .23    .56   .116   .900   .195   1.77   .190  -.011   3
  26 HTP029M  -468  475    944     36      9    .448    .19    .36   .051   .582   .204   1.51   .175   .003   3
  27 HTP030M   181  840    660     24     14    .295    .28    .57   .087   .794   .168   1.51   .160   .006   2
  28 HTP031M   101 1632   1532     59     15    .431    .15    .40   .066   .789   .241   1.94   .215   .001   2
  29 HTP032M   264 1472   1209     46     24    .319    .17    .48   .087   .871   .211   1.87   .209  -.002   1
  30 HTP033M   457 1363    907     34     10    .392    .19    .59   .076   .811   .197   1.55   .187  -.012   3
  31 HTP034M   491 1239    749     28      9    .379    .20    .65   .109   .849   .245   1.97   .241  -.003   2
  32 HTP035M   756 1526    771     29      8    .375    .22    .59   .111   .840   .243   1.85   .231   .002   2
  33 HTP038M   657 1067    411     14      0    .534    .27    .50   .068   .693   .164   1.38   .149   .001   1
  34 HTP039M  1442 1879    438     16      1    .463    .28    .59   .096   .634   .242   1.71   .223  -.004   3
  35 MNP101M   896 1428    533     20      0    .727    .46   1.19   .232   .824   .294   1.78   .272   .003   1
  36 MNP102M   789 1474    686     26      0    .624    .31   1.32   .238   .858   .398   2.43   .341   .005   2
  37 MNP103M    71 1109   1039     40      2    .708    .34    .81   .158   .633   .366   2.29   .324  -.009   3
  38 MNP105M   908 1679    772     29      0    .674    .30   1.50   .260   .927   .324   1.96   .296  -.002   2
  39 MNP106M   321 1441   1121     43      0    .634    .32   1.24   .191   .810   .275   1.91   .248  -.006   3
  40 MNP107M  1065 1421    357     12      1    .761    .50   1.27   .242   .544   .450   1.90   .382   .002   1
  41 MNP109M   468 1279    812     31      0    .745    .34   1.05   .207   .733   .426   2.99   .386  -.006   3
  42 MNP110M   387 1296    910     34      0    .686    .23    .75   .135   .553   .495   3.04   .442  -.015   3
  43 MNP114M  1394 1687    294     10      0    .762    .60   1.40   .272   .449   .413   1.82   .335  -.012   3
  44 MNP115M   945 1793    849     32      0    .718    .26   1.28   .174   .916   .254   1.70   .230  -.011   3
  45 MNP116M   917 1251    335     12      0    .685    .41   1.95   .377   .962   .262   1.81   .244   .001   1
  46 MNP117M   920 1344    425     15      0    .761    .36   1.21   .233   .889   .302   1.79   .280   .002   1
  47 MNP120M  1407 1959    553     20      4    .523    .44   1.06   .156   .701   .235   1.69   .219  -.004   2
  48 MNP121M  1710 1961    252      8      1    .668    .93   3.50   .709   .927   .253   1.59   .244   .017   3
  49 MNP124M  1120 1957    838     32      0    .636    .49   1.59   .291   .887   .269   2.15   .270  -.006   3
  50 MNP133M  1572 1840    269      9      2    .553    .71   2.45   .427   .950   .181   1.87   .197   .009   1
  51 MNP134M   923 1174    252      9      0    .684    .67   2.06   .448   .951   .214   1.79   .229   .000   2
  52 MNP135M   728 1428    701     26      0    .728    .65   1.74   .296   .805   .247   1.64   .213  -.011   3
  53 MNP136M   965 1451    487     18      0    .721    .39   1.28   .271   .864   .339   2.12   .319   .001   2
  54 MNP138M  1103 1443    341     11      0    .783    .34    .78   .145   .635   .343   1.78   .286   .002   2
  55 MNP140M   881 1404    524     19      1    .747    .37   1.91   .306   .883   .385   2.26   .354  -.001   2
  56 MNP142M  1095 1437    343     12      0    .737    .39   1.08   .222   .631   .452   2.16   .415   .018   1
  57 MNP143M  1139 1980    842     32      0    .629    .31    .78   .124   .831   .198   1.75   .188  -.003   3
  58 MNP144M  1066 1908    843     32      0    .666    .25    .73   .134   .731   .394   2.25   .337   .000   1
  59 MNP146M  1054 1680    627                          .38   2.65   .418   .959   .327                         
  60 MNP147M  -1230 1229   2460     97      2    .671    .31   1.36   .184   .724   .381   2.39   .340  -.005   3
  61 MNP148M   966 1146    181      5      0    .720    .41    .84   .196   .673   .345   1.78   .302   .008   3
  62 MNP201M  1166 1405    240      8      0    .760    .40   1.07   .181   .472   .423   2.02   .350   .012   2
  63 MNP202M  1141 1640    500     18      0    .774    .33   1.07   .173   .595   .426   2.26   .354   .004   3
  64 MNP203M   940 1629    690     26      0    .813    .30   1.03   .185   .728   .429   2.51   .373   .002   2
  65 MNP204M  1163 1725    563     21      0    .664    .34    .95   .203   .858   .287   1.79   .269   .008   1
  66 MNP206M  1127 1728    602     22      0    .778    .32   1.25   .272   .909   .371   2.06   .310  -.009   3
  67 MNP208M  1181 1631    451     16      0    .756    .39   1.03   .218   .803   .318   1.96   .281   .005   1
  68 MNP209M  1163 1766    604     22      0    .772    .34   1.02   .193   .644   .458   2.23   .389  -.003   2
  69 MNP210M   772 1660    889     34      0    .628    .36    .88   .145   .568   .323   2.08   .283   .000   2
  70 MNP212M  1156 1437    282      9      0    .695    .40   1.02   .194   .830   .254   1.66   .214  -.009   2
  71 MNP213B   999 1649    651     24      0    .684    .40   1.38   .261   .653   .534   2.64   .484  -.002   2
  72 MNP216M   923 1122    200      6      0    .703    .40    .76   .183   .644   .386   2.05   .340  -.000   1
  73 MNP220M   964 1405    442     16      0    .774    .30    .92   .195   .822   .396   2.26   .369  -.000   1
  74 MNP224M  1098 1994    897     34      1    .657    .30    .95   .155   .728   .367   2.35   .318   .021   0
  75 MNP225M   997 1349    353     13      0    .778    .37   1.07   .253   .824   .466   2.00   .398   .000   1
  76 MNP226M  1096 1732    637     24      0    .710    .32   1.02   .203   .807   .313   1.84   .278  -.003   1
  77 MNP228M  1104 1788    685     25      0    .751    .33   1.17   .210   .802   .334   1.79   .301  -.012   3
  78 MNP230M   869 1270    402     14      0    .699    .47   1.22   .256   .699   .409   2.38   .371  -.020   3
  79 MNP235M  1022 1443    422     15      0    .690    .24    .85   .135   .645   .434   2.08   .381  -.000   2
  80 MNP237M  -435  658   1094     42      0    .767    .23    .79   .142   .607   .508   2.57   .437  -.012   3
  81 MNP238M  -122 1260   1383     53      0    .746    .25   1.14   .172   .864   .332   2.04   .300  -.024   3
  82 MNP239B   771 1323    553     20      0    .677    .13    .37   .064   .496   .424   2.88   .359  -.005   2
  83 MNP240M  -416  328    745     28      0    .666    .42    .99   .213   .726   .376   2.38   .347   .003   1
  84 MNP241M  1179 1652    474     17      0    .824    .46   1.32   .289   .789   .366   1.97   .313  -.001   3
  85 MNP242M   757 1447    691     25      0    .706    .28   1.10   .205   .842   .353   2.60   .320  -.008   3
  86 MNP243M   716 1327    612     23      0    .672    .23    .60   .126   .707   .384   2.19   .344  -.003   2
  87 MNP244M  -778  118    897     34      0    .754    .33    .88   .156   .664   .356   2.01   .327  -.017   3
  88 MNP245M  1118 1625    508     19      0    .832    .35   1.40   .256   .795   .444   2.39   .354  -.006   3
  89 MNP246M  1122 1624    503     19      0    .815    .36   1.00   .194   .632   .414   2.22   .358   .006   1
  90 MNP248M  1100 1689    590     21      0    .835    .34    .94   .210   .812   .354   1.98   .304  -.001   2
  91 MNP249M   783 1164    382     13      0    .793    .28    .56   .104   .639   .301   1.76   .268  -.005   2
  92 MNP250M   808 1801    994     38      0    .774    .23    .86   .158   .805   .391   2.40   .367  -.013   3
  93 MNP251M  1074 1445    372     13      0    .755    .33    .71   .135   .682   .292   1.70   .248   .018   0
  94 MNP252M  -669 -226    444     16      3    .679    .31    .65   .138   .480   .413   2.04   .351  -.010   3
  95 MNP254M  -498   34    533     19      0    .796    .25    .80   .124   .520   .413   1.84   .348  -.006   3
  96 MNP255M   809 1374    566     21      0    .767    .25    .69   .133   .729   .355   1.88   .308  -.003   2
  97 MNP261M   787 1456    670     25      1    .746    .37   1.05   .184   .794   .308   2.03   .288  -.009   3
  98 MNP262M  -1262  530   1793     70      0    .792    .24    .97   .133   .767   .338   2.17   .289  -.006   3
  99 MNP263M  -786  755   1542     60      0    .755    .21    .60   .114   .713   .352   2.24   .317  -.014   3
 100 MNP264M  -898  427   1326     51      0    .810    .23    .53   .088   .450   .335   2.39   .276  -.008   3
 101 MNP265M  -188  359    548     20      0    .762    .31    .72   .142   .611   .367   1.89   .306   .032   0
 102 MNP270M   913 1474    562     21      0    .733    .22    .76   .138   .759   .399   3.11   .376  -.006   2
 103 MNP271M   688 1443    756     28      2    .689    .33   1.08   .167   .852   .236   1.90   .226  -.002   1
 104 MNP274M  1067 1443    377     13      1    .741    .45   1.08   .225   .634   .392   2.15   .354   .011   1
 105 MNP275M    46  946    901     34      0    .623    .52   1.46   .284   .759   .388   2.30   .357  -.001   3
 106 MNP276M  -313  -51    263      9      0    .784    .46   1.09   .248   .676   .403   1.86   .328  -.007   3
 107 MNP277M  1169 1664    496     18      0    .756    .37    .97   .233   .775   .373   2.24   .325  -.009   2
 108 MNP278M  1092 1635    544     20      0    .784    .45   1.19   .235   .604   .433   2.38   .394   .008   1
 109 MNP280M   930 1151    222      7      1    .551    .44   1.13   .254   .802   .296   1.91   .284  -.023   3
 110 MNP302M   852 1327    476     17      0    .759    .30    .67   .134   .846   .212   1.59   .203  -.001   1
 111 MNP305M  -786  313   1100     42      1    .630    .22    .71   .126   .873   .236   1.74   .229  -.013   3
 112 MNP306M  1150 1985    836     31      0    .759    .33   1.18   .197   .782   .361   2.10   .315   .005   1
 113 MNP307B   636 1117    482     17      0    .657    .28    .65   .116   .505   .367   1.88   .319  -.034   3
 114 MNP308M  1178 1458    281      9      0    .646    .42   1.12   .271   .734   .433   2.42   .388   .007   1
 115 MNP309M   744 1475    732     28      0    .778    .38    .97   .199   .828   .299   2.04   .278   .004   1
 116 MNP310A  1199 1784    586     22      0    .768    .37    .81   .169   .600   .348   1.72   .306   .000   1
 117 MNP311M  -1716 -469   1248     48      0    .770    .29    .72   .128   .724   .296   2.04   .274  -.011   3
 118 MNP312M  -1497 -231   1267     48      0    .771    .22    .62   .094   .712   .299   2.12   .269  -.017   3
 119 MNP313M    75 1835   1761     68      0    .732    .31    .67   .125   .701   .270   2.15   .249  -.005   1
 120 MNP314M  -128  748    877     33      0    .642    .25    .59   .115   .735   .296   2.25   .266  -.001   2
 121 MNP316M  -942  469   1412     54      0    .752    .17    .78   .105   .830   .351   2.09   .305  -.003   3
 122 MNP317M  -835 1333   2169     85      0    .795    .16    .44   .065   .542   .331   2.08   .293  -.013   3
 123 MNP318M  -565 1063   1629     63      0    .701    .22    .57   .088   .547   .326   2.13   .297  -.006   3
 124 MNP320M  -700  370   1071     40      0    .805    .31    .64   .097   .497   .274   1.93   .246  -.005   3
 125 MNP321M  1099 1696    598     21      0    .763    .28    .74   .126   .607   .381   2.02   .320   .000   2
 126 MNP322M  -509  480    990     38      0    .752    .18    .50   .098   .761   .345   2.12   .310  -.011   3
 127 MNP323A   226 1191    966     36      1    .724    .22    .66   .103   .582   .360   2.00   .321  -.011   3
 128 MNP324M  -1659   13   1673     65      0    .778    .20    .59   .098   .663   .345   2.35   .302  -.000   1
 129 MNP326M   846 1266    421     15      0    .683    .46   1.10   .175   .828   .187   1.51   .175  -.016   3
 130 MNP329M   950 1574    625     23      0    .600    .29    .77   .145   .789   .274   1.83   .256  -.003   2
 131 MNP331M  -321  359    681     25      0    .781    .31    .92   .136   .654   .326   1.71   .277  -.010   3
 132 MNP332M   375 1402   1028     39      0    .620    .31    .62   .113   .848   .170   1.82   .162   .002   1
 133 MNP334M  -329 1590   1920     75      1    .713    .22    .68   .113   .775   .300   2.56   .271   .003   1
 134 MNP335M   881 1611    731     27      0    .735    .28    .75   .167   .870   .274   1.85   .236   .016   0
 135 MNP336M  -350  548    899     33      0    .762    .34    .71   .129   .539   .314   1.72   .264  -.008   3
 136 MNP338M  -324  679   1004     38      0    .783    .27    .83   .139   .684   .372   2.20   .321  -.011   3
 137 MNP339M  1161 1869    709     26      0    .797    .29    .97   .187   .877   .281   1.91   .260   .008   1
 138 MNP340M  -1271 -237   1035     39      2    .673    .23    .63   .092   .814   .209   1.61   .190  -.002   3
 139 MNP341M  1182 1447    266      8      0    .639    .53   1.35   .339   .903   .232   1.79   .219   .012   1
 140 MNP343M  1192 1714    523     19      0    .771    .30   1.01   .212   .894   .312   2.01   .271   .000   2
 141 MNP344M  -235 1376   1612     63      0    .758    .32    .93   .158   .766   .308   2.35   .290  -.013   3
 142 MNP345M   900 1711    812     30      0    .824    .33   1.07   .146   .696   .317   1.98   .286  -.007   3
 143 MNP347M  -286  858   1145     44      4    .733    .50   1.33   .244   .841   .243   1.98   .225  -.008   3
 144 MNP348M  -301  620    922     34      4    .655    .24   1.01   .152   .823   .364   2.18   .316  -.012   3
 145 MNP349M  -176 1684   1861     72      0    .758    .31   1.07   .145   .631   .354   2.14   .312  -.011   3
 146 MNP350A   591 1424    834     32      0    .727    .27    .73   .116   .647   .322   1.91   .290  -.001   2
 147 MNP351M  -885 -214    672     25      0    .799    .22    .83   .133   .755   .391   1.94   .324  -.017   3
 148 MNP352M   194 1003    810     31      0    .680    .33    .76   .121   .758   .223   1.64   .209  -.005   3
 149 MNP353M  -880  939   1820     71      0    .742    .17    .65   .088   .729   .315   2.23   .282  -.008   3
 150 MNP355M   777 1095    319     10      1    .512    .49   1.20   .225   .874   .188   1.79   .190  -.016   1
 151 MNP357M  -1538 -328   1211     46      5    .522    .21    .56   .062   .661   .198   1.94   .191  -.003   2
 152 MNP358M   107 1088    982     37      0    .770    .20    .83   .120   .798   .305   2.24   .270  -.004   3
 153 MNP359M   783 1450    668     25      2    .496    .33    .94   .142   .814   .220   1.73   .202  -.006   1
 154 MNP360M   802 1256    455     16      1    .454    .34    .85   .141   .861   .184   1.56   .174  -.008   1
 155 MNP361M   899 1269    371     13      1    .435    .32    .76   .103   .784   .164   1.47   .154   .009   1
 156 MNP362M   911 1670    760     28      0    .620    .20    .50   .083   .782   .229   1.67   .208   .003   1
 157 MNP363M  -650  701   1352     52      0    .657    .15    .35   .055   .629   .288   1.79   .247  -.008   3
 158 MNP364M  -173 1298   1472     56      0    .727    .26    .99   .136   .810   .286   2.84   .279  -.008   3
 159 MNP365M   835 1369    535     19      0    .546    .58   1.26   .250   .852   .216   1.86   .207  -.002   2
 160 MNP366M  -2294 -669   1626     63      0    .564    .17    .41   .061   .724   .236   1.81   .221  -.006   3
 161 MNP367A  -183 1588   1772     69      2    .748    .25    .69   .089   .532   .285   1.91   .255  -.018   3
 162 MNP370M  -161 1186   1348     52      1    .714    .22    .57   .095   .653   .294   2.05   .267  -.009   3
 163 MNP371M  -369  406    776     29      0    .660    .20    .46   .072   .611   .274   1.83   .240  -.010   3
 164 MNP372A  -1706 -830    877     33      0    .713    .22    .58   .097   .705   .277   1.98   .265  -.005   3
 165 MNP375A     6 1674   1669     65      1    .688    .20    .68   .101   .718   .317   2.10   .287  -.007   3
 166 MNP376M  -1689 -214   1476     57      0    .749    .21    .53   .076   .727   .230   1.70   .207   .004   2
 167 MNP377M   153 1105    953     36      1    .636    .24    .57   .088   .664   .242   1.86   .209   .001   2
 168 MNP378M  -928   30    959     37      0    .792    .28   1.28   .171   .806   .344   1.88   .295  -.005   3
 169 MNP380A  -385  741   1127     43      0    .820    .34    .97   .173   .628   .400   2.15   .345  -.007   3
 170 MNP381M  1144 1624    481     18      0    .812    .48   1.72   .340   .844   .378   2.19   .336   .001   1
 171 MNP382M  1126 1936    811     30      1    .677    .32    .83   .140   .768   .268   2.25   .236  -.022   0
 172 MNP383A   190 1043    854     32      0    .760    .31    .81   .136   .500   .403   1.98   .344  -.016   3
 173 MNP384A  -445  220    666     24      0    .750    .31   1.03   .169   .698   .385   2.05   .335  -.020   3
 174 MNP385M  -256  792   1049     40      0    .747    .33   1.21   .180   .739   .368   1.97   .331  -.015   3
 175 MNP386M  -994 -143    852     32      0    .633    .34   1.28   .172   .845   .226   1.84   .212  -.005   3
 176 MNP387M   617 1838   1222     47      1    .776    .25    .97   .150   .779   .346   1.92   .308  -.000   1
 177 MNP388M   137  917    781     29      0    .695    .30    .71   .113   .738   .220   1.61   .202   .003   1
 178 MNP389M  1029 1467    439     15      0    .727    .33    .69   .135   .719   .260   1.69   .230   .045   0
 179 MNP390M   611 1422    812     30      0    .619    .33    .71   .141   .877   .193   2.05   .202   .002   1
 180 MNP391M  -454  720   1175     45      1    .674    .21    .69   .104   .783   .267   1.81   .233  -.008   3
 181 MNP392M  -260 1029   1290     50      3    .586    .17    .48   .074   .723   .274   2.14   .254  -.009   3
 182 MNP393M   865 1478    614     23      0    .711    .32    .73   .120   .806   .198   1.70   .187  -.004   3
 183 MNP394M   243 1915   1673     65      0    .678    .33   1.92   .204   .776   .299   2.44   .281  -.012   3
 184 MNP396B   574 1087    514     18      0    .659    .24    .71   .143   .744   .400   1.93   .342  -.008   3
 185 MNP400M  -452  224    677     25      0    .779    .34    .80   .175   .806   .304   1.87   .278  -.010   3
 186 MNP402A  -465   -9    457     16      0    .703    .28    .72   .154   .759   .318   1.89   .294   .012   1
 187 MNP403M   840 1871   1032     39      0    .754    .28   1.08   .169   .872   .272   1.66   .240  -.012   3
 188 MNP404A   -51 1048   1100     41      0    .678    .25    .81   .131   .763   .315   2.05   .297  -.011   3
 189 MNP405M   -46 1333   1380     53      0    .752    .23    .78   .132   .753   .374   2.68   .335  -.007   3
 190 MNP406M  -831  588   1420     55      0    .757    .21    .58   .099   .669   .336   2.05   .311  -.011   3
 191 MNP407M  -2104 -228   1877     73      1    .739    .25    .71   .128   .653   .373   2.18   .322  -.004   3
 192 MNP408A  -115  977   1093     42      0    .660    .60   2.52   .312   .682   .367   2.08   .324  -.012   3
 193 MNP409A  -620 -185    436     15      0    .748    .51   1.20   .237   .614   .374   2.00   .327  -.002   3
 194 MNP410A   718 1637    920     35      3    .492    .27   1.38   .178   .912   .242   2.02   .233   .005   1
 195 MNP411M   930 1998   1069     40      5    .551    .31    .76   .132   .810   .230   1.99   .215  -.004   3
 196 MNP412B  1335 1526    192      6      0    .752    .30    .87   .134   .612   .345   1.68   .298  -.000   3
 197 MNP413A  1574 1935    362     12      0    .644    .49   1.33   .267   .682   .362   2.27   .341   .015   2
 198 MNP414M  1485 1945    461     16      0    .700    .54   1.75   .304   .747   .376   2.11   .357   .004   2
 199 MNP415M  1135 1775    641     24      0    .740    .39   1.73   .284   .852   .353   2.03   .318  -.004   3
 200 MNP416M  1587 1920    334     11      2    .611    .85   1.94   .419   .868   .219   1.99   .226   .025   1
 201 MNP417M   970 1235    266      9      0    .731    .75   2.30   .448   .841   .336   2.15   .323  -.006   3
 202 MNP419M  1242 1839    598     22      0    .697    .44   1.48   .241   .822   .297   1.94   .277   .011   1
 203 MNP421M  -227  120    348     11      0    .737    .44   1.54   .326   .892   .323   2.02   .303  -.002   3
 204 MNP422M  1046 1479    434     16      1    .646    .38    .95   .205   .738   .378   1.97   .331  -.003   1
 205 MNP423M  -100  929   1030     39      0    .734    .29    .93   .164   .720   .408   2.73   .347  -.024   3
 206 MNP425M  1028 1672    645     23      0    .813    .30    .81   .166   .739   .401   2.39   .354   .002   2
 207 MNP426M   418 1177    760     29      0    .740    .32    .97   .153   .583   .374   2.26   .325  -.006   2
 208 MNP431M  -1380  280   1661     65     16    .469    .29   1.59   .160   .873   .241   1.90   .223  -.007   3
 209 MNP432M   172 1110    939     36      0    .769    .26    .93   .161   .788   .359   2.13   .322   .001   1
 210 MNP435M   -55  814    870     33      0    .762    .24    .61   .109   .802   .257   1.91   .244  -.007   3
 211 MNP436M  -1008  874   1883     74      3    .581    .15    .37   .053   .581   .265   1.91   .249  -.015   3
 212 MNP437M  -337  529    867     33      0    .794    .26    .95   .147   .851   .280   1.95   .262  -.012   3
 213 MNP440A  -890   62    953     36      2    .632    .20    .52   .095   .650   .356   2.25   .318  -.004   1
 214 MNP441M  1127 1420    294      9      0    .758    .53   1.39   .294   .626   .426   1.95   .364   .016   1
 215 MNP472A  -1405 -445    961     37      3    .643    .30    .72   .116   .710   .262   1.71   .245  -.015   3
 216 MNP473M  -928 -494    435     16      0    .756    .24    .69   .132   .796   .311   1.97   .276   .064   0
 217 MNP474M  1710 1989    280      9      1    .533    .34    .75   .137   .635   .277   1.92   .245  -.022   0
 218 MNP475M   784 1318    535     19      1    .468    .39   1.50   .197   .848   .222   2.38   .237  -.015   1
 219 MNP476B   635 1318    684     25      0    .762    .22    .60   .103   .471   .431   1.97   .362  -.004   1
 220 MNP477M  1777 1961    185      5      0    .689   1.13   2.46   .562   .902   .177   1.50   .175   .004   1
 221 MNP503M  1637 1956    320     11      0    .757    .52   1.61   .268   .706   .343   1.94   .305   .078   0
 222 MNP504M  1672 1915    244      8      0    .677    .78   2.58   .490   .899   .270   2.09   .257   .007   1
 223 MNP505M  1611 1957    347     12      0    .692    .51   2.44   .387   .823   .305   1.83   .277  -.044   2
 224 MNP506M  1654 1956    303     10      0    .686    .56   1.55   .262   .817   .255   1.94   .252   .022   1
 225 MNP507M  1674 1961    288     10      0    .666    .65   1.70   .301   .894   .193   1.64   .193   .017   1
 226 MNP508M  1658 1911    254      8      0    .623    .61   1.84   .405   .922   .250   1.72   .236  -.011   2
 227 MNP509M  1680 1963    284      9      0    .768    .71   1.88   .429   .896   .291   1.99   .282  -.009   1
 228 MNP511M  1134 1477    344     12      0    .795    .42   1.47   .318   .797   .448   1.97   .368   .008   3
 229 MNP512A  1079 1787    709     26      2    .584    .50   1.40   .253   .827   .250   1.75   .226   .006   3
 230 MNP513M  1201 1797    597     21      0    .727    .45   1.51   .246   .637   .444   2.66   .385   .010   3
 231 MNP514M  1148 1477    330     12      0    .771    .28    .85   .155   .575   .474   2.43   .418  -.008   1
 232 MNP515M  1206 1773    568     20      0    .712    .50   1.50   .261   .752   .303   1.91   .269  -.007   2
 233 MNP516M  1212 1809    598     22      0    .638    .50   1.96   .338   .865   .301   2.27   .302   .010   1
 234 MNP517M  1150 1668    519     18      0    .655    .55   2.56   .479   .899   .320   2.20   .297   .009   2
 235 MNP520M  1195 1653    459     17      1    .628    .32    .83   .141   .645   .318   1.83   .272  -.000   2
 236 MNP522M   747 1163    417     15      0    .712    .38    .94   .188   .637   .367   2.02   .321  -.013   3
 237 MNP523M   724 1160    437     15      0    .614    .50   1.64   .343   .884   .332   2.16   .325  -.009   3
 238 MNP524A   945 1382    438     16      0    .698    .77   1.53   .290   .706   .262   1.84   .247  -.002   2
 239 MNP525M   937 1110    174      5      0    .661    .42    .78   .181   .652   .343   1.80   .309   .007   1
 240 MNP526M  1117 1406    290     10      0    .731    .61   1.20   .248   .585   .322   1.60   .274  -.004   2
 241 MNP527C  1846 2005    160      5      0    .643    .24    .51   .109   .670   .332   1.84   .299   .032   3
 242 MNP528M  -1282 -246   1037     40      4    .616    .25    .65   .117   .659   .347   1.99   .309  -.009   3
 243 MNP529A   216  955    740     28      3    .535    .28    .87   .148   .890   .229   1.73   .215  -.000   3
 244 MNP530M   843 1350    508     19      2    .599    .35    .95   .193   .928   .182   1.46   .168  -.003   1
 245 MNP531M  -934 -323    612     23      0    .763    .28   1.10   .195   .862   .308   1.85   .259   .037   0
 246 MNP532A   145 1088    944     36      2    .633    .27    .79   .129   .663   .340   2.44   .311  -.005   1
 247 MNP533M    20 1638   1619     63      1    .683    .25    .72   .124   .756   .323   2.41   .295  -.008   3
 248 MNP534M   -97 1271   1369     52      0    .715    .31    .88   .137   .775   .239   1.76   .226  -.009   3
 249 MNP535M   696 1174    479     18      0    .671    .42   1.22   .238   .881   .213   1.77   .208  -.010   3
 250 MNP536M   -35  924    960     37      0    .609    .23    .66   .103   .816   .231   1.77   .227   .003   1
 251 MNP538A  -291 1718   2010     78      0    .777    .27    .88   .144   .672   .400   2.27   .360  -.007   3
 252 MNP539M   635 1257    623     23      0    .602    .45   1.07   .187   .654   .288   2.14   .268  -.000   3
 253 MNP540M   834 1262    429     15      0    .677    .42   1.34   .202   .788   .244   1.82   .224  -.018   3
 254 MNP541A  -785 1437   2223     87      0    .739    .27    .91   .147   .663   .404   2.52   .357  -.012   3
 255 MNP542M  -887 -121    767     29      1    .650    .23    .61   .110   .747   .293   2.58   .276  -.003   3
 256 MNP544M   117  701    585     22      0    .829    .40   1.08   .204   .720   .341   2.08   .304  -.005   3
 257 MNP545M  -1598  609   2208     86      0    .765    .24    .85   .128   .604   .383   2.34   .338  -.001   2
 258 MNP546M  -2637 -130   2508     93      9    .699    .23    .66   .099   .576   .343   2.08   .301  -.009   3
 259 MNP547M  -1335 -798    538     20      2    .735    .37   1.22   .225   .825   .317   1.74   .272   .001   2
 260 MNP548M   903 1714    812     30      2    .693    .31    .67   .122   .733   .261   1.74   .246  -.000   1
 261 MNP549M  -751  601   1353     52      0    .754    .26    .88   .119   .579   .362   2.40   .317  -.015   3
 262 MNP550A  1169 1884    716     27      1    .642    .26   1.01   .160   .832   .311   2.07   .282  -.004   1
 263 MNP551M  -750    6    757     28      0    .794    .22    .62   .121   .749   .359   1.92   .311  -.004   3
 264 MNP552M  1084 1529    446     16      0    .679    .41   1.00   .245   .894   .262   2.08   .253   .005   1
 265 MNP553M   834 1438    605     22      0    .705    .38   1.32   .201   .839   .264   1.97   .247  -.004   2
 266 MNP554M  -381   -9    373     13      0    .752    .23    .69   .124   .694   .348   2.01   .298   .027   0
 267 MNP556M  -1218 -215   1004     38      0    .738    .20    .59   .092   .448   .429   2.00   .363  -.012   3
 268 MNP559M   -27 1074   1102     42      0    .641    .26    .70   .125   .839   .222   1.86   .214  -.012   3
 269 MNP562M   -70 1073   1144     43      0    .791    .30    .80   .140   .717   .320   2.10   .295  -.010   3
 270 MNP563M  -398  646   1045     39      1    .612    .28    .74   .118   .686   .275   1.99   .260  -.003   3
 271 MNP564M  1167 1809    643     24      0    .589    .34   1.04   .189   .895   .223   1.91   .216   .002   1
 272 MNP565M  1152 1564    413     14      0    .608    .47    .91   .155   .704   .202   1.52   .188   .002   1
 273 MNP566M  1071 1585    515     19      0    .698    .59   1.39   .255   .843   .195   1.49   .183   .012   1
 274 MNP567M  1443 1782    340     12      0    .570    .51   1.36   .339   .938   .212   1.75   .209  -.017   3
 275 MNP568M   984 1578    595     22      0    .639    .49   1.41   .288   .913   .226   1.65   .216  -.003   2
 276 MNP569M  1275 1786    512     18      1    .601    .35    .99   .181   .869   .221   1.87   .221  -.009   3
 277 MNP570M  1146 1869    724     27      0    .668    .30    .82   .126   .787   .246   1.71   .228  -.011   3
 278 MNP574M  1064 1951    888     34      1    .612    .30   1.11   .153   .834   .261   2.03   .248  -.001   3
 279 MNP577M   834 1986   1153     44      0    .670    .46   1.70   .337   .922   .281   1.81   .252  -.001   2
 280 MNP578M   827 1233    407     14      0    .693    .47   1.75   .346   .933   .243   1.74   .221   .056   0
 281 MNP579M   805 1270    466     16      0    .608    .32   1.46   .227   .924   .263   1.68   .236  -.009   3
 282 MNP581M  1078 1548    471     16      3    .484    .33    .97   .154   .895   .185   1.66   .183   .003   1
 283 MNP582M  1078 1594    517     18      0    .755    .48   1.33   .206   .728   .281   1.94   .248  -.005   2
 284 MNP583M   -71 1211   1283     49      2    .619    .26    .73   .111   .792   .243   2.08   .222   .003   1
 285 MNP584M   837 1263    427     15      0    .788    .62   1.30   .233   .701   .263   1.92   .243   .003   2
 286 MNP585M  1640 1882    243      8      0    .678    .72   2.03   .390   .876   .218   1.47   .196   .003   1
 287 MNP587M  1124 1828    705     26      0    .749    .31   1.34   .220   .858   .343   2.04   .310  -.006   3
 288 MNP671M  1239 1955    717     27      3    .486    .27    .76   .109   .838   .193   1.61   .192  -.009   1
 289 MNP672M  1096 1622    527     19      0    .683    .31   1.16   .239   .927   .277   2.25   .274  -.001   1
 290 MNP673A  1106 1575    470     17      0    .717    .56   1.32   .252   .819   .264   2.09   .254  -.006   3
 291 MNP810M  -2174 -1425    750     28      0    .695    .30    .84   .147   .821   .276   2.21   .241  -.002   3
 292 MNP855M  -1993  452   2446     96      2    .642    .23    .61   .094   .755   .236   1.93   .218  -.007   3
 293 MNP916M  -2062 -1079    984     37      0    .675    .29    .76   .150   .684   .365   2.08   .311  -.012   3
 294 MNP946M  -2517 -1584    934     35      6    .489    .22    .65   .095   .819   .213   1.75   .196  -.002   3
 295 MNT203B  1490 2010    521     19      0    .745    .29    .62   .095   .496   .298   1.76   .259  -.004   1
 296 MNT206M  1481 1912    432     15      0    .684    .35   1.24   .195   .859   .260   1.64   .238  -.015   3
 297 MNT207A  1342 1686    345     12      0    .711    .34    .66   .122   .643   .260   2.00   .250  -.001   1
 298 MNT209M  1514 1953    440     16      0    .725    .46   1.22   .259   .873   .253   1.76   .234   .002   1
 299 MNT211B  1290 1641    352     12      0    .776    .30    .69   .144   .464   .453   2.34   .393   .002   2
 300 MNT232M  1185 1695    511     18      0    .769    .27    .87   .164   .653   .465   2.05   .392   .005   1
 301 MNT233B  1234 1884    651     24      0    .799    .28    .81   .135   .653   .355   1.93   .307   .001   1
 302 MNT245B  1251 1649    399     14      0    .782    .43   1.28   .247   .751   .391   2.30   .348  -.002   2
 303 MNT251M  1518 1942    425     15      0    .795    .36   1.29   .255   .884   .337   2.06   .305  -.024   3
 304 MNT252M  1489 2010    522     19      0    .768    .34   1.36   .247   .912   .315   1.82   .281  -.020   3
 305 MNT253A  1411 2010    600     22      0    .811    .34    .77   .151   .413   .457   2.69   .386  -.000   1
 306 MNT254A  1220 2010    791     30      0    .737    .20    .68   .116   .631   .423   3.27   .395  -.009   3
 307 MNT255B  1159 1589    431     15      0    .826    .29    .88   .187   .689   .471   2.37   .400  -.011   1
 308 MNT258B  1194 1729    536     20      0    .799    .33    .85   .155   .554   .416   2.43   .351  -.008   2
 309 MNT260M  1444 2010    567     21      0    .816    .38   1.38   .217   .701   .401   2.26   .336   .003   2
 310 MNT261M  1430 2010    581     21      0    .810    .31    .91   .154   .579   .410   2.21   .355   .003   2
 311 MNT262M  1163 1784    622     23      0    .817    .24    .72   .120   .654   .395   1.95   .337   .008   1
 312 MNT263M  1274 1749    476     17      0    .806    .35   1.48   .215   .827   .346   2.02   .312  -.003   2
 313 MNT265M  1553 2010    458     16      0    .808    .55   1.66   .255   .668   .325   1.95   .280  -.008   2
 314 MNT266M  1169 2010    842     32      0    .738    .33   1.22   .209   .667   .464   2.59   .391   .005   1
 315 MNT267M  1383 2010    628     23      0    .825    .31    .94   .164   .820   .297   1.76   .260  -.003   2
 316 MNT268M  1533 2010    478     17      0    .828    .45   1.10   .181   .564   .353   1.61   .297  -.011   3
 317 MNT269A  1671 1990    320     11      0    .832    .67   1.50   .267   .449   .395   1.83   .343  -.013   3
 318 MNT270M  1425 1969    545     19      0    .743    .44   1.39   .317   .868   .332   2.10   .299   .002   2
 319 MNT271A  1416 1863    448     16      1    .734    .43   1.13   .223   .742   .345   1.82   .299   .004   1
 320 MNT272M  1578 2007    430     15      0    .815    .35    .94   .128   .519   .331   1.77   .285   .006   1
 321 MNT273M  1644 2010    367     13      0    .766    .42   1.02   .145   .542   .273   1.47   .230  -.006   0
 322 MNT274A  1342 1917    576     21      0    .807    .20    .69   .104   .695   .365   2.06   .310  -.005   3
 323 MNT276A  1318 1956    639     24      0    .739    .28   1.37   .169   .672   .431   2.54   .361   .000   3
 324 MNT277A  1266 1687    422     15      0    .760    .27    .67   .133   .618   .389   2.51   .365  -.019   3
 325 MNT278M  1217 1910    694     26      0    .804    .46   1.81   .302   .844   .341   2.31   .322  -.013   3
 326 MNT280M  1259 1869    611     22      0    .829    .29   1.02   .177   .745   .356   2.38   .317   .002   1
 327 MNT281M  1435 1918    484     17      0    .824    .32   1.29   .184   .633   .444   2.14   .371   .000   1
 328 MNT283M  1312 1687    376     13      0    .836    .28    .68   .139   .454   .494   2.73   .410   .001   2
 329 MNT287M  1498 2010    513     18      0    .753    .41   1.19   .239   .737   .412   2.62   .364  -.014   3
 330 MNT289M  1513 1970    458     16      0    .726    .42   1.68   .211   .791   .257   1.56   .225  -.002   3
 331 MNT290M  1239 1504    266      9      0    .742    .33    .84   .158   .507   .441   2.45   .386   .086   0
 332 MNT291A  1416 1940    525     19      0    .738    .29    .93   .159   .698   .388   2.41   .340  -.002   1
 333 MNT300A  1280 1946    667     24      0    .760    .25   1.00   .163   .728   .371   2.44   .338   .006   1
 334 MNT501M  1584 2011    428     15      0    .678    .46   1.75   .276   .846   .301   2.15   .288  -.000   2
 335 MNT504A  1384 2011    628     23      0    .674    .34   1.21   .214   .792   .412   2.27   .368  -.004   3
 336 MNT506M  1606 2011    406     14      0    .692    .45   1.36   .222   .793   .286   1.97   .269  -.004   2
 337 MNT508M  1893 2011    119      3      0    .709    .94   1.94   .381   .779   .246   1.56   .230   .000   2
 338 MNT511M  1758 2011    254      8      0    .766    .34    .71   .132   .518   .330   1.74   .297   .011   1
 339 MNT514B  1337 1624    288     10      0    .836    .33    .76   .152   .302   .509   2.21   .399   .016   0
 340 MNT525A  1419 1981    563     21      0    .758    .20    .73   .111   .677   .405   2.41   .365   .003   2
 341 MNT527M  1009 1451    443     16      0    .847    .38   1.11   .171   .681   .331   1.78   .298  -.017   3
 342 MNT533M  1488 1699    212      7      0    .757    .35    .84   .195   .716   .369   2.13   .341  -.006   3
 343 MNT534M  1798 2011    214      7      0    .686    .31    .88   .162   .840   .236   1.78   .228   .005   1
 344 MNT535M  1548 1958    411     14      0    .697    .31    .64   .111   .591   .272   1.78   .249  -.009   3
 345 MNT538M  1261 1624    364     13      1    .664    .30    .95   .230   .937   .234   1.80   .229  -.006   1
 346 MNT539M  1656 2011    356     12      0    .768    .34    .84   .142   .562   .311   1.94   .276  -.021   3
 347 MNT545M  1485 2011    527     19      0    .706    .34    .73   .132   .654   .271   1.76   .248   .001   1
 348 MNT546M  1279 1615    337     11      0    .716    .27    .78   .118   .758   .256   1.71   .235  -.008   1
 349 MNT552M  1622 2011    390     14      0    .612    .30    .74   .111   .644   .244   1.66   .237   .000   1
 350 MNT553A  1633 1968    336     11      0    .460    .42   1.06   .132   .678   .200   1.55   .187   .054   0
 351 MNT554M  1531 2011    481     17      0    .816    .36   1.39   .211   .773   .379   1.68   .306  -.002   2
 352 MNT555M  1233 1871    639     23      0    .801    .22   1.14   .111   .716   .324   1.89   .273  -.009   3
 353 MNT556A  1320 2011    692     26      0    .669    .14    .49   .078   .669   .415   2.40   .350  -.011   3
 354 MNT558M  1086 1711    626     23      0    .731    .26    .92   .147   .660   .398   2.08   .341   .001   1
 355 MNT559M  1608 2011    404     14      0    .843    .27    .58   .102   .618   .291   1.81   .254  -.019   3
 356 MNT561A  1248 1982    735     27      1    .652    .21    .50   .081   .466   .332   1.97   .292  -.010   3
 357 MNT562A  1626 2011    386     13      0    .752    .26    .71   .101   .624   .279   1.63   .242   .005   2
 358 MNT563M  1540 1962    423     15      0    .777    .35    .85   .174   .799   .271   1.77   .247  -.008   3
 359 MNT564M  1439 2011    573     21      0    .827    .29   1.24   .214   .775   .466   2.41   .399   .008   1
 360 MNT566M  1487 1706    220      7      0    .719    .25    .61   .133   .798   .294   1.90   .284   .022   1
 361 MNT567M  1649 1969    321     11      0    .625    .39    .70   .123   .759   .182   1.62   .182   .010   1
 362 MNT569M  1563 1968    406     14      0    .819    .35    .91   .153   .684   .311   1.68   .275  -.005   3
 363 MNT571A  1574 1952    379     13      0    .776    .19    .54   .081   .610   .339   1.88   .315  -.012   3
 364 MNT574M  1726 2011    286      9      0    .849    .28    .88   .151   .594   .457   2.08   .371  -.010   2
 365 MNT575M  1562 2011    450     16      0    .734    .18    .55   .084   .693   .331   1.90   .283   .005   2
 366 MNT576M  1600 2011    412     15      0    .771    .30    .72   .127   .651   .291   1.58   .243  -.012   0
 367 MNT577M  1202 1640    439     15      0    .785    .25    .58   .110   .550   .362   2.12   .313  -.002   2
 368 MNT578M  1603 2011    409     14      0    .781    .30    .80   .145   .686   .325   1.83   .262  -.004   1
 369 MNT579M  1861 2011    151      4      0    .636    .37   1.04   .159   .789   .262   1.57   .222   .005   3
 370 MNT580M  1507 1791    285      9      0    .813    .44   1.53   .242   .751   .337   1.84   .291  -.005   3
 371 MNT583M  1332 2011    680     25      0    .708    .22    .64   .113   .750   .314   2.16   .287  -.006   3
 372 MNT584M  1730 2011    282      9      0    .764    .31    .78   .165   .687   .376   2.11   .332   .014   1
 373 MNT585M  1372 2011    640     24      0    .736    .39   1.11   .216   .782   .342   2.00   .287  -.028   0
 374 MNT588A  1418 2010    593     22      2    .558    .27    .93   .174   .795   .367   2.12   .324  -.005   2
 375 MNT589M  1310 2011    702     26      3    .589    .41    .95   .156   .747   .231   1.73   .210   .002   3
 376 MNT592M  1476 2011    536     19      3    .602    .37    .70   .111   .728   .192   1.68   .183   .001   1
 377 MNT593M  1168 1572    405     14      0    .692    .34    .95   .194   .852   .318   1.87   .280  -.005   1
 378 MNT595M  1749 2011    263      8      2    .392    .38    .90   .212   .925   .177   1.59   .169  -.008   2
 379 MNT596M  1660 2011    352     12      0    .535    .41   1.50   .262   .874   .244   1.57   .214   .008   2
 380 MNT597M  1590 2011    422     15      0    .777    .46    .82   .147   .732   .209   1.57   .204   .002   1
 381 MNT598M  1789 2011    223      7      2    .394    .63   1.28   .196   .849   .129   1.30   .121   .006   1
 382 MNT599M  1606 2011    406     14      0    .582    .40    .85   .151   .796   .202   1.62   .186  -.001   2
 383 MNT600A  1726 2011    286      9      0    .685    .56   1.11   .185   .617   .253   1.59   .224   .033   1
 384 MNT601M  1870 2011    142      4      1    .466    .86   1.53   .215   .758   .142   1.30   .139   .007   1
 385 MNT602M  1656 2011    356     12      0    .721    .64   1.28   .196   .648   .207   1.57   .184  -.009   3
 386 MNT603M  1590 2011    422     15      1    .612    .38    .96   .140   .696   .235   1.73   .213   .063   0
 387 MNT604M  1663 2011    349     12      1    .716    .47    .93   .155   .661   .241   1.68   .215   .075   0
 388 MNT605M  1584 1974    391     14      0    .762    .50   1.07   .201   .746   .256   2.25   .253  -.015   3
 389 MNT606A  1542 2011    470     17      3    .492    .31   1.30   .221   .914   .260   1.90   .250  -.002   3
 390 MNT607M  1622 2011    390     14      0    .586    .29    .63   .116   .723   .255   1.65   .235  -.006   3
 391 MNT609M  1424 2011    588     21      5    .580    .39   1.00   .175   .811   .258   2.12   .237   .002   2
 392 MNT610A  1407 2011    605     22      2    .558    .27    .75   .115   .828   .210   1.66   .196  -.007   3
 393 MNT611M  1676 2011    336     11      0    .727    .45   1.47   .246   .835   .289   2.23   .281   .008   1
 394 MNT613M  1192 1363    172      5      0    .599    .49   1.20   .204   .687   .281   1.62   .220  -.014   1
 395 MNT618M  1704 2011    308     10      0    .777    .55   1.49   .213   .608   .289   1.87   .270   .006   2
 396 MNT619M  1384 2011    628     23      3    .582    .32   1.02   .194   .883   .280   1.83   .255  -.007   2
 397 MNT620M  1233 1886    654     24      0    .587    .23    .93   .153   .825   .375   2.00   .339   .005   2
 398 MNT621M  1734 2011    278      9      0    .747    .44   1.39   .293   .775   .346   2.16   .320  -.006   1
 399 MNT622M  1727 2011    285      9      0    .688    .26    .81   .107   .747   .246   1.60   .224  -.029   1
 400 MNT624M  1859 2011    153      4      0    .787    .81   1.47   .279   .752   .217   1.47   .209   .010   1
 401 MNT625M  1631 1840    210      6      0    .744    .49   2.15   .305   .851   .258   1.66   .233  -.002   1
 402 MNT626M  1774 2011    238      7      0    .784    .62   1.27   .244   .705   .281   1.82   .266  -.010   2
 403 MNT627M  1625 1892    268      8      0    .632    .52   1.32   .260   .655   .394   1.67   .318   .013   2
 404 MNT628M  1789 2011    223      7      0    .660    .59   1.28   .286   .711   .362   2.30   .324   .040   2
 405 MNT629M  1762 2011    250      8      0    .790    .45   1.17   .214   .592   .383   1.96   .338   .020   3
 406 MNT631M  1863 2011    149      4      0    .758    .88   2.06   .429   .832   .227   1.63   .216   .021   2
 407 MNT633M  1726 2011    286      9      1    .624    .49   1.77   .399   .713   .540   3.72   .545   .007   1
 408 MNT637M  1782 2011    230      7      0    .764    .56   1.60   .265   .747   .294   1.94   .274   .008   2
 409 MNT639M  1559 1966    408     14      0    .740    .44   1.29   .262   .632   .487   2.28   .435   .021   1
 410 MNT640B  1936 2011     76      1      0    .769    .48   1.00   .221   .353   .545   1.75   .398   .012   2
 411 MNT653A  1007 1377    371     13      0    .627    .35    .94   .224   .875   .316   2.00   .298  -.001   1
 412 MNT654A  1919 2011     93      2      0    .730    .43   1.28   .310   .838   .333   1.80   .314   .053   1
 413 MNT666B  1769 2011    243      8      0    .720    .24    .68   .125   .532   .449   2.39   .401   .004   1
 414 MNT667M  1494 1978    485     18      0    .802    .28    .77   .153   .634   .433   2.47   .392  -.012   3
 415 MNT675M  1236 1641    406     14      0    .808    .30   1.06   .170   .775   .337   2.11   .291   .068   0
 416 MNT685M  1765 2011    247      8      0    .628    .42   1.07   .228   .789   .305   2.00   .278   .037   3
 417 MNT687M  1248 1690    443     16      0    .811    .29   1.02   .175   .672   .455   2.62   .382  -.000   2
 418 MNT695M  1234 1640    407     14      0    .858    .35   1.10   .196   .788   .332   1.89   .290  -.004   2
 419 MNT700M  1167 1594    428     15      0    .826    .27   1.17   .172   .572   .517   2.66   .436   .005   1
 420 MNT708M  1523 2008    486     17      0    .809    .26    .71   .136   .554   .449   2.46   .383  -.001   3
 421 MNT709M  1449 1919    471     16      0    .791    .36    .83   .167   .632   .362   2.08   .318  -.010   3
 422 MNT710M  1158 1910    753     28      0    .770    .36   1.33   .241   .753   .456   2.58   .410  -.012   3
 423 MNT712A  1293 1635    343     12      0    .787    .33    .68   .118   .402   .356   2.01   .312   .008   2
 424 MNT715M  1565 2011    447     16      1    .579    .39    .84   .117   .726   .183   1.44   .163   .032   0
 425 MNT716M  1933 2011     79      1      0    .735    .38    .79   .202   .613   .440   2.05   .368   .020   2
 426 MNT717B  1282 2011    730     27      3    .465    .35   1.32   .197   .838   .262   2.22   .261  -.008   3
 427 MNT718M  1527 1986    460     16      0    .760    .21    .42   .071   .540   .289   1.70   .251  -.006   3
 428 MSP103M   892 1449    558     21      0    .619    .27    .92   .153   .897   .215   1.98   .182  -.001   1
 429 MSP104M   873 1446    574     21      1    .651    .29   1.05   .200   .930   .216   1.62   .182  -.057   0
 430 MSP105M   926 1341    416     14      4    .402    .41   1.09   .276   .954   .214   1.69   .202  -.012   0
 431 MSP107M   240  957    718     27      4    .479    .45   1.09   .177   .823   .168   1.70   .163   .009   1
 432 MSP108M   953 1335    383     13      0    .617    .35    .77   .149   .811   .228   1.65   .209   .052   0
 433 MSP111M   637 1635    999     38      4    .577    .30   1.01   .210   .860   .346   2.33   .327  -.018   3
 434 MSP112M  -1018 -827    192      5      0    .656    .57   1.07   .233   .723   .271   1.59   .252   .009   1
 435 MSP114M   246 1207    962     37      4    .548    .20    .52   .084   .710   .271   2.02   .245   .001   1
 436 MSP116M   137 1586   1450     56      6    .503    .48   1.20   .205   .862   .188   1.68   .184   .000   3
 437 MSP118M  1180 1806    627     23      0    .634    .29    .83   .140   .849   .231   2.06   .231   .002   2
 438 MSP119M   746 1441    696     26      2    .536    .37    .98   .145   .759   .228   1.65   .219  -.012   3
 439 MSP120M  1099 1986    888     33      9    .428    .23    .84   .138   .894   .251   1.76   .234  -.001   2
 440 MSP122M  1103 1367    265      8      0    .507    .69   2.18   .462   .924   .219   1.68   .213  -.008   1
 441 MSP123M   864 1085    222      7      3    .377    .98   2.34   .536   .922   .180   1.49   .174   .069   2
 442 MSP124M  1113 1423    311     10      1    .542    .65   1.86   .450   .923   .250   1.59   .237  -.025   3
 443 MSP125M  1093 1493    401     14      1    .575    .46   1.94   .324   .914   .279   1.66   .252  -.006   2
 444 MSP127M   244  859    616     23      4    .468    .31    .86   .144   .809   .242   2.47   .232  -.006   1
 445 MSP128M  1223 1757    535     19      0    .663    .41    .97   .188   .591   .396   2.30   .353  -.009   3
 446 MSP129A  1197 1844    648     24      1    .636    .46   1.12   .195   .717   .272   2.18   .256   .008   1
 447 MSP130M  1155 1709    555     20      0    .583    .32    .83   .152   .848   .220   1.78   .203   .004   1
 448 MSP132M   234  935    702     26      4    .476    .47    .97   .156   .795   .169   1.51   .159   .003   1
 449 MSP323A   236  908    673     25      0    .692    .26    .69   .115   .721   .289   1.82   .269  -.001   3
 450 MSP327M   -25  540    566     21      1    .632    .25    .53   .090   .612   .257   1.74   .227  -.010   0
 451 MSP330M  1053 1433    381     13      0    .583    .41    .95   .210   .891   .217   1.83   .200   .003   3
 452 MSP333M  -515  899   1415     55      0    .584    .27    .54   .099   .760   .225   1.96   .209   .001   1
 453 MSP354A  -247  602    850     32      1    .566    .28    .61   .092   .603   .241   2.15   .215   .039   0
 454 MSP356M   785 1781    997     38      5    .534    .25    .73   .117   .841   .228   1.71   .216  -.008   3
 455 SBP013M  1255 2009    755     28      1    .622    .35    .96   .142   .726   .255   2.58   .248   .002   2
 456 SBP015M  1146 2009    864     33      1    .541    .30    .96   .136   .854   .218   1.86   .209  -.002   1
 457 SBP016M  1246 2009    764     29      4    .532    .33   1.12   .197   .886   .244   2.11   .233  -.001   3
 458 SBP017M  1036 1727    692     26      1    .540    .31    .61   .125   .869   .181   1.82   .181   .006   1
 459 SBP020A  1178 1955    778     29      0    .559    .23    .72   .117   .771   .295   1.80   .241  -.006   1
 460 SBP022M  1215 2009    795     30      2    .520    .33    .82   .178   .871   .263   1.98   .265  -.005   1
 461 SBP024M   601 1404    804     30      4    .434    .25    .81   .130   .839   .248   1.85   .230  -.001   1
 462 SBP025M   143 1697   1555     60      6    .491    .23    .59   .086   .773   .215   1.88   .210  -.001   1
 463 SBP029M  1161 1635    475     17      1    .433    .33    .76   .130   .750   .227   1.58   .191   .003   1
 464 SBP033M  1079 2009    931     35      2    .476    .28   1.16   .115   .830   .204   2.36   .206  -.003   1
 465 SBP035M  1110 2009    900     34      5    .492    .27    .70   .105   .786   .217   1.85   .202  -.007   3
 466 SBP036M   957 2009   1053     40      6    .457    .21    .51   .081   .752   .233   1.99   .218   .004   1
 467 SBP037M  1326 2009    684     25      0    .575    .37   1.02   .129   .755   .194   1.70   .177   .006   1
 468 SBP038M  1447 2009    563     21      2    .496    .20    .45   .083   .750   .244   1.61   .203   .001   1
 469 SBP039M  1268 2009    742     28      3    .506    .26    .82   .150   .876   .224   2.08   .229  -.007   3
 470 SBP041M   952 2009   1058     40      0    .735    .26   1.03   .152   .707   .440   2.11   .363   .014   0
 471 SBP042M  1402 2009    608     22      0    .754    .40    .95   .209   .518   .479   2.16   .395   .004   1
 472 SBP043M  1172 2009    838     32      0    .740    .37   1.13   .177   .590   .396   2.12   .333   .002   2
 473 SBP049M  1209 2009    801     30      0    .768    .30    .80   .137   .586   .372   2.36   .314   .002   2
 474 SBP051M  1165 2009    845     32      0    .694    .26    .69   .140   .532   .491   2.76   .425  -.000   1
 475 SBP052A   986 1898    913     34      0    .720    .30   1.22   .211   .809   .483   2.92   .417  -.005   3
 476 SGP006M   323 1648   1326     50      0    .704    .33   1.31   .196   .859   .287   2.26   .259  -.013   3
 477 SGP007M   574 1483    910     34      0    .605    .32    .86   .159   .713   .350   2.08   .315  -.010   3
 478 SGP008M   749 1686    938     36      2    .651    .21    .49   .083   .436   .380   2.15   .324  -.001   1
 479 SGP009M   773 1785   1013     39      2    .693    .22    .70   .120   .762   .339   2.68   .306  -.002   2
 480 SGP010M   580 1455    876     33      0    .741    .35   1.16   .217   .853   .307   1.82   .260  -.009   3
 481 SGP011M   810 1970   1161     44      0    .693    .27    .62   .108   .651   .283   1.74   .252  -.005   1
 482 SGX002M  1244 1764    521     19      0    .671    .33    .67   .122   .434   .351   2.11   .305  -.008   3
 483 SGX003A  1035 2009    975     37      1    .669    .31    .75   .139   .565   .403   2.22   .346  -.007   3
 484 SGX004M  1240 2009    770     29      0    .685    .29    .76   .125   .346   .457   2.40   .358  -.003   1
 485 SGX010M  1042 1716    675     25      0    .743    .32    .96   .181   .746   .395   2.87   .351  -.014   3
 486 SGX012M  1275 2009    735     27      0    .612    .54   1.17   .212   .427   .368   1.98   .313   .000   1
 487 SGX014M  1223 2009    787     30      0    .736    .29    .76   .132   .590   .407   2.40   .344  -.003   2
 488 SGX018M   964 2009   1046     40      0    .672    .44   2.70   .282   .854   .317   2.07   .291  -.009   3
 489 SGX024A  1171 2009    839     32      0    .697    .34   1.09   .189   .798   .332   1.88   .290  -.001   1
 490 SGX025M  1053 2009    957     36      0    .716    .47   1.30   .233   .761   .305   2.05   .263  -.012   0
 491 SGX028M  1029 2009    981     37      0    .676    .22    .85   .144   .826   .382   2.51   .340  -.015   3
 492 SGX048M  1260 2009    750     28      0    .705    .30    .92   .138   .757   .269   1.78   .235   .046   0
 493 SGX057B   797 2009   1213     47      3    .582    .28   1.06   .158   .788   .326   1.87   .275  -.006   3
 494 SGX075M   981 1452    472     17      0    .681    .37    .87   .168   .851   .241   1.59   .216  -.007   3
 495 YMP101M  1203 1771    569     20      0    .776    .33   1.07   .222   .817   .385   2.20   .352   .003   2
 496 YMP102M  1114 1652    539     20      0    .791    .48   1.58   .273   .867   .258   1.99   .248   .000   1
 497 YMP104M  1095 1958    864     33      1    .627    .30    .70   .111   .633   .262   2.16   .247   .002   1
 498 YMP105M  1121 1974    854     33      0    .769    .46   2.04   .379   .947   .279   1.98   .265  -.005   3
 499 YMP106M  1715 1958    244      8      1    .612    .93   1.39   .229   .540   .187   1.45   .181  -.031   3
 500 YMP107M  1714 1958    245      8      0    .644    .86   1.47   .244   .708   .181   1.47   .172   .005   3
 501 YMP108M  1666 1993    328     11      3    .442    .68   1.80   .254   .758   .192   2.03   .198   .002   1
 502 YMP109M  1682 1993    312     10      0    .596    .85   1.56   .299   .811   .186   1.54   .173  -.006   2
 503 ZHG001B  1536 1970    435     15      0    .689    .42   1.50   .247   .781   .400   2.79   .355  -.002   3
 504 ZHG003M  1387 2009    623     23      2    .680    .46   1.31   .219   .812   .258   1.67   .247  -.002   2
 505 ZHG004M   876 2009   1134     43      3    .699    .28    .71   .125   .664   .351   1.98   .307  -.002   2
 506 ZHG008M   818 2009   1192     46      5    .510    .24    .74   .127   .794   .305   2.07   .264  -.002   1
 507 ZHG011A  1063 2009    947     36      0    .716    .29    .95   .143   .702   .378   1.98   .330  -.006   3
 508 ZHG012M  1233 2009    777     29      5    .518    .35    .93   .159   .827   .223   1.72   .204  -.004   3
 509 ZHG017M   831 2009   1179     45      9    .441    .33    .82   .132   .845   .185   1.73   .177   .000   1
 510 ZHG018M   943 2009   1067     41      1    .759    .39   1.27   .237   .788   .379   1.88   .329  -.010   3
 511 ZHG020M   988 2009   1022     39      0    .707    .25    .92   .136   .666   .396   2.03   .336   .002   2
 512 ZHG022M  1013 2009    997     38      0    .721    .24   1.03   .144   .741   .332   1.87   .284  -.000   2
 513 ZHG024M  1296 2009    714     27      0    .666    .29   1.10   .165   .816   .292   2.29   .287  -.013   3
 514 ZHG025M  1119 1672    554     20      0    .715    .26    .80   .130   .632   .414   2.21   .350   .001   2
 515 ZHG027M  1500 2009    510     18      0    .685    .32    .83   .150   .501   .434   2.05   .360  -.015   3
 516 ZHG029M  1001 2009   1009     38      1    .632    .23    .64   .098   .858   .180   1.74   .176  -.017   3
 517 ZHG034M  1531 2009    479     17      0    .783    .23    .52   .094   .373   .429   1.81   .348  -.031   3
 518 ZHG039A  1339 1799    461     17      0    .716    .32    .95   .143   .796   .230   1.66   .203   .001   2
 519 ZHG041M  1157 1944    788     29      0    .708    .26    .78   .148   .814   .373   2.01   .318   .001   2
 520 ZHG042M  1085 2009    925     35      0    .714    .33    .78   .125   .812   .185   1.52   .174  -.004   3
 521 ZHG044M  1171 1676    506     19      0    .792    .34    .83   .159   .764   .322   1.76   .270   .004   2
 522 ZHG045M  1306 1808    503     18      3    .579    .24    .93   .163   .896   .300   2.23   .284  -.012   3
 523 ZHG046M  1151 1880    730     27      0    .766    .26    .68   .131   .759   .328   2.11   .284  -.002   3
 524 ZHG048M  1242 2009    768     29      2    .677    .30    .94   .171   .883   .218   1.81   .206  -.006   3
 525 ZHG050A  1204 1421    218      6      0    .756    .38    .81   .162   .600   .364   1.89   .319  -.008   1
 526 ZHG052M  1274 1996    723     26      0    .770    .23    .64   .123   .563   .486   2.33   .408   .000   2
 527 ZHG053A  1310 1919    610     22      0    .768    .17    .44   .082   .506   .468   2.12   .392  -.013   3
 528 ZHG054A  1547 2009    463     17      0    .727    .24    .69   .113   .629   .362   2.00   .324  -.000   2
 529 ZHG055M  1280 2009    730     27      0    .729    .28   1.01   .173   .877   .296   2.00   .273   .003   2
 530 ZHG057A  1341 2009    669     25      3    .485    .49   1.05   .180   .848   .169   1.53   .162   .000   1
 531 ZHG058A  1496 2009    514     19      0    .700    .33    .95   .143   .656   .263   1.84   .239   .003   2
 532 ZHG059A  1417 2009    593     22      0    .751    .26    .77   .118   .662   .331   2.38   .306   .005   2
 533 ZHP004M  1012 1720    709     26      4    .474    .26    .64   .121   .866   .213   2.14   .212  -.003   1
 534 ZHP009M  -383 1108   1492     58      0    .736    .20    .45   .077   .570   .332   2.03   .282   .021   0
 535 ZHP010M  -866 1422   2289     89      1    .674    .21    .80   .100   .780   .271   2.00   .252  -.001   2
 536 ZHP011M  -784  707   1492     58      5    .523    .19    .60   .092   .797   .286   2.05   .273  -.003   1
 537 ZHP012M   696 1595    900     34      1    .526    .23    .58   .088   .702   .261   1.71   .241   .003   1
 538 ZHP013M   -87  771    859     32      0    .558    .34   1.00   .162   .867   .194   1.52   .173   .040   0
 539 ZHP014M    11  518    508     18      4    .458    .29    .70   .114   .833   .190   1.45   .171  -.015   3
 540 ZHP015M   -87  835    923     35      3    .540    .28    .79   .140   .853   .231   1.81   .212  -.004   3
 541 ZHP016M   969 1584    616     23      2    .475    .32    .79   .141   .747   .283   1.86   .270   .001   1
 542 ZHP017M   -12 1122   1135     43      4    .527    .19    .54   .083   .785   .254   1.83   .234  -.008   3
 543 ZHP018M  -1670 1382   3053    120     15    .526    .15    .44   .068   .860   .203   1.89   .190   .000   2
 544 ZHP019M  -191  496    688     25      2    .481    .19    .48   .080   .792   .228   1.76   .230   .004   2
 545 ZHP020M  -927 1654   2582    101      0    .712    .28    .74   .115   .814   .217   1.91   .200  -.008   3
 546 ZHP021M  -1073 -103    971     36      2    .499    .24    .60   .078   .724   .200   1.59   .182  -.003   1
 547 ZHP022M  -918 1382   2301     90      5    .574    .23    .55   .097   .702   .288   2.29   .264  -.007   3
 548 ZHP025M   731 1644    914     34      3    .573    .19    .54   .099   .803   .288   2.01   .275   .013   1
 549 ZHP026M   729 1330    602     22      3    .499    .35    .88   .167   .874   .212   1.55   .198   .024   1
 550 ZHP027M  -144 1617   1762     68      4    .599    .20    .55   .088   .802   .226   1.87   .213  -.004   3
 551 ZHP028M  -952 1915   2868    112      2    .696    .17    .61   .076   .634   .351   2.13   .303  -.013   3
 552 ZHP029M  -826  282   1109     42      1    .589    .30    .95   .122   .870   .166   1.51   .160  -.004   3
 553 ZHP030M   371 1404   1034     40      0    .623    .20    .71   .098   .832   .259   1.91   .245  -.003   1
 554 ZHP033M  -743  571   1315     50     10    .524    .13    .37   .053   .639   .290   2.05   .270  -.001   1
 555 ZHP038M   884 1842    959     36      0    .675    .20    .53   .094   .737   .303   2.28   .268  -.009   3
 556 ZHP039M  -284 1871   2156     84      3    .573    .26    .78   .129   .781   .293   2.20   .268   .001   2
 557 ZHP040M   128 1687   1560     60      0    .693    .28    .69   .115   .688   .294   2.02   .265  -.008   3
 558 ZHP041M     2 1479   1478     57      0    .705    .30   1.25   .177   .855   .269   2.24   .251  -.009   3
 559 ZHP044M    85  792    708     26      1    .498    .29    .84   .127   .814   .243   1.75   .226  -.006   1
 560 ZHP045M  -711 1748   2460     96     14    .496    .19    .48   .076   .671   .270   1.99   .248  -.005   3
 561 ZHP101M  1165 1776    612     23      1    .672    .42   1.49   .286   .830   .373   2.15   .326  -.005   2
 562 ZHP104M  1404 1909    506     18      0    .723    .37   1.19   .241   .735   .396   2.85   .368   .005   1
 563 ZHP106M  -893 -127    767     28      3    .510    .24    .76   .144   .861   .311   1.72   .259  -.004   2
 564 ZHP109M  1157 1610    454     16      0    .664    .51    .96   .161   .608   .232   1.82   .229  -.008   1
 565 ZHP111M  1522 1898    377     13      0    .765    .62   1.23   .188   .423   .293   1.69   .261  -.003   1
 566 ZHP113M  1166 1480    315     11      0    .643    .63   1.34   .258   .597   .322   1.94   .281  -.003   1
 567 ZHP119M  1358 1976    619     23      0    .719    .28    .70   .122   .738   .252   1.73   .230  -.007   1
 568 ZHP124M  1006 1449    444     16      0    .738    .42   1.43   .273   .830   .400   2.16   .353  -.005   2
 569 ZHP128M  1001 1970    970     36      0    .710    .24   1.17   .178   .870   .363   2.14   .314  -.016   3
 570 ZHP131M  1107 1999    893     34      0    .693    .37    .85   .116   .536   .245   1.83   .222  -.001   3
 571 ZHP132M   932 1973   1042     39      0    .762    .29   1.17   .192   .888   .269   1.83   .232  -.013   3
 572 ZHP134M   999 1521    523     18      0    .560    .41   1.30   .244   .904   .224   1.59   .203   .003   3
 573 ZHP135M   948 1950   1003     39      2    .621    .25    .69   .130   .851   .240   1.93   .232   .002   2
 574 ZHP136M  -285 1226   1512     59      0    .660    .26    .97   .131   .835   .234   1.88   .215  -.005   3
 575 ZHP138M  1116 1747    632     23      0    .758    .27    .67   .134   .762   .315   2.06   .279  -.008   3
 576 ZHP142M   726 1525    800     30      1    .509    .24    .65   .091   .802   .197   1.60   .184  -.003   2
 577 ZHP143M   825 2009   1185     45      6    .485    .30   1.06   .127   .849   .185   1.58   .176  -.009   1
 578 ZHP144M   654 2009   1356     52      5    .507    .21    .62   .082   .742   .248   1.85   .236  -.008   1
 579 ZHP145M   166 2009   1844     72      5    .494    .24    .78   .129   .793   .284   2.30   .260  -.004   3
 580 ZHP147M   101 1256   1156     44      0    .534    .24    .58   .099   .843   .189   1.54   .182  -.010   1
 581 ZHP148M    55 1674   1620     63      3    .520    .25    .72   .126   .855   .228   1.88   .218  -.004   3
 582 ZHP150M   975 2009   1035     40      1    .618    .24    .80   .132   .870   .252   1.94   .224   .042   0
 583 ZHP151M  -220 2009   2230     87      1    .594    .18    .92   .101   .824   .286   1.91   .253  -.011   3
 584 ZHP152M   809 1480    672     25      0    .675    .28    .84   .141   .752   .314   1.93   .293  -.001   2
 585 ZHP154M  1216 1993    778     29     10    .377    .32    .95   .170   .899   .202   1.73   .194  -.007   3
 586 ZHP155M   807 1412    606     22      0    .616    .33    .86   .202   .901   .242   1.93   .233  -.001   1
 587 ZHP156M  1229 1978    750     28      1    .499    .33    .91   .158   .861   .217   2.06   .197   .003   1
 588 ZHP158M   714 1999   1286     50      0    .579    .21    .68   .092   .756   .257   1.88   .243  -.006   3
 589 ZHP159M  1491 1971    481     17      2    .438    .43   1.01   .161   .858   .153   1.67   .158   .008   1
 590 ZHP160M   957 1978   1022     39      1    .574    .35    .91   .142   .810   .218   1.73   .200  -.003   2
 591 ZHP161M   962 2002   1041     40      1    .590    .32   1.23   .168   .907   .179   1.57   .167  -.005   3
 592 ZHP164M   722 2009   1288     50      7    .457    .32    .85   .137   .785   .229   2.00   .224  -.004   1
 593 ZHP166M  1141 1999    859     33      1    .681    .28    .54   .076   .338   .260   2.04   .223  -.008   0
 594 ZHP167M  1445 2000    556     21      3    .401    .45   1.11   .178   .649   .262   2.02   .228  -.012   0
 595 ZHP168M   825 2009   1185     46      1    .556    .21    .56   .077   .717   .217   1.63   .193   .031   0
 596 ZHP170M  1286 1980    695     26      1    .584    .33    .69   .112   .680   .212   1.82   .189   .032   0
 597 ZHP171M  1239 1973    735     27      0    .628    .42   1.65   .281   .904   .268   1.89   .250  -.010   2
 --- -------- ---------  -----  -----  -----   ------ -----  -----  -----  -----  -----  -----  -----  -----  --
 Total or mean:         442586  16465    743    .654    .30   3.50   .151   .746   .298   3.72   .269  -.003

 DATA CHECKS (rwl.check): chin067
-----------------------------------------------------------------------------------------------------------------------------------
 rwl.check: data_files/treering/measurements/asia/chin067.rwl
 597 series, 442586 measurements, -2637-2011, 0.001 mm precision
 0 error(s), 0 warning(s), 2 note(s)
 -------------
 Nothing to report at this severity.
 2 note(s) not shown; see rwl.check() or the 'check' element of this report.

 NOTES
-----------------------------------------------------------------------------------------------------------------------------------
 Report generated using dplR 1.8.1 (R 4.5.2) on 2026-10-01 16:59 PDT.
 Measurement file chin067.rwl, MD5 f2bc71356c565bf043527ba9284b20c7.
 Filtering: each series divided by a 32-year smoothing spline (caps()), then prewhitened with
   an AR model (order by AIC, at most 3).
 Master: biweight robust mean of the other series (leave-one-out).
 Correlation: Pearson, one-tailed, pcrit = 0.01; critical r = 0.3281 for 50-year segments.
 Segments: 50 years, lagged 25, first segment floored to 100. Lags searched: +/- 10 years.
 A segment is tested only where the series and the master cover all of it, at the dated
   position and at every lag. COFECHA also tests partial segments at the ends of a series, so
   series here may show fewer segments, and no flags can be raised at the ends of the record.
 Lags follow COFECHA: negative means rings are probably missing from the series, positive means
   false rings. A missing ring carries its lag into every segment before it, so look where the
   lag changes along a series. A B flag is a hypothesis to check on the wood; the gain says how
   seriously to take it.
 A B flag marked "weak at every lag" correlates under the critical value even at its best lag:
   the segment is weak wherever it is placed, and the shift is not evidence of a dating error.
   Treat it as a low correlation, like an A.
 Averages in the summary and the totals are weighted by the number of years in each series, as
   COFECHA's are.
 Unfiltered block and mean sensitivity: the measurements as read, and sens1().
 dplR filtered block: the series that was correlated, after filtering. COFECHA's filtered
   series is defined differently, so these three columns are not COFECHA's numbers.
 AR: order of the AR model used to prewhiten.
 Left out of the crossdating: the 'nyrs' spline for series MNP146M is not all positive, so
   dividing by it would give negative or infinite indices. Remove the series, or detrend the
   data yourself with detrend() and pass the indices with 'nyrs = NULL'
