
 COFECHA-style crossdating report: russ246
 Report generated using dplR 1.8.1 (R 4.5.2) on 2026-10-01 16:49 PDT
 Built with dplR's xdate.report(), not COFECHA; see the notes at the end.


      Measurement file name  : russ246.rwl
      MD5 of measurement file: a820e862d44bc2ca0e9927d59c2d1f75
      Date checked           : 01OCT26
      Beginning year         : -359
      Ending year            : 2011
      Principal investigators: Büntgen, U.
      Site name              : Altai
      Species information    : LASI Larix sibirica Ledeb. = Larix russica (Endl.) Sabine ex Trautv.
      Latitude               : 47.5000 N
      Longitude              : 87.5000 E
      Elevation              : 483 m

      Series intercorrelation: 0.644
      Avg mean sensitivity   : 0.339
      Avg standard deviation : 0.223
      Avg autocorrelation    : 0.763
      Number dated series    : 657
      Series crossdated      : 656
      Segment length tested  : 50

      Number problem segments: 107  (A 41, B 66; 21 of the B weak at every lag)
      Pct problem segments   : 1.34


 CORRELATION OF SERIES BY SEGMENTS: russ246
-----------------------------------------------------------------------------------------------------------------------------------
 Correlations of  50-year dated segments, lagged  25 years
 Flags:  A = correlation under   .3281 but highest as dated;  B = correlation higher at other than dated position

 Seq Series  Time_span  -300 -275 -250 -225 -200 -175 -150 -125 -100  -75  -50  -25    0   25   50   75  100  125  150  175 
                        -251 -226 -201 -176 -151 -126 -101  -76  -51  -26   -1   24   49   74   99  124  149  174  199  224 
 --- -------- ---------  ---- ---- ---- ---- ---- ---- ---- ---- ---- ---- ---- ---- ---- ---- ---- ---- ---- ---- ---- ---- 
 175 a9_05     164  311                                                                                                 .59 
 312 jl8_46    112  245                                                                                       .56  .66  .59 
 361 m7_05me    88  891                                                                                  .68  .66  .74  .81 
 385 m7_36me   133  429                                                                                            .70  .85 
 386 m7_37me   156  457                                                                                                 .68 
 416 m7_b08me   78  436                                                                                  .49  .67  .80  .82 
 417 m7_b09me  154  421                                                                                                 .59 
 418 m7_b10me  134  435                                                                                            .70  .59 
 430 m8_011me   82  390                                                                                  .35  .32A .47  .73 
 486 m8_081     89  403                                                                                  .60  .77  .79  .82 
 489 m8_084me   14  526                                                                   .45  .35  .49  .58  .72  .78  .77 
 491 m8_086me   98  465                                                                                       .39  .62  .69 
 499 m8_095me  148  351                                                                                                 .58 
 512 m8_108me   72  475                                                                             .63  .71  .79  .86  .81 
 513 m8_110    130  251                                                                                            .74  .62 
 533 m8_135a   156  444                                                                                                 .73 
 557 m8_320me   90  271                                                                                  .68  .54B .34  .47 
 577 st8_14    144  531                                                                                            .49  .60 
 590 m9_12me   104  269                                                                                       .78  .79  .76 
 596 m9_19_me  148  438                                                                                                 .81 
 601 m9_24me    82  170                                                                                  .57                
 612 m9_47me  -359  258                                                                   .49  .51  .59  .63  .61  .69  .75 
 616 m9_xy_me  131  449                                                                                            .48  .36B
 Av segment correlation                                                                   .47  .43  .57  .59  .62  .66  .68 

 CORRELATION OF SERIES BY SEGMENTS: russ246
-----------------------------------------------------------------------------------------------------------------------------------
 Correlations of  50-year dated segments, lagged  25 years
 Flags:  A = correlation under   .3281 but highest as dated;  B = correlation higher at other than dated position

 Seq Series  Time_span   200  225  250  275  300  325  350  375  400  425  450  475  500  525  550  575  600  625  650  675 
                         249  274  299  324  349  374  399  424  449  474  499  524  549  574  599  624  649  674  699  724 
 --- -------- ---------  ---- ---- ---- ---- ---- ---- ---- ---- ---- ---- ---- ---- ---- ---- ---- ---- ---- ---- ---- ---- 
 163 a1_17me   620 1315                                                                                       .49  .56  .70 
 167 a1_20me   273  398                 .66  .55  .48                                                                       
 171 a1_30me   420 1217                                               .74  .74  .54  .58  .62  .72  .75  .65  .60  .79  .80 
 174 a9_04me   218  439       .42  .60  .66  .57  .52  .45  .31A                                                            
 175 a9_05     164  311  .75  .67  .62                                                                                      
 177 a9_07me   618  797                                                                                       .37  .65  .78 
 195 a9_222    661  772                                                                                                 .68 
 199 a9_24me   590 1385                                                                                  .50  .50  .50  .45 
 202 a9_27me   541  771                                                                        .63  .69  .58  .56  .64  .76 
 203 a9_28me   267 1215                 .59  .58  .48  .43  .42  .39  .48  .35  .26B .60  .34  .27B .65  .66  .51  .58  .75 
 204 a9_29me   474  694                                                         .20B .45  .48  .58  .61  .51  .39           
 221 a9_49me   506  840                                                                   .69  .54  .48  .55  .62  .74  .76 
 223 a9_51me   627 1604                                                                                            .43  .40 
 228 a9_60me   489 1320                                                              .80  .60  .51  .70  .49  .50  .75  .73 
 232 a9_x4me   611 1026                                                                                       .33  .29A .39 
 239 jl7_05me  519  962                                                                   .70  .74  .70  .63  .67  .78  .74 
 240 jl7_06me  582 1189                                                                                  .55  .62  .81  .79 
 246 jl7_12me  235  471            .76  .78  .69  .68  .71  .76  .74                                                        
 262 jl7_29me  461 1008                                                         .51  .74  .69  .71  .73  .71  .72  .70  .73 
 265 jl7_32me  318  563                           .42  .46  .35  .15B .44  .43  .39  .52                                    
 280 jl8_14    600 1164                                                                                       .66  .74  .76 
 283 jl8_17me  251  865                 .60  .47  .49  .64  .74  .68  .76  .72  .49  .80  .79  .72  .69  .45  .52  .79  .75 
 296 jl8_30me  560 1201                                                                             .53  .44B .52  .70  .72 
 320 jl8_57me  204  447       .60  .65  .51  .26A .44  .62  .73                                                             
 326 jl8_63me  548 1276                                                                        .78  .73  .63  .62  .78  .76 
 331 jl8_68me  659 1203                                                                                                 .68 
 344 k_04me    588  910                                                                                  .11B .24B .65  .51 
 351 k_13me    628  966                                                                                            .71  .56 
 361 m7_05me    88  891  .84  .77  .69  .74  .84  .78  .75  .68  .62  .69  .68  .62  .64  .61  .53  .53  .46  .52  .75  .72 
 383 m7_34me   211  388       .53  .63  .72  .66  .76                                                                       
 384 m7_35     293  479                      .64  .70  .70  .64  .50  .36                                                   
 385 m7_36me   133  429  .77  .63  .65  .74  .71  .73  .76  .69                                                             
 386 m7_37me   156  457  .67  .53  .63  .54  .42  .75  .75  .67  .67                                                        
 387 m7_38     291  439                      .58  .68  .68  .65                                                             
 388 m7_39me   272  522                 .69  .57  .68  .76  .68  .47  .44  .47                                              
 405 m7_N21me  608  952                                                                                       .55  .45  .30B
 407 m7_N23me  445 1033                                                    .53  .32A .39  .38  .56  .65  .53  .64  .64  .50 
 416 m7_b08me   78  436  .80  .77  .66  .61  .65  .66  .77  .84                                                             
 417 m7_b09me  154  421  .80  .80  .79  .74  .66  .73  .83                                                                  
 418 m7_b10me  134  435  .59  .73  .79  .74  .64  .63  .66  .73                                                             
 428 m8_008    632  973                                                                                            .72  .65 
 430 m8_011me   82  390  .85  .80  .82  .86  .77  .82                                                                       
 431 m8_014me  557 1106                                                                             .63  .68  .68  .78  .68 
 442 m8_028me  463  946                                                         .64  .65  .63  .64  .64  .52  .54  .72  .74 
 444 m8_030    378  517                                          .62  .68  .56                                              
 446 m8_032me  598  983                                                                                       .52  .56  .60 
 455 m8_043me  327  504                                .79  .74  .67  .73  .63                                              
 484 m8_079me  280  461                      .76  .74  .70  .67  .72                                                        
 485 m8_080    176  429  .76  .64  .66  .78  .68  .67  .85  .80                                                             
 486 m8_081     89  403  .82  .59  .71  .80  .74  .78  .82                                                                  
 488 m8_083    196  455  .71  .66  .71  .69  .57  .62  .73  .69  .64                                                        
 489 m8_084me   14  526  .81  .81  .87  .90  .85  .85  .84  .78  .74  .76  .72  .52                                         
 490 m8_085    337  530                                .61  .70  .71  .79  .78  .63                                         
 491 m8_086me   98  465  .63  .72  .70  .67  .72  .67  .68  .69  .61                                                        
 499 m8_095me  148  351  .74  .64  .62  .68  .56                                                                            
 500 m8_096me  314  502                           .50  .73  .64  .50  .66  .62                                              
 501 m8_097    329  436                                .56  .85                                                             
 502 m8_098me  191  294  .75  .75                                                                                           
 504 m8_100me  382  495                                          .59  .72                                                   
 509 m8_105me  670  981                                                                                                 .48 
 511 m8_107    276  433                      .56  .66  .67  .75                                                             
 512 m8_108me   72  475  .82  .86  .84  .75  .72  .74  .78  .81  .74  .71                                                   
 513 m8_110    130  251  .67                                                                                                
 521 m8_120    257  435                 .64  .65  .60  .67  .69                                                             
 531 m8_133me  309  459                           .46  .70  .80  .77                                                        
 532 m8_134me  565 1374                                                                             .52  .45  .72  .79  .71 
 533 m8_135a   156  444  .79  .68  .75  .74  .60  .69  .74  .73                                                             
 534 m8_135b   188  334  .59  .69  .68  .56                                                                                 
 535 m8_136me  271 1082                 .63  .58  .61  .68  .67  .69  .70  .61  .41  .27A .24A .39  .59  .66  .73  .72  .60 
 537 m8_138me  667 1205                                                                                                 .61 
 552 m8_312me  362  475                                     .76  .74  .66                                                   
 553 m8_315me  272  518                 .60  .67  .80  .79  .71  .71  .71  .71                                              
 554 m8_316    301  501                           .46  .57  .74  .71  .72  .65                                              
 555 m8_317me  275  486                      .53  .65  .76  .80  .80  .78                                                   
 556 m8_318me  217  510       .73  .71  .65  .55  .65  .73  .72  .69  .78  .81                                              
 557 m8_320me   90  271  .75                                                                                                
 577 st8_14    144  531  .59  .54  .66  .62  .47  .57  .68  .73  .73  .74  .67  .48                                         
 578 st8_15me  501 1136                                                                   .71  .63  .53  .42  .58  .72  .66 
 581 m9_01     669 1068                                                                                                 .67 
 588 m9_08me   665 1224                                                                                                 .54 
 590 m9_12me   104  269  .77                                                                                                
 591 m9_14_me  227  350            .74  .67  .56                                                                            
 592 m9_15me   197  421  .54  .57  .57  .66  .65  .71  .79                                                                  
 596 m9_19_me  148  438  .77  .69  .61  .68  .76  .70  .74  .77                                                             
 602 m9_27me   633  899                                                                                            .55  .45 
 612 m9_47me  -359  258  .77                                                                                                
 614 m9_49me   267  420                 .77  .72  .71  .76                                                                  
 616 m9_xy_me  131  449  .54  .53  .57  .65  .65  .67  .72  .79  .72                                                        
 Av segment correlation  .73  .67  .69  .69  .63  .65  .70  .70  .64  .67  .63  .46  .59  .57  .60  .63  .53  .55  .67  .64 

 CORRELATION OF SERIES BY SEGMENTS: russ246
-----------------------------------------------------------------------------------------------------------------------------------
 Correlations of  50-year dated segments, lagged  25 years
 Flags:  A = correlation under   .3281 but highest as dated;  B = correlation higher at other than dated position

 Seq Series  Time_span   700  725  750  775  800  825  850  875  900  925  950  975 1000 1025 1050 1075 1100 1125 1150 1175 
                         749  774  799  824  849  874  899  924  949  974  999 1024 1049 1074 1099 1124 1149 1174 1199 1224 
 --- -------- ---------  ---- ---- ---- ---- ---- ---- ---- ---- ---- ---- ---- ---- ---- ---- ---- ---- ---- ---- ---- ---- 
 150 a1_02    1037 1629                                                                        .57  .57  .52  .47  .60  .63 
 153 a1_06me  1085 1487                                                                                  .44  .60  .52  .41 
 154 a1_07    1035 1551                                                                        .58  .60  .68  .66  .52  .43 
 155 a1_09me  1037 1305                                                                        .58  .45  .44  .60  .51  .22A
 159 a1_13me  1168 1560                                                                                                 .24B
 160 a1_14me   837 1125                                .51  .63  .69  .70  .67  .60  .57  .51  .58  .62                     
 161 a1_15me   922 1285                                               .69  .62  .40  .46  .60  .57  .61  .69  .62  .57  .53 
 162 a1_16me  1060 1614                                                                             .53  .43  .41  .49  .45 
 163 a1_17me   620 1315  .74  .74  .70  .79  .83  .79  .59  .41  .70  .67  .53  .61  .58  .50  .54  .56  .45  .42  .54  .58 
 168 a1_21_1m  916 1404                                               .52  .28B .33B .37  .39  .44  .51  .58  .57  .47  .47 
 169 a1_21_2m  716 1345       .49  .58  .83  .80  .62  .60  .55  .61  .56  .52  .54  .54  .54  .54  .53  .47  .44  .52  .57 
 170 a1_22_1m 1043 1420                                                                        .28A .40  .55  .56  .57  .49 
 171 a1_30me   420 1217  .74  .67  .59  .74  .79  .74  .65  .67  .80  .76  .71  .64  .66  .68  .72  .54  .52  .70  .60      
 173 a9_03me  1170 1652                                                                                                 .49 
 176 a9_06me   745  979            .46  .63  .53  .42  .43  .21B .29B .54                                                   
 177 a9_07me   618  797  .67  .65                                                                                           
 178 a9_08     747  924            .46  .68  .66  .46  .46  .57                                                             
 179 a9_09me_  682  991  .26A .36  .42  .57  .62  .30B .28A .47  .60  .66                                                   
 180 a9_0x1me  912 1321                                               .58  .49  .43  .53  .52  .71  .71  .67  .70  .68  .62 
 183 a9_11     751  995                 .60  .55  .43  .48  .47  .56  .63                                                   
 191 a9_19    1081 1519                                                                                  .54  .50  .48  .52 
 193 a9_21_a  1068 1174                                                                             .64  .45  .61           
 195 a9_222    661  772  .59                                                                                                
 197 a9_22me   830  994                                .58  .45  .55  .63                                                   
 199 a9_24me   590 1385  .49  .57  .64  .69  .65  .45  .35  .29A .48  .51  .37  .40  .47  .49  .56  .63  .54  .45  .49  .50 
 202 a9_27me   541  771  .59                                                                                                
 203 a9_28me   267 1215  .73  .65  .66  .78  .72  .52  .52  .54  .73  .69  .56  .52  .51  .57  .46  .49  .68  .73  .62      
 205 a9_30     745 1063            .59  .64  .62  .47  .49  .69  .73  .64  .55  .62  .62                                    
 206 a9_31me  1085 1400                                                                                  .62  .72  .69  .67 
 207 a9_32me  1107 1327                                                                                       .74  .73  .72 
 208 a9_33me  1098 1407                                                                                  .64  .78  .80  .60 
 209 a9_34me   993 1359                                                              .42  .69  .72  .69  .63  .64  .60  .63 
 210 a9_35me  1141 1589                                                                                            .53  .44 
 211 a9_36me  1164 1590                                                                                                 .76 
 215 a9_41me   786  987                      .63  .65  .63  .76  .77  .73                                                   
 216 a9_42me   726 1191            .63  .71  .70  .68  .70  .69  .79  .79  .58  .49  .55  .59  .72  .63  .54  .73           
 217 a9_43me  1057 1402                                                                             .69  .65  .69  .76  .74 
 218 a9_44     755 1368                 .64  .57  .64  .65  .45  .61  .68  .56  .42  .49  .51  .58  .67  .63  .50  .55  .67 
 219 a9_45    1068 1363                                                                             .48  .47  .54  .58  .68 
 221 a9_49me   506  840  .68  .58  .51  .54                                                                                 
 222 a9_50me   968 1751                                                         .48  .43  .35B .41  .52  .76  .62  .60  .68 
 223 a9_51me   627 1604  .52  .61  .61  .72  .74  .74  .61  .61  .79  .78  .67  .53  .63  .65  .52  .52  .68  .65  .52  .39 
 224 a9_55     867  997                                     .50  .50  .47                                                   
 225 a9_57me   697 1520  .52  .40B .50  .63  .65  .73  .64  .49  .66  .62  .43  .56  .48  .48  .63  .71  .75  .67  .71  .76 
 227 a9_59me   991 1456                                                              .31B .47  .58  .61  .56  .61  .54  .44 
 228 a9_60me   489 1320  .67  .74  .70  .67  .65  .62  .39  .30B .64  .72  .79  .62  .52  .57  .56  .45  .55  .57  .48  .48 
 229 a9_61me   980 1321                                                              .41  .56  .56  .42  .46  .53  .40  .42 
 230 a9_x2_    797 1015                      .48  .41  .47  .43  .60  .48  .24A                                             
 231 a9_x3     706  831       .60  .41  .44                                                                                 
 232 a9_x4me   611 1026  .47  .50  .71  .73  .75  .66  .68  .70  .71  .71  .68  .51                                         
 234 jl7_01m  1166 1652                                                                                                 .47 
 235 jl7_02am 1089 1494                                                                                  .66  .66  .59  .59 
 236 jl7_02me 1034 1392                                                                        .47  .71  .78  .84  .74  .59 
 237 jl7_03me  884 1345                                          .48  .65  .63  .45  .30A .32A .58  .42  .43  .66  .74  .70 
 238 jl7_04me 1140 1691                                                                                            .65  .73 
 239 jl7_05me  519  962  .76  .79  .63  .74  .70  .66  .64  .61  .73                                                        
 240 jl7_06me  582 1189  .81  .78  .75  .77  .73  .60  .67  .76  .71  .78  .79  .75  .68  .67  .70  .76  .79  .87           
 241 jl7_07me  877 1346                                          .55  .74  .75  .57  .57  .81  .74  .65  .72  .78  .77  .75 
 242 jl7_08me 1087 1389                                                                                  .63  .66  .66  .59 
 244 jl7_10me 1117 1609                                                                                       .67  .63  .63 
 247 jl7_13me 1133 1686                                                                                            .67  .67 
 248 jl7_14me 1163 1624                                                                                                 .50 
 252 jl7_19me  806 1684                           .67  .72  .73  .79  .80  .78  .75  .71  .71  .80  .80  .78  .82  .84  .81 
 253 jl7_20me 1043 1335                                                                        .58  .54  .61  .71  .74  .75 
 254 jl7_21   1029 1368                                                                        .50  .43  .55  .69  .74  .77 
 257 jl7_24me  878 1600                                          .67  .78  .71  .47  .33A .53  .51  .50  .62  .64  .73  .71 
 258 jl7_25me  866 1542                                     .47  .54  .77  .78  .62  .50  .57  .60  .59  .62  .68  .77  .81 
 259 jl7_26me 1111 1630                                                                                       .64  .72  .64 
 260 jl7_27    914 1314                                               .43  .57  .56  .69  .74  .76  .75  .72  .78  .77  .72 
 261 jl7_28me 1071 1285                                                                             .38  .56  .71  .77  .75 
 262 jl7_29me  461 1008  .68  .62  .64  .60  .62  .63  .67  .68  .75  .85  .84                                              
 263 jl7_30me 1113 1393                                                                                       .60  .55  .49 
 264 jl7_31me  885 1394                                          .48  .41  .40  .48  .49  .47  .47  .33B .47  .58  .46  .47 
 267 jl7_34me 1008 1371                                                                   .34  .39  .41  .46  .33  .39  .59 
 274 jl8_06   1047 1583                                                                        .52  .69  .61  .66  .71  .66 
 275 jl8_07   1102 1567                                                                                       .73  .81  .82 
 276 jl8_08   1133 1466                                                                                            .74  .76 
 277 jl8_10me  877 1329                                          .78  .84  .80  .74  .71  .80  .83  .85  .83  .82  .82  .70 
 278 jl8_11    814 1168                           .58  .59  .43  .56  .69  .71  .71  .69  .76  .65  .54  .56                
 279 jl8_12   1132 1610                                                                                            .71  .84 
 280 jl8_14    600 1164  .66  .68  .66  .72  .73  .63  .55  .59  .75  .78  .79  .69  .74  .80  .79  .77  .73                
 281 jl8_15me 1076 1549                                                                                  .62  .71  .75  .71 
 282 jl8_16me  875 1360                                          .60  .65  .67  .62  .57  .70  .79  .75  .81  .82  .75  .74 
 283 jl8_17me  251  865  .74  .65  .55  .67  .61                                                                            
 284 jl8_18me  811 1299                           .61  .74  .76  .76  .76  .76  .77  .71  .64  .73  .76  .79  .80  .73  .68 
 287 jl8_21me 1002 1461                                                                   .52  .73  .66  .59  .64  .55  .52 
 288 jl8_22me  874 1393                                     .60  .61  .64  .70  .71  .71  .76  .80  .77  .78  .78  .59  .46 
 295 jl8_29   1144 1521                                                                                            .73  .65 
 296 jl8_30me  560 1201  .62  .65  .64  .76  .72  .68  .67  .69  .81  .75  .48  .44  .56  .64  .67  .66  .71  .77  .80      
 297 jl8_31me 1113 1579                                                                                       .65  .68  .65 
 298 jl8_32me 1051 1360                                                                             .60  .57  .54  .51  .51 
 301 jl8_35me 1098 1664                                                                                       .56  .66  .65 
 302 jl8_36   1077 1329                                                                                  .49  .55  .71  .64 
 303 jl8_37   1175 1612                                                                                                 .70 
 305 jl8_39    882 1221                                          .86  .83  .75  .75  .77  .75  .73  .70  .72  .70  .69      
 306 jl8_40me 1094 1465                                                                                  .67  .69  .69  .72 
 311 jl8_45me  766 1075                 .65  .66  .60  .68  .68  .70  .77  .73  .66  .64  .58                               
 319 jl8_56me  827 1217                                .60  .59  .58  .66  .67  .66  .53  .47  .64  .72  .79  .75  .76      
 321 jl8_58me  722 1164       .61  .50  .48  .52  .56  .57  .51  .47  .63  .67  .58  .57  .59  .61  .58  .74                
 325 jl8_62me 1042 1561                                                                        .76  .70  .78  .78  .78  .75 
 326 jl8_63me  548 1276  .64  .66  .56  .64  .71  .77  .59  .53  .68  .73  .73  .71  .64  .52  .58  .58  .72  .72  .64  .66 
 328 jl8_65    994 1269                                                              .37  .43  .50  .57  .69  .81  .75  .61 
 329 jl8_66me 1160 1616                                                                                                 .70 
 331 jl8_68me  659 1203  .63  .59  .51  .66  .76  .56  .66  .73  .76  .79  .77  .72  .70  .70  .73  .75  .78  .79  .79      
 332 jl8_69me  782 1547                      .46  .50  .53  .43  .64  .67  .56  .63  .56  .60  .63  .66  .76  .76  .74  .72 
 333 jl8_70me 1140 1628                                                                                            .68  .66 
 334 jl8_71    760 1355                 .66  .66  .67  .78  .74  .64  .66  .56  .54  .50  .46  .75  .76  .73  .69  .63  .64 
 335 jl8_72me  731 1453            .51  .66  .72  .70  .62  .37  .44  .64  .58  .42  .56  .61  .70  .66  .71  .72  .60  .58 
 336 jl8_73    756 1406                 .77  .75  .72  .72  .72  .72  .66  .59  .53  .64  .70  .78  .81  .81  .79  .75  .74 
 337 01_k     1094 1329                                                                                  .37  .45  .48  .36B
 338 02_k     1125 1353                                                                                            .76  .69 
 340 13_k_me   894 1233                                          .75  .70  .67  .68  .69  .67  .64  .58  .52  .63  .55  .37B
 344 k_04me    588  910  .40  .55  .42  .51  .58  .55  .50                                                                  
 345 k_05      957 1215                                                         .45  .59  .50  .48  .45  .48  .63  .65      
 348 k_08me   1061 1350                                                                             .68  .62  .67  .73  .64 
 349 k_10me   1102 1546                                                                                       .47  .40  .25B
 351 k_13me    628  966  .48  .64  .50  .57  .60  .45  .50  .58  .64                                                        
 353 k_15me   1072 1772                                                                             .63  .58  .74  .64  .52 
 355 k_17me    906 1527                                               .48  .56  .68  .37  .24A .39  .41  .59  .81  .70  .48 
 356 k_18me   1086 1293                                                                                  .26B .60  .69  .61 
 357 k_19me    721  990       .69  .59  .58  .61  .73  .68  .70  .72  .65                                                   
 358 k_09me    768 1445                 .61  .66  .39  .43  .71  .75  .66  .50  .56  .62  .53  .57  .63  .68  .74  .76  .69 
 359 m7_00me  1107 1681                                                                                       .51  .63  .63 
 360 m7_04me  1013 1279                                                                   .68  .73  .71  .69  .61  .70  .72 
 361 m7_05me    88  891  .70  .73  .64  .71  .72  .68                                                                       
 362 m7_06me   817 1279                           .55  .66  .68  .77  .80  .77  .74  .73  .67  .66  .66  .76  .75  .70  .63 
 363 m7_07me   778 1274                      .61  .38  .51  .65  .70  .74  .71  .63  .71  .74  .77  .82  .81  .76  .77  .74 
 364 m7_08me  1043 1291                                                                        .56  .64  .76  .83  .79  .72 
 365 m7_11me  1135 1284                                                                                            .74  .75 
 366 m7_12me   993 1301                                                              .48  .46  .44  .48  .68  .79  .85  .82 
 368 m7_16me   849 1386                                .65  .73  .73  .79  .83  .74  .74  .73  .80  .73  .67  .79  .87  .77 
 369 m7_17me   765 1217                 .81  .57  .44  .74  .71  .69  .67  .61  .69  .62  .65  .67  .68  .69  .64  .71      
 375 m7_25ame 1148 1353                                                                                                 .59 
 377 m7_28me  1067 1551                                                                             .75  .73  .79  .82  .75 
 381 m7_32me  1144 1676                                                                                            .59  .64 
 382 m7_33me  1026 1371                                                                        .73  .79  .74  .72  .75  .61 
 391 m7_N01me 1121 1742                                                                                       .76  .67  .59 
 392 m7_N03me 1046 1494                                                                        .57  .72  .72  .62  .68  .74 
 393 m7_N05me 1013 1646                                                                   .69  .67  .67  .63  .63  .76  .84 
 394 m7_N06me 1022 1623                                                                   .74  .70  .79  .79  .72  .76  .73 
 395 m7_N07me 1056 1503                                                                             .72  .78  .78  .78  .72 
 396 m7_N08    951 1170                                                         .71  .73  .66  .67  .73  .59                
 403 m7_N18me  819 1121                           .53  .68  .75  .79  .81  .72  .48  .56  .74  .70                          
 405 m7_N21me  608  952  .48  .55  .59  .65  .50  .38  .61  .34  .17B                                                       
 406 m7_N22me 1053 1373                                                                             .70  .72  .82  .76  .64 
 407 m7_N23me  445 1033  .61  .73  .67  .61  .61  .70  .75  .78  .69  .71  .81  .74                                         
 408 m7_N24me  950 1583                                                         .56  .38  .44  .54  .51  .61  .44  .42  .62 
 409 m7_N25me  861 1636                                     .54  .63  .63  .54  .48  .61  .58  .54  .51  .51  .57  .75  .75 
 412 m7_b04me 1049 1687                                                                        .41  .61  .66  .66  .79  .76 
 413 m7_b05me 1051 1681                                                                             .32A .52  .56  .59  .59 
 414 m7_b06me  844 1327                                .58  .51  .61  .71  .60  .42  .65  .67  .76  .82  .74  .80  .86  .75 
 415 m7_b07me  801 1053                           .52  .54  .68  .74  .71  .60  .59  .66                                    
 420 m8_0      976 1155                                                              .56  .57  .64  .72  .68                
 421 m8_00    1018 1400                                                                   .48  .62  .62  .57  .57  .60  .66 
 422 m8_001me  873 1322                                     .63  .70  .78  .80  .69  .59  .50  .64  .69  .60  .54  .52  .56 
 425 m8_004me  760 1047                 .59  .72  .71  .62  .58  .68  .73  .72  .65                                         
 426 m8_005    794  995                      .71  .61  .69  .62  .64  .76                                                   
 427 m8_007    801 1018                           .44  .65  .71  .62  .69  .76                                              
 428 m8_008    632  973  .70  .74  .66  .68  .68  .66  .70  .72  .67                                                        
 429 m8_009me  917 1574                                               .72  .75  .64  .64  .53  .74  .78  .66  .82  .86  .77 
 431 m8_014me  557 1106  .64  .74  .75  .85  .83  .76  .69  .63  .75  .73  .72  .66  .59  .51  .62                          
 432 m8_015me  978 1479                                                              .78  .80  .82  .79  .73  .71  .80  .80 
 433 m8_016   1153 1449                                                                                                 .82 
 434 m8_018    873 1035                                     .74  .67  .58  .57  .62                                         
 435 m8_019me  949 1538                                                         .65  .70  .59  .59  .68  .63  .76  .87  .81 
 436 m8_020me  989 1523                                                              .73  .59  .63  .64  .57  .66  .78  .72 
 437 m8_022    903 1047                                               .74  .71  .68                                         
 438 m8_023me  788 1048                      .66  .61  .78  .77  .72  .71  .70  .61                                         
 439 m8_024    897 1239                                          .78  .87  .82  .73  .76  .72  .77  .79  .77  .81  .85  .79 
 440 m8_025me  866 1401                                     .71  .72  .80  .86  .81  .82  .72  .59  .63  .66  .77  .80  .67 
 441 m8_026me  865 1401                                     .66  .62  .73  .79  .78  .75  .72  .77  .75  .63  .71  .77  .69 
 442 m8_028me  463  946  .78  .77  .78  .88  .83  .65  .65  .75                                                             
 443 m8_029me  963 1563                                                         .60  .71  .70  .78  .77  .73  .77  .80  .73 
 445 m8_031me 1025 1667                                                                        .70  .83  .85  .81  .76  .74 
 446 m8_032me  598  983  .61  .64  .56  .78  .75  .63  .83  .78  .68  .76                                                   
 447 m8_033me  884 1563                                          .79  .80  .77  .69  .63  .52  .59  .69  .61  .68  .66  .54 
 448 m8_034    931 1387                                                    .77  .77  .73  .71  .71  .60  .57  .65  .69  .71 
 449 m8_035   1109 1322                                                                                       .82  .83  .87 
 450 m8_036me  913 1414                                               .34  .60  .45  .28A .39  .67  .64  .62  .70  .80  .80 
 452 m8_040me  760 1036                 .61  .74  .71  .61  .59  .63  .71  .73  .61                                         
 453 m8_041me 1134 1439                                                                                            .71  .76 
 454 m8_042    875 1032                                          .68  .77  .75  .70                                         
 456 m8_045me 1164 1666                                                                                                 .75 
 457 m8_046me 1046 1637                                                                        .58  .49  .53  .57  .59  .59 
 461 m8_052me 1146 1450                                                                                            .68  .66 
 462 m8_053me  934 1337                                                    .32A .55  .59  .70  .76  .71  .70  .68  .69  .73 
 464 m8_055me 1071 1630                                                                             .71  .75  .77  .52  .50 
 465 m8_056me 1091 1615                                                                                  .44  .61  .70  .62 
 467 m8_058me 1136 1369                                                                                            .64  .46 
 468 m8_059me 1050 1358                                                                             .72  .79  .76  .75  .71 
 469 m8_061me 1040 1388                                                                        .76  .75  .64  .69  .71  .65 
 470 m8_062me 1096 1435                                                                                  .49  .63  .68  .65 
 473 m8_064me  873 1340                                     .61  .46B .55  .72  .67  .60  .63  .69  .76  .74  .73  .73  .72 
 474 m8_065me  812 1364                           .50  .65  .69  .70  .82  .82  .78  .76  .69  .68  .65  .70  .78  .81  .75 
 475 m8_066me 1033 1506                                                                        .67  .67  .69  .70  .70  .73 
 476 m8_068me 1077 1425                                                                                  .60  .56  .61  .66 
 477 m8_070me 1108 1505                                                                                       .81  .80  .83 
 478 m8_071me  927 1336                                                    .84  .81  .80  .80  .78  .71  .74  .76  .81  .84 
 479 m8_072me  990 1188                                                              .74  .53  .61  .74  .67  .78           
 480 m8_073me  750 1076                 .53  .67  .50  .54  .71  .81  .77  .70  .63  .61  .66                               
 481 m8_074me  911 1079                                               .66  .68  .71  .63  .66                               
 482 m8_076me  709  985       .70  .65  .76  .71  .38  .46  .49  .65  .69                                                   
 483 m8_078me  909 1196                                               .73  .70  .70  .65  .70  .71  .62  .53  .65           
 487 m8_082me 1065 1293                                                                             .75  .76  .72  .71  .77 
 492 m8_087    773 1167                 .77  .61  .42  .69  .71  .77  .81  .78  .75  .71  .78  .76  .70  .72                
 493 m8_088me 1061 1561                                                                             .76  .62  .64  .67  .68 
 494 m8_089me 1168 1715                                                                                                 .65 
 495 m8_090me  955 1227                                                         .49  .62  .62  .73  .73  .71  .78  .71  .64 
 496 m8_092me 1024 1646                                                                        .63  .67  .55  .56  .73  .66 
 497 m8_093me 1160 1533                                                                                                 .70 
 498 m8_094me  973 1383                                                         .18B .58  .80  .87  .86  .78  .80  .84  .76 
 503 m8_099me  968 1707                                                         .47  .44  .46  .61  .65  .70  .71  .71  .70 
 505 m8_101me 1144 1687                                                                                            .70  .73 
 506 m8_102me 1044 1424                                                                        .55  .58  .61  .62  .57  .58 
 507 m8_103me  862 1237                                     .76  .68  .80  .79  .69  .73  .64  .54  .66  .76  .64  .66  .73 
 508 m8_104me 1064 1355                                                                             .48  .69  .78  .67  .62 
 509 m8_105me  670  981  .62  .67  .73  .78  .75  .70  .68  .61  .67  .72                                                   
 510 m8_106me 1023 1331                                                                   .51  .46  .46  .62  .74  .67  .61 
 514 m8_111me 1059 1419                                                                             .72  .73  .70  .65  .68 
 516 m8_113me  986 1702                                                              .67  .81  .78  .63  .58  .69  .83  .81 
 517 m8_115me 1114 1685                                                                                       .77  .77  .74 
 522 m8_122me  785 1352                      .69  .52  .66  .75  .51  .58  .73  .61  .59  .54  .68  .79  .79  .68  .70  .71 
 523 m8_124me 1001 1310                                                                   .30A .50  .68  .68  .68  .74  .75 
 525 m8_126me 1031 1265                                                                        .59  .71  .75  .68  .72  .71 
 528 m8_129me  798 1103                      .66  .66  .69  .74  .71  .76  .88  .84  .81  .78  .78                          
 529 m8_130me  843 1255                                .53  .69  .79  .83  .72  .58  .70  .72  .59  .73  .84  .80  .78  .62 
 530 m8_131me  989 1531                                                              .66  .71  .65  .72  .83  .84  .89  .86 
 532 m8_134me  565 1374  .64  .63  .55  .67  .72  .65  .66  .61  .67  .79  .79  .79  .79  .67  .66  .65  .72  .79  .70  .62 
 535 m8_136me  271 1082  .53  .65  .71  .73  .67  .67  .74  .68  .60  .61  .70  .76  .69  .52                               
 536 m8_137me 1140 1432                                                                                            .71  .77 
 537 m8_138me  667 1205  .54  .47  .50  .62  .59  .62  .75  .75  .71  .84  .83  .67  .68  .62  .64  .73  .64  .64  .77      
 538 m8_139me  983 1366                                                              .46  .55  .72  .84  .84  .75  .71  .71 
 539 m8_140me  855 1386                                     .32A .46  .56  .58  .64  .72  .65  .65  .74  .78  .72  .68  .68 
 541 m8_142me 1018 1383                                                                   .75  .74  .72  .75  .77  .80  .79 
 542 m8_143me 1107 1571                                                                                       .49  .62  .69 
 543 m8_144me 1139 1387                                                                                            .61  .71 
 544 m8_301me  969 1784                                                         .42  .62  .71  .70  .57  .57  .78  .74  .60 
 545 m8_302me  959 1331                                                         .47  .61  .58  .60  .71  .65  .56  .61  .65 
 547 m8_305me 1027 1416                                                                        .53  .73  .80  .77  .82  .80 
 549 m8_308me  988 1290                                                              .64  .78  .70  .63  .65  .71  .80  .78 
 551 m8_310me  917 1111                                               .63  .68  .71  .80  .78  .71                          
 559 m8_322me 1051 1533                                                                             .83  .77  .74  .75  .73 
 560 m8_323me 1078 1533                                                                                  .68  .63  .72  .72 
 561 m8_324me  869 1422                                     .72  .51  .50  .64  .50  .65  .84  .76  .77  .68  .57  .61  .62 
 562 m8_325    932 1186                                                    .51  .51  .58  .69  .73  .77  .74  .64           
 563 m8_326me  745 1001            .46  .71  .77  .71  .71  .54  .57  .77  .78                                              
 564 m8_cm_me 1000 1653                                                                   .60  .70  .73  .75  .63  .62  .65 
 565 m8_st1me 1096 1698                                                                                  .61  .62  .52  .45 
 566 m8_xxxme 1047 1775                                                                        .80  .84  .76  .76  .72  .71 
 567 st8_02me  965 1430                                                         .52  .60  .74  .75  .77  .67  .65  .60  .51 
 568 st8_03me  974 1605                                                         .41  .49  .75  .81  .83  .70  .59  .65  .68 
 569 st8_05me  846 1319                                .55  .66  .77  .83  .78  .53  .59  .77  .69  .69  .73  .72  .75  .73 
 570 st8_06me  963 1280                                                         .34  .69  .75  .77  .83  .80  .74  .77  .78 
 571 st8_08    957 1123                                                         .35  .64  .75  .81                          
 572 st8_09me  960 1818                                                         .23B .22B .51  .59  .68  .57  .52  .63  .64 
 573 st8_10me 1008 1379                                                                   .75  .76  .82  .82  .75  .75  .75 
 575 st8_12me  993 1213                                                              .52  .68  .73  .76  .63  .67  .74      
 578 st8_15me  501 1136  .66  .74  .83  .78  .71  .66  .73  .74  .75  .80  .77  .73  .73  .78  .83  .82                     
 579 st8_16me 1006 1364                                                                   .59  .63  .71  .66  .69  .75  .72 
 580 st8_18    938 1164                                                    .65  .63  .63  .51  .38  .58  .64                
 581 m9_01     669 1068  .78  .75  .66  .78  .81  .69  .73  .70  .72  .84  .85  .64  .63                                    
 582 m9_02me   806 1151                           .34  .50  .59  .62  .75  .82  .67  .58  .61  .64  .65  .64                
 583 m9_03     819  954                           .51  .64  .75  .60                                                        
 584 m9_04me   750  960                 .71  .67  .47  .64  .69  .57                                                        
 585 m9_05     759  907                 .64  .63  .69  .73                                                                  
 586 m9_06me   754  966                 .63  .60  .70  .72  .75  .73                                                        
 587 m9_07me   885 1355                                          .64  .75  .86  .63  .52  .65  .71  .76  .73  .70  .83  .80 
 588 m9_08me   665 1224  .62  .50  .36  .68  .65  .37  .47  .54  .64  .67  .70  .60  .38  .50  .75  .81  .73  .75  .72  .63 
 589 m9_10me   709 1106       .76  .74  .80  .84  .70  .75  .73  .65  .72  .75  .67  .66  .71  .77                          
 593 m9_16_me  956 1281                                                         .37  .22A .19B .31B .60  .63  .62  .71  .71 
 594 m9_17     733  853            .64  .73  .72                                                                            
 595 m9_18_me 1031 1254                                                                        .75  .75  .76  .80  .82  .79 
 597 m9_20_me  831 1254                                .63  .50  .68  .73  .74  .71  .71  .78  .80  .75  .75  .68  .66  .70 
 598 m9_21me   835 1019                                .62  .61  .56  .63  .64                                              
 599 m9_22me   830 1091                                .72  .65  .62  .75  .76  .59  .45  .49                               
 600 m9_23     912 1116                                               .74  .73  .57  .49  .56  .63                          
 602 m9_27me   633  899  .65  .66  .60  .80  .70  .60  .70                                                                  
 603 m9_30me   886 1377                                          .57  .62  .67  .61  .51  .38  .62  .66  .59  .65  .76  .76 
 604 m9_31    1136 1360                                                                                            .73  .61 
 605 m9_32me   923 1561                                               .75  .64  .48  .56  .51  .53  .67  .71  .75  .79  .77 
 606 m9_34me   872 1164                                     .64  .39B .61  .70  .68  .80  .69  .66  .76  .65                
 607 m9_35     946 1258                                                    .59  .58  .74  .71  .65  .63  .56  .56  .70  .74 
 608 m9_42    1090 1659                                                                                  .69  .78  .77  .74 
 609 m9_44me  1087 1543                                                                                  .58  .76  .55  .44 
 611 m9_46me  1062 1210                                                                             .52  .52  .70  .77      
 613 m9_48me  1080 1549                                                                                  .34  .38  .51  .50 
 615 m9_not_m  785  933                      .69  .59  .68  .71                                                             
 617 m9_y_me  1034 1233                                                                        .72  .69  .64  .60  .56  .62 
 618 dr_00me   795 1308                      .73  .65  .76  .72  .67  .79  .83  .70  .65  .55  .65  .65  .72  .80  .73  .73 
 623 dr_02me   965 1301                                                         .19B .44  .59  .56  .64  .67  .73  .75  .69 
 625 dr_04    1071 1200                                                                             .71  .64  .71  .69      
 630 dr_10_me 1013 1271                                                                   .63  .75  .79  .82  .85  .78  .72 
 638 dr_24me  1068 1570                                                                             .70  .77  .83  .74  .63 
 644 dr_31    1089 1218                                                                                  .56  .62  .66      
 650 dr_37    1003 1180                                                                   .72  .75  .64  .64  .67           
 651 dr_38me   973 1339                                                         .66  .68  .74  .73  .65  .59  .63  .66  .29B
 652 dr_39     967 1209                                                         .67  .65  .72  .84  .80  .71  .69  .64      
 653 dr_40    1150 1372                                                                                                 .50 
 654 dr_41me  1061 1587                                                                             .66  .74  .67  .57  .57 
 655 dr_42me  1120 1686                                                                                       .34  .51  .52 
 Av segment correlation  .62  .64  .60  .68  .67  .59  .62  .62  .65  .70  .68  .60  .60  .62  .65  .66  .66  .68  .69  .65 

 CORRELATION OF SERIES BY SEGMENTS: russ246
-----------------------------------------------------------------------------------------------------------------------------------
 Correlations of  50-year dated segments, lagged  25 years
 Flags:  A = correlation under   .3281 but highest as dated;  B = correlation higher at other than dated position

 Seq Series  Time_span  1200 1225 1250 1275 1300 1325 1350 1375 1400 1425 1450 1475 1500 1525 1550 1575 1600 1625 1650 1675 
                        1249 1274 1299 1324 1349 1374 1399 1424 1449 1474 1499 1524 1549 1574 1599 1624 1649 1674 1699 1724 
 --- -------- ---------  ---- ---- ---- ---- ---- ---- ---- ---- ---- ---- ---- ---- ---- ---- ---- ---- ---- ---- ---- ---- 
   2 a1_k02a  1632 1818                                                                                            .66  .61 
  10 a1_k09m  1600 2009                                                                                       .78  .72  .53 
  12 a9_k01   1619 2009                                                                                       .74  .67  .71 
  14 a9_k04   1522 2009                                                                   .59  .69  .69  .80  .74  .73  .71 
  15 a9_k05   1582 2009                                                                                  .73  .77  .76  .64 
  16 a9_k06   1517 2009                                                                   .68  .64  .57  .64  .63  .46  .42 
  18 a9_k08   1622 2009                                                                                       .49  .58  .43 
  19 a9_k09me 1511 2009                                                                   .75  .67  .66  .78  .74  .65  .56 
  20 a9_k10   1620 2009                                                                                       .71  .68  .56 
  21 a9_k11   1523 2009                                                                        .77  .63  .52  .55  .65  .78 
  23 a9_k13   1519 2009                                                                   .68  .69  .69  .63  .60  .59  .66 
  26 a9_k16   1601 2009                                                                                       .71  .42  .37 
  27 K_02b    1659 2006                                                                                                 .59 
  28 K_03me   1661 2006                                                                                                 .69 
  30 K_05a    1575 2005                                                                                  .56  .52  .56  .49 
  31 K_06me   1567 2007                                                                             .81  .80  .78  .75  .75 
  32 K_07c    1536 2006                                                                        .58  .74  .61  .64  .60  .55 
  33 K_08a    1499 2006                                                              .82  .84  .86  .86  .79  .80  .84  .78 
  34 K_09me   1522 2006                                                                   .81  .84  .82  .75  .76  .78  .70 
  38 K_13a    1578 2006                                                                                  .77  .72  .74  .72 
  40 K_16     1483 2006                                                              .69  .66  .70  .82  .78  .73  .70  .72 
  42 K_18     1662 2006                                                                                                 .56 
  48 JL12k07m 1667 2011                                                                                                 .50 
  49 JL12k08  1616 2011                                                                                       .71  .69  .59 
  56 kok02_4  1567 2008                                                                             .58  .45  .55  .50  .38 
  57 kok03_4  1519 2008                                                                   .52  .50  .64  .57  .37  .33B .41 
  58 kok04_3  1273 2008                      .65  .68  .70  .67  .70  .70  .60  .66  .81  .81  .69  .67  .74  .68  .64  .62 
  60 kok06_4  1461 2008                                                         .66  .62  .69  .76  .71  .59  .43  .42  .52 
  61 kok07_3  1359 2008                                     .63  .74  .77  .67  .68  .56  .60  .68  .71  .67  .64  .76  .76 
  62 kok09_3  1525 1806                                                                        .64  .77  .67  .63  .59  .53 
  66 kok18_4  1599 2008                                                                                  .64  .53  .42  .48 
  67 kok20_4  1466 2008                                                         .62  .66  .60  .60  .68  .70  .70  .66  .60 
  74 ks12_17  1517 2011                                                                   .71  .77  .76  .73  .65  .53  .49 
  75 ks12_20  1499 2011                                                                   .60  .58  .67  .52  .39  .49  .51 
  77 ks12_24  1651 2011                                                                                                 .58 
  78 ks12_26  1633 2011                                                                                            .63  .64 
  79 km7_01   1631 2006                                                                                            .67  .64 
  81 km7_03   1473 2006                                                              .73  .64  .58  .66  .65  .68  .74  .63 
  87 km7_11   1630 2006                                                                                            .81  .74 
  88 km7_11a  1519 1640                                                                   .82  .68  .63                     
  90 km7_12   1612 2006                                                                                       .71  .75  .74 
  92 km7_13ab 1574 2006                                                                                  .78  .57  .61  .83 
  93 km7_14   1501 2006                                                                   .84  .72  .69  .67  .68  .69  .60 
  95 km7_16a  1500 1587                                                              .71  .68                               
  97 km7_18   1447 2006                                                    .38  .58  .66  .67  .65  .72  .58  .29A .47  .55 
  98 km7_19   1625 2006                                                                                            .63  .53 
 103 km8_06   1582 2006                                                                                  .78  .70  .62  .54 
 105 km8_09   1553 2006                                                                             .69  .69  .60  .67  .60 
 106 km8_10   1613 2006                                                                                       .58  .66  .75 
 107 km8_11   1620 2006                                                                                       .59  .64  .79 
 112 km8_17   1533 2007                                                                        .67  .81  .79  .78  .80  .82 
 116 km8_21   1660 2007                                                                                                 .71 
 117 km8_22   1549 2006                                                                             .58  .65  .66  .71  .73 
 118 km8_23   1521 2007                                                                   .53  .61  .70  .74  .70  .73  .74 
 119 km8_24   1527 2007                                                                        .84  .88  .78  .69  .73  .80 
 120 km8_25   1524 2007                                                                        .73  .76  .74  .74  .77  .76 
 130 k_dar01  1486 2008                                                              .59  .65  .79  .73  .74  .79  .62  .52 
 132 k_dar03  1470 2008                                                         .58  .52  .62  .77  .79  .78  .75  .70  .62 
 133 k_dar04  1479 2008                                                              .53  .60  .71  .78  .82  .72  .65  .63 
 134 k_dar05  1673 2008                                                                                                 .70 
 135 k_dar06  1643 2008                                                                                            .29B .72 
 136 k_dar07  1540 2008                                                                        .59  .66  .71  .73  .76  .65 
 137 k_dar08  1501 2008                                                                   .73  .67  .73  .78  .76  .81  .79 
 143 k_dar14  1647 2008                                                                                            .54  .66 
 144 k_dar15  1539 2008                                                                        .72  .72  .70  .79  .72  .59 
 148 k_dar19  1582 2008                                                                                  .71  .73  .68  .57 
 149 k_dar20  1563 2008                                                                             .66  .65  .74  .70  .61 
 150 a1_02    1037 1629  .57  .64  .55  .36  .35B .42  .66  .65  .61  .70  .57  .68  .68  .71  .65  .60                     
 151 a1_03me  1202 1388       .72  .71  .74  .66  .56                                                                       
 152 a1_05me  1185 1367  .54  .69  .65  .43  .43                                                                            
 153 a1_06me  1085 1487  .59  .61  .52  .45  .41  .39  .63  .72  .69  .67                                                   
 154 a1_07    1035 1551  .49  .61  .62  .58  .63  .61  .56  .56  .62  .62  .64  .61  .63                                    
 155 a1_09me  1037 1305  .42  .39  .34                                                                                      
 156 a1_10me  1216 1778       .39  .33  .58  .50  .40  .56  .59  .59  .61  .43  .44  .55  .72  .68  .58  .56  .67  .67  .41 
 157 a1_11me  1304 1668                           .63  .69  .56  .52  .50  .38  .42  .53  .66  .71  .63  .46                
 158 a1_12_2m 1373 1850                                          .54  .50  .46  .62  .72  .72  .72  .68  .44  .52  .73  .55 
 159 a1_13me  1168 1560  .57  .60  .52  .41  .37  .42  .51  .54  .50  .43  .52  .67  .58                                    
 161 a1_15me   922 1285  .62  .58                                                                                           
 162 a1_16me  1060 1614  .29B .28B .36  .58  .59  .70  .85  .61  .55  .62  .60  .64  .69  .74  .73                          
 163 a1_17me   620 1315  .54  .47  .44                                                                                      
 164 a1_19m1  1404 1540                                               .60  .67  .73                                         
 165 a1_19m2  1441 1762                                                    .55  .66  .70  .75  .82  .86  .80  .76  .80  .79 
 166 a1_1_1m  1581 1880                                                                                  .48  .46  .39  .23B
 168 a1_21_1m  916 1404  .62  .49  .32A .39  .43  .44  .55                                                                  
 169 a1_21_2m  716 1345  .76  .61  .54  .61                                                                                 
 170 a1_22_1m 1043 1420  .58  .70  .68  .44  .44  .66  .69                                                                  
 172 a9_01_a  1433 1712                                                    .40  .60  .61  .63  .54  .49  .56  .62  .59      
 173 a9_03me  1170 1652  .63  .74  .71  .56  .54  .61  .69  .65  .64  .63  .62  .67  .70  .75  .84  .78  .69                
 180 a9_0x1me  912 1321  .60  .59  .49                                                                                      
 181 a9_10ame 1196 1400  .40  .51  .47  .59  .46  .39  .52                                                                  
 182 a9_10bme 1340 1691                                .59  .68  .65  .66  .67  .71  .75  .68  .68  .80  .72  .67           
 184 a9_13    1242 1542            .35  .21B .35  .51  .62  .71  .72  .56  .53  .77                                         
 185 a9_14    1530 1789                                                                        .66  .68  .71  .72  .74  .55 
 186 a9_15me1 1494 1831                                                              .68  .66  .59  .60  .69  .72  .67  .52 
 187 a9_15me2 1542 1687                                                                        .41  .52  .65  .59           
 188 a9_16    1579 1727                                                                                  .43  .57  .70  .55 
 189 a9_17me  1223 1497       .47  .50  .42  .39  .60  .66  .65  .72  .67                                                   
 190 a9_18    1516 1856                                                                   .65  .58  .56  .57  .69  .63  .51 
 191 a9_19    1081 1519  .54  .56  .46  .44  .51  .66  .79  .72  .69  .63  .28B                                             
 192 a9_20me  1369 1792                                     .50  .55  .57  .43  .68  .77  .78  .73  .63  .49  .56  .60  .38 
 194 a9_21_b  1214 1742       .69  .72  .46  .42  .62  .73  .73  .70  .66  .69  .75  .69  .75  .83  .81  .71  .74  .72  .56 
 196 a9_223   1264 1616                 .52  .48  .56  .74  .79  .77  .61  .62  .82  .83  .78  .73                          
 198 a9_23me  1506 1693                                                                   .52  .67  .66  .58  .69           
 199 a9_24me   590 1385  .55  .63  .54  .26A .23A .33                                                                       
 200 a9_25Cme 1457 1690                                                         .64  .56  .61  .75  .74  .70  .72           
 201 a9_26    1251 1384                 .38  .38  .54                                                                       
 206 a9_31me  1085 1400  .66  .59  .53  .60  .57  .54  .60                                                                  
 207 a9_32me  1107 1327  .62  .72  .76  .58                                                                                 
 208 a9_33me  1098 1407  .50  .69  .67  .69  .74  .70  .71                                                                  
 209 a9_34me   993 1359  .68  .71  .72  .73  .71                                                                            
 210 a9_35me  1141 1589  .58  .57  .44  .32A .36  .52  .67  .67  .66  .59  .57  .67  .77  .72                               
 211 a9_36me  1164 1590  .76  .76  .70  .55  .57  .57  .65  .66  .64  .52  .45  .67  .74  .73                               
 212 a9_38    1531 1777                                                                        .60  .75  .76  .76  .72  .67 
 213 a9_39me  1493 1841                                                              .64  .67  .65  .69  .70  .71  .62  .52 
 214 a9_40me  1426 1585                                                    .43  .47  .49  .59                               
 217 a9_43me  1057 1402  .73  .78  .76  .72  .75  .67  .71                                                                  
 218 a9_44     755 1368  .67  .72  .73  .69  .61                                                                            
 219 a9_45    1068 1363  .73  .78  .75  .62  .65                                                                            
 220 a9_48    1239 1648            .60  .65  .61  .51  .71  .78  .67  .52  .59  .77  .74  .76  .69  .66                     
 222 a9_50me   968 1751  .40  .32A .35  .65  .61  .60  .71  .74  .82  .76  .71  .84  .85  .76  .64  .71  .66  .68  .76  .64 
 223 a9_51me   627 1604  .42  .62  .61  .40  .33A .57  .67  .71  .57  .38B .49  .63  .49  .53  .60                          
 225 a9_57me   697 1520  .66  .64  .64  .52  .52  .65  .78  .86  .85  .77  .63                                              
 226 a9_58me  1250 1844            .62  .62  .60  .66  .72  .63  .61  .60  .61  .74  .82  .75  .65  .61  .67  .76  .73  .70 
 227 a9_59me   991 1456  .62  .68  .59  .34  .32A .54  .60  .56  .60                                                        
 228 a9_60me   489 1320  .68  .71  .64                                                                                      
 229 a9_61me   980 1321  .64  .62  .48                                                                                      
 233 a9_xx    1373 1672                                          .64  .54  .50  .65  .65  .59  .70  .73  .77                
 234 jl7_01m  1166 1652  .48  .55  .45  .39  .49  .58  .58  .55  .57  .54  .51  .51  .60  .76  .76  .73  .71                
 235 jl7_02am 1089 1494  .75  .51  .48  .77  .50  .31B .47  .64  .64  .50                                                   
 236 jl7_02me 1034 1392  .61  .61  .55  .53  .58  .62                                                                       
 237 jl7_03me  884 1345  .57  .56  .48  .56                                                                                 
 238 jl7_04me 1140 1691  .79  .75  .65  .79  .81  .59  .50  .55  .71  .69  .76  .75  .75  .75  .80  .83  .74  .66           
 241 jl7_07me  877 1346  .83  .79  .70  .83                                                                                 
 242 jl7_08me 1087 1389  .65  .81  .72  .70  .67  .63                                                                       
 243 jl7_09me 1406 1672                                               .71  .80  .79  .78  .79  .78  .76  .74                
 244 jl7_10me 1117 1609  .83  .74  .63  .76  .81  .79  .73  .61  .59  .66  .63  .70  .87  .85  .77                          
 245 jl7_11   1285 1629                      .83  .81  .75  .70  .67  .53  .63  .80  .83  .80  .63  .58                     
 247 jl7_13me 1133 1686  .50  .41  .44  .59  .50  .50  .60  .60  .44  .35B .55  .53  .61  .69  .66  .74  .68  .64           
 248 jl7_14me 1163 1624  .54  .57  .62  .64  .62  .71  .67  .61  .64  .49  .68  .85  .84  .67  .63  .77                     
 249 jl7_15me 1497 1764                                                              .44  .67  .85  .82  .71  .58  .57  .65 
 250 jl7_16me 1514 1771                                                                   .83  .79  .80  .67  .64  .68  .77 
 251 jl7_18me 1412 1643                                               .15B .11B .27B .53  .58  .51  .61                     
 252 jl7_19me  806 1684  .76  .77  .80  .86  .87  .87  .80  .83  .89  .84  .85  .88  .88  .85  .84  .84  .82  .61           
 253 jl7_20me 1043 1335  .69  .55  .46  .56                                                                                 
 254 jl7_21   1029 1368  .84  .79  .70  .75  .77                                                                            
 255 jl7_22   1320 1782                           .53  .60  .54  .61  .70  .78  .81  .84  .77  .70  .77  .72  .65  .68  .68 
 256 jl7_23me 1492 1802                                                              .54  .84  .81  .73  .72  .75  .70  .60 
 257 jl7_24me  878 1600  .67  .64  .56  .66  .64  .68  .72  .75  .78  .70  .69  .80  .78  .77  .73                          
 258 jl7_25me  866 1542  .79  .72  .65  .73  .74  .80  .81  .80  .80  .69  .68  .79                                         
 259 jl7_26me 1111 1630  .75  .70  .59  .75  .76  .59  .57  .67  .80  .67  .61  .82  .83  .75  .71  .72                     
 260 jl7_27    914 1314  .84  .75  .68                                                                                      
 261 jl7_28me 1071 1285  .80  .81                                                                                           
 263 jl7_30me 1113 1393  .53  .56  .54  .67  .64  .60                                                                       
 264 jl7_31me  885 1394  .65  .66  .64  .68  .58  .50                                                                       
 266 jl7_33   1460 1773                                                         .65  .69  .75  .82  .81  .69  .62  .71  .70 
 267 jl7_34me 1008 1371  .63  .60  .63  .79  .81                                                                            
 268 jl7_35me 1506 1670                                                                   .57  .71  .74  .60                
 269 jl8_01   1510 1812                                                                   .83  .58  .48  .53  .56  .59  .60 
 270 jl8_02me 1308 1781                           .31A .29B .45  .68  .57  .57  .67  .73  .66  .53  .58  .59  .62  .63  .62 
 271 jl8_03me 1325 1749                                .62  .79  .81  .68  .54  .70  .82  .83  .80  .83  .82  .75  .69  .64 
 272 jl8_04me 1395 1777                                          .60  .59  .49  .65  .78  .68  .60  .78  .80  .64  .58  .64 
 273 jl8_05me 1337 1772                                .42  .60  .72  .57  .58  .75  .82  .81  .79  .79  .78  .81  .76  .66 
 274 jl8_06   1047 1583  .77  .76  .65  .63  .73  .73  .70  .72  .77  .63  .63  .77  .83  .79                               
 275 jl8_07   1102 1567  .82  .74  .65  .67  .67  .73  .73  .78  .87  .74  .71  .83  .73                                    
 276 jl8_08   1133 1466  .88  .75  .51  .61  .67  .57  .54  .65  .75                                                        
 277 jl8_10me  877 1329  .76  .78  .70  .75                                                                                 
 279 jl8_12   1132 1610  .83  .80  .73  .75  .73  .75  .82  .78  .75  .73  .66  .81  .84  .84  .85                          
 281 jl8_15me 1076 1549  .71  .76  .72  .74  .77  .79  .78  .72  .79  .79  .79  .86  .87                                    
 282 jl8_16me  875 1360  .77  .69  .63  .83  .85                                                                            
 284 jl8_18me  811 1299  .84  .83  .73                                                                                      
 285 jl8_19   1429 1731                                                    .63  .82  .71  .64  .71  .78  .77  .72  .76  .71 
 286 jl8_20   1357 1770                                     .60  .74  .72  .66  .69  .69  .70  .64  .68  .72  .70  .67  .64 
 287 jl8_21me 1002 1461  .68  .68  .61  .56  .51  .52  .69  .74  .77                                                        
 288 jl8_22me  874 1393  .71  .77  .61  .62  .73  .61                                                                       
 289 jl8_23me 1373 1614                                     .45  .42  .42  .64  .80  .78  .76  .82                          
 290 jl8_24me 1277 1589                      .61  .63  .60  .62  .75  .69  .63  .68  .74  .74                               
 291 jl8_25me 1195 1577  .45  .60  .58  .63  .65  .62  .69  .77  .81  .68  .72  .82  .86  .78                               
 292 jl8_26   1418 1773                                               .50  .55  .73  .73  .77  .86  .83  .83  .72  .71  .82 
 293 jl8_27me 1520 1781                                                                   .51  .66  .64  .59  .38  .43  .66 
 294 jl8_28   1357 1763                                     .74  .78  .78  .79  .85  .85  .85  .80  .81  .86  .82  .63  .51 
 295 jl8_29   1144 1521  .67  .65  .59  .66  .64  .64  .72  .72  .68  .60  .58                                              
 297 jl8_31me 1113 1579  .74  .69  .58  .74  .67  .56  .73  .76  .72  .70  .77  .85  .83  .85                               
 298 jl8_32me 1051 1360  .67  .62  .57  .22B .17B                                                                           
 299 jl8_33   1201 1586       .71  .55  .43  .45  .46  .49  .67  .73  .59  .47  .65  .75  .69                               
 300 jl8_34   1303 1551                           .47  .58  .66  .72  .61  .45  .54  .57                                    
 301 jl8_35me 1098 1664  .76  .74  .71  .71  .71  .75  .70  .73  .83  .81  .81  .83  .87  .86  .80  .76  .70                
 302 jl8_36   1077 1329  .83  .77  .72  .66                                                                                 
 303 jl8_37   1175 1612  .75  .67  .58  .61  .63  .76  .73  .75  .74  .69  .65  .66  .78  .74  .54                          
 304 jl8_38   1484 1779                                                              .77  .82  .76  .79  .72  .64  .66  .73 
 306 jl8_40me 1094 1465  .80  .78  .70  .73  .80  .71  .73  .82  .84                                                        
 307 jl8_41   1224 1695            .59  .69  .65  .63  .77  .86  .79  .64  .65  .79  .82  .82  .73  .70  .71  .60           
 308 jl8_42   1203 1591       .58  .49  .45  .68  .61  .66  .75  .73  .57  .55  .76  .77  .74                               
 309 jl8_43   1181 1523  .43  .48  .52  .64  .73  .74  .74  .75  .74  .66  .65                                              
 310 jl8_44me 1500 1812                                                                   .65  .76  .87  .87  .85  .83  .79 
 313 jl8_48   1288 1581                      .74  .74  .82  .76  .72  .68  .60  .69  .70  .61                               
 314 jl8_49me 1566 1780                                                                             .66  .65  .75  .77  .73 
 315 jl8_50me 1217 1617       .64  .64  .70  .64  .55  .71  .75  .78  .77  .70  .75  .75  .65  .15B                         
 316 jl8_52   1413 1772                                               .71  .73  .79  .81  .81  .77  .76  .69  .66  .64  .64 
 317 jl8_54me 1303 1515                           .75  .77  .79  .78  .68  .77                                              
 318 jl8_55   1538 1810                                                                        .72  .68  .58  .63  .68  .54 
 322 jl8_59   1264 1566                 .59  .65  .71  .70  .66  .72  .55  .36  .59  .75                                    
 323 jl8_60me 1223 1626       .52  .36  .39  .40  .59  .66  .65  .62  .56  .64  .77  .78  .74  .53  .54                     
 324 jl8_61me 1295 1810                      .30A .47  .60  .62  .57  .45  .59  .73  .80  .81  .70  .68  .76  .62  .55  .55 
 325 jl8_62me 1042 1561  .74  .81  .81  .75  .68  .58  .71  .81  .82  .77  .64  .74  .72                                    
 326 jl8_63me  548 1276  .72  .64                                                                                           
 327 jl8_64me 1205 1633       .80  .63  .61  .61  .58  .63  .63  .79  .73  .54  .62  .75  .79  .73  .68                     
 328 jl8_65    994 1269  .60                                                                                                
 329 jl8_66me 1160 1616  .69  .59  .46  .60  .63  .47  .32B .48  .61  .53  .51  .45  .50  .48  .37                          
 330 jl8_67me 1519 1769                                                                   .69  .72  .72  .74  .81  .79  .60 
 332 jl8_69me  782 1547  .73  .68  .63  .72  .79  .76  .73  .73  .77  .75  .73  .66                                         
 333 jl8_70me 1140 1628  .68  .64  .68  .72  .62  .56  .69  .76  .78  .68  .69  .80  .88  .81  .71  .72                     
 334 jl8_71    760 1355  .76  .73  .69  .79  .76                                                                            
 335 jl8_72me  731 1453  .73  .75  .69  .62  .68  .67  .67  .75  .81                                                        
 336 jl8_73    756 1406  .83  .81  .71  .52  .59  .65  .69                                                                  
 337 01_k     1094 1329  .39  .50  .49  .26A                                                                                
 338 02_k     1125 1353  .62  .62  .49  .45  .55                                                                            
 339 10_k_me  1441 1766                                                    .51  .53  .35  .35  .58  .57  .54  .62  .62  .61 
 341 19_k_me  1454 1787                                                         .66  .71  .74  .72  .78  .69  .59  .57  .51 
 342 k_02me   1279 1567                      .58  .45  .58  .71  .72  .67  .63  .71  .68                                    
 343 k_03     1253 1644                 .36  .39  .44  .59  .65  .73  .67  .58  .71  .69  .58  .53  .68                     
 346 k_06me   1493 1725                                                              .50  .35  .50  .76  .69  .68  .60  .47 
 347 k_07me   1586 1770                                                                                  .68  .56  .55  .43 
 348 k_08me   1061 1350  .50  .53  .58  .64  .77                                                                            
 349 k_10me   1102 1546  .61  .77  .79  .70  .61  .46  .63  .71  .74  .68  .45  .58                                         
 350 k_11me   1369 1814                                     .65  .66  .60  .68  .83  .83  .78  .67  .71  .76  .73  .69  .70 
 352 k_14me   1231 1428            .58  .66  .54  .46  .47  .47                                                             
 353 k_15me   1072 1772  .64  .68  .60  .68  .66  .58  .76  .74  .70  .70  .69  .77  .78  .75  .69  .74  .82  .80  .72  .67 
 354 k_16me   1461 1769                                                         .73  .73  .64  .64  .75  .72  .69  .63  .59 
 355 k_17me    906 1527  .48  .65  .64  .58  .58  .40  .53  .73  .77  .69  .66  .59                                         
 356 k_18me   1086 1293  .57  .58                                                                                           
 358 k_09me    768 1445  .58  .60  .48  .51  .58  .40  .48  .56                                                             
 359 m7_00me  1107 1681  .67  .82  .80  .79  .71  .66  .65  .61  .62  .56  .58  .76  .87  .88  .76  .69  .74  .83           
 360 m7_04me  1013 1279  .49  .59                                                                                           
 362 m7_06me   817 1279  .63  .78                                                                                           
 363 m7_07me   778 1274  .68  .74                                                                                           
 364 m7_08me  1043 1291  .68  .76                                                                                           
 365 m7_11me  1135 1284  .71  .67                                                                                           
 366 m7_12me   993 1301  .73  .78  .76                                                                                      
 367 m7_14me  1398 1743                                          .74  .71  .66  .70  .77  .84  .66  .69  .82  .79  .75  .72 
 368 m7_16me   849 1386  .47  .70  .73  .68  .68  .61                                                                       
 370 m7_20me  1418 1774                                               .46  .54  .61  .78  .79  .67  .73  .77  .60  .62  .55 
 371 m7_21me  1425 1654                                                    .65  .67  .71  .70  .70  .73  .66                
 372 m7_22me  1407 1782                                               .65  .62  .71  .75  .73  .75  .80  .82  .71  .73  .78 
 373 m7_23me  1202 1758       .68  .66  .65  .67  .49  .51  .60  .74  .72  .64  .77  .80  .81  .79  .76  .78  .78  .79  .76 
 374 m7_24    1290 1587                      .62  .49  .45  .63  .73  .70  .70  .69  .70  .74                               
 375 m7_25ame 1148 1353  .59  .63  .61  .39  .29A                                                                           
 376 m7_25bme 1373 1776                                     .62  .74  .70  .74  .75  .81  .82  .69  .69  .71  .67  .67  .56 
 377 m7_28me  1067 1551  .58  .62  .69  .85  .81  .62  .67  .76  .81  .77  .63  .62  .76                                    
 378 m7_29me  1340 1774                                .68  .74  .71  .67  .76  .83  .87  .85  .82  .84  .85  .78  .72  .74 
 379 m7_30me  1319 1600                           .53  .37  .44  .60  .57  .72  .78  .85  .80  .62                          
 380 m7_31    1458 1782                                                         .61  .74  .78  .68  .76  .82  .77  .78  .83 
 381 m7_32me  1144 1676  .64  .76  .74  .68  .78  .73  .68  .79  .76  .66  .73  .75  .80  .79  .64  .75  .79  .73           
 382 m7_33me  1026 1371  .56  .79  .73  .62  .61                                                                            
 389 m7_40me  1461 1766                                                         .61  .63  .67  .70  .70  .66  .65  .71  .67 
 390 m7_42me  1465 1782                                                         .69  .74  .80  .68  .71  .78  .75  .64  .59 
 391 m7_N01me 1121 1742  .61  .60  .57  .59  .62  .59  .66  .68  .55  .49  .56  .70  .72  .71  .72  .76  .80  .79  .79  .60 
 392 m7_N03me 1046 1494  .66  .73  .77  .72  .74  .61  .65  .84  .85  .64                                                   
 393 m7_N05me 1013 1646  .74  .74  .81  .71  .64  .59  .71  .86  .90  .84  .83  .81  .85  .88  .73  .71                     
 394 m7_N06me 1022 1623  .64  .79  .87  .83  .81  .72  .68  .70  .78  .75  .82  .74  .76  .80  .78                          
 395 m7_N07me 1056 1503  .57  .75  .78  .61  .48  .39  .45  .59  .72  .74  .84                                              
 397 m7_N09   1582 1748                                                                                  .76  .53  .59  .73 
 398 m7_N10   1575 1744                                                                                  .82  .78  .77  .72 
 399 m7_N11me 1274 1545                      .57  .55  .58  .62  .82  .79  .74  .75                                         
 400 m7_N14me 1278 1767                      .57  .59  .67  .67  .67  .65  .76  .77  .81  .81  .81  .86  .86  .78  .81  .81 
 401 m7_N15me 1181 1630  .71  .77  .68  .63  .70  .63  .48  .63  .82  .73  .81  .83  .79  .78  .76  .75                     
 402 m7_N17me 1441 1780                                                    .39  .59  .72  .63  .53  .60  .61  .64  .70  .68 
 404 m7_N20me 1377 1672                                          .43  .52  .60  .63  .70  .69  .70  .81  .79                
 406 m7_N22me 1053 1373  .62  .71  .73  .68  .66                                                                            
 408 m7_N24me  950 1583  .65  .63  .52  .56  .68  .48  .46  .58  .58  .64  .62  .70  .84  .73                               
 409 m7_N25me  861 1636  .63  .72  .68  .63  .61  .51  .56  .73  .71  .62  .65  .77  .80  .77  .79  .85                     
 410 m7_b01me 1329 1780                                .57  .63  .70  .60  .39  .48  .75  .77  .74  .79  .81  .69  .70  .76 
 411 m7_b02me 1387 1696                                          .76  .75  .77  .62  .70  .79  .71  .77  .75  .60           
 412 m7_b04me 1049 1687  .60  .67  .67  .55  .65  .58  .54  .51  .65  .69  .62  .72  .81  .84  .78  .83  .81  .82           
 413 m7_b05me 1051 1681  .59  .55  .54  .61  .55  .45  .49  .55  .56  .44  .54  .60  .63  .71  .73  .78  .86  .77           
 414 m7_b06me  844 1327  .66  .79  .78  .56                                                                                 
 419 m7_x8me  1189 1635  .51  .57  .58  .35  .54  .67  .52  .45  .49  .37  .32A .47  .49  .47  .54  .66                     
 421 m8_00    1018 1400  .70  .75  .66  .63  .75  .61  .47                                                                  
 422 m8_001me  873 1322  .66  .75  .75                                                                                      
 423 m8_002   1501 1739                                                                   .63  .67  .73  .78  .78  .71  .64 
 424 m8_003me 1495 1960                                                              .81  .77  .72  .78  .77  .67  .61  .66 
 429 m8_009me  917 1574  .70  .80  .77  .67  .74  .71  .65  .70  .77  .74  .74  .78  .86  .89                               
 432 m8_015me  978 1479  .62  .77  .77  .71  .81  .75  .67  .56  .53  .52                                                   
 433 m8_016   1153 1449  .71  .80  .86  .75  .74  .68  .66  .75  .76                                                        
 435 m8_019me  949 1538  .68  .82  .79  .71  .76  .65  .66  .67  .68  .74  .86  .85                                         
 436 m8_020me  989 1523  .51  .67  .75  .68  .63  .56  .68  .73  .74  .75  .76                                              
 440 m8_025me  866 1401  .58  .72  .66  .49  .47  .47  .64                                                                  
 441 m8_026me  865 1401  .50  .66  .67  .54  .66  .58  .63                                                                  
 443 m8_029me  963 1563  .64  .79  .83  .79  .62  .56  .68  .65  .69  .73  .60  .69  .78                                    
 445 m8_031me 1025 1667  .62  .69  .71  .70  .74  .66  .72  .75  .70  .67  .70  .72  .80  .81  .75  .83  .84                
 447 m8_033me  884 1563  .66  .69  .64  .71  .73  .76  .67  .67  .82  .77  .82  .85  .85                                    
 448 m8_034    931 1387  .71  .74  .67  .74  .83  .70                                                                       
 449 m8_035   1109 1322  .85  .79  .71                                                                                      
 450 m8_036me  913 1414  .66  .69  .67  .63  .67  .65  .72                                                                  
 451 m8_039me 1223 1610       .54  .59  .69  .78  .72  .74  .76  .77  .71  .66  .80  .85  .81  .64                          
 453 m8_041me 1134 1439  .78  .73  .59  .60  .72  .77  .70  .59                                                             
 456 m8_045me 1164 1666  .66  .73  .60  .65  .80  .70  .71  .77  .84  .79  .72  .71  .83  .77  .75  .78  .75                
 457 m8_046me 1046 1637  .44  .56  .63  .62  .69  .63  .51  .58  .69  .65  .66  .62  .74  .77  .71  .75                     
 458 m8_048me 1206 1641       .65  .77  .72  .76  .78  .76  .79  .83  .75  .64  .76  .87  .85  .84  .87                     
 459 m8_049me 1379 1786                                          .68  .47  .35  .43  .59  .67  .68  .84  .82  .49  .43  .45 
 460 m8_050   1280 1470                      .65  .58  .59  .72  .76                                                        
 461 m8_052me 1146 1450  .68  .71  .72  .64  .69  .63  .60  .60  .73                                                        
 462 m8_053me  934 1337  .70  .77  .77  .72                                                                                 
 463 m8_054me 1260 1393                 .71  .73  .57                                                                       
 464 m8_055me 1071 1630  .80  .81  .76  .69  .70  .54  .48  .58  .60  .59  .48  .47  .67  .63  .60  .74                     
 465 m8_056me 1091 1615  .57  .72  .75  .74  .75  .66  .71  .79  .71  .49  .36  .57  .65  .66  .65                          
 466 m8_057me 1274 1420                 .51  .64  .74  .68                                                                  
 467 m8_058me 1136 1369  .53  .81  .80  .73  .72                                                                            
 468 m8_059me 1050 1358  .70  .79  .69  .60  .79                                                                            
 469 m8_061me 1040 1388  .72  .80  .76  .63  .79  .80                                                                       
 470 m8_062me 1096 1435  .72  .74  .66  .62  .68  .65  .62  .53                                                             
 471 m8_0632m 1263 1519                 .49  .59  .52  .60  .82  .80  .79  .80                                              
 472 m8_063me 1343 1654                                .62  .67  .73  .79  .78  .73  .80  .86  .74  .74  .78                
 473 m8_064me  873 1340  .71  .83  .86  .74                                                                                 
 474 m8_065me  812 1364  .35  .67  .83  .71  .66                                                                            
 475 m8_066me 1033 1506  .72  .72  .73  .77  .74  .51  .54  .75  .81  .74  .68                                              
 476 m8_068me 1077 1425  .75  .62  .62  .73  .74  .67  .68  .69                                                             
 477 m8_070me 1108 1505  .83  .84  .80  .76  .79  .68  .68  .73  .73  .58  .50                                              
 478 m8_071me  927 1336  .66  .73  .62  .53                                                                                 
 487 m8_082me 1065 1293  .79  .74                                                                                           
 493 m8_088me 1061 1561  .65  .69  .65  .64  .62  .55  .67  .76  .62  .52  .74  .86  .86                                    
 494 m8_089me 1168 1715  .51  .59  .55  .40  .35  .56  .73  .57  .70  .81  .72  .71  .80  .87  .76  .72  .75  .69  .72      
 496 m8_092me 1024 1646  .49  .71  .56  .43  .52  .39  .63  .75  .69  .64  .62  .55  .67  .78  .75  .85                     
 497 m8_093me 1160 1533  .65  .73  .71  .73  .80  .73  .68  .71  .71  .69  .75  .83                                         
 498 m8_094me  973 1383  .65  .67  .60  .59  .66  .70                                                                       
 503 m8_099me  968 1707  .52  .58  .60  .63  .68  .64  .54  .50  .66  .74  .80  .82  .83  .79  .78  .81  .76  .64  .68      
 505 m8_101me 1144 1687  .58  .70  .79  .64  .73  .76  .70  .60  .67  .67  .72  .78  .82  .84  .79  .80  .69  .60           
 506 m8_102me 1044 1424  .65  .76  .75  .56  .64  .59  .56  .48                                                             
 508 m8_104me 1064 1355  .70  .77  .68  .64  .77                                                                            
 510 m8_106me 1023 1331  .52  .68  .73  .60                                                                                 
 514 m8_111me 1059 1419  .70  .72  .68  .59  .62  .57  .57                                                                  
 515 m8_112me 1204 1671       .43  .38  .50  .58  .61  .65  .67  .72  .69  .65  .62  .75  .77  .73  .72  .62                
 516 m8_113me  986 1702  .68  .78  .74  .51  .66  .61  .61  .71  .62  .51  .58  .65  .70  .69  .66  .77  .67  .62  .63      
 517 m8_115me 1114 1685  .68  .74  .79  .71  .70  .76  .75  .50  .44  .65  .76  .88  .86  .79  .76  .82  .79  .73           
 518 m8_117me 1217 1790       .74  .75  .78  .81  .78  .74  .74  .75  .67  .57  .57  .81  .78  .73  .84  .80  .74  .76  .74 
 519 m8_118me 1243 1675            .70  .50  .43  .60  .74  .76  .76  .59  .51  .70  .77  .72  .66  .75  .69  .59           
 520 m8_119me 1444 1768                                                    .45  .39  .46  .57  .57  .73  .73  .59  .65  .59 
 522 m8_122me  785 1352  .79  .88  .77  .72  .68                                                                            
 523 m8_124me 1001 1310  .71  .74  .73                                                                                      
 524 m8_125me 1493 1768                                                              .75  .76  .70  .79  .79  .68  .67  .65 
 525 m8_126me 1031 1265  .42                                                                                                
 526 m8_127me 1475 1740                                                              .67  .68  .69  .78  .81  .72  .69  .42 
 527 m8_128   1470 1742                                                         .57  .78  .80  .81  .84  .87  .82  .80  .59 
 529 m8_130me  843 1255  .71                                                                                                
 530 m8_131me  989 1531  .80  .84  .75  .73  .72  .68  .77  .79  .85  .83  .78  .84                                         
 532 m8_134me  565 1374  .65  .76  .72  .60  .76  .67                                                                       
 536 m8_137me 1140 1432  .80  .78  .65  .50  .51  .46  .54  .72                                                             
 538 m8_139me  983 1366  .70  .74  .70  .65  .68                                                                            
 539 m8_140me  855 1386  .73  .74  .74  .65  .61  .51                                                                       
 540 m8_141me 1455 1621                                                         .43  .61  .60  .65                          
 541 m8_142me 1018 1383  .62  .69  .75  .73  .68  .70                                                                       
 542 m8_143me 1107 1571  .65  .71  .73  .69  .74  .62  .51  .66  .78  .78  .75  .70  .72                                    
 543 m8_144me 1139 1387  .67  .67  .71  .59  .63  .62                                                                       
 544 m8_301me  969 1784  .58  .68  .61  .62  .61  .57  .69  .67  .64  .66  .70  .78  .72  .74  .84  .84  .76  .61  .68  .66 
 545 m8_302me  959 1331  .57  .64  .62  .70                                                                                 
 546 m8_303me 1381 1696                                          .56  .52  .67  .78  .81  .81  .77  .85  .87  .77           
 547 m8_305me 1027 1416  .71  .75  .74  .79  .86  .69  .53                                                                  
 548 m8_306me 1402 1789                                               .68  .62  .61  .68  .52  .52  .68  .71  .72  .74  .77 
 549 m8_308me  988 1290  .66  .67                                                                                           
 550 m8_309me 1485 1780                                                              .83  .85  .80  .74  .70  .67  .70  .65 
 558 m8_321me 1462 1770                                                         .73  .85  .85  .80  .72  .70  .71  .76  .70 
 559 m8_322me 1051 1533  .71  .80  .77  .70  .79  .70  .62  .76  .79  .70  .73  .67                                         
 560 m8_323me 1078 1533  .55  .60  .64  .65  .72  .73  .70  .72  .70  .59  .50  .49                                         
 561 m8_324me  869 1422  .39  .56  .76  .69  .66  .59  .55                                                                  
 564 m8_cm_me 1000 1653  .67  .75  .72  .57  .69  .74  .79  .85  .79  .65  .70  .81  .84  .88  .88  .83  .79                
 565 m8_st1me 1096 1698  .38  .61  .66  .44  .45  .58  .72  .78  .59  .45  .60  .73  .76  .76  .73  .63  .40  .57           
 566 m8_xxxme 1047 1775  .75  .77  .81  .73  .75  .78  .70  .64  .71  .67  .68  .74  .79  .81  .78  .84  .86  .75  .69  .65 
 567 st8_02me  965 1430  .48  .66  .68  .55  .66  .70  .68  .71                                                             
 568 st8_03me  974 1605  .75  .81  .78  .70  .73  .51  .56  .72  .63  .52  .67  .82  .81  .76  .46                          
 569 st8_05me  846 1319  .72  .69  .52                                                                                      
 570 st8_06me  963 1280  .70  .74                                                                                           
 572 st8_09me  960 1818  .67  .71  .72  .74  .74  .67  .61  .59  .66  .58  .68  .74  .76  .79  .78  .83  .80  .79  .73  .62 
 573 st8_10me 1008 1379  .66  .75  .77  .77  .79  .60                                                                       
 574 st8_11   1405 1567                                               .52  .42  .65  .76                                    
 576 st8_13me 1425 1709                                                    .62  .68  .75  .64  .63  .78  .64  .53  .57      
 579 st8_16me 1006 1364  .67  .69  .63  .60  .66                                                                            
 587 m9_07me   885 1355  .62  .74  .69  .56  .61                                                                            
 593 m9_16_me  956 1281  .56  .60                                                                                           
 595 m9_18_me 1031 1254  .74                                                                                                
 597 m9_20_me  831 1254  .66                                                                                                
 603 m9_30me   886 1377  .70  .68  .48  .32A .61  .69                                                                       
 604 m9_31    1136 1360  .56  .65  .46B .43  .57                                                                            
 605 m9_32me   923 1561  .77  .74  .61  .64  .74  .60  .60  .77  .80  .68  .62  .62  .71                                    
 607 m9_35     946 1258  .80                                                                                                
 608 m9_42    1090 1659  .66  .63  .61  .67  .73  .60  .65  .76  .78  .74  .62  .66  .79  .79  .77  .80  .68                
 609 m9_44me  1087 1543  .56  .65  .69  .72  .78  .76  .81  .84  .84  .72  .60  .65                                         
 610 m9_45me  1445 1680                                                    .47  .63  .76  .73  .71  .76  .81  .70           
 613 m9_48me  1080 1549  .50  .63  .64  .69  .58  .45  .58  .70  .67  .61  .59  .61  .67                                    
 618 dr_00me   795 1308  .64  .70  .71                                                                                      
 619 dr_01_1m 1182 1552  .64  .60  .48  .47  .44  .44  .54  .58  .72  .74  .50  .50  .61                                    
 620 dr_01_2m 1220 1583       .58  .54  .61  .52  .30A .43  .67  .65  .55  .50  .57  .63  .55                               
 621 dr_01_3  1517 1631                                                                   .59  .49  .55                     
 622 dr_01me  1639 1802                                                                                            .64  .62 
 623 dr_02me   965 1301  .53  .58  .58                                                                                      
 624 dr_03    1334 1546                                .45  .59  .51  .36  .67  .83                                         
 626 dr_05me  1472 1814                                                         .66  .85  .73  .69  .78  .80  .82  .88  .78 
 627 dr_06    1670 1785                                                                                                 .43 
 628 dr_07b   1518 1632                                                                   .61  .46  .49                     
 630 dr_10_me 1013 1271  .73                                                                                                
 631 dr_12me  1383 1777                                          .72  .70  .77  .82  .87  .85  .80  .77  .76  .78  .77  .75 
 632 dr_15    1496 1645                                                              .77  .77  .68  .72                     
 633 dr_17me  1282 1528                      .59  .57  .59  .66  .65  .70  .64  .48                                         
 634 dr_19me  1204 1530       .55  .52  .43  .44  .55  .43  .48  .61  .62  .69  .63                                         
 635 dr_20me  1266 1644                 .64  .65  .70  .78  .81  .78  .73  .80  .86  .87  .87  .80  .73                     
 636 dr_22me  1261 1629                 .61  .70  .70  .73  .67  .63  .57  .51  .55  .66  .69  .64  .69                     
 637 dr_23    1186 1610  .59  .70  .63  .48  .50  .45  .49  .47  .57  .67  .62  .62  .62  .58  .55                          
 638 dr_24me  1068 1570  .58  .67  .70  .76  .70  .61  .77  .59  .50  .64  .56  .62  .73                                    
 639 dr_25me  1533 1744                                                                        .61  .66  .71  .64  .66  .62 
 640 dr_26    1286 1583                      .53  .56  .77  .80  .87  .87  .82  .80  .74  .66                               
 641 dr_27    1252 1535                 .72  .69  .50  .54  .63  .76  .74  .72  .70                                         
 642 dr_28me  1203 1385       .68  .59  .48  .55  .46                                                                       
 643 dr_30    1584 1966                                                                                  .51  .34  .43  .61 
 645 dr_32me  1302 1704                           .61  .70  .66  .64  .59  .61  .75  .78  .80  .78  .78  .74  .66  .68      
 646 dr_33me  1482 1706                                                              .62  .67  .47  .46  .66  .72  .72      
 647 dr_34me  1326 1764                                .63  .58  .69  .75  .70  .81  .84  .81  .79  .70  .66  .73  .73  .58 
 648 dr_35me  1309 1651                           .25B .55  .52  .32A .42  .59  .58  .72  .82  .75  .67  .59                
 649 dr_36    1216 1560       .70  .61  .52  .51  .62  .74  .71  .69  .69  .78  .79  .84                                    
 651 dr_38me   973 1339  .47  .74  .70  .69                                                                                 
 653 dr_40    1150 1372  .42  .55  .50  .55  .61                                                                            
 654 dr_41me  1061 1587  .77  .78  .74  .70  .62  .57  .71  .75  .72  .65  .63  .74  .79  .66                               
 655 dr_42me  1120 1686  .51  .49  .44  .62  .59  .55  .62  .53  .40  .39  .50  .55  .72  .73  .64  .75  .78  .71           
 656 dr_43me  1462 1552                                                         .80  .82                                    
 657 dr_44_   1509 1808                                                                   .79  .64  .73  .80  .80  .65  .37 
 Av segment correlation  .64  .68  .64  .62  .63  .60  .64  .67  .70  .64  .62  .69  .73  .73  .69  .73  .71  .67  .66  .63 

 CORRELATION OF SERIES BY SEGMENTS: russ246
-----------------------------------------------------------------------------------------------------------------------------------
 Correlations of  50-year dated segments, lagged  25 years
 Flags:  A = correlation under   .3281 but highest as dated;  B = correlation higher at other than dated position

 Seq Series  Time_span  1700 1725 1750 1775 1800 1825 1850 1875 1900 1925 1950 
                        1749 1774 1799 1824 1849 1874 1899 1924 1949 1974 1999 
 --- -------- ---------  ---- ---- ---- ---- ---- ---- ---- ---- ---- ---- ---- 
   1 a1_k01   1707 2010       .69  .74  .78  .60  .56  .71  .71  .72  .74  .68 
   2 a1_k02a  1632 1818  .80  .77  .72                                         
   3 a1_k02b  1828 2008                                .65  .69  .77  .74  .55 
   6 a1_k05m  1677 2010  .61  .60  .65  .73  .82  .83  .70  .72  .79  .82  .81 
   7 a1_k06   1679 1997  .60  .57  .77  .80  .67  .64  .61  .49  .50  .64      
   8 a1_k07   1826 2010                                .63  .70  .77  .73  .74 
   9 a1_k08   1925 2010                                                    .66 
  10 a1_k09m  1600 2009  .65  .67  .72  .65  .65  .72  .55  .65  .79  .81  .73 
  11 a1_k10   1925 2010                                                    .63 
  12 a9_k01   1619 2009  .84  .77  .76  .78  .74  .71  .76  .63  .64  .78  .66 
  13 a9_k03   1688 2009  .77  .76  .82  .75  .59  .65  .71  .71  .75  .73  .72 
  14 a9_k04   1522 2009  .71  .63  .74  .76  .71  .71  .70  .62  .66  .83  .77 
  15 a9_k05   1582 2009  .68  .71  .78  .85  .84  .75  .78  .75  .70  .78  .72 
  16 a9_k06   1517 2009  .65  .66  .63  .66  .69  .59  .65  .75  .60  .60  .62 
  17 a9_k07   1744 2009            .77  .80  .72  .62  .66  .76  .69  .69  .81 
  18 a9_k08   1622 2009  .62  .70  .68  .56  .53  .67  .66  .53  .46  .55  .55 
  19 a9_k09me 1511 2009  .63  .73  .78  .72  .63  .65  .64  .73  .74  .76  .77 
  20 a9_k10   1620 2009  .68  .73  .73  .75  .84  .83  .80  .84  .77  .66  .68 
  21 a9_k11   1523 2009  .75  .79  .83  .78  .72  .57  .47  .60  .58  .63  .51 
  22 a9_k12b  1836 2009                                .58  .64  .73  .83  .76 
  23 a9_k13   1519 2009  .71  .55  .58  .72  .72  .66  .62  .54  .60  .78  .77 
  24 a9_k14   1720 2009       .55  .76  .69  .66  .67  .53  .64  .72  .75  .70 
  25 a9_k15   1712 2009       .78  .68  .67  .72  .79  .86  .76  .65  .74  .76 
  26 a9_k16   1601 2009  .77  .78  .81  .81  .72  .71  .74  .76  .75  .75  .71 
  27 K_02b    1659 2006  .52  .64  .76  .73  .74  .69  .46  .46  .60  .64  .56 
  28 K_03me   1661 2006  .79  .84  .83  .80  .72  .53  .43  .67  .79  .75  .62 
  29 K_04b    1726 2006            .70  .67  .73  .73  .47  .62  .70  .67  .72 
  30 K_05a    1575 2005  .60  .72  .65  .61  .60  .57  .39  .43  .52  .66  .70 
  31 K_06me   1567 2007  .74  .64  .78  .86  .82  .77  .57  .54  .64  .74  .70 
  32 K_07c    1536 2006  .62  .73  .71  .72  .81  .66  .33  .50  .59  .70  .73 
  33 K_08a    1499 2006  .76  .83  .80  .83  .83  .69  .50  .57  .66  .70  .62 
  34 K_09me   1522 2006  .69  .81  .82  .74  .72  .75  .59  .68  .75  .72  .78 
  35 K_10b    1691 2006  .73  .75  .73  .78  .73  .69  .69  .64  .60  .74  .81 
  36 K_11me   1682 2006  .79  .87  .82  .80  .79  .71  .63  .61  .66  .85  .83 
  37 K_12c    1866 2006                                     .57  .67  .66  .61 
  38 K_13a    1578 2006  .68  .77  .85  .85  .89  .87  .73  .72  .79  .80  .82 
  39 K_15me   1731 2006            .80  .79  .79  .78  .65  .66  .60  .53  .68 
  40 K_16     1483 2006  .80  .79  .78  .83  .83  .67  .46  .55  .50  .46  .50 
  41 K_17b    1814 2006                           .47  .48  .72  .73  .68  .72 
  42 K_18     1662 2006  .43  .58  .61  .55  .65  .61  .39  .32A .33A .59  .66 
  43 JL12k01  1857 2011                                     .49  .47  .56  .46 
  44 JL12k02  1876 2011                                          .49  .50  .55 
  45 JL12k03  1806 2011                           .63  .54  .57  .67  .72  .68 
  46 JL12k05  1691 2011  .50  .67  .73  .73  .75  .66  .27B .37  .51  .66  .71 
  47 JL12k06  1848 2011                                .34  .54  .66  .74  .73 
  48 JL12k07m 1667 2011  .50  .68  .78  .72  .58  .53  .45  .51  .45  .51  .58 
  49 JL12k08  1616 2011  .56  .63  .56  .67  .78  .64  .57  .62  .65  .75  .79 
  50 JL12k10  1815 2011                           .62  .39  .48  .58  .43  .44 
  51 JL12k11  1754 2011                 .46  .65  .63  .40  .46  .55  .59  .58 
  52 JL12k15  1781 2011                      .63  .53  .52  .61  .42  .40  .53 
  53 JL12k16  1816 2011                           .61  .67  .57  .39B .46  .60 
  54 kok01_4  1676 2008  .64  .54  .62  .64  .73  .74  .70  .73  .73  .70  .64 
  55 kok02_1  1702 2008       .51  .60  .46  .45  .62  .64  .70  .81  .68  .61 
  56 kok02_4  1567 2008  .52  .65  .69  .65  .62  .66  .61  .63  .58  .58  .66 
  57 kok03_4  1519 2008  .56  .48  .51  .59  .73  .71  .64  .68  .71  .65  .61 
  58 kok04_3  1273 2008  .66  .72  .72  .66  .72  .72  .60  .49  .45  .68  .51 
  59 kok05_2  1771 2008                 .65  .64  .69  .66  .65  .72  .74  .69 
  60 kok06_4  1461 2008  .76  .65  .72  .77  .71  .71  .58  .58  .68  .73  .74 
  61 kok07_3  1359 2008  .63  .52  .59  .61  .61  .55  .44  .51  .55  .69  .65 
  62 kok09_3  1525 1806  .70  .58  .41                                         
  63 kok10_2  1820 2008                           .71  .53  .43  .56  .71  .65 
  64 kok14_2  1904 2008                                               .69  .67 
  65 kok16_1  1744 2008            .80  .75  .56  .57  .62  .65  .61  .72  .77 
  66 kok18_4  1599 2008  .62  .52  .53  .43  .38B .47B .63  .72  .59  .61  .58 
  67 kok20_4  1466 2008  .70  .71  .66  .64  .62  .57  .61  .72  .73  .73  .68 
  68 kok22_1  1740 2008            .60  .63  .62  .50  .14B .43  .66  .67  .67 
  69 ks12_06  1779 2011                      .73  .60  .59  .75  .74  .72  .78 
  70 ks12_11  1879 2011                                          .71  .57  .60 
  71 ks12_14  1882 2011                                          .67  .54  .61 
  72 ks12_15  1814 2011                           .72  .57  .69  .75  .74  .67 
  73 ks12_16  1768 2011                 .65  .68  .61  .47  .65  .78  .68  .67 
  74 ks12_17  1517 2011  .77  .80  .77  .77  .75  .69  .56  .60  .67  .71  .72 
  75 ks12_20  1499 2011  .60  .62  .77  .72  .70  .73  .64  .72  .74  .68  .61 
  76 ks12_21  1929 2011                                                    .67 
  77 ks12_24  1651 2011  .75  .60  .49  .56  .72  .73  .55  .67  .77  .65  .53 
  78 ks12_26  1633 2011  .69  .54  .63  .71  .64  .63  .53  .46  .60  .78  .70 
  79 km7_01   1631 2006  .58  .67  .73  .71  .76  .73  .63  .68  .52  .38  .61 
  80 km7_02   1842 2006                                .68  .81  .83  .72  .74 
  81 km7_03   1473 2006  .61  .74  .75  .72  .74  .70  .71  .75  .65  .65  .62 
  82 km7_04   1777 2006                      .80  .75  .71  .73  .61  .68  .72 
  83 km7_06   1819 2006                           .72  .63  .65  .58  .60  .59 
  84 km7_07   1719 2006       .56  .66  .67  .59  .60  .60  .70  .72  .70  .60 
  85 km7_08   1764 2006                 .82  .78  .76  .62  .65  .50  .49  .53 
  86 km7_09   1814 2006                           .82  .74  .73  .67  .62  .66 
  87 km7_11   1630 2006  .72  .69  .72  .86  .86  .81  .75  .77  .76  .73  .65 
  89 km7_11b  1681 2006  .62  .84  .86  .81  .76  .67  .59  .80  .71  .63  .67 
  90 km7_12   1612 2006  .75  .79  .76  .79  .86  .79  .69  .79  .77  .69  .71 
  91 km7_13   1714 2006       .79  .84  .81  .74  .80  .69  .66  .57  .69  .75 
  92 km7_13ab 1574 2006  .79  .70  .72  .76  .75  .69  .67  .84  .74  .54  .48 
  93 km7_14   1501 2006  .62  .71  .84  .73  .72  .78  .68  .73  .53  .36  .40 
  94 km7_15   1835 2006                                .54  .63  .51  .52  .59 
  96 km7_16b  1762 2006                 .34  .74  .82  .70  .76  .75  .66  .66 
  97 km7_18   1447 2006  .50  .58  .65  .49  .41  .54  .54  .72  .69  .53  .42 
  98 km7_19   1625 2006  .54  .75  .65  .62  .68  .73  .72  .74  .65  .64  .64 
  99 km8_02   1926 2006                                                    .60 
 100 km8_03   1898 2006                                          .59  .53  .58 
 101 km8_04   1892 2007                                          .76  .70  .65 
 102 km8_05   1934 2006                                                    .57 
 103 km8_06   1582 2006  .61  .70  .80  .77  .69  .68  .74  .83  .71  .56  .51 
 104 km8_08   1898 2006                                          .62  .79  .76 
 105 km8_09   1553 2006  .56  .71  .74  .71  .79  .80  .71  .79  .74  .66  .66 
 106 km8_10   1613 2006  .75  .70  .75  .74  .70  .75  .70  .78  .82  .74  .74 
 107 km8_11   1620 2006  .76  .70  .79  .73  .57  .67  .75  .80  .78  .73  .71 
 108 km8_13   1859 2007                                     .85  .74  .64  .69 
 109 km8_14   1705 2007       .54  .67  .63  .73  .70  .48  .64  .74  .79  .78 
 110 km8_15   1786 2007                      .63  .81  .79  .84  .72  .61  .60 
 111 km8_16   1784 2007                      .59  .70  .76  .80  .73  .60  .46 
 112 km8_17   1533 2007  .78  .82  .81  .71  .68  .74  .68  .80  .80  .72  .81 
 113 km8_18   1827 2007                                .50  .70  .72  .66  .77 
 114 km8_19   1767 2007                 .78  .73  .76  .75  .79  .83  .82  .77 
 115 km8_20   1771 2007                 .36B .64  .65  .60  .83  .82  .59  .47 
 116 km8_21   1660 2007  .74  .83  .71  .69  .74  .71  .71  .75  .73  .77  .78 
 117 km8_22   1549 2006  .78  .73  .73  .76  .82  .80  .74  .83  .82  .85  .81 
 118 km8_23   1521 2007  .82  .82  .78  .67  .60  .73  .75  .78  .84  .87  .84 
 119 km8_24   1527 2007  .77  .65  .68  .75  .74  .74  .72  .71  .72  .77  .54 
 120 km8_25   1524 2007  .70  .69  .72  .75  .80  .80  .67  .73  .78  .75  .76 
 121 km8_26   1794 2007                      .45  .76  .80  .81  .77  .77  .80 
 122 Tr12_01  1912 2011                                               .56  .58 
 123 Tr12_02  1943 2011                                                    .55 
 124 Tr12_03  1936 2011                                                    .52 
 125 Tr12_06  1911 2011                                               .71  .78 
 126 Tr12_08  1923 2011                                               .59  .53 
 128 Tr12_17  1925 2011                                                    .54 
 129 Tr12_19  1786 2011                      .64  .54  .46  .38  .47  .61  .62 
 130 k_dar01  1486 2008  .75  .75  .71  .75  .84  .82  .71  .67  .66  .74  .75 
 131 k_dar02  1826 2008                                .63  .52  .46  .55  .63 
 132 k_dar03  1470 2008  .68  .73  .69  .71  .76  .78  .76  .62  .57  .76  .75 
 133 k_dar04  1479 2008  .78  .81  .73  .69  .74  .73  .63  .52  .56  .73  .70 
 134 k_dar05  1673 2008  .74  .78  .70  .68  .76  .81  .65  .65  .77  .83  .75 
 135 k_dar06  1643 2008  .71  .76  .81  .84  .86  .81  .55  .45  .62  .77  .71 
 136 k_dar07  1540 2008  .64  .66  .73  .75  .78  .84  .74  .60  .65  .76  .70 
 137 k_dar08  1501 2008  .69  .66  .68  .68  .70  .80  .67  .53  .60  .79  .70 
 138 k_dar09  1808 2008                           .63  .76  .75  .66  .77  .73 
 139 k_dar10  1784 2008                      .72  .71  .72  .64  .60  .67  .72 
 140 k_dar11  1717 2008       .62  .76  .82  .77  .80  .82  .69  .71  .74  .72 
 141 k_dar12  1807 2008                           .68  .64  .75  .77  .85  .77 
 142 k_dar13  1705 2008       .64  .80  .82  .73  .67  .60  .58  .55  .64  .61 
 143 k_dar14  1647 2008  .69  .67  .70  .78  .75  .70  .70  .45  .47  .67  .59 
 144 k_dar15  1539 2008  .64  .73  .68  .58  .72  .79  .74  .57  .53  .70  .65 
 145 k_dar16  1744 2008            .63  .71  .72  .67  .55  .52  .64  .69  .62 
 146 k_dar17  1675 2008  .69  .67  .79  .78  .83  .81  .63  .68  .66  .75  .72 
 147 k_dar18  1683 2008  .70  .70  .72  .81  .82  .80  .71  .55  .63  .79  .74 
 148 k_dar19  1582 2008  .53  .65  .71  .72  .64  .58  .51  .59  .68  .66  .61 
 149 k_dar20  1563 2008  .59  .57  .50  .60  .84  .71  .45  .65  .65  .47  .46 
 156 a1_10me  1216 1778  .35  .37                                              
 158 a1_12_2m 1373 1850  .57  .67  .60  .55  .68                               
 165 a1_19m2  1441 1762  .77                                                   
 166 a1_1_1m  1581 1880  .52  .68  .78  .75  .68  .74                          
 185 a9_14    1530 1789  .57  .60                                              
 186 a9_15me1 1494 1831  .55  .65  .68  .71                                    
 190 a9_18    1516 1856  .68  .68  .73  .80  .55                               
 192 a9_20me  1369 1792  .57  .72                                              
 212 a9_38    1531 1777  .79  .70                                              
 213 a9_39me  1493 1841  .70  .64  .68  .69                                    
 222 a9_50me   968 1751  .71                                                   
 226 a9_58me  1250 1844  .70  .68  .78  .71                                    
 249 jl7_15me 1497 1764  .67                                                   
 250 jl7_16me 1514 1771  .83                                                   
 255 jl7_22   1320 1782  .71  .79                                              
 256 jl7_23me 1492 1802  .55  .68  .48                                         
 266 jl7_33   1460 1773  .56                                                   
 269 jl8_01   1510 1812  .66  .69  .67                                         
 270 jl8_02me 1308 1781  .69  .77                                              
 271 jl8_03me 1325 1749  .71                                                   
 272 jl8_04me 1395 1777  .51  .51                                              
 273 jl8_05me 1337 1772  .70                                                   
 286 jl8_20   1357 1770  .64                                                   
 292 jl8_26   1418 1773  .84                                                   
 293 jl8_27me 1520 1781  .76  .73                                              
 294 jl8_28   1357 1763  .71                                                   
 304 jl8_38   1484 1779  .64  .67                                              
 310 jl8_44me 1500 1812  .73  .65  .68                                         
 314 jl8_49me 1566 1780  .73  .71                                              
 316 jl8_52   1413 1772  .68                                                   
 318 jl8_55   1538 1810  .62  .65  .69                                         
 324 jl8_61me 1295 1810  .44  .55  .66                                         
 330 jl8_67me 1519 1769  .38                                                   
 339 10_k_me  1441 1766  .65                                                   
 341 19_k_me  1454 1787  .65  .64                                              
 347 k_07me   1586 1770  .51                                                   
 350 k_11me   1369 1814  .73  .73  .68                                         
 353 k_15me   1072 1772  .73                                                   
 354 k_16me   1461 1769  .53                                                   
 370 m7_20me  1418 1774  .48  .59                                              
 372 m7_22me  1407 1782  .72  .69                                              
 373 m7_23me  1202 1758  .77                                                   
 376 m7_25bme 1373 1776  .62  .67                                              
 378 m7_29me  1340 1774  .69  .76                                              
 380 m7_31    1458 1782  .54  .37                                              
 389 m7_40me  1461 1766  .62                                                   
 390 m7_42me  1465 1782  .49  .56                                              
 400 m7_N14me 1278 1767  .77                                                   
 402 m7_N17me 1441 1780  .77  .80                                              
 410 m7_b01me 1329 1780  .73  .76                                              
 424 m8_003me 1495 1960  .43  .41  .74  .74  .70  .62  .53  .76  .70           
 459 m8_049me 1379 1786  .46  .49                                              
 518 m8_117me 1217 1790  .76  .80                                              
 520 m8_119me 1444 1768  .49                                                   
 524 m8_125me 1493 1768  .65                                                   
 544 m8_301me  969 1784  .64  .69                                              
 548 m8_306me 1402 1789  .73  .77                                              
 550 m8_309me 1485 1780  .56  .58                                              
 558 m8_321me 1462 1770  .68                                                   
 566 m8_xxxme 1047 1775  .56  .68                                              
 572 st8_09me  960 1818  .70  .75  .53                                         
 622 dr_01me  1639 1802  .67  .65  .57                                         
 626 dr_05me  1472 1814  .63  .76  .83                                         
 627 dr_06    1670 1785  .57  .59                                              
 631 dr_12me  1383 1777  .66  .72                                              
 643 dr_30    1584 1966  .66  .58  .64  .59  .38  .20B .12B .10B .19B          
 647 dr_34me  1326 1764  .36                                                   
 657 dr_44_   1509 1808  .58  .71  .66                                         
 Av segment correlation  .65  .68  .71  .71  .70  .69  .61  .65  .66  .68  .66 

 FLAGGED SEGMENTS: russ246
-----------------------------------------------------------------------------------------------------------------------------------
 Seq Series   Segment    Flag  r dated  Best lag  r at lag   Gain  Note
 --- -------- ---------  ----  -------  --------  --------  -----  -----------------
  42 K_18     1875 1924     A     .319         0
  42 K_18     1900 1949     A     .325         0
  46 JL12k05  1850 1899     B     .270         9      .350   .080
  53 JL12k16  1900 1949     B     .390         5      .455   .065
  57 kok03_4  1650 1699     B     .330         6      .381   .050
  66 kok18_4  1800 1849     B     .383         7      .415   .032
  66 kok18_4  1825 1874     B     .471         7      .476   .005
  68 kok22_1  1850 1899     B     .136        -8      .358   .222
  97 km7_18   1625 1674     A     .286         0
 115 km8_20   1775 1824     B     .365        -1      .412   .047
 135 k_dar06  1650 1699     B     .294        -3      .354   .060
 150 a1_02    1300 1349     B     .353       -10      .354   .001
 155 a1_09me  1175 1224     A     .221         0
 159 a1_13me  1175 1224     B     .242         9      .404   .163
 162 a1_16me  1200 1249     B     .290         3      .402   .113
 162 a1_16me  1225 1274     B     .278        -9      .354   .076
 166 a1_1_1m  1675 1724     B     .235        -7      .280   .046  weak at every lag
 168 a1_21_1m  950  999     B     .281         3      .341   .060
 168 a1_21_1m  975 1024     B     .328         5      .337   .009
 168 a1_21_1m 1250 1299     A     .324         0
 170 a1_22_1m 1050 1099     A     .277         0
 174 a9_04me   375  424     A     .307         0
 176 a9_06me   875  924     B     .212        -3      .281   .068  weak at every lag
 176 a9_06me   900  949     B     .285        -7      .435   .149
 179 a9_09me_  700  749     A     .259         0
 179 a9_09me_  825  874     B     .297        -6      .389   .092
 179 a9_09me_  850  899     A     .284         0
 184 a9_13    1275 1324     B     .210         6      .242   .031  weak at every lag
 191 a9_19    1450 1499     B     .283        -2      .288   .004  weak at every lag
 199 a9_24me   875  924     A     .294         0
 199 a9_24me  1275 1324     A     .260         0
 199 a9_24me  1300 1349     A     .228         0
 203 a9_28me   475  524     B     .264         3      .337   .073
 203 a9_28me   550  599     B     .271         8      .399   .129
 204 a9_29me   475  524     B     .202        -5      .236   .035  weak at every lag
 210 a9_35me  1275 1324     A     .324         0
 222 a9_50me  1025 1074     B     .351        -1      .381   .031
 222 a9_50me  1225 1274     A     .317         0
 223 a9_51me  1300 1349     A     .327         0
 223 a9_51me  1425 1474     B     .375         2      .482   .107
 225 a9_57me   725  774     B     .398        -1      .425   .028
 227 a9_59me  1000 1049     B     .309        -4      .314   .005  weak at every lag
 227 a9_59me  1300 1349     A     .317         0
 228 a9_60me   875  924     B     .301        -4      .310   .009  weak at every lag
 230 a9_x2_    950  999     A     .244         0
 232 a9_x4me   650  699     A     .293         0
 235 jl7_02am 1325 1374     B     .307         7      .351   .044
 237 jl7_03me 1000 1049     A     .304         0
 237 jl7_03me 1025 1074     A     .322         0
 247 jl7_13me 1425 1474     B     .351         5      .377   .026
 251 jl7_18me 1425 1474     B     .151         5      .318   .168  weak at every lag
 251 jl7_18me 1450 1499     B     .106        -7      .308   .202  weak at every lag
 251 jl7_18me 1475 1524     B     .269        -6      .332   .062
 257 jl7_24me 1000 1049     A     .328         0
 264 jl7_31me 1075 1124     B     .326        -4      .420   .094
 265 jl7_32me  400  449     B     .153         5      .236   .083  weak at every lag
 270 jl8_02me 1325 1374     A     .307         0
 270 jl8_02me 1350 1399     B     .291        -4      .300   .009  weak at every lag
 296 jl8_30me  600  649     B     .440         8      .464   .025
 298 jl8_32me 1275 1324     B     .225         1      .282   .057  weak at every lag
 298 jl8_32me 1300 1349     B     .167         3      .192   .025  weak at every lag
 315 jl8_50me 1550 1599     B     .147        -1      .472   .324
 320 jl8_57me  300  349     A     .257         0
 324 jl8_61me 1300 1349     A     .297         0
 329 jl8_66me 1350 1399     B     .322        -4      .373   .051
 337 01_k     1175 1224     B     .362         9      .378   .016
 337 01_k     1275 1324     A     .264         0
 340 13_k_me  1175 1224     B     .371        10      .427   .056
 344 k_04me    600  649     B     .112        -2      .377   .264
 344 k_04me    625  674     B     .237        -2      .452   .215
 349 k_10me   1175 1224     B     .247         3      .264   .017  weak at every lag
 355 k_17me   1025 1074     A     .238         0
 356 k_18me   1100 1149     B     .257       -10      .311   .054  weak at every lag
 375 m7_25ame 1300 1349     A     .290         0
 405 m7_N21me  675  724     B     .299         4      .393   .094
 405 m7_N21me  900  949     B     .166         8      .257   .091  weak at every lag
 407 m7_N23me  475  524     A     .321         0
 413 m7_b05me 1075 1124     A     .325         0
 419 m7_x8me  1450 1499     A     .318         0
 430 m8_011me  125  174     A     .315         0
 450 m8_036me 1000 1049     A     .285         0
 462 m8_053me  950  999     A     .325         0
 473 m8_064me  900  949     B     .460       -10      .490   .030
 498 m8_094me  975 1024     B     .179        -7      .365   .185
 523 m8_124me 1025 1074     A     .299         0
 535 m8_136me  500  549     A     .271         0
 535 m8_136me  525  574     A     .243         0
 539 m8_140me  875  924     A     .318         0
 557 m8_320me  125  174     B     .539         2      .541   .002
 572 st8_09me  975 1024     B     .229        -4      .329   .100
 572 st8_09me 1000 1049     B     .221         8      .276   .055  weak at every lag
 593 m9_16_me 1000 1049     A     .217         0
 593 m9_16_me 1025 1074     B     .193        -9      .387   .194
 593 m9_16_me 1050 1099     B     .307        -6      .314   .006  weak at every lag
 603 m9_30me  1275 1324     A     .319         0
 604 m9_31    1250 1299     B     .464         3      .504   .041
 606 m9_34me   900  949     B     .391        -7      .474   .083
 616 m9_xy_me  175  224     B     .360         3      .466   .106
 620 dr_01_2m 1325 1374     A     .296         0
 623 dr_02me   975 1024     B     .195         4      .306   .111  weak at every lag
 643 dr_30    1825 1874     B     .204         7      .345   .141
 643 dr_30    1850 1899     B     .120         7      .376   .256
 643 dr_30    1875 1924     B     .101         8      .474   .372
 643 dr_30    1900 1949     B     .191         8      .253   .062  weak at every lag
 648 dr_35me  1325 1374     B     .249        -1      .293   .044  weak at every lag
 648 dr_35me  1400 1449     A     .319         0
 651 dr_38me  1175 1224     B     .292         3      .383   .091

 DESCRIPTIVE STATISTICS: russ246
-----------------------------------------------------------------------------------------------------------------------------------

                                                Corr   //-------- Unfiltered --------\\  //-- dplR filtered --\\
                           No.    No.    No.    with   Mean   Max     Std   Auto   Mean   Max     Std   Auto  AR
 Seq Series   Interval   Years  Segmt  Flags   Master  msmt   msmt    dev   corr   sens  value    dev   corr  ()
 --- -------- ---------  -----  -----  -----   ------ -----  -----  -----  -----  -----  -----  -----  -----  --
   1 a1_k01   1707 2010    304     10      0    .675    .37   1.03   .169   .723   .302   2.01   .277   .004   1
   2 a1_k02a  1632 1818    187      5      0    .698    .35    .75   .128   .400   .362   1.72   .303   .012   1
   3 a1_k02b  1828 2008    181      5      0    .709    .25    .50   .103   .370   .413   2.09   .353  -.003   1
   4 a1_k03   1951 2010     60      0      0    .438   1.45   2.50   .445   .750   .184   1.40   .184   .057   1
   5 a1_k04   1962 2009     48      0      0    .518   2.35   5.32  1.173   .907   .193   1.49   .190   .005   3
   6 a1_k05m  1677 2010    334     11      0    .686    .46   2.06   .343   .895   .262   1.72   .246   .006   1
   7 a1_k06   1679 1997    319     10      0    .602    .50   2.18   .429   .939   .255   2.03   .235   .001   2
   8 a1_k07   1826 2010    185      5      0    .693    .66   1.44   .272   .728   .262   1.87   .274  -.034   3
   9 a1_k08   1925 2010     86      1      0    .614   1.27   2.21   .410   .590   .263   1.57   .248  -.027   1
  10 a1_k09m  1600 2009    410     14      0    .662    .35   1.32   .227   .879   .265   1.85   .260  -.019   1
  11 a1_k10   1925 2010     86      1      0    .555   1.51   2.61   .525   .591   .288   1.67   .269   .013   2
  12 a9_k01   1619 2009    391     14      0    .729    .40    .98   .151   .554   .303   1.76   .266   .000   1
  13 a9_k03   1688 2009    322     11      0    .708    .46   1.16   .220   .752   .340   1.85   .295   .009   2
  14 a9_k04   1522 2009    488     18      0    .681    .42   1.32   .222   .746   .363   2.10   .322  -.006   3
  15 a9_k05   1582 2009    428     15      0    .734    .36   1.15   .202   .679   .370   1.85   .326  -.006   3
  16 a9_k06   1517 2009    493     18      0    .612    .22    .82   .143   .782   .431   2.36   .367  -.014   3
  17 a9_k07   1744 2009    266      9      0    .700    .46   1.16   .218   .814   .232   1.59   .233  -.027   1
  18 a9_k08   1622 2009    388     14      0    .545    .27   1.22   .194   .752   .352   1.86   .307  -.003   1
  19 a9_k09me 1511 2009    499     18      0    .669    .35   1.43   .247   .833   .361   2.31   .315  -.003   1
  20 a9_k10   1620 2009    390     14      0    .730    .41   1.22   .208   .774   .304   1.84   .290  -.019   1
  21 a9_k11   1523 2009    487     17      0    .644    .41   2.18   .306   .891   .218   1.68   .193   .007   3
  22 a9_k12b  1836 2009    174      5      0    .676    .41   1.09   .164   .687   .278   1.86   .260   .014   2
  23 a9_k13   1519 2009    491     18      0    .636    .31   2.00   .288   .921   .325   1.81   .281  -.009   3
  24 a9_k14   1720 2009    290     10      0    .652    .49   1.27   .235   .874   .208   1.55   .202   .000   3
  25 a9_k15   1712 2009    298     10      0    .736    .31   1.27   .239   .732   .550   2.28   .412  -.008   3
  26 a9_k16   1601 2009    409     14      0    .683    .27    .80   .144   .743   .358   2.01   .310  -.009   3
  27 K_02b    1659 2006    348     12      0    .618    .37   1.18   .221   .818   .277   1.65   .260   .011   1
  28 K_03me   1661 2006    346     12      0    .705    .31   1.48   .198   .751   .303   1.74   .276  -.013   2
  29 K_04b    1726 2006    281      9      0    .650    .47   1.57   .262   .844   .293   1.73   .262   .001   2
  30 K_05a    1575 2005    431     15      0    .576    .17    .53   .085   .611   .411   1.97   .340  -.007   3
  31 K_06me   1567 2007    441     16      0    .732    .33   1.04   .143   .662   .322   1.72   .276  -.006   2
  32 K_07c    1536 2006    471     17      0    .627    .35   1.28   .194   .795   .329   2.03   .298   .018   1
  33 K_08a    1499 2006    508     19      0    .753    .27    .67   .112   .487   .376   1.72   .311   .007   1
  34 K_09me   1522 2006    485     18      0    .744    .21   1.27   .162   .587   .547   2.64   .445   .041   0
  35 K_10b    1691 2006    316     11      0    .687    .20    .54   .113   .645   .471   2.19   .389  -.007   3
  36 K_11me   1682 2006    325     11      0    .745    .18    .50   .103   .719   .424   2.40   .366   .006   2
  37 K_12c    1866 2006    141      4      0    .549    .97   2.04   .382   .658   .278   1.65   .263   .011   1
  38 K_13a    1578 2006    429     15      0    .796    .30    .99   .168   .670   .366   2.02   .328   .008   1
  39 K_15me   1731 2006    276      9      0    .724    .37   1.03   .241   .854   .382   2.23   .335  -.001   2
  40 K_16     1483 2006    524     19      0    .671    .33   1.05   .198   .840   .320   1.83   .278   .004   3
  41 K_17b    1814 2006    193      6      0    .591    .47   1.17   .217   .625   .341   1.91   .312   .001   1
  42 K_18     1662 2006    345     12      2    .529    .60   1.71   .344   .843   .277   1.86   .270   .005   3
  43 JL12k01  1857 2011    155      4      0    .455    .87   1.85   .362   .663   .288   1.78   .268  -.021   3
  44 JL12k02  1876 2011    136      3      0    .540    .56   1.56   .288   .812   .280   1.63   .248   .029   3
  45 JL12k03  1806 2011    206      6      0    .613    .60   1.15   .223   .588   .281   1.73   .275  -.021   3
  46 JL12k05  1691 2011    321     11      1    .604    .27    .75   .111   .638   .312   1.96   .291   .022   1
  47 JL12k06  1848 2011    164      5      0    .567    .77   2.02   .275   .527   .264   1.66   .252  -.000   1
  48 JL12k07m 1667 2011    345     12      0    .576    .33    .82   .145   .692   .295   1.76   .270  -.006   3
  49 JL12k08  1616 2011    396     14      0    .659    .27    .71   .120   .550   .368   2.04   .313   .008   1
  50 JL12k10  1815 2011    197      6      0    .525    .28    .69   .145   .752   .301   2.00   .305   .010   1
  51 JL12k11  1754 2011    258      8      0    .538    .46   1.61   .255   .707   .315   2.37   .322  -.022   3
  52 JL12k15  1781 2011    231      7      0    .532    .48   1.19   .188   .628   .281   2.11   .261  -.001   2
  53 JL12k16  1816 2011    196      6      1    .555    .27    .65   .133   .552   .422   2.21   .371   .000   1
  54 kok01_4  1676 2008    333     11      0    .670    .26    .66   .125   .286   .533   2.17   .417  -.021   3
  55 kok02_1  1702 2008    307     10      0    .554    .52   2.22   .378   .832   .402   2.51   .380   .002   1
  56 kok02_4  1567 2008    442     16      0    .571    .31   1.35   .253   .849   .476   2.47   .405  -.007   3
  57 kok03_4  1519 2008    490     18      1    .547    .23    .82   .145   .740   .490   2.25   .399   .009   0
  58 kok04_3  1273 2008    736     27      0    .660    .25   1.10   .164   .771   .456   2.43   .362  -.005   3
  59 kok05_2  1771 2008    238      8      0    .669    .40    .94   .202   .718   .379   1.85   .335  -.013   1
  60 kok06_4  1461 2008    548     20      0    .653    .30    .74   .124   .509   .377   1.86   .307  -.007   3
  61 kok07_3  1359 2008    650     24      0    .612    .29   1.84   .320   .868   .480   2.35   .390  -.006   3
  62 kok09_3  1525 1806    282      9      0    .589    .27   1.63   .174   .627   .434   2.20   .379   .002   1
  63 kok10_2  1820 2008    189      6      0    .593    .83   2.54   .384   .773   .222   2.05   .259  -.005   2
  64 kok14_2  1904 2008    105      2      0    .646   1.08   2.02   .336   .345   .284   1.63   .269  -.019   1
  65 kok16_1  1744 2008    265      9      0    .671    .55   1.21   .186   .604   .239   1.90   .236  -.016   3
  66 kok18_4  1599 2008    410     15      2    .520    .23   1.35   .219   .837   .520   2.42   .398  -.040   0
  67 kok20_4  1466 2008    543     20      0    .644    .40   1.56   .273   .801   .394   2.32   .326   .024   0
  68 kok22_1  1740 2008    269      9      1    .541    .59   1.35   .246   .637   .280   1.75   .260   .009   3
  69 ks12_06  1779 2011    233      7      0    .697    .48   1.32   .211   .622   .284   2.12   .262   .006   1
  70 ks12_11  1879 2011    133      3      0    .603    .72   1.39   .200   .472   .224   1.71   .220  -.003   1
  71 ks12_14  1882 2011    130      3      0    .620    .95   2.23   .355   .711   .227   1.53   .237   .014   1
  72 ks12_15  1814 2011    198      6      0    .683    .67   1.62   .262   .617   .296   1.65   .261  -.007   1
  73 ks12_16  1768 2011    244      8      0    .656    .49   1.02   .155   .422   .272   1.80   .254   .085   0
  74 ks12_17  1517 2011    495     18      0    .691    .32    .89   .137   .606   .308   1.78   .272  -.001   3
  75 ks12_20  1499 2011    513     18      0    .624    .39   2.27   .344   .894   .336   2.23   .296  -.015   3
  76 ks12_21  1929 2011     83      1      0    .680   1.48   2.38   .442   .629   .209   1.39   .182  -.076   0
  77 ks12_24  1651 2011    361     12      0    .596    .52   2.12   .327   .812   .293   1.81   .288  -.031   1
  78 ks12_26  1633 2011    379     13      0    .612    .25    .84   .163   .639   .463   2.04   .360  -.011   3
  79 km7_01   1631 2006    376     13      0    .639    .32   1.01   .168   .625   .387   2.35   .362   .004   3
  80 km7_02   1842 2006    165      5      0    .751    .57   1.50   .222   .552   .298   2.24   .312   .038   1
  81 km7_03   1473 2006    534     19      0    .664    .33   1.89   .275   .877   .380   2.27   .331   .003   3
  82 km7_04   1777 2006    230      7      0    .717    .30    .79   .162   .667   .428   2.03   .352  -.008   1
  83 km7_06   1819 2006    188      6      0    .629    .43   1.10   .236   .794   .320   1.83   .310   .006   2
  84 km7_07   1719 2006    288     10      0    .632    .65   1.84   .299   .616   .346   2.03   .321   .005   2
  85 km7_08   1764 2006    243      8      0    .679    .55   1.74   .237   .465   .378   2.31   .335  -.000   2
  86 km7_09   1814 2006    193      6      0    .721    .61   1.36   .236   .523   .314   1.63   .302   .007   1
  87 km7_11   1630 2006    377     13      0    .758    .32    .75   .152   .598   .428   2.49   .375  -.007   3
  88 km7_11a  1519 1640    122      3      0    .703    .46   1.20   .233   .757   .301   1.70   .268   .017   1
  89 km7_11b  1681 2006    326     11      0    .709    .42   1.00   .179   .655   .313   1.95   .293   .022   1
  90 km7_12   1612 2006    395     14      0    .751    .37   1.16   .219   .827   .337   2.22   .311  -.006   2
  91 km7_13   1714 2006    293     10      0    .725    .35   1.10   .200   .762   .417   2.11   .366   .017   1
  92 km7_13ab 1574 2006    433     15      0    .704    .46   1.55   .246   .775   .275   1.81   .252   .014   3
  93 km7_14   1501 2006    506     18      0    .672    .36   1.65   .251   .829   .399   1.92   .349   .003   3
  94 km7_15   1835 2006    172      5      0    .571    .29    .74   .141   .564   .423   1.96   .369  -.004   3
  95 km7_16a  1500 1587     88      2      0    .634    .32    .81   .155   .654   .299   1.51   .247  -.137   0
  96 km7_16b  1762 2006    245      8      0    .587    .26    .79   .157   .774   .360   2.13   .343   .018   1
  97 km7_18   1447 2006    560     21      1    .543    .21   1.06   .170   .872   .335   2.06   .306  -.001   1
  98 km7_19   1625 2006    382     13      0    .632    .34    .90   .168   .579   .364   2.09   .333   .001   3
  99 km8_02   1926 2006     81      1      0    .576    .71   1.80   .275   .490   .301   1.76   .284   .102   0
 100 km8_03   1898 2006    109      3      0    .569    .56   1.11   .205   .619   .283   1.83   .273   .018   1
 101 km8_04   1892 2007    116      3      0    .709    .55   1.51   .271   .678   .333   1.81   .324   .036   3
 102 km8_05   1934 2006     73      1      0    .520    .58   1.36   .255   .428   .362   1.86   .321   .152   2
 103 km8_06   1582 2006    425     15      0    .684    .55   1.58   .217   .737   .234   1.84   .229  -.001   2
 104 km8_08   1898 2006    109      3      0    .678    .86   1.92   .324   .583   .270   2.06   .282  -.028   2
 105 km8_09   1553 2006    454     16      0    .696    .37   1.20   .190   .778   .286   2.18   .285   .011   1
 106 km8_10   1613 2006    394     14      0    .707    .35   1.09   .191   .760   .331   2.08   .318   .006   1
 107 km8_11   1620 2006    387     14      0    .700    .34    .84   .151   .716   .315   2.05   .291   .000   3
 108 km8_13   1859 2007    149      4      0    .700   1.07   3.16   .592   .811   .242   1.91   .242   .018   3
 109 km8_14   1705 2007    303     10      0    .637    .41   1.03   .166   .671   .277   2.10   .281   .015   1
 110 km8_15   1786 2007    222      7      0    .641    .49   1.28   .226   .663   .318   2.86   .337  -.006   1
 111 km8_16   1784 2007    224      7      0    .650    .37    .98   .183   .712   .336   2.12   .339   .038   1
 112 km8_17   1533 2007    475     17      0    .736    .34   2.08   .316   .879   .382   2.07   .346   .001   1
 113 km8_18   1827 2007    181      5      0    .658    .66   1.90   .284   .640   .283   1.85   .281  -.006   1
 114 km8_19   1767 2007    241      8      0    .781    .33    .90   .184   .724   .422   2.42   .376   .012   3
 115 km8_20   1771 2007    237      8      1    .562    .56   1.36   .294   .723   .338   2.84   .362   .014   1
 116 km8_21   1660 2007    348     12      0    .722    .49   1.40   .258   .756   .329   2.01   .309  -.001   3
 117 km8_22   1549 2006    458     16      0    .724    .52   1.85   .359   .841   .337   2.15   .305  -.012   2
 118 km8_23   1521 2007    487     18      0    .715    .34   1.42   .288   .863   .366   1.98   .321   .011   1
 119 km8_24   1527 2007    481     17      0    .671    .44   2.67   .320   .836   .321   2.04   .299   .007   2
 120 km8_25   1524 2007    484     17      0    .729    .30    .99   .184   .762   .424   2.17   .371   .005   3
 121 km8_26   1794 2007    214      7      0    .649    .18    .68   .119   .659   .564   2.63   .459  -.013   1
 122 Tr12_01  1912 2011    100      2      0    .519   1.44   2.70   .537   .747   .197   1.56   .184   .063   3
 123 Tr12_02  1943 2011     69      1      0    .572   1.52   2.98   .631   .870   .160   1.29   .131   .013   0
 124 Tr12_03  1936 2011     76      1      0    .552   1.73   2.89   .503   .451   .248   1.56   .217  -.035   0
 125 Tr12_06  1911 2011    101      2      0    .653   1.10   2.17   .363   .484   .262   1.60   .215   .008   0
 126 Tr12_08  1923 2011     89      2      0    .521   1.50   2.91   .479   .719   .186   1.38   .179   .022   1
 127 Tr12_13  1958 2011     54      0      0    .598   1.55   2.89   .534   .639   .244   1.37   .221   .012   1
 128 Tr12_17  1925 2011     87      1      0    .543   1.31   2.65   .483   .804   .193   1.39   .189  -.012   1
 129 Tr12_19  1786 2011    226      7      0    .532    .51   1.60   .340   .877   .336   2.34   .316  -.017   1
 130 k_dar01  1486 2008    523     19      0    .695    .33   1.10   .218   .761   .442   2.50   .361  -.028   0
 131 k_dar02  1826 2008    183      5      0    .566    .84   1.92   .363   .710   .273   1.75   .248   .093   0
 132 k_dar03  1470 2008    539     20      0    .686    .27   2.01   .293   .887   .482   2.39   .392   .014   0
 133 k_dar04  1479 2008    530     19      0    .663    .29   1.53   .250   .759   .603   3.16   .501  -.009   1
 134 k_dar05  1673 2008    336     12      0    .721    .33    .83   .142   .685   .300   2.04   .273  -.004   2
 135 k_dar06  1643 2008    366     13      1    .650    .29    .83   .162   .711   .392   1.79   .344   .001   1
 136 k_dar07  1540 2008    469     17      0    .691    .40   1.13   .208   .720   .348   1.94   .312  -.011   3
 137 k_dar08  1501 2008    508     18      0    .688    .30   1.10   .196   .790   .391   1.92   .334  -.000   3
 138 k_dar09  1808 2008    201      6      0    .668    .89   2.22   .387   .785   .230   1.60   .233  -.030   1
 139 k_dar10  1784 2008    225      7      0    .639    .51   1.44   .251   .722   .302   1.78   .279   .086   0
 140 k_dar11  1717 2008    292     10      0    .734    .58   1.42   .238   .506   .381   2.15   .336   .000   1
 141 k_dar12  1807 2008    202      6      0    .720    .72   3.34   .457   .861   .265   1.82   .256  -.002   1
 142 k_dar13  1705 2008    304     10      0    .659    .54   1.38   .219   .639   .296   1.61   .243  -.017   3
 143 k_dar14  1647 2008    362     13      0    .633    .49   1.46   .248   .747   .290   1.89   .265   .006   1
 144 k_dar15  1539 2008    470     17      0    .668    .22    .62   .097   .448   .422   1.99   .349   .002   1
 145 k_dar16  1744 2008    265      9      0    .642    .43    .92   .188   .526   .355   2.06   .311  -.014   3
 146 k_dar17  1675 2008    334     11      0    .730    .44    .89   .149   .569   .289   1.65   .262   .008   1
 147 k_dar18  1683 2008    326     11      0    .718    .50   1.36   .229   .769   .276   1.71   .262  -.004   1
 148 k_dar19  1582 2008    427     15      0    .632    .44   1.37   .213   .762   .307   1.84   .280   .002   2
 149 k_dar20  1563 2008    446     16      0    .612    .25    .87   .148   .615   .526   2.20   .421  -.004   3
 150 a1_02    1037 1629    593     22      1    .585    .32   1.58   .246   .871   .306   1.83   .283  -.005   3
 151 a1_03me  1202 1388    187      5      0    .636    .77   3.19   .483   .808   .294   2.03   .291   .020   1
 152 a1_05me  1185 1367    183      5      0    .444   1.36   3.89   .691   .813   .244   1.70   .260   .031   3
 153 a1_06me  1085 1487    403     14      0    .554    .23    .60   .116   .732   .368   2.06   .318   .000   1
 154 a1_07    1035 1551    517     19      0    .592    .34   1.26   .197   .683   .442   3.17   .381  -.007   1
 155 a1_09me  1037 1305    269      9      1    .433    .46   1.49   .257   .811   .258   2.05   .276  -.004   1
 156 a1_10me  1216 1778    563     21      0    .512    .17    .46   .072   .723   .260   1.82   .253   .015   1
 157 a1_11me  1304 1668    365     12      0    .516    .23    .50   .077   .523   .265   1.94   .247  -.003   3
 158 a1_12_2m 1373 1850    478     17      0    .621    .21    .49   .077   .531   .328   1.92   .284  -.008   3
 159 a1_13me  1168 1560    393     14      1    .484    .17    .92   .147   .918   .203   1.65   .207   .011   1
 160 a1_14me   837 1125    289     10      0    .571    .34   1.63   .357   .946   .369   1.94   .312  -.006   0
 161 a1_15me   922 1285    364     13      0    .556    .35   1.28   .288   .870   .446   2.16   .398   .007   1
 162 a1_16me  1060 1614    555     20      2    .555    .20    .72   .127   .810   .318   2.22   .302  -.006   2
 163 a1_17me   620 1315    696     26      0    .582    .29   1.63   .223   .855   .315   2.00   .300   .005   3
 164 a1_19m1  1404 1540    137      3      0    .634    .54   1.78   .282   .684   .301   1.90   .273   .032   3
 165 a1_19m2  1441 1762    322     11      0    .738    .32   1.36   .240   .847   .361   1.91   .317  -.001   1
 166 a1_1_1m  1581 1880    300     10      1    .580    .18    .76   .107   .786   .342   2.19   .319  -.000   3
 167 a1_20me   273  398    126      3      0    .574    .74   1.47   .272   .651   .223   1.65   .230   .020   1
 168 a1_21_1m  916 1404    489     18      3    .456    .23    .91   .134   .831   .252   1.89   .260   .012   2
 169 a1_21_2m  716 1345    630     23      0    .583    .16    .52   .102   .870   .285   2.03   .276  -.008   3
 170 a1_22_1m 1043 1420    378     13      1    .554    .25    .68   .123   .723   .326   2.15   .313  -.003   2
 171 a1_30me   420 1217    798     30      0    .665    .22    .93   .152   .859   .309   1.97   .283  -.002   2
 172 a9_01_a  1433 1712    280      9      0    .529    .19    .67   .104   .781   .337   2.05   .304  -.004   1
 173 a9_03me  1170 1652    483     18      0    .666    .27   1.26   .227   .884   .358   2.30   .313   .001   3
 174 a9_04me   218  439    222      7      1    .494    .32    .65   .112   .487   .284   1.90   .277   .004   2
 175 a9_05     164  311    148      4      0    .512   1.11   2.09   .376   .451   .291   1.80   .271  -.009   2
 176 a9_06me   745  979    235      8      2    .477    .31    .76   .159   .829   .261   1.65   .250   .003   2
 177 a9_07me   618  797    180      5      0    .546    .53   1.11   .223   .742   .265   2.72   .277   .038   1
 178 a9_08     747  924    178      6      0    .519    .25    .66   .148   .841   .300   2.10   .284   .001   1
 179 a9_09me_  682  991    310     10      3    .466    .74   1.98   .359   .889   .175   1.54   .187  -.000   2
 180 a9_0x1me  912 1321    410     14      0    .585    .31   1.34   .166   .782   .249   2.05   .259  -.011   3
 181 a9_10ame 1196 1400    205      7      0    .475    .22    .62   .108   .773   .236   2.21   .250   .059   1
 182 a9_10bme 1340 1691    352     12      0    .672    .34   1.29   .195   .827   .289   1.75   .254  -.029   0
 183 a9_11     751  995    245      7      0    .534    .52   1.38   .245   .888   .196   1.71   .195  -.004   2
 184 a9_13    1242 1542    301     10      1    .552    .18    .54   .088   .652   .337   2.19   .317  -.004   3
 185 a9_14    1530 1789    260      8      0    .642    .22    .88   .129   .737   .292   1.69   .260  -.013   1
 186 a9_15me1 1494 1831    338     12      0    .643    .22    .97   .171   .897   .259   1.82   .262  -.020   3
 187 a9_15me2 1542 1687    146      4      0    .579    .36    .81   .140   .455   .339   1.77   .304   .086   0
 188 a9_16    1579 1727    149      4      0    .540    .42   1.28   .276   .744   .449   2.20   .392   .002   1
 189 a9_17me  1223 1497    275      9      0    .517    .35   1.00   .185   .676   .417   2.17   .354  -.002   1
 190 a9_18    1516 1856    341     12      0    .620    .37   1.39   .219   .802   .306   1.96   .292  -.002   1
 191 a9_19    1081 1519    439     15      1    .543    .20    .73   .109   .748   .311   2.31   .301  -.009   3
 192 a9_20me  1369 1792    424     15      0    .591    .27   1.75   .197   .810   .300   2.09   .277  -.012   3
 193 a9_21_a  1068 1174    107      3      0    .618    .53   1.36   .238   .713   .271   1.60   .250   .003   3
 194 a9_21_b  1214 1742    529     19      0    .676    .19    .62   .100   .691   .355   1.90   .306  -.006   3
 195 a9_222    661  772    112      2      0    .537    .50   1.35   .162   .477   .265   1.62   .243   .100   0
 196 a9_223   1264 1616    353     12      0    .703    .25    .70   .113   .663   .342   1.94   .298  -.009   3
 197 a9_22me   830  994    165      4      0    .611    .70   1.67   .320   .668   .311   2.06   .307   .009   1
 198 a9_23me  1506 1693    188      5      0    .583    .47   1.35   .290   .809   .297   1.82   .280   .001   3
 199 a9_24me   590 1385    796     30      3    .486    .17    .54   .094   .866   .241   1.74   .234   .010   1
 200 a9_25Cme 1457 1690    234      7      0    .635    .22    .70   .131   .658   .405   2.29   .373   .014   3
 201 a9_26    1251 1384    134      3      0    .502    .66   1.88   .373   .795   .309   1.74   .299  -.020   1
 202 a9_27me   541  771    231      7      0    .599    .37    .78   .162   .754   .273   1.87   .253   .004   3
 203 a9_28me   267 1215    949     36      2    .524    .25   1.39   .204   .937   .218   2.08   .228  -.011   3
 204 a9_29me   474  694    221      7      1    .447    .40    .82   .169   .853   .230   1.61   .218   .030   1
 205 a9_30     745 1063    319     11      0    .589    .33   1.32   .221   .846   .315   1.82   .298  -.016   1
 206 a9_31me  1085 1400    316     11      0    .617    .35    .95   .155   .761   .243   1.90   .243   .012   2
 207 a9_32me  1107 1327    221      7      0    .665    .45   1.80   .301   .763   .365   2.08   .347   .007   1
 208 a9_33me  1098 1407    310     11      0    .684    .65   1.60   .294   .682   .293   1.83   .280  -.004   2
 209 a9_34me   993 1359    367     13      0    .603    .23   1.20   .190   .883   .354   2.36   .334   .006   1
 210 a9_35me  1141 1589    449     16      1    .576    .53   2.73   .551   .923   .281   1.99   .276   .003   1
 211 a9_36me  1164 1590    427     15      0    .645    .35   1.63   .269   .890   .260   1.76   .259   .015   1
 212 a9_38    1531 1777    247      8      0    .689    .48   1.80   .305   .799   .334   2.09   .296   .001   1
 213 a9_39me  1493 1841    349     12      0    .639    .42   2.18   .314   .709   .378   1.91   .315  -.002   3
 214 a9_40me  1426 1585    160      4      0    .524    .43   1.18   .245   .589   .466   1.92   .403   .011   2
 215 a9_41me   786  987    202      6      0    .690    .76   1.58   .283   .621   .286   1.77   .254   .004   1
 216 a9_42me   726 1191    466     16      0    .666    .26    .99   .137   .759   .299   2.04   .269   .002   1
 217 a9_43me  1057 1402    346     12      0    .691    .32   1.51   .227   .870   .279   2.05   .280  -.005   1
 218 a9_44     755 1368    614     22      0    .590    .19   1.10   .131   .793   .350   2.40   .333   .004   1
 219 a9_45    1068 1363    296     10      0    .598    .20    .51   .112   .757   .332   2.19   .327  -.047   3
 220 a9_48    1239 1648    410     14      0    .670    .24    .71   .135   .732   .384   2.28   .343  -.007   3
 221 a9_49me   506  840    335     11      0    .579    .70   3.81   .693   .920   .337   1.96   .310  -.011   3
 222 a9_50me   968 1751    784     30      2    .622    .25   1.47   .153   .821   .311   2.20   .287   .002   3
 223 a9_51me   627 1604    978     37      2    .553    .22    .77   .128   .800   .375   2.12   .336  -.001   3
 224 a9_55     867  997    131      3      0    .418    .36    .86   .153   .783   .234   1.69   .233   .004   1
 225 a9_57me   697 1520    824     31      1    .619    .28   1.01   .161   .814   .323   2.17   .302  -.003   1
 226 a9_58me  1250 1844    595     22      0    .670    .30   1.52   .237   .901   .272   1.73   .236  -.026   0
 227 a9_59me   991 1456    466     17      2    .519    .28    .86   .138   .748   .299   2.03   .296   .006   1
 228 a9_60me   489 1320    832     31      1    .586    .20   1.31   .169   .875   .255   1.84   .247  -.001   1
 229 a9_61me   980 1321    342     11      0    .474    .46   2.32   .331   .816   .328   2.15   .333   .017   1
 230 a9_x2_    797 1015    219      7      1    .464    .41    .93   .146   .651   .216   1.74   .215   .008   2
 231 a9_x3     706  831    126      3      0    .503    .70   1.62   .308   .823   .199   1.61   .193   .010   2
 232 a9_x4me   611 1026    416     15      1    .566    .30    .96   .157   .778   .328   1.88   .305   .009   1
 233 a9_xx    1373 1672    300      9      0    .664    .34   1.03   .190   .782   .326   1.69   .278   .008   3
 234 jl7_01m  1166 1652    487     18      0    .560    .31   1.92   .236   .692   .412   2.68   .383  -.005   3
 235 jl7_02am 1089 1494    406     14      1    .551    .24   1.09   .213   .874   .406   2.26   .357   .002   2
 236 jl7_02me 1034 1392    359     12      0    .585    .36    .96   .162   .726   .271   1.83   .264  -.004   3
 237 jl7_03me  884 1345    462     16      2    .530    .27    .84   .157   .686   .422   2.79   .363  -.005   3
 238 jl7_04me 1140 1691    552     20      0    .678    .21   1.77   .203   .877   .438   2.24   .382   .003   1
 239 jl7_05me  519  962    444     16      0    .701    .28   1.52   .225   .831   .368   2.04   .337  -.006   1
 240 jl7_06me  582 1189    608     22      0    .715    .18   1.00   .134   .823   .346   2.21   .312  -.002   1
 241 jl7_07me  877 1346    470     16      0    .721    .29   1.18   .168   .779   .326   1.86   .299   .006   1
 242 jl7_08me 1087 1389    303     10      0    .664    .55   2.06   .413   .861   .340   2.07   .326  -.003   3
 243 jl7_09me 1406 1672    267      8      0    .726    .44   1.60   .326   .795   .375   2.02   .331   .004   3
 244 jl7_10me 1117 1609    493     18      0    .714    .20   1.51   .243   .900   .441   2.27   .357  -.005   2
 245 jl7_11   1285 1629    345     12      0    .701    .13    .31   .059   .359   .493   2.32   .392  -.006   2
 246 jl7_12me  235  471    237      7      0    .709    .52   1.58   .296   .803   .280   2.27   .288   .010   3
 247 jl7_13me 1133 1686    554     20      1    .558    .34   1.74   .286   .862   .408   2.49   .364   .004   3
 248 jl7_14me 1163 1624    462     17      0    .637    .33    .98   .158   .446   .450   2.48   .405   .013   1
 249 jl7_15me 1497 1764    268      9      0    .619    .37   1.15   .188   .674   .375   2.61   .354   .014   1
 250 jl7_16me 1514 1771    258      8      0    .717    .51   2.67   .406   .819   .365   2.33   .332  -.002   1
 251 jl7_18me 1412 1643    232      7      3    .423    .45   1.29   .234   .654   .356   1.93   .328   .002   1
 252 jl7_19me  806 1684    879     33      0    .767    .25   1.88   .184   .756   .501   2.35   .405  -.041   0
 253 jl7_20me 1043 1335    293     10      0    .601    .49   1.33   .203   .509   .341   1.89   .306   .007   1
 254 jl7_21   1029 1368    340     11      0    .629    .31   1.34   .217   .785   .358   2.25   .348   .013   1
 255 jl7_22   1320 1782    463     17      0    .693    .21    .81   .135   .683   .487   2.06   .394   .048   0
 256 jl7_23me 1492 1802    311     11      0    .609    .50   1.66   .323   .751   .367   2.36   .338   .008   3
 257 jl7_24me  878 1600    723     27      1    .652    .20    .58   .106   .741   .332   2.02   .301  -.011   3
 258 jl7_25me  866 1542    677     25      0    .686    .27   1.04   .196   .792   .409   2.40   .365  -.005   1
 259 jl7_26me 1111 1630    520     19      0    .687    .26   1.17   .222   .892   .317   2.09   .285  -.000   2
 260 jl7_27    914 1314    401     14      0    .639    .22    .89   .148   .698   .469   2.82   .415   .002   1
 261 jl7_28me 1071 1285    215      7      0    .665    .70   1.45   .313   .713   .286   1.68   .257  -.003   2
 262 jl7_29me  461 1008    548     20      0    .691    .34   1.86   .328   .920   .375   2.38   .338   .009   1
 263 jl7_30me 1113 1393    281      9      0    .569    .37   1.50   .195   .702   .307   2.03   .288   .014   2
 264 jl7_31me  885 1394    510     18      1    .513    .19   1.03   .156   .838   .400   2.20   .349  -.018   3
 265 jl7_32me  318  563    246      8      1    .416    .53   1.64   .336   .869   .288   1.86   .271   .001   2
 266 jl7_33   1460 1773    314     10      0    .683    .23    .65   .120   .619   .373   1.91   .335   .007   1
 267 jl7_34me 1008 1371    364     12      0    .519    .30    .86   .151   .700   .296   1.80   .279  -.002   3
 268 jl7_35me 1506 1670    165      4      0    .486    .74   1.98   .436   .803   .382   2.47   .373   .029   1
 269 jl8_01   1510 1812    303     10      0    .652    .60   2.51   .415   .777   .302   1.73   .278   .019   1
 270 jl8_02me 1308 1781    474     17      2    .569    .42   1.05   .212   .668   .378   2.06   .353  -.006   2
 271 jl8_03me 1325 1749    425     15      0    .724    .35   1.20   .218   .750   .345   2.03   .315   .005   1
 272 jl8_04me 1395 1777    383     14      0    .606    .28    .93   .180   .754   .405   2.58   .382   .003   1
 273 jl8_05me 1337 1772    436     15      0    .689    .28    .85   .134   .532   .376   2.14   .330  -.004   2
 274 jl8_06   1047 1583    537     20      0    .684    .33   1.00   .145   .549   .348   2.33   .314  -.000   3
 275 jl8_07   1102 1567    466     16      0    .743    .30    .92   .164   .702   .364   1.95   .311  -.010   3
 276 jl8_08   1133 1466    334     11      0    .678    .37   1.39   .204   .778   .288   2.00   .271  -.005   2
 277 jl8_10me  877 1329    453     16      0    .760    .40   1.12   .217   .794   .293   1.94   .274  -.007   3
 278 jl8_11    814 1168    355     12      0    .613    .37   1.24   .209   .791   .289   1.95   .280   .016   1
 279 jl8_12   1132 1610    479     17      0    .770    .31   1.11   .157   .672   .303   1.86   .278  -.005   3
 280 jl8_14    600 1164    565     20      0    .693    .30    .81   .113   .607   .274   2.07   .251  -.007   3
 281 jl8_15me 1076 1549    474     17      0    .760    .18   1.13   .152   .760   .460   2.19   .385  -.010   3
 282 jl8_16me  875 1360    486     17      0    .716    .31   1.63   .298   .905   .381   1.85   .333   .008   1
 283 jl8_17me  251  865    615     22      0    .645    .15    .53   .075   .728   .294   1.96   .278   .007   1
 284 jl8_18me  811 1299    489     18      0    .728    .27   1.04   .158   .769   .315   1.93   .290   .006   1
 285 jl8_19   1429 1731    303     10      0    .703    .35   1.37   .240   .772   .412   2.11   .363   .015   1
 286 jl8_20   1357 1770    414     14      0    .660    .20    .76   .143   .748   .391   2.30   .344   .002   3
 287 jl8_21me 1002 1461    460     16      0    .617    .27   1.56   .229   .776   .481   2.51   .444  -.004   3
 288 jl8_22me  874 1393    520     19      0    .678    .37    .96   .159   .666   .292   1.96   .279   .005   1
 289 jl8_23me 1373 1614    242      8      0    .658    .35   1.74   .302   .821   .519   2.59   .419   .000   0
 290 jl8_24me 1277 1589    313     10      0    .663    .28    .94   .190   .793   .405   2.36   .349  -.003   3
 291 jl8_25me 1195 1577    383     14      0    .631    .43   1.12   .188   .613   .330   2.56   .326   .014   1
 292 jl8_26   1418 1773    356     12      0    .746    .31   1.15   .207   .773   .434   1.78   .361   .005   3
 293 jl8_27me 1520 1781    262      9      0    .570    .24   2.77   .254   .834   .370   1.88   .328  -.001   2
 294 jl8_28   1357 1763    407     14      0    .757    .31    .87   .181   .747   .349   2.14   .318  -.000   1
 295 jl8_29   1144 1521    378     13      0    .660    .28   1.41   .231   .867   .321   1.81   .271  -.002   3
 296 jl8_30me  560 1201    642     24      1    .661    .13    .43   .070   .588   .415   2.03   .356   .001   1
 297 jl8_31me 1113 1579    467     17      0    .711    .19    .72   .107   .615   .418   2.55   .366  -.045   0
 298 jl8_32me 1051 1360    310     10      2    .490    .42   1.70   .333   .804   .350   2.21   .323  -.018   3
 299 jl8_33   1201 1586    386     13      0    .622    .35   1.14   .215   .777   .359   2.16   .333  -.016   3
 300 jl8_34   1303 1551    249      8      0    .553    .41   1.33   .241   .731   .353   2.36   .372   .015   1
 301 jl8_35me 1098 1664    567     20      0    .715    .22   1.36   .213   .889   .403   2.18   .330   .002   3
 302 jl8_36   1077 1329    253      8      0    .609    .30    .97   .199   .765   .429   2.32   .392   .033   1
 303 jl8_37   1175 1612    438     16      0    .668    .20    .70   .138   .770   .438   2.38   .361  -.039   0
 304 jl8_38   1484 1779    296     10      0    .678    .38   1.38   .288   .807   .402   1.99   .339  -.008   2
 305 jl8_39    882 1221    340     11      0    .704    .27   1.06   .218   .825   .517   2.84   .445  -.007   2
 306 jl8_40me 1094 1465    372     13      0    .725    .29   1.52   .229   .862   .292   1.75   .275   .008   1
 307 jl8_41   1224 1695    472     16      0    .710    .37   1.61   .234   .769   .358   1.86   .297  -.009   2
 308 jl8_42   1203 1591    389     13      0    .632    .23    .84   .134   .785   .337   1.87   .302  -.003   3
 309 jl8_43   1181 1523    343     11      0    .635    .24    .99   .143   .696   .380   2.18   .352  -.015   2
 310 jl8_44me 1500 1812    313     10      0    .750    .25    .98   .155   .627   .459   2.28   .408  -.001   1
 311 jl8_45me  766 1075    310     11      0    .672    .50   1.54   .269   .734   .317   2.30   .313   .000   2
 312 jl8_46    112  245    134      3      0    .522    .89   1.83   .320   .540   .294   1.62   .270   .009   3
 313 jl8_48   1288 1581    294     10      0    .663    .41   1.84   .200   .469   .342   3.63   .360  -.001   3
 314 jl8_49me 1566 1780    215      7      0    .707    .48   1.11   .215   .656   .304   2.04   .287  -.002   2
 315 jl8_50me 1217 1617    401     14      1    .599    .19    .65   .124   .733   .386   2.04   .357  -.000   1
 316 jl8_52   1413 1772    360     12      0    .691    .29   1.84   .252   .852   .370   2.27   .318  -.002   2
 317 jl8_54me 1303 1515    213      6      0    .745    .39   1.23   .244   .793   .309   1.70   .267  -.001   2
 318 jl8_55   1538 1810    273      9      0    .620    .39   1.58   .284   .826   .334   2.09   .324   .003   3
 319 jl8_56me  827 1217    391     13      0    .621    .43   1.89   .320   .761   .441   2.50   .412  -.007   2
 320 jl8_57me  204  447    244      7      1    .589    .53   1.64   .303   .822   .292   1.71   .272  -.001   3
 321 jl8_58me  722 1164    443     16      0    .572    .27   1.00   .177   .763   .448   2.48   .397   .008   1
 322 jl8_59   1264 1566    303     10      0    .633    .44    .90   .141   .609   .228   1.83   .223   .020   1
 323 jl8_60me 1223 1626    404     15      0    .585    .18    .65   .100   .757   .331   1.86   .301   .008   1
 324 jl8_61me 1295 1810    516     19      1    .579    .24    .97   .162   .863   .281   2.01   .288   .019   1
 325 jl8_62me 1042 1561    520     19      0    .724    .22    .88   .168   .814   .429   2.25   .350  -.006   1
 326 jl8_63me  548 1276    729     28      0    .656    .32   1.16   .160   .680   .334   2.33   .315  -.005   2
 327 jl8_64me 1205 1633    429     15      0    .675    .23    .78   .124   .707   .319   2.14   .296  -.004   2
 328 jl8_65    994 1269    276      9      0    .538    .34   1.52   .248   .809   .422   2.14   .367   .024   1
 329 jl8_66me 1160 1616    457     16      1    .525    .24   1.79   .252   .904   .350   2.34   .331  -.001   3
 330 jl8_67me 1519 1769    251      8      0    .644    .41   1.51   .259   .764   .354   1.72   .320  -.007   2
 331 jl8_68me  659 1203    545     20      0    .699    .20    .85   .138   .814   .352   2.20   .323  -.008   3
 332 jl8_69me  782 1547    766     28      0    .632    .31   1.66   .223   .760   .436   2.42   .386   .013   1
 333 jl8_70me 1140 1628    489     18      0    .702    .27   1.10   .156   .820   .317   1.92   .296  -.012   3
 334 jl8_71    760 1355    596     22      0    .666    .25    .98   .173   .777   .401   2.98   .368  -.002   2
 335 jl8_72me  731 1453    723     27      0    .634    .21    .68   .106   .694   .366   2.26   .335   .011   3
 336 jl8_73    756 1406    651     24      0    .703    .30   1.07   .187   .770   .357   2.53   .328   .003   3
 337 01_k     1094 1329    236      8      2    .414    .45   1.34   .218   .751   .266   1.85   .253   .011   1
 338 02_k     1125 1353    229      7      0    .603    .46    .92   .144   .502   .272   1.59   .241   .003   2
 339 10_k_me  1441 1766    326     11      0    .514    .53   1.71   .325   .820   .344   1.93   .304  -.005   1
 340 13_k_me   894 1233    340     12      1    .622    .34   1.19   .170   .722   .273   1.70   .262   .013   1
 341 19_k_me  1454 1787    334     11      0    .645    .28    .63   .120   .669   .292   1.80   .264  -.002   3
 342 k_02me   1279 1567    289      9      0    .608    .38   1.09   .205   .750   .314   1.79   .278   .037   0
 343 k_03     1253 1644    392     13      0    .590    .37   1.71   .284   .870   .351   2.18   .299  -.010   3
 344 k_04me    588  910    323     11      2    .460    .32    .89   .143   .663   .296   2.12   .284   .001   1
 345 k_05      957 1215    259      8      0    .518    .63   1.85   .308   .803   .222   2.03   .236   .002   2
 346 k_06me   1493 1725    233      8      0    .541    .41   1.37   .334   .816   .443   2.31   .413  -.015   1
 347 k_07me   1586 1770    185      5      0    .564    .29    .80   .149   .544   .371   2.55   .365  -.005   1
 348 k_08me   1061 1350    290     10      0    .608    .23    .71   .140   .803   .328   1.78   .285   .004   2
 349 k_10me   1102 1546    445     15      1    .572    .19    .65   .097   .649   .320   2.31   .313   .006   1
 350 k_11me   1369 1814    446     16      0    .681    .26   1.28   .265   .904   .331   1.91   .287   .004   3
 351 k_13me    628  966    339     11      0    .577    .52   1.82   .311   .676   .377   2.74   .389  -.010   1
 352 k_14me   1231 1428    198      6      0    .519    .52   1.66   .308   .789   .271   2.26   .300   .007   1
 353 k_15me   1072 1772    701     26      0    .676    .38   1.33   .214   .761   .328   1.98   .295   .003   1
 354 k_16me   1461 1769    309     10      0    .605    .36   1.94   .387   .890   .443   2.22   .379  -.000   1
 355 k_17me    906 1527    622     23      1    .544    .28    .68   .146   .727   .338   2.33   .310  -.007   3
 356 k_18me   1086 1293    208      6      1    .508    .31   2.06   .304   .908   .320   1.91   .304   .001   1
 357 k_19me    721  990    270      9      0    .629    .24    .72   .129   .781   .286   1.78   .255   .004   1
 358 k_09me    768 1445    678     25      0    .573    .23    .74   .122   .668   .361   2.46   .345  -.004   3
 359 m7_00me  1107 1681    575     21      0    .701    .18   1.08   .173   .837   .434   2.17   .367  -.002   3
 360 m7_04me  1013 1279    267      9      0    .629    .44   2.27   .252   .727   .319   2.41   .315   .019   1
 361 m7_05me    88  891    804     30      0    .666    .39   1.73   .307   .871   .315   2.20   .306   .019   1
 362 m7_06me   817 1279    463     17      0    .699    .36   1.35   .235   .849   .338   1.77   .305  -.016   3
 363 m7_07me   778 1274    497     18      0    .662    .30    .80   .132   .679   .281   2.50   .281  -.015   3
 364 m7_08me  1043 1291    249      8      0    .692    .41   1.18   .211   .814   .258   2.14   .263   .034   1
 365 m7_11me  1135 1284    150      4      0    .688    .80   1.56   .256   .511   .243   1.91   .245   .004   1
 366 m7_12me   993 1301    309     11      0    .673   1.04   3.10   .570   .765   .324   2.01   .297  -.027   2
 367 m7_14me  1398 1743    346     12      0    .719    .24    .97   .127   .529   .451   2.38   .408   .012   1
 368 m7_16me   849 1386    538     20      0    .710    .40   1.35   .228   .821   .285   1.93   .287   .026   1
 369 m7_17me   765 1217    453     16      0    .667    .38   1.47   .242   .807   .292   1.94   .289  -.000   2
 370 m7_20me  1418 1774    357     13      0    .587    .38   1.12   .206   .687   .371   2.71   .355  -.004   2
 371 m7_21me  1425 1654    230      7      0    .689    .67   1.96   .319   .790   .244   1.72   .249   .030   1
 372 m7_22me  1407 1782    376     13      0    .692    .25   1.10   .164   .794   .358   2.09   .342  -.010   3
 373 m7_23me  1202 1758    557     20      0    .683    .50   1.86   .338   .782   .406   2.28   .379  -.003   3
 374 m7_24    1290 1587    298     10      0    .654    .86   2.52   .445   .774   .289   1.80   .268  -.003   2
 375 m7_25ame 1148 1353    206      6      1    .443    .68   1.37   .342   .837   .302   2.25   .317   .017   3
 376 m7_25bme 1373 1776    404     15      0    .644    .43   1.47   .228   .785   .323   2.02   .310   .009   1
 377 m7_28me  1067 1551    485     18      0    .717    .26   2.06   .294   .901   .375   2.00   .336  -.007   1
 378 m7_29me  1340 1774    435     16      0    .769    .32    .91   .154   .614   .376   2.09   .334  -.003   3
 379 m7_30me  1319 1600    282     10      0    .652    .57   1.23   .217   .746   .230   1.71   .234   .012   3
 380 m7_31    1458 1782    325     11      0    .640    .56   2.09   .352   .793   .291   2.05   .298   .075   1
 381 m7_32me  1144 1676    533     20      0    .704    .36   1.05   .181   .646   .367   2.00   .344  -.005   3
 382 m7_33me  1026 1371    346     11      0    .663    .43   1.31   .245   .743   .317   1.99   .315   .017   1
 383 m7_34me   211  388    178      5      0    .664    .60   1.56   .349   .837   .306   1.77   .274   .022   1
 384 m7_35     293  479    187      6      0    .572    .81   2.10   .397   .751   .259   1.83   .254   .006   3
 385 m7_36me   133  429    297     10      0    .641    .76   1.94   .347   .777   .230   2.22   .233   .032   1
 386 m7_37me   156  457    302     10      0    .616    .48   2.08   .338   .783   .348   2.42   .326  -.006   1
 387 m7_38     291  439    149      4      0    .637   1.00   2.74   .558   .819   .271   1.94   .290   .051   1
 388 m7_39me   272  522    251      8      0    .576    .94   3.07   .689   .910   .205   1.58   .200   .008   3
 389 m7_40me  1461 1766    306     10      0    .642    .55   2.18   .408   .807   .391   2.48   .347  -.004   3
 390 m7_42me  1465 1782    318     11      0    .667    .68   3.28   .408   .741   .333   1.97   .303  -.016   2
 391 m7_N01me 1121 1742    622     23      0    .651    .28    .74   .118   .580   .356   1.92   .311   .004   1
 392 m7_N03me 1046 1494    449     16      0    .674    .34   1.08   .186   .686   .405   2.23   .364  -.010   1
 393 m7_N05me 1013 1646    634     23      0    .743    .26   1.22   .180   .815   .379   2.04   .338  -.001   1
 394 m7_N06me 1022 1623    602     22      0    .745    .43   1.95   .318   .851   .387   2.16   .345   .011   1
 395 m7_N07me 1056 1503    448     16      0    .670    .52   1.43   .220   .700   .275   1.81   .256   .009   1
 396 m7_N08    951 1170    220      6      0    .597    .85   2.40   .380   .769   .244   2.04   .255   .030   1
 397 m7_N09   1582 1748    167      4      0    .650    .57   1.23   .257   .719   .297   1.79   .275   .003   1
 398 m7_N10   1575 1744    170      4      0    .742    .48   1.31   .209   .315   .372   2.75   .369  -.018   2
 399 m7_N11me 1274 1545    272      8      0    .686    .50   1.26   .210   .724   .261   1.78   .270   .004   3
 400 m7_N14me 1278 1767    490     17      0    .729    .43   1.51   .210   .739   .303   1.80   .284  -.003   2
 401 m7_N15me 1181 1630    450     16      0    .727    .53   2.20   .395   .871   .283   1.67   .265   .009   1
 402 m7_N17me 1441 1780    340     12      0    .583    .94   2.36   .467   .717   .309   2.11   .314  -.018   1
 403 m7_N18me  819 1121    303     10      0    .677    .32   1.16   .198   .769   .381   2.15   .320   .067   0
 404 m7_N20me 1377 1672    296      9      0    .552    .41   1.69   .298   .877   .317   2.33   .313   .000   3
 405 m7_N21me  608  952    345     12      2    .414    .43   1.30   .231   .808   .286   1.82   .281   .000   1
 406 m7_N22me 1053 1373    321     10      0    .676    .27    .76   .146   .665   .400   2.04   .338   .006   1
 407 m7_N23me  445 1033    589     22      1    .607    .46   2.26   .409   .906   .346   2.26   .294  -.008   2
 408 m7_N24me  950 1583    634     23      0    .574    .32   1.34   .188   .781   .326   2.56   .313   .008   1
 409 m7_N25me  861 1636    776     29      0    .628    .39   1.91   .309   .871   .333   2.08   .307   .004   3
 410 m7_b01me 1329 1780    452     16      0    .670    .25   1.07   .151   .793   .311   2.11   .291  -.008   1
 411 m7_b02me 1387 1696    310     10      0    .688    .31    .93   .170   .642   .372   2.10   .337  -.002   1
 412 m7_b04me 1049 1687    639     24      0    .681    .25    .97   .135   .678   .377   2.19   .350   .016   1
 413 m7_b05me 1051 1681    631     23      1    .542    .21    .89   .153   .836   .401   2.21   .378   .006   1
 414 m7_b06me  844 1327    484     18      0    .693    .37   1.58   .287   .904   .291   1.75   .254   .004   1
 415 m7_b07me  801 1053    253      8      0    .508    .83   2.10   .421   .826   .275   1.96   .263   .025   1
 416 m7_b08me   78  436    359     12      0    .694    .67   1.71   .296   .779   .227   1.71   .227  -.002   3
 417 m7_b09me  154  421    268      8      0    .662    .63   1.72   .372   .800   .287   2.17   .284   .019   1
 418 m7_b10me  134  435    302     10      0    .674    .76   2.10   .406   .832   .234   1.87   .227   .013   1
 419 m7_x8me  1189 1635    447     16      1    .513    .34   1.44   .232   .798   .357   2.26   .344   .011   1
 420 m8_0      976 1155    180      5      0    .633    .48   1.52   .285   .863   .244   1.72   .238  -.001   1
 421 m8_00    1018 1400    383     14      0    .598    .18    .60   .092   .674   .376   2.20   .345  -.004   1
 422 m8_001me  873 1322    450     16      0    .641    .39   1.41   .200   .711   .331   1.91   .306  -.001   1
 423 m8_002   1501 1739    239      7      0    .677    .30    .74   .149   .619   .370   2.20   .349  -.001   1
 424 m8_003me 1495 1960    466     17      0    .656    .26   1.10   .218   .863   .366   1.84   .311  -.000   3
 425 m8_004me  760 1047    288      9      0    .582    .74   1.80   .331   .654   .299   1.96   .284   .003   1
 426 m8_005    794  995    202      6      0    .704    .83   1.56   .297   .757   .201   2.03   .220  -.015   2
 427 m8_007    801 1018    218      6      0    .608    .55   1.28   .209   .763   .227   1.76   .219   .028   1
 428 m8_008    632  973    342     11      0    .685    .33    .83   .150   .735   .271   1.80   .267   .014   3
 429 m8_009me  917 1574    658     25      0    .738    .42   1.77   .297   .830   .350   1.84   .311   .000   1
 430 m8_011me   82  390    309     10      1    .693    .58   1.95   .314   .848   .236   1.75   .235   .014   1
 431 m8_014me  557 1106    550     20      0    .697    .30    .80   .151   .769   .300   1.96   .290   .002   1
 432 m8_015me  978 1479    502     18      0    .675    .24   1.29   .196   .908   .269   2.21   .266  -.006   3
 433 m8_016   1153 1449    297     10      0    .759    .59   1.54   .245   .566   .320   1.98   .306  -.005   2
 434 m8_018    873 1035    163      5      0    .642    .80   1.84   .387   .736   .269   1.80   .260   .023   1
 435 m8_019me  949 1538    590     21      0    .727    .47   2.26   .399   .883   .298   2.09   .289  -.002   3
 436 m8_020me  989 1523    535     19      0    .687    .26   1.39   .228   .896   .342   2.51   .324   .019   1
 437 m8_022    903 1047    145      3      0    .683    .85   1.79   .344   .812   .210   1.55   .210   .028   1
 438 m8_023me  788 1048    261      8      0    .653    .44   1.10   .209   .779   .266   1.90   .263  -.019   1
 439 m8_024    897 1239    343     12      0    .768    .31   1.41   .248   .822   .355   1.94   .325   .008   1
 440 m8_025me  866 1401    536     20      0    .682    .26   1.30   .157   .771   .306   2.14   .295  -.000   1
 441 m8_026me  865 1401    537     20      0    .674    .29   2.02   .243   .841   .340   2.37   .327  -.001   1
 442 m8_028me  463  946    484     17      0    .697    .23   1.03   .176   .829   .378   2.93   .353   .008   1
 443 m8_029me  963 1563    601     22      0    .699    .15    .81   .117   .779   .447   2.51   .403   .001   2
 444 m8_030    378  517    140      3      0    .598   1.43   3.60   .565   .719   .197   1.66   .198  -.001   1
 445 m8_031me 1025 1667    643     23      0    .718    .28   1.30   .167   .801   .320   1.97   .294   .004   1
 446 m8_032me  598  983    386     13      0    .655    .39   1.79   .246   .832   .299   1.94   .295   .021   3
 447 m8_033me  884 1563    680     25      0    .684    .20    .48   .094   .628   .373   2.14   .317  -.018   0
 448 m8_034    931 1387    457     16      0    .708    .44   2.49   .360   .867   .253   1.99   .237   .001   2
 449 m8_035   1109 1322    214      6      0    .781    .51   1.37   .206   .630   .287   1.67   .263   .014   1
 450 m8_036me  913 1414    502     18      1    .600    .18    .92   .159   .867   .367   3.12   .349  -.002   3
 451 m8_039me 1223 1610    388     14      0    .673    .34   1.40   .256   .836   .427   2.14   .375  -.007   1
 452 m8_040me  760 1036    277      9      0    .579    .77   1.73   .318   .635   .287   1.75   .273  -.014   1
 453 m8_041me 1134 1439    306     10      0    .670    .30   1.08   .234   .915   .279   1.76   .253   .063   0
 454 m8_042    875 1032    158      4      0    .700    .82   1.99   .370   .701   .275   1.55   .234  -.001   2
 455 m8_043me  327  504    178      5      0    .665    .76   1.53   .252   .542   .259   1.71   .250   .006   1
 456 m8_045me 1164 1666    503     18      0    .683    .37   1.19   .207   .779   .366   2.25   .329  -.003   2
 457 m8_046me 1046 1637    592     22      0    .611    .30   1.32   .201   .869   .298   1.96   .296   .017   1
 458 m8_048me 1206 1641    436     15      0    .751    .26   1.12   .194   .880   .372   2.12   .325   .002   3
 459 m8_049me 1379 1786    408     14      0    .519    .25   1.46   .260   .899   .437   2.07   .385   .009   1
 460 m8_050   1280 1470    191      5      0    .628    .54   1.87   .344   .821   .294   1.88   .289   .010   2
 461 m8_052me 1146 1450    305     11      0    .658    .35   1.94   .328   .884   .381   2.54   .373   .002   1
 462 m8_053me  934 1337    404     14      1    .634    .30   1.01   .153   .779   .290   1.85   .275   .024   1
 463 m8_054me 1260 1393    134      3      0    .644    .57   1.27   .197   .589   .268   1.96   .264   .012   1
 464 m8_055me 1071 1630    560     21      0    .631    .21   1.43   .132   .712   .364   2.08   .344  -.005   3
 465 m8_056me 1091 1615    525     19      0    .631    .23   1.70   .234   .905   .421   2.56   .375   .000   1
 466 m8_057me 1274 1420    147      4      0    .635   1.02   3.63   .798   .879   .289   1.64   .300  -.007   1
 467 m8_058me 1136 1369    234      7      0    .630    .80   2.40   .622   .926   .245   1.65   .233   .010   1
 468 m8_059me 1050 1358    309     10      0    .712    .39   1.86   .390   .922   .323   1.79   .301   .008   1
 469 m8_061me 1040 1388    349     12      0    .728    .48   1.48   .272   .839   .301   1.95   .294  -.012   1
 470 m8_062me 1096 1435    340     12      0    .591    .49   1.85   .391   .915   .314   2.26   .315   .008   1
 471 m8_0632m 1263 1519    257      8      0    .610    .63   1.82   .387   .800   .333   1.89   .322   .010   1
 472 m8_063me 1343 1654    312     11      0    .737    .64   1.43   .262   .584   .302   1.91   .297  -.008   1
 473 m8_064me  873 1340    468     17      1    .696    .20   1.17   .138   .812   .338   1.95   .316   .015   1
 474 m8_065me  812 1364    553     20      0    .660    .32   2.17   .284   .835   .322   2.49   .313  -.002   1
 475 m8_066me 1033 1506    474     17      0    .698    .18   1.28   .157   .830   .375   2.13   .360  -.005   1
 476 m8_068me 1077 1425    349     12      0    .635    .22    .70   .140   .805   .325   2.33   .319  -.004   1
 477 m8_070me 1108 1505    398     14      0    .715    .41   1.20   .168   .702   .263   1.70   .246   .019   1
 478 m8_071me  927 1336    410     14      0    .741    .29   1.17   .184   .791   .303   1.89   .288   .001   2
 479 m8_072me  990 1188    199      6      0    .700    .61   1.73   .321   .786   .296   1.92   .292   .003   3
 480 m8_073me  750 1076    327     11      0    .583    .39   1.17   .238   .870   .258   2.38   .269   .006   1
 481 m8_074me  911 1079    169      5      0    .665    .82   2.25   .410   .794   .269   1.56   .255  -.014   1
 482 m8_076me  709  985    277      9      0    .647    .24    .79   .133   .785   .269   2.11   .293  -.030   1
 483 m8_078me  909 1196    288      9      0    .664    .29    .94   .188   .832   .351   1.86   .322  -.000   2
 484 m8_079me  280  461    182      5      0    .733    .82   2.02   .370   .752   .266   1.81   .264   .001   1
 485 m8_080    176  429    254      8      0    .724    .75   2.24   .414   .778   .273   1.65   .248  -.003   1
 486 m8_081     89  403    315     11      0    .732    .82   2.19   .455   .893   .213   1.53   .206   .010   1
 487 m8_082me 1065 1293    229      7      0    .728    .40   1.02   .223   .773   .319   2.31   .316   .014   1
 488 m8_083    196  455    260      9      0    .687    .93   2.52   .469   .784   .217   1.71   .213   .004   1
 489 m8_084me   14  526    513     19      0    .661    .49   2.07   .392   .930   .243   1.65   .231   .003   1
 490 m8_085    337  530    194      6      0    .658    .72   2.76   .417   .803   .265   1.78   .265  -.015   3
 491 m8_086me   98  465    368     12      0    .635    .48   1.75   .290   .883   .258   1.78   .249  -.017   3
 492 m8_087    773 1167    395     14      0    .706    .32   3.28   .356   .861   .317   2.63   .320  -.016   1
 493 m8_088me 1061 1561    501     18      0    .683    .34   1.46   .260   .853   .443   2.14   .387  -.000   3
 494 m8_089me 1168 1715    548     20      0    .628    .36   1.22   .232   .847   .339   2.00   .318   .008   1
 495 m8_090me  955 1227    273      9      0    .636    .48   2.13   .326   .899   .280   1.71   .268   .014   1
 496 m8_092me 1024 1646    623     22      0    .637    .33   1.60   .256   .908   .298   1.91   .282  -.000   3
 497 m8_093me 1160 1533    374     13      0    .724    .47   1.28   .305   .869   .337   2.24   .309   .002   3
 498 m8_094me  973 1383    411     15      1    .656    .46   1.81   .357   .910   .331   2.02   .305   .012   1
 499 m8_095me  148  351    204      6      0    .555    .60   1.45   .251   .692   .257   1.87   .284  -.003   3
 500 m8_096me  314  502    189      6      0    .519    .80   1.67   .349   .756   .257   1.96   .255   .000   1
 501 m8_097    329  436    108      2      0    .643    .78   1.54   .295   .587   .280   1.56   .255  -.020   1
 502 m8_098me  191  294    104      2      0    .698   1.45   3.03   .550   .597   .277   1.72   .236  -.060   0
 503 m8_099me  968 1707    740     28      0    .649    .14    .48   .081   .739   .394   2.29   .354   .012   1
 504 m8_100me  382  495    114      2      0    .551   1.06   3.63   .489   .669   .266   1.93   .279   .011   1
 505 m8_101me 1144 1687    544     20      0    .713    .23    .81   .136   .611   .457   2.29   .407   .002   1
 506 m8_102me 1044 1424    381     14      0    .599    .35    .99   .173   .672   .320   1.96   .314  -.004   3
 507 m8_103me  862 1237    376     13      0    .690    .24   1.47   .178   .775   .329   1.99   .306  -.000   2
 508 m8_104me 1064 1355    292     10      0    .652    .35   1.02   .168   .659   .316   2.00   .298   .008   1
 509 m8_105me  670  981    312     11      0    .661    .28   1.35   .171   .836   .279   1.70   .261   .001   2
 510 m8_106me 1023 1331    309     11      0    .592    .28   1.03   .153   .761   .294   2.10   .301  -.006   2
 511 m8_107    276  433    158      4      0    .654    .79   2.17   .412   .733   .311   2.29   .320  -.004   1
 512 m8_108me   72  475    404     15      0    .760    .52   1.76   .330   .855   .284   1.71   .261   .010   1
 513 m8_110    130  251    122      3      0    .702    .82   1.54   .290   .641   .266   1.43   .240   .029   3
 514 m8_111me 1059 1419    361     12      0    .622    .43   1.69   .215   .731   .268   1.99   .266   .034   1
 515 m8_112me 1204 1671    468     16      0    .615    .42   1.39   .282   .823   .315   1.92   .310  -.002   3
 516 m8_113me  986 1702    717     27      0    .659    .24   1.21   .147   .732   .381   2.46   .355  -.005   1
 517 m8_115me 1114 1685    572     21      0    .726    .30    .92   .158   .559   .416   2.16   .366   .009   1
 518 m8_117me 1217 1790    574     21      0    .723    .18    .98   .120   .810   .350   2.14   .329  -.006   3
 519 m8_118me 1243 1675    433     16      0    .639    .27    .84   .135   .725   .297   1.87   .281   .004   3
 520 m8_119me 1444 1768    325     11      0    .553    .32   1.10   .181   .815   .275   1.97   .269   .002   1
 521 m8_120    257  435    179      5      0    .615    .90   1.79   .326   .551   .298   1.97   .283   .009   1
 522 m8_122me  785 1352    568     21      0    .682    .39   1.36   .222   .748   .324   2.16   .305   .002   2
 523 m8_124me 1001 1310    310     10      1    .615    .72   1.65   .277   .694   .230   2.05   .244  -.015   3
 524 m8_125me 1493 1768    276      9      0    .683    .45   1.79   .311   .868   .261   1.65   .244   .004   1
 525 m8_126me 1031 1265    235      7      0    .643    .65   1.46   .209   .585   .212   1.64   .206   .007   1
 526 m8_127me 1475 1740    266      8      0    .567    .34    .92   .223   .828   .345   2.15   .320   .006   3
 527 m8_128   1470 1742    273      9      0    .676    .57   1.57   .324   .790   .276   1.85   .261   .000   3
 528 m8_129me  798 1103    306     11      0    .742    .35   1.25   .267   .863   .334   1.95   .302   .006   1
 529 m8_130me  843 1255    413     15      0    .690    .31    .86   .188   .822   .363   2.10   .312   .001   2
 530 m8_131me  989 1531    543     20      0    .756    .22   1.83   .210   .875   .409   2.44   .358  -.001   1
 531 m8_133me  309  459    151      4      0    .629    .87   1.81   .336   .665   .267   1.87   .267  -.033   1
 532 m8_134me  565 1374    810     31      0    .666    .31   1.27   .177   .676   .382   2.36   .360   .009   1
 533 m8_135a   156  444    289      9      0    .700    .83   1.90   .327   .752   .203   1.70   .199  -.009   1
 534 m8_135b   188  334    147      4      0    .603   1.37   3.60   .685   .803   .190   1.39   .185   .015   2
 535 m8_136me  271 1082    812     31      2    .553    .35   1.06   .181   .805   .278   3.19   .285  -.002   3
 536 m8_137me 1140 1432    293     10      0    .652    .41   2.07   .329   .865   .314   2.27   .314  -.011   3
 537 m8_138me  667 1205    539     20      0    .646    .29   1.07   .194   .857   .290   1.91   .287   .021   1
 538 m8_139me  983 1366    384     13      0    .633    .41   1.72   .342   .896   .310   1.99   .295   .004   2
 539 m8_140me  855 1386    532     19      1    .627    .19    .79   .132   .696   .475   2.50   .422   .003   1
 540 m8_141me 1455 1621    167      4      0    .522    .39   1.57   .271   .779   .391   3.00   .413   .023   1
 541 m8_142me 1018 1383    366     13      0    .720    .42   1.13   .165   .678   .247   2.11   .258   .014   1
 542 m8_143me 1107 1571    465     16      0    .655    .30    .89   .143   .703   .322   2.02   .301   .006   3
 543 m8_144me 1139 1387    249      8      0    .637    .41   1.66   .279   .796   .324   1.93   .313   .010   2
 544 m8_301me  969 1784    816     31      0    .665    .29    .86   .138   .735   .288   2.05   .277   .000   1
 545 m8_302me  959 1331    373     13      0    .588    .20    .74   .109   .744   .327   2.07   .319   .011   1
 546 m8_303me 1381 1696    316     10      0    .665    .32   1.33   .238   .841   .376   2.11   .359  -.006   1
 547 m8_305me 1027 1416    390     13      0    .715    .43   1.09   .166   .783   .197   1.57   .189   .005   1
 548 m8_306me 1402 1789    388     13      0    .656    .37   1.04   .197   .724   .329   2.12   .324   .009   1
 549 m8_308me  988 1290    303     10      0    .658    .44   2.06   .270   .866   .241   1.68   .241   .028   1
 550 m8_309me 1485 1780    296     10      0    .699    .52   1.23   .260   .771   .309   1.86   .286  -.014   3
 551 m8_310me  917 1111    195      6      0    .671    .46   1.17   .210   .670   .319   2.02   .318   .018   1
 552 m8_312me  362  475    114      3      0    .681    .54    .96   .167   .581   .241   1.60   .222   .004   2
 553 m8_315me  272  518    247      8      0    .697    .65   1.54   .269   .722   .243   1.65   .218  -.006   1
 554 m8_316    301  501    201      6      0    .619    .51   1.39   .220   .752   .247   1.76   .239  -.007   2
 555 m8_317me  275  486    212      6      0    .733    .55   1.78   .304   .797   .259   1.65   .245  -.005   1
 556 m8_318me  217  510    294     10      0    .706    .35   1.11   .200   .804   .270   1.74   .259  -.018   3
 557 m8_320me   90  271    182      5      1    .556   1.37   3.17   .589   .741   .281   1.96   .281  -.005   1
 558 m8_321me 1462 1770    309     10      0    .704    .39   1.30   .245   .760   .342   2.03   .307  -.005   3
 559 m8_322me 1051 1533    483     17      0    .734    .24   1.22   .229   .826   .429   2.43   .386  -.007   1
 560 m8_323me 1078 1533    456     16      0    .644    .42   1.69   .264   .900   .241   1.76   .227   .007   3
 561 m8_324me  869 1422    554     20      0    .626    .27    .96   .147   .794   .322   1.93   .297   .013   3
 562 m8_325    932 1186    255      8      0    .610    .54   1.35   .261   .817   .259   1.70   .231   .015   0
 563 m8_326me  745 1001    257      9      0    .654    .52   1.55   .280   .780   .288   1.94   .295  -.006   1
 564 m8_cm_me 1000 1653    654     24      0    .717    .30   1.08   .157   .737   .332   2.04   .299  -.001   3
 565 m8_st1me 1096 1698    603     22      0    .601    .30    .90   .145   .627   .365   2.09   .334   .012   1
 566 m8_xxxme 1047 1775    729     28      0    .734    .41   2.07   .245   .841   .269   2.00   .267  -.004   2
 567 st8_02me  965 1430    466     17      0    .631    .41   1.52   .305   .878   .315   1.85   .294   .028   1
 568 st8_03me  974 1605    632     24      0    .646    .31   1.14   .192   .813   .343   1.95   .312   .003   1
 569 st8_05me  846 1319    474     17      0    .661    .28   1.96   .258   .873   .312   1.96   .304   .027   1
 570 st8_06me  963 1280    318     11      0    .709    .33   1.27   .152   .762   .266   1.90   .271   .001   1
 571 st8_08    957 1123    167      4      0    .637    .87   2.02   .307   .573   .276   1.82   .246  -.006   1
 572 st8_09me  960 1818    859     32      2    .638    .34    .97   .165   .731   .312   1.81   .286   .008   1
 573 st8_10me 1008 1379    372     13      0    .716    .51   1.29   .250   .850   .230   1.77   .219   .010   1
 574 st8_11   1405 1567    163      4      0    .657    .76   1.82   .359   .712   .314   1.97   .300  -.007   3
 575 st8_12me  993 1213    221      7      0    .626    .41    .79   .136   .587   .261   1.66   .250   .022   1
 576 st8_13me 1425 1709    285      9      0    .619    .26    .99   .197   .914   .289   1.72   .271  -.003   1
 577 st8_14    144  531    388     14      0    .614    .25    .88   .162   .776   .315   1.89   .301  -.004   3
 578 st8_15me  501 1136    636     23      0    .715    .27   1.19   .198   .865   .326   1.79   .285  -.001   2
 579 st8_16me 1006 1364    359     12      0    .664    .50   1.41   .204   .685   .259   1.87   .261  -.014   1
 580 st8_18    938 1164    227      7      0    .558    .49   1.23   .204   .772   .231   1.61   .227   .002   1
 581 m9_01     669 1068    400     14      0    .719    .39    .93   .170   .665   .304   2.13   .291  -.010   1
 582 m9_02me   806 1151    346     12      0    .590    .31    .95   .157   .681   .345   1.89   .336   .019   1
 583 m9_03     819  954    136      4      0    .611    .62   1.65   .333   .739   .332   2.03   .324   .013   2
 584 m9_04me   750  960    211      6      0    .545    .79   1.77   .344   .726   .275   1.77   .262   .003   2
 585 m9_05     759  907    149      4      0    .674    .89   1.83   .358   .713   .276   1.66   .264   .048   1
 586 m9_06me   754  966    213      6      0    .641    .56   1.60   .317   .686   .410   2.57   .359   .009   1
 587 m9_07me   885 1355    471     17      0    .684    .34   1.34   .290   .846   .394   3.15   .366   .015   1
 588 m9_08me   665 1224    560     21      0    .607    .30   1.00   .163   .734   .335   2.28   .336  -.000   2
 589 m9_10me   709 1106    398     14      0    .714    .23    .82   .150   .679   .488   2.75   .450   .004   1
 590 m9_12me   104  269    166      4      0    .748    .88   1.63   .259   .692   .198   1.60   .203  -.006   3
 591 m9_14_me  227  350    124      3      0    .622   1.19   3.62   .680   .736   .368   1.86   .318   .052   2
 592 m9_15me   197  421    225      7      0    .616    .85   2.79   .546   .801   .331   2.27   .332   .006   3
 593 m9_16_me  956 1281    326     11      3    .519    .33   1.35   .185   .673   .338   2.11   .322   .011   1
 594 m9_17     733  853    121      3      0    .658   1.29   2.69   .549   .623   .277   2.00   .305  -.001   1
 595 m9_18_me 1031 1254    224      7      0    .757    .37   1.56   .259   .848   .332   1.89   .320   .014   1
 596 m9_19_me  148  438    291      9      0    .727    .29   1.29   .178   .789   .308   1.78   .273  -.000   3
 597 m9_20_me  831 1254    424     15      0    .695    .40   1.92   .396   .894   .341   1.91   .306  -.006   3
 598 m9_21me   835 1019    185      5      0    .583    .48   1.80   .360   .857   .354   1.99   .322  -.010   1
 599 m9_22me   830 1091    262      8      0    .595    .49   2.56   .419   .877   .306   1.95   .296  -.010   1
 600 m9_23     912 1116    205      6      0    .672    .64   1.75   .357   .788   .283   1.67   .248   .008   1
 601 m9_24me    82  170     89      1      0    .527   1.05   1.79   .290   .504   .222   1.36   .188   .039   0
 602 m9_27me   633  899    267      9      0    .625    .26    .75   .163   .824   .356   2.00   .337  -.010   1
 603 m9_30me   886 1377    492     18      1    .606    .23   1.40   .198   .798   .468   2.52   .406  -.008   3
 604 m9_31    1136 1360    225      7      1    .581    .23    .84   .167   .844   .335   2.26   .320   .002   1
 605 m9_32me   923 1561    639     24      0    .685    .21    .69   .120   .720   .344   2.23   .329  -.000   1
 606 m9_34me   872 1164    293     10      1    .654    .36   1.16   .189   .712   .307   2.04   .303  -.006   1
 607 m9_35     946 1258    313     11      0    .640    .47   1.18   .205   .703   .285   1.77   .284   .023   1
 608 m9_42    1090 1659    570     21      0    .693    .24   1.41   .227   .874   .422   2.28   .353  -.001   3
 609 m9_44me  1087 1543    457     16      0    .674    .21   1.24   .192   .851   .447   2.49   .382   .005   1
 610 m9_45me  1445 1680    236      8      0    .644    .69   1.83   .417   .826   .332   2.00   .295   .015   3
 611 m9_46me  1062 1210    149      4      0    .617    .49   1.07   .207   .672   .289   2.03   .280   .008   1
 612 m9_47me  -359  258    618      8      0    .614    .24    .74   .122   .747   .316   1.93   .303  -.001   2
 613 m9_48me  1080 1549    470     17      0    .565    .18    .59   .104   .747   .361   2.19   .338   .015   1
 614 m9_49me   267  420    154      4      0    .717    .46   1.76   .265   .752   .321   2.04   .311   .033   1
 615 m9_not_m  785  933    149      4      0    .677    .54   1.29   .281   .760   .329   1.87   .322  -.013   2
 616 m9_xy_me  131  449    319     11      1    .602    .51   1.91   .302   .820   .313   1.97   .309   .011   1
 617 m9_y_me  1034 1233    200      6      0    .630    .64   1.62   .312   .697   .354   2.39   .336   .031   1
 618 dr_00me   795 1308    514     19      0    .697    .31   1.32   .215   .783   .355   2.09   .332   .011   1
 619 dr_01_1m 1182 1552    371     13      0    .566    .41    .96   .171   .709   .265   1.87   .251  -.001   3
 620 dr_01_2m 1220 1583    364     13      1    .499    .56   2.29   .448   .899   .310   1.89   .300   .016   1
 621 dr_01_3  1517 1631    115      3      0    .599    .33   1.31   .305   .787   .400   2.31   .391  -.028   1
 622 dr_01me  1639 1802    164      5      0    .608    .69   1.29   .221   .551   .266   1.66   .249  -.007   1
 623 dr_02me   965 1301    337     12      1    .536    .64   2.99   .552   .738   .435   2.37   .406   .005   1
 624 dr_03    1334 1546    213      6      0    .593    .48   1.49   .254   .616   .360   2.01   .338   .002   3
 625 dr_04    1071 1200    130      4      0    .687    .80   2.23   .453   .788   .319   1.71   .282  -.009   2
 626 dr_05me  1472 1814    343     12      0    .742    .34   1.37   .293   .885   .349   1.96   .310   .010   1
 627 dr_06    1670 1785    116      3      0    .515    .61   1.29   .297   .691   .356   2.06   .338   .030   1
 628 dr_07b   1518 1632    115      3      0    .577    .33   1.31   .296   .769   .470   2.46   .415  -.026   1
 629 dr_09me  1471 1721    251                          .45   1.93   .401   .874   .395                         
 630 dr_10_me 1013 1271    259      8      0    .734    .39   1.17   .232   .821   .336   1.99   .322   .013   1
 631 dr_12me  1383 1777    395     14      0    .750    .20    .71   .110   .595   .437   2.00   .377   .000   1
 632 dr_15    1496 1645    150      4      0    .719    .58   2.23   .337   .739   .342   1.87   .332  -.023   1
 633 dr_17me  1282 1528    247      8      0    .593    .45   2.68   .395   .864   .301   1.78   .297   .020   1
 634 dr_19me  1204 1530    327     11      0    .563    .43   1.29   .234   .639   .326   2.39   .324  -.020   1
 635 dr_20me  1266 1644    379     13      0    .744    .41   1.23   .236   .758   .350   2.20   .329   .000   1
 636 dr_22me  1261 1629    369     13      0    .614    .20    .76   .107   .556   .459   2.60   .404   .015   1
 637 dr_23    1186 1610    425     15      0    .560    .20    .52   .090   .678   .325   2.17   .311  -.010   1
 638 dr_24me  1068 1570    503     18      0    .676    .27   1.35   .241   .895   .343   2.08   .305  -.005   2
 639 dr_25me  1533 1744    212      6      0    .626    .60   1.82   .423   .894   .291   1.76   .277  -.005   3
 640 dr_26    1286 1583    298     10      0    .734    .34   1.04   .164   .612   .344   2.19   .326   .004   3
 641 dr_27    1252 1535    284      9      0    .675    .24    .92   .171   .831   .375   2.37   .354   .006   1
 642 dr_28me  1203 1385    183      5      0    .561    .26   1.07   .212   .901   .293   1.75   .286  -.021   1
 643 dr_30    1584 1966    383     13      4    .373    .32   1.58   .297   .866   .475   2.58   .438  -.009   1
 644 dr_31    1089 1218    130      3      0    .599    .66   2.26   .454   .819   .328   1.68   .290   .016   1
 645 dr_32me  1302 1704    403     14      0    .670    .29   1.32   .259   .846   .451   2.25   .394   .010   1
 646 dr_33me  1482 1706    225      7      0    .603    .54   1.82   .386   .897   .266   1.62   .244   .017   3
 647 dr_34me  1326 1764    439     15      0    .638    .46   1.57   .300   .759   .431   2.17   .374   .002   3
 648 dr_35me  1309 1651    343     12      2    .570    .24    .62   .117   .600   .396   2.43   .355  -.019   1
 649 dr_36    1216 1560    345     12      0    .706    .28   1.04   .195   .792   .467   2.17   .400   .001   1
 650 dr_37    1003 1180    178      5      0    .659    .45    .96   .175   .577   .287   1.82   .281   .006   3
 651 dr_38me   973 1339    367     13      1    .590    .44   2.00   .298   .835   .412   2.52   .373   .021   1
 652 dr_39     967 1209    243      8      0    .668    .56   2.28   .344   .808   .316   1.76   .299   .009   2
 653 dr_40    1150 1372    223      6      0    .507    .28   1.09   .212   .868   .365   1.93   .335   .029   1
 654 dr_41me  1061 1587    527     19      0    .670    .16    .84   .121   .781   .419   2.44   .364  -.003   1
 655 dr_42me  1120 1686    567     21      0    .583    .22    .85   .139   .786   .367   2.29   .350   .001   3
 656 dr_43me  1462 1552     91      2      0    .730    .74   1.66   .330   .658   .319   1.74   .292   .083   1
 657 dr_44_   1509 1808    300     10      0    .679    .47   1.67   .295   .757   .309   2.00   .303  -.007   2
 --- -------- ---------  -----  -----  -----   ------ -----  -----  -----  -----  -----  -----  -----  -----  --
 Total or mean:         233137   7982    107    .644    .37   5.32   .223   .763   .339   3.63   .311   .002

 DATA CHECKS (rwl.check): russ246
-----------------------------------------------------------------------------------------------------------------------------------
 rwl.check: data_files/treering/measurements/asia/russ246.rwl
 657 series, 233137 measurements, -359-2011, 0.01 mm precision
 0 error(s), 1 warning(s), 41 note(s)
 -------------
 WARNING
   RWL_HEADER_SPAN (1)
     the header declares 359-2011 but the measurements cover -359-2011
 41 note(s) not shown; see rwl.check() or the 'check' element of this report.

 NOTES
-----------------------------------------------------------------------------------------------------------------------------------
 Report generated using dplR 1.8.1 (R 4.5.2) on 2026-10-01 16:49 PDT.
 Measurement file russ246.rwl, MD5 a820e862d44bc2ca0e9927d59c2d1f75.
 Filtering: each series divided by a 32-year smoothing spline (caps()), then prewhitened with
   an AR model (order by AIC, at most 3).
 Master: biweight robust mean of the other series (leave-one-out).
 Correlation: Pearson, one-tailed, pcrit = 0.01; critical r = 0.3281 for 50-year segments.
 Segments: 50 years, lagged 25, first segment floored to 100. Lags searched: +/- 10 years.
 A segment is tested only where the series and the master cover all of it, at the dated
   position and at every lag. COFECHA also tests partial segments at the ends of a series, so
   series here may show fewer segments, and no flags can be raised at the ends of the record.
 Lags follow COFECHA: negative means rings are probably missing from the series, positive means
   false rings. A missing ring carries its lag into every segment before it, so look where the
   lag changes along a series. A B flag is a hypothesis to check on the wood; the gain says how
   seriously to take it.
 A B flag marked "weak at every lag" correlates under the critical value even at its best lag:
   the segment is weak wherever it is placed, and the shift is not evidence of a dating error.
   Treat it as a low correlation, like an A.
 Averages in the summary and the totals are weighted by the number of years in each series, as
   COFECHA's are.
 Unfiltered block and mean sensitivity: the measurements as read, and sens1().
 dplR filtered block: the series that was correlated, after filtering. COFECHA's filtered
   series is defined differently, so these three columns are not COFECHA's numbers.
 AR: order of the AR model used to prewhiten.
 Left out of the crossdating: the 'nyrs' spline for series dr_09me is not all positive, so
   dividing by it would give negative or infinite indices. Remove the series, or detrend the
   data yourself with detrend() and pass the indices with 'nyrs = NULL'
