
 COFECHA-style crossdating report: russ223
 Report generated using dplR 1.8.1 (R 4.5.2) on 2026-10-01 16:54 PDT
 Built with dplR's xdate.report(), not COFECHA; see the notes at the end.


      Measurement file name  : russ223.rwl
      MD5 of measurement file: 54b35eb5d76ced3a8f8b91320aa280f4
      Date checked           : 01OCT26
      Beginning year         : -764
      Ending year            : 2005
      Principal investigators: Hantemirov, R.M.; Shiyatov, S.G.; Surkov, A.; Gorlanova, L.
      Site name              : Yamal
      Species information    : LASI Larix sibirica Ledeb. = Larix russica (Endl.) Sabine ex Trautv.
      Latitude               : 67.5000 N
      Longitude              : 70.0000 E
      Elevation              : 30 m

      Series intercorrelation: 0.760
      Avg mean sensitivity   : 0.455
      Avg standard deviation : 0.446
      Avg autocorrelation    : 0.702
      Number dated series    : 615
      Series crossdated      : 614
      Segment length tested  : 50

      Number problem segments: 1  (A 0, B 1)
      Pct problem segments   : 0.04


 CORRELATION OF SERIES BY SEGMENTS: russ223
-----------------------------------------------------------------------------------------------------------------------------------
 Correlations of  50-year dated segments, lagged  25 years
 Flags:  A = correlation under   .3281 but highest as dated;  B = correlation higher at other than dated position

 Seq Series  Time_span  -700 -675 -650 -625 -600 -575 -550 -525 -500 -475 -450 -425 -400 -375 -350 -325 -300 -275 -250 -225 
                        -651 -626 -601 -576 -551 -526 -501 -476 -451 -426 -401 -376 -351 -326 -301 -276 -251 -226 -201 -176 
 --- -------- ---------  ---- ---- ---- ---- ---- ---- ---- ---- ---- ---- ---- ---- ---- ---- ---- ---- ---- ---- ---- ---- 
 383 L00601   -545 -319                                     .87  .89  .89  .90  .88  .84  .73                               
 397 L02191   -645 -473                 .85  .88  .81  .73  .80                                                             
 407 L04341   -585 -313                           .80  .82  .82  .85  .86  .70  .71  .78  .76                               
 414 L04531   -403 -270                                                              .69  .72  .74  .62                     
 460 L11671   -293 -204                                                                                       .84           
 467 L12281   -560 -434                                .72  .75  .86                                                        
 469 L12321   -233  -99                                                                                                 .75 
 470 L12331   -348 -122                                                                             .66  .66  .68  .76  .82 
 471 L12571   -312  -14                                                                                  .68  .68  .63  .62 
 489 L13681   -327  -65                                                                                  .77  .81  .79  .80 
 490 L13701   -652 -555                 .82                                                                                 
 491 L13711   -685 -553       .79  .85  .90                                                                                 
 492 L13721   -687 -536       .76  .85  .87  .82                                                                            
 493 L13731   -688 -533       .76  .78  .85  .90                                                                            
 498 L15941   -327 -199                                                                             .78  .76  .73  .75      
 501 L16141   -764 -651  .74                                                                                                
 507 L17771   -690 -541       .51  .71  .72  .79                                                                            
 519 L19021   -692 -550       .72  .71  .75  .78                                                                            
 526 L19341   -334 -253                                                                             .87                     
 529 L20351   -652 -547                 .82  .89                                                                            
 530 L20521   -252 -140                                                                                            .51  .48 
 533 L20701   -530 -451                                     .78  .76                                                        
 542 L21901   -570 -396                                .82  .85  .87  .82  .83                                              
 550 L26311   -638 -553                 .83                                                                                 
 562 L26511   -307 -206                                                                                  .69  .71           
 563 L26781   -546 -448                                     .86  .84                                                        
 568 L26891   -283 -163                                                                                       .72  .68  .55 
 579 L27321   -760 -557  .65  .78  .84  .83                                                                                 
 604 L32431   -518 -350                                          .85  .83  .86  .85  .73                                    
 605 L32471   -585 -352                           .71  .71  .75  .74  .76  .76  .74                                         
 608 L33442   -492 -310                                               .52  .71  .75  .80  .83                               
 615 L36061   -228  -59                                                                                                 .69 
 Av segment correlation  .70  .72  .79  .82  .84  .78  .76  .81  .83  .78  .79  .79  .77  .76  .74  .73  .71  .74  .69  .67 

 CORRELATION OF SERIES BY SEGMENTS: russ223
-----------------------------------------------------------------------------------------------------------------------------------
 Correlations of  50-year dated segments, lagged  25 years
 Flags:  A = correlation under   .3281 but highest as dated;  B = correlation higher at other than dated position

 Seq Series  Time_span  -200 -175 -150 -125 -100  -75  -50  -25    0   25   50   75  100  125  150  175  200  225  250  275 
                        -151 -126 -101  -76  -51  -26   -1   24   49   74   99  124  149  174  199  224  249  274  299  324 
 --- -------- ---------  ---- ---- ---- ---- ---- ---- ---- ---- ---- ---- ---- ---- ---- ---- ---- ---- ---- ---- ---- ---- 
 381 L00151   -167   19            .66  .70  .74  .71  .71                                                                  
 384 L00701    183  333                                                                                  .56  .82  .83  .72 
 385 L00751     60  216                                                         .60  .75  .83  .78                          
 388 L01031   -174   69            .77  .75  .81  .84  .84  .74  .75                                                        
 399 L02281     43  158                                                    .81  .52  .56                                    
 424 L08001     43  261                                                    .49  .64  .83  .84  .80  .73  .72                
 425 L08111    -96   79                           .71  .76  .75  .81  .81                                                   
 430 L08431    157  241                                                                             .79                     
 431 L08621     94  167                                                              .74                                    
 432 L08631    -68  169                                .58  .54  .68  .67  .62  .75  .75                                    
 433 L08641     -3  157                                          .64  .66  .72  .68  .59                                    
 435 L08661     62  167                                                         .83  .81                                    
 436 L08671     74  167                                                         .75  .84                                    
 437 L08681     56  163                                                         .83  .85                                    
 438 L08691     68  163                                                         .74  .84                                    
 451 L09081     -7  199                                          .73  .73  .84  .86  .81  .85  .85                          
 455 L11521    101  301                                                                   .90  .92  .86  .82  .85  .79      
 456 L11531    134  301                                                                        .78  .74  .74  .78  .84      
 457 L11632   -202  138  .74  .80  .77  .74  .73  .78  .76  .77  .79  .83  .91  .79                                         
 459 L11651    193  545                                                                                  .73  .77  .77  .67 
 469 L12321   -233  -99  .79  .75  .77                                                                                      
 470 L12331   -348 -122  .83  .80                                                                                           
 471 L12571   -312  -14  .79  .75  .68  .73  .76  .84                                                                       
 476 L13351    -77   78                           .80  .83  .83  .83  .81                                                   
 477 L13371     86  341                                                              .82  .86  .87  .79  .74  .88  .85  .65 
 478 L13391    198  413                                                                                  .79  .77  .73  .62 
 479 L13401    118  252                                                                   .81  .84  .78  .78                
 480 L13411     94  248                                                              .75  .78  .79  .79                     
 481 L13421    101  247                                                                   .78  .79  .69                     
 482 L13431     98  248                                                                   .73  .60  .54                     
 483 L13441    113  230                                                                   .85  .84  .85                     
 484 L13551    121  288                                                                   .82  .78  .74  .72  .76           
 486 L13571    122  280                                                                   .78  .85  .81  .80  .86           
 489 L13681   -327  -65  .88  .81  .83  .86                                                                                 
 494 L14741     76  176                                                              .69  .70                               
 495 L15031    -18  161                                          .84  .85  .79  .75  .76                                    
 502 L16811    -49  130                                     .74  .80  .75  .71  .69                                         
 505 L17681    -69  195                                .81  .82  .84  .87  .90  .84  .77  .81                               
 511 L18861    118  210                                                                   .71  .58                          
 515 L18921     42  161                                                    .76  .80  .80                                    
 517 L19001    -14  171                                          .86  .88  .87  .84  .80                                    
 521 L19221    116  273                                                                   .74  .64  .57  .52                
 523 L19241     29  219                                                    .80  .84  .86  .83  .84                          
 530 L20521   -252 -140  .75                                                                                                
 543 L21981    235  327                                                                                            .88  .78 
 544 L21991    233  327                                                                                            .86  .82 
 545 L22041    100  189                                                                   .84                               
 546 L26181    207  387                                                                                       .77  .77  .68 
 547 L26221    194  348                                                                                  .84  .89  .89  .85 
 548 L26261     72  178                                                         .67  .75  .80                               
 549 L26271    182  348                                                                                  .82  .81  .73  .70 
 551 L26321     61  270                                                         .58  .74  .75  .75  .74  .78                
 552 L26331    119  300                                                                   .62  .78  .75  .74  .79  .77      
 553 L26341     78  301                                                              .77  .82  .82  .77  .79  .78  .81      
 555 L26361   -105   80                      .85  .80  .79  .85  .85  .83                                                   
 559 L26471    100  300                                                                   .65  .67  .70  .71  .76  .65      
 560 L26481     58  253                                                         .77  .78  .80  .78  .84  .90                
 564 L26791    163  473                                                                             .78  .86  .85  .84  .72 
 566 L26861    123  325                                                                   .56  .69  .72  .75  .87  .74  .46 
 567 L26871     83  270                                                              .74  .83  .85  .83  .81                
 571 L27001     36  210                                                    .88  .78  .75  .83  .77                          
 572 L27011     52  207                                                         .80  .74  .78  .81                          
 573 L27021    -91   51                           .87  .85  .78  .76                                                        
 580 L27371    -88   46                           .83  .84  .83                                                             
 581 L27381   -121   11                      .73  .76  .79                                                                  
 582 L27391    133  240                                                                        .59  .59                     
 584 L27431    223  302                                                                                       .75  .78      
 591 L29282    162  299                                                                             .76  .81  .83  .69      
 594 L30331     76  203                                                              .81  .91  .87                          
 596 L30541     55  195                                                         .68  .73  .72                               
 597 L31781     57  157                                                         .80  .77                                    
 598 L31791     58  157                                                         .72  .85                                    
 599 L31801     67  166                                                         .81  .85                                    
 600 L31811     18  153                                               .66  .73  .82  .79                                    
 601 L31821     12  150                                               .87  .84  .71  .74                                    
 606 L33341    171  274                                                                             .83  .83  .80           
 609 L33471    179  369                                                                                  .62  .81  .81  .56 
 613 L35492   -169  -62            .71  .79                                                                                 
 615 L36061   -228  -59  .70  .64  .71  .79                                                                                 
 Av segment correlation  .78  .76  .74  .76  .77  .79  .78  .76  .78  .79  .78  .75  .77  .78  .77  .75  .76  .81  .79  .69 

 CORRELATION OF SERIES BY SEGMENTS: russ223
-----------------------------------------------------------------------------------------------------------------------------------
 Correlations of  50-year dated segments, lagged  25 years
 Flags:  A = correlation under   .3281 but highest as dated;  B = correlation higher at other than dated position

 Seq Series  Time_span   300  325  350  375  400  425  450  475  500  525  550  575  600  625  650  675  700  725  750  775 
                         349  374  399  424  449  474  499  524  549  574  599  624  649  674  699  724  749  774  799  824 
 --- -------- ---------  ---- ---- ---- ---- ---- ---- ---- ---- ---- ---- ---- ---- ---- ---- ---- ---- ---- ---- ---- ---- 
 382 L00191    342  530            .61  .78  .86  .81  .70  .68                                                             
 386 L00901    521  771                                               .73  .75  .80  .81  .77  .78  .83  .82                
 389 L01041    531  804                                                    .83  .80  .79  .71  .66  .77  .79  .77  .78      
 390 L01111    684  902                                                                                  .78  .85  .82  .79 
 391 L01141    712  895                                                                                       .77  .50  .41 
 394 L01181    644  896                                                                        .62  .70  .72  .78  .77  .80 
 395 L01311    751  950                                                                                                 .85 
 396 L01431    761  902                                                                                                 .78 
 398 L02231    592  707                                                              .63  .77  .83                          
 400 L02291    727  845                                                                                            .87  .59 
 401 L03881    500  616                                               .69  .79                                              
 402 L04191    402  595                           .77  .73  .72  .77  .77                                                   
 403 L04201    455  608                                     .90  .89  .89  .88                                              
 404 L04211    403  535                           .67  .68  .71                                                             
 405 L04221    417  622                           .79  .81  .85  .83  .82  .84                                              
 409 L04401    588  735                                                              .79  .78  .80  .85                     
 410 L04431    521  601                                               .59  .69                                              
 411 L04441    526  603                                                    .57                                              
 413 L04491    658  731                                                                             .78                     
 416 L05771    635  755                                                                        .79  .87  .90                
 417 L05791    543  680                                                    .79  .81  .81  .78                               
 418 L05811    415  690                           .84  .80  .81  .83  .76  .75  .86  .89  .89                               
 419 L05901    550  678                                                         .83  .82  .71                               
 420 L05911    567  674                                                         .81  .82  .86                               
 421 L05921    558  677                                                         .85  .87  .78                               
 422 L05941    344  595            .81  .76  .76  .82  .85  .84  .72  .75                                                   
 423 L07571    603  719                                                                   .76  .78                          
 426 L08131    300  390       .59                                                                                           
 427 L08271    703  846                                                                                       .66  .73  .76 
 428 L08281    703  845                                                                                       .76  .77  .81 
 429 L08421    433  564                                .71  .73  .82                                                        
 439 L08701    589  704                                                              .77  .78  .77                          
 440 L08711    654  755                                                                             .83  .84                
 441 L08721    586  679                                                              .91  .85                               
 442 L08741    589  678                                                              .76  .75                               
 444 L08781    725  930                                                                                            .82  .81 
 445 L08801    753  936                                                                                                 .86 
 447 L08821    741  954                                                                                            .41  .68 
 448 L08831    738  954                                                                                            .76  .81 
 450 L09071    747  905                                                                                            .88  .87 
 452 L09101    556  677                                                         .87  .88  .88                               
 453 L09271    755  937                                                                                                 .68 
 458 L11641    737  909                                                                                            .74  .79 
 459 L11651    193  545  .82  .81  .80  .74  .74  .78  .67  .67                                                             
 462 L11731    454  629                                     .69  .57  .59  .59  .70                                         
 463 L11741    490  635                                          .69  .75  .79  .80                                         
 464 L11781    660  748                                                                             .79                     
 468 L12312    348  584            .82  .80  .80  .83  .85  .82  .83  .81                                                   
 472 L13191    477  589                                          .85  .86                                                   
 474 L13271    768  931                                                                                                 .85 
 475 L13321    454  560                                     .77  .84                                                        
 478 L13391    198  413  .81  .80  .74                                                                                      
 487 L13581    294  406  .75  .84  .81                                                                                      
 488 L13621    531  651                                                    .81  .79  .78                                    
 497 L15081    742 1017                                                                                            .73  .76 
 503 L17181    720  803                                                                                       .70  .69      
 504 L17651    446  564                                .73  .76  .85                                                        
 509 L17811    702  827                                                                                       .79  .82  .89 
 512 L18881    668  756                                                                             .86  .88                
 514 L18901    501  817                                               .89  .89  .84  .85  .84  .86  .89  .81  .83  .86      
 516 L18991    575  769                                                              .74  .79  .76  .74  .73                
 518 L19011    763  905                                                                                                 .83 
 520 L19211    762  927                                                                                                 .69 
 522 L19231    751  925                                                                                                 .93 
 524 L19311    559  770                                                         .88  .84  .79  .81  .86  .85                
 527 L19351    607  809                                                                   .76  .84  .82  .79  .86  .79      
 528 L19411    302  461       .74  .70  .71  .71                                                                            
 531 L20621    278  361  .68                                                                                                
 534 L20741    445  676                                .77  .73  .66  .69  .76  .81  .77  .79                               
 537 L20891    765  893                                                                                                 .88 
 538 L20931    754  908                                                                                                 .87 
 539 L21741    530  705                                                    .81  .86  .78  .75  .79                          
 540 L21781    643  715                                                                        .77                          
 546 L26181    207  387  .78  .77                                                                                           
 556 L26371    318  425       .75  .75  .74                                                                                 
 557 L26431    687  907                                                                                  .81  .85  .79  .78 
 558 L26461    416  634                           .69  .78  .83  .80  .82  .78  .78                                         
 561 L26501    444  550                                .81  .80  .83                                                        
 564 L26791    163  473  .77  .83  .78  .49  .44                                                                            
 565 L26851    288  457  .69  .73  .79  .83  .80                                                                            
 569 L26901    734  830                                                                                            .81  .88 
 575 L27101    551  690                                                         .75  .75  .82                               
 576 L27221    403  595                           .80  .79  .78  .68  .69                                                   
 577 L27231    744 1009                                                                                            .85  .83 
 578 L27311    718  903                                                                                       .77  .77  .88 
 586 L27521    544  760                                                    .79  .71  .72  .77  .78  .75  .68                
 587 L27531    569  761                                                         .72  .80  .81  .82  .85  .83                
 589 L27571    492  614                                          .62  .76  .74                                              
 592 L29451    569  769                                                         .87  .85  .77  .80  .90  .83                
 607 L33372    324  608       .65  .81  .88  .84  .85  .66  .63  .69  .79  .80                                              
 609 L33471    179  369  .69                                                                                                
 611 L33951    585  782                                                              .85  .87  .79  .81  .65  .47           
 612 L34931    578  807                                                              .80  .77  .76  .81  .79  .61  .62      
 614 L35651    636  718                                                                        .70                          
 Av segment correlation  .75  .75  .77  .75  .74  .79  .76  .76  .76  .76  .77  .81  .80  .79  .78  .82  .79  .75  .75  .79 

 CORRELATION OF SERIES BY SEGMENTS: russ223
-----------------------------------------------------------------------------------------------------------------------------------
 Correlations of  50-year dated segments, lagged  25 years
 Flags:  A = correlation under   .3281 but highest as dated;  B = correlation higher at other than dated position

 Seq Series  Time_span   800  825  850  875  900  925  950  975 1000 1025 1050 1075 1100 1125 1150 1175 1200 1225 1250 1275 
                         849  874  899  924  949  974  999 1024 1049 1074 1099 1124 1149 1174 1199 1224 1249 1274 1299 1324 
 --- -------- ---------  ---- ---- ---- ---- ---- ---- ---- ---- ---- ---- ---- ---- ---- ---- ---- ---- ---- ---- ---- ---- 
 159 L00921   1154 1324                                                                             .72  .76  .78  .76  .81 
 160 L0093A   1256 1341                                                                                                 .66 
 162 L00941   1034 1182                                                    .74  .77  .82  .82                               
 163 L00951   1023 1176                                               .80  .86  .85  .81  .84                               
 164 L00961   1092 1187                                                              .82  .87                               
 165 L00971   1083 1188                                                              .67  .76                               
 166 L00991   1035 1146                                                    .84  .77                                         
 182 L01361    958 1087                                     .66  .65  .66                                                   
 183 L01371    950 1041                                     .67                                                             
 184 L01381    921 1096                           .75  .79  .84  .83  .82                                                   
 185 L01391    970 1104                                     .86  .77  .74  .80                                              
 186 L01401    933 1098                                .85  .83  .86  .80                                                   
 187 L01411   1004 1091                                               .73                                                   
 188 L01421    937 1092                                .89  .87  .76  .78                                                   
 189 L01461   1018 1152                                               .76  .86  .81  .73                                    
 190 L01471   1033 1131                                                    .83  .71                                         
 191 L02311   1087 1249                                                              .87  .88  .84  .71  .66                
 193 L02331   1267 1446                                                                                                 .58 
 203 L04121    894 1021                      .82  .85  .86                                                                  
 204 L04371   1083 1287                                                              .75  .74  .79  .78  .82  .86           
 208 L04471   1215 1570                                                                                       .82  .82  .84 
 209 L04481    970 1120                                     .69  .80  .85  .87                                              
 212 L04581   1064 1346                                                         .73  .69  .83  .85  .73  .67  .65  .79  .85 
 213 L04591    932 1093                                .80  .85  .84  .66                                                   
 214 L05481   1203 1321                                                                                       .81  .81      
 215 L05631    936 1068                                .87  .85  .84                                                        
 217 L05731   1014 1172                                               .84  .80  .79  .76                                    
 221 L06051   1089 1295                                                              .87  .86  .82  .76  .75  .74           
 225 L07511   1165 1311                                                                             .70  .83  .86  .86      
 226 L07981   1132 1326                                                                        .84  .75  .75  .78  .71  .71 
 228 L08791   1060 1168                                                         .80  .78                                    
 229 L09211    896 1139                      .87  .91  .84  .82  .87  .87  .84  .89                                         
 231 L11541   1087 1307                                                              .68  .49  .57  .74  .75  .63  .63      
 232 L11551   1229 1311                                                                                            .83      
 234 L11591   1154 1431                                                                             .74  .69  .75  .87  .87 
 235 L11661   1187 1377                                                                                  .77  .68  .56  .70 
 236 L11721   1254 1382                                                                                                 .75 
 237 L11761   1270 1392                                                                                                 .75 
 238 L11771   1229 1406                                                                                            .77  .74 
 239 L11831   1022 1086                                               .72                                                   
 241 L12111    928 1021                                .85                                                                  
 243 L12391   1234 1344                                                                                            .80  .75 
 244 L12411   1227 1343                                                                                            .77  .81 
 245 L12421   1265 1345                                                                                                 .85 
 246 L12431   1117 1326                                                                   .76  .70  .71  .75  .78  .89  .87 
 247 L12441   1084 1327                                                              .74  .58  .62  .62  .66  .69  .73  .80 
 248 L12451   1091 1326                                                              .72  .68  .69  .75  .78  .83  .88  .85 
 251 L12591   1045 1188                                                    .70  .72  .74  .81                               
 263 L13071    913 1087                           .82  .84  .88  .86  .87                                                   
 267 L13251   1075 1177                                                              .85  .76                               
 268 L13311   1193 1381                                                                                  .66  .80  .80  .81 
 269 L13331   1231 1376                                                                                            .74  .85 
 272 L13631   1132 1214                                                                        .64                          
 273 L13641    979 1251                                          .83  .82  .85  .86  .86  .85  .80  .72  .69                
 274 L13651   1023 1161                                               .66  .76  .73  .76                                    
 275 L13661   1023 1163                                                    .75  .77  .78                                    
 281 L15471    981 1105                                          .84  .82  .83                                              
 284 L15571    895 1015                      .81  .85  .82                                                                  
 287 L15831   1116 1207                                                                   .80  .79                          
 288 L15851   1104 1208                                                                   .88  .86                          
 290 L16001    966 1093                                     .85  .82  .77                                                   
 291 L16071    939 1017                                .79                                                                  
 292 L16081   1129 1203                                                                        .75                          
 298 L17011   1254 1406                                                                                                 .84 
 300 L19251   1267 1415                                                                                                 .77 
 301 L19261    893  992                      .82  .84                                                                       
 302 L19271    894  997                      .71  .84                                                                       
 305 L20631    891 1043                      .83  .82  .73  .73                                                             
 306 L20641    922 1042                           .77  .80  .72                                                             
 309 L20681    924 1078                           .80  .79  .67  .65  .79                                                   
 317 L21831   1244 1314                                                                                            .74      
 320 L22001   1164 1252                                                                             .72  .77                
 321 L22011   1115 1252                                                                   .84  .86  .84  .83                
 322 L22021   1094 1251                                                              .78  .78  .76  .71  .70                
 323 L22031   1195 1251                                                                                  .69                
 324 L22051   1141 1396                                                                        .78  .69  .64  .63  .77  .89 
 325 L22061   1266 1435                                                                                                 .87 
 326 L22571   1121 1301                                                                   .82  .80  .73  .76  .67  .71      
 327 L22581   1127 1305                                                                        .82  .80  .77  .77  .69      
 329 L26381   1246 1511                                                                                            .77  .78 
 337 L27181   1269 1554                                                                                                 .45 
 341 L27261    907 1077                           .66  .73  .84  .84  .78                                                   
 356 L27601   1252 1432                                                                                                 .81 
 357 L27611    889  959                      .80                                                                            
 359 L27641   1224 1398                                                                                       .82  .85  .79 
 360 L27671   1192 1417                                                                                  .64  .69  .82  .78 
 362 L27691   1248 1564                                                                                                 .62 
 364 L29421    909  993                           .77                                                                       
 371 L32021   1038 1168                                                    .84  .86  .82                                    
 373 L33491    903 1014                           .84  .85                                                                  
 374 L33841   1175 1341                                                                                  .82  .84  .81  .82 
 376 L33987   1020 1139                                               .74  .77  .79                                         
 377 L34050   1138 1260                                                                        .77  .75  .81                
 387 L00911    877 1025                      .87  .83  .81  .81                                                             
 390 L01111    684  902  .81  .79  .86                                                                                      
 391 L01141    712  895  .70  .66                                                                                           
 392 L01151    831  904            .76                                                                                      
 393 L01171    817  903       .63  .72                                                                                      
 394 L01181    644  896  .84  .75                                                                                           
 395 L01311    751  950  .85  .74  .73  .76  .78                                                                            
 396 L01431    761  902  .72  .61  .69                                                                                      
 406 L04321    872  995                 .78  .82  .85                                                                       
 408 L04351    776  956  .82  .76  .80  .85  .88                                                                            
 415 L05621    859 1030                 .86  .83  .80  .78  .77                                                             
 444 L08781    725  930  .81  .74  .82  .84                                                                                 
 445 L08801    753  936  .89  .81  .75  .77                                                                                 
 446 L08811    776  940  .87  .82  .87  .92                                                                                 
 447 L08821    741  954  .85  .70  .62  .71  .76                                                                            
 448 L08831    738  954  .79  .80  .86  .87  .74                                                                            
 449 L08841    832  963            .74  .80  .83                                                                            
 450 L09071    747  905  .86  .70  .72                                                                                      
 453 L09271    755  937  .74  .80  .74  .68                                                                                 
 454 L09301    866 1131                 .76  .82  .87  .86  .84  .83  .84  .83  .79                                         
 458 L11641    737  909  .79  .60  .72                                                                                      
 465 L12092    835 1001            .78  .80  .76  .83  .82                                                                  
 466 L12101    777  852  .87                                                                                                
 473 L13261    778  916  .90  .82  .88                                                                                      
 474 L13271    768  931  .85  .86  .83  .81                                                                                 
 497 L15081    742 1017  .85  .79  .77  .81  .83  .84  .86                                                                  
 506 L17751    861  947                 .79                                                                                 
 510 L17991    789  901  .74  .68  .79                                                                                      
 518 L19011    763  905  .82  .60  .59                                                                                      
 520 L19211    762  927  .80  .79  .80  .80                                                                                 
 522 L19231    751  925  .92  .82  .86  .83                                                                                 
 532 L20651    785  875  .80  .73                                                                                           
 536 L20881    812  924       .75  .81  .80                                                                                 
 537 L20891    765  893  .92  .78                                                                                           
 538 L20931    754  908  .85  .72  .84                                                                                      
 541 L21821    876  950                      .83                                                                            
 557 L26431    687  907  .83  .71  .61                                                                                      
 570 L26991    868 1038                 .63  .71  .75  .78  .87                                                             
 574 L27041    786  979  .85  .70  .78  .84  .84  .85                                                                       
 577 L27231    744 1009  .82  .77  .84  .81  .78  .83  .82                                                                  
 578 L27311    718  903  .91  .75  .74                                                                                      
 583 L27421    815  907       .77  .79                                                                                      
 585 L27441    793  917  .85  .86  .85                                                                                      
 588 L27541    848  950            .83  .84  .79                                                                            
 590 L27701    878 1099                      .62  .78  .79  .83  .82  .78  .78                                              
 593 L29471    805  902       .74  .84                                                                                      
 595 L30531    874 1039                      .81  .79  .80  .82                                                             
 602 L32071    875  965                      .79                                                                            
 603 L32111    875 1062                 .85  .87  .88  .89  .87  .83                                                        
 610 L33541    864  954                 .81  .85                                                                            
 Av segment correlation  .83  .74  .78  .80  .80  .82  .82  .80  .81  .78  .81  .79  .78  .78  .77  .73  .74  .76  .78  .78 

 CORRELATION OF SERIES BY SEGMENTS: russ223
-----------------------------------------------------------------------------------------------------------------------------------
 Correlations of  50-year dated segments, lagged  25 years
 Flags:  A = correlation under   .3281 but highest as dated;  B = correlation higher at other than dated position

 Seq Series  Time_span  1300 1325 1350 1375 1400 1425 1450 1475 1500 1525 1550 1575 1600 1625 1650 1675 1700 1725 1750 1775 
                        1349 1374 1399 1424 1449 1474 1499 1524 1549 1574 1599 1624 1649 1674 1699 1724 1749 1774 1799 1824 
 --- -------- ---------  ---- ---- ---- ---- ---- ---- ---- ---- ---- ---- ---- ---- ---- ---- ---- ---- ---- ---- ---- ---- 
  14 HDT041   1742 2000                                                                                            .85  .82 
  15 HDT051   1752 2000                                                                                                 .81 
  20 HDT101   1722 2000                                                                                       .64  .75  .80 
  21 HDT121   1678 2000                                                                                  .83  .84  .85  .82 
  22 HDT141   1657 2000                                                                             .85  .80  .76  .77  .81 
  23 HDT151   1683 2000                                                                                  .71  .82  .85  .80 
  24 HDT161   1626 2000                                                                        .74  .75  .77  .77  .83  .87 
  27 HDT191   1703 2000                                                                                       .68  .76  .74 
  37 JAH081   1718 1991                                                                                       .80  .85  .79 
  43 JAH141   1662 1988                                                                             .59  .67  .77  .74  .78 
  44 JAH15M   1573 1988                                                              .81  .86  .82  .85  .82  .84  .88  .90 
  45 JAH16M   1681 1988                                                                                  .65  .75  .77  .87 
  46 JAH171   1719 1988                                                                                       .75  .78  .81 
  49 JAH211   1762 1988                                                                                                 .82 
  50 JAH221   1751 1982                                                                                                 .85 
  51 JAH231   1710 1988                                                                                       .58  .73  .85 
  58 M021     1628 1963                                                                        .61  .67  .70  .75  .83  .87 
  59 M12M     1678 1963                                                                                  .47  .48  .59  .68 
  60 M20M     1657 1963                                                                             .82  .86  .89  .90  .92 
  61 M33M     1721 1963                                                                                       .70  .81  .80 
  62 M37M     1680 1963                                                                                  .67  .67  .73  .75 
  75 POR011   1679 1994                                                                                  .72  .75  .82  .84 
  77 POR031   1683 1994                                                                                  .75  .63  .61  .74 
  79 POR051   1610 1994                                                                   .93  .79  .78  .85  .85  .85  .65 
  80 POR061   1610 1994                                                                   .75  .77  .77  .86  .86  .84  .81 
  82 POR081   1626 1994                                                                        .85  .81  .68  .68  .77  .69 
  83 POR091   1750 1994                                                                                                 .77 
  84 POR101   1650 1994                                                                             .84  .82  .81  .75  .80 
  85 POR111   1580 1994                                                              .87  .90  .88  .90  .84  .79  .82  .87 
  86 POR121   1720 1994                                                                                       .85  .85  .76 
 110 TNL141   1686 1999                                                                                  .85  .87  .87  .86 
 120 X02M     1721 1982                                                                                       .79  .87  .88 
 121 X13M     1639 1978                                                                        .79  .79  .79  .86  .86  .86 
 122 X14M     1656 1982                                                                             .77  .76  .73  .73  .62 
 123 X16M     1695 1982                                                                                  .60  .69  .74  .60 
 143 L00081   1621 1806                                                                   .85  .82  .78  .76  .79  .79      
 144 L00134   1598 1809                                                              .73  .86  .81  .77  .78  .83  .84      
 145 L00551   1670 1797                                                                             .62  .56  .70           
 146 L00571   1658 1751                                                                             .74  .73                
 147 L00581   1693 1780                                                                                  .66  .70           
 148 L00641   1670 1792                                                                             .58  .58  .75           
 149 L00651   1709 1792                                                                                       .76           
 150 L00661   1710 1812                                                                                       .61  .68      
 151 L00671   1682 1797                                                                                  .42  .47           
 152 L00681   1497 1661                                          .72  .77  .85  .85  .78                                    
 153 L00771   1711 1793                                                                                       .67           
 154 L00811   1640 1807                                                                        .75  .69  .69  .83  .80      
 155 L00821   1686 1778                                                                                  .69  .72           
 156 L00831   1651 1793                                                                             .46  .60  .77           
 157 L00861   1605 1896                                                                   .68  .54  .53  .67  .65  .64  .73 
 158 L00891   1584 1706                                                              .86  .88  .86                          
 161 L0093B   1350 1503                 .71  .75  .83  .81                                                                  
 167 L01001   1589 1810                                                              .76  .79  .73  .79  .85  .88  .84      
 169 L01051   1671 1844                                                                             .60  .73  .84  .80  .77 
 170 L01061   1657 1856                                                                             .82  .79  .78  .78  .83 
 171 L01071   1706 1849                                                                                       .79  .80  .81 
 172 L01091   1497 1689                                          .68  .71  .70  .67  .52  .52                               
 173 L01201   1632 1754                                                                        .69  .84  .83                
 174 L01231   1552 1658                                                         .59  .59                                    
 176 L01271   1773 1847                                                                                                 .81 
 177 L01281   1656 1794                                                                             .70  .75  .72           
 178 L01291   1613 1814                                                                   .88  .78  .65  .57  .78  .77      
 192 L02321   1355 1460                 .82  .86                                                                            
 193 L02331   1267 1446  .46  .49  .57  .49                                                                                 
 194 L02341   1707 1949                                                                                       .75  .88  .91 
 196 L02361   1426 1513                                .88                                                                  
 197 L02371   1420 1514                           .79  .88                                                                  
 198 L02391   1541 1773                                                    .81  .88  .92  .89  .83  .84  .86                
 199 L02401   1648 1842                                                                        .59  .63  .72  .82  .79  .80 
 205 L04381   1345 1515            .85  .86  .87  .87  .88                                                                  
 206 L04411   1325 1521            .72  .78  .83  .87  .90                                                                  
 207 L04421   1506 1668                                               .85  .86  .82  .86                                    
 208 L04471   1215 1570  .69  .69  .83  .83  .86  .87  .85  .75  .73                                                        
 210 L04521   1352 1471                 .82  .81                                                                            
 211 L04551   1495 1728                                          .59  .69  .71  .68  .71  .68  .64  .66                     
 216 L05721   1430 1696                                .70  .74  .76  .77  .83  .90  .93  .89                               
 218 L06011   1338 1471            .87  .85  .82                                                                            
 219 L06021   1374 1467                 .77  .80                                                                            
 220 L06041   1627 1811                                                                        .67  .70  .66  .56  .54      
 222 L06171   1327 1553            .72  .75  .85  .87  .88  .87  .83                                                        
 224 L07441   1577 1692                                                              .74  .73                               
 227 L08191   1567 1790                                                         .82  .86  .88  .88  .85  .81  .82           
 233 L11571   1293 1381  .78  .81                                                                                           
 234 L11591   1154 1431  .83  .85  .87  .84                                                                                 
 235 L11661   1187 1377  .77  .76                                                                                           
 236 L11721   1254 1382  .88  .88                                                                                           
 237 L11761   1270 1392  .79  .85                                                                                           
 238 L11771   1229 1406  .80  .78  .77                                                                                      
 240 L12071   1711 1796                                                                                       .68           
 242 L12121   1345 1480            .83  .82  .65  .77                                                                       
 249 L12561   1425 1521                                .90                                                                  
 252 L12601   1604 1750                                                                   .87  .89  .89  .84                
 254 L12621   1638 1984                                                                        .80  .80  .78  .81  .74  .59 
 256 L12651   1672 1957                                                                             .57  .52  .57  .55  .58 
 258 L12672   1604 1766                                                                   .89  .84  .80  .79                
 259 L13001   1587 1711                                                              .83  .79  .84                          
 260 L13011   1643 1736                                                                        .71  .72                     
 262 L13031   1646 1817                                                                        .62  .65  .76  .70  .61      
 264 L13081   1351 1491                 .79  .80  .82                                                                       
 265 L13171   1656 1811                                                                             .66  .73  .79  .75      
 266 L13181   1499 1747                                          .67  .81  .88  .90  .91  .94  .90  .87                     
 268 L13311   1193 1381  .88  .86                                                                                           
 269 L13331   1231 1376  .90  .85                                                                                           
 270 L13591   1566 1757                                                         .80  .85  .87  .87  .87  .86                
 271 L13611   1418 1608                           .79  .79  .86  .86  .86  .90                                              
 279 L14331   1662 1774                                                                             .80  .74  .70           
 282 L15511   1526 1688                                                    .82  .83  .85  .85                               
 285 L15581   1621 1728                                                                   .88  .80  .78                     
 286 L15661   1371 1509                 .72  .82  .83  .81                                                                  
 289 L15901   1367 1537                 .68  .66  .79  .82  .68                                                             
 293 L16611   1587 1690                                                              .77  .82                               
 294 L16771   1280 1418  .73  .75  .86                                                                                      
 295 L16791   1583 1696                                                              .83  .77                               
 296 L16841   1301 1502       .77  .80  .85  .89  .89  .89                                                                  
 297 L16861   1405 1485                           .92                                                                       
 298 L17011   1254 1406  .75  .71  .70                                                                                      
 300 L19251   1267 1415  .82  .87  .86                                                                                      
 303 L19301   1521 1618                                               .75  .78                                              
 307 L20661   1576 1710                                                              .79  .80  .81                          
 308 L20671   1363 1638                 .89  .81  .81  .81  .80  .82  .83  .87  .87                                         
 310 L20731   1385 1459                      .89                                                                            
 311 L20751   1291 1432  .87  .91  .91  .86                                                                                 
 312 L20771   1356 1492                 .86  .85  .86                                                                       
 313 L20821   1387 1492                      .78  .86                                                                       
 314 L20831   1662 1826                                                                             .76  .66  .72  .82  .73 
 315 L20841   1640 1756                                                                        .65  .66  .67                
 316 L21031   1334 1596            .81  .83  .81  .86  .86  .83  .79  .85                                                   
 318 L21841   1308 1398       .71                                                                                           
 319 L21881   1530 1681                                                    .82  .84  .50  .51                               
 324 L22051   1141 1396  .85  .81                                                                                           
 325 L22061   1266 1435  .86  .82  .78  .77                                                                                 
 328 L26201   1282 1484  .82  .82  .78  .85  .92  .90                                                                       
 329 L26381   1246 1511  .82  .81  .79  .85  .84  .63  .56                                                                  
 330 L26401   1297 1432  .81  .87  .87  .79                                                                                 
 331 L26581   1463 1702                                     .79  .79  .83  .88  .87  .67  .68  .84                          
 332 L26981   1285 1378  .80  .78                                                                                           
 333 L27121   1397 1571                      .74  .83  .84  .85  .83                                                        
 334 L27131   1307 1576       .79  .82  .83  .80  .79  .76  .76  .77  .70                                                   
 335 L27141   1513 1664                                               .83  .84  .80  .80                                    
 336 L27151   1563 1636                                                         .70                                         
 337 L27181   1269 1554  .80  .80  .79  .78  .61  .70  .87  .81  .61                                                        
 338 L27191   1278 1597  .76  .78  .84  .86  .83  .82  .81  .77  .82  .83                                                   
 339 L27241   1398 1592                      .74  .77  .76  .81  .80  .77                                                   
 340 L27251   1514 1669                                               .78  .79  .72  .71                                    
 342 L27271   1456 1641                                     .81  .74  .80  .87  .86                                         
 343 L27331   1438 1565                                .86  .88  .86                                                        
 344 L27341   1435 1565                                .87  .86  .82                                                        
 345 L27401   1532 1796                                                    .78  .83  .91  .89  .83  .84  .78  .68           
 346 L27411   1339 1514            .91  .88  .88  .76  .73                                                                  
 347 L27451   1439 1605                                .82  .84  .77  .84  .89                                              
 348 L27461   1576 1870                                                              .75  .81  .79  .80  .85  .86  .83  .80 
 349 L27471   1659 1976                                                                             .67  .67  .80  .83  .73 
 350 L27481   1561 1777                                                         .71  .85  .85  .61  .62  .69  .72           
 352 L27501   1716 1898                                                                                       .84  .83  .79 
 355 L27591   1306 1441       .86  .80  .83                                                                                 
 356 L27601   1252 1432  .85  .85  .92  .91                                                                                 
 359 L27641   1224 1398  .77  .81                                                                                           
 360 L27671   1192 1417  .75  .78  .80                                                                                      
 362 L27691   1248 1564  .40  .55  .76  .79  .85  .83  .82  .73  .51                                                        
 363 L29321   1551 1712                                                         .72  .67  .74  .84                          
 365 L30451   1566 1741                                                         .81  .78  .82  .82  .86                     
 366 L30461   1587 1743                                                              .88  .84  .65  .66                     
 367 L30481   1586 1731                                                              .87  .82  .77  .85                     
 368 L30491   1393 1566                      .90  .92  .90  .84  .85                                                        
 369 L30551   1464 1607                                     .82  .87  .86  .82                                              
 370 L32001   1469 1616                                     .64  .62  .60  .73                                              
 372 L32041   1540 1715                                                    .71  .78  .78  .78  .68                          
 375 L33970   1510 1700                                               .75  .83  .85  .87  .88  .82                          
 378 L34871   1502 1618                                               .79  .81                                              
 379 L35131   1448 1568                                     .87  .82                                                        
 380 L3554B   1467 1599                                     .80  .79  .82  .85                                              
 Av segment correlation  .78  .79  .81  .80  .81  .82  .82  .80  .76  .79  .82  .80  .79  .81  .77  .74  .73  .75  .78  .79 

 CORRELATION OF SERIES BY SEGMENTS: russ223
-----------------------------------------------------------------------------------------------------------------------------------
 Correlations of  50-year dated segments, lagged  25 years
 Flags:  A = correlation under   .3281 but highest as dated;  B = correlation higher at other than dated position

 Seq Series  Time_span  1800 1825 1850 1875 1900 1925 1950 
                        1849 1874 1899 1924 1949 1974 1999 
 --- -------- ---------  ---- ---- ---- ---- ---- ---- ---- 
   1 C0107    1849 2005                 .85  .82  .79  .75 
   2 C2606    1852 2005                 .65  .76  .79  .81 
   3 C2706    1925 2005                                .83 
   4 C2806    1939 2005                                .72 
   5 C29061   1844 2005            .76  .80  .79  .75  .71 
   6 C30012   1910 2005                           .83  .77 
   7 CC0106   1824 2005            .78  .85  .85  .89  .85 
   8 CC0206   1926 2005                                .79 
   9 CC0806   1910 2002                           .80  .82 
  10 CC1506   1910 2004                           .77  .73 
  11 CC1706   1930 2005                                .69 
  12 CC2206   1921 2005                           .78  .80 
  13 HDT011   1844 2000            .87  .86  .82  .74  .60 
  14 HDT041   1742 2000  .85  .85  .81  .84  .82  .84  .82 
  15 HDT051   1752 2000  .84  .84  .81  .75  .75  .77  .71 
  16 HDT061   1879 2000                      .82  .86  .81 
  17 HDT071   1780 2000  .82  .77  .80  .80  .79  .79  .79 
  18 HDT081   1874 2000                      .76  .76  .77 
  19 HDT091   1799 2000       .82  .79  .77  .68  .72  .76 
  20 HDT101   1722 2000  .72  .74  .82  .79  .70  .70  .73 
  21 HDT121   1678 2000  .78  .82  .85  .85  .84  .85  .79 
  22 HDT141   1657 2000  .89  .88  .83  .83  .71  .73  .84 
  23 HDT151   1683 2000  .84  .83  .78  .82  .80  .78  .76 
  24 HDT161   1626 2000  .88  .87  .89  .88  .83  .85  .81 
  25 HDT171   1832 2000            .82  .82  .82  .84  .75 
  26 HDT181   1861 2000                 .66  .79  .78  .67 
  27 HDT191   1703 2000  .78  .79  .84  .82  .79  .82  .79 
  28 HDT201   1790 2000  .55  .77  .81  .75  .76  .80  .76 
  29 HDT211   1866 2000                 .92  .86  .77  .66 
  30 JAH011   1858 1991                 .88  .90  .73      
  31 JAH021   1850 1991                 .59  .78  .74      
  32 JAH031   1865 1991                 .78  .81  .78      
  33 JAH041   1852 1991                 .78  .82  .88      
  34 JAH051   1910 1991                           .75      
  36 JAH071   1892 1991                      .73  .73      
  37 JAH081   1718 1991  .81  .84  .75  .68  .76  .81      
  38 JAH091   1859 1991                 .78  .75  .71      
  39 JAH101   1825 1991            .80  .77  .79  .80      
  40 JAH111   1790 1970  .83  .82  .82  .80  .79           
  41 JAH121   1893 1991                      .87  .84      
  42 JAH131   1825 1991            .72  .66  .70  .69      
  43 JAH141   1662 1988  .88  .89  .84  .80  .81  .85      
  44 JAH15M   1573 1988  .89  .86  .86  .90  .82  .80      
  45 JAH16M   1681 1988  .88  .87  .90  .92  .93  .85      
  46 JAH171   1719 1988  .84  .83  .82  .84  .79  .79      
  47 JAH191   1902 1988                           .76      
  48 JAH201   1851 1988                 .83  .81  .73      
  49 JAH211   1762 1988  .87  .90  .89  .85  .88  .87      
  50 JAH221   1751 1982  .86  .88  .88  .76  .76  .64      
  51 JAH231   1710 1988  .81  .85  .91  .84  .84  .81      
  52 JAH241   1827 1988            .81  .79  .76  .79      
  54 LS0110   1942 2003                                .46 
  56 LS0410   1934 2003                                .58 
  58 M021     1628 1963  .89  .90  .91  .89  .87           
  59 M12M     1678 1963  .66  .74  .78  .74  .80           
  60 M20M     1657 1963  .91  .87  .87  .91  .89           
  61 M33M     1721 1963  .83  .88  .91  .88  .72           
  62 M37M     1680 1963  .71  .83  .85  .81  .84           
  63 P-7206   1930 2005                                .76 
  64 P-7306   1927 2005                                .73 
  65 P-7406   1933 2005                                .67 
  66 P-7606   1949 2005                                .78 
  69 PM0504   1908 2005                           .71  .65 
  70 PM0702   1823 2005       .36  .75  .79  .84  .80  .76 
  71 PM0806   1904 2005                           .69  .65 
  72 PM3106   1941 2005                                .72 
  73 PM3206   1943 2005                                .77 
  75 POR011   1679 1994  .85  .82  .83  .82  .81  .86      
  76 POR021   1889 1994                      .88  .85      
  77 POR031   1683 1994  .72  .68  .73  .76  .80  .78      
  78 POR041   1865 1994                 .75  .75  .75      
  79 POR051   1610 1994  .53  .54  .84  .80  .81  .86      
  80 POR061   1610 1994  .81  .85  .86  .85  .86  .81      
  81 POR071   1775 1994  .66  .77  .87  .81  .76  .77      
  82 POR081   1626 1994  .63  .68  .79  .81  .83  .86      
  83 POR091   1750 1994  .73  .74  .79  .79  .79  .73      
  84 POR101   1650 1994  .88  .85  .89  .90  .87  .85      
  85 POR111   1580 1994  .87  .87  .87  .85  .86  .86      
  86 POR121   1720 1994  .56  .55  .89  .85  .75  .66      
  87 PV1206   1909 2005                           .74  .81 
  89 PX0206   1937 2005                                .73 
  90 PX1306   1917 2005                           .68  .78 
  91 PX1406   1912 2005                           .79  .72 
  93 PX2506   1940 2005                                .68 
  94 PX2706   1938 2005                                .78 
  95 PX2806   1920 2005                           .69  .62 
  96 PX2906   1916 2003                           .82  .78 
  97 PX3006   1916 2001                           .85  .78 
  98 PX3106   1938 2005                                .79 
  99 TNL012   1869 1999                 .78  .78  .72  .68 
 100 TNL022   1878 1999                      .84  .85  .75 
 101 TNL031   1911 1999                           .68  .49 
 102 TNL041   1867 1999                 .77  .81  .79  .73 
 103 TNL061   1872 1999                 .83  .79  .68  .61 
 104 TNL071   1877 1999                      .77  .72  .68 
 105 TNL081   1845 1999            .81  .80  .76  .77  .75 
 106 TNL091   1839 1950            .81  .77  .77           
 107 TNL101   1846 1999            .77  .79  .69  .68  .62 
 108 TNL121   1848 1999            .76  .75  .84  .80  .72 
 109 TNL131   1858 1999                 .83  .79  .79  .76 
 110 TNL141   1686 1999  .81  .82  .89  .86  .83  .81  .76 
 111 TNL151   1860 1999                 .87  .84  .81  .65 
 112 TNL161   1854 1999                 .86  .81  .70  .64 
 113 TNL171   1870 1999                 .83  .83  .71  .64 
 114 TNL181   1845 1999            .85  .84  .81  .75  .71 
 115 TNL191   1831 1999            .88  .88  .89  .85  .76 
 116 TNL201   1841 1999            .86  .88  .79  .73  .71 
 117 TNL211   1895 1999                      .78  .80  .75 
 118 TNL221   1809 1999       .82  .82  .83  .88  .87  .83 
 119 TNL231   1863 1999                 .88  .80  .72  .70 
 120 X02M     1721 1982  .89  .87  .87  .86  .83  .78      
 121 X13M     1639 1978  .90  .91  .93  .90  .85  .72      
 122 X14M     1656 1982  .70  .86  .82  .80  .80  .76      
 123 X16M     1695 1982  .60  .70  .90  .87  .86  .83      
 124 Y-2606   1921 2005                           .88  .84 
 127 YAD031   1808 1996       .66  .86  .88  .86  .83      
 128 YAD041   1803 1996       .62  .64  .76  .87  .80      
 129 YAD061   1803 1996       .56  .41B .59  .81  .82      
 130 YAD071   1849 1996            .66  .81  .83  .87      
 131 YAD081   1875 1996                      .88  .83      
 132 YAD091   1906 1996                           .72      
 133 YAD101   1906 1996                           .83      
 134 YAD121   1805 1996       .82  .86  .83  .85  .79      
 135 YX0108   1904 2005                           .66  .76 
 136 YX0904   1886 2005                      .75  .77  .74 
 137 YX1309   1902 2005                           .72  .78 
 138 YX1709   1934 2005                                .72 
 139 YX1805   1940 2005                                .67 
 141 YX2409   1923 2005                           .79  .84 
 142 YX2709   1895 2005                      .71  .74  .78 
 157 L00861   1605 1896  .73  .61                          
 168 L01011   1846 1926            .76  .77                
 170 L01061   1657 1856  .85                               
 171 L01071   1706 1849  .86                               
 175 L01251   1844 1964            .66  .72  .69           
 179 L01331   1892 1971                      .82           
 180 L01341   1825 1964            .81  .81  .81           
 181 L01351   1788 1925  .66  .75  .86  .83                
 194 L02341   1707 1949  .91  .90  .90  .88  .81           
 195 L02351   1871 1957                 .83  .88           
 201 L02421   1845 1970            .86  .78  .75           
 202 L02431   1831 1936            .64  .69                
 230 L09261   1845 1909            .77                     
 250 L12581   1779 1938  .79  .78  .88  .85                
 253 L12611   1796 1965  .84  .87  .73  .75  .83           
 254 L12621   1638 1984  .70  .83  .82  .86  .81  .79      
 255 L12631   1831 1973            .89  .88  .87           
 256 L12651   1672 1957  .63  .60  .65  .67  .66           
 257 L12661   1858 1956                 .81  .71           
 277 L14021   1885 1970                      .57           
 278 L14031   1848 1938                 .71                
 348 L27461   1576 1870  .83                               
 349 L27471   1659 1976  .78  .85  .84  .79  .72  .78      
 352 L27501   1716 1898  .85  .90                          
 353 L27561   1848 1979            .84  .80  .83  .83      
 354 L27581   1825 1968            .78  .72  .74           
 358 L27621   1808 1965       .82  .90  .83  .71           
 361 L27681   1846 1948            .83  .81                
 Av segment correlation  .79  .79  .82  .81  .80  .78  .73 

 FLAGGED SEGMENTS: russ223
-----------------------------------------------------------------------------------------------------------------------------------
 Seq Series   Segment    Flag  r dated  Best lag  r at lag   Gain  Note
 --- -------- ---------  ----  -------  --------  --------  -----  -----------------
 129 YAD061   1850 1899     B     .412        -2      .427   .014

 DESCRIPTIVE STATISTICS: russ223
-----------------------------------------------------------------------------------------------------------------------------------

                                                Corr   //-------- Unfiltered --------\\  //-- dplR filtered --\\
                           No.    No.    No.    with   Mean   Max     Std   Auto   Mean   Max     Std   Auto  AR
 Seq Series   Interval   Years  Segmt  Flags   Master  msmt   msmt    dev   corr   sens  value    dev   corr  ()
 --- -------- ---------  -----  -----  -----   ------ -----  -----  -----  -----  -----  -----  -----  -----  --
   1 C0107    1849 2005    157      4      0    .818   1.30   3.10   .583   .697   .289   1.84   .284  -.042   3
   2 C2606    1852 2005    154      4      0    .695    .69   2.44   .492   .783   .487   2.43   .419  -.032   1
   3 C2706    1925 2005     81      1      0    .801    .83   1.97   .441   .598   .428   2.11   .409   .038   1
   4 C2806    1939 2005     67      1      0    .745    .97   2.49   .477   .584   .368   2.01   .362   .013   1
   5 C29061   1844 2005    162      5      0    .744    .93   2.78   .510   .728   .304   1.78   .307  -.024   1
   6 C30012   1910 2005     96      2      0    .687   1.20   3.34   .699   .739   .364   2.12   .388   .012   2
   7 CC0106   1824 2005    182      5      0    .793    .71   2.07   .431   .690   .430   2.15   .413  -.018   3
   8 CC0206   1926 2005     80      1      0    .789   1.88   3.90   .854   .582   .337   1.85   .331   .036   1
   9 CC0806   1910 2002     93      2      0    .773    .82   2.15   .504   .660   .447   2.29   .426  -.025   1
  10 CC1506   1910 2004     95      2      0    .740   1.01   2.26   .503   .604   .335   1.91   .369  -.039   1
  11 CC1706   1930 2005     76      1      0    .719    .85   2.04   .519   .767   .343   2.01   .351  -.050   1
  12 CC2206   1921 2005     85      2      0    .694   1.46   3.79   .831   .750   .341   1.91   .351  -.013   1
  13 HDT011   1844 2000    157      5      0    .786   1.01   4.07   .669   .782   .350   2.11   .359  -.032   3
  14 HDT041   1742 2000    259      9      0    .828    .58   2.06   .415   .663   .516   2.11   .446  -.008   3
  15 HDT051   1752 2000    249      8      0    .790    .54   2.20   .408   .727   .421   1.96   .366   .011   2
  16 HDT061   1879 2000    122      3      0    .808    .83   2.93   .487   .702   .338   1.85   .326  -.064   3
  17 HDT071   1780 2000    221      7      0    .795    .30    .69   .147   .467   .489   1.94   .390  -.003   2
  18 HDT081   1874 2000    127      3      0    .755    .74   1.57   .327   .356   .433   1.97   .384   .007   2
  19 HDT091   1799 2000    202      6      0    .770    .39   1.13   .229   .533   .497   2.32   .414   .020   2
  20 HDT101   1722 2000    279     10      0    .733    .59   2.38   .450   .776   .410   2.17   .388   .003   3
  21 HDT121   1678 2000    323     11      0    .819    .87   3.32   .660   .596   .592   2.83   .483  -.017   3
  22 HDT141   1657 2000    344     12      0    .808    .49   2.53   .462   .810   .423   2.47   .399  -.009   1
  23 HDT151   1683 2000    318     11      0    .792    .55   1.99   .293   .629   .373   2.36   .348  -.014   3
  24 HDT161   1626 2000    375     13      0    .807    .41   1.51   .314   .727   .554   2.97   .467  -.018   3
  25 HDT171   1832 2000    169      5      0    .773    .77   2.92   .666   .853   .456   2.02   .407  -.002   3
  26 HDT181   1861 2000    140      4      0    .710   1.08   3.12   .568   .587   .366   2.17   .355  -.003   1
  27 HDT191   1703 2000    298     10      0    .768    .44   2.19   .299   .643   .428   2.72   .414  -.021   3
  28 HDT201   1790 2000    211      7      0    .698    .55   2.45   .398   .767   .461   3.20   .439  -.009   1
  29 HDT211   1866 2000    135      4      0    .823    .77   2.36   .483   .532   .542   2.15   .486  -.016   3
  30 JAH011   1858 1991    134      3      0    .787   1.29   2.66   .491   .359   .351   1.88   .313  -.012   1
  31 JAH021   1850 1991    142      3      0    .627    .92   2.89   .701   .838   .420   2.40   .403  -.019   1
  32 JAH031   1865 1991    127      3      0    .721    .91   2.26   .480   .581   .359   1.79   .301   .014   3
  33 JAH041   1852 1991    140      3      0    .727    .99   3.06   .531   .425   .418   2.35   .393  -.035   1
  34 JAH051   1910 1991     82      1      0    .730   1.76   3.63   .832   .623   .346   1.87   .327   .022   1
  35 JAH061   1941 1991     51      0      0    .489   1.51   3.30   .708   .758   .306   1.72   .279   .154   0
  36 JAH071   1892 1991    100      2      0    .753    .75   2.20   .445   .682   .354   1.92   .347  -.033   1
  37 JAH081   1718 1991    274      9      0    .780    .55   3.26   .561   .811   .500   2.30   .427  -.020   3
  38 JAH091   1859 1991    133      3      0    .733    .71   2.22   .490   .698   .396   2.08   .371  -.012   3
  39 JAH101   1825 1991    167      4      0    .770    .62   2.33   .440   .786   .413   1.99   .393  -.031   1
  40 JAH111   1790 1970    181      5      0    .803    .62   3.92   .702   .872   .445   2.27   .421  -.023   1
  41 JAH121   1893 1991     99      2      0    .841   1.10   3.34   .740   .665   .422   2.54   .407  -.027   1
  42 JAH131   1825 1991    167      4      0    .667    .57   2.22   .477   .844   .404   2.06   .394  -.033   3
  43 JAH141   1662 1988    327     11      0    .766    .31   1.19   .211   .606   .491   3.46   .435   .003   3
  44 JAH15M   1573 1988    416     14      0    .823    .25    .92   .163   .603   .580   2.55   .472  -.003   3
  45 JAH16M   1681 1988    308     10      0    .816    .37   1.17   .237   .681   .466   2.07   .392   .007   2
  46 JAH171   1719 1988    270      9      0    .809    .54   1.95   .391   .745   .430   2.48   .373   .008   2
  47 JAH191   1902 1988     87      1      0    .757   1.10   2.43   .493   .651   .316   1.65   .309   .048   1
  48 JAH201   1851 1988    138      3      0    .775    .83   1.95   .318   .599   .281   1.78   .279  -.031   3
  49 JAH211   1762 1988    227      7      0    .841    .52   1.71   .291   .626   .412   1.87   .355  -.002   3
  50 JAH221   1751 1982    232      7      0    .786    .66   2.70   .428   .624   .454   2.43   .422   .008   2
  51 JAH231   1710 1988    279      9      0    .763    .46   1.90   .321   .676   .479   2.54   .431  -.010   3
  52 JAH241   1827 1988    162      4      0    .753    .62   1.53   .314   .583   .378   1.82   .328   .005   3
  53 LI2106   1962 2003     42      0      0    .559    .92   2.45   .391   .680   .266   1.58   .258   .078   1
  54 LS0110   1942 2003     62      1      0    .521    .60   1.97   .491   .728   .486   2.70   .440   .146   1
  55 LS0210   1963 2003     41      0      0    .828   1.41   2.89   .555   .295   .418   1.76   .328   .032   0
  56 LS0410   1934 2003     70      1      0    .535    .66   2.10   .458   .670   .452   2.06   .445   .036   1
  57 LS0710   1963 2003     41      0      0    .572   1.39   3.40   .574   .265   .419   1.79   .358   .001   0
  58 M021     1628 1963    336     11      0    .774    .45   2.00   .294   .635   .516   2.40   .450  -.014   3
  59 M12M     1678 1963    286      9      0    .669    .52   2.23   .349   .732   .413   2.13   .379  -.010   3
  60 M20M     1657 1963    307     10      0    .853    .52   1.62   .301   .620   .483   2.41   .413   .003   2
  61 M33M     1721 1963    243      8      0    .784    .57   2.64   .566   .814   .517   2.50   .418  -.014   3
  62 M37M     1680 1963    284      9      0    .738    .36   1.70   .274   .651   .552   2.49   .466   .014   2
  63 P-7206   1930 2005     76      1      0    .756   1.42   3.37   .601   .583   .308   2.00   .327   .004   1
  64 P-7306   1927 2005     79      1      0    .778    .63   1.55   .330   .618   .379   1.90   .380   .027   1
  65 P-7406   1933 2005     73      1      0    .673    .85   2.03   .539   .784   .339   1.94   .375  -.076   3
  66 P-7606   1949 2005     57      1      0    .789   1.10   2.95   .503   .540   .314   1.96   .338   .014   1
  67 PM0106   1957 2005     49      0      0    .691   1.41   2.55   .554   .603   .278   1.93   .325   .023   1
  68 PM0406   1957 2005     49      0      0    .823   1.10   3.09   .583   .635   .335   1.91   .366   .010   1
  69 PM0504   1908 2005     98      2      0    .734    .73   2.10   .407   .694   .330   1.83   .326  -.013   1
  70 PM0702   1823 2005    183      6      0    .661    .44   1.64   .286   .726   .423   2.31   .418  -.012   1
  71 PM0806   1904 2005    102      2      0    .716    .66   1.93   .385   .785   .319   2.19   .330  -.023   1
  72 PM3106   1941 2005     65      1      0    .730   1.05   3.47   .537   .525   .371   2.40   .363   .017   2
  73 PM3206   1943 2005     63      1      0    .754    .94   2.83   .485   .604   .346   2.11   .365  -.045   3
  74 PM4606   1957 2005     49      0      0    .740    .99   2.24   .519   .563   .401   2.17   .456   .074   1
  75 POR011   1679 1994    316     10      0    .799    .46   1.52   .278   .714   .447   1.95   .380  -.018   3
  76 POR021   1889 1994    106      2      0    .835   1.41   4.73   .798   .696   .299   1.80   .323  -.017   2
  77 POR031   1683 1994    312     10      0    .720    .55   2.13   .362   .730   .382   2.14   .345  -.007   2
  78 POR041   1865 1994    130      3      0    .732    .63   3.28   .461   .680   .404   2.97   .449   .042   1
  79 POR051   1610 1994    385     13      0    .737    .38   2.16   .363   .832   .481   3.28   .454   .004   1
  80 POR061   1610 1994    385     13      0    .811    .32   1.81   .352   .807   .560   3.05   .502   .007   2
  81 POR071   1775 1994    220      6      0    .734    .45   1.87   .345   .781   .455   2.80   .464  -.009   3
  82 POR081   1626 1994    369     12      0    .757    .34   1.46   .280   .757   .569   2.49   .467  -.013   3
  83 POR091   1750 1994    245      7      0    .753    .84   2.61   .469   .676   .356   2.13   .359  -.017   3
  84 POR101   1650 1994    345     11      0    .826    .35   1.10   .197   .458   .514   2.50   .450  -.000   1
  85 POR111   1580 1994    415     14      0    .834    .36   1.34   .247   .717   .493   2.85   .444  -.003   1
  86 POR121   1720 1994    275      9      0    .723    .41   1.79   .325   .834   .413   2.44   .382  -.004   2
  87 PV1206   1909 2005     97      2      0    .737   1.03   3.07   .706   .751   .481   2.11   .445   .032   3
  88 PX0106   1960 2005     46      0      0    .723   1.01   2.16   .491   .675   .311   1.58   .340  -.002   1
  89 PX0206   1937 2005     69      1      0    .764    .61   1.39   .306   .586   .412   2.13   .381   .007   1
  90 PX1306   1917 2005     89      2      0    .715    .75   1.88   .349   .639   .360   2.12   .345   .040   1
  91 PX1406   1912 2005     94      2      0    .778   1.25   3.42   .506   .491   .292   1.99   .278  -.006   1
  92 PX2406   1961 2005     45      0      0    .723   1.60   2.95   .514   .401   .284   1.53   .268  -.050   1
  93 PX2506   1940 2005     66      1      0    .729   1.24   3.13   .630   .535   .389   2.38   .376   .151   0
  94 PX2706   1938 2005     68      1      0    .799   1.35   3.01   .611   .434   .407   1.80   .380   .012   1
  95 PX2806   1920 2005     86      2      0    .669    .76   2.24   .513   .751   .418   2.07   .421   .007   1
  96 PX2906   1916 2003     88      2      0    .793    .96   2.67   .568   .617   .467   2.20   .462   .041   1
  97 PX3006   1916 2001     86      2      0    .785   1.48   3.57   .798   .739   .324   1.99   .336  -.059   1
  98 PX3106   1938 2005     68      1      0    .717   1.79   5.08  1.004   .545   .358   1.95   .353   .017   1
  99 TNL012   1869 1999    131      4      0    .749    .76   1.97   .350   .595   .351   1.77   .322   .003   1
 100 TNL022   1878 1999    122      3      0    .801    .94   2.18   .408   .492   .376   1.93   .345  -.010   1
 101 TNL031   1911 1999     89      2      0    .648   1.61   3.45   .757   .678   .284   1.92   .295   .074   1
 102 TNL041   1867 1999    133      4      0    .721    .95   3.35   .570   .599   .433   2.19   .402   .004   1
 103 TNL061   1872 1999    128      4      0    .741   1.14   2.47   .513   .596   .306   1.88   .320   .016   2
 104 TNL071   1877 1999    123      3      0    .758   1.32   3.60   .822   .575   .386   1.97   .376  -.015   1
 105 TNL081   1845 1999    155      5      0    .765   1.10   2.89   .532   .451   .371   2.27   .363  -.007   1
 106 TNL091   1839 1950    112      3      0    .766   1.40   4.12   .630   .536   .343   2.22   .348  -.021   1
 107 TNL101   1846 1999    154      5      0    .702    .59   2.08   .330   .569   .439   2.02   .361  -.059   0
 108 TNL121   1848 1999    152      5      0    .776   1.28   3.51   .754   .581   .427   2.14   .394  -.011   1
 109 TNL131   1858 1999    142      4      0    .784   1.06   2.40   .514   .651   .321   1.70   .304   .023   2
 110 TNL141   1686 1999    314     11      0    .838    .32   1.03   .177   .688   .386   2.24   .343   .004   2
 111 TNL151   1860 1999    140      4      0    .811   1.12   2.90   .535   .480   .412   2.14   .347  -.020   3
 112 TNL161   1854 1999    146      4      0    .781   1.17   3.37   .647   .474   .467   2.57   .426  -.013   3
 113 TNL171   1870 1999    130      4      0    .771    .37   1.02   .210   .571   .459   2.16   .383   .112   0
 114 TNL181   1845 1999    155      5      0    .802    .73   2.25   .401   .578   .383   2.08   .360  -.024   1
 115 TNL191   1831 1999    169      5      0    .848    .71   2.31   .443   .676   .403   2.16   .364  -.010   3
 116 TNL201   1841 1999    159      5      0    .801    .69   2.80   .473   .765   .467   2.38   .405   .017   2
 117 TNL211   1895 1999    105      3      0    .769   1.02   3.03   .543   .641   .413   2.22   .365  -.029   1
 118 TNL221   1809 1999    191      6      0    .828    .80   2.44   .472   .723   .346   2.09   .340  -.014   1
 119 TNL231   1863 1999    137      4      0    .819    .57   1.68   .288   .518   .415   2.38   .379  -.007   3
 120 X02M     1721 1982    262      9      0    .830    .60   1.98   .450   .784   .420   1.88   .373  -.010   1
 121 X13M     1639 1978    340     12      0    .835    .31   1.10   .178   .645   .450   2.42   .395   .007   2
 122 X14M     1656 1982    327     11      0    .740    .44   3.03   .443   .879   .489   1.97   .391  -.061   0
 123 X16M     1695 1982    288     10      0    .692    .42   2.04   .406   .845   .522   3.63   .501   .009   2
 124 Y-2606   1921 2005     85      2      0    .852   1.00   2.20   .496   .609   .426   1.97   .394  -.022   3
 125 YAD011   1947 1996     50      0      0    .671   1.94   3.87   .793   .529   .322   1.69   .297  -.055   1
 126 YAD021   1930 1996     67      0      0    .827   1.73   3.13   .635   .577   .273   1.98   .272  -.005   1
 127 YAD031   1808 1996    189      5      0    .735    .67   2.66   .474   .744   .435   2.39   .418  -.014   3
 128 YAD041   1803 1996    194      5      0    .689    .66   2.60   .454   .685   .400   2.85   .396  -.014   3
 129 YAD061   1803 1996    194      5      1    .611    .70   2.87   .630   .821   .459   3.07   .444  -.024   1
 130 YAD071   1849 1996    148      4      0    .751    .51   1.67   .351   .740   .371   2.30   .385   .007   1
 131 YAD081   1875 1996    122      2      0    .736   1.22   3.06   .718   .533   .455   2.82   .488  -.015   1
 132 YAD091   1906 1996     91      1      0    .734   1.21   2.67   .541   .557   .351   1.72   .353  -.028   2
 133 YAD101   1906 1996     91      1      0    .782   1.49   3.21   .597   .445   .350   1.77   .344   .024   1
 134 YAD121   1805 1996    192      5      0    .765    .54   2.28   .437   .729   .526   2.75   .497  -.007   3
 135 YX0108   1904 2005    102      2      0    .714    .65   2.75   .389   .554   .442   2.79   .428   .042   1
 136 YX0904   1886 2005    120      3      0    .653    .57   1.72   .361   .745   .403   2.09   .398   .068   1
 137 YX1309   1902 2005    104      2      0    .689    .55   1.95   .372   .696   .419   2.12   .414  -.003   1
 138 YX1709   1934 2005     72      1      0    .760   1.04   3.35   .655   .623   .426   2.10   .422   .020   1
 139 YX1805   1940 2005     66      1      0    .723    .99   2.29   .676   .767   .451   2.35   .430  -.010   1
 140 YX2309   1955 2005     51      0      0    .774   1.47   2.92   .435   .272   .283   1.96   .279  -.031   1
 141 YX2409   1923 2005     83      2      0    .797    .98   2.65   .543   .623   .424   1.78   .393  -.022   1
 142 YX2709   1895 2005    111      3      0    .738    .54   1.93   .393   .685   .436   2.27   .443  -.012   1
 143 L00081   1621 1806    186      6      0    .798    .48   1.93   .369   .732   .474   2.31   .406   .057   0
 144 L00134   1598 1809    212      7      0    .782    .51   1.95   .362   .707   .491   1.98   .410  -.006   2
 145 L00551   1670 1797    128      3      0    .682    .58   2.63   .540   .859   .526   2.29   .442  -.011   1
 146 L00571   1658 1751     94      2      0    .754    .61   1.65   .321   .678   .331   1.93   .318   .014   1
 147 L00581   1693 1780     88      2      0    .714    .62   2.71   .454   .621   .476   2.16   .445   .022   2
 148 L00641   1670 1792    123      3      0    .703    .59   1.64   .334   .720   .335   1.76   .319  -.013   3
 149 L00651   1709 1792     84      1      0    .757    .98   2.33   .413   .624   .296   1.84   .291  -.004   1
 150 L00661   1710 1812    103      2      0    .668    .77   1.80   .359   .548   .364   1.99   .350  -.033   3
 151 L00671   1682 1797    116      2      0    .507    .61   1.47   .321   .619   .367   2.39   .368   .019   1
 152 L00681   1497 1661    165      5      0    .783    .59   1.81   .348   .653   .455   2.45   .392   .015   1
 153 L00771   1711 1793     83      1      0    .683    .74   1.93   .425   .607   .459   2.25   .433   .032   1
 154 L00811   1640 1807    168      5      0    .734    .38   1.08   .197   .631   .361   2.00   .330  -.001   3
 155 L00821   1686 1778     93      2      0    .731    .50   1.57   .427   .844   .542   1.92   .412  -.110   0
 156 L00831   1651 1793    143      3      0    .636    .48   1.35   .278   .662   .359   1.89   .342  -.020   3
 157 L00861   1605 1896    292      9      0    .644    .45   1.49   .266   .742   .411   2.31   .346   .007   1
 158 L00891   1584 1706    123      3      0    .809    .81   1.90   .355   .569   .348   2.06   .307  -.033   3
 159 L00921   1154 1324    171      5      0    .756    .81   2.97   .616   .773   .496   2.13   .422   .092   0
 160 L0093A   1256 1341     86      1      0    .645    .44   1.47   .379   .883   .319   1.90   .324  -.014   1
 161 L0093B   1350 1503    154      4      0    .749    .14    .63   .098   .713   .385   2.09   .358  -.016   1
 162 L00941   1034 1182    149      4      0    .770    .68   2.15   .504   .760   .478   2.35   .420  -.014   1
 163 L00951   1023 1176    154      5      0    .819   1.06   3.80   .736   .793   .370   1.89   .339  -.025   1
 164 L00961   1092 1187     96      2      0    .834    .70   1.79   .440   .846   .291   1.70   .281  -.066   3
 165 L00971   1083 1188    106      2      0    .727    .64   2.40   .572   .853   .413   1.99   .379  -.017   3
 166 L00991   1035 1146    112      2      0    .770    .70   2.28   .646   .872   .544   2.24   .445  -.034   3
 167 L01001   1589 1810    222      7      0    .774    .38   2.29   .316   .645   .580   2.64   .513   .008   2
 168 L01011   1846 1926     81      2      0    .751    .92   2.46   .518   .827   .321   1.68   .297  -.016   1
 169 L01051   1671 1844    174      5      0    .757    .53   2.03   .344   .747   .382   2.17   .322   .039   0
 170 L01061   1657 1856    200      6      0    .792    .70   2.78   .594   .804   .552   2.84   .453  -.008   1
 171 L01071   1706 1849    144      4      0    .815    .88   2.75   .496   .648   .374   2.24   .335   .009   2
 172 L01091   1497 1689    193      6      0    .610    .87   4.00   .839   .850   .446   2.41   .415   .006   2
 173 L01201   1632 1754    123      3      0    .782   1.07   2.93   .650   .734   .363   2.38   .377   .031   1
 174 L01231   1552 1658    107      2      0    .652    .48   2.07   .421   .837   .351   1.78   .325  -.017   3
 175 L01251   1844 1964    121      3      0    .672    .43   1.45   .278   .709   .416   2.50   .396  -.012   3
 176 L01271   1773 1847     75      1      0    .765    .96   2.43   .695   .829   .358   1.59   .305  -.034   1
 177 L01281   1656 1794    139      3      0    .698    .65   2.25   .443   .743   .454   2.81   .422   .005   3
 178 L01291   1613 1814    202      6      0    .731    .46   2.66   .449   .876   .398   2.41   .385  -.023   1
 179 L01331   1892 1971     80      1      0    .814   1.03   3.20   .597   .730   .363   1.74   .347  -.023   1
 180 L01341   1825 1964    140      3      0    .771    .79   2.98   .501   .686   .434   2.16   .394   .004   2
 181 L01351   1788 1925    138      4      0    .767    .80   4.25   .853   .908   .415   2.98   .391  -.015   3
 182 L01361    958 1087    130      3      0    .602   1.61   5.83  1.383   .872   .330   2.22   .352   .050   1
 183 L01371    950 1041     92      1      0    .730    .80   3.18   .590   .677   .426   2.34   .432  -.033   1
 184 L01381    921 1096    176      5      0    .778    .68   3.14   .570   .834   .348   1.83   .298  -.027   1
 185 L01391    970 1104    135      4      0    .806   1.03   3.85   .774   .790   .382   1.98   .331   .015   2
 186 L01401    933 1098    166      4      0    .824    .90   2.57   .515   .576   .436   2.09   .374   .070   0
 187 L01411   1004 1091     88      1      0    .570   1.01   2.45   .458   .566   .306   2.64   .309   .062   0
 188 L01421    937 1092    156      4      0    .801    .81   2.59   .516   .610   .506   2.20   .449  -.001   1
 189 L01461   1018 1152    135      4      0    .768    .92   2.75   .625   .787   .369   2.30   .347  -.026   1
 190 L01471   1033 1131     99      2      0    .739    .64   2.01   .522   .746   .514   2.20   .447   .015   1
 191 L02311   1087 1249    163      5      0    .752    .62   1.93   .423   .802   .324   1.73   .295  -.011   3
 192 L02321   1355 1460    106      2      0    .788    .62   1.83   .390   .619   .510   2.87   .460   .019   1
 193 L02331   1267 1446    180      5      0    .492    .54   1.26   .319   .761   .350   2.48   .336   .013   1
 194 L02341   1707 1949    243      8      0    .839    .52   2.00   .307   .414   .552   2.64   .465  -.007   3
 195 L02351   1871 1957     87      2      0    .825    .85   2.30   .472   .670   .397   2.15   .376  -.049   1
 196 L02361   1426 1513     88      1      0    .806    .75   3.13   .733   .896   .386   2.04   .364  -.013   2
 197 L02371   1420 1514     95      2      0    .811    .82   2.73   .689   .853   .398   1.94   .346   .006   2
 198 L02391   1541 1773    233      7      0    .842    .35   1.23   .272   .713   .547   2.69   .459  -.001   0
 199 L02401   1648 1842    195      6      0    .750    .55   2.71   .534   .900   .427   2.31   .375  -.009   1
 200 L02411   1802 1864     63      0      0    .785    .97   2.33   .557   .667   .457   1.93   .388   .073   2
 201 L02421   1845 1970    126      3      0    .785    .91   3.82   .718   .838   .388   2.13   .391  -.026   1
 202 L02431   1831 1936    106      2      0    .607   1.18   3.60   .679   .731   .346   1.82   .309  -.136   3
 203 L04121    894 1021    128      3      0    .791    .95   2.47   .522   .637   .416   2.16   .368   .048   0
 204 L04371   1083 1287    205      6      0    .776    .57   2.89   .593   .873   .429   2.10   .380  -.010   3
 205 L04381   1345 1515    171      5      0    .850    .80   2.43   .504   .659   .455   1.97   .368  -.077   0
 206 L04411   1325 1521    197      5      0    .808    .45   1.95   .305   .557   .529   2.19   .463  -.020   1
 207 L04421   1506 1668    163      4      0    .828    .80   2.30   .510   .666   .444   2.70   .400  -.001   1
 208 L04471   1215 1570    356     12      0    .781    .39   2.89   .427   .879   .624   3.71   .522  -.005   1
 209 L04481    970 1120    151      4      0    .784    .76   2.45   .485   .745   .367   1.97   .334  -.022   1
 210 L04521   1352 1471    120      2      0    .814    .99   4.70   .852   .783   .514   2.00   .458   .112   0
 211 L04551   1495 1728    234      8      0    .661    .86   3.00   .600   .767   .427   2.28   .403  -.012   3
 212 L04581   1064 1346    283      9      0    .756    .32   1.66   .245   .602   .547   2.80   .439   .052   0
 213 L04591    932 1093    162      4      0    .776    .83   2.47   .487   .780   .309   1.63   .283  -.003   1
 214 L05481   1203 1321    119      2      0    .771    .93   3.43   .517   .619   .446   2.11   .385   .032   3
 215 L05631    936 1068    133      3      0    .843   1.14   2.47   .432   .398   .345   2.00   .315   .009   1
 216 L05721   1430 1696    267      8      0    .785    .36   2.54   .420   .748   .648   3.66   .563   .083   0
 217 L05731   1014 1172    159      4      0    .797    .50   1.85   .357   .666   .427   2.29   .376   .009   1
 218 L06011   1338 1471    134      3      0    .832   1.00   3.30   .650   .688   .434   2.93   .427   .004   1
 219 L06021   1374 1467     94      2      0    .808    .89   2.65   .519   .661   .405   1.96   .370   .020   0
 220 L06041   1627 1811    185      5      0    .622    .49   2.33   .450   .841   .467   2.15   .435  -.013   3
 221 L06051   1089 1295    207      6      0    .762    .73   2.76   .650   .802   .464   2.30   .402   .001   2
 222 L06171   1327 1553    227      7      0    .755    .66   2.40   .493   .747   .507   2.58   .434   .024   2
 223 L07431   1100 1172     73      0      0    .790    .84   1.88   .362   .433   .405   1.75   .346  -.058   3
 224 L07441   1577 1692    116      2      0    .611    .37   1.11   .217   .635   .393   2.37   .410   .012   1
 225 L07511   1165 1311    147      4      0    .772    .76   2.85   .480   .798   .374   2.26   .360   .018   1
 226 L07981   1132 1326    195      6      0    .709    .48   2.19   .351   .727   .454   2.37   .420   .011   1
 227 L08191   1567 1790    224      7      0    .832    .51   3.79   .711   .831   .703   2.79   .590  -.035   0
 228 L08791   1060 1168    109      2      0    .779   1.11   2.75   .607   .677   .319   1.79   .294   .096   0
 229 L09211    896 1139    244      8      0    .855    .48   1.80   .322   .454   .557   2.74   .478   .022   0
 230 L09261   1845 1909     65      1      0    .767   1.09   3.06   .793   .870   .384   1.74   .358   .014   3
 231 L11541   1087 1307    221      7      0    .644    .41   1.47   .341   .820   .453   2.18   .382   .002   3
 232 L11551   1229 1311     83      1      0    .717    .63   1.45   .357   .702   .383   2.34   .352   .027   0
 233 L11571   1293 1381     89      2      0    .775   1.07   3.05   .661   .561   .488   2.09   .404  -.078   0
 234 L11591   1154 1431    278      9      0    .804    .49   2.55   .501   .855   .425   2.26   .388   .008   1
 235 L11661   1187 1377    191      6      0    .693    .46   2.62   .431   .849   .462   2.60   .419  -.010   1
 236 L11721   1254 1382    129      3      0    .830    .79   2.39   .569   .843   .366   1.82   .322   .022   3
 237 L11761   1270 1392    123      3      0    .804    .66   1.52   .342   .515   .470   2.39   .413  -.007   2
 238 L11771   1229 1406    178      5      0    .770    .88   3.64   .743   .833   .503   2.03   .415   .032   0
 239 L11831   1022 1086     65      1      0    .692   1.08   2.79   .633   .734   .327   1.64   .279   .039   0
 240 L12071   1711 1796     86      1      0    .702    .33   1.21   .149   .098   .440   2.63   .361   .003   1
 241 L12111    928 1021     94      1      0    .833    .72   2.06   .387   .548   .434   1.85   .358  -.004   0
 242 L12121   1345 1480    136      4      0    .769    .48   2.03   .447   .787   .605   2.00   .462   .013   2
 243 L12391   1234 1344    111      2      0    .682    .47   2.36   .530   .900   .592   1.96   .503   .010   1
 244 L12411   1227 1343    117      2      0    .609    .70   2.33   .573   .840   .547   2.50   .516  -.012   1
 245 L12421   1265 1345     81      1      0    .838    .66   1.90   .383   .637   .407   2.08   .362   .054   0
 246 L12431   1117 1326    210      7      0    .776    .45   2.08   .313   .682   .472   2.03   .435  -.007   1
 247 L12441   1084 1327    244      8      0    .664    .49   2.33   .410   .748   .534   3.93   .533   .018   2
 248 L12451   1091 1326    236      8      0    .758    .52   1.49   .283   .688   .372   2.04   .358   .006   2
 249 L12561   1425 1521     97      1      0    .848    .94   3.09   .698   .834   .346   1.96   .341  -.020   1
 250 L12581   1779 1938    160      4      0    .804    .78   1.98   .456   .696   .416   1.86   .375  -.016   3
 251 L12591   1045 1188    144      4      0    .719    .35   1.54   .348   .815   .565   2.43   .492   .034   1
 252 L12601   1604 1750    147      4      0    .865    .46   1.60   .278   .654   .405   2.33   .383  -.021   3
 253 L12611   1796 1965    170      5      0    .712    .52   2.01   .415   .791   .507   3.71   .487  -.027   1
 254 L12621   1638 1984    347     12      0    .761    .45   2.12   .337   .715   .485   2.35   .413   .014   2
 255 L12631   1831 1973    143      3      0    .865    .84   2.73   .552   .752   .391   2.04   .354   .016   2
 256 L12651   1672 1957    286     10      0    .579    .41   1.81   .328   .878   .347   1.82   .297  -.011   3
 257 L12661   1858 1956     99      2      0    .796    .88   2.91   .501   .672   .381   1.89   .332   .075   3
 258 L12672   1604 1766    163      4      0    .825    .53   2.89   .447   .717   .500   2.56   .466  -.024   3
 259 L13001   1587 1711    125      3      0    .803    .73   1.83   .436   .680   .428   2.11   .378  -.008   2
 260 L13011   1643 1736     94      2      0    .679    .81   2.05   .452   .601   .401   2.00   .416  -.005   1
 261 L13021   1716 1766     51      0      0    .609    .51   1.67   .373   .746   .374   1.67   .324   .040   0
 262 L13031   1646 1817    172      5      0    .661    .50   1.95   .453   .861   .446   2.20   .402   .100   0
 263 L13071    913 1087    175      5      0    .838    .66   2.68   .542   .672   .604   2.26   .499  -.013   1
 264 L13081   1351 1491    141      3      0    .774   1.32   6.71  1.258   .863   .403   2.44   .383   .003   1
 265 L13171   1656 1811    156      4      0    .695    .37   1.62   .296   .764   .459   2.24   .425   .000   1
 266 L13181   1499 1747    249      8      0    .831    .50   1.92   .343   .761   .459   2.37   .408  -.002   1
 267 L13251   1075 1177    103      2      0    .693    .79   2.25   .490   .700   .370   2.21   .380  -.023   1
 268 L13311   1193 1381    189      6      0    .787    .48   1.52   .358   .783   .449   2.46   .411  -.005   1
 269 L13331   1231 1376    146      4      0    .787    .67   2.02   .347   .512   .464   2.31   .382   .038   0
 270 L13591   1566 1757    192      6      0    .834    .53   3.85   .563   .756   .638   2.65   .515  -.083   0
 271 L13611   1418 1608    191      6      0    .831    .62   1.75   .379   .612   .488   2.04   .396   .006   2
 272 L13631   1132 1214     83      1      0    .544   1.32   2.69   .582   .676   .267   2.09   .269   .147   0
 273 L13641    979 1251    273      9      0    .801    .37   1.68   .299   .726   .458   2.15   .401  -.000   2
 274 L13651   1023 1161    139      4      0    .713    .78   2.48   .488   .544   .537   3.63   .508  -.012   1
 275 L13661   1023 1163    141      3      0    .675    .70   1.61   .356   .623   .371   2.00   .327  -.011   3
 276 L14011   1883 1978     96                          .59   1.98   .403   .717   .520                         
 277 L14021   1885 1970     86      1      0    .558    .53   2.80   .481   .718   .473   2.28   .450   .178   3
 278 L14031   1848 1938     91      1      0    .731    .91   2.30   .573   .735   .443   2.32   .419   .058   3
 279 L14331   1662 1774    113      3      0    .735   1.36   3.29   .616   .352   .410   2.62   .365  -.010   0
 280 L15461   1185 1235     51      0      0    .755    .98   2.60   .473   .760   .242   1.60   .246  -.046   2
 281 L15471    981 1105    125      3      0    .807    .54   2.07   .439   .642   .535   2.05   .432  -.055   0
 282 L15511   1526 1688    163      4      0    .736    .58   1.94   .444   .784   .394   1.93   .362  -.000   1
 283 L15561   1581 1633     53      0      0    .767    .73   1.67   .332   .499   .444   1.95   .372   .092   0
 284 L15571    895 1015    121      3      0    .806    .44   1.23   .297   .702   .483   2.26   .439  -.019   1
 285 L15581   1621 1728    108      3      0    .824    .60   1.52   .296   .502   .455   2.35   .410   .000   1
 286 L15661   1371 1509    139      4      0    .774    .52   1.32   .312   .524   .512   2.51   .464   .108   0
 287 L15831   1116 1207     92      2      0    .779    .64   2.07   .437   .698   .459   2.30   .390   .010   0
 288 L15851   1104 1208    105      2      0    .831    .82   2.50   .552   .741   .420   1.96   .366   .117   0
 289 L15901   1367 1537    171      5      0    .659    .43   1.60   .348   .774   .471   2.28   .453   .008   1
 290 L16001    966 1093    128      3      0    .831    .75   2.48   .537   .685   .459   2.13   .408   .015   1
 291 L16071    939 1017     79      1      0    .780    .52   2.56   .452   .751   .490   2.88   .448   .043   1
 292 L16081   1129 1203     75      1      0    .717    .94   2.17   .498   .631   .383   1.65   .317   .084   0
 293 L16611   1587 1690    104      2      0    .795    .42   1.04   .228   .556   .431   1.94   .393   .028   3
 294 L16771   1280 1418    139      3      0    .793    .48   2.29   .442   .794   .586   2.23   .475  -.006   1
 295 L16791   1583 1696    114      2      0    .698    .64   2.46   .425   .535   .491   2.98   .477   .015   1
 296 L16841   1301 1502    202      6      0    .809    .39   1.68   .277   .688   .512   2.39   .454  -.018   1
 297 L16861   1405 1485     81      1      0    .884   1.07   3.18   .657   .555   .533   2.76   .463   .028   0
 298 L17011   1254 1406    153      4      0    .736    .31   1.09   .210   .668   .482   2.13   .424   .003   1
 299 L17101   1072 1121     50      0      0    .714   1.02   2.16   .456   .576   .358   1.74   .341   .023   1
 300 L19251   1267 1415    149      4      0    .826    .55   2.39   .402   .661   .502   2.40   .430   .038   0
 301 L19261    893  992    100      2      0    .703   1.43   4.84   .908   .647   .422   3.60   .469  -.048   3
 302 L19271    894  997    104      2      0    .747    .65   1.76   .415   .616   .439   2.67   .435   .012   1
 303 L19301   1521 1618     98      2      0    .742    .55   1.27   .303   .458   .499   2.02   .425   .082   0
 304 L19371    937  980     44      0      0    .843   1.20   2.37   .426   .287   .324   1.99   .315   .121   0
 305 L20631    891 1043    153      4      0    .759    .40   1.18   .271   .686   .471   2.14   .437  -.024   1
 306 L20641    922 1042    121      3      0    .759    .39   1.03   .212   .731   .372   1.92   .329  -.013   1
 307 L20661   1576 1710    135      3      0    .769    .56   2.40   .583   .873   .470   2.19   .392   .007   2
 308 L20671   1363 1638    276      9      0    .827    .46   1.80   .285   .677   .411   2.48   .361  -.006   3
 309 L20681    924 1078    155      5      0    .738    .60   1.43   .322   .573   .416   2.54   .379   .013   1
 310 L20731   1385 1459     75      1      0    .765    .80   1.61   .434   .573   .451   2.12   .380  -.163   0
 311 L20751   1291 1432    142      4      0    .854    .35   1.56   .309   .827   .454   2.21   .368  -.028   0
 312 L20771   1356 1492    137      3      0    .831    .73   1.67   .375   .515   .423   2.06   .386  -.015   1
 313 L20821   1387 1492    106      2      0    .824    .32   1.41   .251   .748   .478   2.02   .410   .006   1
 314 L20831   1662 1826    165      5      0    .710    .35   1.25   .281   .794   .540   2.80   .432   .013   0
 315 L20841   1640 1756    117      3      0    .689    .75   2.87   .618   .742   .451   2.22   .415  -.011   1
 316 L21031   1334 1596    263      8      0    .801    .52   1.75   .320   .620   .428   2.34   .390   .006   1
 317 L21831   1244 1314     71      1      0    .735   1.42   3.07   .626   .477   .363   1.86   .349   .052   1
 318 L21841   1308 1398     91      1      0    .724   1.17   2.57   .566   .449   .431   2.19   .389   .116   0
 319 L21881   1530 1681    152      4      0    .674    .55   1.93   .485   .782   .572   2.56   .496  -.022   3
 320 L22001   1164 1252     89      2      0    .830    .79   1.86   .332   .576   .294   1.77   .280   .020   1
 321 L22011   1115 1252    138      4      0    .824   1.33   3.30   .569   .579   .299   2.05   .285   .042   1
 322 L22021   1094 1251    158      5      0    .742    .61   2.12   .434   .792   .379   1.94   .338   .018   1
 323 L22031   1195 1251     57      1      0    .685   1.17   2.08   .366   .471   .276   1.71   .261  -.019   1
 324 L22051   1141 1396    256      8      0    .777    .50   3.77   .563   .848   .454   2.33   .409   .005   1
 325 L22061   1266 1435    170      5      0    .801    .74   1.99   .449   .731   .367   1.84   .330   .003   1
 326 L22571   1121 1301    181      6      0    .701    .47   2.38   .465   .861   .429   2.81   .419   .008   1
 327 L22581   1127 1305    179      5      0    .746    .53   1.86   .317   .684   .408   2.15   .374   .020   1
 328 L26201   1282 1484    203      6      0    .824    .67   2.35   .425   .588   .462   2.14   .432  -.002   1
 329 L26381   1246 1511    266      9      0    .740    .43   1.67   .343   .742   .529   2.77   .489  -.021   1
 330 L26401   1297 1432    136      4      0    .808    .49   2.80   .404   .759   .440   2.45   .429   .157   1
 331 L26581   1463 1702    240      8      0    .789    .45   3.10   .477   .784   .513   2.35   .442   .008   3
 332 L26981   1285 1378     94      2      0    .784    .96   3.01   .683   .589   .561   2.36   .491  -.003   1
 333 L27121   1397 1571    175      5      0    .813    .67   2.09   .451   .725   .390   1.95   .363  -.024   1
 334 L27131   1307 1576    270      9      0    .772    .44   2.26   .358   .746   .445   2.26   .388   .003   0
 335 L27141   1513 1664    152      4      0    .814    .55   1.97   .433   .789   .503   2.68   .462  -.012   3
 336 L27151   1563 1636     74      1      0    .607    .99   2.25   .508   .482   .460   6.06   .705   .207   0
 337 L27181   1269 1554    286     10      0    .672    .43   5.52   .611   .836   .513   2.56   .444  -.010   1
 338 L27191   1278 1597    320     10      0    .788    .59   2.15   .409   .654   .500   2.40   .436   .012   1
 339 L27241   1398 1592    195      6      0    .774    .71   2.15   .517   .826   .457   2.05   .415  -.005   2
 340 L27251   1514 1669    156      4      0    .760    .53   2.18   .431   .844   .319   1.87   .313  -.001   2
 341 L27261    907 1077    171      5      0    .770    .64   2.95   .513   .833   .405   1.75   .362  -.008   1
 342 L27271   1456 1641    186      5      0    .814    .82   4.36   .739   .781   .434   2.46   .411  -.004   2
 343 L27331   1438 1565    128      3      0    .849    .88   3.67   .712   .683   .459   2.14   .403   .008   1
 344 L27341   1435 1565    131      3      0    .836    .96   3.57   .697   .669   .428   2.18   .385   .007   1
 345 L27401   1532 1796    265      8      0    .805    .57   2.78   .476   .803   .408   2.26   .355   .019   0
 346 L27411   1339 1514    176      5      0    .808    .85   3.02   .594   .617   .546   2.24   .461  -.006   1
 347 L27451   1439 1605    167      5      0    .815    .74   2.40   .494   .716   .392   1.95   .343  -.008   0
 348 L27461   1576 1870    295      9      0    .797    .47   2.17   .350   .776   .466   2.24   .378  -.023   0
 349 L27471   1659 1976    318     11      0    .752    .40   2.22   .391   .752   .549   3.14   .552   .008   1
 350 L27481   1561 1777    217      7      0    .711    .42   1.70   .369   .786   .467   2.52   .412  -.035   1
 351 L27491   1904 1967     64      0      0    .794   1.18   3.00   .633   .674   .371   1.77   .360   .033   1
 352 L27501   1716 1898    183      5      0    .840    .55   2.53   .502   .793   .503   2.12   .389  -.058   0
 353 L27561   1848 1979    132      4      0    .818   1.16   2.75   .527   .461   .393   1.97   .355   .021   2
 354 L27581   1825 1968    144      3      0    .746    .95   2.46   .523   .677   .388   2.07   .360   .012   2
 355 L27591   1306 1441    136      3      0    .816    .62   1.62   .368   .557   .525   2.28   .449  -.011   1
 356 L27601   1252 1432    181      5      0    .827    .74   2.77   .578   .756   .514   2.21   .395  -.013   3
 357 L27611    889  959     71      1      0    .763   1.39   3.90   .755   .666   .421   1.81   .362  -.039   1
 358 L27621   1808 1965    158      4      0    .783   1.09   2.72   .550   .777   .325   1.76   .306  -.012   1
 359 L27641   1224 1398    175      5      0    .704    .71   3.08   .747   .896   .555   2.24   .444   .031   0
 360 L27671   1192 1417    226      7      0    .734    .53   1.81   .391   .819   .450   2.21   .390   .003   1
 361 L27681   1846 1948    103      2      0    .792   1.16   2.38   .462   .504   .346   1.92   .327  -.017   1
 362 L27691   1248 1564    317     10      0    .661    .52   1.90   .343   .735   .398   2.43   .370   .002   3
 363 L29321   1551 1712    162      4      0    .681    .80   2.04   .443   .572   .439   2.31   .381  -.041   3
 364 L29421    909  993     85      1      0    .758   1.26   2.45   .531   .272   .432   1.96   .370   .062   0
 365 L30451   1566 1741    176      5      0    .790    .64   2.14   .466   .716   .534   2.59   .458  -.028   3
 366 L30461   1587 1743    157      4      0    .745    .52   1.91   .416   .760   .508   2.35   .423  -.092   0
 367 L30481   1586 1731    146      4      0    .773    .33    .94   .191   .503   .564   2.81   .472   .008   0
 368 L30491   1393 1566    174      5      0    .873    .82   2.37   .500   .646   .467   2.06   .386   .008   0
 369 L30551   1464 1607    144      4      0    .823    .93   3.02   .618   .634   .447   2.19   .389   .055   0
 370 L32001   1469 1616    148      4      0    .653    .84   2.46   .577   .767   .464   1.95   .392  -.011   1
 371 L32021   1038 1168    131      3      0    .805    .85   2.48   .669   .751   .453   2.03   .380   .064   0
 372 L32041   1540 1715    176      5      0    .707    .44   1.63   .318   .684   .521   2.43   .450   .027   1
 373 L33491    903 1014    112      2      0    .780    .55   2.24   .394   .680   .485   2.17   .428   .004   1
 374 L33841   1175 1341    167      4      0    .802    .40   1.43   .293   .853   .406   1.87   .374   .002   3
 375 L33970   1510 1700    191      6      0    .797    .64   1.98   .396   .646   .399   2.07   .363   .083   0
 376 L33987   1020 1139    120      3      0    .749    .66   2.04   .517   .790   .414   1.89   .356   .012   0
 377 L34050   1138 1260    123      3      0    .762    .50   2.51   .489   .859   .477   2.54   .436  -.016   3
 378 L34871   1502 1618    117      2      0    .754    .63   2.52   .485   .767   .465   2.25   .427  -.018   2
 379 L35131   1448 1568    121      2      0    .826    .52   2.36   .430   .652   .461   2.09   .391  -.024   3
 380 L3554B   1467 1599    133      4      0    .824    .29    .96   .190   .482   .508   2.79   .438   .021   0
 381 L00151   -167   19    187      5      0    .709    .29   1.19   .249   .773   .555   2.34   .487  -.014   3
 382 L00191    342  530    189      6      0    .681    .68   2.20   .422   .751   .367   2.17   .344  -.029   1
 383 L00601   -545 -319    227      7      0    .822    .51   1.80   .376   .714   .496   2.22   .429   .012   1
 384 L00701    183  333    151      4      0    .705    .42   1.93   .282   .691   .473   2.23   .410  -.022   1
 385 L00751     60  216    157      4      0    .746    .59   1.70   .319   .628   .394   1.99   .345  -.021   3
 386 L00901    521  771    251      8      0    .786    .35   1.24   .251   .787   .454   2.38   .405  -.001   1
 387 L00911    877 1025    149      4      0    .809    .77   3.63   .721   .837   .482   2.20   .386  -.007   1
 388 L01031   -174   69    244      7      0    .755    .50   3.83   .517   .813   .580   2.70   .501   .002   2
 389 L01041    531  804    274      9      0    .758    .50   2.10   .474   .834   .466   2.19   .394  -.004   2
 390 L01111    684  902    219      7      0    .797    .44   1.69   .343   .803   .473   2.21   .415   .003   1
 391 L01141    712  895    184      5      0    .631    .51   2.93   .695   .901   .580   2.41   .487   .001   1
 392 L01151    831  904     74      1      0    .764    .90   2.28   .480   .765   .327   1.63   .316  -.025   1
 393 L01171    817  903     87      2      0    .722   1.47   3.50   .789   .744   .366   1.98   .336  -.009   2
 394 L01181    644  896    253      8      0    .747    .86   3.00   .660   .807   .460   2.51   .413   .009   3
 395 L01311    751  950    200      6      0    .806    .51   2.73   .525   .799   .465   2.19   .405   .001   2
 396 L01431    761  902    142      4      0    .716   1.01   2.44   .585   .671   .413   2.31   .423   .025   1
 397 L02191   -645 -473    173      5      0    .809    .39   1.11   .260   .730   .451   2.09   .386   .050   0
 398 L02231    592  707    116      3      0    .739    .83   2.85   .510   .626   .472   2.21   .415  -.014   1
 399 L02281     43  158    116      3      0    .710    .46   1.59   .381   .826   .439   2.01   .392   .128   0
 400 L02291    727  845    119      2      0    .666    .48   2.33   .547   .921   .425   3.27   .477   .000   1
 401 L03881    500  616    117      2      0    .671    .84   2.33   .474   .647   .359   2.55   .390   .004   1
 402 L04191    402  595    194      5      0    .718    .47   1.98   .426   .824   .578   2.82   .538  -.023   1
 403 L04201    455  608    154      4      0    .843    .64   2.03   .490   .847   .461   2.24   .409  -.024   3
 404 L04211    403  535    133      3      0    .640    .39   1.49   .289   .788   .461   2.37   .448  -.031   1
 405 L04221    417  622    206      6      0    .805    .52   1.60   .321   .670   .441   2.16   .410  -.033   1
 406 L04321    872  995    124      3      0    .761    .45   2.50   .488   .871   .548   2.60   .512   .122   0
 407 L04341   -585 -313    273      9      0    .755    .62   2.65   .589   .815   .596   2.35   .495  -.010   1
 408 L04351    776  956    181      5      0    .811    .62   2.73   .621   .846   .400   1.93   .347   .008   1
 409 L04401    588  735    148      4      0    .792    .75   2.75   .473   .676   .452   2.02   .397   .024   1
 410 L04431    521  601     81      2      0    .629   1.18   2.60   .595   .712   .326   1.74   .290  -.091   3
 411 L04441    526  603     78      1      0    .492    .78   1.68   .457   .683   .459   1.73   .381   .035   1
 412 L04451    551  601     51      0      0    .795    .90   1.98   .384   .549   .351   1.49   .321  -.014   1
 413 L04491    658  731     74      1      0    .755   1.41   2.95   .590   .512   .350   1.95   .318   .026   1
 414 L04531   -403 -270    134      4      0    .656    .85   3.15   .843   .906   .393   2.10   .342  -.029   1
 415 L05621    859 1030    172      5      0    .803    .96   2.78   .565   .523   .472   3.07   .424  -.005   1
 416 L05771    635  755    121      3      0    .784   1.09   2.40   .493   .546   .383   2.02   .343  -.116   1
 417 L05791    543  680    138      4      0    .794    .57   2.47   .449   .675   .638   2.29   .509   .057   1
 418 L05811    415  690    276      9      0    .837    .30   1.01   .206   .571   .574   2.49   .495  -.012   3
 419 L05901    550  678    129      3      0    .752    .64   2.04   .460   .701   .527   1.98   .438   .021   1
 420 L05911    567  674    108      3      0    .830    .72   2.34   .444   .625   .507   2.07   .411  -.012   1
 421 L05921    558  677    120      3      0    .831    .56   1.79   .386   .684   .533   2.25   .433  -.009   3
 422 L05941    344  595    252      8      0    .786    .52   2.57   .388   .646   .525   2.42   .436   .013   1
 423 L07571    603  719    117      2      0    .709    .65   3.43   .640   .813   .541   2.62   .491  -.013   1
 424 L08001     43  261    219      7      0    .698    .39   1.53   .263   .499   .498   2.55   .441   .026   0
 425 L08111    -96   79    176      5      0    .721    .59   1.94   .370   .724   .471   1.92   .389   .002   2
 426 L08131    300  390     91      1      0    .600    .85   3.59   .774   .730   .462   2.75   .497  -.056   3
 427 L08271    703  846    144      3      0    .723    .90   2.58   .613   .816   .331   2.07   .333  -.019   1
 428 L08281    703  845    143      3      0    .755    .89   3.03   .816   .887   .437   2.17   .379  -.010   0
 429 L08421    433  564    132      3      0    .777    .49   2.20   .396   .794   .488   2.24   .460   .013   1
 430 L08431    157  241     85      1      0    .764    .56   1.75   .322   .307   .557   3.45   .529   .137   0
 431 L08621     94  167     74      1      0    .703   1.04   2.90   .696   .652   .407   1.83   .371  -.004   1
 432 L08631    -68  169    238      7      0    .640    .25   1.17   .204   .768   .460   2.63   .445  -.016   1
 433 L08641     -3  157    161      5      0    .651    .72   2.74   .543   .761   .335   1.75   .296   .075   0
 434 L08651    117  167     51      0      0    .812   1.04   1.95   .431   .327   .435   1.92   .340  -.043   3
 435 L08661     62  167    106      2      0    .793    .88   2.25   .445   .510   .432   2.51   .379  -.009   2
 436 L08671     74  167     94      2      0    .833   1.17   2.45   .522   .498   .408   2.11   .353  -.048   0
 437 L08681     56  163    108      2      0    .817    .94   1.88   .401   .487   .403   1.69   .305  -.112   0
 438 L08691     68  163     96      2      0    .775    .75   1.50   .345   .646   .397   2.13   .345   .015   1
 439 L08701    589  704    116      3      0    .748    .76   3.00   .613   .792   .451   2.76   .454  -.053   1
 440 L08711    654  755    102      2      0    .780   1.15   2.85   .462   .391   .363   1.96   .326   .120   0
 441 L08721    586  679     94      2      0    .859    .64   2.17   .455   .777   .448   1.99   .380  -.001   1
 442 L08741    589  678     90      2      0    .791    .61   1.95   .445   .715   .474   2.17   .417  -.024   1
 443 L08751    605  662     58      0      0    .827   1.23   2.20   .483   .482   .362   1.68   .322  -.002   1
 444 L08781    725  930    206      6      0    .783    .48   1.86   .329   .647   .453   2.65   .456  -.023   1
 445 L08801    753  936    184      5      0    .817    .38   1.51   .312   .658   .561   2.56   .486  -.024   1
 446 L08811    776  940    165      4      0    .837    .56   1.81   .355   .600   .477   2.16   .439   .001   1
 447 L08821    741  954    214      7      0    .668    .27   1.86   .261   .769   .558   2.84   .546   .018   1
 448 L08831    738  954    217      7      0    .774    .33   1.06   .254   .646   .589   2.71   .527  -.028   1
 449 L08841    832  963    132      3      0    .730    .62   1.57   .365   .600   .499   2.80   .448   .037   1
 450 L09071    747  905    159      5      0    .807    .44   1.83   .386   .825   .398   2.31   .385   .049   1
 451 L09081     -7  199    207      7      0    .789    .88   2.83   .695   .622   .602   2.65   .452  -.009   2
 452 L09101    556  677    122      3      0    .855    .91   2.58   .614   .745   .401   2.07   .360   .016   1
 453 L09271    755  937    183      5      0    .725    .18    .47   .098   .636   .430   1.94   .387  -.034   1
 454 L09301    866 1131    266      9      0    .789    .47   1.72   .346   .703   .518   2.49   .448  -.009   1
 455 L11521    101  301    201      6      0    .848    .65   1.83   .388   .499   .516   1.95   .419  -.056   0
 456 L11531    134  301    168      5      0    .751    .38   1.10   .194   .733   .325   1.94   .303   .008   1
 457 L11632   -202  138    341     12      0    .763    .44   1.85   .354   .718   .540   2.22   .441   .076   0
 458 L11641    737  909    173      5      0    .682    .77   2.64   .538   .679   .453   3.19   .454   .036   2
 459 L11651    193  545    353     12      0    .727    .55   3.91   .591   .804   .507   2.54   .419  -.023   0
 460 L11671   -293 -204     90      1      0    .809   1.07   2.69   .611   .721   .400   1.93   .340  -.014   3
 461 L11711   -547 -502     46      0      0    .705   1.53   2.86   .648   .523   .371   1.65   .323   .127   0
 462 L11731    454  629    176      5      0    .648    .34   1.61   .286   .893   .363   1.92   .325   .022   1
 463 L11741    490  635    146      4      0    .729    .81   2.86   .681   .859   .391   2.02   .353   .071   0
 464 L11781    660  748     89      1      0    .719    .82   2.54   .650   .868   .312   1.61   .293  -.064   1
 465 L12092    835 1001    167      5      0    .777    .63   2.75   .604   .821   .628   2.83   .502  -.091   0
 466 L12101    777  852     76      1      0    .852    .52   1.81   .508   .795   .531   2.37   .484  -.001   1
 467 L12281   -560 -434    127      3      0    .774    .58   1.42   .337   .378   .569   2.15   .476   .006   1
 468 L12312    348  584    237      8      0    .790    .47   2.81   .544   .851   .578   2.30   .474  -.018   1
 469 L12321   -233  -99    135      4      0    .758    .56   2.58   .466   .604   .574   2.43   .521   .015   1
 470 L12331   -348 -122    227      7      0    .692    .35   1.35   .284   .638   .679   3.43   .552  -.010   3
 471 L12571   -312  -14    299     10      0    .712    .45   2.29   .346   .756   .470   2.12   .402   .001   2
 472 L13191    477  589    113      2      0    .801    .78   2.26   .557   .881   .368   1.88   .364  -.010   1
 473 L13261    778  916    139      3      0    .867    .60   2.72   .611   .752   .542   2.38   .480   .005   1
 474 L13271    768  931    164      5      0    .826    .42   1.86   .395   .670   .603   2.61   .523   .001   1
 475 L13321    454  560    107      2      0    .794   1.36   2.90   .574   .460   .367   2.14   .345   .007   3
 476 L13351    -77   78    156      5      0    .813    .64   1.57   .326   .561   .418   2.06   .366   .071   0
 477 L13371     86  341    256      8      0    .805    .45   1.53   .320   .702   .531   2.25   .441   .032   0
 478 L13391    198  413    216      7      0    .733    .81   2.98   .742   .777   .463   2.72   .413   .020   0
 479 L13401    118  252    135      4      0    .795    .61   1.55   .326   .417   .522   2.72   .430   .062   0
 480 L13411     94  248    155      4      0    .751    .46   2.23   .479   .867   .625   2.86   .526   .044   0
 481 L13421    101  247    147      3      0    .686    .56   2.05   .537   .879   .565   2.28   .440  -.010   2
 482 L13431     98  248    151      3      0    .549    .47   1.88   .482   .921   .577   3.56   .577   .058   3
 483 L13441    113  230    118      3      0    .822    .40   2.48   .473   .899   .490   2.21   .399   .004   2
 484 L13551    121  288    168      5      0    .712    .38   1.27   .264   .721   .459   3.17   .441  -.019   1
 485 L13561    201  260     60      0      0    .824   1.15   2.22   .348   .382   .244   1.65   .257   .014   1
 486 L13571    122  280    159      5      0    .800    .77   2.22   .445   .646   .407   2.21   .366   .008   2
 487 L13581    294  406    113      3      0    .777    .42   1.21   .264   .568   .474   2.25   .453  -.024   1
 488 L13621    531  651    121      3      0    .761    .77   2.55   .568   .739   .475   1.99   .429  -.017   1
 489 L13681   -327  -65    263      8      0    .817    .46   1.63   .308   .577   .554   2.53   .422  -.016   3
 490 L13701   -652 -555     98      1      0    .839    .76   1.83   .466   .818   .403   2.25   .385  -.018   3
 491 L13711   -685 -553    133      3      0    .855    .81   2.56   .553   .772   .428   1.92   .370  -.011   1
 492 L13721   -687 -536    152      4      0    .766    .71   3.04   .658   .850   .516   2.66   .455   .061   0
 493 L13731   -688 -533    156      4      0    .808    .61   2.40   .524   .851   .520   2.31   .440   .000   2
 494 L14741     76  176    101      2      0    .609    .82   2.40   .567   .607   .532   3.43   .514  -.031   1
 495 L15031    -18  161    180      5      0    .785    .46   2.26   .387   .798   .512   2.14   .438  -.001   1
 496 L15071    176  216     41      0      0    .786   1.29   2.47   .602   .495   .414   1.94   .397   .025   1
 497 L15081    742 1017    276      9      0    .798    .39   1.19   .267   .638   .503   3.03   .474  -.001   1
 498 L15941   -327 -199    129      4      0    .730    .70   2.07   .469   .776   .487   2.07   .400   .033   1
 499 L15961    583  634     52      0      0    .714    .79   2.02   .485   .690   .487   1.73   .394   .027   2
 500 L16021    353  390     38      0      0    .706   1.35   2.29   .452   .130   .328   1.66   .308   .035   0
 501 L16141   -764 -651    114      1      0    .567    .82   1.68   .357   .452   .361   2.05   .352  -.030   1
 502 L16811    -49  130    180      5      0    .740    .28    .97   .200   .589   .572   2.54   .531   .033   1
 503 L17181    720  803     84      2      0    .690    .37    .76   .183   .517   .396   1.90   .365   .088   0
 504 L17651    446  564    119      3      0    .794    .41   1.40   .309   .799   .485   2.26   .426   .007   1
 505 L17681    -69  195    265      8      0    .821    .40   2.13   .353   .650   .710   3.02   .558   .011   0
 506 L17751    861  947     87      1      0    .759   1.19   4.00   .669   .614   .432   2.03   .367   .017   1
 507 L17771   -690 -541    150      4      0    .693    .51   1.78   .406   .680   .545   2.11   .443  -.020   1
 508 L17801    763  822     60      0      0    .722    .80   2.24   .476   .586   .473   2.36   .473  -.038   1
 509 L17811    702  827    126      3      0    .848    .72   2.42   .458   .723   .446   1.93   .389  -.016   1
 510 L17991    789  901    113      3      0    .762    .43   1.29   .281   .647   .493   2.64   .445   .126   3
 511 L18861    118  210     93      2      0    .660    .62   2.99   .660   .795   .622   2.27   .533  -.043   1
 512 L18881    668  756     89      2      0    .850   1.07   2.25   .427   .420   .358   1.76   .322   .017   1
 513 L18891    610  662     53      0      0    .816   1.26   2.33   .493   .426   .384   1.68   .321   .020   1
 514 L18901    501  817    317     10      0    .842    .27    .88   .156   .522   .485   2.23   .413  -.001   1
 515 L18921     42  161    120      3      0    .793   1.14   2.87   .648   .613   .442   2.05   .385  -.068   1
 516 L18991    575  769    195      5      0    .726    .54   2.08   .378   .712   .493   2.57   .428  -.017   3
 517 L19001    -14  171    186      5      0    .844    .50   2.01   .391   .777   .458   2.20   .381   .004   0
 518 L19011    763  905    143      4      0    .709    .76   2.14   .469   .631   .416   2.36   .405  -.001   1
 519 L19021   -692 -550    143      4      0    .764   1.12   3.60   .774   .777   .418   2.49   .399  -.004   2
 520 L19211    762  927    166      5      0    .752    .85   2.67   .530   .727   .358   2.21   .359   .032   1
 521 L19221    116  273    158      4      0    .624    .55   1.49   .287   .372   .482   2.11   .392  -.036   3
 522 L19231    751  925    175      5      0    .871    .64   1.77   .386   .641   .405   2.02   .381  -.018   1
 523 L19241     29  219    191      5      0    .754    .32   1.83   .307   .823   .557   2.28   .448   .064   0
 524 L19311    559  770    212      6      0    .841    .53   2.27   .427   .752   .471   1.90   .401   .003   1
 525 L19321   -677 -634     44      0      0    .718   1.09   2.32   .418   .314   .339   1.97   .351   .204   0
 526 L19341   -334 -253     82      1      0    .854    .81   1.76   .412   .618   .401   1.64   .349   .042   1
 527 L19351    607  809    203      6      0    .760    .55   2.82   .477   .704   .575   2.28   .470   .003   1
 528 L19411    302  461    160      4      0    .712    .85   2.35   .513   .607   .409   2.51   .393  -.020   1
 529 L20351   -652 -547    106      2      0    .830    .33   1.29   .237   .758   .539   2.23   .446  -.051   3
 530 L20521   -252 -140    113      3      0    .631    .59   1.80   .390   .624   .538   2.20   .417  -.000   2
 531 L20621    278  361     84      1      0    .569   1.04   2.25   .402   .333   .377   1.93   .312  -.011   0
 532 L20651    785  875     91      2      0    .748    .59   2.74   .477   .614   .420   2.25   .415   .016   1
 533 L20701   -530 -451     80      2      0    .743    .65   1.54   .323   .573   .410   1.82   .351   .121   0
 534 L20741    445  676    232      8      0    .746    .53   1.61   .388   .827   .450   2.17   .381   .005   2
 535 L20761    554  608     55      0      0    .708   1.61   4.56  1.085   .702   .461   1.62   .364   .069   1
 536 L20881    812  924    113      3      0    .785    .82   2.08   .428   .577   .412   2.13   .398   .028   1
 537 L20891    765  893    129      3      0    .824    .37   1.43   .332   .743   .519   2.08   .481   .035   1
 538 L20931    754  908    155      4      0    .808    .63   2.73   .584   .838   .447   2.13   .402  -.008   1
 539 L21741    530  705    176      5      0    .765    .56   2.63   .497   .829   .429   2.03   .358  -.032   3
 540 L21781    643  715     73      1      0    .701   1.34   2.39   .514   .296   .377   1.95   .344   .112   0
 541 L21821    876  950     75      1      0    .807    .94   3.39   .650   .678   .510   2.58   .457  -.023   1
 542 L21901   -570 -396    175      5      0    .817    .57   1.75   .369   .548   .594   3.08   .506  -.013   1
 543 L21981    235  327     93      2      0    .812    .71   2.13   .434   .828   .305   1.66   .286  -.003   1
 544 L21991    233  327     95      2      0    .807   1.19   3.06   .695   .845   .284   1.67   .278   .001   1
 545 L22041    100  189     90      1      0    .831   1.02   3.25   .645   .532   .522   2.16   .407   .013   3
 546 L26181    207  387    181      5      0    .706    .62   2.46   .559   .890   .403   2.08   .357  -.004   3
 547 L26221    194  348    155      4      0    .807    .78   2.65   .476   .727   .351   1.97   .341  -.031   1
 548 L26261     72  178    107      3      0    .742   1.09   2.54   .583   .607   .391   1.81   .344   .008   2
 549 L26271    182  348    167      4      0    .793    .96   3.17   .612   .638   .410   2.02   .360   .088   0
 550 L26311   -638 -553     86      1      0    .798    .94   2.35   .528   .638   .430   1.82   .411  -.008   1
 551 L26321     61  270    210      6      0    .707    .50   1.52   .313   .697   .410   2.05   .357  -.009   1
 552 L26331    119  300    182      6      0    .712    .47   1.39   .245   .652   .351   1.95   .347  -.016   1
 553 L26341     78  301    224      7      0    .775    .41   1.55   .292   .761   .433   2.09   .394  -.001   1
 554 L26351   -215 -153     63      0      0    .733   1.28   2.40   .508   .684   .288   1.41   .223  -.068   0
 555 L26361   -105   80    186      6      0    .819    .60   2.83   .584   .917   .369   2.06   .328  -.004   1
 556 L26371    318  425    108      3      0    .734    .81   1.99   .401   .487   .403   2.09   .403   .030   2
 557 L26431    687  907    221      7      0    .761    .67   2.68   .603   .858   .412   2.17   .388   .015   3
 558 L26461    416  634    219      7      0    .759    .36   1.45   .332   .799   .528   2.56   .490  -.014   1
 559 L26471    100  300    201      6      0    .651    .37   2.01   .370   .798   .565   3.10   .488  -.005   3
 560 L26481     58  253    196      6      0    .791    .49   1.80   .357   .718   .445   1.99   .402   .001   1
 561 L26501    444  550    107      3      0    .815    .88   2.90   .647   .843   .345   2.50   .364   .023   1
 562 L26511   -307 -206    102      2      0    .713   1.17   3.80   .770   .731   .364   2.16   .342  -.004   3
 563 L26781   -546 -448     99      2      0    .844    .82   1.98   .552   .839   .401   2.33   .388  -.018   1
 564 L26791    163  473    311     10      0    .708    .41   1.49   .309   .739   .485   2.36   .419   .001   2
 565 L26851    288  457    170      5      0    .755    .86   5.03   .942   .924   .378   1.84   .359  -.012   1
 566 L26861    123  325    203      7      0    .629    .67   2.22   .558   .631   .576   2.55   .496  -.009   1
 567 L26871     83  270    188      5      0    .766    .49   1.80   .459   .905   .463   2.10   .391  -.001   2
 568 L26891   -283 -163    121      3      0    .387    .84   2.61   .602   .624   .516  10.75  1.025   .063   2
 569 L26901    734  830     97      2      0    .836    .99   2.47   .575   .522   .426   1.89   .398   .118   0
 570 L26991    868 1038    171      5      0    .750    .63   2.55   .578   .829   .516   1.99   .428  -.035   0
 571 L27001     36  210    175      5      0    .773    .87   2.36   .568   .624   .494   2.41   .414   .011   1
 572 L27011     52  207    156      4      0    .783    .84   2.49   .588   .673   .517   2.93   .475   .008   2
 573 L27021    -91   51    143      4      0    .791    .85   3.20   .580   .787   .377   2.22   .329  -.007   1
 574 L27041    786  979    194      6      0    .792    .66   2.26   .572   .814   .526   2.28   .434   .101   0
 575 L27101    551  690    140      3      0    .762    .73   2.98   .602   .789   .404   2.11   .372  -.049   3
 576 L27221    403  595    193      5      0    .729    .35   2.04   .319   .764   .515   2.41   .468   .007   2
 577 L27231    744 1009    266      9      0    .800    .46   2.69   .407   .723   .601   2.74   .530  -.015   1
 578 L27311    718  903    186      6      0    .809    .73   2.00   .518   .737   .399   2.19   .375  -.006   1
 579 L27321   -760 -557    204      4      0    .691    .79   2.50   .395   .657   .382   1.79   .343  -.022   1
 580 L27371    -88   46    135      3      0    .794    .36   1.90   .430   .918   .516   1.89   .395  -.121   0
 581 L27381   -121   11    133      3      0    .750    .46   1.24   .270   .728   .438   1.95   .387  -.025   1
 582 L27391    133  240    108      2      0    .618    .66   1.77   .363   .629   .394   2.49   .387   .018   2
 583 L27421    815  907     93      2      0    .748   1.12   3.12   .712   .820   .355   2.39   .356   .017   1
 584 L27431    223  302     80      2      0    .692   1.39   2.96   .544   .650   .258   1.65   .250  -.013   1
 585 L27441    793  917    125      3      0    .812    .74   3.14   .619   .822   .531   2.63   .490  -.022   1
 586 L27521    544  760    217      7      0    .754    .55   2.39   .376   .668   .459   2.14   .404  -.013   3
 587 L27531    569  761    193      6      0    .778    .67   2.58   .466   .692   .424   2.42   .393   .003   1
 588 L27541    848  950    103      3      0    .787    .66   3.11   .709   .839   .551   2.30   .535  -.007   1
 589 L27571    492  614    123      3      0    .676    .93   3.05   .734   .778   .504   2.30   .425   .117   0
 590 L27701    878 1099    222      7      0    .735    .76   3.15   .628   .833   .427   1.94   .368   .001   2
 591 L29282    162  299    138      4      0    .722    .77   2.21   .492   .711   .419   2.74   .409   .016   1
 592 L29451    569  769    201      6      0    .815    .59   2.07   .473   .721   .625   2.26   .494  -.002   1
 593 L29471    805  902     98      2      0    .711    .88   1.84   .463   .583   .481   2.20   .425   .021   2
 594 L30331     76  203    128      3      0    .810    .81   2.66   .679   .806   .475   2.10   .385  -.031   0
 595 L30531    874 1039    166      4      0    .797    .51   1.42   .336   .679   .515   1.97   .420   .017   2
 596 L30541     55  195    141      3      0    .694    .64   2.31   .371   .713   .382   2.16   .346   .009   1
 597 L31781     57  157    101      2      0    .806    .72   2.25   .431   .525   .521   1.61   .349   .005   3
 598 L31791     58  157    100      2      0    .731    .90   2.48   .536   .618   .416   1.84   .342  -.020   2
 599 L31801     67  166    100      2      0    .807    .73   1.50   .377   .715   .356   2.18   .307  -.005   2
 600 L31811     18  153    136      4      0    .709   1.42   3.10   .666   .542   .376   2.09   .343  -.041   1
 601 L31821     12  150    139      4      0    .786    .32   1.37   .296   .788   .439   1.85   .349  -.028   0
 602 L32071    875  965     91      1      0    .758    .64   1.72   .346   .543   .434   2.01   .396  -.012   2
 603 L32111    875 1062    188      6      0    .855    .41   2.23   .348   .651   .477   1.99   .378  -.070   0
 604 L32431   -518 -350    169      5      0    .807    .48   1.67   .374   .724   .522   1.93   .432   .018   1
 605 L32471   -585 -352    234      7      0    .736    .47   2.24   .431   .793   .592   2.57   .484  -.006   1
 606 L33341    171  274    104      3      0    .824   1.32   2.88   .582   .376   .378   1.94   .365   .133   0
 607 L33372    324  608    285     10      0    .754    .75   2.12   .413   .616   .414   2.31   .378  -.014   1
 608 L33442   -492 -310    183      5      0    .689    .51   1.48   .338   .674   .472   2.27   .398   .002   2
 609 L33471    179  369    191      5      0    .704    .38   1.20   .253   .759   .422   1.83   .366  -.019   1
 610 L33541    864  954     91      2      0    .786    .97   2.93   .636   .768   .415   2.64   .410   .009   1
 611 L33951    585  782    198      6      0    .673    .66   2.08   .446   .775   .432   2.32   .403  -.002   2
 612 L34931    578  807    230      7      0    .739    .45   1.65   .285   .653   .430   2.20   .410   .005   3
 613 L35492   -169  -62    108      2      0    .680    .36   1.33   .227   .668   .366   1.83   .315  -.003   1
 614 L35651    636  718     83      1      0    .683    .70   1.65   .328   .639   .386   1.79   .339   .083   1
 615 L36061   -228  -59    170      5      0    .703    .45   1.87   .272   .681   .410   1.73   .330  -.001   3
 --- -------- ---------  -----  -----  -----   ------ -----  -----  -----  -----  -----  -----  -----  -----  --
 Total or mean:          94231   2531      1    .760    .65   6.71   .446   .702   .455  10.75   .407   .002

 DATA CHECKS (rwl.check): russ223
-----------------------------------------------------------------------------------------------------------------------------------
 rwl.check: data_files/treering/measurements/asia/russ223.rwl
 615 series, 94231 measurements, -764-2005, 0.005 mm precision
 0 error(s), 147 warning(s), 196 note(s)
 -------------
 WARNING
   RWL_HEADER_SPAN (1)
     the header declares 764-2005 but the measurements cover -764-2005
   RWL_SERIES_OUTLIER (9)
     JAH061: correlates with the rest of the collection at r = 0.478 where the collection median is 0.757 (4.1 MAD below it); it does not fit the collection it is in
     L00671: correlates with the rest of the collection at r = 0.334 where the collection median is 0.757 (6.2 MAD below it); it does not fit the collection it is in
     L02331: correlates with the rest of the collection at r = 0.439 where the collection median is 0.757 (4.7 MAD below it); it does not fit the collection it is in
     L02431: correlates with the rest of the collection at r = 0.37 where the collection median is 0.757 (5.7 MAD below it); it does not fit the collection it is in
     L08131: correlates with the rest of the collection at r = 0.461 where the collection median is 0.757 (4.3 MAD below it); it does not fit the collection it is in
     L14021: correlates with the rest of the collection at r = 0.369 where the collection median is 0.757 (5.7 MAD below it); it does not fit the collection it is in
     L26891: correlates with the rest of the collection at r = 0.368 where the collection median is 0.757 (5.7 MAD below it); it does not fit the collection it is in
     LS0110: correlates with the rest of the collection at r = 0.479 where the collection median is 0.757 (4.1 MAD below it); it does not fit the collection it is in
     LS0410: correlates with the rest of the collection at r = 0.457 where the collection median is 0.757 (4.4 MAD below it); it does not fit the collection it is in
   RWL_SITE_CODE (137)
     C0107: site code differs from the l used by 473 of 615 series
     C2606: site code differs from the l used by 473 of 615 series
     C2706: site code differs from the l used by 473 of 615 series
     C2806: site code differs from the l used by 473 of 615 series
     C29061: site code differs from the l used by 473 of 615 series
     C30012: site code differs from the l used by 473 of 615 series
     CC0106: site code differs from the l used by 473 of 615 series
     CC0206: site code differs from the l used by 473 of 615 series
     CC0806: site code differs from the l used by 473 of 615 series
     CC1506: site code differs from the l used by 473 of 615 series
     ... and 127 more; see as.data.frame()
 196 note(s) not shown; see rwl.check() or the 'check' element of this report.

 NOTES
-----------------------------------------------------------------------------------------------------------------------------------
 Report generated using dplR 1.8.1 (R 4.5.2) on 2026-10-01 16:54 PDT.
 Measurement file russ223.rwl, MD5 54b35eb5d76ced3a8f8b91320aa280f4.
 Filtering: each series divided by a 32-year smoothing spline (caps()), then prewhitened with
   an AR model (order by AIC, at most 3).
 Master: biweight robust mean of the other series (leave-one-out).
 Correlation: Pearson, one-tailed, pcrit = 0.01; critical r = 0.3281 for 50-year segments.
 Segments: 50 years, lagged 25, first segment floored to 100. Lags searched: +/- 10 years.
 A segment is tested only where the series and the master cover all of it, at the dated
   position and at every lag. COFECHA also tests partial segments at the ends of a series, so
   series here may show fewer segments, and no flags can be raised at the ends of the record.
 Lags follow COFECHA: negative means rings are probably missing from the series, positive means
   false rings. A missing ring carries its lag into every segment before it, so look where the
   lag changes along a series. A B flag is a hypothesis to check on the wood; the gain says how
   seriously to take it.
 A B flag marked "weak at every lag" correlates under the critical value even at its best lag:
   the segment is weak wherever it is placed, and the shift is not evidence of a dating error.
   Treat it as a low correlation, like an A.
 Averages in the summary and the totals are weighted by the number of years in each series, as
   COFECHA's are.
 Unfiltered block and mean sensitivity: the measurements as read, and sens1().
 dplR filtered block: the series that was correlated, after filtering. COFECHA's filtered
   series is defined differently, so these three columns are not COFECHA's numbers.
 AR: order of the AR model used to prewhiten.
 Left out of the crossdating: the 'nyrs' spline for series L14011 is not all positive, so
   dividing by it would give negative or infinite indices. Remove the series, or detrend the
   data yourself with detrend() and pass the indices with 'nyrs = NULL'
