
 COFECHA-style crossdating report: ausl024
 Report generated using dplR 1.8.1 (R 4.5.2) on 2026-10-01 16:50 PDT
 Built with dplR's xdate.report(), not COFECHA; see the notes at the end.


      Measurement file name  : ausl024.rwl
      MD5 of measurement file: a0160cf7271fc84e34b8431998d487e6
      Date checked           : 01OCT26
      Beginning year         : -2145
      Ending year            : 1990
      Principal investigators: Cook, E.R.
      Site name              : Lake Johnson  Mt. Read
      Species information    : LGFR Lagarostrobos franklinii (Hook. f.) Quinn
      Latitude               : 41.8500 S
      Longitude              : 145.5300 E
      Elevation              : 950 m

      Series intercorrelation: 0.499
      Avg mean sensitivity   : 0.198
      Avg standard deviation : 0.115
      Avg autocorrelation    : 0.822
      Number dated series    : 305
      Series crossdated      : 298
      Segment length tested  : 50

      Number problem segments: 923  (A 288, B 635; 365 of the B weak at every lag)
      Pct problem segments   : 15.50


 CORRELATION OF SERIES BY SEGMENTS: ausl024
-----------------------------------------------------------------------------------------------------------------------------------
 Correlations of  50-year dated segments, lagged  25 years
 Flags:  A = correlation under   .3281 but highest as dated;  B = correlation higher at other than dated position

 Seq Series  Time_span  -2100 -2075 -2050 -2025 -2000 -1975 -1950 -1925 -1900 -1875 -1850 -1825 -1800 -1775 -1750 -1725 -1700 -1675 -1650 -1625 
                        -2051 -2026 -2001 -1976 -1951 -1926 -1901 -1876 -1851 -1826 -1801 -1776 -1751 -1726 -1701 -1676 -1651 -1626 -1601 -1576 
 --- -------- ---------  ---- ---- ---- ---- ---- ---- ---- ---- ---- ---- ---- ---- ---- ---- ---- ---- ---- ---- ---- ---- 
 151 JDA70A   -2145 -1476                                          .15B .13B .15B .18B .23B .31A .46  .35 -.01B-.05B .13B .19B
 164 JDA83B   -1918 -1370                                          .77  .83  .74  .67  .66  .62  .56  .58  .32A .35  .66  .45 
 165 JDA83BL  -1919 -1294                                          .75  .84  .78  .63  .66  .59  .48  .68  .37  .32A .57  .49 
 166 JDA83BS  -1898 -1690                                               .58  .48  .34  .39  .56  .48                          
 212 KDH023A  -1723 -830                                                                                  .23A .44  .55  .44B
 213 KDH023R  -1719 -863                                                                                  .09B .36  .61  .56 
 Av segment correlation                                          .56  .59  .54  .46  .48  .52  .49  .53  .20  .29  .50  .43 

 CORRELATION OF SERIES BY SEGMENTS: ausl024
-----------------------------------------------------------------------------------------------------------------------------------
 Correlations of  50-year dated segments, lagged  25 years
 Flags:  A = correlation under   .3281 but highest as dated;  B = correlation higher at other than dated position

 Seq Series  Time_span  -1600 -1575 -1550 -1525 -1500 -1475 -1450 -1425 -1400 -1375 -1350 -1325 -1300 -1275 -1250 -1225 -1200 -1175 -1150 -1125 
                        -1551 -1526 -1501 -1476 -1451 -1426 -1401 -1376 -1351 -1326 -1301 -1276 -1251 -1226 -1201 -1176 -1151 -1126 -1101 -1076 
 --- -------- ---------  ---- ---- ---- ---- ---- ---- ---- ---- ---- ---- ---- ---- ---- ---- ---- ---- ---- ---- ---- ---- 
  65 JDA01A   -1350 -1105                                                         .04B .41  .60  .53  .61  .61  .47           
  66 JDA01A2  -1350 -472                                                        -.14B .28B .53  .56  .66  .65  .55  .60  .69 
  67 JDA001B  -1270 -812                                                                        .60  .55  .59  .61  .56  .48 
  68 JDA001A  -1300 -440                                                                   .60  .71  .68  .61  .64  .70  .63 
  79 JDA04CA  -1202 -646                                                                                  .49  .56  .64  .60 
  80 JDA04CB  -1210 -717                                                                                  .35B .55  .57  .55 
 121 JDA39A   -1230 -726                                                                             .36  .60  .65  .62  .66 
 122 JDA39L   -1240 -771                                                                             .38  .47  .64  .67  .56 
 123 JDA39R   -1240 -651                                                                             .22B .68  .67  .64  .62 
 130 JDA53A   -1224 -638                                                                                  .49  .22B .40  .56 
 131 JDA53B   -1183 -652                                                                                       .25B .50  .56 
 132 JDA55A   -1150 -960                                                                                                 .09B
 134 JDA57Ab  -1266 -956                                                                        .40  .16B .11B .61  .76  .68 
 135 JDA57AA  -1296 -932                                                                   .61  .59  .54  .39  .53  .75  .61 
 144 JDA62A   -1340 -1090                                                         .53  .74  .56  .52  .50  .49  .55  .25A     
 146 JDA63AB  -1147 -635                                                                                                 .05B
 147 JDA63A   -1213 -701                                                                                  .44  .43  .35  .38 
 148 JDA63B   -1153 -988                                                                                            .50  .41 
 151 JDA70A   -2145 -1476  .37B .50  .43  .46                                                                                 
 152 JDA77BL  -1222 -471                                                                                  .39B .25B .32A .55 
 153 JDA77BS  -1220 -672                                                                                  .35B .28A .43  .49 
 157 JDA81A   -1621 -1301  .65  .74  .70  .53  .50  .60  .80  .77  .60  .56  .55                                              
 158 JDA081B  -1621 -1301  .67  .70  .64  .55  .45  .48  .57  .68  .67  .52  .40                                              
 159 JDA081C  -1621 -1301  .53  .53  .64  .62  .52  .50  .65  .82  .70  .62  .66                                              
 161 JDA83A1  -1563 -990            .64  .76  .61  .52  .76  .70  .41  .55  .62  .65  .68  .58  .66  .62  .50  .61  .65  .63 
 162 JDA83A2  -1563 -1153            .65  .73  .59  .57  .71  .67  .49  .52  .60  .66  .61  .58  .59  .59                     
 163 JDA83A3  -1533 -1257                 .68  .64  .57  .67  .68  .55  .54  .62  .75                                         
 164 JDA83B   -1918 -1370  .46  .66  .65  .69  .68  .56  .65  .68                                                             
 165 JDA83BL  -1919 -1294  .44  .61  .70  .77  .69  .54  .60  .65  .71  .54  .23A                                             
 167 JDA83CS  -1286 -1024                                                                   .30A .39  .43  .39  .52  .68  .60 
 168 JDA83CL  -1194 -818                                                                                       .31A .64  .53 
 175 JDA      -1377 -991                                                    .58  .56  .57  .64  .70  .65  .62  .67  .77  .67 
 212 KDH023A  -1723 -830  .48  .53  .33B .18B .29B .42  .61  .57  .53  .53  .45  .49  .60  .47  .45  .42  .37  .34  .43  .56 
 213 KDH023R  -1719 -863  .51  .57  .39  .23B .36B .40  .58  .67  .59  .49  .44  .51  .55  .43  .48  .64  .65  .64  .69  .71 
 214 KDH023L  -1622 -827  .32B .51  .55  .44  .48  .26B .42  .69  .72  .57  .53  .58  .53  .50  .38  .40  .53  .60  .64  .70 
 304 KDH115A  -1300 -959                                                                   .40B .03B-.02B .07B .54  .67  .59 
 305 KDH115B  -1300 -970                                                                   .38B .13B .10B .11B .50  .55  .34 
 Av segment correlation  .49  .59  .58  .55  .53  .49  .64  .69  .60  .54  .52  .46  .55  .51  .48  .45  .46  .51  .58  .54 

 CORRELATION OF SERIES BY SEGMENTS: ausl024
-----------------------------------------------------------------------------------------------------------------------------------
 Correlations of  50-year dated segments, lagged  25 years
 Flags:  A = correlation under   .3281 but highest as dated;  B = correlation higher at other than dated position

 Seq Series  Time_span  -1100 -1075 -1050 -1025 -1000 -975 -950 -925 -900 -875 -850 -825 -800 -775 -750 -725 -700 -675 -650 -625 
                        -1051 -1026 -1001 -976 -951 -926 -901 -876 -851 -826 -801 -776 -751 -726 -701 -676 -651 -626 -601 -576 
 --- -------- ---------  ---- ---- ---- ---- ---- ---- ---- ---- ---- ---- ---- ---- ---- ---- ---- ---- ---- ---- ---- ---- 
  66 JDA01A2  -1350 -472  .75  .78  .81  .72  .52  .58  .52  .43  .65  .72  .55  .52  .58  .68  .48  .49  .66  .51  .65  .83 
  67 JDA001B  -1270 -812  .51  .53  .55  .58  .51  .47  .39  .41  .63  .73                                                   
  68 JDA001A  -1300 -440  .64  .71  .68  .64  .64  .73  .71  .71  .75  .70  .67  .67  .67  .65  .68  .67  .62  .70  .77  .74 
  70 JDA02C   -768 -529                                                                        .24B .43  .03B .09B .49  .39 
  71 JDA02D   -800 -616                                                                   .42  .29A .47  .40  .47           
  79 JDA04CA  -1202 -646  .53  .61  .47  .32A .55  .46  .32A .16B .36  .60  .51  .53  .47  .33B .50  .39  .37                
  80 JDA04CB  -1210 -717  .46  .45  .57  .73  .62  .66  .46  .32A .54  .64  .39  .42  .50  .44                               
  87 JDA08A   -1004 -354                      .71  .76  .68  .59  .69  .76  .57  .57  .61  .54  .58  .66  .53  .52  .66  .71 
  97 JDA15A   -950 -590                                     .42  .56  .63  .60  .66  .58  .44  .58  .61  .43  .42  .56      
  99 JDA17A   -785 -301                                                                   .28B .58  .50  .41  .37  .31A .55 
 100 JDA17B   -745 -315                                                                             .51  .52  .51  .52  .60 
 103 JDA021A  -700   80                                                                                       .22B .41  .59 
 119 JDA37B   -649 -201                                                                                                 .50 
 121 JDA39A   -1230 -726  .57  .58  .71  .65  .39  .23B .28B .50  .44  .44  .55  .58  .56  .49                               
 122 JDA39L   -1240 -771  .66  .77  .73  .57  .46  .62  .70  .72  .61  .43  .39  .58                                         
 123 JDA39R   -1240 -651  .52  .57  .73  .66  .32A .28A .39  .47  .47  .36B .46  .61  .49  .34  .30A .33  .24B               
 128 JDA50A   -1022 -755                      .62  .64  .61  .59  .59  .40  .29B .34B                                        
 129 JDA50B   -1022 -830                      .54  .54  .53  .52  .51                                                        
 130 JDA53A   -1224 -638  .68  .82  .74  .56  .51  .51  .46  .52  .68  .68  .51  .57  .54  .54  .50  .55  .61                
 131 JDA53B   -1183 -652  .64  .76  .72  .64  .56  .51  .53  .61  .73  .69  .48  .65  .63  .51  .50  .60                     
 132 JDA55A   -1150 -960  .45  .68  .55  .51                                                                                 
 133 JDA57A   -1009 -828                      .49  .50  .62  .67  .75                                                        
 134 JDA57Ab  -1266 -956  .67  .56  .55  .58                                                                                 
 135 JDA57AA  -1296 -932  .57  .68  .67  .55  .36                                                                            
 136 JDA59A   -1096 -766       .33A .35  .45  .18B .21B .71  .58  .51  .60  .59  .24B                                        
 137 JDA59B   -713 -360                                                                                  .77  .75  .67  .54 
 138 JDA59C   -1096 -805       .35  .44  .47  .36  .39  .63  .45  .41  .54                                                   
 139 JDA59D   -705 -328                                                                                  .66  .44  .44B .47 
 140 JDA60A   -1050 -762                 .39  .40  .47  .54  .43  .45  .57  .67  .56                                         
 141 JDA60A2  -1070 -758            .01B .19B .13B .22B .66  .31A .41  .70  .57  .32A                                        
 142 JDA60B   -1083 -757       .22B .38  .36  .47  .59  .62  .44  .40  .55  .68  .50                                         
 143 JDA61A   -1119 -907  .34B .53  .45  .42  .41  .38                                                                       
 145 JDA63AA  -1027 -607                      .50  .64  .58  .34  .43  .67  .47  .52  .71  .62  .58  .64  .54  .35           
 146 JDA63AB  -1147 -635  .50  .50  .47  .58  .58  .22B .15B .38  .57  .53  .42  .54  .67  .58  .54  .55  .43                
 147 JDA63A   -1213 -701  .58  .64  .61  .55  .47  .33  .26B .27B .38  .45  .16B .26A .46  .22B-.09B                         
 148 JDA63B   -1153 -988  .63  .59  .41                                                                                      
 149 JDA63C   -790 -570                                                                   .34  .51  .57  .35  .34  .43  .62 
 152 JDA77BL  -1222 -471  .40  .31B .50  .54  .35  .39  .52  .61  .59  .59  .44  .40  .54  .47  .46  .44  .34  .38  .46  .56 
 153 JDA77BS  -1220 -672  .46  .41  .48  .42  .05B .18B .37  .53  .67  .51  .49  .50  .43  .36  .12B .34                     
 161 JDA83A1  -1563 -990  .59  .44  .37                                                                                      
 167 JDA83CS  -1286 -1024  .70  .36                                                                                           
 168 JDA83CL  -1194 -818  .64  .64  .57  .55  .48  .54  .56  .64  .24B-.01B                                                  
 175 JDA      -1377 -991  .62  .65  .55                                                                                      
 207 KDH020A  -850 -201                                                         .49  .45  .47  .60  .60  .61  .57  .56  .59 
 208 KDH020B  -789 -334                                                                   .44  .59  .46  .37  .60  .58  .51 
 209 KDH021A  -700  -76                                                                                       .69  .61  .59 
 212 KDH023A  -1723 -830  .53  .60  .60  .52  .41  .48  .39  .45  .61                                                        
 213 KDH023R  -1719 -863  .64  .59  .59  .57  .38  .44  .45  .45                                                             
 214 KDH023L  -1622 -827  .64  .62  .65  .63  .42  .41  .31A .39  .60                                                        
 216 KDH27B   -1022 -840                      .26A .22B .42  .30B .37                                                        
 218 KDH27D   -781 -617                                                                   .39  .60  .61  .56  .43           
 229 KDH55L   -900 -659                                               .07B .52  .70  .65  .40  .50  .65                     
 230 KDH55R   -915 -656                                          .19B .14B .32A .52  .67  .50  .55  .56                     
 231 KDH56A   -1059 -589            .37  .39  .05B-.01B .36  .47  .19B .13B .49  .63  .55  .39  .46  .35  .31A .42  .44      
 232 KDH56B   -1022 -708                      .06B .20B .35  .39  .31A .28A .42  .55  .60  .42                               
 269 KDH79    -866 -316                                                    .01B .23B .37  .43  .25B .24A .47  .60  .50  .42 
 304 KDH115A  -1300 -959  .51  .55  .73  .66                                                                                 
 305 KDH115B  -1300 -970  .27B .47  .61  .48                                                                                 
 Av segment correlation  .56  .56  .55  .53  .42  .43  .49  .47  .51  .50  .47  .51  .56  .45  .45  .51  .46  .47  .53  .57 

 CORRELATION OF SERIES BY SEGMENTS: ausl024
-----------------------------------------------------------------------------------------------------------------------------------
 Correlations of  50-year dated segments, lagged  25 years
 Flags:  A = correlation under   .3281 but highest as dated;  B = correlation higher at other than dated position

 Seq Series  Time_span  -600 -575 -550 -525 -500 -475 -450 -425 -400 -375 -350 -325 -300 -275 -250 -225 -200 -175 -150 -125 
                        -551 -526 -501 -476 -451 -426 -401 -376 -351 -326 -301 -276 -251 -226 -201 -176 -151 -126 -101  -76 
 --- -------- ---------  ---- ---- ---- ---- ---- ---- ---- ---- ---- ---- ---- ---- ---- ---- ---- ---- ---- ---- ---- ---- 
  66 JDA01A2  -1350 -472  .77  .69  .66  .55                                                                                 
  68 JDA001A  -1300 -440  .65  .54  .45  .60  .52                                                                            
  69 JDA02A   -600 -102       .53  .59  .62  .61  .63  .32A .37  .53  .43  .56  .60  .52  .52  .67  .74  .67  .53           
  70 JDA02C   -768 -529  .40                                                                                                
  72 JDA02E   -604 -171  .66  .79  .70  .59  .44  .42  .59  .53  .53  .34  .28B .41  .51  .48  .47  .57                     
  76 JDA04AA  -550  299                 .55  .52  .53  .39  .06B .09B .40  .47  .39  .23B .62  .66  .61  .57  .37  .47  .54 
  77 JDA04A   -554   69            .35  .39B .48  .54  .39  .07B .12B .42  .47  .35  .20B .63  .67  .65  .58  .38  .48  .56 
  78 JDA04BA  -550  -18                 .23B .07B .19B .50  .55  .65  .61  .56  .45  .20A .51  .72  .75  .65  .58  .62  .59 
  81 JDA05AB  -400  624                                               .29A .29B .14B-.05B .18B .41  .35B .33  .48  .55  .37 
  86 JDA07A   -139 1410                                                                                                 .44 
  87 JDA08A   -1004 -354  .70  .73  .57  .36  .31B .42  .40  .35                                                             
  88 JDA09A   -360  699                                                    .02B .23B .29B .21B .50  .74  .60  .48  .48  .47 
  89 JDA09B   -348   45                                                         .42B .50  .37B .47  .58  .57  .37  .21B .36 
  93 JDA11B   -289  507                                                                   .24B .22B .23A .31A .32B .45  .43 
  94 JDA11C   -388 -100                                               .25B .17B .20B .40  .42  .51  .31A .10B .31A .48      
  98 JDA16A   -203  307                                                                                  .37B .50  .55  .38 
  99 JDA17A   -785 -301  .63  .52  .59  .43  .25A .36  .36  .37  .44  .33 -.02B                                             
 100 JDA17B   -745 -315  .62  .53  .44  .21B .23B .38  .37  .32A .46  .48                                                   
 103 JDA021A  -700   80  .58  .57  .37  .08B .23B .25A .23B .15B .17B .39  .30A .33  .51  .69  .66  .62  .59  .41  .65  .80 
 104 JDA022A  -209  441                                                                                  .06B .12B .34  .32A
 108 JDA26A   -173  887                                                                                            .36  .36 
 109 JDA26C   -317  343                                                              .38  .52  .46  .46  .25B-.20B .17B .43 
 112 JDA29A   -199  349                                                                                       .72  .71  .65 
 116 JDA33A   -400  301                                               .26A .46  .56  .40  .62  .65  .53  .41  .40  .46  .50 
 119 JDA37B   -649 -201  .33  .30B .34B .21B .08B .35  .27B .17B .24B .31A .47  .42  .36  .33  .24B                         
 124 JDA43A0  -150  879                                                                                                 .59 
 125 JDA43A1  -136  549                                                                                                 .84 
 126 JDA43B   -343  649                                                         .71  .55  .63  .55  .44  .57  .55  .61  .63 
 127 JDA43C   -233  469                                                                             .42  .46  .57  .57  .45 
 137 JDA59B   -713 -360  .56  .56  .54  .27B .17B .12B .27A .48                                                             
 139 JDA59D   -705 -328  .49  .58  .59  .51  .62  .39  .38B .56  .48                                                        
 150 JDA64AA  -387   18                                               .55  .52  .62  .39  .48  .68  .61  .68  .41  .42  .59 
 152 JDA77BL  -1222 -471  .46  .41  .36  .34                                                                                 
 154 JDA80AS  -192   81                                                                                       .44  .56  .68 
 155 JDA80AL  -192  293                                                                                       .29A .45  .58 
 156 JDA80AM  -157  277                                                                                            .67  .69 
 160 JDA82A   -601   39       .31A .29A .24A .21B .23A .22B .29A .40  .35  .35  .49  .49  .60  .62  .41  .48  .52  .60  .48 
 173 JDA92A   -452   38                                     .44  .47  .49  .61  .54  .43  .53  .62  .53  .55  .56  .49  .43 
 194 JD316AA  -251  177                                                                             .00B .57  .71  .69  .66 
 195 JD316AB  -244  300                                                                             .30A .59  .75  .71  .68 
 196 JD316AC  -202  400                                                                                       .69  .77  .75 
 197 JD316AD  -165  -32                                                                                            .73  .77 
 198 JD316AE  -166  480                                                                                            .68  .66 
 203 KDH17BL  -411 -282                                          .39  .41  .57                                              
 204 KDH17BR  -405 -252                                          .55  .50  .43  .48                                         
 205 KDH17BC  -431  -91                                     .27A .45  .56  .52  .47  .33A .34  .34  .38  .48  .43  .42      
 207 KDH020A  -850 -201  .66  .63  .44  .52  .62  .65  .59  .56  .56  .61  .65  .57  .49  .57  .43                          
 208 KDH020B  -789 -334  .51  .58  .62  .46  .49  .51  .54  .57  .38                                                        
 209 KDH021A  -700  -76  .55  .40  .36  .52  .53  .56  .60  .62  .57  .55  .69  .74  .50  .30A .46  .57  .52  .53  .59  .48 
 210 KDH022B  -450  149                                     .45  .32A .48  .52  .48  .29B .18B .39  .67  .60  .53  .55  .63 
 211 KDH022A  -450  149                                     .17A .37  .27B .39  .43  .33A .46  .60  .62  .64  .55  .61  .69 
 215 KDH24    -268  682                                                                        .59  .48  .59  .78  .68  .50 
 217 KDH27C   -409  -19                                          .70  .65  .61  .77  .62  .55  .68  .64  .70  .74  .63  .69 
 221 KDH50A   -316 -101                                                              .35  .46  .47  .57  .72  .34  .21B     
 222 KDH51A   -573  286            .33  .45  .32A .43  .35  .18B .41  .63  .70  .62  .45  .50  .59  .77  .69  .46  .37  .49 
 224 KDH51C   -523  106                      .34  .43  .38  .20B .26B .30B .58  .59  .37  .58  .61  .53  .55  .42  .39  .28A
 228 KDH55A   -490 -238                           .24B .28B .26B .39  .55  .72  .80  .60                                    
 236 KDH58A   -246  284                                                                             .25B .34  .55  .51  .31A
 238 KDH60Aa  -460  183                                .43  .55  .51  .44  .61  .62  .49  .73  .80  .67  .63  .76  .74  .65 
 239 KDH60Ab  -392   75                                               .25A .38  .51  .50  .71  .76  .61  .57  .57  .57  .47 
 241 KDH60Ad  -492  765                           .28A .12B .41  .53  .41  .45  .55  .53  .56  .67  .60  .66  .68  .66  .70 
 242 KDH60Ba  -415  209                                          .38  .33  .67  .75  .57  .49  .63  .68  .65  .66  .56  .51 
 243 KDH60Bb  -452  105                                     .43  .45  .38  .53  .56  .24B .56  .63  .52  .63  .64  .58  .57 
 245 KDH60Bd  -456  637                                .38  .45  .44  .43  .52  .64  .60  .71  .79  .62  .63  .70  .71  .65 
 246 KDH60Be  -363  280                                                    .52  .57  .41  .53  .50  .43  .68  .69  .67  .68 
 247 KDH60C   -412  338                                          .49  .40  .58  .65  .41  .65  .68  .51  .62  .79  .75  .52 
 249 KDH64    -479  -24                           .38  .30A .40  .43  .54  .68  .66  .43  .46  .58  .61  .61  .70  .67  .52 
 250 KDH65A   -144  261                                                                                                 .68 
 254 KDH70a   -330  259                                                         .54  .41  .59  .67  .54  .54  .58  .61  .58 
 255 KDH70b   -326   54                                                              .41  .45  .57  .53  .45  .51  .65  .63 
 256 KDH71AA  -385   69                                               .27B .52  .72  .43  .52  .65  .36  .41  .69  .46  .32A
 269 KDH79    -866 -316  .43  .48  .56  .32A .27A .27B .11B .29B .59  .42                                                   
 273 KDH85    -323  560                                                              .41  .45  .41  .39  .61  .62  .65  .48 
 275 KDH87A   -498  255                           .47  .50  .60  .61  .56  .68  .69  .38  .33A .25B-.00B-.07B .16B .65  .42 
 276 KDH88a   -161 -101                                                                                            .55      
 278 KDH89    -271  319                                                                        .25B .31A .36  .40  .51  .48 
 283 KDH92    -493 -177                           .45  .31B .26B .42  .48  .65  .61  .46  .63  .72                          
 293 KDH104   -143 1630                                                                                                 .23A
 294 KDH105A  -500  590                           .48  .48  .60  .63  .54  .46  .44  .34  .36  .53  .57  .51  .49  .57  .61 
 295 KDH105B  -500  252                           .20B .27A .52  .50  .34  .56  .63  .35  .32A .53  .66  .62  .64  .73  .71 
 303 KDH112A  -556  -16            .14B .29B .24A .41  .52  .58  .55  .49  .60  .58  .30B .53  .66  .53  .48  .65  .72  .60 
 Av segment correlation  .56  .54  .46  .40  .36  .39  .37  .38  .44  .43  .50  .54  .41  .49  .56  .51  .52  .52  .56  .55 

 CORRELATION OF SERIES BY SEGMENTS: ausl024
-----------------------------------------------------------------------------------------------------------------------------------
 Correlations of  50-year dated segments, lagged  25 years
 Flags:  A = correlation under   .3281 but highest as dated;  B = correlation higher at other than dated position

 Seq Series  Time_span  -100  -75  -50  -25    0   25   50   75  100  125  150  175  200  225  250  275  300  325  350  375 
                         -51  -26   -1   24   49   74   99  124  149  174  199  224  249  274  299  324  349  374  399  424 
 --- -------- ---------  ---- ---- ---- ---- ---- ---- ---- ---- ---- ---- ---- ---- ---- ---- ---- ---- ---- ---- ---- ---- 
  73 JDA03A    263 1279                                                                             .36  .24B .27B .37  .36 
  74 JDA03B    211 1216                                                                   .45  .43  .51  .27B .22B .48  .42 
  75 JDA03C    134 1016                                                    .30A .33  .13B .07B .06B .44  .39  .29A .39  .50 
  76 JDA04AA  -550  299  .56  .49  .27B .44  .56  .44  .40  .41  .41  .49  .57  .49  .32A .51  .33B                         
  77 JDA04A   -554   69  .56  .51  .40B .52  .53                                                                            
  78 JDA04BA  -550  -18  .49  .47                                                                                           
  81 JDA05AB  -400  624  .22B .36  .15B .29A .30A .40  .44  .28A .21B .55  .67  .50  .17B .18B .09B .08B .33B .46  .59  .64 
  82 JDA05BA   -75  846            .43  .35  .20B .31A .42  .37  .24B .44  .46  .41  .44  .25A .21B .47  .62  .53  .45  .50 
  83 JDA05BB   100  511                                               .58  .48  .12B .21B .57  .54  .55  .54  .29A .38  .59 
  86 JDA07A   -139 1410  .36  .25B .28A .17B .03B .19B .46  .44  .39  .44  .42  .29A .16B .39B .55  .61  .52  .35  .36  .60 
  88 JDA09A   -360  699  .50  .31A .16B .33A .18B .24A .46  .41  .44  .56  .59  .61  .46  .34  .52  .55  .55  .42  .35  .37 
  89 JDA09B   -348   45  .47  .25A .35  .37                                                                                 
  93 JDA11B   -289  507  .25B .21B .36  .44  .41  .53  .64  .58  .29B .36  .50  .45  .40  .32A .29A .49  .66  .44  .46  .73 
  95 JDA013A   350 1249                                                                                                 .35 
  96 JDA14AA   -50  569                 .39  .39  .35  .43  .46  .39  .41  .48  .48  .45  .13B .22B .48  .50  .41  .64  .61 
  98 JDA16A   -203  307  .32A .26A .07B .35  .49  .52  .55  .41  .14B .26B .34B .21B .08B .18B .26A                         
 101 JDA18A    300  837                                                                                       .44  .45  .45 
 103 JDA021A  -700   80  .70  .45  .30A .47  .53  .51                                                                       
 104 JDA022A  -209  441  .28A .36  .35  .31A .44  .59  .63  .60  .53  .68  .76  .52  .28A .54  .54  .55  .68  .48  .49  .68 
 106 JDA024     73  823                                     .48  .60  .69  .71  .34  .16B .33  .20B .16B .31A .47  .65  .74 
 107 JDA25A    263  964                                                                             .40B .42  .36  .29A .26A
 108 JDA26A   -173  887  .46  .41  .45  .59  .58  .55  .60  .50  .31B .50  .53  .29A .25A .31A .20B .39  .52  .27A .24A .39 
 109 JDA26C   -317  343  .32A .36  .50  .53  .46  .36  .25B .26B .34B .58  .63  .41  .34  .34  .15B .24A                    
 112 JDA29A   -199  349  .54  .27B .27B .50  .38B .39  .65  .52  .32A .66  .70  .65  .45  .23B .16B .30A .38                
 116 JDA33A   -400  301  .49  .40  .23A .32A .33A .13B .14B .33  .37  .42  .61  .61  .46  .50  .43                          
 117 JDA34A    300  749                                                                                       .34  .42  .59 
 120 JDA38A      0  830                           .26A .27A .15B .16B .48  .54  .21B-.02B .00B-.01B .16B .37  .43  .41  .49 
 124 JDA43A0  -150  879  .45  .43  .47  .60  .55  .38  .42  .45  .49  .60  .58  .47  .16B .33B .32B .33B .61  .54  .51  .51 
 125 JDA43A1  -136  549  .64  .51  .61  .43  .40  .43  .35  .32A .35  .61  .71  .57  .15B .32A .25B .26A .29A .36  .59  .60 
 126 JDA43B   -343  649  .42  .37  .35  .48  .46  .29A .41  .38  .29B .50  .64  .62  .43  .45  .54  .51  .48  .51  .56  .55 
 127 JDA43C   -233  469  .25A .33  .44  .67  .73  .58  .39  .31B .50  .48  .53  .68  .49  .28A .35B .49B .53  .55  .52  .51 
 150 JDA64AA  -387   18  .37  .16B .04B                                                                                     
 154 JDA80AS  -192   81  .50  .43  .28B .36  .29A .14B                                                                      
 155 JDA80AL  -192  293  .64  .53  .37  .51  .60  .55  .42  .35  .46  .63  .47  .28B .28B .29B                              
 156 JDA80AM  -157  277  .56  .50  .31A .40  .58  .45  .43  .48  .49  .58  .38  .30A .45  .44                               
 160 JDA82A   -601   39  .37  .40  .37  .56                                                                                 
 170 JDA085A   -22  311                      .14B .44  .47  .52  .50  .48  .55  .54  .49  .49  .41                          
 171 JDA085B   141  399                                                    .67  .32B .08B .29A .26A .42  .57  .28B-.06B     
 172 JDA085C   296  499                                                                                  .25A .55  .47  .46 
 173 JDA92A   -452   38  .44  .52  .49  .29B                                                                                
 174 JDA92B    100  448                                               .29B .57  .72  .59  .54  .53  .54  .43  .42  .57  .62 
 182 JDA201L   360  775                                                                                                 .12B
 184 JDA201R   370  818                                                                                                 .22B
 193 JDA310A   148  604                                                    .40  .46  .29B .34  .60  .58  .58  .64  .70  .63 
 194 JD316AA  -251  177  .38  .10B .38  .54  .49  .44  .45  .47  .31A .52                                                   
 195 JD316AB  -244  300  .66  .61  .48  .35  .42  .61  .65  .46  .30A .52  .67  .64  .35  .31A .47                          
 196 JD316AC  -202  400  .61  .52  .48  .49  .49  .64  .73  .65  .43B .40  .48  .52  .50  .47  .44  .49  .34  .24B .45      
 197 JD316AD  -165  -32  .48                                                                                                
 198 JD316AE  -166  480  .51  .43  .46  .48  .47  .53  .72  .70  .24B .51  .77  .61  .11B .08B .33  .52  .57  .38  .46  .50 
 206 KDH19A    -69  292            .32A .07B .03B .23A .51  .60  .42  .36  .50  .41  .34  .46                               
 210 KDH022B  -450  149  .54  .35  .47  .50  .34  .36  .60  .51  .48                                                        
 211 KDH022A  -450  149  .51  .48  .52  .61  .74  .45  .50  .65  .29B                                                       
 215 KDH24    -268  682  .49  .52  .53  .42  .39  .61  .66  .65  .35  .45  .39  .36  .43B .37  .66  .59  .36  .38  .49  .45 
 217 KDH27C   -409  -19  .76  .64                                                                                           
 222 KDH51A   -573  286  .69  .58  .62  .67  .48  .55  .75  .50  .15B .50  .68  .72  .66  .54                               
 223 KDH51B    -25  435                      .01B .35  .68  .71  .55  .59  .62  .50  .51  .49  .55  .54  .41  .47  .46  .55 
 224 KDH51C   -523  106  .22A .19B .20B .46  .43  .54  .65                                                                  
 225 KDH52A    235 1005                                                                        .39  .32B .34B .44  .51  .59 
 233 KDH57A    -66  634            .42  .34  .36  .35  .36  .45  .44  .47  .49  .61  .55  .49  .59  .52  .46  .53  .62  .72 
 234 KDH57A1   -40  254                 .43  .49  .45  .45  .49  .51  .46  .44  .59  .63                                    
 236 KDH58A   -246  284  .27A .36  .37  .45  .53  .44  .52  .60  .57  .63  .55  .45  .50  .33A                              
 237 KDH58B    -85  265       .37  .43  .51  .50  .51  .57  .59  .49  .64  .62  .56  .46                                    
 238 KDH60Aa  -460  183  .53  .47  .54  .62  .60  .58  .68  .73  .70  .73                                                   
 239 KDH60Ab  -392   75  .40  .45  .45  .46  .36  .27B                                                                      
 241 KDH60Ad  -492  765  .60  .44  .52  .58  .22B .25B .51  .62  .67  .77  .78  .67  .62  .63  .55  .59  .57  .43  .64  .70 
 242 KDH60Ba  -415  209  .65  .68  .73  .75  .62  .46  .38  .41  .46  .67  .70                                              
 243 KDH60Bb  -452  105  .59  .67  .59  .51  .35  .47  .60                                                                  
 245 KDH60Bd  -456  637  .55  .46  .43  .52  .44  .40  .51  .63  .60  .74  .73  .64  .65  .59  .61  .59  .33  .30A .56  .61 
 246 KDH60Be  -363  280  .67  .67  .75  .64  .55  .57  .60  .58  .60  .60  .64  .73  .58  .34                               
 247 KDH60C   -412  338  .36B .49  .56  .71  .68  .61  .65  .69  .73  .70  .73  .74  .46  .50  .70  .33B                    
 249 KDH64    -479  -24  .53  .47                                                                                           
 250 KDH65A   -144  261  .66  .56  .43  .55  .56  .46  .55  .53  .39  .46  .45  .56  .59                                    
 251 KDH65B   -102  281       .53  .43  .60  .59  .53  .54  .57  .69  .78  .68  .60  .62  .39                               
 254 KDH70a   -330  259  .61  .56  .45  .45  .35  .38  .63  .74  .65  .58  .58  .50  .36                                    
 255 KDH70b   -326   54  .61  .52  .32A .51  .58                                                                            
 256 KDH71AA  -385   69  .52  .36  .34  .46  .17A                                                                           
 257 KDH71AB   -83   77       .48  .49  .47  .57  .40                                                                       
 258 KDH71AC   -83  109       .63  .46  .53  .60  .13B .13B                                                                 
 259 KDH71CA  -100  692       .34  .21B .17B-.02B .27A .24B .22B .56  .61  .55  .56  .61  .47  .54  .51  .48  .50  .50  .52 
 260 KDH74Aa   187  505                                                              .05B .36  .49  .39B .06B .23B .35  .33A
 261 KDH74Ab   185 1640                                                              .25B .41  .49  .54  .31B .03B .32B .19B
 271 KDH82A     86  346                                          .26A .26B .33A .54  .50  .42B .55  .49                     
 272 KDH83     230  530                                                                        .36  .46  .33A .10B .14B .37 
 273 KDH85    -323  560  .21B .45  .37  .24A .35  .51  .51  .55  .51  .49  .55  .56  .54  .63  .73  .50B .39  .54  .52  .42 
 275 KDH87A   -498  255  .37  .62  .62  .48  .39  .43  .51  .35B .13B .50  .62  .61  .68                                    
 278 KDH89    -271  319  .48  .52  .50  .47  .52  .44  .55  .59  .37  .58  .62  .48  .46  .40  .37                          
 288 KDH99A    -42   99                 .25A .39  .34  .31A                                                                 
 289 KDH99A2    86  740                                          .39  .23A .19B .24B .43  .55  .30A .26B .45  .56  .68  .62 
 292 KDH101A    86  548                                          .14B .41  .41  .22A .28A .23B .14B .23B .26A .28A .52  .64 
 293 KDH104   -143 1630  .20B .44  .37  .33  .41  .47  .48  .48  .34  .50  .66  .57  .55  .54  .46B .43B .49  .45  .44  .59 
 294 KDH105A  -500  590  .36  .28B .70  .57  .51  .66  .62  .46  .32A .56  .61  .37  .40  .55  .65  .67  .52  .50  .46  .48 
 295 KDH105B  -500  252  .52  .51  .69  .72  .70  .50  .47  .34  .27B .76  .71  .43  .51                                    
 296 KDH106A    88  648                                          .27A .17B .26B .30A .16B .26B .49  .54  .37  .39  .47  .38 
 303 KDH112A  -556  -16  .52  .60                                                                                           
 Av segment correlation  .48  .44  .42  .46  .43  .43  .50  .49  .41  .53  .56  .49  .39  .38  .40  .44  .43  .40  .46  .50 

 CORRELATION OF SERIES BY SEGMENTS: ausl024
-----------------------------------------------------------------------------------------------------------------------------------
 Correlations of  50-year dated segments, lagged  25 years
 Flags:  A = correlation under   .3281 but highest as dated;  B = correlation higher at other than dated position

 Seq Series  Time_span   400  425  450  475  500  525  550  575  600  625  650  675  700  725  750  775  800  825  850  875 
                         449  474  499  524  549  574  599  624  649  674  699  724  749  774  799  824  849  874  899  924 
 --- -------- ---------  ---- ---- ---- ---- ---- ---- ---- ---- ---- ---- ---- ---- ---- ---- ---- ---- ---- ---- ---- ---- 
   1 LJH01A    779 1182                                                                                  .26B .64  .56  .24B
   2 LJH01B    779 1670                                                                                  .26B .28A .35  .26B
  51 JDH07A    866 1957                                                                                                 .31A
  53 JDH07C    865 1561                                                                                                 .21B
  73 JDA03A    263 1279  .48  .44  .49  .59  .48  .60  .76  .54  .49  .71  .51  .47  .76  .61  .49  .56  .56  .43  .54  .43 
  74 JDA03B    211 1216  .38  .52  .53  .54  .36  .47  .60  .65  .58  .42  .36  .51  .65  .68  .63  .67  .66  .62  .59  .51B
  75 JDA03C    134 1016  .47  .39  .40  .51  .16B .39  .69  .60  .59  .60  .58  .55  .58  .65  .59  .62  .49  .44  .56  .48 
  81 JDA05AB  -400  624  .67  .55  .47  .57  .42  .51  .73  .76                                                             
  82 JDA05BA   -75  846  .51  .50  .60  .65  .61  .72  .68  .65  .57  .51  .46  .14B .34  .56  .57  .45                     
  83 JDA05BB   100  511  .56  .59  .77                                                                                      
  84 JDA06A    393 1347  .49  .48  .62  .50  .27A .47  .40  .49  .58  .55  .60  .43  .42  .48  .52  .54  .58  .48  .43  .50 
  85 JDA06B    621  805                                               .53  .38  .48  .72  .71  .40                          
  86 JDA07A   -139 1410  .80  .71  .64  .72  .42  .49  .72  .69  .63  .55  .42  .38  .43  .39  .48  .64  .55  .49  .61  .58 
  88 JDA09A   -360  699  .39  .40  .63  .66  .41  .60  .67  .61  .63  .63  .53                                              
  93 JDA11B   -289  507  .69  .56  .44                                                                                      
  95 JDA013A   350 1249  .38  .28B .31A .46  .20B .32A .33  .32A .41  .35  .38  .51  .72  .60  .48  .60  .41  .14B .32A .51 
  96 JDA14AA   -50  569  .44  .53  .52  .49  .51                                                                            
 101 JDA18A    300  837  .61  .62  .61  .71  .67  .66  .67  .68  .69  .63  .41  .40  .49  .44  .39  .42                     
 102 JDA019B   380  999  .61  .66  .64  .62  .47  .50  .55  .46  .39  .31A .38  .49  .50  .55  .47  .41  .48  .50  .48  .41 
 105 JDA23BA   717 1730                                                                   .65  .53  .51  .53  .48  .56  .61 
 106 JDA024     73  823  .59  .48  .48  .51  .42  .54  .49  .52  .59  .59  .53  .33A .48  .48  .42                          
 107 JDA25A    263  964  .52  .68  .71  .71  .69  .74  .74  .68  .66  .67  .65  .51  .49  .49  .53  .41  .35  .47  .55  .39 
 108 JDA26A   -173  887  .62  .56  .64  .58  .38  .67  .73  .77  .73  .57  .59  .62  .69  .34  .21B .27B .30A .57           
 110 JDA27A    557 1197                                     .41  .39  .36  .36  .43  .47  .50  .33  .56  .66  .73  .62  .44 
 111 JDA27B    499 1049                           .27A .48  .44  .45  .29A .16B .36  .62  .58  .37  .63  .60  .45  .47  .36 
 114 JDA31B    690 1199                                                              .31A .50  .64  .48  .54  .63  .64  .61 
 115 JDA32A    480  949                      .49  .42  .29B .24B .49  .68  .54  .39  .47  .46  .58  .54  .48  .67  .55  .25B
 117 JDA34A    300  749  .66  .53  .61  .72  .45  .35  .32A .33  .41  .52  .53  .02B .14B                                   
 118 JDA35A    672 1349                                                         .29B .37B .38B .25B .40  .39  .23B .35  .51 
 120 JDA38A      0  830  .57  .59  .71  .61  .37  .53  .62  .73  .77  .49  .42  .49  .43  .45  .53  .55                     
 124 JDA43A0  -150  879  .62  .66  .60  .55  .51  .39B .46  .67  .59  .52  .54  .49  .57  .34  .26B .50  .50  .48           
 125 JDA43A1  -136  549  .63  .64  .65  .59  .46                                                                            
 126 JDA43B   -343  649  .54  .57  .63  .61  .39  .33A .51  .26B .09B                                                       
 127 JDA43C   -233  469  .64                                                                                                
 172 JDA085C   296  499  .29A .23B .07B                                                                                     
 176 JDA102A   834 1624                                                                                            .49  .47 
 177 JDA102L   761 1430                                                                             .24A .40  .42  .38  .40 
 178 JDA102R   707 1556                                                                   .31A .14B .41  .51  .46  .45  .29B
 179 JDA102C   640 1644                                                   -.03B .06B .26B .22B .16B .37  .62  .58  .53  .50 
 180 JDA200L   674 1214                                                              .51  .72  .61  .43  .46  .58  .63  .59 
 181 JDA200R   481 1738                      .31A .41  .28A .46  .55  .57  .60  .18B .19B .54  .60  .41  .26A .29A .43  .42 
 182 JDA201L   360  775  .33  .46  .69  .66  .47  .58  .71  .79  .78  .54  .41  .49  .71  .43                               
 183 JDA201C   400  790       .34  .68  .77  .72  .68  .70  .79  .81  .74  .65  .65  .74  .58                               
 184 JDA201R   370  818  .52  .51  .64  .73  .55  .56  .61  .73  .80  .73  .58  .56  .65  .58  .55                          
 185 JDA204    673 1235                                                        -.03B .03B-.18B-.40B .01B .08B .40  .53  .47 
 187 JDA209    802 1562                                                                                       .06B .06B-.14B
 191 JDA302L   504  834                          -.17B .05B .31A .44B .48  .41  .47  .41B .25B .28B .47                     
 192 JDA302C   510  907                          -.13B-.18B .28A .36  .43  .35  .28A .36  .29A .27B .56  .50  .43  .46      
 193 JDA310A   148  604  .33B .23B .34B .52  .31A .39  .41                                                                  
 198 JD316AE  -166  480  .54  .26A                                                                                          
 201 KDH15B    649 1548                                                         .44  .49  .50  .26A .21B .26B .26B .24B .23A
 215 KDH24    -268  682  .59  .58  .33  .33  .48  .58  .45  .57  .66  .47                                                   
 219 KDH28A    655  849                                                         .60  .58  .44  .42  .41  .38                
 220 KDH28B    715 1255                                                                   .44  .33  .21B .30B .36  .31A .39 
 225 KDH52A    235 1005  .54  .57  .63  .58  .50  .60  .65  .59  .57  .58  .71  .56  .43  .42  .52  .59  .43  .45  .54  .49 
 226 KDH53A    411 1180       .38  .50  .44  .43  .42  .36  .41  .50  .40  .44  .65  .62  .47  .48  .51  .48  .61  .52  .27A
 227 KDH54A    450  930                 .22A .27B .32A .18A .27A .42  .46  .53  .58  .62  .51  .38  .68  .52  .54  .54  .21B
 233 KDH57A    -66  634  .57  .49  .58  .49  .41  .64  .62  .43                                                             
 235 KDH57A3   383  639  .75  .74  .55  .55  .64  .69  .60  .67                                                             
 241 KDH60Ad  -492  765  .65  .61  .56  .57  .45  .44  .41B .63  .62  .51  .48  .41  .47                                    
 245 KDH60Bd  -456  637  .72  .69  .66  .64  .56  .55  .43  .21B                                                            
 248 KDH61A    596  999                                          .56  .50  .49  .07B-.06B .30A .34  .63  .52  .34  .41  .16B
 252 KDH67     416 1266       .39  .14B .28A .44  .24B .18B .34  .48  .52  .56  .62  .71  .70  .54  .53  .47  .55  .67  .52 
 253 KDH68C    824 1828                                                                                            .46  .34 
 259 KDH71CA  -100  692  .63  .57  .39  .45  .39  .49  .46  .55  .62  .40                                                   
 260 KDH74Aa   187  505  .47  .51  .25A                                                                                     
 261 KDH74Ab   185 1640  .23B .59  .30A .30B .37  .30A .37  .51  .54  .56  .65  .54  .54  .64  .40  .48  .62  .64  .67  .66 
 264 KDH76A    513 1185                           .27A .30A .60  .46  .48  .56  .47  .52  .32B .06B .48  .50  .60  .65  .32A
 266 KDH77Aa   503 1416                           .43  .57  .67  .68  .62  .63  .55  .53  .46  .38  .56  .58  .67  .65  .57 
 267 KDH77Ab   588 1077                                          .59  .43  .52  .68  .68  .54  .36  .59  .72  .75  .57  .37 
 268 KDH77B    472 1266                 .31A .47  .37  .42  .55  .65  .70  .66  .50  .47  .56  .52  .53  .58  .68  .63  .50 
 270 KDH81A    425  932            .40  .42  .35  .06B-.01B .33B .51  .34  .28B .55  .59  .55  .32A .19B .37  .57  .53  .44 
 272 KDH83     230  530  .25B .26B .31A .15B                                                                                
 273 KDH85    -323  560  .45  .43  .37  .45  .38                                                                            
 279 KDH90a    655 1662                                                         .48  .40  .35  .20B .19B .34  .69  .73  .56 
 281 KDH91A    720 1537                                                                   .50  .41  .68  .73  .63  .58  .45 
 285 KDH95A    730  975                                                                        .25A .42  .62  .70  .52  .19B
 289 KDH99A2    86  740  .56  .54  .25A .29A .25A .22A .40  .64  .55  .47  .48  .36B                                        
 290 KDH99A3   847 1022                                                                                            .59  .57 
 291 KDH100    481  811                      .20A .06B .04B .30A .50  .46  .44B .45  .37  .31A .16B                         
 292 KDH101A    86  548  .67  .60  .45  .44                                                                                 
 293 KDH104   -143 1630  .60  .54  .43  .55  .62  .69  .62  .47  .40  .49  .42B .34B .61  .55  .42  .61  .68  .66  .67  .60 
 294 KDH105A  -500  590  .63  .62  .64  .40  .22A .33                                                                       
 296 KDH106A    88  648  .46  .58  .49  .28B .40  .46  .38  .53                                                             
 300 KDH109a   808 1264                                                                                       .63  .58  .42 
 Av segment correlation  .54  .51  .51  .52  .43  .43  .47  .52  .55  .52  .48  .43  .49  .47  .39  .47  .48  .51  .52  .41 

 CORRELATION OF SERIES BY SEGMENTS: ausl024
-----------------------------------------------------------------------------------------------------------------------------------
 Correlations of  50-year dated segments, lagged  25 years
 Flags:  A = correlation under   .3281 but highest as dated;  B = correlation higher at other than dated position

 Seq Series  Time_span   900  925  950  975 1000 1025 1050 1075 1100 1125 1150 1175 1200 1225 1250 1275 1300 1325 1350 1375 
                         949  974  999 1024 1049 1074 1099 1124 1149 1174 1199 1224 1249 1274 1299 1324 1349 1374 1399 1424 
 --- -------- ---------  ---- ---- ---- ---- ---- ---- ---- ---- ---- ---- ---- ---- ---- ---- ---- ---- ---- ---- ---- ---- 
   1 LJH01A    779 1182  .50  .56  .50  .74  .73  .66  .73  .69  .66  .79                                                   
   2 LJH01B    779 1670  .40B .49  .41  .72  .76  .74  .72  .57  .53  .72  .78  .82  .70  .68  .76  .78  .51  .26B .49  .77 
   3 LJH03A   1258 1988                                                                             .50  .53  .54  .56  .68 
   4 LJH04A   1294 1988                                                                                  .35B .40  .42  .48 
   5 LJH04B   1294 1775                                                                                  .65  .59  .74  .75 
   6 LJH04C    907 1689       .39  .24B .50  .63  .53  .68  .68  .69  .82  .76  .77  .70  .67  .51  .28B .37  .60  .70  .72 
   7 LJH04D    911 1154       .47  .26A .49  .70  .67  .64  .61  .61                                                        
   8 LJH04F    964 1500                 .48  .68  .65  .78  .76  .64  .69  .71  .80  .76  .69  .70  .71  .74  .66  .63  .68 
   9 LJH05A   1338 1988                                                                                            .67  .73 
  10 LJH05B   1133 1988                                                    .54  .72  .65  .50  .68  .69  .77  .84  .77  .74 
  11 LJH05C   1180 1988                                                              .64  .53  .62  .67  .79  .78  .72  .69 
  12 LJH05D    975 1580                      .53  .41  .25B .24B .43  .53  .62  .54  .50  .66  .66  .56  .59  .67  .60  .58 
  13 LJH05E    975 1342                      .34  .27B .42  .50  .61  .47  .62  .73  .55  .52  .62  .54                     
  14 LJH05E2  1244 1893                                                                        .43  .53  .75  .75  .74  .80 
  15 LJH06A   1277 1988                                                                                  .62  .71  .68  .68 
  16 LJH06B   1277 1988                                                                                  .75  .72  .73  .64 
  17 LJH07A   1250 1988                                                                             .23B .78  .66  .64  .65 
  18 LJH07B   1228 1988                                                                        .37  .41  .60  .72  .79  .74 
  19 LJH07C   1250 1473                                                                             .39B .45  .52  .68  .73 
  20 LJH07D   1228 1567                                                                        .50  .59  .79  .71  .66  .68 
  21 LJH08A   1228 1988                                                                        .55  .58  .62  .74  .59  .36 
  22 LJH08B   1228 1499                                                                        .43  .56  .58  .72  .75  .68 
  25 LJH09C   1352 1988                                                                                                 .45 
  26 LJH10A   1257 1900                                                                             .49  .69  .66  .61  .72 
  27 LJH10B   1257 1662                                                                             .41  .57  .62  .71  .66 
  28 LJH10C   1309 1900                                                                                       .68  .72  .63 
  29 LJH10E   1309 1988                                                                                       .65  .65  .76 
  34 LJH13B   1228 1680                                                                        .38  .50  .67  .76  .68  .66 
  36 LJH15A    939 1940            .49  .44  .43  .48  .74  .78  .68  .63  .64  .74  .76  .56  .46  .55  .73  .76  .60  .63 
  37 LJH20B   1250 1848                                                                             .42  .68  .72  .60  .64 
  38 LJH30A   1250 1988                                                                             .48  .60  .59  .49  .64 
  39 LJR02N   1360 1990                                                                                                 .51 
  46 LJR14W   1360 1990                                                                                                 .18B
  50 JDH06C   1200 1988                                                                   .30A .51  .62  .72  .73  .73  .62 
  51 JDH07A    866 1957  .26B .31A .36  .50  .43  .45  .80  .72  .65  .76  .82  .84  .74  .64  .70  .79  .78  .68  .71  .78 
  52 JDH07B    890 1902  .38  .50  .23B .32A .41  .50  .65  .51  .53  .78  .86  .83  .75  .77  .77  .76  .82  .77  .65  .67 
  53 JDH07C    865 1561  .13B .25A .40  .52  .56  .58  .78  .68  .44  .74  .75  .76  .71  .67  .58  .52  .65  .77  .71  .70 
  55 JDH09C   1165 1900                                                         .68  .71  .74  .57  .48  .68  .83  .78  .72 
  56 JDH09D    997 1959                      .53  .54  .60  .60  .67  .77  .76  .69  .46  .44  .68  .65  .72  .66  .63  .70 
  58 JDH12B   1190 1920                                                              .61  .46  .42  .38  .48  .50  .48  .61 
  59 JDH13    1365 1952                                                                                                 .49 
  60 JDH14A   1047 1950                                .69  .76  .65  .66  .75  .74  .67  .69  .50  .61  .69  .60  .76  .70 
  61 JDH14B   1080 1952                                          .64  .45  .55  .57  .49  .46  .34  .60  .64  .48  .58  .69 
  62 JDH17A   1026 1800                                .85  .83  .72  .81  .73  .62  .58  .59  .64  .71  .64  .49  .38  .51 
  63 JDH17B    895 1768  .18B .25B .36  .47  .62  .69  .47  .43  .72  .74  .39  .43  .76  .67  .28A .45  .65  .52  .48  .52 
  64 JDH17C    888 1078  .56  .39  .14B .48  .59  .51                                                                       
  73 JDA03A    263 1279  .36  .50  .58  .73  .79  .63  .66  .68  .58  .72  .72  .64  .57  .53                               
  74 JDA03B    211 1216  .59  .59  .39  .66  .74  .67  .69  .62  .58  .65  .77                                              
  75 JDA03C    134 1016  .43  .34  .44                                                                                      
  84 JDA06A    393 1347  .57  .40  .15B .56  .74  .69  .73  .64  .39  .50  .68  .80  .71  .48  .50  .57                     
  86 JDA07A   -139 1410  .52  .59  .54  .48  .60  .56  .71  .71  .52  .48  .56  .71  .74  .64  .61  .63  .63  .43  .25B     
  90 JDA10A   1041 1622                                .70  .71  .71  .74  .79  .81  .74  .61  .73  .73  .64  .47  .49  .50 
  91 JDA10B   1030 1499                                .56  .67  .58  .61  .70  .69  .58  .41  .47  .54  .54  .48  .45  .61 
  95 JDA013A   350 1249  .46  .21A .15B .25A .40  .51  .69  .73  .45  .35  .31B .42  .49                                    
 102 JDA019B   380  999  .35  .29B .36B                                                                                     
 105 JDA23BA   717 1730  .55  .42  .34  .74  .77  .73  .79  .73  .77  .85  .73  .60  .56  .58  .72  .74  .72  .71  .67  .72 
 107 JDA25A    263  964  .43                                                                                                
 110 JDA27A    557 1197  .32B .22B .26A .29A .40  .40  .59  .60  .41  .59                                                   
 111 JDA27B    499 1049  .49  .50  .46  .47  .22B                                                                           
 113 JDA31A    988 1399                      .63  .69  .23B .11B .46  .66  .72  .62  .57  .41  .43  .54  .58  .34  .23B     
 114 JDA31B    690 1199  .56  .42  .43  .74  .80  .81  .81  .71  .53  .47  .27B                                             
 115 JDA32A    480  949  .27A                                                                                               
 118 JDA35A    672 1349  .52  .39  .47  .58  .61  .62  .74  .73  .38  .52  .63  .62  .65  .41  .42  .59  .55                
 176 JDA102A   834 1624  .37  .29A .45  .69  .68  .69  .87  .86  .79  .85  .86  .86  .74  .69  .74  .75  .82  .82  .79  .70 
 177 JDA102L   761 1430  .40  .45  .42  .69  .71  .67  .80  .78  .54  .71  .81  .78  .69  .61  .32A .39  .69  .64  .56  .72 
 178 JDA102R   707 1556  .33  .47  .37  .74  .83  .74  .83  .83  .68  .83  .89  .85  .76  .67  .61  .68  .79  .72  .70  .79 
 179 JDA102C   640 1644  .40  .42  .51  .72  .78  .78  .80  .77  .78  .90  .89  .87  .88  .77  .75  .76  .83  .83  .80  .82 
 180 JDA200L   674 1214  .68  .60  .52  .71  .67  .55  .68  .69  .50  .55  .76                                              
 181 JDA200R   481 1738  .36  .37  .19B .29A .42  .47  .65  .69  .49  .30B .45  .69  .69  .43  .33A .57  .62  .55  .54  .39 
 185 JDA204    673 1235  .49  .44  .49  .69  .69  .42  .10B .13B .73  .75  .63  .53                                         
 186 JDA206   1196 1700                                                              .13B .23A .62  .48  .38  .26A .37  .63 
 187 JDA209    802 1562  .09B .15B .04B .46  .66  .66  .70  .73  .76  .65  .63  .69  .68  .61  .38  .24B .32B .45  .59  .61 
 188 JDA210A  1082 1405                                          .52  .60  .68  .67  .51  .36B .37  .54  .56  .48  .46      
 189 JDA211   1066 1660                                     .35 -.00B .04B .25A .30A .23B .18B .10B .35  .57  .45  .46  .45 
 190 JDA213A   964 1555                 .32A .42  .54  .52  .56  .71  .59  .67  .78  .75  .77  .74  .76  .81  .74  .65  .67 
 199 KDH10A   1100 1864                                               .61  .49  .46  .55  .53  .58  .61  .65  .52  .52  .61 
 200 KDH11A   1128 1319                                                    .49  .60  .43  .34  .15B                         
 201 KDH15B    649 1548  .48  .40  .29B .37  .49  .52  .40  .44  .51  .66  .68  .47  .39  .43  .61  .49  .51  .69  .61  .54 
 202 KDH16B    950 1829                 .36  .42  .32B .12B .13B .28B .17B .41  .36B .17B .17B .24B .36  .28B .15B .01B-.05B
 220 KDH28B    715 1255  .43  .31A .49  .40  .33  .41  .23B .18B .23B .25A .51  .42  .34                                    
 225 KDH52A    235 1005  .64  .60  .37                                                                                      
 226 KDH53A    411 1180  .26B .35  .54  .57  .51  .36B .33  .40  .32A .27A                                                  
 248 KDH61A    596  999  .06B .14B-.14B                                                                                     
 252 KDH67     416 1266  .39  .55  .67  .52  .56  .55  .42  .44  .46  .52  .51  .17B-.26B                                   
 253 KDH68C    824 1828  .41  .42  .49  .44  .47  .38  .43  .60  .46  .32A .55  .61  .47  .38  .25B .28B .42  .29A .04B-.08B
 261 KDH74Ab   185 1640  .55  .39  .47  .54  .54  .52  .65  .70  .50  .51  .50  .54  .62  .51  .27A .51  .71  .62  .39  .49 
 262 KDH74Ac   920 1715       .33  .47  .61  .58  .45  .55  .55  .52  .55  .49  .54  .45  .06B .08B .40  .37  .25B .11B .28B
 264 KDH76A    513 1185  .18B .31A .34 -.11B .07B .50  .28A .28B .33  .47                                                   
 265 KDH76B    946 1364            .46  .41B .50  .66  .40  .31A .27B .31A .20B .34  .53  .13B .10B .36  .40                
 266 KDH77Aa   503 1416  .42  .37  .52  .46  .48  .44  .45  .58  .40  .30B .56  .62  .49  .18B .08B .46  .43  .20B .35      
 267 KDH77Ab   588 1077  .38  .46  .60  .22A .25A .54                                                                       
 268 KDH77B    472 1266  .48  .36  .22B .39  .56  .47  .17B .23B .67  .65  .72  .69  .48                                    
 279 KDH90a    655 1662  .55  .45  .59  .25B .23B .37  .26B .40  .38B .27B .57  .61  .49  .36  .37  .52  .53  .53  .53  .31B
 280 KDH90b    928 1893            .55  .42  .43  .32A .28B .44B .38  .37  .54  .46  .39  .35  .25A .40  .59  .61  .35  .20B
 281 KDH91A    720 1537  .37B .45  .59  .46  .45  .48  .42  .54  .41  .41B .64  .51  .33A .34  .34  .53  .56  .50  .26B .29A
 282 KDH91B   1120 1522                                               .17B .39  .38  .29A .24B .02B .23B .53  .49  .28B .23B
 284 KDH93A   1129 1510                                                    .59  .57  .50  .42  .42  .54  .66  .63  .26B .29A
 285 KDH95A    730  975  .23B .14B                                                                                          
 286 KDH97A   1149 1419                                                         .39  .35  .37  .18B .49  .49  .32A .21A     
 287 KDH98     873 1274  .19B .30A .37  .44  .47  .46  .51  .57  .37  .17B .51  .62  .45  .18B                              
 290 KDH99A3   847 1022  .54  .33B .42                                                                                      
 293 KDH104   -143 1630  .56  .47  .58  .63  .71  .72  .26A .08B-.28B .03B .43  .46  .44  .34  .10B .33  .51  .35  .12B .27A
 297 KDH107A  1094 1859                                          .43  .25A .57  .64  .57  .38  .42  .50  .54  .41  .17B .41 
 298 KDH107B  1100 1459                                               .35  .62  .61  .60  .48  .21B .34  .41  .34  .25A .29A
 299 KDH108   1323 1834                                                                                            .08B-.07B
 300 KDH109a   808 1264  .40  .34  .34  .37  .49  .50  .17B .21B .43  .47  .57  .53  .47                                    
 301 KDH109b  1088 1206                                          .46  .36  .54                                              
 302 KDH109c  1084 1326                                          .47  .21B .30A .42  .52  .47  .21B .31A                    
 Av segment correlation  .41  .39  .40  .49  .55  .55  .56  .55  .51  .53  .61  .61  .55  .48  .45  .52  .61  .58  .53  .56 

 CORRELATION OF SERIES BY SEGMENTS: ausl024
-----------------------------------------------------------------------------------------------------------------------------------
 Correlations of  50-year dated segments, lagged  25 years
 Flags:  A = correlation under   .3281 but highest as dated;  B = correlation higher at other than dated position

 Seq Series  Time_span  1400 1425 1450 1475 1500 1525 1550 1575 1600 1625 1650 1675 1700 1725 1750 1775 1800 1825 1850 1875 
                        1449 1474 1499 1524 1549 1574 1599 1624 1649 1674 1699 1724 1749 1774 1799 1824 1849 1874 1899 1924 
 --- -------- ---------  ---- ---- ---- ---- ---- ---- ---- ---- ---- ---- ---- ---- ---- ---- ---- ---- ---- ---- ---- ---- 
   2 LJH01B    779 1670  .78  .76  .77  .70  .60  .54  .63  .75  .76                                                        
   3 LJH03A   1258 1988  .78  .73  .66  .70  .66  .52  .48  .66  .68  .73  .80  .82  .84  .79  .72  .71  .75  .79  .82  .75 
   4 LJH04A   1294 1988  .67  .71  .54  .47  .68  .73  .72  .67  .52  .57  .69  .75  .80  .75  .72  .71  .68  .68  .80  .85 
   5 LJH04B   1294 1775  .75  .68  .64  .66  .69  .64  .56  .59  .61  .69  .45  .38  .67  .67                               
   6 LJH04C    907 1689  .77  .76  .61  .60  .72  .72  .55  .48  .55  .55                                                   
   8 LJH04F    964 1500  .60  .48  .44                                                                                      
   9 LJH05A   1338 1988  .73  .69  .67  .74  .78  .77  .67  .70  .64  .52  .55  .67  .74  .69  .73  .69  .51  .57  .77  .59 
  10 LJH05B   1133 1988  .76  .79  .71  .72  .76  .76  .62  .67  .72  .59  .62  .76  .80  .77  .69  .64  .77  .85  .75  .67 
  11 LJH05C   1180 1988  .68  .63  .62  .65  .73  .71  .73  .76  .73  .79  .74  .66  .77  .77  .60  .53  .39  .50  .60  .66 
  12 LJH05D    975 1580  .72  .71  .49  .50  .63  .60                                                                       
  14 LJH05E2  1244 1893  .76  .74  .78  .75  .74  .76  .67  .64  .46  .48  .66  .59  .58  .54  .53  .66  .59  .57           
  15 LJH06A   1277 1988  .75  .79  .66  .59  .72  .81  .75  .76  .67  .69  .77  .68  .70  .74  .81  .78  .52  .35  .61  .69 
  16 LJH06B   1277 1988  .61  .70  .66  .69  .78  .78  .73  .78  .80  .80  .77  .69  .67  .70  .78  .65  .53  .68  .79  .81 
  17 LJH07A   1250 1988  .64  .74  .77  .75  .80  .77  .72  .74  .72  .75  .81  .82  .80  .69  .61  .73  .78  .74  .53  .64 
  18 LJH07B   1228 1988  .79  .71  .55  .63  .72  .65  .56  .56  .51  .49  .33A .30A .65  .77  .71  .72  .73  .55  .46  .60 
  19 LJH07C   1250 1473  .70                                                                                                
  20 LJH07D   1228 1567  .78  .75  .60  .73  .81                                                                            
  21 LJH08A   1228 1988  .38  .60  .70  .65  .75  .65  .55  .83  .76  .78  .84  .81  .86  .80  .72  .74  .60  .51  .69  .72 
  22 LJH08B   1228 1499  .67  .68  .56                                                                                      
  23 LJH09A   1409 1955       .69  .69  .66  .77  .75  .59  .68  .68  .74  .84  .82  .83  .85  .62  .59  .70  .57  .46  .43 
  24 LJH09B   1409 1958       .71  .58  .53  .68  .77  .71  .72  .71  .76  .80  .76  .78  .74  .74  .70  .56  .63  .74  .73 
  25 LJH09C   1352 1988  .64  .70  .62  .62  .66  .59  .61  .74  .57  .50  .65  .75  .85  .79  .68  .56  .59  .76  .82  .80 
  26 LJH10A   1257 1900  .80  .72  .60  .61  .71  .79  .78  .57  .57  .73  .74  .67  .68  .61  .59  .77  .60  .20B .29A     
  27 LJH10B   1257 1662  .73  .77  .65  .65  .76  .79  .80  .74  .74                                                        
  28 LJH10C   1309 1900  .76  .74  .48  .50  .61  .60  .71  .76  .71  .68  .75  .75  .82  .65  .53  .63  .70  .64  .67      
  29 LJH10E   1309 1988  .62  .58  .49  .54  .71  .70  .65  .65  .68  .70  .76  .74  .70  .69  .67  .82  .84  .71  .73  .69 
  30 LJH12A   1600 1941                                               .40  .48  .60  .68  .61  .27B .39  .63  .62  .62  .68 
  31 LJH12B   1573 1982                                          .50  .42  .35B .47  .57  .61  .62  .57  .69  .69  .74  .83 
  32 LJH12C   1641 1988                                                    .50  .57  .65  .54  .49  .47  .37B .43  .75  .75 
  33 LJH13A   1415 1988       .37  .29A .41  .58  .53  .38  .71  .63  .65  .72  .71  .82  .80  .61  .57  .64  .74  .78  .75 
  34 LJH13B   1228 1680  .78  .68  .45  .61  .74  .65  .56  .66  .65  .59                                                   
  35 LJH13C   1415 1662       .62  .51  .59  .68  .73  .58  .66  .66                                                        
  36 LJH15A    939 1940  .73  .57  .38  .59  .69  .64  .64  .58  .56  .59  .60  .61  .74  .73  .46  .54  .66  .60  .63  .58 
  37 LJH20B   1250 1848  .69  .65  .55  .59  .78  .84  .78  .73  .70  .65  .77  .79  .69  .67  .74  .67                     
  38 LJH30A   1250 1988  .75  .72  .63  .66  .76  .75  .68  .60  .58  .74  .76  .70  .81  .77  .68  .73  .75  .82  .84  .84 
  39 LJR02N   1360 1990  .65  .76  .64  .70  .82  .73  .56  .69  .73  .80  .83  .76  .75  .77  .72  .78  .65  .48  .67  .78 
  40 LJR02E   1696 1990                                                              .85  .85  .74  .62  .59  .70  .84  .83 
  41 LJR02S   1575 1990                                          .73  .69  .78  .68  .65  .78  .69  .66  .73  .75  .85  .80 
  42 LJR07N   1463 1990                 .28A .57  .67  .54  .70  .81  .76  .78  .68  .62  .59  .50  .63  .71  .75  .88  .89 
  43 LJR09NE  1626 1990                                                    .53  .45  .60  .67  .59  .58  .64  .65  .73  .78 
  44 LJR09W   1550 1990                                     .35  .53  .55  .55  .54  .63  .53  .61  .73  .75  .75  .71  .67 
  45 LJR13W   1400 1990       .62  .59  .60  .65  .77  .65  .53  .62  .79  .84  .77  .75  .72  .68  .83  .88  .79  .78  .79 
  46 LJR14W   1360 1990  .55  .46  .30B .16B .32A .50  .43  .54  .63  .67  .57  .55  .39  .31B .39  .44  .60  .56  .59  .54 
  47 LJR15N   1629 1990                                                    .65  .77  .70  .62  .67  .75  .76  .62  .71  .78 
  48 LJR17E   1747 1990                                                                        .66  .60  .63  .69  .80  .70 
  49 LJR17W   1759 1990                                                                             .44  .76  .80  .84  .86 
  50 JDH06C   1200 1988  .68  .76  .77  .77  .78  .78  .82  .84  .82  .72  .72  .81  .91  .83  .68  .67  .65  .62  .76  .82 
  51 JDH07A    866 1957  .80  .78  .74  .73  .76  .60  .52  .71  .71  .74  .72  .72  .77  .68  .62  .58  .70  .80  .79  .75 
  52 JDH07B    890 1902  .77  .72  .67  .76  .72  .66  .64  .74  .76  .59  .70  .79  .71  .68  .73  .75  .78  .78  .70      
  53 JDH07C    865 1561  .72  .67  .57  .64  .74                                                                            
  54 JDH08A   1770 1988                                                                             .63  .53  .50  .69  .76 
  55 JDH09C   1165 1900  .72  .70  .55  .43  .59  .67  .63  .84  .76  .59  .71  .78  .69  .65  .73  .69  .52  .52  .58      
  56 JDH09D    997 1959  .77  .76  .67  .65  .76  .74  .65  .78  .80  .81  .79  .72  .70  .64  .62  .71  .59  .61  .70  .74 
  57 JDH10A   1518 1969                           .54  .44  .35  .29A .60  .72  .65  .59  .44  .23A .41  .71  .71  .74  .82 
  58 JDH12B   1190 1920  .51  .38  .47  .61  .75  .67  .55  .57  .58  .59  .70  .63  .52  .59  .42  .56  .68  .62  .72      
  59 JDH13    1365 1952  .39  .51  .50  .53  .63  .55  .50  .69  .74  .69  .62  .63  .77  .81  .72  .73  .78  .74  .77  .77 
  60 JDH14A   1047 1950  .71  .65  .45  .48  .63  .54  .48  .69  .67  .64  .61  .63  .58  .61  .50  .47  .68  .68  .68  .65 
  61 JDH14B   1080 1952  .72  .66  .36B .39  .66  .57  .54  .63  .57  .60  .71  .64  .57  .61  .44  .34B .33  .35  .50  .53 
  62 JDH17A   1026 1800  .71  .71  .69  .72  .71  .66  .61  .66  .65  .72  .82  .65  .60  .56  .55                          
  63 JDH17B    895 1768  .64  .68  .68  .54  .60  .63  .51  .67  .73  .64  .70  .75  .71                                    
  90 JDA10A   1041 1622  .47  .33A .31A .58  .37  .32A .32A                                                                 
  91 JDA10B   1030 1499  .74  .61  .30B                                                                                     
 105 JDA23BA   717 1730  .71  .69  .66  .62  .69  .64  .50  .63  .69  .73  .32A-.09B                                        
 176 JDA102A   834 1624  .73  .81  .74  .64  .57  .60  .60  .70                                                             
 178 JDA102R   707 1556  .80  .61  .54  .73  .75                                                                            
 179 JDA102C   640 1644  .79  .76  .80  .81  .83  .75  .72  .73                                                             
 181 JDA200R   481 1738  .53  .71  .63  .55  .53  .46  .07B .36  .70  .58  .57  .41                                         
 186 JDA206   1196 1700  .68  .65  .66  .77  .70  .56  .57  .58  .50  .43  .43                                              
 187 JDA209    802 1562  .63  .61  .40  .16B .04B                                                                           
 189 JDA211   1066 1660  .56  .61  .44  .50  .63  .44  .34  .69  .67                                                        
 190 JDA213A   964 1555  .74  .74  .67  .70  .80                                                                            
 199 KDH10A   1100 1864  .58  .49  .57  .71  .70  .62  .55  .51  .51  .47  .54  .65  .71  .64  .61  .49  .45                
 201 KDH15B    649 1548  .55  .42  .29A .35                                                                                 
 202 KDH16B    950 1829  .20B .48  .39  .39  .29A .09B .35  .42  .42  .21B .17B .13B .21B .29B .29B .39                     
 253 KDH68C    824 1828  .23A .51  .48  .33  .47  .43  .26A .41  .41  .35  .26B .33  .48  .38  .12B .17B                    
 261 KDH74Ab   185 1640  .49  .50  .49  .38  .46  .46  .24B .27B                                                            
 262 KDH74Ac   920 1715  .41  .44  .53  .15B .24A .40  .33A .50  .59  .42  .18B                                             
 279 KDH90a    655 1662  .26B .47  .59  .60  .45  .27B .21B .29B .43                                                        
 280 KDH90b    928 1893  .23B .45  .54  .31A .27A .18B .07B .25A .38  .37  .30A .48  .53  .36  .38  .34B .30A .17B          
 281 KDH91A    720 1537  .47  .54  .49  .44                                                                                 
 282 KDH91B   1120 1522  .27B .32A .29B                                                                                     
 284 KDH93A   1129 1510  .51  .28B-.16B                                                                                     
 293 KDH104   -143 1630  .29B .29B .28A .32A .22B .10B .26B .54                                                             
 297 KDH107A  1094 1859  .48  .53  .49  .44  .41  .33  .21B .35B .56  .33  .19B .37  .19A .04B .09B .11B .15B               
 298 KDH107B  1100 1459  .30A                                                                                               
 299 KDH108   1323 1834  .17B .26B .34  .39  .24B .05B .05B .17B .15B-.07B-.02B .34  .43  .32B .26B .35                     
 Av segment correlation  .62  .62  .55  .57  .63  .60  .54  .61  .62  .60  .61  .62  .68  .64  .58  .60  .63  .63  .70  .73 

 CORRELATION OF SERIES BY SEGMENTS: ausl024
-----------------------------------------------------------------------------------------------------------------------------------
 Correlations of  50-year dated segments, lagged  25 years
 Flags:  A = correlation under   .3281 but highest as dated;  B = correlation higher at other than dated position

 Seq Series  Time_span  1900 1925 
                        1949 1974 
 --- -------- ---------  ---- ---- 
   3 LJH03A   1258 1988  .62  .57 
   4 LJH04A   1294 1988  .69  .67 
   9 LJH05A   1338 1988  .47  .36 
  10 LJH05B   1133 1988  .64  .53 
  11 LJH05C   1180 1988  .76  .59 
  15 LJH06A   1277 1988  .61  .76 
  16 LJH06B   1277 1988  .75  .64 
  17 LJH07A   1250 1988  .77  .75 
  18 LJH07B   1228 1988  .65  .53 
  21 LJH08A   1228 1988  .62  .57 
  23 LJH09A   1409 1955  .47      
  24 LJH09B   1409 1958  .70      
  25 LJH09C   1352 1988  .61  .42 
  29 LJH10E   1309 1988  .67  .75 
  31 LJH12B   1573 1982  .76  .64 
  32 LJH12C   1641 1988  .73  .66 
  33 LJH13A   1415 1988  .63  .59 
  38 LJH30A   1250 1988  .81  .70 
  39 LJR02N   1360 1990  .72  .34 
  40 LJR02E   1696 1990  .73  .67 
  41 LJR02S   1575 1990  .69  .58 
  42 LJR07N   1463 1990  .75  .59 
  43 LJR09NE  1626 1990  .68  .48 
  44 LJR09W   1550 1990  .64  .60 
  45 LJR13W   1400 1990  .65  .40 
  46 LJR14W   1360 1990  .45  .37 
  47 LJR15N   1629 1990  .72  .66 
  48 LJR17E   1747 1990  .50  .59 
  49 LJR17W   1759 1990  .84  .77 
  50 JDH06C   1200 1988  .80  .61 
  51 JDH07A    866 1957  .67      
  54 JDH08A   1770 1988  .74  .72 
  56 JDH09D    997 1959  .74      
  57 JDH10A   1518 1969  .63      
  59 JDH13    1365 1952  .71      
  60 JDH14A   1047 1950  .53      
  61 JDH14B   1080 1952  .49      
 Av segment correlation  .67  .59 

 FLAGGED SEGMENTS: ausl024
-----------------------------------------------------------------------------------------------------------------------------------
 Seq Series   Segment    Flag  r dated  Best lag  r at lag   Gain  Note
 --- -------- ---------  ----  -------  --------  --------  -----  -----------------
   1 LJH01A    800  849     B     .257         3      .344   .087
   1 LJH01A    875  924     B     .242        -9      .388   .146
   2 LJH01B    800  849     B     .265         4      .273   .009  weak at every lag
   2 LJH01B    825  874     A     .277         0
   2 LJH01B    875  924     B     .259        10      .488   .229
   2 LJH01B    900  949     B     .400        10      .457   .057
   2 LJH01B   1325 1374     B     .256         6      .278   .022  weak at every lag
   4 LJH04A   1300 1349     B     .353        -2      .358   .006
   6 LJH04C    950  999     B     .241        -1      .245   .005  weak at every lag
   6 LJH04C   1275 1324     B     .280         4      .313   .033  weak at every lag
   7 LJH04D    950  999     A     .260         0
  12 LJH05D   1050 1099     B     .248        -1      .283   .035  weak at every lag
  12 LJH05D   1075 1124     B     .240        -1      .355   .116
  13 LJH05E   1025 1074     B     .270        -9      .395   .124
  17 LJH07A   1275 1324     B     .226        -3      .257   .031  weak at every lag
  18 LJH07B   1650 1699     A     .328         0
  18 LJH07B   1675 1724     A     .303         0
  19 LJH07C   1275 1324     B     .392         3      .406   .014
  26 LJH10A   1825 1874     B     .198        -8      .336   .137
  26 LJH10A   1850 1899     A     .285         0
  30 LJH12A   1750 1799     B     .271         4      .331   .059
  31 LJH12B   1650 1699     B     .351        -7      .360   .009
  32 LJH12C   1800 1849     B     .373         2      .392   .019
  33 LJH13A   1450 1499     A     .289         0
  42 LJR07N   1475 1524     A     .278         0
  46 LJR14W   1375 1424     B     .180         7      .335   .155
  46 LJR14W   1450 1499     B     .300        -3      .326   .026  weak at every lag
  46 LJR14W   1475 1524     B     .155         9      .329   .174
  46 LJR14W   1500 1549     A     .322         0
  46 LJR14W   1725 1774     B     .311         5      .327   .016  weak at every lag
  50 JDH06C   1225 1274     A     .297         0
  51 JDH07A    875  924     A     .308         0
  51 JDH07A    900  949     B     .261         1      .358   .098
  51 JDH07A    925  974     A     .312         0
  52 JDH07B    950  999     B     .230         6      .303   .073  weak at every lag
  52 JDH07B    975 1024     A     .317         0
  53 JDH07C    875  924     B     .205         9      .349   .144
  53 JDH07C    900  949     B     .132        -2      .312   .179  weak at every lag
  53 JDH07C    925  974     A     .253         0
  57 JDH10A   1600 1649     A     .290         0
  57 JDH10A   1750 1799     A     .227         0
  61 JDH14B   1450 1499     B     .363       -10      .393   .030
  61 JDH14B   1775 1824     B     .339        -8      .382   .043
  63 JDH17B    900  949     B     .176         9      .242   .067  weak at every lag
  63 JDH17B    925  974     B     .249         9      .331   .082
  63 JDH17B   1250 1299     A     .279         0
  64 JDH17C    950  999     B     .139        10      .454   .316
  65 JDA01A   -1325 -1276     B     .038        -1      .331   .294
  66 JDA01A2  -1325 -1276     B    -.136        -1      .330   .466
  66 JDA01A2  -1300 -1251     B     .278         1      .300   .022  weak at every lag
  69 JDA02A   -450 -401     A     .322         0
  70 JDA02C   -750 -701     B     .236        -8      .305   .069  weak at every lag
  70 JDA02C   -700 -651     B     .032         9      .328   .296  weak at every lag
  70 JDA02C   -675 -626     B     .092         9      .365   .273
  71 JDA02D   -750 -701     A     .289         0
  72 JDA02E   -350 -301     B     .283         2      .326   .043  weak at every lag
  73 JDA03A    300  349     B     .240        -1      .270   .030  weak at every lag
  73 JDA03A    325  374     B     .274        -1      .345   .070
  74 JDA03B    300  349     B     .272        -1      .437   .165
  74 JDA03B    325  374     B     .225        -1      .372   .147
  74 JDA03B    875  924     B     .514         1      .538   .024
  75 JDA03C    150  199     A     .298         0
  75 JDA03C    200  249     B     .127         3      .351   .224
  75 JDA03C    225  274     B     .073        -2      .134   .061  weak at every lag
  75 JDA03C    250  299     B     .063        -3      .280   .217  weak at every lag
  75 JDA03C    325  374     A     .293         0
  75 JDA03C    500  549     B     .156        -6      .194   .037  weak at every lag
  76 JDA04AA  -425 -376     B     .061         6      .246   .185  weak at every lag
  76 JDA04AA  -400 -351     B     .089         4      .446   .357
  76 JDA04AA  -300 -251     B     .233        -1      .284   .052  weak at every lag
  76 JDA04AA   -50   -1     B     .268        10      .480   .212
  76 JDA04AA   200  249     A     .317         0
  76 JDA04AA   250  299     B     .334        -3      .343   .009
  77 JDA04A   -525 -476     B     .395        -4      .413   .019
  77 JDA04A   -425 -376     B     .070        -8      .246   .176  weak at every lag
  77 JDA04A   -400 -351     B     .117         4      .487   .369
  77 JDA04A   -300 -251     B     .198        -1      .300   .102  weak at every lag
  77 JDA04A    -50   -1     B     .401        10      .500   .100
  78 JDA04BA  -525 -476     B     .232        -6      .270   .038  weak at every lag
  78 JDA04BA  -500 -451     B     .075        -6      .337   .262
  78 JDA04BA  -475 -426     B     .185        -6      .248   .063  weak at every lag
  78 JDA04BA  -300 -251     A     .195         0
  79 JDA04CA  -1025 -976     A     .321         0
  79 JDA04CA  -950 -901     A     .321         0
  79 JDA04CA  -925 -876     B     .164         3      .233   .069  weak at every lag
  79 JDA04CA  -775 -726     B     .329         2      .346   .017
  80 JDA04CB  -1200 -1151     B     .345        -1      .352   .007
  80 JDA04CB  -925 -876     A     .317         0
  81 JDA05AB  -375 -326     A     .291         0
  81 JDA05AB  -350 -301     B     .291        -8      .377   .086
  81 JDA05AB  -325 -276     B     .138        -8      .386   .248
  81 JDA05AB  -300 -251     B    -.053        -8      .259   .312  weak at every lag
  81 JDA05AB  -275 -226     B     .182         3      .231   .049  weak at every lag
  81 JDA05AB  -225 -176     B     .347        -1      .365   .018
  81 JDA05AB  -100  -51     B     .223        -1      .484   .262
  81 JDA05AB   -50   -1     B     .155         4      .316   .161  weak at every lag
  81 JDA05AB   -25   24     A     .288         0
  81 JDA05AB     0   49     A     .301         0
  81 JDA05AB    75  124     A     .281         0
  81 JDA05AB   100  149     B     .206        10      .233   .027  weak at every lag
  81 JDA05AB   200  249     B     .171         4      .358   .187
  81 JDA05AB   225  274     B     .178         4      .261   .082  weak at every lag
  81 JDA05AB   250  299     B     .088        -7      .359   .272
  81 JDA05AB   275  324     B     .080        -6      .333   .252
  81 JDA05AB   300  349     B     .330        -4      .372   .041
  82 JDA05BA     0   49     B     .199        -5      .464   .265
  82 JDA05BA    25   74     A     .314         0
  82 JDA05BA   100  149     B     .241         4      .353   .112
  82 JDA05BA   225  274     A     .250         0
  82 JDA05BA   250  299     B     .211         6      .244   .033  weak at every lag
  82 JDA05BA   675  724     B     .136        10      .356   .221
  83 JDA05BB   175  224     B     .124         6      .210   .086  weak at every lag
  83 JDA05BB   200  249     B     .208        -9      .227   .018  weak at every lag
  83 JDA05BB   325  374     A     .287         0
  84 JDA06A    500  549     A     .274         0
  84 JDA06A    950  999     B     .149         5      .188   .039  weak at every lag
  86 JDA07A    -75  -26     B     .254        -1      .343   .089
  86 JDA07A    -50   -1     A     .276         0
  86 JDA07A    -25   24     B     .167         6      .280   .113  weak at every lag
  86 JDA07A      0   49     B     .025        -1      .275   .250  weak at every lag
  86 JDA07A     25   74     B     .188         4      .327   .139  weak at every lag
  86 JDA07A    175  224     A     .291         0
  86 JDA07A    200  249     B     .156         9      .219   .063  weak at every lag
  86 JDA07A    225  274     B     .391        -1      .396   .004
  86 JDA07A   1350 1399     B     .253       -10      .343   .089
  87 JDA08A   -500 -451     B     .308        -2      .308   .000  weak at every lag
  88 JDA09A   -350 -301     B     .019        -8      .241   .222  weak at every lag
  88 JDA09A   -325 -276     B     .231        -8      .347   .117
  88 JDA09A   -300 -251     B     .291         8      .310   .019  weak at every lag
  88 JDA09A   -275 -226     B     .214         6      .275   .061  weak at every lag
  88 JDA09A    -75  -26     A     .306         0
  88 JDA09A    -50   -1     B     .163         2      .246   .082  weak at every lag
  88 JDA09A    -25   24     A     .326         0
  88 JDA09A      0   49     B     .175        -9      .285   .110  weak at every lag
  88 JDA09A     25   74     A     .237         0
  89 JDA09B   -325 -276     B     .422        -1      .443   .021
  89 JDA09B   -275 -226     B     .368         3      .408   .041
  89 JDA09B   -150 -101     B     .211        -1      .269   .058  weak at every lag
  89 JDA09B    -75  -26     A     .251         0
  90 JDA10A   1425 1474     A     .327         0
  90 JDA10A   1450 1499     A     .315         0
  90 JDA10A   1525 1574     A     .315         0
  90 JDA10A   1550 1599     A     .323         0
  91 JDA10B   1450 1499     B     .296         6      .318   .022  weak at every lag
  93 JDA11B   -275 -226     B     .245         3      .307   .062  weak at every lag
  93 JDA11B   -250 -201     B     .217         3      .254   .037  weak at every lag
  93 JDA11B   -225 -176     A     .234         0
  93 JDA11B   -200 -151     A     .309         0
  93 JDA11B   -175 -126     B     .315         5      .316   .000  weak at every lag
  93 JDA11B   -100  -51     B     .255       -10      .378   .123
  93 JDA11B    -75  -26     B     .207       -10      .343   .136
  93 JDA11B    100  149     B     .287         4      .351   .064
  93 JDA11B    225  274     A     .322         0
  93 JDA11B    250  299     A     .292         0
  94 JDA11C   -375 -326     B     .247        -1      .339   .092
  94 JDA11C   -350 -301     B     .170         2      .256   .086  weak at every lag
  94 JDA11C   -325 -276     B     .198        -9      .269   .070  weak at every lag
  94 JDA11C   -225 -176     A     .315         0
  94 JDA11C   -200 -151     B     .096         2      .190   .095  weak at every lag
  94 JDA11C   -175 -126     A     .307         0
  95 JDA013A   425  474     B     .281         7      .328   .047  weak at every lag
  95 JDA013A   450  499     A     .306         0
  95 JDA013A   500  549     B     .200         5      .322   .122  weak at every lag
  95 JDA013A   525  574     A     .324         0
  95 JDA013A   575  624     A     .325         0
  95 JDA013A   825  874     B     .144       -10      .366   .222
  95 JDA013A   850  899     A     .316         0
  95 JDA013A   925  974     A     .214         0
  95 JDA013A   950  999     B     .149        -4      .207   .058  weak at every lag
  95 JDA013A   975 1024     A     .250         0
  95 JDA013A  1150 1199     B     .310        -8      .311   .001  weak at every lag
  96 JDA14AA   225  274     B     .133       -10      .375   .243
  96 JDA14AA   250  299     B     .222        -6      .228   .007  weak at every lag
  98 JDA16A   -200 -151     B     .371        -1      .411   .040
  98 JDA16A   -100  -51     A     .317         0
  98 JDA16A    -75  -26     A     .261         0
  98 JDA16A    -50   -1     B     .065         6      .510   .445
  98 JDA16A    100  149     B     .144        -3      .296   .152  weak at every lag
  98 JDA16A    125  174     B     .260         4      .265   .004  weak at every lag
  98 JDA16A    150  199     B     .341        -5      .507   .166
  98 JDA16A    175  224     B     .207        -4      .324   .117  weak at every lag
  98 JDA16A    200  249     B     .080         1      .201   .121  weak at every lag
  98 JDA16A    225  274     B     .175         9      .190   .015  weak at every lag
  98 JDA16A    250  299     A     .263         0
  99 JDA17A   -775 -726     B     .276        -1      .418   .143
  99 JDA17A   -650 -601     A     .308         0
  99 JDA17A   -500 -451     A     .251         0
  99 JDA17A   -350 -301     B    -.018        -8      .239   .257  weak at every lag
 100 JDA17B   -525 -476     B     .215         2      .250   .036  weak at every lag
 100 JDA17B   -500 -451     B     .226        -2      .263   .036  weak at every lag
 100 JDA17B   -425 -376     A     .321         0
 102 JDA019B   625  674     A     .310         0
 102 JDA019B   925  974     B     .294        -1      .340   .046
 102 JDA019B   950  999     B     .356         9      .364   .008
 103 JDA021A  -675 -626     B     .216         6      .296   .080  weak at every lag
 103 JDA021A  -525 -476     B     .082         3      .459   .378
 103 JDA021A  -500 -451     B     .229         1      .266   .038  weak at every lag
 103 JDA021A  -475 -426     A     .252         0
 103 JDA021A  -450 -401     B     .234         8      .251   .017  weak at every lag
 103 JDA021A  -425 -376     B     .145        -9      .241   .095  weak at every lag
 103 JDA021A  -400 -351     B     .168        -8      .324   .157  weak at every lag
 103 JDA021A  -350 -301     A     .295         0
 103 JDA021A   -50   -1     A     .300         0
 104 JDA022A  -200 -151     B     .058         2      .317   .259  weak at every lag
 104 JDA022A  -175 -126     B     .117         5      .322   .205  weak at every lag
 104 JDA022A  -125  -76     A     .315         0
 104 JDA022A  -100  -51     A     .282         0
 104 JDA022A   -25   24     A     .312         0
 104 JDA022A   200  249     A     .284         0
 105 JDA23BA  1650 1699     A     .319         0
 105 JDA23BA  1675 1724     B    -.086         5      .496   .583
 106 JDA024    200  249     B     .156        -9      .275   .119  weak at every lag
 106 JDA024    250  299     B     .201         8      .250   .049  weak at every lag
 106 JDA024    275  324     B     .156         8      .321   .165  weak at every lag
 106 JDA024    300  349     A     .315         0
 106 JDA024    675  724     A     .326         0
 107 JDA25A    275  324     B     .402         3      .511   .109
 107 JDA25A    350  399     A     .285         0
 107 JDA25A    375  424     A     .262         0
 108 JDA26A    100  149     B     .312         4      .390   .079
 108 JDA26A    175  224     A     .289         0
 108 JDA26A    200  249     A     .248         0
 108 JDA26A    225  274     A     .311         0
 108 JDA26A    250  299     B     .197         8      .289   .092  weak at every lag
 108 JDA26A    325  374     A     .272         0
 108 JDA26A    350  399     A     .242         0
 108 JDA26A    750  799     B     .214         4      .346   .132
 108 JDA26A    775  824     B     .272        -8      .272   .000  weak at every lag
 108 JDA26A    800  849     A     .296         0
 109 JDA26C   -200 -151     B     .247        -6      .286   .038  weak at every lag
 109 JDA26C   -175 -126     B    -.196       -10      .372   .568
 109 JDA26C   -150 -101     B     .166       -10      .193   .027  weak at every lag
 109 JDA26C   -100  -51     A     .320         0
 109 JDA26C     50   99     B     .247         5      .319   .073  weak at every lag
 109 JDA26C     75  124     B     .258         7      .325   .067  weak at every lag
 109 JDA26C    100  149     B     .338         4      .390   .052
 109 JDA26C    250  299     B     .151       -10      .306   .155  weak at every lag
 109 JDA26C    275  324     A     .242         0
 110 JDA27A    900  949     B     .318         2      .329   .011
 110 JDA27A    925  974     B     .219         2      .233   .014  weak at every lag
 110 JDA27A    950  999     A     .256         0
 110 JDA27A    975 1024     A     .292         0
 111 JDA27B    525  574     A     .266         0
 111 JDA27B    625  674     A     .293         0
 111 JDA27B    650  699     B     .159        -3      .289   .130  weak at every lag
 111 JDA27B   1000 1049     B     .218         4      .292   .075  weak at every lag
 112 JDA29A    -75  -26     B     .273         1      .312   .039  weak at every lag
 112 JDA29A    -50   -1     B     .273        -6      .280   .008  weak at every lag
 112 JDA29A      0   49     B     .381        -5      .420   .040
 112 JDA29A    100  149     A     .318         0
 112 JDA29A    225  274     B     .233         7      .397   .164
 112 JDA29A    250  299     B     .162         7      .207   .045  weak at every lag
 112 JDA29A    275  324     A     .298         0
 113 JDA31A   1050 1099     B     .230         4      .287   .057  weak at every lag
 113 JDA31A   1075 1124     B     .111        -8      .335   .223
 113 JDA31A   1350 1399     B     .234        -7      .374   .141
 114 JDA31B    700  749     A     .311         0
 114 JDA31B   1150 1199     B     .268         1      .321   .053  weak at every lag
 115 JDA32A    550  599     B     .291         8      .327   .036  weak at every lag
 115 JDA32A    575  624     B     .245         8      .399   .154
 115 JDA32A    875  924     B     .251         4      .359   .108
 115 JDA32A    900  949     A     .268         0
 116 JDA33A   -375 -326     A     .259         0
 116 JDA33A    -50   -1     A     .234         0
 116 JDA33A    -25   24     A     .317         0
 116 JDA33A      0   49     A     .328         0
 116 JDA33A     25   74     B     .135        -9      .350   .215
 116 JDA33A     50   99     B     .138        -7      .400   .262
 117 JDA34A    550  599     A     .316         0
 117 JDA34A    675  724     B     .021         1      .288   .267  weak at every lag
 117 JDA34A    700  749     B     .142         1      .303   .161  weak at every lag
 118 JDA35A    675  724     B     .292         2      .376   .085
 118 JDA35A    700  749     B     .366         2      .455   .089
 118 JDA35A    725  774     B     .377         2      .418   .040
 118 JDA35A    750  799     B     .245         2      .295   .050  weak at every lag
 118 JDA35A    825  874     B     .229         3      .356   .127
 119 JDA37B   -575 -526     B     .305         3      .401   .097
 119 JDA37B   -550 -501     B     .340         3      .477   .137
 119 JDA37B   -525 -476     B     .211         3      .277   .066  weak at every lag
 119 JDA37B   -500 -451     B     .077         2      .243   .166  weak at every lag
 119 JDA37B   -450 -401     B     .267         9      .302   .035  weak at every lag
 119 JDA37B   -425 -376     B     .171         9      .317   .146  weak at every lag
 119 JDA37B   -400 -351     B     .239        -6      .341   .102
 119 JDA37B   -375 -326     A     .312         0
 119 JDA37B   -250 -201     B     .236         1      .258   .022  weak at every lag
 120 JDA38A     25   74     A     .262         0
 120 JDA38A     50   99     A     .268         0
 120 JDA38A     75  124     B     .145         3      .340   .195
 120 JDA38A    100  149     B     .157         5      .340   .182
 120 JDA38A    175  224     B     .208        10      .254   .046  weak at every lag
 120 JDA38A    200  249     B    -.024        -4      .334   .359
 120 JDA38A    225  274     B     .001        -7      .175   .174  weak at every lag
 120 JDA38A    250  299     B    -.010         7      .370   .379
 120 JDA38A    275  324     B     .158         7      .305   .146  weak at every lag
 121 JDA39A   -975 -926     B     .225        10      .251   .025  weak at every lag
 121 JDA39A   -950 -901     B     .280        -1      .354   .074
 123 JDA39R   -1225 -1176     B     .218         1      .308   .090  weak at every lag
 123 JDA39R   -1000 -951     A     .323         0
 123 JDA39R   -975 -926     A     .282         0
 123 JDA39R   -875 -826     B     .363         2      .404   .041
 123 JDA39R   -750 -701     A     .303         0
 123 JDA39R   -700 -651     B     .238         1      .364   .126
 124 JDA43A0   200  249     B     .164         9      .309   .144  weak at every lag
 124 JDA43A0   225  274     B     .332         1      .424   .092
 124 JDA43A0   250  299     B     .318         1      .587   .270
 124 JDA43A0   275  324     B     .327         1      .542   .215
 124 JDA43A0   525  574     B     .388        -3      .491   .103
 124 JDA43A0   750  799     B     .265         4      .383   .118
 125 JDA43A1    75  124     A     .322         0
 125 JDA43A1   200  249     B     .152        -9      .344   .193
 125 JDA43A1   225  274     A     .322         0
 125 JDA43A1   250  299     B     .251        -3      .316   .065  weak at every lag
 125 JDA43A1   275  324     A     .260         0
 125 JDA43A1   300  349     A     .286         0
 126 JDA43B     25   74     A     .293         0
 126 JDA43B    100  149     B     .286         7      .338   .052
 126 JDA43B    525  574     A     .327         0
 126 JDA43B    575  624     B     .257        -1      .274   .017  weak at every lag
 126 JDA43B    600  649     B     .090         1      .445   .355
 127 JDA43C   -100  -51     A     .249         0
 127 JDA43C     75  124     B     .307        -1      .345   .038
 127 JDA43C    225  274     A     .276         0
 127 JDA43C    250  299     B     .355         1      .488   .133
 127 JDA43C    275  324     B     .486         3      .505   .018
 128 JDA50A   -850 -801     B     .289         1      .299   .010  weak at every lag
 128 JDA50A   -825 -776     B     .337         1      .424   .087
 130 JDA53A   -1175 -1126     B     .217         7      .241   .024  weak at every lag
 131 JDA53B   -1175 -1126     B     .247         7      .372   .124
 132 JDA55A   -1125 -1076     B     .089        -5      .213   .124  weak at every lag
 134 JDA57Ab  -1225 -1176     B     .162        -1      .468   .305
 134 JDA57Ab  -1200 -1151     B     .114        -1      .634   .520
 136 JDA59A   -1075 -1026     A     .328         0
 136 JDA59A   -1000 -951     B     .176        -5      .194   .018  weak at every lag
 136 JDA59A   -975 -926     B     .206         1      .268   .062  weak at every lag
 136 JDA59A   -825 -776     B     .238        -1      .293   .055  weak at every lag
 137 JDA59B   -525 -476     B     .270         4      .408   .138
 137 JDA59B   -500 -451     B     .169         3      .219   .050  weak at every lag
 137 JDA59B   -475 -426     B     .121        10      .252   .131  weak at every lag
 137 JDA59B   -450 -401     A     .273         0
 139 JDA59D   -650 -601     B     .440        -6      .445   .005
 139 JDA59D   -450 -401     B     .385        -2      .392   .007
 141 JDA60A2  -1050 -1001     B     .008        -6      .279   .271  weak at every lag
 141 JDA60A2  -1025 -976     B     .188        -2      .368   .179
 141 JDA60A2  -1000 -951     B     .130        -3      .431   .301
 141 JDA60A2  -975 -926     B     .219        -3      .403   .184
 141 JDA60A2  -925 -876     A     .309         0
 141 JDA60A2  -825 -776     A     .318         0
 142 JDA60B   -1075 -1026     B     .219        10      .243   .024  weak at every lag
 143 JDA61A   -1100 -1051     B     .341         3      .389   .048
 144 JDA62A   -1150 -1101     A     .250         0
 146 JDA63AB  -1125 -1076     B     .045        -7      .209   .164  weak at every lag
 146 JDA63AB  -975 -926     B     .221         9      .291   .070  weak at every lag
 146 JDA63AB  -950 -901     B     .149         9      .245   .096  weak at every lag
 147 JDA63A   -950 -901     B     .262         9      .460   .199
 147 JDA63A   -925 -876     B     .267         5      .313   .045  weak at every lag
 147 JDA63A   -850 -801     B     .159         5      .250   .092  weak at every lag
 147 JDA63A   -825 -776     A     .258         0
 147 JDA63A   -775 -726     B     .220        -6      .338   .118
 147 JDA63A   -750 -701     B    -.092        -7      .469   .561
 150 JDA64AA   -75  -26     B     .163         1      .260   .097  weak at every lag
 150 JDA64AA   -50   -1     B     .036         8      .192   .155  weak at every lag
 151 JDA70A   -1900 -1851     B     .151       -10      .260   .109  weak at every lag
 151 JDA70A   -1875 -1826     B     .128        -1      .215   .087  weak at every lag
 151 JDA70A   -1850 -1801     B     .150        -1      .365   .215
 151 JDA70A   -1825 -1776     B     .183        -9      .218   .035  weak at every lag
 151 JDA70A   -1800 -1751     B     .226         6      .279   .053  weak at every lag
 151 JDA70A   -1775 -1726     A     .313         0
 151 JDA70A   -1700 -1651     B    -.009        -7      .273   .282  weak at every lag
 151 JDA70A   -1675 -1626     B    -.045       -10      .246   .291  weak at every lag
 151 JDA70A   -1650 -1601     B     .129        -2      .195   .066  weak at every lag
 151 JDA70A   -1625 -1576     B     .189         6      .326   .137  weak at every lag
 151 JDA70A   -1600 -1551     B     .365         2      .385   .019
 152 JDA77BL  -1200 -1151     B     .388        -1      .499   .111
 152 JDA77BL  -1175 -1126     B     .251        -1      .409   .158
 152 JDA77BL  -1150 -1101     A     .319         0
 152 JDA77BL  -1075 -1026     B     .308        -1      .346   .039
 153 JDA77BS  -1200 -1151     B     .347        -1      .572   .225
 153 JDA77BS  -1175 -1126     A     .285         0
 153 JDA77BS  -1000 -951     B     .046        -2      .353   .307
 153 JDA77BS  -975 -926     B     .180        -9      .254   .074  weak at every lag
 153 JDA77BS  -750 -701     B     .123        -7      .404   .280
 154 JDA80AS   -50   -1     B     .285         7      .315   .030  weak at every lag
 154 JDA80AS     0   49     A     .288         0
 154 JDA80AS    25   74     B     .140        -7      .335   .195
 155 JDA80AL  -175 -126     A     .291         0
 155 JDA80AL   175  224     B     .283         3      .304   .021  weak at every lag
 155 JDA80AL   200  249     B     .280         3      .410   .130
 155 JDA80AL   225  274     B     .292         4      .350   .059
 156 JDA80AM   -50   -1     A     .308         0
 156 JDA80AM   175  224     A     .301         0
 160 JDA82A   -575 -526     A     .311         0
 160 JDA82A   -550 -501     A     .287         0
 160 JDA82A   -525 -476     A     .243         0
 160 JDA82A   -500 -451     B     .208         1      .355   .147
 160 JDA82A   -475 -426     A     .230         0
 160 JDA82A   -450 -401     B     .224        10      .271   .047  weak at every lag
 160 JDA82A   -425 -376     A     .289         0
 164 JDA83B   -1700 -1651     A     .317         0
 165 JDA83BL  -1675 -1626     A     .316         0
 165 JDA83BL  -1350 -1301     A     .230         0
 167 JDA83CS  -1275 -1226     A     .304         0
 168 JDA83CL  -1175 -1126     A     .306         0
 168 JDA83CL  -900 -851     B     .236        -3      .241   .005  weak at every lag
 168 JDA83CL  -875 -826     B    -.015         1      .391   .406
 170 JDA085A     0   49     B     .136        -8      .260   .124  weak at every lag
 171 JDA085B   175  224     B     .316        -1      .437   .121
 171 JDA085B   200  249     B     .078        -1      .336   .258
 171 JDA085B   225  274     A     .294         0
 171 JDA085B   250  299     A     .263         0
 171 JDA085B   325  374     B     .279         2      .288   .009  weak at every lag
 171 JDA085B   350  399     B    -.061         5      .230   .292  weak at every lag
 172 JDA085C   300  349     A     .251         0
 172 JDA085C   400  449     A     .292         0
 172 JDA085C   425  474     B     .228         1      .327   .099  weak at every lag
 172 JDA085C   450  499     B     .073         2      .626   .553
 173 JDA92A    -25   24     B     .293        -3      .331   .038
 174 JDA92B    125  174     B     .291        -1      .346   .055
 176 JDA102A   925  974     A     .291         0
 177 JDA102L   775  824     A     .239         0
 177 JDA102L  1250 1299     A     .320         0
 178 JDA102R   725  774     A     .311         0
 178 JDA102R   750  799     B     .136        -6      .422   .286
 178 JDA102R   875  924     B     .293         9      .344   .051
 179 JDA102C   650  699     B    -.034        -5      .235   .270  weak at every lag
 179 JDA102C   675  724     B     .059        -5      .318   .260  weak at every lag
 179 JDA102C   700  749     B     .257         3      .392   .135
 179 JDA102C   725  774     B     .220         6      .251   .031  weak at every lag
 179 JDA102C   750  799     B     .160        -6      .375   .216
 181 JDA200R   500  549     A     .306         0
 181 JDA200R   550  599     A     .284         0
 181 JDA200R   675  724     B     .180        -6      .280   .100  weak at every lag
 181 JDA200R   700  749     B     .189        -7      .191   .003  weak at every lag
 181 JDA200R   800  849     A     .260         0
 181 JDA200R   825  874     A     .286         0
 181 JDA200R   950  999     B     .194         3      .352   .158
 181 JDA200R   975 1024     A     .286         0
 181 JDA200R  1125 1174     B     .300         6      .319   .019  weak at every lag
 181 JDA200R  1250 1299     A     .326         0
 181 JDA200R  1550 1599     B     .069         5      .252   .183  weak at every lag
 182 JDA201L   375  424     B     .118        -1      .303   .185  weak at every lag
 184 JDA201R   375  424     B     .216         5      .417   .201
 185 JDA204    675  724     B    -.026        -2      .233   .259  weak at every lag
 185 JDA204    700  749     B     .029        -1      .310   .282  weak at every lag
 185 JDA204    725  774     B    -.179        -1      .192   .371  weak at every lag
 185 JDA204    750  799     B    -.397        -7      .273   .671  weak at every lag
 185 JDA204    775  824     B     .010        -1      .238   .228  weak at every lag
 185 JDA204    800  849     B     .080         4      .311   .231  weak at every lag
 185 JDA204   1050 1099     B     .097        -1      .316   .218  weak at every lag
 185 JDA204   1075 1124     B     .134        -2      .443   .309
 186 JDA206   1200 1249     B     .133        -3      .225   .092  weak at every lag
 186 JDA206   1225 1274     A     .234         0
 186 JDA206   1325 1374     A     .265         0
 187 JDA209    825  874     B     .060         4      .240   .180  weak at every lag
 187 JDA209    850  899     B     .056       -10      .197   .141  weak at every lag
 187 JDA209    875  924     B    -.139        10      .254   .393  weak at every lag
 187 JDA209    900  949     B     .094       -10      .321   .227  weak at every lag
 187 JDA209    925  974     B     .154         6      .222   .068  weak at every lag
 187 JDA209    950  999     B     .041         5      .348   .307
 187 JDA209   1275 1324     B     .237         1      .378   .141
 187 JDA209   1300 1349     B     .318         2      .353   .035
 187 JDA209   1475 1524     B     .161        -9      .187   .026  weak at every lag
 187 JDA209   1500 1549     B     .037         4      .267   .230  weak at every lag
 188 JDA210A  1225 1274     B     .357        -7      .402   .045
 189 JDA211   1100 1149     B    -.003         1      .386   .389
 189 JDA211   1125 1174     B     .039         1      .304   .265  weak at every lag
 189 JDA211   1150 1199     A     .247         0
 189 JDA211   1175 1224     A     .305         0
 189 JDA211   1200 1249     B     .226        -7      .271   .045  weak at every lag
 189 JDA211   1225 1274     B     .184         9      .234   .050  weak at every lag
 189 JDA211   1250 1299     B     .104        10      .367   .263
 190 JDA213A   975 1024     A     .319         0
 191 JDA302L   525  574     B    -.166         3      .230   .396  weak at every lag
 191 JDA302L   550  599     B     .052        -1      .225   .173  weak at every lag
 191 JDA302L   575  624     A     .313         0
 191 JDA302L   600  649     B     .439        -6      .486   .047
 191 JDA302L   700  749     B     .413         7      .420   .007
 191 JDA302L   725  774     B     .254        10      .349   .094
 191 JDA302L   750  799     B     .284        10      .324   .040  weak at every lag
 192 JDA302C   525  574     B    -.132        -9      .204   .336  weak at every lag
 192 JDA302C   550  599     B    -.184        -9      .325   .509  weak at every lag
 192 JDA302C   575  624     A     .283         0
 192 JDA302C   675  724     A     .279         0
 192 JDA302C   725  774     A     .294         0
 192 JDA302C   750  799     B     .274         4      .364   .090
 193 JDA310A   200  249     B     .290         3      .327   .037  weak at every lag
 193 JDA310A   400  449     B     .330        -5      .351   .021
 193 JDA310A   425  474     B     .232         3      .244   .012  weak at every lag
 193 JDA310A   450  499     B     .341         6      .382   .042
 193 JDA310A   500  549     A     .305         0
 194 JD316AA  -225 -176     B     .001        -4      .345   .344
 194 JD316AA   -75  -26     B     .097       -10      .330   .234
 194 JD316AA   100  149     A     .314         0
 195 JD316AB  -225 -176     A     .301         0
 195 JD316AB   100  149     A     .297         0
 195 JD316AB   225  274     A     .312         0
 196 JD316AC   100  149     B     .428         4      .485   .057
 196 JD316AC   325  374     B     .239         6      .281   .042  weak at every lag
 198 JD316AE   100  149     B     .235         4      .351   .116
 198 JD316AE   200  249     B     .114         2      .230   .116  weak at every lag
 198 JD316AE   225  274     B     .085       -10      .316   .231  weak at every lag
 198 JD316AE   425  474     A     .257         0
 200 KDH11A   1250 1299     B     .150         6      .306   .155  weak at every lag
 201 KDH15B    750  799     A     .261         0
 201 KDH15B    775  824     B     .213        -4      .310   .097  weak at every lag
 201 KDH15B    800  849     B     .260        -2      .300   .040  weak at every lag
 201 KDH15B    825  874     B     .263        -3      .337   .073
 201 KDH15B    850  899     B     .244         8      .264   .020  weak at every lag
 201 KDH15B    875  924     A     .232         0
 201 KDH15B    950  999     B     .287         3      .321   .034  weak at every lag
 201 KDH15B   1450 1499     A     .289         0
 202 KDH16B   1025 1074     B     .322        -3      .331   .010
 202 KDH16B   1050 1099     B     .119        -1      .274   .155  weak at every lag
 202 KDH16B   1075 1124     B     .134        -1      .317   .182  weak at every lag
 202 KDH16B   1100 1149     B     .276        -3      .355   .078
 202 KDH16B   1125 1174     B     .170        -3      .260   .090  weak at every lag
 202 KDH16B   1175 1224     B     .357        -1      .387   .030
 202 KDH16B   1200 1249     B     .173        -1      .252   .079  weak at every lag
 202 KDH16B   1225 1274     B     .172        -8      .322   .150  weak at every lag
 202 KDH16B   1250 1299     B     .236        -9      .333   .098
 202 KDH16B   1300 1349     B     .284         7      .428   .144
 202 KDH16B   1325 1374     B     .150         7      .223   .073  weak at every lag
 202 KDH16B   1350 1399     B     .014         9      .246   .232  weak at every lag
 202 KDH16B   1375 1424     B    -.051        -7      .149   .200  weak at every lag
 202 KDH16B   1400 1449     B     .201        -3      .217   .016  weak at every lag
 202 KDH16B   1500 1549     A     .292         0
 202 KDH16B   1525 1574     B     .087        10      .201   .113  weak at every lag
 202 KDH16B   1625 1674     B     .212        -8      .256   .044  weak at every lag
 202 KDH16B   1650 1699     B     .168         1      .247   .079  weak at every lag
 202 KDH16B   1675 1724     B     .131         7      .281   .150  weak at every lag
 202 KDH16B   1700 1749     B     .205        10      .285   .079  weak at every lag
 202 KDH16B   1725 1774     B     .293        10      .418   .125
 202 KDH16B   1750 1799     B     .294        -8      .320   .026  weak at every lag
 205 KDH17BC  -425 -376     A     .274         0
 205 KDH17BC  -300 -251     A     .328         0
 206 KDH19A    -50   -1     A     .324         0
 206 KDH19A    -25   24     B     .068        -1      .241   .173  weak at every lag
 206 KDH19A      0   49     B     .032        -1      .330   .298
 206 KDH19A     25   74     A     .226         0
 209 KDH021A  -275 -226     A     .298         0
 210 KDH022B  -400 -351     A     .316         0
 210 KDH022B  -300 -251     B     .291         1      .396   .105
 210 KDH022B  -275 -226     B     .179        -9      .336   .158
 211 KDH022A  -425 -376     A     .174         0
 211 KDH022A  -375 -326     B     .271        -8      .284   .013  weak at every lag
 211 KDH022A  -300 -251     A     .328         0
 211 KDH022A   100  149     B     .289        -3      .289   .000  weak at every lag
 212 KDH023A  -1700 -1651     A     .230         0
 212 KDH023A  -1625 -1576     B     .440         1      .443   .004
 212 KDH023A  -1550 -1501     B     .326         4      .397   .071
 212 KDH023A  -1525 -1476     B     .177         1      .207   .030  weak at every lag
 212 KDH023A  -1500 -1451     B     .295         1      .471   .177
 213 KDH023R  -1700 -1651     B     .089         1      .197   .109  weak at every lag
 213 KDH023R  -1525 -1476     B     .230        -1      .257   .027  weak at every lag
 213 KDH023R  -1500 -1451     B     .360         1      .373   .013
 214 KDH023L  -1600 -1551     B     .325        -2      .338   .013
 214 KDH023L  -1475 -1426     B     .258         2      .263   .005  weak at every lag
 214 KDH023L  -950 -901     A     .312         0
 215 KDH24     200  249     B     .429        -3      .516   .087
 216 KDH27B   -1000 -951     A     .256         0
 216 KDH27B   -975 -926     B     .219         9      .239   .020  weak at every lag
 216 KDH27B   -925 -876     B     .298         5      .302   .004  weak at every lag
 220 KDH28B    775  824     B     .207        10      .318   .111  weak at every lag
 220 KDH28B    800  849     B     .303        10      .364   .061
 220 KDH28B    850  899     A     .308         0
 220 KDH28B    925  974     A     .310         0
 220 KDH28B   1050 1099     B     .230        -3      .301   .071  weak at every lag
 220 KDH28B   1075 1124     B     .180         9      .276   .097  weak at every lag
 220 KDH28B   1100 1149     B     .231         9      .283   .052  weak at every lag
 220 KDH28B   1125 1174     A     .255         0
 221 KDH50A   -150 -101     B     .213         6      .274   .061  weak at every lag
 222 KDH51A   -500 -451     A     .323         0
 222 KDH51A   -425 -376     B     .179        -6      .301   .122  weak at every lag
 222 KDH51A    100  149     B     .145        -4      .357   .211
 223 KDH51B      0   49     B     .009         1      .510   .501
 224 KDH51C   -425 -376     B     .197        -6      .316   .119  weak at every lag
 224 KDH51C   -400 -351     B     .258        -6      .471   .213
 224 KDH51C   -375 -326     B     .304        -6      .320   .016  weak at every lag
 224 KDH51C   -125  -76     A     .276         0
 224 KDH51C   -100  -51     A     .220         0
 224 KDH51C    -75  -26     B     .191        -4      .313   .122  weak at every lag
 224 KDH51C    -50   -1     B     .200        -8      .296   .096  weak at every lag
 225 KDH52A    275  324     B     .325        -2      .342   .017
 225 KDH52A    300  349     B     .345        -4      .354   .009
 226 KDH53A    875  924     A     .269         0
 226 KDH53A    900  949     B     .263       -10      .314   .051  weak at every lag
 226 KDH53A   1025 1074     B     .360        -3      .369   .009
 226 KDH53A   1100 1149     A     .320         0
 226 KDH53A   1125 1174     A     .267         0
 227 KDH54A    475  524     A     .218         0
 227 KDH54A    500  549     B     .268        -2      .328   .061
 227 KDH54A    525  574     A     .316         0
 227 KDH54A    550  599     A     .180         0
 227 KDH54A    575  624     A     .271         0
 227 KDH54A    875  924     B     .212         1      .308   .096  weak at every lag
 228 KDH55A   -475 -426     B     .242       -10      .299   .057  weak at every lag
 228 KDH55A   -450 -401     B     .280         5      .309   .030  weak at every lag
 228 KDH55A   -425 -376     B     .263         2      .293   .029  weak at every lag
 229 KDH55L   -875 -826     B     .065        -5      .211   .146  weak at every lag
 230 KDH55R   -900 -851     B     .189         3      .208   .019  weak at every lag
 230 KDH55R   -875 -826     B     .140         3      .300   .160  weak at every lag
 230 KDH55R   -850 -801     A     .315         0
 231 KDH56A   -1000 -951     B     .055         2      .250   .195  weak at every lag
 231 KDH56A   -975 -926     B    -.005         8      .193   .198  weak at every lag
 231 KDH56A   -900 -851     B     .188        -4      .244   .056  weak at every lag
 231 KDH56A   -875 -826     B     .133        -4      .314   .182  weak at every lag
 231 KDH56A   -700 -651     A     .307         0
 232 KDH56B   -1000 -951     B     .061         1      .335   .274
 232 KDH56B   -975 -926     B     .199         1      .308   .110  weak at every lag
 232 KDH56B   -900 -851     A     .313         0
 232 KDH56B   -875 -826     A     .283         0
 236 KDH58A   -225 -176     B     .245        -2      .281   .036  weak at every lag
 236 KDH58A   -125  -76     A     .312         0
 236 KDH58A   -100  -51     A     .269         0
 236 KDH58A    225  274     A     .328         0
 239 KDH60Ab  -375 -326     A     .252         0
 239 KDH60Ab    25   74     B     .270        -7      .297   .027  weak at every lag
 241 KDH60Ad  -475 -426     A     .276         0
 241 KDH60Ad  -450 -401     B     .119         3      .161   .042  weak at every lag
 241 KDH60Ad     0   49     B     .216        -8      .236   .020  weak at every lag
 241 KDH60Ad    25   74     B     .253        -2      .268   .015  weak at every lag
 241 KDH60Ad   550  599     B     .415        -3      .455   .040
 243 KDH60Bb  -300 -251     B     .238         8      .291   .053  weak at every lag
 245 KDH60Bd   325  374     A     .304         0
 245 KDH60Bd   575  624     B     .214         6      .225   .011  weak at every lag
 247 KDH60C   -100  -51     B     .358         5      .401   .042
 247 KDH60C    275  324     B     .327         4      .421   .094
 248 KDH61A    675  724     B     .074        -1      .288   .215  weak at every lag
 248 KDH61A    700  749     B    -.065        -1      .402   .467
 248 KDH61A    725  774     A     .305         0
 248 KDH61A    875  924     B     .156        -4      .325   .169  weak at every lag
 248 KDH61A    900  949     B     .059        -2      .280   .221  weak at every lag
 248 KDH61A    925  974     B     .144        -2      .355   .210
 248 KDH61A    950  999     B    -.144        -6      .471   .615
 249 KDH64    -450 -401     A     .300         0
 252 KDH67     450  499     B     .136        -3      .314   .178  weak at every lag
 252 KDH67     475  524     A     .277         0
 252 KDH67     525  574     B     .237         8      .263   .027  weak at every lag
 252 KDH67     550  599     B     .181        -7      .260   .079  weak at every lag
 252 KDH67    1175 1224     B     .171        10      .272   .101  weak at every lag
 252 KDH67    1200 1249     B    -.261         9      .261   .522  weak at every lag
 253 KDH68C   1125 1174     A     .320         0
 253 KDH68C   1250 1299     B     .251        -9      .310   .060  weak at every lag
 253 KDH68C   1275 1324     B     .280        -3      .379   .098
 253 KDH68C   1325 1374     A     .294         0
 253 KDH68C   1350 1399     B     .043         9      .166   .123  weak at every lag
 253 KDH68C   1375 1424     B    -.083        -7      .243   .326  weak at every lag
 253 KDH68C   1400 1449     A     .232         0
 253 KDH68C   1550 1599     A     .264         0
 253 KDH68C   1650 1699     B     .257         9      .286   .029  weak at every lag
 253 KDH68C   1750 1799     B     .122        10      .336   .213
 253 KDH68C   1775 1824     B     .174         3      .225   .052  weak at every lag
 255 KDH70b    -50   -1     A     .323         0
 256 KDH71AA  -375 -326     B     .268        -3      .284   .016  weak at every lag
 256 KDH71AA  -125  -76     A     .324         0
 256 KDH71AA     0   49     A     .175         0
 258 KDH71AC    25   74     B     .127         2      .525   .398
 258 KDH71AC    50   99     B     .133        -3      .396   .262
 259 KDH71CA   -50   -1     B     .211        -2      .236   .024  weak at every lag
 259 KDH71CA   -25   24     B     .172        -5      .194   .022  weak at every lag
 259 KDH71CA     0   49     B    -.018         7      .213   .231  weak at every lag
 259 KDH71CA    25   74     A     .270         0
 259 KDH71CA    50   99     B     .235         8      .276   .040  weak at every lag
 259 KDH71CA    75  124     B     .216         1      .245   .029  weak at every lag
 260 KDH74Aa   200  249     B     .049        -6      .280   .232  weak at every lag
 260 KDH74Aa   275  324     B     .386         3      .402   .015
 260 KDH74Aa   300  349     B     .059        -5      .269   .209  weak at every lag
 260 KDH74Aa   325  374     B     .231        -5      .371   .140
 260 KDH74Aa   375  424     A     .327         0
 260 KDH74Aa   450  499     A     .254         0
 261 KDH74Ab   200  249     B     .252        -6      .280   .028  weak at every lag
 261 KDH74Ab   300  349     B     .307         2      .356   .049
 261 KDH74Ab   325  374     B     .033        -6      .293   .260  weak at every lag
 261 KDH74Ab   350  399     B     .318        -7      .325   .007  weak at every lag
 261 KDH74Ab   375  424     B     .188        -3      .368   .179
 261 KDH74Ab   400  449     B     .234        -3      .256   .022  weak at every lag
 261 KDH74Ab   450  499     A     .305         0
 261 KDH74Ab   475  524     B     .300         6      .307   .007  weak at every lag
 261 KDH74Ab   525  574     A     .300         0
 261 KDH74Ab  1250 1299     A     .271         0
 261 KDH74Ab  1550 1599     B     .240         5      .386   .146
 261 KDH74Ab  1575 1624     B     .273         8      .430   .157
 262 KDH74Ac  1225 1274     B     .058         3      .281   .223  weak at every lag
 262 KDH74Ac  1250 1299     B     .079        -6      .257   .178  weak at every lag
 262 KDH74Ac  1325 1374     B     .250        -2      .410   .160
 262 KDH74Ac  1350 1399     B     .114         5      .329   .215
 262 KDH74Ac  1375 1424     B     .285         8      .296   .011  weak at every lag
 262 KDH74Ac  1475 1524     B     .153        -2      .166   .013  weak at every lag
 262 KDH74Ac  1500 1549     A     .241         0
 262 KDH74Ac  1550 1599     A     .327         0
 262 KDH74Ac  1650 1699     B     .179       -10      .402   .223
 264 KDH76A    525  574     A     .267         0
 264 KDH76A    550  599     A     .297         0
 264 KDH76A    725  774     B     .319        -2      .361   .042
 264 KDH76A    750  799     B     .062        -9      .287   .225  weak at every lag
 264 KDH76A    875  924     A     .319         0
 264 KDH76A    900  949     B     .182        10      .225   .042  weak at every lag
 264 KDH76A    925  974     A     .312         0
 264 KDH76A    975 1024     B    -.107        -8      .289   .396  weak at every lag
 264 KDH76A   1000 1049     B     .074        -8      .369   .295
 264 KDH76A   1050 1099     A     .284         0
 264 KDH76A   1075 1124     B     .282        -3      .351   .069
 265 KDH76B    975 1024     B     .415         9      .505   .090
 265 KDH76B   1075 1124     A     .314         0
 265 KDH76B   1100 1149     B     .266        -3      .281   .015  weak at every lag
 265 KDH76B   1125 1174     A     .311         0
 265 KDH76B   1150 1199     B     .197         2      .229   .032  weak at every lag
 265 KDH76B   1225 1274     B     .130         6      .272   .142  weak at every lag
 265 KDH76B   1250 1299     B     .103        -9      .354   .251
 266 KDH77Aa  1125 1174     B     .299        -2      .341   .042
 266 KDH77Aa  1225 1274     B     .184         5      .281   .097  weak at every lag
 266 KDH77Aa  1250 1299     B     .082        -3      .216   .134  weak at every lag
 266 KDH77Aa  1325 1374     B     .198         4      .245   .047  weak at every lag
 267 KDH77Ab   975 1024     A     .217         0
 267 KDH77Ab  1000 1049     A     .250         0
 268 KDH77B    475  524     A     .309         0
 268 KDH77B    950  999     B     .223         6      .389   .166
 268 KDH77B   1050 1099     B     .170        -9      .391   .221
 268 KDH77B   1075 1124     B     .227        -9      .467   .240
 269 KDH79    -850 -801     B     .008        -1      .421   .413
 269 KDH79    -825 -776     B     .228         5      .329   .101
 269 KDH79    -750 -701     B     .245         1      .256   .011  weak at every lag
 269 KDH79    -725 -676     A     .236         0
 269 KDH79    -525 -476     A     .318         0
 269 KDH79    -500 -451     A     .269         0
 269 KDH79    -475 -426     B     .270       -10      .365   .095
 269 KDH79    -450 -401     B     .106        -2      .218   .112  weak at every lag
 269 KDH79    -425 -376     B     .294        -2      .315   .021  weak at every lag
 270 KDH81A    525  574     B     .056         6      .290   .233  weak at every lag
 270 KDH81A    550  599     B    -.015         1      .177   .192  weak at every lag
 270 KDH81A    575  624     B     .333         1      .403   .070
 270 KDH81A    650  699     B     .276         6      .326   .050  weak at every lag
 270 KDH81A    750  799     A     .317         0
 270 KDH81A    775  824     B     .194       -10      .279   .084  weak at every lag
 271 KDH82A    100  149     A     .258         0
 271 KDH82A    125  174     B     .260         1      .275   .015  weak at every lag
 271 KDH82A    150  199     A     .328         0
 271 KDH82A    225  274     B     .421         1      .447   .026
 272 KDH83     300  349     A     .327         0
 272 KDH83     325  374     B     .096        -6      .322   .226  weak at every lag
 272 KDH83     350  399     B     .136        -9      .286   .150  weak at every lag
 272 KDH83     400  449     B     .250         1      .259   .010  weak at every lag
 272 KDH83     425  474     B     .264        -8      .371   .107
 272 KDH83     450  499     A     .315         0
 272 KDH83     475  524     B     .154         5      .299   .146  weak at every lag
 273 KDH85    -100  -51     B     .209         2      .337   .128
 273 KDH85     -25   24     A     .240         0
 273 KDH85     275  324     B     .501         3      .546   .045
 275 KDH87A   -275 -226     A     .327         0
 275 KDH87A   -250 -201     B     .245       -10      .489   .243
 275 KDH87A   -225 -176     B    -.005       -10      .376   .381
 275 KDH87A   -200 -151     B    -.069         1      .217   .286  weak at every lag
 275 KDH87A   -175 -126     B     .158        -2      .206   .048  weak at every lag
 275 KDH87A     75  124     B     .353        -3      .413   .059
 275 KDH87A    100  149     B     .133        -6      .296   .163  weak at every lag
 278 KDH89    -250 -201     B     .255        -1      .468   .214
 278 KDH89    -225 -176     A     .308         0
 279 KDH90a    750  799     B     .202        -9      .311   .109  weak at every lag
 279 KDH90a    775  824     B     .193         9      .319   .126  weak at every lag
 279 KDH90a    975 1024     B     .247        -1      .276   .029  weak at every lag
 279 KDH90a   1000 1049     B     .233        -2      .340   .107
 279 KDH90a   1050 1099     B     .257        -1      .268   .011  weak at every lag
 279 KDH90a   1100 1149     B     .376        -3      .449   .073
 279 KDH90a   1125 1174     B     .271        -3      .288   .016  weak at every lag
 279 KDH90a   1375 1424     B     .315        -7      .418   .104
 279 KDH90a   1400 1449     B     .259        -7      .301   .041  weak at every lag
 279 KDH90a   1525 1574     B     .270        -5      .275   .004  weak at every lag
 279 KDH90a   1550 1599     B     .209       -10      .287   .079  weak at every lag
 279 KDH90a   1575 1624     B     .293        -8      .411   .118
 280 KDH90b   1025 1074     A     .319         0
 280 KDH90b   1050 1099     B     .279        -3      .347   .068
 280 KDH90b   1075 1124     B     .442        -3      .470   .028
 280 KDH90b   1250 1299     A     .248         0
 280 KDH90b   1375 1424     B     .196         8      .229   .033  weak at every lag
 280 KDH90b   1400 1449     B     .227         6      .370   .144
 280 KDH90b   1475 1524     A     .310         0
 280 KDH90b   1500 1549     A     .272         0
 280 KDH90b   1525 1574     B     .176        10      .188   .012  weak at every lag
 280 KDH90b   1550 1599     B     .067         6      .256   .189  weak at every lag
 280 KDH90b   1575 1624     A     .248         0
 280 KDH90b   1650 1699     A     .304         0
 280 KDH90b   1775 1824     B     .340         9      .351   .011
 280 KDH90b   1800 1849     A     .299         0
 280 KDH90b   1825 1874     B     .171        -5      .248   .077  weak at every lag
 281 KDH91A    900  949     B     .374        -1      .395   .021
 281 KDH91A   1125 1174     B     .413        -3      .415   .002
 281 KDH91A   1200 1249     A     .326         0
 281 KDH91A   1350 1399     B     .260        -7      .289   .029  weak at every lag
 281 KDH91A   1375 1424     A     .293         0
 282 KDH91B   1125 1174     B     .166         3      .236   .070  weak at every lag
 282 KDH91B   1200 1249     A     .285         0
 282 KDH91B   1225 1274     B     .243         5      .303   .060  weak at every lag
 282 KDH91B   1250 1299     B     .024         5      .176   .152  weak at every lag
 282 KDH91B   1275 1324     B     .227        -2      .296   .069  weak at every lag
 282 KDH91B   1350 1399     B     .282        -3      .349   .067
 282 KDH91B   1375 1424     B     .231        -3      .367   .136
 282 KDH91B   1400 1449     B     .273        -3      .290   .018  weak at every lag
 282 KDH91B   1425 1474     A     .319         0
 282 KDH91B   1450 1499     B     .287         7      .321   .034  weak at every lag
 283 KDH92    -450 -401     B     .305        -7      .418   .112
 283 KDH92    -425 -376     B     .256        -8      .321   .064  weak at every lag
 284 KDH93A   1350 1399     B     .259        -3      .263   .004  weak at every lag
 284 KDH93A   1375 1424     A     .285         0
 284 KDH93A   1425 1474     B     .284         6      .350   .067
 284 KDH93A   1450 1499     B    -.162        -5      .164   .327  weak at every lag
 285 KDH95A    750  799     A     .246         0
 285 KDH95A    875  924     B     .192        -1      .216   .024  weak at every lag
 285 KDH95A    900  949     B     .225        -1      .247   .022  weak at every lag
 285 KDH95A    925  974     B     .141        -6      .250   .109  weak at every lag
 286 KDH97A   1250 1299     B     .181        -3      .287   .106  weak at every lag
 286 KDH97A   1325 1374     A     .323         0
 286 KDH97A   1350 1399     A     .212         0
 287 KDH98     900  949     B     .194         7      .219   .025  weak at every lag
 287 KDH98     925  974     A     .301         0
 287 KDH98    1125 1174     B     .168         2      .252   .084  weak at every lag
 287 KDH98    1225 1274     B     .176         4      .261   .084  weak at every lag
 288 KDH99A    -25   24     A     .248         0
 288 KDH99A     50   99     A     .310         0
 289 KDH99A2   125  174     A     .227         0
 289 KDH99A2   150  199     B     .185         3      .212   .026  weak at every lag
 289 KDH99A2   175  224     B     .235         1      .331   .096
 289 KDH99A2   250  299     A     .303         0
 289 KDH99A2   275  324     B     .260        -3      .460   .200
 289 KDH99A2   450  499     A     .247         0
 289 KDH99A2   475  524     A     .288         0
 289 KDH99A2   500  549     A     .251         0
 289 KDH99A2   525  574     A     .223         0
 289 KDH99A2   675  724     B     .359         6      .412   .053
 290 KDH99A3   925  974     B     .334         3      .475   .141
 291 KDH100    500  549     A     .200         0
 291 KDH100    525  574     B     .057        -8      .186   .128  weak at every lag
 291 KDH100    550  599     B     .041         8      .398   .357
 291 KDH100    575  624     A     .304         0
 291 KDH100    650  699     B     .443        -4      .462   .018
 291 KDH100    725  774     A     .307         0
 291 KDH100    750  799     B     .162         8      .239   .077  weak at every lag
 292 KDH101A   100  149     B     .140         9      .233   .094  weak at every lag
 292 KDH101A   175  224     A     .222         0
 292 KDH101A   200  249     A     .279         0
 292 KDH101A   225  274     B     .235         3      .398   .164
 292 KDH101A   250  299     B     .142        -1      .254   .112  weak at every lag
 292 KDH101A   275  324     B     .234        -3      .318   .083  weak at every lag
 292 KDH101A   300  349     A     .256         0
 292 KDH101A   325  374     A     .280         0
 293 KDH104   -125  -76     A     .228         0
 293 KDH104   -100  -51     B     .196        -1      .329   .133
 293 KDH104    250  299     B     .457         1      .496   .039
 293 KDH104    275  324     B     .433        -3      .486   .053
 293 KDH104    650  699     B     .423        -2      .487   .065
 293 KDH104    675  724     B     .337         7      .360   .024
 293 KDH104   1050 1099     A     .263         0
 293 KDH104   1075 1124     B     .081         9      .338   .258
 293 KDH104   1100 1149     B    -.278        -8      .286   .564  weak at every lag
 293 KDH104   1125 1174     B     .031         8      .155   .124  weak at every lag
 293 KDH104   1250 1299     B     .102         7      .294   .192  weak at every lag
 293 KDH104   1350 1399     B     .117        -9      .213   .096  weak at every lag
 293 KDH104   1375 1424     A     .273         0
 293 KDH104   1400 1449     B     .295        -2      .313   .018  weak at every lag
 293 KDH104   1425 1474     B     .291         6      .371   .080
 293 KDH104   1450 1499     A     .276         0
 293 KDH104   1475 1524     A     .320         0
 293 KDH104   1500 1549     B     .221        -5      .319   .098  weak at every lag
 293 KDH104   1525 1574     B     .100         8      .320   .220  weak at every lag
 293 KDH104   1550 1599     B     .258         8      .321   .063  weak at every lag
 294 KDH105A   -75  -26     B     .283         2      .292   .009  weak at every lag
 294 KDH105A   100  149     A     .322         0
 294 KDH105A   500  549     A     .221         0
 295 KDH105B  -475 -426     B     .195         3      .258   .063  weak at every lag
 295 KDH105B  -450 -401     A     .273         0
 295 KDH105B  -275 -226     A     .320         0
 295 KDH105B   100  149     B     .271         1      .370   .098
 296 KDH106A   100  149     A     .269         0
 296 KDH106A   125  174     B     .172        -1      .184   .013  weak at every lag
 296 KDH106A   150  199     B     .265        -1      .357   .092
 296 KDH106A   175  224     A     .305         0
 296 KDH106A   200  249     B     .161        -1      .273   .113  weak at every lag
 296 KDH106A   225  274     B     .256        -1      .349   .093
 296 KDH106A   475  524     B     .280         6      .290   .009  weak at every lag
 297 KDH107A  1125 1174     A     .253         0
 297 KDH107A  1350 1399     B     .166         8      .246   .080  weak at every lag
 297 KDH107A  1550 1599     B     .207       -10      .381   .174
 297 KDH107A  1575 1624     B     .353         8      .428   .075
 297 KDH107A  1650 1699     B     .188         7      .223   .035  weak at every lag
 297 KDH107A  1700 1749     A     .187         0
 297 KDH107A  1725 1774     B     .044        -5      .246   .202  weak at every lag
 297 KDH107A  1750 1799     B     .094         5      .264   .170  weak at every lag
 297 KDH107A  1775 1824     B     .109         4      .225   .116  weak at every lag
 297 KDH107A  1800 1849     B     .150        -1      .296   .146  weak at every lag
 298 KDH107B  1250 1299     B     .211         5      .268   .056  weak at every lag
 298 KDH107B  1350 1399     A     .254         0
 298 KDH107B  1375 1424     A     .287         0
 298 KDH107B  1400 1449     A     .302         0
 299 KDH108   1350 1399     B     .081         8      .226   .146  weak at every lag
 299 KDH108   1375 1424     B    -.068         8      .465   .532
 299 KDH108   1400 1449     B     .168         8      .290   .122  weak at every lag
 299 KDH108   1425 1474     B     .259        -7      .281   .022  weak at every lag
 299 KDH108   1500 1549     B     .241        -3      .288   .047  weak at every lag
 299 KDH108   1525 1574     B     .054        -3      .253   .199  weak at every lag
 299 KDH108   1550 1599     B     .046         8      .369   .323
 299 KDH108   1575 1624     B     .174        -2      .308   .134  weak at every lag
 299 KDH108   1600 1649     B     .148        -7      .408   .260
 299 KDH108   1625 1674     B    -.072       -10      .236   .308  weak at every lag
 299 KDH108   1650 1699     B    -.024         6      .223   .248  weak at every lag
 299 KDH108   1725 1774     B     .318         5      .330   .013
 299 KDH108   1750 1799     B     .261         7      .284   .022  weak at every lag
 300 KDH109a  1050 1099     B     .171         5      .180   .009  weak at every lag
 300 KDH109a  1075 1124     B     .207         3      .212   .004  weak at every lag
 302 KDH109c  1125 1174     B     .208         1      .321   .113  weak at every lag
 302 KDH109c  1150 1199     A     .299         0
 302 KDH109c  1250 1299     B     .213         1      .351   .138
 302 KDH109c  1275 1324     A     .309         0
 303 KDH112A  -550 -501     B     .136        -3      .283   .148  weak at every lag
 303 KDH112A  -525 -476     B     .293       -10      .315   .022  weak at every lag
 303 KDH112A  -500 -451     A     .236         0
 303 KDH112A  -300 -251     B     .296        -6      .314   .017  weak at every lag
 304 KDH115A  -1275 -1226     B     .404        -1      .539   .135
 304 KDH115A  -1250 -1201     B     .030        -1      .481   .451
 304 KDH115A  -1225 -1176     B    -.019        -1      .170   .189  weak at every lag
 304 KDH115A  -1200 -1151     B     .073         5      .265   .192  weak at every lag
 305 KDH115B  -1275 -1226     B     .381        -1      .538   .157
 305 KDH115B  -1250 -1201     B     .131        -1      .489   .358
 305 KDH115B  -1225 -1176     B     .103        -1      .413   .311
 305 KDH115B  -1200 -1151     B     .112        -6      .290   .178  weak at every lag
 305 KDH115B  -1100 -1051     B     .271        -6      .323   .052  weak at every lag

 DESCRIPTIVE STATISTICS: ausl024
-----------------------------------------------------------------------------------------------------------------------------------

                                                Corr   //-------- Unfiltered --------\\  //-- dplR filtered --\\
                           No.    No.    No.    with   Mean   Max     Std   Auto   Mean   Max     Std   Auto  AR
 Seq Series   Interval   Years  Segmt  Flags   Master  msmt   msmt    dev   corr   sens  value    dev   corr  ()
 --- -------- ---------  -----  -----  -----   ------ -----  -----  -----  -----  -----  -----  -----  -----  --
   1 LJH01A    779 1182    404     14      2    .578    .24    .52   .071   .671   .188   1.61   .189   .004   2
   2 LJH01B    779 1670    892     33      5    .603    .21    .66   .087   .785   .220   1.81   .217   .007   1
   3 LJH03A   1258 1988    731     27      0    .679    .22    .39   .061   .679   .176   1.54   .167  -.006   3
   4 LJH04A   1294 1988    695     26      1    .627    .24    .49   .062   .665   .166   1.50   .161  -.013   3
   5 LJH04B   1294 1775    482     18      0    .604    .18    .52   .083   .856   .200   1.82   .202  -.002   1
   6 LJH04C    907 1689    783     29      2    .572    .19    .54   .077   .817   .201   2.03   .201  -.002   3
   7 LJH04D    911 1154    244      8      1    .551    .37    .66   .082   .687   .127   1.66   .142   .011   1
   8 LJH04F    964 1500    537     20      0    .651    .22    .56   .096   .843   .178   1.85   .184   .002   1
   9 LJH05A   1338 1988    651     24      0    .625    .22    .67   .142   .927   .193   1.67   .190   .002   1
  10 LJH05B   1133 1988    856     32      0    .684    .22    .64   .114   .898   .182   1.58   .181  -.001   3
  11 LJH05C   1180 1988    809     30      0    .668    .33    .75   .117   .821   .166   1.69   .167  -.012   1
  12 LJH05D    975 1580    606     22      2    .501    .21    .50   .093   .865   .177   1.56   .180   .006   1
  13 LJH05E    975 1342    368     12      1    .463    .37    .90   .190   .904   .178   1.64   .176  -.005   2
  14 LJH05E2  1244 1893    650     24      0    .626    .28    .72   .151   .930   .159   1.54   .162   .007   1
  15 LJH06A   1277 1988    712     26      0    .664    .31    .84   .126   .817   .202   2.17   .202  -.004   1
  16 LJH06B   1277 1988    712     26      0    .714    .25    .48   .073   .734   .174   1.48   .166  -.002   1
  17 LJH07A   1250 1988    739     27      1    .672    .27    .64   .081   .704   .190   1.78   .179  -.010   3
  18 LJH07B   1228 1988    761     28      2    .562    .20    .54   .092   .868   .207   1.84   .206   .001   2
  19 LJH07C   1250 1473    224      6      1    .485    .26    .39   .057   .610   .152   1.98   .163   .008   1
  20 LJH07D   1228 1567    340     11      0    .660    .28    .52   .069   .717   .151   1.56   .153  -.019   1
  21 LJH08A   1228 1988    761     28      0    .632    .25    .65   .090   .767   .183   1.79   .182   .010   1
  22 LJH08B   1228 1499    272      9      0    .555    .25    .58   .081   .767   .169   1.63   .178   .022   1
  23 LJH09A   1409 1955    547     20      0    .650    .17    .31   .055   .702   .199   1.75   .188  -.001   1
  24 LJH09B   1409 1958    550     20      0    .708    .22    .46   .075   .795   .179   1.52   .169  -.009   3
  25 LJH09C   1352 1988    637     23      0    .644    .23    .43   .066   .729   .171   1.54   .161  -.006   3
  26 LJH10A   1257 1900    644     24      2    .576    .18    .48   .066   .779   .217   1.74   .201  -.006   3
  27 LJH10B   1257 1662    406     14      0    .653    .30    .54   .065   .653   .146   1.51   .145   .014   1
  28 LJH10C   1309 1900    592     22      0    .669    .18    .56   .081   .869   .191   1.52   .187  -.000   3
  29 LJH10E   1309 1988    680     25      0    .691    .17    .34   .053   .706   .203   1.66   .190  -.002   3
  30 LJH12A   1600 1941    342     11      1    .535    .27    .60   .086   .758   .170   1.51   .175  -.001   3
  31 LJH12B   1573 1982    410     14      1    .586    .24    .47   .063   .671   .164   1.66   .167  -.012   3
  32 LJH12C   1641 1988    348     12      1    .584    .25    .67   .090   .788   .179   1.68   .177  -.011   3
  33 LJH13A   1415 1988    574     21      1    .637    .25    .69   .083   .772   .172   1.48   .178   .009   2
  34 LJH13B   1228 1680    453     16      0    .621    .37    .68   .109   .803   .144   1.49   .147   .005   2
  35 LJH13C   1415 1662    248      8      0    .649    .28    .53   .077   .822   .133   1.35   .129  -.012   1
  36 LJH15A    939 1940   1002     38      0    .595    .18    .54   .081   .857   .203   1.61   .196  -.003   1
  37 LJH20B   1250 1848    599     21      0    .632    .19    .40   .057   .708   .188   1.75   .184  -.004   3
  38 LJH30A   1250 1988    739     27      0    .692    .22    .49   .057   .628   .179   1.54   .174   .003   1
  39 LJR02N   1360 1990    631     23      0    .662    .26    .65   .107   .871   .172   1.50   .174  -.005   1
  40 LJR02E   1696 1990    295     10      0    .722    .26    .54   .068   .704   .158   1.53   .165   .019   1
  41 LJR02S   1575 1990    416     14      0    .711    .19    .37   .061   .732   .194   1.51   .192  -.008   3
  42 LJR07N   1463 1990    528     19      1    .637    .23    .50   .070   .684   .200   1.56   .198  -.017   1
  43 LJR09NE  1626 1990    365     12      0    .605    .18    .45   .065   .773   .201   1.51   .199  -.000   3
  44 LJR09W   1550 1990    441     15      0    .569    .22    .50   .070   .750   .181   1.54   .181   .020   1
  45 LJR13W   1400 1990    591     21      0    .687    .25    .49   .071   .714   .170   1.47   .168  -.024   3
  46 LJR14W   1360 1990    631     23      5    .432    .17    .36   .062   .797   .192   1.58   .191  -.015   3
  47 LJR15N   1629 1990    362     12      0    .684    .30    .52   .088   .718   .181   1.84   .176   .009   1
  48 LJR17E   1747 1990    244      8      0    .632    .28    .53   .084   .615   .223   1.41   .205   .007   1
  49 LJR17W   1759 1990    232      7      0    .696    .24    .53   .089   .748   .217   1.55   .221  -.003   1
  50 JDH06C   1200 1988    789     29      1    .681    .26    .63   .087   .782   .189   1.67   .189  -.007   1
  51 JDH07A    866 1957   1092     42      3    .635    .26    .75   .127   .875   .190   1.94   .200   .009   1
  52 JDH07B    890 1902   1013     39      2    .656    .24    .71   .096   .822   .198   1.71   .202  -.007   3
  53 JDH07C    865 1561    697     26      3    .596    .19    .53   .077   .771   .214   1.80   .225   .012   1
  54 JDH08A   1770 1988    219      7      0    .664    .24    .50   .070   .679   .179   1.76   .193   .014   1
  55 JDH09C   1165 1900    736     28      0    .642    .26    .57   .092   .819   .169   1.72   .175  -.006   3
  56 JDH09D    997 1959    963     37      0    .653    .28    .74   .093   .813   .170   1.64   .177  -.005   3
  57 JDH10A   1518 1969    452     16      2    .524    .24    .51   .089   .775   .220   2.55   .229  -.012   1
  58 JDH12B   1190 1920    731     27      0    .569    .23    .73   .067   .743   .169   1.73   .164   .000   1
  59 JDH13    1365 1952    588     22      0    .635    .27    .51   .070   .755   .148   1.61   .151   .001   2
  60 JDH14A   1047 1950    904     35      0    .623    .23    .49   .076   .768   .186   1.77   .186   .009   1
  61 JDH14B   1080 1952    873     33      2    .525    .26    .70   .101   .837   .177   1.82   .190   .002   1
  62 JDH17A   1026 1800    775     29      0    .662    .23    .51   .073   .729   .184   1.64   .176  -.000   2
  63 JDH17B    895 1768    874     33      3    .545    .21    .47   .066   .701   .198   1.67   .196   .006   1
  64 JDH17C    888 1078    191      6      1    .469    .17    .34   .046   .621   .177   1.58   .174   .009   2
  65 JDA01A   -1350 -1105    246      7      1    .318    .40   1.09   .199   .867   .186   1.66   .189  -.019   2
  66 JDA01A2  -1350 -472    879     33      2    .562    .35    .94   .147   .825   .194   1.71   .198  -.007   3
  67 JDA001B  -1270 -812    459     16      0    .564    .39    .72   .099   .693   .162   1.43   .157   .024   1
  68 JDA001A  -1300 -440    861     32      0    .645    .41   1.06   .130   .790   .164   1.65   .170  -.005   3
  69 JDA02A   -600 -102    499     17      1    .568    .39    .87   .106   .754   .146   1.64   .156  -.009   3
  70 JDA02C   -768 -529    240      7      3    .285    .24    .71   .098   .803   .200   1.71   .210   .007   1
  71 JDA02D   -800 -616    185      5      1    .309    .25    .74   .137   .909   .209   1.71   .220  -.001   2
  72 JDA02E   -604 -171    434     16      1    .487    .42   1.05   .135   .788   .157   1.60   .166   .004   2
  73 JDA03A    263 1279   1017     39      2    .536    .27    .70   .110   .830   .184   1.96   .196  -.003   3
  74 JDA03B    211 1216   1006     38      3    .536    .28    .64   .114   .851   .188   1.90   .196  -.006   3
  75 JDA03C    134 1016    883     33      6    .383    .25    .47   .080   .773   .183   1.86   .187   .000   3
  76 JDA04AA  -550  299    850     32      6    .442    .23    .74   .125   .871   .210   1.70   .207  -.011   3
  77 JDA04A   -554   69    624     23      5    .456    .26    .73   .129   .861   .210   1.72   .212  -.011   3
  78 JDA04BA  -550  -18    533     19      4    .506    .22    .78   .101   .861   .203   1.60   .208  -.008   1
  79 JDA04CA  -1202 -646    557     21      4    .469    .24    .57   .092   .724   .228   1.91   .234  -.014   1
  80 JDA04CB  -1210 -717    494     18      2    .466    .34    .72   .102   .737   .165   1.65   .174  -.019   3
  81 JDA05AB  -400  624   1025     39     17    .372    .17    .42   .055   .754   .188   1.73   .190  -.005   1
  82 JDA05BA   -75  846    922     34      6    .416    .15    .49   .060   .787   .192   2.15   .214  -.011   3
  83 JDA05BB   100  511    412     14      3    .492    .20    .63   .088   .820   .184   1.70   .204   .001   2
  84 JDA06A    393 1347    955     36      2    .558    .42   1.51   .195   .889   .170   1.91   .184  -.011   3
  85 JDA06B    621  805    185      6      0    .529    .41   1.09   .172   .874   .152   1.42   .153  -.016   3
  86 JDA07A   -139 1410   1550     60      9    .466    .18    .56   .074   .830   .204   2.02   .212  -.003   3
  87 JDA08A   -1004 -354    651     24      1    .593    .24    .52   .093   .753   .223   1.56   .220   .001   2
  88 JDA09A   -360  699   1060     41      9    .437    .39   1.26   .171   .876   .170   1.83   .181  -.011   3
  89 JDA09B   -348   45    394     13      4    .372    .23    .54   .089   .837   .174   1.82   .183   .014   1
  90 JDA10A   1041 1622    582     21      4    .591    .23    .54   .093   .769   .217   1.99   .220  -.002   1
  91 JDA10B   1030 1499    470     17      1    .540    .19    .46   .076   .673   .254   1.95   .259   .000   2
  92 JDA11A   -388 1005   1394                          .14    .48   .105   .912   .156                         
  93 JDA11B   -289  507    797     30     10    .413    .23    .64   .102   .842   .203   1.74   .215   .002   1
  94 JDA11C   -388 -100    289     10      6    .236    .24    .51   .096   .762   .215   1.96   .239  -.001   1
  95 JDA013A   350 1249    900     34     11    .359    .40   2.46   .229   .808   .213   3.75   .251  -.015   3
  96 JDA14AA   -50  569    620     22      2    .434    .31    .74   .100   .783   .166   1.78   .173   .001   1
  97 JDA15A   -950 -590    361     12      0    .535    .20    .46   .075   .758   .217   1.73   .221   .024   1
  98 JDA16A   -203  307    511     19     11    .333    .22    .45   .082   .795   .194   1.80   .199  -.006   3
  99 JDA17A   -785 -301    485     18      4    .369    .26    .81   .118   .830   .213   2.16   .232  -.011   2
 100 JDA17B   -745 -315    431     15      3    .430    .31    .73   .111   .812   .183   1.66   .189  -.024   3
 101 JDA18A    300  837    538     19      0    .553    .32    .74   .104   .816   .154   1.50   .161  -.005   2
 102 JDA019B   380  999    620     23      3    .472    .27    .82   .115   .840   .185   1.85   .197  -.005   3
 103 JDA021A  -700   80    781     29      9    .430    .30    .79   .123   .835   .185   1.73   .193  -.007   3
 104 JDA022A  -209  441    651     24      6    .456    .22    .46   .081   .855   .161   1.52   .169  -.008   3
 105 JDA23BA   717 1730   1014     39      2    .592    .25    .47   .085   .810   .174   1.77   .167  -.005   3
 106 JDA024     73  823    751     28      5    .475    .30    .74   .119   .822   .182   1.65   .190  -.002   1
 107 JDA25A    263  964    702     26      3    .497    .30   1.33   .173   .921   .169   1.79   .182   .000   1
 108 JDA26A   -173  887   1061     40     10    .456    .22    .56   .077   .784   .179   1.64   .180  -.006   3
 109 JDA26C   -317  343    661     24      9    .369    .21    .50   .081   .790   .207   1.89   .212  -.004   3
 110 JDA27A    557 1197    641     23      4    .476    .27    .82   .135   .910   .170   1.86   .185  -.001   3
 111 JDA27B    499 1049    551     20      4    .391    .29    .83   .131   .896   .166   1.81   .178  -.008   3
 112 JDA29A   -199  349    549     20      7    .502    .27   1.03   .097   .702   .193   2.15   .209  -.010   3
 113 JDA31A    988 1399    412     15      3    .461    .46   2.04   .245   .875   .188   1.98   .214  -.014   3
 114 JDA31B    690 1199    510     19      2    .552    .25    .57   .095   .821   .176   1.84   .192  -.001   3
 115 JDA32A    480  949    470     17      4    .469    .19    .43   .065   .734   .197   1.64   .196  -.001   2
 116 JDA33A   -400  301    702     26      6    .415    .20    .48   .073   .773   .189   2.06   .199  -.001   3
 117 JDA34A    300  749    450     16      3    .449    .38   1.01   .180   .916   .150   1.84   .173  -.009   3
 118 JDA35A    672 1349    678     26      5    .504    .20    .69   .112   .884   .204   1.68   .209  -.004   3
 119 JDA37B   -649 -201    449     16      9    .293    .22    .57   .080   .800   .191   1.79   .200   .025   1
 120 JDA38A      0  830    831     31      9    .381    .22    .49   .085   .850   .175   1.64   .178   .009   1
 121 JDA39A   -1230 -726    505     19      2    .520    .25    .68   .102   .807   .207   1.77   .202  -.008   3
 122 JDA39L   -1240 -771    470     17      0    .568    .20    .41   .061   .574   .237   1.82   .234  -.026   3
 123 JDA39R   -1240 -651    590     22      6    .443    .21    .57   .092   .812   .217   1.71   .215   .003   1
 124 JDA43A0  -150  879   1030     39      6    .503    .28    .66   .116   .838   .181   1.93   .185  -.008   3
 125 JDA43A1  -136  549    686     26      6    .509    .23    .53   .082   .736   .210   1.84   .214   .013   1
 126 JDA43B   -343  649    993     38      5    .493    .32    .72   .119   .789   .192   1.62   .198  -.008   3
 127 JDA43C   -233  469    703     26      5    .490    .27    .73   .118   .857   .172   1.59   .178  -.018   3
 128 JDA50A   -1022 -755    268      8      2    .474    .21    .45   .083   .777   .210   1.60   .214  -.015   3
 129 JDA50B   -1022 -830    193      5      0    .546    .25    .61   .112   .825   .233   1.50   .229  -.008   3
 130 JDA53A   -1224 -638    587     21      1    .544    .29    .90   .124   .752   .239   1.62   .239   .009   1
 131 JDA53B   -1183 -652    532     19      1    .583    .30    .98   .126   .776   .227   1.67   .231   .012   1
 132 JDA55A   -1150 -960    191      5      1    .399    .15    .33   .074   .803   .252   1.58   .257   .011   1
 133 JDA57A   -1009 -828    182      5      0    .626    .22    .44   .075   .610   .240   1.50   .225   .004   3
 134 JDA57Ab  -1266 -956    311     10      2    .505    .20    .43   .064   .654   .227   1.73   .226  -.009   3
 135 JDA57AA  -1296 -932    365     12      0    .522    .16    .41   .057   .646   .250   1.66   .246  -.016   3
 136 JDA59A   -1096 -766    331     11      4    .360    .20    .57   .105   .754   .311   1.91   .310  -.013   3
 137 JDA59B   -713 -360    354     12      4    .460    .25    .52   .095   .683   .260   1.75   .260  -.015   1
 138 JDA59C   -1096 -805    292      9      0    .409    .19    .44   .076   .545   .307   2.02   .314   .009   1
 139 JDA59D   -705 -328    378     13      2    .459    .17    .37   .063   .707   .217   1.96   .227  -.014   1
 140 JDA60A   -1050 -762    289      9      0    .453    .18    .45   .073   .664   .261   1.82   .277  -.000   1
 141 JDA60A2  -1070 -758    313     10      6    .242    .16    .36   .060   .682   .257   1.90   .255   .029   1
 142 JDA60B   -1083 -757    327     11      1    .381    .17    .41   .070   .671   .261   1.72   .269  -.009   1
 143 JDA61A   -1119 -907    213      6      1    .413    .27    .76   .147   .816   .258   2.20   .274  -.001   3
 144 JDA62A   -1340 -1090    251      8      1    .421    .25    .78   .130   .869   .224   1.91   .243   .009   3
 145 JDA63AA  -1027 -607    421     14      0    .497    .17    .44   .066   .756   .217   1.78   .226  -.008   3
 146 JDA63AB  -1147 -635    513     18      3    .408    .17    .60   .085   .809   .246   2.04   .261  -.009   3
 147 JDA63A   -1213 -701    513     19      6    .365    .25    .72   .125   .836   .241   1.76   .243   .000   3
 148 JDA63B   -1153 -988    166      5      0    .502    .21    .61   .109   .746   .283   1.87   .287   .029   3
 149 JDA63C   -790 -570    221      7      0    .463    .20    .53   .089   .792   .220   1.73   .239  -.016   3
 150 JDA64AA  -387   18    406     14      2    .473    .14    .37   .065   .800   .246   1.77   .247  -.021   3
 151 JDA70A   -2145 -1476    670     16     11    .251    .30    .90   .153   .882   .197   1.68   .202  -.015   3
 152 JDA77BL  -1222 -471    752     28      4    .443    .23    .74   .132   .865   .223   1.87   .223  -.011   3
 153 JDA77BS  -1220 -672    549     20      5    .397    .21    .57   .116   .832   .263   1.91   .262  -.005   3
 154 JDA80AS  -192   81    274      9      3    .375    .14    .40   .068   .805   .247   1.68   .255   .004   1
 155 JDA80AL  -192  293    486     17      4    .392    .23    .99   .152   .857   .282   2.02   .297  -.003   3
 156 JDA80AM  -157  277    435     16      2    .484    .25    .85   .155   .870   .266   2.26   .277  -.007   3
 157 JDA81A   -1621 -1301    321     11      0    .644    .27    .75   .107   .739   .216   2.01   .232  -.012   3
 158 JDA081B  -1621 -1301    321     11      0    .558    .25   1.08   .128   .825   .228   1.63   .235  -.020   3
 159 JDA081C  -1621 -1301    321     11      0    .617    .21    .60   .088   .794   .221   1.70   .221  -.003   2
 160 JDA82A   -601   39    641     23      7    .406    .23    .79   .118   .907   .182   1.70   .192  -.022   3
 161 JDA83A1  -1563 -990    574     21      0    .581    .22    .68   .102   .810   .220   1.84   .228  -.017   3
 162 JDA83A2  -1563 -1153    411     14      0    .589    .23    .59   .086   .720   .224   1.83   .229  -.012   3
 163 JDA83A3  -1533 -1257    277      9      0    .593    .19    .48   .067   .741   .198   1.67   .205  -.005   3
 164 JDA83B   -1918 -1370    549     20      1    .601    .30    .79   .131   .888   .170   1.97   .178  -.001   2
 165 JDA83BL  -1919 -1294    626     23      2    .502    .26    .77   .146   .927   .196   1.93   .205  -.009   1
 166 JDA83BS  -1898 -1690    209      6      0    .454    .34    .60   .115   .814   .171   1.56   .179   .001   3
 167 JDA83CS  -1286 -1024    263      9      1    .425    .18    .31   .064   .780   .197   1.40   .188  -.025   3
 168 JDA83CL  -1194 -818    377     13      3    .435    .14    .33   .074   .890   .207   1.51   .196  -.008   1
 169 JDA83C1  -1854 -1051    804                          .18    .64   .111   .913   .187                         
 170 JDA085A   -22  311    334     11      1    .408    .19    .59   .088   .860   .173   1.76   .187   .014   1
 171 JDA085B   141  399    259      9      6    .328    .15    .37   .073   .861   .205   1.65   .213  -.010   1
 172 JDA085C   296  499    204      7      4    .267    .12    .40   .060   .848   .223   1.90   .247   .019   1
 173 JDA92A   -452   38    491     17      1    .473    .17    .46   .070   .762   .233   1.74   .228  -.011   3
 174 JDA92B    100  448    349     11      1    .492    .14    .35   .044   .685   .198   1.66   .206   .007   1
 175 JDA      -1377 -991    387     13      0    .606    .22    .39   .068   .779   .161   1.52   .159  -.003   3
 176 JDA102A   834 1624    791     30      1    .694    .35    .60   .075   .562   .159   1.53   .156  -.001   2
 177 JDA102L   761 1430    670     25      2    .581    .22    .39   .063   .607   .216   1.70   .212  -.001   3
 178 JDA102R   707 1556    850     32      3    .630    .27    .66   .076   .657   .190   1.60   .186   .002   2
 179 JDA102C   640 1644   1005     38      5    .573    .33   1.00   .101   .684   .185   1.94   .187  -.004   3
 180 JDA200L   674 1214    541     19      0    .611    .27    .67   .138   .921   .186   1.94   .194   .002   2
 181 JDA200R   481 1738   1258     48     11    .453    .17    .50   .074   .827   .205   1.91   .206  -.000   3
 182 JDA201L   360  775    416     15      1    .519    .48   1.25   .189   .891   .138   1.57   .144  -.011   1
 183 JDA201C   400  790    391     13      0    .623    .47   1.03   .146   .811   .149   1.51   .155  -.022   3
 184 JDA201R   370  818    449     16      1    .557    .51   1.38   .234   .898   .156   1.47   .155  -.008   1
 185 JDA204    673 1235    563     21      8    .349    .31    .62   .119   .859   .167   1.63   .173   .006   2
 186 JDA206   1196 1700    505     19      3    .475    .38   1.47   .194   .911   .148   1.87   .152  -.010   1
 187 JDA209    802 1562    761     28     10    .384    .21    .48   .100   .860   .196   1.83   .201   .004   2
 188 JDA210A  1082 1405    324     11      1    .478    .33    .67   .118   .787   .182   1.59   .195   .000   1
 189 JDA211   1066 1660    595     22      7    .379    .31    .80   .156   .906   .162   1.61   .163   .001   2
 190 JDA213A   964 1555    592     22      1    .639    .37    .94   .136   .833   .155   1.63   .156  -.008   3
 191 JDA302L   504  834    331     11      7    .252    .12    .35   .047   .584   .291   2.18   .281  -.010   3
 192 JDA302C   510  907    398     14      6    .230    .22    .60   .103   .814   .211   2.74   .250  -.009   3
 193 JDA310A   148  604    457     17      5    .435    .56   1.70   .286   .838   .197   1.89   .225  -.003   2
 194 JD316AA  -251  177    429     15      3    .421    .17    .46   .088   .768   .301   2.28   .304  -.017   3
 195 JD316AB  -244  300    545     20      3    .434    .19    .40   .076   .778   .232   1.99   .235  -.012   3
 196 JD316AC  -202  400    603     22      2    .536    .23    .69   .090   .734   .226   1.78   .227  -.000   3
 197 JD316AD  -165  -32    134      3      0    .611    .27    .62   .119   .804   .241   1.64   .248  -.018   3
 198 JD316AE  -166  480    647     24      4    .497    .21    .61   .092   .793   .231   1.74   .233  -.000   3
 199 KDH10A   1100 1864    765     28      0    .541    .29    .71   .104   .809   .183   1.70   .188   .002   2
 200 KDH11A   1128 1319    192      5      1    .408    .14    .28   .043   .735   .187   1.61   .192   .033   1
 201 KDH15B    649 1548    900     33      8    .420    .20    .55   .085   .821   .199   1.80   .207  -.008   3
 202 KDH16B    950 1829    880     33     22    .243    .19   1.00   .120   .869   .233   2.13   .258  -.013   3
 203 KDH17BL  -411 -282    130      3      0    .485    .31    .66   .142   .759   .240   1.89   .266  -.020   2
 204 KDH17BR  -405 -252    154      4      0    .429    .23    .67   .121   .807   .233   1.92   .253  -.028   3
 205 KDH17BC  -431  -91    341     12      2    .407    .16    .67   .088   .747   .297   2.79   .306  -.004   2
 206 KDH19A    -69  292    362     12      4    .359    .18    .69   .110   .811   .258   2.15   .274  -.012   3
 207 KDH020A  -850 -201    650     24      0    .517    .27    .88   .145   .874   .202   1.97   .225  -.005   2
 208 KDH020B  -789 -334    456     16      0    .462    .26   1.16   .162   .879   .203   1.81   .220  -.015   3
 209 KDH021A  -700  -76    625     23      1    .547    .31   1.11   .145   .846   .191   1.94   .212   .002   3
 210 KDH022B  -450  149    600     22      3    .452    .25    .98   .144   .876   .225   1.98   .244  -.006   3
 211 KDH022A  -450  149    600     22      4    .457    .25    .69   .122   .863   .196   2.20   .214  -.007   3
 212 KDH023A  -1723 -830    894     33      5    .462    .21    .71   .102   .858   .205   1.94   .223  -.015   3
 213 KDH023R  -1719 -863    857     32      3    .483    .21    .75   .107   .860   .220   1.96   .233  -.004   2
 214 KDH023L  -1622 -827    796     29      3    .508    .21    .78   .104   .837   .216   2.17   .228  -.013   3
 215 KDH24    -268  682    951     36      1    .504    .18    .60   .090   .861   .200   1.78   .209  -.010   3
 216 KDH27B   -1022 -840    183      5      3    .327    .31    .75   .169   .870   .233   1.83   .250   .002   3
 217 KDH27C   -409  -19    391     14      0    .654    .20    .68   .100   .834   .211   2.03   .231  -.007   2
 218 KDH27D   -781 -617    165      5      0    .486    .27    .91   .198   .888   .224   1.79   .234  -.003   2
 219 KDH28A    655  849    195      6      0    .440    .26    .56   .130   .860   .227   1.73   .229   .008   3
 220 KDH28B    715 1255    541     20      8    .356    .27    .65   .116   .831   .200   1.71   .210  -.004   3
 221 KDH50A   -316 -101    216      7      1    .442    .29    .73   .103   .817   .165   1.54   .169  -.012   2
 222 KDH51A   -573  286    860     32      3    .536    .40   1.09   .182   .882   .169   1.81   .177  -.011   3
 223 KDH51B    -25  435    461     16      1    .463    .29    .69   .104   .823   .166   1.66   .178  -.012   1
 224 KDH51C   -523  106    630     23      7    .424    .43   1.24   .150   .824   .160   1.67   .168  -.007   3
 225 KDH52A    235 1005    771     29      2    .504    .27    .66   .103   .855   .165   1.82   .175  -.001   3
 226 KDH53A    411 1180    770     29      5    .429    .32    .74   .144   .877   .184   1.78   .193  -.015   3
 227 KDH54A    450  930    481     17      6    .422    .52   1.01   .168   .814   .163   1.54   .169  -.006   3
 228 KDH55A   -490 -238    253      8      3    .529    .32    .82   .132   .831   .183   1.78   .202  -.011   3
 229 KDH55L   -900 -659    242      7      1    .482    .39   1.27   .200   .807   .227   1.96   .241  -.007   3
 230 KDH55R   -915 -656    260      8      3    .458    .39   1.01   .201   .850   .216   1.92   .240  -.024   3
 231 KDH56A   -1059 -589    471     17      5    .368    .25    .87   .159   .910   .209   2.00   .225  -.023   3
 232 KDH56B   -1022 -708    315     10      4    .380    .31    .80   .144   .829   .211   1.57   .215   .009   3
 233 KDH57A    -66  634    701     26      0    .476    .19    .53   .086   .865   .183   1.69   .200  -.012   3
 234 KDH57A1   -40  254    295     10      0    .486    .23    .56   .094   .812   .204   1.59   .209  -.009   3
 235 KDH57A3   383  639    257      8      0    .643    .18    .50   .083   .868   .194   1.65   .208   .020   1
 236 KDH58A   -246  284    531     19      4    .429    .22    .84   .122   .898   .201   1.77   .216  -.035   3
 237 KDH58B    -85  265    351     12      0    .510    .24    .85   .121   .897   .180   1.50   .187  -.020   3
 238 KDH60Aa  -460  183    644     24      0    .625    .30   1.21   .165   .885   .197   1.67   .208  -.017   3
 239 KDH60Ab  -392   75    468     17      2    .491    .30   1.04   .174   .901   .206   1.94   .221  -.016   3
 240 KDH60Ac  -540  579   1120                          .24   1.01   .186   .941   .197                         
 241 KDH60Ad  -492  765   1258     48      5    .526    .33   1.09   .207   .925   .208   1.84   .227  -.015   3
 242 KDH60Ba  -415  209    625     23      0    .583    .32   1.25   .190   .888   .214   1.89   .233  -.028   3
 243 KDH60Bb  -452  105    558     20      1    .520    .41   1.20   .230   .915   .191   1.71   .202  -.007   3
 244 KDH60Bc  -456  248    705                          .38   1.19   .250   .927   .195                         
 245 KDH60Bd  -456  637   1094     42      2    .543    .34   1.35   .238   .936   .206   2.04   .223  -.009   3
 246 KDH60Be  -363  280    644     24      0    .567    .42   1.42   .238   .896   .188   1.85   .208  -.020   3
 247 KDH60C   -412  338    751     28      2    .560    .24    .73   .127   .848   .214   1.86   .237  -.018   3
 248 KDH61A    596  999    404     15      7    .291    .20    .73   .123   .828   .273   2.18   .283  -.019   3
 249 KDH64    -479  -24    456     17      1    .534    .32    .83   .164   .900   .199   1.87   .212  -.008   2
 250 KDH65A   -144  261    406     14      0    .516    .26    .75   .131   .892   .172   1.62   .177  -.014   3
 251 KDH65B   -102  281    384     13      0    .570    .39    .91   .154   .873   .154   1.74   .172  -.003   3
 252 KDH67     416 1266    851     32      6    .376    .25    .97   .143   .879   .224   2.36   .250  -.012   3
 253 KDH68C    824 1828   1005     38     11    .367    .23    .93   .129   .854   .212   1.97   .231  -.006   3
 254 KDH70a   -330  259    590     22      0    .520    .32   1.10   .206   .904   .210   2.28   .226  -.017   3
 255 KDH70b   -326   54    381     13      1    .527    .28    .91   .128   .849   .200   1.97   .217  -.016   2
 256 KDH71AA  -385   69    455     16      3    .378    .23    .61   .121   .828   .244   2.13   .262  -.018   3
 257 KDH71AB   -83   77    161      5      0    .460    .38   1.11   .202   .839   .221   1.57   .219  -.007   3
 258 KDH71AC   -83  109    193      6      2    .351    .27    .65   .153   .871   .239   1.74   .244  -.013   3
 259 KDH71CA  -100  692    793     29      6    .426    .17    .84   .113   .905   .220   2.27   .241  -.013   3
 260 KDH74Aa   187  505    319     11      6    .288    .28    .68   .134   .845   .220   1.83   .233   .017   3
 261 KDH74Ab   185 1640   1456     56     12    .459    .19    .60   .085   .819   .216   1.97   .230  -.010   3
 262 KDH74Ac   920 1715    796     30      9    .391    .18    .69   .095   .816   .257   2.02   .260  -.006   3
 263 KDH74Ad   186 1154    969                          .21    .75   .128   .873   .222                         
 264 KDH76A    513 1185    673     25     11    .366    .25    .86   .158   .895   .214   1.89   .234  -.014   3
 265 KDH76B    946 1364    419     15      7    .346    .17    .67   .126   .930   .220   2.02   .245   .027   1
 266 KDH77Aa   503 1416    914     34      4    .462    .31   1.52   .265   .952   .208   1.83   .225  -.013   3
 267 KDH77Ab   588 1077    490     18      2    .487    .35   1.31   .225   .917   .214   1.80   .225  -.009   3
 268 KDH77B    472 1266    795     30      4    .484    .18    .80   .128   .906   .217   1.96   .231  -.012   3
 269 KDH79    -866 -316    551     20      9    .348    .15    .50   .078   .840   .222   1.94   .236  -.002   3
 270 KDH81A    425  932    508     18      6    .357    .37    .88   .181   .856   .216   1.79   .223  -.005   3
 271 KDH82A     86  346    261      8      4    .375    .27    .64   .123   .871   .195   1.79   .198  -.022   3
 272 KDH83     230  530    301     10      7    .225    .46    .93   .183   .870   .174   1.67   .181  -.002   3
 273 KDH85    -323  560    884     33      3    .471    .19    .64   .106   .885   .211   1.99   .228  -.006   3
 274 KDH86     476 1065    590                          .16    .79   .121   .920   .212                         
 275 KDH87A   -498  255    754     28      7    .421    .17    .77   .116   .902   .230   2.53   .259  -.004   3
 276 KDH88a   -161 -101     61      1      0    .538    .33    .60   .121   .760   .188   1.53   .214  -.018   3
 277 KDH88b      0 1270   1271                          .20   1.12   .180   .946   .202                         
 278 KDH89    -271  319    591     21      2    .443    .18    .56   .090   .808   .213   1.96   .232  -.009   3
 279 KDH90a    655 1662   1008     38     12    .399    .28    .85   .143   .888   .192   1.73   .214   .029   3
 280 KDH90b    928 1893    966     36     15    .359    .24    .67   .130   .891   .211   2.23   .225  -.012   3
 281 KDH91A    720 1537    818     31      5    .489    .19    .74   .097   .894   .184   1.75   .200  -.005   3
 282 KDH91B   1120 1522    403     14     10    .322    .24    .82   .123   .894   .190   1.65   .205  -.020   3
 283 KDH92    -493 -177    317     10      2    .508    .28    .94   .202   .922   .207   1.73   .216  -.007   3
 284 KDH93A   1129 1510    382     13      4    .398    .18    .44   .083   .880   .172   1.80   .182   .002   3
 285 KDH95A    730  975    246      8      4    .388    .24    .54   .114   .816   .247   1.69   .248  -.009   3
 286 KDH97A   1149 1419    271      8      3    .305    .14    .42   .067   .764   .232   1.91   .247  -.004   3
 287 KDH98     873 1274    402     14      4    .389    .16    .41   .068   .843   .196   1.65   .211  -.020   3
 288 KDH99A    -42   99    142      4      2    .311    .28    .61   .109   .832   .197   1.62   .204   .050   2
 289 KDH99A2    86  740    655     24     10    .393    .17    .53   .089   .869   .190   2.30   .219   .024   3
 290 KDH99A3   847 1022    176      5      1    .491    .20    .48   .074   .783   .188   1.59   .207  -.013   2
 291 KDH100    481  811    331     11      7    .313    .29   1.04   .154   .809   .240   2.06   .253  -.001   3
 292 KDH101A    86  548    463     16      8    .351    .27    .97   .172   .895   .238   1.88   .244  -.004   3
 293 KDH104   -143 1630   1774     69     20    .418    .19   1.05   .112   .891   .197   1.95   .214  -.004   3
 294 KDH105A  -500  590   1091     41      3    .478    .23    .87   .120   .855   .196   2.27   .214  -.021   3
 295 KDH105B  -500  252    753     28      4    .490    .23    .72   .125   .871   .201   1.94   .219  -.041   3
 296 KDH106A    88  648    561     20      7    .370    .34   1.27   .202   .885   .207   1.78   .226  -.015   3
 297 KDH107A  1094 1859    766     29     10    .345    .31   1.53   .179   .910   .194   1.97   .214  -.004   3
 298 KDH107B  1100 1459    360     12      4    .378    .36   1.29   .208   .920   .184   1.60   .197   .003   2
 299 KDH108   1323 1834    512     18     13    .223    .28   1.16   .187   .912   .203   1.98   .219  -.012   3
 300 KDH109a   808 1264    457     16      2    .430    .33    .78   .140   .865   .173   1.74   .188  -.012   2
 301 KDH109b  1088 1206    119      3      0    .503    .39    .76   .153   .806   .202   1.59   .205   .027   2
 302 KDH109c  1084 1326    243      8      4    .343    .24    .60   .110   .841   .214   2.27   .241  -.003   2
 303 KDH112A  -556  -16    541     20      4    .489    .23    .84   .147   .893   .213   1.83   .228  -.017   3
 304 KDH115A  -1300 -959    342     11      4    .444    .21    .62   .097   .780   .235   1.71   .244  -.006   3
 305 KDH115B  -1300 -970    331     11      5    .391    .18    .52   .084   .768   .245   2.13   .262  -.003   2
 --- -------- ---------  -----  -----  -----   ------ -----  -----  -----  -----  -----  -----  -----  -----  --
 Total or mean:         171621   5956    923    .499    .25   2.46   .115   .822   .198   3.75   .206  -.005

 DATA CHECKS (rwl.check): ausl024
-----------------------------------------------------------------------------------------------------------------------------------
 rwl.check: data_files/treering/measurements/australia/ausl024.rwl
 305 series, 171621 measurements, -2145-1990, 0.01 mm precision
 0 error(s), 7 warning(s), 25 note(s)
 -------------
 WARNING
   RWL_HEADER_SPAN (1)
     the header declares 1600-1991 but the measurements cover -2145-1990
   RWL_REPEATED_VALUE (6)
     JDA05BA: 0.07 repeated in 6 consecutive rings, 287-292; a constant stretch is a placeholder, not a measurement
     JDA05BA: 0.08 repeated in 6 consecutive rings, 346-351; a constant stretch is a placeholder, not a measurement
     JDA209: 0.11 repeated in 6 consecutive rings, 871-876; a constant stretch is a placeholder, not a measurement
     JDA213A: 0.24 repeated in 7 consecutive rings, 1283-1289; a constant stretch is a placeholder, not a measurement
     JDA43B: 0.14 repeated in 8 consecutive rings, 633-640; a constant stretch is a placeholder, not a measurement
     KDH60Bc: 0.09 repeated in 6 consecutive rings, 115-120; a constant stretch is a placeholder, not a measurement
 25 note(s) not shown; see rwl.check() or the 'check' element of this report.

 NOTES
-----------------------------------------------------------------------------------------------------------------------------------
 Report generated using dplR 1.8.1 (R 4.5.2) on 2026-10-01 16:50 PDT.
 Measurement file ausl024.rwl, MD5 a0160cf7271fc84e34b8431998d487e6.
 Filtering: each series divided by a 32-year smoothing spline (caps()), then prewhitened with
   an AR model (order by AIC, at most 3).
 Master: biweight robust mean of the other series (leave-one-out).
 Correlation: Pearson, one-tailed, pcrit = 0.01; critical r = 0.3281 for 50-year segments.
 Segments: 50 years, lagged 25, first segment floored to 100. Lags searched: +/- 10 years.
 A segment is tested only where the series and the master cover all of it, at the dated
   position and at every lag. COFECHA also tests partial segments at the ends of a series, so
   series here may show fewer segments, and no flags can be raised at the ends of the record.
 Lags follow COFECHA: negative means rings are probably missing from the series, positive means
   false rings. A missing ring carries its lag into every segment before it, so look where the
   lag changes along a series. A B flag is a hypothesis to check on the wood; the gain says how
   seriously to take it.
 A B flag marked "weak at every lag" correlates under the critical value even at its best lag:
   the segment is weak wherever it is placed, and the shift is not evidence of a dating error.
   Treat it as a low correlation, like an A.
 Averages in the summary and the totals are weighted by the number of years in each series, as
   COFECHA's are.
 Unfiltered block and mean sensitivity: the measurements as read, and sens1().
 dplR filtered block: the series that was correlated, after filtering. COFECHA's filtered
   series is defined differently, so these three columns are not COFECHA's numbers.
 AR: order of the AR model used to prewhiten.
 Left out of the crossdating: the 'nyrs' spline for series JDA11A is not all positive, so
   dividing by it would give negative or infinite indices. Remove the series, or detrend the
   data yourself with detrend() and pass the indices with 'nyrs = NULL'
 Left out of the crossdating: the 'nyrs' spline for series JDA83C1 is not all positive, so
   dividing by it would give negative or infinite indices. Remove the series, or detrend the
   data yourself with detrend() and pass the indices with 'nyrs = NULL'
 Left out of the crossdating: the 'nyrs' spline for series KDH60Ac is not all positive, so
   dividing by it would give negative or infinite indices. Remove the series, or detrend the
   data yourself with detrend() and pass the indices with 'nyrs = NULL'
 Left out of the crossdating: the 'nyrs' spline for series KDH60Bc is not all positive, so
   dividing by it would give negative or infinite indices. Remove the series, or detrend the
   data yourself with detrend() and pass the indices with 'nyrs = NULL'
 Left out of the crossdating: the 'nyrs' spline for series KDH74Ad is not all positive, so
   dividing by it would give negative or infinite indices. Remove the series, or detrend the
   data yourself with detrend() and pass the indices with 'nyrs = NULL'
 Left out of the crossdating: the 'nyrs' spline for series KDH86 is not all positive, so
   dividing by it would give negative or infinite indices. Remove the series, or detrend the
   data yourself with detrend() and pass the indices with 'nyrs = NULL'
 Left out of the crossdating: the 'nyrs' spline for series KDH88b is not all positive, so
   dividing by it would give negative or infinite indices. Remove the series, or detrend the
   data yourself with detrend() and pass the indices with 'nyrs = NULL'
