
 COFECHA-style crossdating report: ausl053
 Report generated using dplR 1.8.1 (R 4.5.2) on 2026-10-01 16:48 PDT
 Built with dplR's xdate.report(), not COFECHA; see the notes at the end.


      Measurement file name  : ausl053.rwl
      MD5 of measurement file: b8dc8491f7d53712c71bfa792cba3e47
      Date checked           : 01OCT26
      Beginning year         : -2145
      Ending year            : 2009
      Principal investigators: Allen, K.J.; Cook, E.R.
      Site name              : Lake Johnson  Mt. Read
      Species information    : LGFR Lagarostrobos franklinii (Hook. f.) Quinn
      Latitude               : 41.8500 S
      Longitude              : 145.5300 E
      Elevation              : 950 m

      Series intercorrelation: 0.568
      Avg mean sensitivity   : 0.195
      Avg standard deviation : 0.097
      Avg autocorrelation    : 0.781
      Number dated series    : 287
      Series crossdated      : 283
      Segment length tested  : 50

      Number problem segments: 400  (A 114, B 286; 140 of the B weak at every lag)
      Pct problem segments   : 7.76


 CORRELATION OF SERIES BY SEGMENTS: ausl053
-----------------------------------------------------------------------------------------------------------------------------------
 Correlations of  50-year dated segments, lagged  25 years
 Flags:  A = correlation under   .3281 but highest as dated;  B = correlation higher at other than dated position

 Seq Series  Time_span  -2100 -2075 -2050 -2025 -2000 -1975 -1950 -1925 -1900 -1875 -1850 -1825 -1800 -1775 -1750 -1725 -1700 -1675 -1650 -1625 
                        -2051 -2026 -2001 -1976 -1951 -1926 -1901 -1876 -1851 -1826 -1801 -1776 -1751 -1726 -1701 -1676 -1651 -1626 -1601 -1576 
 --- -------- ---------  ---- ---- ---- ---- ---- ---- ---- ---- ---- ---- ---- ---- ---- ---- ---- ---- ---- ---- ---- ---- 
 239 JDA70A   -2145 -1476                                          .16B .14B .15B .18B .23B .33  .46  .52  .20B .01B .22A .45 
 252 JDA83B   -1918 -1370                                          .77  .83  .76  .68  .65  .64  .70  .79  .71  .61  .70  .54 
 253 JDA83BL  -1919 -1294                                          .76  .85  .79  .61  .64  .60  .63  .84  .67  .39  .47  .52 
 254 JDA83BS  -1898 -1690                                               .60  .51  .36  .39  .55  .55                          
 Av segment correlation                                          .56  .60  .55  .46  .48  .53  .58  .71  .53  .34  .47  .50 

 CORRELATION OF SERIES BY SEGMENTS: ausl053
-----------------------------------------------------------------------------------------------------------------------------------
 Correlations of  50-year dated segments, lagged  25 years
 Flags:  A = correlation under   .3281 but highest as dated;  B = correlation higher at other than dated position

 Seq Series  Time_span  -1600 -1575 -1550 -1525 -1500 -1475 -1450 -1425 -1400 -1375 -1350 -1325 -1300 -1275 -1250 -1225 -1200 -1175 -1150 -1125 
                        -1551 -1526 -1501 -1476 -1451 -1426 -1401 -1376 -1351 -1326 -1301 -1276 -1251 -1226 -1201 -1176 -1151 -1126 -1101 -1076 
 --- -------- ---------  ---- ---- ---- ---- ---- ---- ---- ---- ---- ---- ---- ---- ---- ---- ---- ---- ---- ---- ---- ---- 
 153 JDA01A   -1400 -1105                                               .22B .08B .08B .47  .60  .55  .63  .62  .49           
 154 JDA01A2  -1394 -472                                               .37  .12B-.02B .38  .55  .57  .67  .64  .54  .61  .70 
 155 JDA001B  -1270 -812                                                                        .67  .52  .53  .63  .58  .48 
 156 JDA001A  -1300 -440                                                                   .58  .67  .69  .62  .64  .75  .65 
 167 JDA04CA  -1202 -646                                                                                  .54  .57  .64  .60 
 168 JDA04CB  -1210 -717                                                                                  .35  .52  .58  .57 
 209 JDA39A   -1230 -726                                                                             .33  .60  .68  .64  .62 
 210 JDA39L   -1240 -771                                                                             .36  .52  .65  .63  .53 
 211 JDA39R   -1240 -651                                                                             .22B .68  .70  .68  .61 
 218 JDA53A   -1224 -638                                                                                  .48  .22B .40  .57 
 219 JDA53B   -1183 -652                                                                                       .26B .50  .55 
 220 JDA55A   -1150 -960                                                                                                 .06B
 222 JDA57Ab  -1266 -956                                                                        .42  .17B .11B .64  .77  .69 
 223 JDA57AA  -1296 -932                                                                   .62  .63  .55  .40  .53  .74  .64 
 232 JDA62A   -1340 -1090                                                         .51  .60  .49  .52  .49  .44  .50  .20B     
 234 JDA63AB  -1147 -635                                                                                                 .08B
 235 JDA63A   -1213 -701                                                                                  .47  .41  .34  .38 
 236 JDA63B   -1153 -988                                                                                            .51  .44 
 239 JDA70A   -2145 -1476  .52  .54  .50  .51                                                                                 
 240 JDA77BL  -1222 -471                                                                                  .49  .24B .30A .50 
 241 JDA77BS  -1220 -672                                                                                  .42B .28A .37B .43 
 245 JDA81A   -1621 -1301  .74  .77  .69  .58  .59  .62  .77  .75  .56  .59  .58                                              
 246 JDA081B  -1621 -1301  .71  .72  .69  .64  .54  .63  .70  .69  .65  .53  .39                                              
 247 JDA081C  -1621 -1301  .66  .65  .71  .70  .55  .58  .74  .83  .59  .59  .64                                              
 249 JDA83A1  -1563 -990            .66  .78  .64  .56  .79  .74  .47  .62  .61  .64  .65  .56  .65  .59  .47  .56  .57  .58 
 250 JDA83A2  -1563 -1153            .66  .74  .57  .54  .71  .71  .47  .50  .58  .60  .60  .64  .57  .55                     
 251 JDA83A3  -1533 -1257                 .72  .66  .60  .70  .71  .63  .59  .57  .64                                         
 252 JDA83B   -1918 -1370  .52  .62  .67  .71  .65  .54  .64  .66                                                             
 253 JDA83BL  -1919 -1294  .53  .63  .69  .76  .66  .54  .59  .59  .67  .57  .33A                                             
 255 JDA83CS  -1286 -1024                                                                   .37  .43  .41  .38  .54  .73  .64 
 256 JDA83CL  -1194 -818                                                                                       .30A .67  .60 
 263 JDA???   -1377 -991                                                    .58  .48  .53  .68  .71  .67  .65  .70  .79  .70 
 Av segment correlation  .61  .66  .66  .68  .61  .57  .70  .71  .58  .51  .45  .42  .54  .57  .58  .49  .49  .51  .57  .53 

 CORRELATION OF SERIES BY SEGMENTS: ausl053
-----------------------------------------------------------------------------------------------------------------------------------
 Correlations of  50-year dated segments, lagged  25 years
 Flags:  A = correlation under   .3281 but highest as dated;  B = correlation higher at other than dated position

 Seq Series  Time_span  -1100 -1075 -1050 -1025 -1000 -975 -950 -925 -900 -875 -850 -825 -800 -775 -750 -725 -700 -675 -650 -625 
                        -1051 -1026 -1001 -976 -951 -926 -901 -876 -851 -826 -801 -776 -751 -726 -701 -676 -651 -626 -601 -576 
 --- -------- ---------  ---- ---- ---- ---- ---- ---- ---- ---- ---- ---- ---- ---- ---- ---- ---- ---- ---- ---- ---- ---- 
 154 JDA01A2  -1394 -472  .77  .78  .82  .70  .49  .59  .53  .48  .74  .76  .57  .55  .67  .76  .55  .52  .65  .47  .62  .83 
 155 JDA001B  -1270 -812  .49  .54  .60  .59  .50  .50  .38  .42  .64  .73                                                   
 156 JDA001A  -1300 -440  .66  .72  .69  .67  .63  .73  .71  .70  .78  .75  .69  .71  .76  .78  .74  .67  .62  .68  .79  .73 
 158 JDA02C   -768 -529                                                                        .29A .41  .10B .14B .46  .34 
 159 JDA02D   -800 -616                                                                   .33  .33B .48  .46  .49           
 167 JDA04CA  -1202 -646  .54  .63  .51  .35  .50  .45  .31A .18B .45  .64  .50  .52  .51  .49  .61  .43  .44                
 168 JDA04CB  -1210 -717  .45  .46  .60  .73  .59  .63  .42  .29A .60  .68  .39  .42  .53  .49                               
 175 JDA08A   -1004 -354                      .69  .75  .71  .68  .76  .79  .56  .55  .69  .69  .62  .64  .58  .54  .67  .79 
 185 JDA15A   -950 -590                                     .41  .60  .65  .59  .61  .60  .49  .42  .51  .50  .48  .60      
 187 JDA17A   -785 -301                                                                   .11B .55  .46  .26B .21B .27A .53 
 188 JDA17B   -745 -315                                                                             .50  .41  .36  .45  .56 
 191 JDA021A  -700   80                                                                                       .31A .47  .64 
 207 JDA37B   -649 -201                                                                                                 .47 
 209 JDA39A   -1230 -726  .57  .60  .69  .63  .36  .21B .31A .48  .38  .38  .51  .56  .59  .51                               
 210 JDA39L   -1240 -771  .68  .76  .68  .57  .53  .62  .64  .67  .57  .44  .44  .64                                         
 211 JDA39R   -1240 -651  .51  .54  .65  .59B .27A .26B .46  .50  .44  .33  .42  .60  .55  .46  .28A .34  .24B               
 216 JDA50A   -1022 -755                      .64  .65  .66  .60  .56  .40  .27A .31B                                        
 217 JDA50B   -1022 -830                      .56  .53  .50  .53  .51                                                        
 218 JDA53A   -1224 -638  .69  .82  .74  .59  .56  .54  .47  .55  .74  .71  .51  .52  .55  .62  .51  .54  .60                
 219 JDA53B   -1183 -652  .65  .76  .71  .66  .61  .55  .51  .60  .77  .71  .48  .64  .70  .60  .48  .58                     
 220 JDA55A   -1150 -960  .47  .71  .53  .51                                                                                 
 221 JDA57A   -1009 -828                      .54  .54  .66  .69  .77                                                        
 222 JDA57Ab  -1266 -956  .69  .54  .49  .56                                                                                 
 223 JDA57AA  -1296 -932  .60  .66  .63  .57  .39                                                                            
 224 JDA59A   -1096 -766       .40  .45  .54  .14B .15B .73  .63  .57  .68  .69  .27B                                        
 225 JDA59B   -713 -360                                                                                  .79  .74  .69  .60 
 226 JDA59C   -1096 -805       .42  .52  .54  .39  .40  .66  .55  .41  .53                                                   
 227 JDA59D   -705 -328                                                                                  .68  .42  .47  .54 
 228 JDA60A   -1050 -762                 .49  .49  .52  .59  .49  .52  .63  .69  .58                                         
 229 JDA60A2  -1070 -758            .03B .20B .17B .27B .70  .34  .45  .75  .59  .32A                                        
 230 JDA60B   -1083 -757       .30A .47  .44  .55  .63  .64  .49  .48  .63  .72  .51                                         
 231 JDA61A   -1119 -907  .31A .53  .46  .40  .42  .38                                                                       
 233 JDA63AA  -1027 -607                      .48  .61  .58  .36  .40  .63  .52  .54  .77  .65  .52  .61  .55  .41           
 234 JDA63AB  -1147 -635  .49  .52  .47  .53  .55  .22B .14B .38  .56  .49  .40  .54  .68  .60  .55  .59  .47                
 235 JDA63A   -1213 -701  .60  .64  .60  .51  .41  .29A .23B .26B .35  .40  .15B .25A .48  .18B-.11B                         
 236 JDA63B   -1153 -988  .66  .63  .41B                                                                                     
 237 JDA63C   -790 -570                                                                   .48  .62  .61  .36  .34  .43  .60 
 240 JDA77BL  -1222 -471  .32A .27B .51  .49  .28A .38  .55  .60  .54  .60  .42  .34B .53  .47  .48  .42  .30B .34B .45  .55 
 241 JDA77BS  -1220 -672  .36  .35  .47  .35 -.05B .15B .39  .51  .61  .52  .55  .50  .34B .17B .11B .36                     
 249 JDA83A1  -1563 -990  .57  .39  .29A                                                                                     
 255 JDA83CS  -1286 -1024  .68  .34                                                                                           
 256 JDA83CL  -1194 -818  .67  .63  .54  .55  .47  .53  .57  .61  .19B-.06B                                                  
 263 JDA???   -1377 -991  .64  .66  .59                                                                                      
 Av segment correlation  .57  .56  .54  .53  .45  .46  .52  .50  .55  .57  .51  .50  .60  .49  .44  .51  .47  .42  .53  .60 

 CORRELATION OF SERIES BY SEGMENTS: ausl053
-----------------------------------------------------------------------------------------------------------------------------------
 Correlations of  50-year dated segments, lagged  25 years
 Flags:  A = correlation under   .3281 but highest as dated;  B = correlation higher at other than dated position

 Seq Series  Time_span  -600 -575 -550 -525 -500 -475 -450 -425 -400 -375 -350 -325 -300 -275 -250 -225 -200 -175 -150 -125 
                        -551 -526 -501 -476 -451 -426 -401 -376 -351 -326 -301 -276 -251 -226 -201 -176 -151 -126 -101  -76 
 --- -------- ---------  ---- ---- ---- ---- ---- ---- ---- ---- ---- ---- ---- ---- ---- ---- ---- ---- ---- ---- ---- ---- 
 154 JDA01A2  -1394 -472  .79  .73  .69  .54                                                                                 
 156 JDA001A  -1300 -440  .67  .57  .45  .67  .59                                                                            
 157 JDA02A   -600 -102       .56  .62  .61  .57  .61  .34  .27B .65  .60  .65  .70  .63  .66  .82  .84  .74  .64           
 158 JDA02C   -768 -529  .40                                                                                                
 160 JDA02E   -604 -171  .60  .77  .72  .59  .31A .31A .58  .58  .68  .39  .35  .52  .50  .55  .64  .69                     
 164 JDA04AA  -550  299                 .54  .58  .68  .60  .23A .16B .61  .65  .48  .52  .71  .63  .51  .49  .47  .61  .68 
 165 JDA04A'  -554   69            .38  .44  .53  .64  .58  .21B .16B .63  .67  .45  .50  .74  .65  .53  .50  .48  .60  .70 
 166 JDA04BA  -550  -18                 .22B .30A .41  .52  .54  .75  .62  .56  .49  .33  .59  .78  .79  .71  .67  .67  .64 
 169 JDA05AB  -400  624                                               .31A .41  .41  .18B .30A .56  .49  .36  .41  .55  .37 
 174 JDA07A   -139 1410                                                                                                 .40 
 175 JDA08A   -1004 -354  .74  .71  .59  .39  .51  .61  .50  .51                                                             
 176 JDA09A   -360  699                                                    .20B .45  .43  .39  .53  .76  .69  .53  .51  .45 
 177 JDA09B   -348   45                                                         .52  .49  .48  .54  .65  .74  .56  .34  .50 
 181 JDA11B   -289  507                                                                   .46  .33  .38  .47  .41  .51  .48 
 182 JDA11C   -388 -100                                               .27A .32A .28A .41  .59  .64  .55  .34  .39  .51      
 186 JDA16A   -203  307                                                                                  .43  .41  .51  .47 
 187 JDA17A   -785 -301  .61  .51  .56  .46  .34  .38  .37  .41  .57  .55  .31A                                             
 188 JDA17B   -745 -315  .58  .48  .43  .15B .11B .26A .37  .47  .65  .65                                                   
 191 JDA021A  -700   80  .60  .60  .40  .09B .26A .29A .31B .24A .21B .40  .49  .46  .61  .74  .64  .57  .57  .57  .73  .77 
 192 JDA022A  -209  441                                                                                  .34  .32B .46  .41 
 196 JDA26A   -173  887                                                                                            .37  .47 
 197 JDA26C   -317  343                                                              .31B .53  .40  .38  .27A-.12B .35  .54 
 200 JDA29A   -199  349                                                                                       .60  .67  .72 
 204 JDA33A   -400  301                                               .29A .55  .76  .67  .72  .71  .66  .60  .60  .60  .65 
 207 JDA37B   -649 -201  .32A .30B .35B .16B .09B .34  .37  .27B .19B .33A .63  .65  .66  .57  .31B                         
 212 JDA43A'  -150  879                                                                                                 .56 
 213 JDA43A   -136  549                                                                                                 .83 
 214 JDA43B   -343  649                                                         .52  .49  .68  .70  .56  .51  .44  .60  .57 
 215 JDA43C   -233  469                                                                             .55  .50  .51  .52  .40 
 225 JDA59B   -713 -360  .59  .56  .51  .21B .28A .34  .30A .44                                                             
 227 JDA59D   -705 -328  .51  .55  .57  .48  .55  .46  .53  .66  .43                                                        
 238 JDA64AA  -387   18                                               .45  .49  .62  .33  .46  .73  .68  .58  .31B .40B .57 
 240 JDA77BL  -1222 -471  .41  .37  .33A .33A                                                                                
 242 JDA80AS  -192   81                                                                                       .60  .70  .77 
 243 JDA80AL  -192  293                                                                                       .37  .53  .69 
 244 JDA80AM  -157  277                                                                                            .79  .81 
 248 JDA82A   -601   39       .28B .26A .25A .26B .34  .45  .48  .52  .53  .55  .55  .55  .65  .63  .48  .59  .70  .59  .48 
 261 JDA92A   -452   38                                     .37  .40  .46  .51  .49  .62  .60  .62  .55  .52  .61  .51  .39 
 283 JD316AA  -251  177                                                                             .10B .62  .71  .71  .73 
 284 JD316AB  -244  300                                                                             .36  .63  .65  .67  .67 
 285 JD316AC  -202  400                                                                                       .70  .84  .76 
 286 JD316AD  -165  -32                                                                                            .81  .85 
 287 JD316AE  -166  480                                                                                            .74  .74 
 Av segment correlation  .57  .54  .49  .38  .38  .44  .45  .41  .45  .47  .49  .52  .48  .58  .60  .55  .54  .50  .58  .60 

 CORRELATION OF SERIES BY SEGMENTS: ausl053
-----------------------------------------------------------------------------------------------------------------------------------
 Correlations of  50-year dated segments, lagged  25 years
 Flags:  A = correlation under   .3281 but highest as dated;  B = correlation higher at other than dated position

 Seq Series  Time_span  -100  -75  -50  -25    0   25   50   75  100  125  150  175  200  225  250  275  300  325  350  375 
                         -51  -26   -1   24   49   74   99  124  149  174  199  224  249  274  299  324  349  374  399  424 
 --- -------- ---------  ---- ---- ---- ---- ---- ---- ---- ---- ---- ---- ---- ---- ---- ---- ---- ---- ---- ---- ---- ---- 
 161 JDA03A    263 1279                                                                             .29A .37  .33B .29A .38 
 162 JDA03B    211 1216                                                                   .37  .20B .44  .41  .37B .47  .40 
 163 JDA03C    134 1016                                                    .41  .42  .17B .19B .08B .46  .46  .35  .41  .55 
 164 JDA04AA  -550  299  .75  .71  .31B .48  .64  .42  .35  .46  .48  .50  .58  .55  .46  .53  .38                          
 165 JDA04A'  -554   69  .76  .69  .39B .49  .60                                                                            
 166 JDA04BA  -550  -18  .59  .59                                                                                           
 169 JDA05AB  -400  624  .23B .47  .37  .49  .38  .46  .42  .22B .29A .59  .72  .63  .41  .47  .39  .31A .46  .54  .67  .71 
 170 JDA05BA   -75  846            .55  .45  .43B .51  .51  .54  .52  .64  .58  .40B .52  .38  .30B .56  .65  .58  .53  .58 
 171 JDA05BB   100  511                                               .64  .57  .35  .44  .60  .53  .58  .58  .38  .51  .57 
 174 JDA07A   -139 1410  .36  .17B .33  .36  .25B .33  .51  .58  .61  .59  .49  .41  .35  .46  .47  .63  .52  .43  .46  .60 
 176 JDA09A   -360  699  .46  .44  .36  .37  .13B .20B .54  .47  .47  .62  .65  .60  .52  .54  .64  .62  .62  .52  .37  .39 
 177 JDA09B   -348   45  .58  .38  .57  .62                                                                                 
 181 JDA11B   -289  507  .37  .37  .49  .55  .51  .64  .72  .71  .55  .54  .58  .48  .49  .53  .46  .53  .67  .48  .48  .71 
 183 JDA013A   350 1249                                                                                                 .32A
 184 JDA14AA   -50  569                 .34  .40  .38  .49  .66  .60  .50  .52  .53  .57  .29B .31A .55  .45  .38  .67  .65 
 186 JDA16A   -203  307  .47  .43  .30B .57  .61  .57  .62  .44  .31A .46  .38B .25B .32B .45  .44                          
 189 JDA18A    300  837                                                                                       .58  .57  .56 
 191 JDA021A  -700   80  .70  .56  .40  .50  .60  .45                                                                       
 192 JDA022A  -209  441  .44  .65  .63  .58  .56  .57  .64  .61  .66  .77  .81  .66  .36  .52  .57  .61  .68  .56  .56  .74 
 194 JDA024     73  823                                     .50  .53  .72  .74  .42  .25A .40  .34  .33A .34  .46  .69  .73 
 195 JDA25A    263  964                                                                             .30B .45  .33  .23B .29A
 196 JDA26A   -173  887  .63  .62  .36  .57  .68  .59  .62  .53  .52  .66  .69  .55  .51  .56  .37  .49  .58  .45  .42  .46 
 197 JDA26C   -317  343  .45  .54  .61  .66  .65  .45  .33  .43  .63  .78  .77  .64  .58  .55  .40  .38                     
 200 JDA29A   -199  349  .65  .34  .33  .54  .47  .51  .65  .58  .54  .64  .63  .59  .49  .44  .35  .37  .36                
 204 JDA33A   -400  301  .64  .56  .49  .54  .51  .14B .14B .47  .65  .62  .70  .74  .64  .67  .62                          
 205 JDA34A    300  749                                                                                       .38  .44  .59 
 208 JDA38A      0  830                           .38  .24A .20B .35  .53  .57  .36  .10B .21B .18B .22B .49  .56  .41B .47 
 212 JDA43A'  -150  879  .38  .41  .53  .53  .43  .33A .32A .38  .45  .60  .64  .60  .32A .37  .26B .25B .57  .53  .52  .54 
 213 JDA43A   -136  549  .67  .45  .63  .39  .33  .36  .26B .40  .33  .67  .81  .64  .15B .29A .36  .32A .31A .43  .62  .62 
 214 JDA43B   -343  649  .34  .41  .52  .41  .33  .32A .37  .42  .36B .58  .74  .66  .39  .43  .48  .38  .43  .47  .56  .60 
 215 JDA43C   -233  469  .22B .42  .59  .76  .74  .60  .42  .37B .48  .47  .55  .54  .17B-.02B .11B .31B .52  .53  .51  .50 
 238 JDA64AA  -387   18  .26B .21A .19B                                                                                     
 242 JDA80AS  -192   81  .60  .49  .46  .47  .43  .23B                                                                      
 243 JDA80AL  -192  293  .68  .44  .43  .54  .61  .67  .57  .37  .35B .63  .49  .25A .22B .33                               
 244 JDA80AM  -157  277  .62  .41  .40  .48  .58  .53  .53  .43  .29B .50  .32A .23B .35  .35                               
 248 JDA82A   -601   39  .37  .37  .50  .64                                                                                 
 258 JDA085A   -22  311                      .03B .39  .52  .58  .53  .45  .49  .45  .51  .63  .53                          
 259 JDA085B   141  399                                                    .61  .32B .14B .45  .48  .54  .57  .28B-.10B     
 260 JDA085C   296  542                                                                                  .36  .57  .48  .48 
 261 JDA92A   -452   38  .45  .61  .53  .29B                                                                                
 262 JDA92B    100  448                                               .31B .53  .60  .42  .44  .49  .54  .41  .29A .46  .57 
 270 JDA201L   360  775                                                                                                 .19B
 272 JDA201R   370  818                                                                                                 .27B
 282 JDA310A   148  604                                                    .37B .35B .23B .34  .50  .47  .52  .46  .61  .64 
 283 JD316AA  -251  177  .56  .27B .29A .52  .57  .53  .50  .54  .48  .62                                                   
 284 JD316AB  -244  300  .64  .58  .35  .37  .46  .61  .69  .59  .48  .56  .66  .62  .43  .40  .50                          
 285 JD316AC  -202  400  .56  .51  .45  .47  .51B .61  .67  .74  .66  .45  .50  .56  .50  .43  .40  .53  .37  .29A .55      
 286 JD316AD  -165  -32  .61                                                                                                
 287 JD316AE  -166  480  .62  .44  .43  .59  .56  .50  .70  .73  .45  .66  .84  .73  .23B .28B .56  .65  .58  .43  .50  .55 
 Av segment correlation  .52  .47  .44  .50  .48  .45  .49  .50  .48  .58  .60  .50  .37  .42  .40  .45  .49  .44  .48  .52 

 CORRELATION OF SERIES BY SEGMENTS: ausl053
-----------------------------------------------------------------------------------------------------------------------------------
 Correlations of  50-year dated segments, lagged  25 years
 Flags:  A = correlation under   .3281 but highest as dated;  B = correlation higher at other than dated position

 Seq Series  Time_span   400  425  450  475  500  525  550  575  600  625  650  675  700  725  750  775  800  825  850  875 
                         449  474  499  524  549  574  599  624  649  674  699  724  749  774  799  824  849  874  899  924 
 --- -------- ---------  ---- ---- ---- ---- ---- ---- ---- ---- ---- ---- ---- ---- ---- ---- ---- ---- ---- ---- ---- ---- 
   1 LJH01A    779 1182                                                                                  .37  .69  .58  .44 
   2 LJH01B    779 1670                                                                                  .44  .41  .43  .43 
 139 JDH07A    866 1957                                                                                                 .51 
 141 JDH07C    865 1561                                                                                                 .41 
 161 JDA03A    263 1279  .61  .54  .60  .62  .42  .57  .79  .60  .52  .73  .55  .48  .78  .69  .59  .57  .59  .58  .56  .38 
 162 JDA03B    211 1216  .52  .63  .61  .59  .41  .56  .67  .67  .61  .43  .33  .52  .63  .73  .73  .70  .67  .63  .59  .54 
 163 JDA03C    134 1016  .54  .50  .54  .55  .14B .40  .71  .68  .64  .62  .64  .62  .64  .71  .66  .69  .64  .55  .48  .46 
 169 JDA05AB  -400  624  .66  .49  .47  .63  .45  .58  .75  .78                                                             
 170 JDA05BA   -75  846  .57  .60  .72  .74  .70  .75  .69  .72  .60  .47  .51  .23B .31B .56  .57  .42                     
 171 JDA05BB   100  511  .54  .64  .81                                                                                      
 172 JDA06A    393 1347  .44  .49  .68  .60  .32A .48  .38  .52  .64  .52  .61  .62  .60  .61  .61  .58  .60  .55  .55  .53 
 173 JDA06B    621  805                                               .52  .41  .61  .79  .70  .47                          
 174 JDA07A   -139 1410  .79  .74  .76  .76  .47  .51  .76  .77  .69  .57  .51  .48  .47  .57  .65  .70  .72  .68  .65  .64 
 176 JDA09A   -360  699  .41  .41  .65  .70  .47  .64  .67  .53  .56  .67  .56                                              
 181 JDA11B   -289  507  .74  .65  .59                                                                                      
 183 JDA013A   350 1249  .39  .32A .37  .50  .36B .46  .39  .48  .55  .39  .41  .55  .76  .58  .46  .56  .40  .18B .29B .39 
 184 JDA14AA   -50  569  .56  .65  .61  .59  .52                                                                            
 189 JDA18A    300  837  .70  .72  .66  .65  .63  .62  .70  .77  .75  .65  .54  .43  .43  .43  .37  .36                     
 190 JDA019B   380  999  .67  .67  .55  .61  .51  .50  .50  .55  .54  .32A .32A .38  .40  .54  .47  .39  .48  .48  .43  .36 
 193 JDA23BA   717 1730                                                                   .76  .64  .59  .73  .66  .63  .63 
 194 JDA024     73  823  .59  .49  .51  .57  .37  .47  .45  .53  .60  .47  .42  .29B .46  .49  .46                          
 195 JDA25A    263  964  .55  .70  .74  .74  .69  .67  .77  .81  .78  .69  .67  .51  .51  .63  .64  .46  .40  .41  .49  .44 
 196 JDA26A   -173  887  .64  .58  .72  .63  .37  .70  .74  .72  .66  .50  .57  .67  .68  .41  .30A .27B .37  .65           
 198 JDA27A    557 1197                                     .49  .47  .42  .36  .51  .63  .56  .35  .55  .57  .65  .64  .43 
 199 JDA27B    499 1049                           .36  .56  .53  .47  .36  .25B .45  .64  .61  .41  .63  .66  .53  .61  .48 
 202 JDA31B    690 1199                                                              .27B .49  .60  .51  .60  .63  .66  .68 
 203 JDA32A    480  949                      .51  .40  .29B .25B .46  .60  .50  .38  .39  .40  .49  .51  .51  .66  .53  .32B
 205 JDA34A    300  749  .62  .57  .73  .78  .53  .41  .35  .50  .55  .50  .53  .07B .16B                                   
 206 JDA35A    672 1349                                                         .34  .47  .30B .17B .50  .55  .34  .33  .45 
 208 JDA38A      0  830  .71  .74  .78  .71  .39  .51  .68  .81  .81  .56  .50  .62  .58  .66  .71  .59                     
 212 JDA43A'  -150  879  .65  .70  .60  .58  .46  .23B .37  .66  .65  .59  .65  .53  .51  .37  .38  .50  .53  .46           
 213 JDA43A   -136  549  .67  .61  .65  .68  .47                                                                            
 214 JDA43B   -343  649  .61  .62  .59  .57  .41  .28B .52  .34  .16B                                                       
 215 JDA43C   -233  469  .51                                                                                                
 260 JDA085C   296  542  .29B .22B .04B-.16B                                                                                
 264 JDA102A   834 1624                                                                                            .60  .57 
 265 JDA102L   761 1430                                                                             .20B .55  .68  .57  .57 
 266 JDA102R   707 1556                                                                   .37  .20B .36  .60  .51  .43  .45 
 267 JDA102C   640 1644                                                   -.06B .09B .32B .32B .23B .35  .66  .63  .64  .69 
 268 JDA200L   674 1214                                                              .47  .71  .68  .45  .45  .57  .68  .65 
 269 JDA200R   481 1738                      .29B .45  .32A .46  .55  .59  .69  .35  .33  .67  .71  .54  .40  .45  .60  .59 
 270 JDA201L   360  775  .43  .50  .79  .77  .54  .66  .77  .83  .79  .60  .52  .49  .69  .49                               
 271 JDA201C   400  790       .49  .78  .82  .72  .69  .75  .86  .88  .79  .68  .61  .74  .68                               
 272 JDA201R   370  818  .56  .60  .70  .74  .58  .60  .63  .72  .81  .79  .59  .56  .69  .64  .65                          
 273 JDA204    673 1235                                                        -.06B-.02B-.20B-.35B-.02B .19B .50  .55  .47 
 279 JDA302L   504  834                          -.12B .12B .35  .43B .44  .39  .45  .42B .32B .35  .51                     
 280 JDA302R   500  839                          -.13B-.19B .20A .41  .45  .47  .24A .13B .43  .60  .52                     
 281 JDA302C   510  907                          -.03B-.13B .35  .47  .48  .41  .35  .49  .52  .48  .54  .43  .39  .48      
 282 JDA310A   148  604  .25B .24B .42  .48  .40  .52  .44                                                                  
 287 JD316AE  -166  480  .52  .18B                                                                                          
 Av segment correlation  .56  .55  .62  .62  .47  .45  .52  .59  .59  .54  .48  .43  .50  .52  .48  .48  .52  .54  .54  .50 

 CORRELATION OF SERIES BY SEGMENTS: ausl053
-----------------------------------------------------------------------------------------------------------------------------------
 Correlations of  50-year dated segments, lagged  25 years
 Flags:  A = correlation under   .3281 but highest as dated;  B = correlation higher at other than dated position

 Seq Series  Time_span   900  925  950  975 1000 1025 1050 1075 1100 1125 1150 1175 1200 1225 1250 1275 1300 1325 1350 1375 
                         949  974  999 1024 1049 1074 1099 1124 1149 1174 1199 1224 1249 1274 1299 1324 1349 1374 1399 1424 
 --- -------- ---------  ---- ---- ---- ---- ---- ---- ---- ---- ---- ---- ---- ---- ---- ---- ---- ---- ---- ---- ---- ---- 
   1 LJH01A    779 1182  .65  .72  .61  .72  .77  .74  .78  .76  .75  .82                                                   
   2 LJH01B    779 1670  .57  .71  .55  .78  .84  .84  .79  .70  .67  .77  .83  .84  .73  .73  .80  .83  .50  .27A .51  .82 
   3 LJH03A   1258 1988                                                                             .50  .58  .55  .55  .71 
   4 LJH04A   1294 1988                                                                                  .40  .43  .45  .50 
   5 LJH04B   1294 1775                                                                                  .61  .59  .77  .76 
   6 LJH04C    907 1689       .25B .26B .61  .67  .60  .76  .73  .73  .84  .82  .82  .72  .60  .49  .34B .44  .64  .73  .73 
   7 LJH04D    911 1154       .39  .35  .61  .73  .63  .64  .64  .71                                                        
   8 LJH04F    964 1500                 .64  .77  .71  .82  .80  .68  .74  .80  .85  .81  .78  .71  .71  .76  .71  .66  .69 
   9 LJH05A   1338 1988                                                                                            .69  .72 
  10 LJH05B   1133 1988                                                    .59  .74  .67  .56  .70  .71  .80  .86  .79  .77 
  11 LJH05C   1180 1988                                                              .70  .58  .60  .69  .81  .82  .73  .68 
  12 LJH05D    975 1580                      .57  .49  .28B .21B .46  .56  .67  .60  .55  .70  .66  .61  .64  .70  .63  .62 
  13 LJH05E    975 1342                      .46  .41  .47  .50  .63  .53  .68  .78  .57  .58  .64  .56                     
  14 LJH05E2  1244 1893                                                                        .44  .57  .80  .79  .75  .78 
  15 LJH06A   1277 1988                                                                                  .64  .72  .70  .71 
  16 LJH06B   1277 1988                                                                                  .75  .72  .74  .67 
  17 LJH07A   1250 1988                                                                             .22B .81  .70  .64  .63 
  18 LJH07B   1228 1988                                                                        .42  .37  .58  .72  .79  .77 
  19 LJH07C   1250 1473                                                                             .39  .53  .56  .66  .71 
  20 LJH07D   1228 1567                                                                        .52  .57  .80  .73  .67  .66 
  21 LJH08A   1228 1988                                                                        .56  .61  .68  .77  .61  .40 
  22 LJH08B   1228 1499                                                                        .46  .56  .63  .75  .74  .68 
  25 LJH09C   1352 1988                                                                                                 .46 
  26 LJH10A   1257 1900                                                                             .51  .70  .68  .57  .71 
  27 LJH10B   1257 1662                                                                             .41  .63  .66  .69  .64 
  28 LJH10C   1309 1900                                                                                       .68  .71  .64 
  29 LJH10E   1309 1988                                                                                       .62  .59  .76 
  34 LJH13B   1228 1680                                                                        .50  .47  .65  .73  .67  .70 
  36 LJH15A    939 1940            .54  .50  .49  .57  .79  .81  .72  .68  .67  .78  .83  .56  .46  .56  .74  .78  .63  .63 
  37 LJH20B   1250 1848                                                                             .40  .72  .74  .60  .64 
  38 LJH30A   1250 1988                                                                             .47  .64  .61  .46  .66 
  39 LJUP1A   1193 1993                                                              .84  .77  .73  .73  .76  .76  .73  .76 
  40 LJUP2A   1261 1999                                                                             .62  .74  .79  .66  .62 
  42 LJUP3A    993 1683                      .84  .82  .89  .84  .77  .83  .86  .83  .74  .78  .82  .78  .76  .73  .74  .84 
  44 LJUP5    1163 1899                                                         .54  .50  .34  .46  .62  .64  .69  .70  .70 
  45 LJUP06   1359 1999                                                                                                 .39 
  49 LJUP09A  1371 1999                                                                                                 .30B
  56 LJUP13B  1277 1999                                                                                  .69  .73  .78  .79 
  65 H21SE    1179 1774                                                              .56  .56  .73  .74  .76  .81  .73  .67 
  69 H7N      1320 1769                                                                                       .66  .73  .74 
  70 H7NNW    1370 1949                                                                                                 .79 
  77 H25E     1340 2003                                                                                            .76  .68 
  78 H20W2    1222 2009                                                                   .37  .50  .64  .78  .74  .61  .67 
  85 H8NW     1339 2003                                                                                            .64  .67 
 101 H20E     1220 2009                                                                   .49  .59  .52  .64  .69  .65  .68 
 124 H21N     1243 1599                                                                        .65  .66  .69  .73  .76  .76 
 127 LJR02N   1360 1990                                                                                                 .56 
 134 LJR14W   1360 1990                                                                                                 .20B
 138 JDH06C   1200 1988                                                                   .39  .58  .63  .74  .74  .72  .64 
 139 JDH07A    866 1957  .30A .29A .35  .53  .50  .51  .79  .75  .73  .84  .88  .85  .74  .62  .69  .82  .80  .72  .73  .77 
 140 JDH07B    890 1902  .35  .40  .33  .31A .47  .60  .69  .55  .58  .82  .87  .86  .81  .81  .83  .83  .86  .78  .63  .64 
 141 JDH07C    865 1561  .22B .39  .54  .57  .64  .71  .85  .78  .61  .83  .87  .84  .70  .69  .68  .60  .67  .80  .77  .72 
 143 JDH09C   1165 1900                                                         .71  .76  .79  .63  .57  .73  .82  .77  .74 
 144 JDH09D    997 1959                      .51  .59  .64  .61  .72  .84  .82  .74  .51  .44  .69  .71  .77  .71  .66  .70 
 146 JDH12B   1190 1920                                                              .61  .43  .45  .46  .51  .51  .53  .61 
 147 JDH13    1365 1952                                                                                                 .49 
 148 JDH14A   1047 1950                                .74  .75  .74  .73  .79  .80  .70  .70  .53  .61  .71  .66  .81  .70 
 150 JDH17A   1026 1800                                .87  .84  .74  .84  .77  .63  .58  .60  .71  .71  .61  .51  .37  .50 
 151 JDH17B    895 1768  .26B .29B .44  .52  .63  .74  .51  .45  .78  .77  .46  .48  .74  .61  .28A .40  .60  .51  .53  .54 
 152 JDH17C    888 1078  .58  .47  .31B .61  .70  .65                                                                       
 161 JDA03A    263 1279  .40  .50  .46  .68  .80  .61  .65  .73  .64  .68  .70  .66  .59  .52                               
 162 JDA03B    211 1216  .61  .59  .42  .70  .69  .63  .76  .69  .69  .68  .77                                              
 163 JDA03C    134 1016  .55  .48  .50                                                                                      
 172 JDA06A    393 1347  .50  .33  .08B .57  .68  .57  .68  .64  .39  .51  .63  .77  .73  .51  .56  .58                     
 174 JDA07A   -139 1410  .62  .62  .55  .47  .60  .52  .68  .72  .55  .47  .50  .66  .70  .60  .56  .59  .57  .36  .26B     
 178 JDA10A   1041 1622                                .74  .73  .72  .79  .82  .84  .77  .67  .77  .75  .61  .47  .52  .50 
 179 JDA10B   1030 1499                                .62  .75  .68  .66  .76  .75  .60  .45  .55  .59  .51  .48  .47  .59 
 183 JDA013A   350 1249  .37  .16B .13B .31A .40  .43  .62  .69  .39  .32A .23B .36  .46                                    
 190 JDA019B   380  999  .44  .43  .24B                                                                                     
 193 JDA23BA   717 1730  .58  .52  .51  .78  .74  .73  .81  .72  .79  .85  .76  .63  .58  .65  .74  .76  .73  .72  .69  .71 
 195 JDA25A    263  964  .52                                                                                                
 198 JDA27A    557 1197  .35  .37  .33  .30A .43  .45  .62  .65  .42  .55                                                   
 199 JDA27B    499 1049  .40  .50  .47  .40  .21B                                                                           
 201 JDA31A    988 1399                      .66  .77  .31A .19B .51  .65  .74  .64  .61  .45  .40  .55  .57  .29A .21B     
 202 JDA31B    690 1199  .72  .61  .53  .77  .80  .79  .81  .73  .52  .54  .34                                              
 203 JDA32A    480  949  .37                                                                                                
 206 JDA35A    672 1349  .60  .48  .50  .56  .58  .56  .75  .77  .39  .52  .65  .58  .56  .39  .44  .60  .48                
 264 JDA102A   834 1624  .54  .58  .55  .71  .77  .80  .91  .90  .81  .80  .86  .90  .78  .68  .77  .78  .82  .85  .84  .74 
 265 JDA102L   761 1430  .57  .66  .71  .79  .80  .80  .86  .84  .59  .73  .84  .80  .71  .64  .39  .46  .71  .66  .63  .76 
 266 JDA102R   707 1556  .56  .71  .52  .81  .90  .80  .88  .92  .75  .83  .90  .88  .80  .72  .68  .72  .79  .75  .74  .79 
 267 JDA102C   640 1644  .60  .66  .67  .78  .85  .90  .88  .84  .85  .89  .89  .90  .91  .80  .80  .80  .83  .85  .82  .81 
 268 JDA200L   674 1214  .66  .58  .45  .65  .63  .55  .71  .73  .55  .59  .75                                              
 269 JDA200R   481 1738  .53  .50  .32B .44  .51  .55  .71  .69  .47  .32A .41  .66  .73  .53  .40  .57  .58  .51  .59  .43 
 273 JDA204    673 1235  .60  .60  .50  .69  .72  .41  .05B .08B .72  .74  .67  .56                                         
 274 JDA206   1196 1700                                                              .07B .19B .56  .43  .36  .30A .41  .63 
 275 JDA209    950 1562                 .53  .73  .64  .68  .75  .77  .69  .71  .75  .70  .64  .40  .25B .33B .48  .61  .60 
 276 JDA210A  1082 1405                                          .57  .64  .75  .74  .60  .40B .38  .54  .55  .52  .49      
 277 JDA211   1066 1660                                     .31A-.08B .04B .26A .40  .31A .19B .06B .27A .54  .46  .47  .44 
 278 JDA213A   964 1555                 .32A .44  .43  .41  .51  .72  .59  .69  .80  .80  .83  .76  .78  .83  .76  .66  .67 
 Av segment correlation  .50  .49  .44  .59  .64  .63  .69  .67  .63  .67  .70  .72  .66  .58  .58  .58  .66  .66  .64  .65 

 CORRELATION OF SERIES BY SEGMENTS: ausl053
-----------------------------------------------------------------------------------------------------------------------------------
 Correlations of  50-year dated segments, lagged  25 years
 Flags:  A = correlation under   .3281 but highest as dated;  B = correlation higher at other than dated position

 Seq Series  Time_span  1400 1425 1450 1475 1500 1525 1550 1575 1600 1625 1650 1675 1700 1725 1750 1775 1800 1825 1850 1875 
                        1449 1474 1499 1524 1549 1574 1599 1624 1649 1674 1699 1724 1749 1774 1799 1824 1849 1874 1899 1924 
 --- -------- ---------  ---- ---- ---- ---- ---- ---- ---- ---- ---- ---- ---- ---- ---- ---- ---- ---- ---- ---- ---- ---- 
   2 LJH01B    779 1670  .81  .77  .77  .74  .62  .58  .72  .79  .77                                                        
   3 LJH03A   1258 1988  .80  .77  .69  .70  .68  .56  .49  .59  .61  .71  .79  .78  .81  .78  .71  .72  .73  .77  .80  .72 
   4 LJH04A   1294 1988  .66  .70  .52  .51  .74  .73  .69  .63  .50  .56  .66  .72  .78  .75  .70  .67  .64  .63  .79  .84 
   5 LJH04B   1294 1775  .74  .68  .65  .64  .68  .61  .51  .63  .64  .72  .46  .39  .71  .70                               
   6 LJH04C    907 1689  .78  .79  .64  .60  .70  .69  .52  .51  .57  .55                                                   
   8 LJH04F    964 1500  .60  .48  .45                                                                                      
   9 LJH05A   1338 1988  .72  .66  .65  .72  .73  .71  .66  .74  .65  .55  .59  .67  .72  .67  .70  .65  .46  .51  .74  .58 
  10 LJH05B   1133 1988  .77  .79  .74  .75  .75  .76  .69  .69  .68  .57  .60  .71  .77  .71  .59  .55  .76  .83  .71  .65 
  11 LJH05C   1180 1988  .67  .59  .61  .66  .74  .70  .69  .76  .74  .75  .68  .64  .77  .75  .56  .50  .38  .46  .57  .64 
  12 LJH05D    975 1580  .73  .70  .48  .47  .59  .58                                                                       
  14 LJH05E2  1244 1893  .73  .70  .74  .73  .71  .72  .67  .63  .47  .53  .70  .65  .56  .50  .54  .61  .51  .49           
  15 LJH06A   1277 1988  .77  .81  .69  .57  .70  .79  .70  .75  .69  .69  .76  .68  .69  .72  .82  .80  .48  .28A .56  .64 
  16 LJH06B   1277 1988  .63  .72  .70  .71  .78  .75  .69  .74  .80  .79  .75  .69  .69  .72  .76  .66  .60  .72  .81  .80 
  17 LJH07A   1250 1988  .64  .75  .78  .73  .78  .77  .69  .74  .73  .72  .78  .80  .79  .68  .61  .74  .77  .74  .53  .65 
  18 LJH07B   1228 1988  .81  .73  .59  .66  .72  .66  .54  .56  .51  .50  .36  .37  .66  .74  .71  .71  .71  .55  .43  .60 
  19 LJH07C   1250 1473  .73                                                                                                
  20 LJH07D   1228 1567  .75  .73  .60  .74  .80                                                                            
  21 LJH08A   1228 1988  .45  .61  .69  .64  .73  .66  .57  .81  .73  .74  .81  .80  .87  .82  .71  .69  .52  .50  .71  .73 
  22 LJH08B   1228 1499  .69  .71  .55                                                                                      
  23 LJH09A   1409 1955       .73  .71  .71  .79  .74  .57  .66  .65  .70  .82  .83  .79  .82  .64  .55  .61  .55  .45  .43 
  24 LJH09B   1409 1958       .75  .58  .60  .74  .75  .70  .74  .70  .72  .80  .78  .79  .74  .71  .68  .57  .61  .72  .72 
  25 LJH09C   1352 1988  .70  .74  .62  .62  .65  .60  .60  .72  .57  .46  .62  .74  .83  .77  .64  .55  .58  .69  .78  .78 
  26 LJH10A   1257 1900  .83  .74  .60  .60  .70  .75  .73  .52  .54  .75  .75  .65  .62  .55  .60  .77  .59  .19B .27A     
  27 LJH10B   1257 1662  .74  .77  .63  .57  .70  .78  .77  .69  .68                                                        
  28 LJH10C   1309 1900  .78  .75  .46  .44  .59  .60  .66  .73  .68  .67  .78  .78  .79  .63  .52  .59  .64  .61  .64      
  29 LJH10E   1309 1988  .61  .58  .46  .49  .69  .66  .61  .67  .69  .63  .72  .71  .66  .64  .61  .79  .80  .67  .69  .65 
  30 LJH12A   1600 1941                                               .40  .49  .61  .69  .59  .20B .30A .58  .63  .64  .69 
  31 LJH12B   1573 1982                                          .54  .45  .36B .47  .60  .62  .59  .52  .69  .73  .76  .83 
  32 LJH12C   1641 1988                                                    .50  .60  .68  .55  .45  .41B .35B .44  .76  .77 
  33 LJH13A   1415 1988       .41  .35  .52  .65  .52  .36  .69  .62  .63  .72  .70  .79  .76  .57  .55  .66  .73  .76  .73 
  34 LJH13B   1228 1680  .79  .68  .47  .67  .75  .64  .56  .68  .67  .58                                                   
  35 LJH13C   1415 1662       .63  .58  .66  .72  .70  .49  .63  .66                                                        
  36 LJH15A    939 1940  .73  .57  .34  .48  .63  .64  .63  .57  .55  .59  .58  .57  .68  .69  .42  .48  .64  .60  .60  .55 
  37 LJH20B   1250 1848  .72  .69  .57  .57  .78  .84  .75  .72  .73  .69  .80  .83  .71  .67  .74  .65                     
  38 LJH30A   1250 1988  .77  .74  .65  .67  .80  .78  .68  .58  .55  .72  .77  .68  .77  .75  .64  .69  .72  .77  .84  .86 
  39 LJUP1A   1193 1993  .75  .65  .60  .67  .75  .77  .79  .81  .82  .59  .62  .78  .80  .81  .69  .52  .64  .78  .82  .67 
  40 LJUP2A   1261 1999  .71  .77  .69  .64  .70  .69  .60  .79  .82  .79  .78  .82  .71  .47  .43  .69  .65  .52  .83  .72 
  41 LJUP2B   1578 1999                                          .71  .70  .81  .79  .72  .58  .57  .74  .82  .82  .82  .78 
  42 LJUP3A    993 1683  .83  .71  .54  .67  .72  .69  .72  .78  .80  .82                                                   
  43 LJUP4    1748 1999                                                                        .65  .56  .57  .69  .79  .83 
  44 LJUP5    1163 1899  .71  .69  .49  .52  .68  .74  .79  .85  .83  .76  .76  .72  .74  .71  .61  .55  .55  .62  .78      
  45 LJUP06   1359 1999  .58  .45  .34  .43  .47  .60  .56  .59  .60  .67  .58  .49  .67  .65  .54  .56  .60  .56  .57  .59 
  46 LJUP07A  1746 1999                                                                        .64  .66  .66  .65  .61  .60 
  47 LJUP07B  1798 1999                                                                                  .80  .80  .65  .62 
  48 LJUP8A   1405 1999       .47  .57  .73  .80  .76  .60  .76  .83  .60  .66  .81  .83  .82  .83  .82  .84  .85  .85  .79 
  49 LJUP09A  1371 1999  .69  .60  .55  .72  .70  .63  .60  .72  .75  .43  .49  .61  .59  .68  .81  .83  .77  .65  .77  .78 
  51 LJUP10B  1452 1999                 .26A .44  .54  .55  .75  .71  .75  .80  .66  .61  .80  .75  .66  .74  .81  .88  .82 
  52 LJUP11A  1773 1999                                                                             .64  .68  .69  .83  .84 
  53 LJUP12   1479 1999                      .36  .24B .46  .70  .75  .77  .82  .80  .80  .61  .58  .75  .69  .74  .86  .88 
  54 LJUP12B  1458 1999                 .23A .38  .52  .41  .66  .77  .79  .80  .80  .86  .80  .78  .81  .65  .66  .84  .84 
  55 LJUP13A  1460 1999                 .58  .64  .65  .64  .61  .63  .48  .55  .68  .72  .78  .83  .71  .70  .76  .90  .85 
  56 LJUP13B  1277 1999  .83  .82  .56  .54  .70  .69  .63  .79  .75  .67  .79  .83  .80  .74  .65  .65  .76  .74  .69  .59 
  57 LJUP14A  1439 1999            .48  .54  .64  .67  .61  .60  .64  .81  .74  .72  .81  .79  .74  .77  .78  .77  .83  .81 
  58 LJUP15A  1747 1999                                                                        .70  .62  .45  .49  .80  .73 
  59 LJUP15B  1746 1999                                                                        .77  .83  .75  .60  .78  .82 
  60 LJUP16   1481 1999                      .74  .73  .79  .77  .71  .73  .85  .85  .79  .79  .80  .71  .65  .61  .66  .75 
  61 LJUP16A  1539 1999                                .56  .68  .70  .76  .83  .79  .77  .75  .77  .84  .85  .81  .88  .78 
  62 LJUP17   1568 1999                                     .23B .39  .76  .66  .56  .64  .74  .75  .82  .73  .64  .77  .82 
  63 LJUP18   1840 1999                                                                                            .83  .83 
  64 H24NNE   1586 2009                                          .59  .77  .76  .72  .78  .85  .74  .71  .71  .67  .84  .74 
  65 H21SE    1179 1774  .71  .63  .47  .52  .73  .62  .35  .14B .00B-.17B .22B .56  .76  .61                               
  66 H5SSE    1817 2001                                                                                       .50  .44  .39 
  67 H12NE    1747 2009                                                                        .39  .30A .65  .78  .85  .87 
  68 H16SE    1443 1799            .36  .34  .43  .54  .48  .69  .54  .18B .02B .21B .66  .58  .54                          
  69 H7N      1320 1769  .75  .77  .72  .70  .71  .68  .52  .78  .78  .13B .31A .59  .68                                    
  70 H7NNW    1370 1949  .80  .77  .64  .68  .74  .76  .68  .76  .79  .73  .67  .65  .52  .51  .62  .62  .75  .81  .86  .77 
  71 H22SE    1538 1829                                .60  .79  .76  .44  .22B .36  .77  .79  .68  .56                     
  72 H10E     1497 2009                      .79  .74  .57  .70  .55  .53  .70  .68  .74  .64  .19B .11B .55  .75  .40  .35 
  73 H6NNW    1630 2009                                                    .52  .63  .57  .71  .60  .56  .50  .33A .55  .74 
  74 H28NE    1675 2009                                                              .46  .60  .66  .63  .66  .67  .75  .76 
  75 H27NW    1551 1779                                     .81  .78  .68  .83  .65  .61  .76                               
  76 H22E     1573 1899                                          .77  .76  .71  .71  .73  .69  .62  .74  .78  .80  .12B     
  77 H25E     1340 2003  .64  .59  .61  .75  .81  .64  .50  .02B-.12B .11B .45  .74  .69  .68  .60  .32A .16B .42  .65  .76 
  78 H20W2    1222 2009  .84  .86  .76  .70  .71  .73  .79  .80  .83  .77  .73  .73  .76  .73  .72  .79  .72  .62  .14B-.13B
  79 H5NNW    1818 2009                                                                                       .69  .81  .70 
  80 H5wb     1832 2009                                                                                            .65  .80 
  81 H26NW    1764 1986                                                                             .52  .66  .78  .88  .84 
  82 H20W     1433 1859            .74  .68  .77  .80  .74  .72  .76  .76  .69  .67  .81  .83  .70  .70  .58                
  83 H11N     1690 1959                                                              .75  .81  .80  .76  .75  .78  .86  .63 
  84 H17W     1543 1949                                .53  .66  .74  .73  .69  .54  .60  .39 -.08B .13B .47  .62  .64  .71 
  85 H8NW     1339 2003  .77  .82  .69  .69  .68  .52  .49  .72  .80  .79  .26A .26A .69  .79  .76  .72  .71  .73  .61  .62 
  86 H25N     1570 2009                                     .51  .69  .72  .78  .76  .78  .76  .72  .74  .71  .72  .78  .80 
  87 H4NE     1850 2009                                                                                                 .61 
  88 H4SW     1790 2009                                                                                  .50  .58  .03B .13B
  89 H4SE     1848 2009                                                                                            .60  .56 
  90 H14SW    1550 2009                                     .64  .68  .77  .61  .54  .64  .60  .52  .55  .52  .49  .65  .62 
  91 H124SW   1576 2008                                          .47  .47  .68  .80  .83  .79  .76  .71  .64  .71  .80  .81 
  92 H24W     1610 2009                                               .52  .71  .72  .77  .75  .68  .74  .78  .82  .85  .73 
  93 H18E     1730 2009                                                                        .47  .56  .74  .66  .64  .72 
  94 H18W     1718 2009                                                                   .55  .51  .66  .71  .61  .68  .74 
  95 H18N     1690 2009                                                              .30A .51  .57  .72  .77  .63  .54  .65 
  96 H10W     1617 2009                                               .68  .75  .62  .53  .56  .48  .54  .52  .57  .59  .56 
  97 H15W     1450 2009                 .41  .38  .37  .33B .67  .79  .78  .82  .77  .72  .76  .70  .71  .75  .74  .75  .63 
  98 H7S      1550 2009                                     .79  .72  .74  .85  .76  .72  .73  .71  .78  .80  .65  .72  .83 
  99 H27NE    1641 2009                                                    .76  .83  .84  .77  .69  .72  .78  .72  .80  .84 
 100 H25E2    1550 2009                                     .68  .77  .69  .69  .81  .83  .69  .63  .77  .74  .66  .82  .89 
 101 H20E     1220 2009  .71  .74  .74  .71  .70  .72  .68  .75  .78  .70  .68  .72  .81  .80  .75  .57  .56  .63  .71  .76 
 102 H3SW     1809 2009                                                                                       .48  .62  .64 
 103 H3SE     1750 2009                                                                             .34B .60  .60  .58  .75 
 104 H5wa     1834 2009                                                                                            .81  .82 
 105 H6N      1670 2009                                                         .39  .56  .57  .60  .64  .79  .75  .77  .76 
 106 H10NW    1640 2009                                                    .68  .50  .53  .71  .68  .79  .77  .78  .85  .79 
 107 H11NNW   1509 2009                           .75  .73  .80  .82  .52 -.10B .05B .79  .76  .72  .74  .84  .78  .85  .83 
 108 H18E2    1730 2009                                                                        .47  .56  .74  .66  .64  .72 
 109 H18W2    1718 2009                                                                   .55  .51  .66  .71  .61  .68  .74 
 110 H18N2    1690 2009                                                              .30A .51  .57  .72  .77  .63  .54  .65 
 111 H19SE    1828 2009                                                                                            .47  .62 
 112 H19NNE   1830 2009                                                                                            .55  .64 
 113 H23ENE   1580 2009                                          .66  .69  .59  .53  .69  .71  .64  .61  .64  .69  .81  .71 
 114 H25N2    1680 2001                                                              .82  .80  .68  .65  .61  .70  .77  .75 
 115 H26E     1710 2009                                                                   .16B .67  .81  .81  .79  .83  .84 
 116 H26NNE   1650 2009                                                         .75  .65  .56  .69  .69  .74  .64  .71  .85 
 117 H28NNW   1800 2009                                                                                       .67  .67  .79 
 118 H28SW    1662 2009                                                         .33  .34B .42  .47  .54  .70  .72  .80  .80 
 119 Hunk     1550 2009                                     .59  .70  .77  .74  .58  .46  .59  .64  .56  .60  .57  .59  .65 
 120 H27Wb    1387 1764  .63  .58  .49  .48  .67  .61  .30A .67  .75  .71  .83  .85  .78                                    
 121 H16N     1398 2001       .36  .57  .47  .51  .52  .43  .60  .72  .67  .76  .64  .44  .49  .52  .55  .55  .55  .58  .57 
 122 H27Wa    1500 1799                           .61  .58  .65  .65  .75  .81  .74  .72  .72  .65                          
 123 H17NE    1541 1839                                .70  .72  .65  .55  .70  .75  .69  .70  .70  .54                     
 124 H21N     1243 1599  .74  .62  .45  .53  .68  .63  .33                                                                  
 125 H6S      1600 2008                                               .64  .70  .73  .75  .58  .50  .62  .74  .77  .79  .81 
 126 H22W     1500 1970                           .59  .62  .84  .81  .77  .85  .82  .86  .85  .74  .74  .77  .77  .82  .83 
 127 LJR02N   1360 1990  .68  .76  .64  .66  .80  .73  .57  .71  .72  .78  .79  .78  .79  .76  .72  .75  .63  .49  .68  .81 
 128 LJR02E   1696 1990                                                              .86  .82  .76  .63  .59  .74  .84  .84 
 129 LJR02S   1575 1990                                          .74  .71  .78  .67  .64  .77  .74  .67  .73  .80  .88  .80 
 130 LJR07N   1463 1990                 .37  .66  .70  .57  .72  .85  .81  .82  .71  .65  .62  .57  .72  .78  .78  .90  .91 
 131 LJR09NS  1626 1990                                                    .55  .43  .58  .68  .60  .62  .72  .68  .72  .75 
 132 LJR09W   1550 1990                                     .40  .57  .60  .56  .51  .62  .60  .68  .78  .79  .77  .75  .68 
 133 LJR13W   1400 1990       .64  .63  .57  .62  .77  .68  .62  .69  .84  .87  .79  .75  .70  .68  .83  .85  .81  .82  .81 
 134 LJR14W   1360 1990  .60  .46  .26B .23B .41  .55  .50  .62  .70  .73  .58  .53  .44  .39  .42  .42  .61  .58  .58  .54 
 135 LJR15N   1629 1990                                                    .66  .77  .72  .63  .66  .78  .78  .68  .76  .78 
 136 LJR17E   1747 1990                                                                        .70  .68  .70  .72  .81  .75 
 137 LJR17W   1759 1990                                                                             .48  .77  .78  .83  .85 
 138 JDH06C   1200 1988  .71  .75  .75  .74  .76  .75  .76  .80  .81  .73  .72  .79  .89  .85  .69  .67  .65  .61  .77  .83 
 139 JDH07A    866 1957  .76  .75  .71  .70  .74  .62  .53  .64  .65  .68  .71  .73  .78  .70  .60  .63  .76  .83  .80  .76 
 140 JDH07B    890 1902  .77  .75  .68  .73  .69  .63  .58  .72  .75  .62  .73  .78  .71  .69  .73  .77  .79  .81  .70      
 141 JDH07C    865 1561  .70  .68  .60  .66  .75                                                                            
 142 JDH08A   1770 1988                                                                             .65  .52  .51  .67  .76 
 143 JDH09C   1165 1900  .76  .75  .56  .39  .56  .65  .64  .84  .75  .57  .71  .81  .71  .66  .70  .67  .57  .53  .53      
 144 JDH09D    997 1959  .77  .74  .65  .58  .69  .70  .61  .77  .80  .83  .81  .73  .72  .63  .59  .70  .60  .64  .70  .72 
 145 JDH10A   1518 1969                           .55  .47  .37  .33A .63  .71  .65  .58  .44  .23B .42  .75  .75  .78  .84 
 146 JDH12B   1190 1920  .52  .43  .52  .63  .74  .67  .56  .58  .61  .64  .70  .65  .60  .63  .35B .48  .61  .60  .73      
 147 JDH13    1365 1952  .40  .52  .52  .60  .69  .60  .55  .66  .71  .68  .64  .65  .75  .79  .73  .76  .78  .76  .77  .73 
 148 JDH14A   1047 1950  .69  .67  .48  .49  .66  .57  .47  .69  .64  .61  .63  .66  .65  .66  .45  .44  .69  .71  .71  .62 
 150 JDH17A   1026 1800  .73  .72  .68  .71  .72  .68  .66  .70  .66  .74  .86  .71  .62  .54  .55                          
 151 JDH17B    895 1768  .62  .67  .69  .63  .67  .66  .50  .67  .73  .65  .73  .77  .72                                    
 178 JDA10A   1041 1622  .47  .37  .36  .62  .37  .34  .37                                                                  
 179 JDA10B   1030 1499  .70  .61  .32A                                                                                     
 193 JDA23BA   717 1730  .72  .71  .66  .67  .73  .71  .57  .68  .75  .78  .33A-.09B                                        
 264 JDA102A   834 1624  .75  .81  .72  .68  .63  .63  .64  .71                                                             
 266 JDA102R   707 1556  .81  .64  .54  .73  .75                                                                            
 267 JDA102C   640 1644  .77  .76  .82  .83  .82  .80  .78  .74                                                             
 269 JDA200R   481 1738  .51  .66  .59  .47  .48  .44  .10B .37  .63  .50  .53  .42                                         
 274 JDA206   1196 1700  .64  .61  .65  .76  .72  .62  .62  .62  .53  .38  .37                                              
 275 JDA209    950 1562  .64  .62  .42  .22B .08B                                                                           
 277 JDA211   1066 1660  .57  .57  .42  .52  .60  .39  .33A .66  .63                                                        
 278 JDA213A   964 1555  .74  .73  .65  .68  .79                                                                            
 Av segment correlation  .70  .67  .59  .60  .67  .65  .59  .67  .67  .64  .66  .66  .70  .68  .62  .64  .67  .66  .70  .72 

 CORRELATION OF SERIES BY SEGMENTS: ausl053
-----------------------------------------------------------------------------------------------------------------------------------
 Correlations of  50-year dated segments, lagged  25 years
 Flags:  A = correlation under   .3281 but highest as dated;  B = correlation higher at other than dated position

 Seq Series  Time_span  1900 1925 1950 
                        1949 1974 1999 
 --- -------- ---------  ---- ---- ---- 
   3 LJH03A   1258 1988  .59  .56      
   4 LJH04A   1294 1988  .69  .67      
   9 LJH05A   1338 1988  .46  .30A     
  10 LJH05B   1133 1988  .66  .52      
  11 LJH05C   1180 1988  .73  .58      
  15 LJH06A   1277 1988  .53  .72      
  16 LJH06B   1277 1988  .70  .64      
  17 LJH07A   1250 1988  .78  .77      
  18 LJH07B   1228 1988  .69  .56      
  21 LJH08A   1228 1988  .64  .52      
  23 LJH09A   1409 1955  .47           
  24 LJH09B   1409 1958  .69           
  25 LJH09C   1352 1988  .61  .45      
  29 LJH10E   1309 1988  .65  .74      
  31 LJH12B   1573 1982  .75  .66      
  32 LJH12C   1641 1988  .75  .65      
  33 LJH13A   1415 1988  .60  .56      
  38 LJH30A   1250 1988  .80  .68      
  39 LJUP1A   1193 1993  .52  .47      
  40 LJUP2A   1261 1999  .37  .47  .57 
  41 LJUP2B   1578 1999  .66  .46  .47 
  43 LJUP4    1748 1999  .72  .58  .57 
  45 LJUP06   1359 1999  .36  .43  .52 
  46 LJUP07A  1746 1999  .48  .60  .76 
  47 LJUP07B  1798 1999  .51  .55  .76 
  48 LJUP8A   1405 1999  .65  .62  .77 
  49 LJUP09A  1371 1999  .72  .83  .87 
  51 LJUP10B  1452 1999  .73  .63  .66 
  52 LJUP11A  1773 1999  .68  .70  .76 
  53 LJUP12   1479 1999  .80  .73  .80 
  54 LJUP12B  1458 1999  .82  .82  .71 
  55 LJUP13A  1460 1999  .78  .75  .71 
  56 LJUP13B  1277 1999  .48  .64  .64 
  57 LJUP14A  1439 1999  .69  .72  .70 
  58 LJUP15A  1747 1999  .57  .74  .77 
  59 LJUP15B  1746 1999  .74  .71  .69 
  60 LJUP16   1481 1999  .67  .58  .74 
  61 LJUP16A  1539 1999  .59  .67  .77 
  62 LJUP17   1568 1999  .79  .70  .72 
  63 LJUP18   1840 1999  .80  .87  .76 
  64 H24NNE   1586 2009  .49  .35  .47 
  66 H5SSE    1817 2001  .38  .64  .63 
  67 H12NE    1747 2009  .81  .73  .68 
  70 H7NNW    1370 1949  .58           
  72 H10E     1497 2009  .42  .59  .59 
  73 H6NNW    1630 2009  .67  .76  .77 
  74 H28NE    1675 2009  .67  .20B .16B
  77 H25E     1340 2003  .67  .63  .65 
  78 H20W2    1222 2009 -.07B .65  .65 
  79 H5NNW    1818 2009  .49B .76  .76 
  80 H5wb     1832 2009  .76  .79  .72 
  81 H26NW    1764 1986  .75  .75      
  83 H11N     1690 1959  .37           
  84 H17W     1543 1949  .62           
  85 H8NW     1339 2003  .68  .59  .61 
  86 H25N     1570 2009  .81  .82  .69 
  87 H4NE     1850 2009  .52  .67  .69 
  88 H4SW     1790 2009  .42  .65  .70 
  89 H4SE     1848 2009  .45  .70  .67 
  90 H14SW    1550 2009  .51  .39  .35 
  91 H124SW   1576 2008  .76  .59  .50 
  92 H24W     1610 2009  .54  .35  .34 
  93 H18E     1730 2009  .73  .55  .52 
  94 H18W     1718 2009  .66  .63  .59 
  95 H18N     1690 2009  .67  .63  .64 
  96 H10W     1617 2009  .59  .60  .57 
  97 H15W     1450 2009  .57  .67  .67 
  98 H7S      1550 2009  .77  .57  .52 
  99 H27NE    1641 2009  .74  .77  .77 
 100 H25E2    1550 2009  .78  .66  .72 
 101 H20E     1220 2009  .66  .69  .58 
 102 H3SW     1809 2009  .61  .72  .68 
 103 H3SE     1750 2009  .68  .58  .57 
 104 H5wa     1834 2009  .67  .67  .72 
 105 H6N      1670 2009  .70  .82  .74 
 106 H10NW    1640 2009  .69  .67  .72 
 107 H11NNW   1509 2009  .76  .61  .57 
 108 H18E2    1730 2009  .73  .55  .52 
 109 H18W2    1718 2009  .66  .63  .59 
 110 H18N2    1690 2009  .67  .63  .64 
 111 H19SE    1828 2009  .68  .60  .64 
 112 H19NNE   1830 2009  .63  .54  .63 
 113 H23ENE   1580 2009  .62  .65  .63 
 114 H25N2    1680 2001  .76  .75  .60 
 115 H26E     1710 2009  .78  .67  .74 
 116 H26NNE   1650 2009  .71  .72  .86 
 117 H28NNW   1800 2009  .74  .66  .69 
 118 H28SW    1662 2009  .77  .83  .79 
 119 Hunk     1550 2009  .59  .42  .41 
 121 H16N     1398 2001  .57  .59  .56 
 125 H6S      1600 2008  .72  .68  .64 
 126 H22W     1500 1970  .73           
 127 LJR02N   1360 1990  .78  .38      
 128 LJR02E   1696 1990  .74  .70      
 129 LJR02S   1575 1990  .66  .56      
 130 LJR07N   1463 1990  .75  .58      
 131 LJR09NS  1626 1990  .65  .47      
 132 LJR09W   1550 1990  .64  .60      
 133 LJR13W   1400 1990  .69  .46      
 134 LJR14W   1360 1990  .47  .40      
 135 LJR15N   1629 1990  .71  .67      
 136 LJR17E   1747 1990  .57  .65      
 137 LJR17W   1759 1990  .84  .79      
 138 JDH06C   1200 1988  .81  .64      
 139 JDH07A    866 1957  .68           
 142 JDH08A   1770 1988  .77  .75      
 144 JDH09D    997 1959  .74           
 145 JDH10A   1518 1969  .64           
 147 JDH13    1365 1952  .68           
 148 JDH14A   1047 1950  .50           
 Av segment correlation  .65  .62  .65 

 FLAGGED SEGMENTS: ausl053
-----------------------------------------------------------------------------------------------------------------------------------
 Seq Series   Segment    Flag  r dated  Best lag  r at lag   Gain  Note
 --- -------- ---------  ----  -------  --------  --------  -----  -----------------
   2 LJH01B   1325 1374     A     .271         0
   6 LJH04C    925  974     B     .248       -10      .264   .015  weak at every lag
   6 LJH04C    950  999     B     .257        -1      .369   .112
   6 LJH04C   1275 1324     B     .338         4      .397   .059
   9 LJH05A   1925 1974     A     .303         0
  12 LJH05D   1050 1099     B     .279        10      .287   .008  weak at every lag
  12 LJH05D   1075 1124     B     .209        -1      .327   .118  weak at every lag
  15 LJH06A   1825 1874     A     .281         0
  17 LJH07A   1275 1324     B     .216        -3      .286   .070  weak at every lag
  26 LJH10A   1825 1874     B     .194        -8      .346   .152
  26 LJH10A   1850 1899     A     .273         0
  30 LJH12A   1750 1799     B     .203         4      .310   .108  weak at every lag
  30 LJH12A   1775 1824     A     .295         0
  31 LJH12B   1650 1699     B     .355        -7      .364   .008
  32 LJH12C   1775 1824     B     .406        -1      .437   .031
  32 LJH12C   1800 1849     B     .354         2      .358   .003
  49 LJUP09A  1375 1424     B     .304        -1      .332   .027
  51 LJUP10B  1475 1524     A     .261         0
  53 LJUP12   1525 1574     B     .243         5      .263   .019  weak at every lag
  54 LJUP12B  1475 1524     A     .228         0
  62 LJUP17   1575 1624     B     .226        10      .255   .029  weak at every lag
  65 H21SE    1575 1624     B     .145         5      .270   .125  weak at every lag
  65 H21SE    1600 1649     B     .003        -6      .402   .399
  65 H21SE    1625 1674     B    -.167        -6      .351   .518
  65 H21SE    1650 1699     B     .220        -6      .349   .129
  67 H12NE    1775 1824     A     .297         0
  68 H16SE    1625 1674     B     .180        -1      .458   .278
  68 H16SE    1650 1699     B     .021        -1      .568   .547
  68 H16SE    1675 1724     B     .210        -3      .358   .148
  69 H7N      1625 1674     B     .128         1      .404   .276
  69 H7N      1650 1699     A     .307         0
  71 H22SE    1650 1699     B     .219        -1      .372   .153
  72 H10E     1750 1799     B     .190       -10      .332   .142
  72 H10E     1775 1824     B     .108        -1      .290   .182  weak at every lag
  73 H6NNW    1825 1874     A     .327         0
  74 H28NE    1925 1974     B     .198        -4      .234   .035  weak at every lag
  74 H28NE    1950 1999     B     .159        -4      .260   .102  weak at every lag
  76 H22E     1850 1899     B     .122        -1      .345   .223
  77 H25E     1575 1624     B     .019         1      .274   .254  weak at every lag
  77 H25E     1600 1649     B    -.117         6      .226   .342  weak at every lag
  77 H25E     1625 1674     B     .114         7      .367   .253
  77 H25E     1775 1824     A     .325         0
  77 H25E     1800 1849     B     .158         1      .557   .399
  78 H20W2    1850 1899     B     .142        -9      .248   .107  weak at every lag
  78 H20W2    1875 1924     B    -.129        -9      .199   .328  weak at every lag
  78 H20W2    1900 1949     B    -.071         3      .278   .348  weak at every lag
  79 H5NNW    1900 1949     B     .494       -10      .520   .026
  84 H17W     1750 1799     B    -.080        -7      .325   .405  weak at every lag
  84 H17W     1775 1824     B     .129         2      .324   .195  weak at every lag
  85 H8NW     1650 1699     A     .263         0
  85 H8NW     1675 1724     A     .261         0
  88 H4SW     1850 1899     B     .026         1      .545   .518
  88 H4SW     1875 1924     B     .127         1      .532   .405
  95 H18N     1700 1749     A     .301         0
  97 H15W     1550 1599     B     .333         5      .402   .069
 103 H3SE     1775 1824     B     .344        10      .421   .077
 107 H11NNW   1650 1699     B    -.097         1      .504   .601
 107 H11NNW   1675 1724     B     .045         1      .345   .300
 110 H18N2    1700 1749     A     .301         0
 115 H26E     1725 1774     B     .163         2      .413   .250
 118 H28SW    1700 1749     B     .339         5      .419   .080
 120 H27Wb    1550 1599     A     .300         0
 134 LJR14W   1375 1424     B     .202         7      .346   .144
 134 LJR14W   1450 1499     B     .257         6      .277   .020  weak at every lag
 134 LJR14W   1475 1524     B     .230         9      .248   .018  weak at every lag
 139 JDH07A    900  949     A     .299         0
 139 JDH07A    925  974     A     .289         0
 140 JDH07B    975 1024     A     .314         0
 141 JDH07C    900  949     B     .220         9      .330   .110
 145 JDH10A   1600 1649     A     .327         0
 145 JDH10A   1750 1799     B     .226        -1      .229   .003  weak at every lag
 146 JDH12B   1750 1799     B     .354         8      .378   .024
 151 JDH17B    900  949     B     .257        -5      .275   .018  weak at every lag
 151 JDH17B    925  974     B     .291         9      .348   .057
 151 JDH17B   1250 1299     A     .280         0
 152 JDH17C    950  999     B     .310        10      .451   .141
 153 JDA01A   -1375 -1326     B     .215        -6      .260   .045  weak at every lag
 153 JDA01A   -1350 -1301     B     .077        -2      .238   .160  weak at every lag
 153 JDA01A   -1325 -1276     B     .078        -1      .255   .177  weak at every lag
 154 JDA01A2  -1350 -1301     B     .125        -2      .274   .149  weak at every lag
 154 JDA01A2  -1325 -1276     B    -.022         1      .336   .358
 157 JDA02A   -425 -376     B     .271         2      .338   .067
 158 JDA02C   -750 -701     A     .293         0
 158 JDA02C   -700 -651     B     .101         9      .331   .230
 158 JDA02C   -675 -626     B     .144         9      .422   .278
 159 JDA02D   -750 -701     B     .331        -8      .335   .005
 160 JDA02E   -500 -451     A     .313         0
 160 JDA02E   -475 -426     A     .306         0
 161 JDA03A    275  324     A     .289         0
 161 JDA03A    325  374     B     .330        -1      .333   .003
 161 JDA03A    350  399     A     .295         0
 162 JDA03B    250  299     B     .195         4      .367   .171
 162 JDA03B    325  374     B     .375        -1      .381   .007
 163 JDA03C    200  249     B     .171        -7      .350   .179
 163 JDA03C    225  274     B     .185        -2      .245   .060  weak at every lag
 163 JDA03C    250  299     B     .075        -3      .244   .168  weak at every lag
 163 JDA03C    500  549     B     .137        -5      .238   .101  weak at every lag
 164 JDA04AA  -425 -376     A     .227         0
 164 JDA04AA  -400 -351     B     .158         4      .313   .155  weak at every lag
 164 JDA04AA   -50   -1     B     .315        10      .523   .208
 165 JDA04A'  -425 -376     B     .212        -8      .287   .074  weak at every lag
 165 JDA04A'  -400 -351     B     .165         4      .386   .221
 165 JDA04A'   -50   -1     B     .386        10      .540   .154
 166 JDA04BA  -525 -476     B     .222        -4      .283   .061  weak at every lag
 166 JDA04BA  -500 -451     A     .301         0
 167 JDA04CA  -950 -901     A     .310         0
 167 JDA04CA  -925 -876     B     .185         3      .298   .113  weak at every lag
 168 JDA04CB  -925 -876     A     .293         0
 169 JDA05AB  -375 -326     A     .309         0
 169 JDA05AB  -300 -251     B     .175        -8      .237   .062  weak at every lag
 169 JDA05AB  -275 -226     A     .300         0
 169 JDA05AB  -100  -51     B     .232        -1      .381   .149
 169 JDA05AB    75  124     B     .221        -3      .225   .005  weak at every lag
 169 JDA05AB   100  149     A     .294         0
 169 JDA05AB   275  324     A     .310         0
 170 JDA05BA     0   49     B     .428        -5      .443   .015
 170 JDA05BA   175  224     B     .402        -9      .465   .062
 170 JDA05BA   250  299     B     .302         6      .330   .028
 170 JDA05BA   675  724     B     .229        10      .457   .228
 170 JDA05BA   700  749     B     .309        10      .394   .085
 172 JDA06A    500  549     A     .317         0
 172 JDA06A    950  999     B     .084        -6      .184   .100  weak at every lag
 174 JDA07A    -75  -26     B     .175        -1      .358   .183
 174 JDA07A      0   49     B     .247        -3      .269   .022  weak at every lag
 174 JDA07A   1350 1399     B     .260       -10      .340   .080
 176 JDA09A   -350 -301     B     .202        -1      .247   .045  weak at every lag
 176 JDA09A      0   49     B     .134         7      .270   .137  weak at every lag
 176 JDA09A     25   74     B     .199         7      .258   .059  weak at every lag
 179 JDA10B   1450 1499     A     .325         0
 182 JDA11C   -375 -326     A     .267         0
 182 JDA11C   -350 -301     A     .324         0
 182 JDA11C   -325 -276     A     .284         0
 183 JDA013A   375  424     A     .324         0
 183 JDA013A   425  474     A     .322         0
 183 JDA013A   500  549     B     .360         5      .360   .000
 183 JDA013A   825  874     B     .184         1      .310   .126  weak at every lag
 183 JDA013A   850  899     B     .289         4      .398   .109
 183 JDA013A   925  974     B     .160         4      .211   .051  weak at every lag
 183 JDA013A   950  999     B     .134         4      .276   .142  weak at every lag
 183 JDA013A   975 1024     A     .307         0
 183 JDA013A  1125 1174     A     .324         0
 183 JDA013A  1150 1199     B     .234        -8      .275   .040  weak at every lag
 184 JDA14AA   225  274     B     .295       -10      .312   .017  weak at every lag
 184 JDA14AA   250  299     A     .311         0
 186 JDA16A    -50   -1     B     .300         6      .302   .002  weak at every lag
 186 JDA16A    100  149     A     .307         0
 186 JDA16A    150  199     B     .378        -4      .386   .008
 186 JDA16A    175  224     B     .246        -4      .306   .060  weak at every lag
 186 JDA16A    200  249     B     .316        -3      .340   .024
 187 JDA17A   -775 -726     B     .105        -1      .508   .402
 187 JDA17A   -700 -651     B     .260         7      .430   .170
 187 JDA17A   -675 -626     B     .210         7      .221   .011  weak at every lag
 187 JDA17A   -650 -601     A     .270         0
 187 JDA17A   -350 -301     A     .311         0
 188 JDA17B   -525 -476     B     .149         2      .268   .120  weak at every lag
 188 JDA17B   -500 -451     B     .107         8      .171   .064  weak at every lag
 188 JDA17B   -475 -426     A     .262         0
 190 JDA019B   625  674     A     .324         0
 190 JDA019B   650  699     A     .320         0
 190 JDA019B   950  999     B     .243         9      .290   .047  weak at every lag
 191 JDA021A  -675 -626     A     .314         0
 191 JDA021A  -525 -476     B     .090         3      .446   .356
 191 JDA021A  -500 -451     A     .256         0
 191 JDA021A  -475 -426     A     .286         0
 191 JDA021A  -450 -401     B     .313         8      .332   .019
 191 JDA021A  -425 -376     A     .238         0
 191 JDA021A  -400 -351     B     .207         5      .261   .054  weak at every lag
 192 JDA022A  -175 -126     B     .321         5      .325   .004  weak at every lag
 193 JDA23BA  1650 1699     A     .328         0
 193 JDA23BA  1675 1724     B    -.087         5      .489   .577
 194 JDA024    200  249     A     .251         0
 194 JDA024    275  324     A     .326         0
 194 JDA024    675  724     B     .293         5      .339   .045
 195 JDA25A    275  324     B     .295         3      .343   .047
 195 JDA25A    350  399     B     .232         9      .242   .010  weak at every lag
 195 JDA25A    375  424     A     .293         0
 196 JDA26A    750  799     A     .304         0
 196 JDA26A    775  824     B     .268        -8      .313   .046  weak at every lag
 197 JDA26C   -300 -251     B     .310        10      .335   .025
 197 JDA26C   -200 -151     A     .275         0
 197 JDA26C   -175 -126     B    -.119       -10      .372   .492
 198 JDA27A    975 1024     A     .302         0
 199 JDA27B    650  699     B     .254        -3      .304   .051  weak at every lag
 199 JDA27B   1000 1049     B     .210         4      .297   .086  weak at every lag
 201 JDA31A   1050 1099     A     .313         0
 201 JDA31A   1075 1124     B     .190        -8      .279   .089  weak at every lag
 201 JDA31A   1325 1374     A     .295         0
 201 JDA31A   1350 1399     B     .210        -7      .339   .130
 202 JDA31B    700  749     B     .274         2      .370   .096
 203 JDA32A    550  599     B     .288         8      .331   .043
 203 JDA32A    575  624     B     .251         8      .433   .181
 203 JDA32A    875  924     B     .319        -5      .338   .019
 204 JDA33A   -375 -326     A     .295         0
 204 JDA33A     25   74     B     .143       -10      .328   .184  weak at every lag
 204 JDA33A     50   99     B     .140        -7      .354   .214
 205 JDA34A    675  724     B     .070         1      .297   .228  weak at every lag
 205 JDA34A    700  749     B     .158         1      .344   .186
 206 JDA35A    725  774     B     .302         2      .312   .011  weak at every lag
 206 JDA35A    750  799     B     .168         2      .196   .028  weak at every lag
 207 JDA37B   -600 -551     A     .324         0
 207 JDA37B   -575 -526     B     .303         3      .409   .106
 207 JDA37B   -550 -501     B     .346         3      .492   .146
 207 JDA37B   -525 -476     B     .162         3      .321   .159  weak at every lag
 207 JDA37B   -500 -451     B     .094         3      .317   .223  weak at every lag
 207 JDA37B   -425 -376     B     .273        -6      .372   .099
 207 JDA37B   -400 -351     B     .193        -6      .287   .094  weak at every lag
 207 JDA37B   -375 -326     A     .325         0
 207 JDA37B   -250 -201     B     .308         1      .382   .074
 208 JDA38A     50   99     A     .243         0
 208 JDA38A     75  124     B     .198        -1      .305   .107  weak at every lag
 208 JDA38A    200  249     B     .103        -7      .245   .142  weak at every lag
 208 JDA38A    225  274     B     .210        10      .213   .002  weak at every lag
 208 JDA38A    250  299     B     .181         4      .318   .137  weak at every lag
 208 JDA38A    275  324     B     .220         7      .275   .054  weak at every lag
 208 JDA38A    350  399     B     .414        -1      .460   .047
 209 JDA39A   -975 -926     B     .214         1      .230   .016  weak at every lag
 209 JDA39A   -950 -901     A     .307         0
 211 JDA39R   -1225 -1176     B     .221         1      .292   .071  weak at every lag
 211 JDA39R   -1025 -976     B     .593        -1      .609   .016
 211 JDA39R   -1000 -951     A     .272         0
 211 JDA39R   -975 -926     B     .260         3      .274   .014  weak at every lag
 211 JDA39R   -750 -701     A     .275         0
 211 JDA39R   -700 -651     B     .237         1      .370   .133
 212 JDA43A'    25   74     A     .326         0
 212 JDA43A'    50   99     A     .321         0
 212 JDA43A'   200  249     A     .320         0
 212 JDA43A'   250  299     B     .262         1      .398   .136
 212 JDA43A'   275  324     B     .248         1      .422   .174
 212 JDA43A'   525  574     B     .231        -3      .484   .253
 213 JDA43A     50   99     B     .260        -3      .305   .046  weak at every lag
 213 JDA43A    200  249     B     .149        -9      .233   .084  weak at every lag
 213 JDA43A    225  274     A     .294         0
 213 JDA43A    275  324     A     .315         0
 213 JDA43A    300  349     A     .308         0
 214 JDA43B     25   74     A     .317         0
 214 JDA43B    100  149     B     .364         4      .431   .068
 214 JDA43B    525  574     B     .283        10      .295   .012  weak at every lag
 214 JDA43B    600  649     B     .161         1      .576   .416
 215 JDA43C   -100  -51     B     .222        -3      .229   .006  weak at every lag
 215 JDA43C     75  124     B     .368        -1      .405   .037
 215 JDA43C    200  249     B     .174       -10      .315   .141  weak at every lag
 215 JDA43C    225  274     B    -.020         5      .238   .258  weak at every lag
 215 JDA43C    250  299     B     .105         1      .401   .296
 215 JDA43C    275  324     B     .306         1      .402   .096
 216 JDA50A   -850 -801     A     .272         0
 216 JDA50A   -825 -776     B     .312         1      .467   .155
 218 JDA53A   -1175 -1126     B     .219         7      .270   .051  weak at every lag
 219 JDA53B   -1175 -1126     B     .260         7      .397   .138
 220 JDA55A   -1125 -1076     B     .062        -5      .216   .154  weak at every lag
 222 JDA57Ab  -1225 -1176     B     .171        -1      .376   .205
 222 JDA57Ab  -1200 -1151     B     .111        -1      .604   .493
 224 JDA59A   -1000 -951     B     .144        -5      .225   .082  weak at every lag
 224 JDA59A   -975 -926     B     .148         1      .337   .189
 224 JDA59A   -825 -776     B     .271        -1      .300   .029  weak at every lag
 225 JDA59B   -525 -476     B     .213         4      .354   .142
 225 JDA59B   -500 -451     A     .283         0
 225 JDA59B   -450 -401     A     .304         0
 229 JDA60A2  -1050 -1001     B     .031        -1      .290   .259  weak at every lag
 229 JDA60A2  -1025 -976     B     .200        -2      .376   .176
 229 JDA60A2  -1000 -951     B     .174        -3      .424   .250
 229 JDA60A2  -975 -926     B     .268        -3      .450   .182
 229 JDA60A2  -825 -776     A     .323         0
 230 JDA60B   -1075 -1026     A     .299         0
 231 JDA61A   -1100 -1051     A     .311         0
 232 JDA62A   -1150 -1101     B     .200         5      .260   .060  weak at every lag
 234 JDA63AB  -1125 -1076     B     .080        -7      .190   .110  weak at every lag
 234 JDA63AB  -975 -926     B     .223         9      .290   .067  weak at every lag
 234 JDA63AB  -950 -901     B     .145         9      .267   .123  weak at every lag
 235 JDA63A   -975 -926     A     .291         0
 235 JDA63A   -950 -901     B     .229         9      .446   .217
 235 JDA63A   -925 -876     B     .265         5      .395   .130
 235 JDA63A   -850 -801     B     .147         5      .241   .094  weak at every lag
 235 JDA63A   -825 -776     A     .251         0
 235 JDA63A   -775 -726     B     .181        -7      .384   .203
 235 JDA63A   -750 -701     B    -.107        -7      .439   .546
 236 JDA63B   -1050 -1001     B     .409        -1      .435   .027
 238 JDA64AA  -175 -126     B     .307        -1      .418   .111
 238 JDA64AA  -150 -101     B     .398        -3      .438   .040
 238 JDA64AA  -100  -51     B     .259         1      .321   .062  weak at every lag
 238 JDA64AA   -75  -26     A     .211         0
 238 JDA64AA   -50   -1     B     .192         8      .259   .067  weak at every lag
 239 JDA70A   -1900 -1851     B     .156       -10      .243   .087  weak at every lag
 239 JDA70A   -1875 -1826     B     .135        -1      .197   .061  weak at every lag
 239 JDA70A   -1850 -1801     B     .151        -1      .347   .196
 239 JDA70A   -1825 -1776     B     .183         6      .224   .041  weak at every lag
 239 JDA70A   -1800 -1751     B     .229         6      .279   .049  weak at every lag
 239 JDA70A   -1700 -1651     B     .203        -5      .263   .060  weak at every lag
 239 JDA70A   -1675 -1626     B     .013       -10      .210   .197  weak at every lag
 239 JDA70A   -1650 -1601     A     .224         0
 240 JDA77BL  -1175 -1126     B     .239        -1      .381   .142
 240 JDA77BL  -1150 -1101     A     .299         0
 240 JDA77BL  -1100 -1051     A     .315         0
 240 JDA77BL  -1075 -1026     B     .272        -1      .323   .052  weak at every lag
 240 JDA77BL  -1000 -951     A     .281         0
 240 JDA77BL  -825 -776     B     .342        -4      .378   .036
 240 JDA77BL  -700 -651     B     .295         7      .307   .012  weak at every lag
 240 JDA77BL  -675 -626     B     .340        -3      .343   .004
 240 JDA77BL  -550 -501     A     .326         0
 240 JDA77BL  -525 -476     A     .327         0
 241 JDA77BS  -1200 -1151     B     .417        -1      .559   .142
 241 JDA77BS  -1175 -1126     A     .278         0
 241 JDA77BS  -1150 -1101     B     .372         7      .373   .000
 241 JDA77BS  -1000 -951     B    -.046        -2      .404   .449
 241 JDA77BS  -975 -926     B     .149         9      .248   .099  weak at every lag
 241 JDA77BS  -800 -751     B     .340        -4      .390   .050
 241 JDA77BS  -775 -726     B     .172        -6      .187   .015  weak at every lag
 241 JDA77BS  -750 -701     B     .111        -7      .498   .387
 242 JDA80AS    25   74     B     .229         9      .312   .083  weak at every lag
 243 JDA80AL   100  149     B     .352        -4      .416   .064
 243 JDA80AL   175  224     A     .246         0
 243 JDA80AL   200  249     B     .216         2      .302   .086  weak at every lag
 244 JDA80AM   100  149     B     .291        -4      .301   .010  weak at every lag
 244 JDA80AM   150  199     A     .319         0
 244 JDA80AM   175  224     B     .228        -9      .291   .063  weak at every lag
 248 JDA82A   -575 -526     B     .276        -3      .276   .000  weak at every lag
 248 JDA82A   -550 -501     A     .263         0
 248 JDA82A   -525 -476     A     .248         0
 248 JDA82A   -500 -451     B     .260         1      .320   .061  weak at every lag
 249 JDA83A1  -1050 -1001     A     .289         0
 253 JDA83BL  -1350 -1301     A     .326         0
 256 JDA83CL  -1175 -1126     A     .299         0
 256 JDA83CL  -900 -851     B     .188        -5      .247   .059  weak at every lag
 256 JDA83CL  -875 -826     B    -.065         1      .405   .470
 258 JDA085A     0   49     B     .032        -8      .339   .307
 259 JDA085B   175  224     B     .320        -1      .422   .102
 259 JDA085B   200  249     B     .143        -5      .355   .212
 259 JDA085B   325  374     B     .277         1      .321   .045  weak at every lag
 259 JDA085B   350  399     B    -.099         1      .249   .348  weak at every lag
 260 JDA085C   400  449     B     .295         1      .295   .001  weak at every lag
 260 JDA085C   425  474     B     .220         1      .358   .138
 260 JDA085C   450  499     B     .041         2      .718   .676
 260 JDA085C   475  524     B    -.161         2      .725   .886
 261 JDA92A    -25   24     B     .287        -3      .292   .006  weak at every lag
 262 JDA92B    125  174     B     .312         4      .360   .048
 262 JDA92B    325  374     A     .291         0
 265 JDA102L   775  824     B     .200         2      .245   .045  weak at every lag
 266 JDA102R   750  799     B     .196        -6      .473   .277
 267 JDA102C   650  699     B    -.064         1      .234   .298  weak at every lag
 267 JDA102C   675  724     B     .087         3      .303   .215  weak at every lag
 267 JDA102C   700  749     B     .323         3      .329   .006
 267 JDA102C   725  774     B     .320         2      .348   .028
 267 JDA102C   750  799     B     .230        -6      .392   .162
 269 JDA200R   500  549     B     .293        -1      .339   .047
 269 JDA200R   550  599     A     .325         0
 269 JDA200R   950  999     B     .323        -1      .396   .073
 269 JDA200R  1125 1174     A     .318         0
 269 JDA200R  1550 1599     B     .097         5      .195   .098  weak at every lag
 270 JDA201L   375  424     B     .194        -1      .296   .102  weak at every lag
 272 JDA201R   375  424     B     .271         5      .403   .132
 273 JDA204    675  724     B    -.056        -2      .206   .263  weak at every lag
 273 JDA204    700  749     B    -.023        -6      .285   .308  weak at every lag
 273 JDA204    725  774     B    -.205        -1      .233   .438  weak at every lag
 273 JDA204    750  799     B    -.355         9      .227   .582  weak at every lag
 273 JDA204    775  824     B    -.016        -1      .215   .231  weak at every lag
 273 JDA204    800  849     B     .195         4      .277   .083  weak at every lag
 273 JDA204   1050 1099     B     .055        -1      .292   .237  weak at every lag
 273 JDA204   1075 1124     B     .083        -2      .508   .425
 274 JDA206   1200 1249     B     .066        -3      .269   .203  weak at every lag
 274 JDA206   1225 1274     B     .189         4      .199   .009  weak at every lag
 274 JDA206   1325 1374     A     .297         0
 275 JDA209   1275 1324     B     .246         1      .383   .138
 275 JDA209   1300 1349     B     .329         2      .335   .007
 275 JDA209   1475 1524     B     .217        -9      .257   .040  weak at every lag
 275 JDA209   1500 1549     B     .082        -9      .289   .206  weak at every lag
 276 JDA210A  1225 1274     B     .404        -7      .425   .021
 277 JDA211   1075 1124     A     .309         0
 277 JDA211   1100 1149     B    -.078         1      .340   .418
 277 JDA211   1125 1174     B     .037         1      .375   .338
 277 JDA211   1150 1199     A     .256         0
 277 JDA211   1200 1249     A     .312         0
 277 JDA211   1225 1274     B     .188         9      .262   .074  weak at every lag
 277 JDA211   1250 1299     B     .059        10      .383   .324
 277 JDA211   1275 1324     A     .274         0
 277 JDA211   1550 1599     A     .325         0
 278 JDA213A   975 1024     A     .317         0
 279 JDA302L   525  574     B    -.125       -10      .264   .389  weak at every lag
 279 JDA302L   550  599     B     .123        -1      .225   .102  weak at every lag
 279 JDA302L   600  649     B     .433        -6      .532   .099
 279 JDA302L   700  749     B     .420         7      .457   .037
 279 JDA302L   725  774     B     .323        10      .337   .014
 280 JDA302R   525  574     B    -.133       -10      .208   .342  weak at every lag
 280 JDA302R   550  599     B    -.186       -10      .372   .558
 280 JDA302R   575  624     A     .196         0
 280 JDA302R   675  724     A     .238         0
 280 JDA302R   700  749     B     .133        10      .294   .161  weak at every lag
 281 JDA302C   525  574     B    -.034        -9      .262   .296  weak at every lag
 281 JDA302C   550  599     B    -.127        -9      .351   .478
 282 JDA310A   150  199     B     .372        10      .417   .045
 282 JDA310A   175  224     B     .346        10      .375   .030
 282 JDA310A   200  249     B     .228         1      .350   .122
 282 JDA310A   400  449     B     .246        -5      .283   .037  weak at every lag
 282 JDA310A   425  474     B     .241         3      .265   .025  weak at every lag
 283 JD316AA  -225 -176     B     .103        10      .272   .169  weak at every lag
 283 JD316AA   -75  -26     B     .267        -9      .338   .071
 283 JD316AA   -50   -1     A     .291         0
 285 JD316AC     0   49     B     .507        -5      .516   .009
 285 JD316AC   325  374     A     .287         0
 287 JD316AE   200  249     B     .231         7      .290   .058  weak at every lag
 287 JD316AE   225  274     B     .283       -10      .296   .013  weak at every lag
 287 JD316AE   425  474     B     .180        -3      .244   .064  weak at every lag

 DESCRIPTIVE STATISTICS: ausl053
-----------------------------------------------------------------------------------------------------------------------------------

                                                Corr   //-------- Unfiltered --------\\  //-- dplR filtered --\\
                           No.    No.    No.    with   Mean   Max     Std   Auto   Mean   Max     Std   Auto  AR
 Seq Series   Interval   Years  Segmt  Flags   Master  msmt   msmt    dev   corr   sens  value    dev   corr  ()
 --- -------- ---------  -----  -----  -----   ------ -----  -----  -----  -----  -----  -----  -----  -----  --
   1 LJH01A    779 1182    404     14      0    .651    .24    .52   .071   .671   .188   1.61   .189   .004   2
   2 LJH01B    779 1670    892     33      1    .667    .21    .66   .087   .785   .220   1.81   .217   .007   1
   3 LJH03A   1258 1988    731     27      0    .670    .22    .39   .061   .679   .176   1.54   .167  -.006   3
   4 LJH04A   1294 1988    695     26      0    .620    .24    .49   .062   .665   .166   1.50   .161  -.013   3
   5 LJH04B   1294 1775    482     18      0    .611    .18    .52   .083   .856   .200   1.82   .202  -.002   1
   6 LJH04C    907 1689    783     29      3    .601    .19    .54   .077   .817   .201   2.03   .201  -.002   3
   7 LJH04D    911 1154    244      8      0    .579    .37    .66   .082   .687   .127   1.66   .142   .011   1
   8 LJH04F    964 1500    537     20      0    .702    .22    .56   .096   .843   .178   1.85   .184   .002   1
   9 LJH05A   1338 1988    651     24      1    .609    .22    .67   .142   .927   .193   1.67   .190   .002   1
  10 LJH05B   1133 1988    856     32      0    .674    .22    .64   .114   .898   .182   1.58   .181  -.001   3
  11 LJH05C   1180 1988    809     30      0    .662    .33    .75   .117   .821   .166   1.69   .167  -.012   1
  12 LJH05D    975 1580    606     22      2    .530    .21    .50   .093   .865   .177   1.56   .180   .006   1
  13 LJH05E    975 1342    368     12      0    .528    .37    .90   .190   .904   .178   1.64   .176  -.005   2
  14 LJH05E2  1244 1893    650     24      0    .623    .28    .72   .151   .930   .159   1.54   .162   .007   1
  15 LJH06A   1277 1988    712     26      1    .642    .31    .84   .126   .817   .202   2.17   .202  -.004   1
  16 LJH06B   1277 1988    712     26      0    .714    .25    .48   .073   .734   .174   1.48   .166  -.002   1
  17 LJH07A   1250 1988    739     27      1    .672    .27    .64   .081   .704   .190   1.78   .179  -.010   3
  18 LJH07B   1228 1988    761     28      0    .573    .20    .54   .092   .868   .207   1.84   .206   .001   2
  19 LJH07C   1250 1473    224      6      0    .516    .26    .39   .057   .610   .152   1.98   .163   .008   1
  20 LJH07D   1228 1567    340     11      0    .651    .28    .52   .069   .717   .151   1.56   .153  -.019   1
  21 LJH08A   1228 1988    761     28      0    .638    .25    .65   .090   .767   .183   1.79   .182   .010   1
  22 LJH08B   1228 1499    272      9      0    .576    .25    .58   .081   .767   .169   1.63   .178   .022   1
  23 LJH09A   1409 1955    547     20      0    .641    .17    .31   .055   .702   .199   1.75   .188  -.001   1
  24 LJH09B   1409 1958    550     20      0    .705    .22    .46   .075   .795   .179   1.52   .169  -.009   3
  25 LJH09C   1352 1988    637     23      0    .632    .23    .43   .066   .729   .171   1.54   .161  -.006   3
  26 LJH10A   1257 1900    644     24      2    .572    .18    .48   .066   .779   .217   1.74   .201  -.006   3
  27 LJH10B   1257 1662    406     14      0    .636    .30    .54   .065   .653   .146   1.51   .145   .014   1
  28 LJH10C   1309 1900    592     22      0    .654    .18    .56   .081   .869   .191   1.52   .187  -.000   3
  29 LJH10E   1309 1988    680     25      0    .661    .17    .34   .053   .706   .203   1.66   .190  -.002   3
  30 LJH12A   1600 1941    342     11      2    .529    .27    .60   .086   .758   .170   1.51   .175  -.001   3
  31 LJH12B   1573 1982    410     14      1    .595    .24    .47   .063   .671   .164   1.66   .167  -.012   3
  32 LJH12C   1641 1988    348     12      2    .580    .25    .67   .090   .788   .179   1.68   .177  -.011   3
  33 LJH13A   1415 1988    574     21      0    .629    .25    .69   .083   .772   .172   1.48   .178   .009   2
  34 LJH13B   1228 1680    453     16      0    .632    .37    .68   .109   .803   .144   1.49   .147   .005   2
  35 LJH13C   1415 1662    248      8      0    .647    .28    .53   .077   .822   .133   1.35   .129  -.012   1
  36 LJH15A    939 1940   1002     38      0    .596    .18    .54   .081   .857   .203   1.61   .196  -.003   1
  37 LJH20B   1250 1848    599     21      0    .645    .19    .40   .057   .708   .188   1.75   .184  -.004   3
  38 LJH30A   1250 1988    739     27      0    .686    .22    .49   .057   .628   .179   1.54   .174   .003   1
  39 LJUP1A   1193 1993    801     30      0    .690    .32    .81   .106   .818   .157   1.60   .163   .010   1
  40 LJUP2A   1261 1999    739     28      0    .667    .31    .68   .096   .817   .148   1.70   .154   .005   1
  41 LJUP2B   1578 1999    422     15      0    .687    .19    .44   .070   .749   .223   1.58   .213  -.003   3
  42 LJUP3A    993 1683    691     26      0    .776    .19    .39   .066   .690   .219   1.65   .212  -.003   2
  43 LJUP4    1748 1999    252      9      0    .647    .27    .48   .066   .634   .173   1.47   .171   .022   1
  44 LJUP5    1163 1899    737     28      0    .642    .25   1.09   .087   .805   .160   1.65   .169  -.003   3
  45 LJUP06   1359 1999    641     24      0    .513    .18    .50   .065   .803   .195   1.61   .186  -.007   3
  46 LJUP07A  1746 1999    254      9      0    .621    .27    .53   .077   .486   .241   1.44   .209  -.009   2
  47 LJUP07B  1798 1999    202      7      0    .650    .24    .49   .074   .619   .231   1.85   .224   .016   1
  48 LJUP8A   1405 1999    595     22      0    .711    .24    .50   .077   .705   .215   1.59   .201   .005   2
  49 LJUP09A  1371 1999    629     24      1    .629    .15    .30   .052   .611   .274   1.74   .244  -.025   0
  50 LJUP9C   1172 1999    827                          .21    .45   .060   .678   .189                         
  51 LJUP10B  1452 1999    548     20      1    .625    .20    .63   .069   .714   .212   2.00   .221  -.009   3
  52 LJUP11A  1773 1999    227      8      0    .736    .22    .71   .102   .798   .276   1.62   .253   .007   2
  53 LJUP12   1479 1999    521     19      1    .682    .35    .60   .085   .666   .163   1.49   .163  -.005   3
  54 LJUP12B  1458 1999    542     20      1    .656    .29    .65   .108   .813   .190   1.63   .197   .005   3
  55 LJUP13A  1460 1999    540     20      0    .679    .18    .56   .076   .782   .238   1.53   .221   .005   2
  56 LJUP13B  1277 1999    723     27      0    .683    .36    .99   .162   .915   .150   1.57   .151  -.008   1
  57 LJUP14A  1439 1999    561     21      0    .642    .26    .50   .069   .681   .183   1.80   .182  -.003   3
  58 LJUP15A  1747 1999    253      9      0    .642    .29   1.06   .115   .839   .161   1.83   .182  -.044   1
  59 LJUP15B  1746 1999    254      9      0    .755    .39    .64   .096   .726   .155   1.50   .155   .018   1
  60 LJUP16   1481 1999    519     19      0    .699    .24    .70   .079   .649   .211   1.94   .204  -.004   1
  61 LJUP16A  1539 1999    461     17      0    .752    .25    .56   .076   .761   .169   1.50   .172   .002   3
  62 LJUP17   1568 1999    432     16      1    .639    .19    .48   .067   .678   .227   1.70   .222  -.007   3
  63 LJUP18   1840 1999    160      5      0    .790    .31    .77   .081   .614   .171   1.58   .182   .059   1
  64 H24NNE   1586 2009    424     15      0    .623    .20    .43   .070   .783   .196   1.59   .181  -.004   2
  65 H21SE    1179 1774    596     22      4    .480    .18    .64   .100   .918   .191   1.97   .196  -.002   3
  66 H5SSE    1817 2001    185      6      0    .485    .32    .93   .157   .813   .235   1.62   .222   .009   1
  67 H12NE    1747 2009    263      9      1    .676    .30    .67   .088   .586   .227   1.53   .206   .053   0
  68 H16SE    1443 1799    357     13      3    .407    .16    .42   .067   .821   .205   2.18   .216   .004   3
  69 H7N      1320 1769    450     16      2    .579    .17    .41   .081   .824   .259   2.46   .264  -.020   3
  70 H7NNW    1370 1949    580     22      0    .668    .19    .40   .068   .715   .222   1.96   .216   .036   0
  71 H22SE    1538 1829    292     10      1    .533    .20    .45   .060   .552   .215   2.06   .223  -.007   1
  72 H10E     1497 2009    513     19      2    .531    .19    .63   .077   .778   .240   1.69   .225   .008   1
  73 H6NNW    1630 2009    380     13      1    .536    .22    .46   .087   .832   .200   1.78   .203  -.004   2
  74 H28NE    1675 2009    335     11      2    .526    .20    .54   .077   .748   .219   1.82   .217  -.005   3
  75 H27NW    1551 1779    229      7      0    .691    .26    .63   .064   .515   .177   1.84   .177   .008   1
  76 H22E     1573 1899    327     11      1    .623    .23    .46   .071   .611   .213   1.76   .195  -.004   3
  77 H25E     1340 2003    664     25      5    .458    .20    .45   .081   .810   .218   1.76   .209  -.010   3
  78 H20W2    1222 2009    788     30      3    .569    .25    .68   .103   .852   .180   1.76   .183   .005   1
  79 H5NNW    1818 2009    192      6      1    .694    .38    .72   .129   .726   .226   1.56   .212   .004   2
  80 H5wb     1832 2009    178      5      0    .647    .23    .46   .078   .693   .228   1.86   .215  -.014   3
  81 H26NW    1764 1986    223      7      0    .705    .23   1.05   .122   .838   .221   1.48   .214   .007   1
  82 H20W     1433 1859    427     15      0    .709    .27    .55   .098   .822   .174   1.52   .167   .014   1
  83 H11N     1690 1959    270      9      0    .687    .20    .36   .061   .561   .243   1.92   .224  -.004   3
  84 H17W     1543 1949    407     15      2    .488    .13    .26   .045   .590   .291   1.80   .270  -.011   3
  85 H8NW     1339 2003    665     25      2    .637    .27    .57   .086   .679   .201   1.73   .197   .003   1
  86 H25N     1570 2009    440     16      0    .689    .32    .82   .101   .726   .177   1.49   .175   .015   1
  87 H4NE     1850 2009    160      4      0    .576    .26    .48   .089   .759   .209   1.58   .208   .016   1
  88 H4SW     1790 2009    220      7      2    .371    .38    .71   .098   .686   .162   1.55   .164   .002   3
  89 H4SE     1848 2009    162      5      0    .573    .46    .73   .117   .720   .149   1.47   .155   .007   2
  90 H14SW    1550 2009    460     16      0    .570    .20    .72   .096   .870   .202   1.64   .194  -.019   3
  91 H124SW   1576 2008    433     15      0    .642    .18    .61   .082   .853   .222   1.93   .216  -.009   3
  92 H24W     1610 2009    400     14      0    .649    .20    .40   .060   .636   .203   1.80   .193   .001   3
  93 H18E     1730 2009    280      9      0    .565    .29    .63   .078   .736   .156   1.55   .163  -.019   3
  94 H18W     1718 2009    292     10      0    .620    .28    .57   .077   .635   .177   1.53   .170  -.025   3
  95 H18N     1690 2009    320     11      1    .539    .29    .64   .073   .620   .170   1.56   .160  -.001   3
  96 H10W     1617 2009    393     14      0    .562    .28    .55   .081   .708   .196   1.64   .190  -.008   1
  97 H15W     1450 2009    560     20      1    .624    .19    .50   .072   .753   .225   2.46   .233  -.004   3
  98 H7S      1550 2009    460     16      0    .718    .26    .45   .064   .687   .156   1.44   .146  -.000   3
  99 H27NE    1641 2009    369     13      0    .750    .30    .69   .090   .783   .157   1.52   .166  -.015   1
 100 H25E2    1550 2009    460     16      0    .705    .35    .62   .085   .662   .162   1.61   .167  -.002   3
 101 H20E     1220 2009    790     30      0    .658    .26    .60   .082   .725   .188   1.75   .186  -.005   3
 102 H3SW     1809 2009    201      6      0    .592    .37    .72   .114   .849   .135   1.35   .133  -.006   1
 103 H3SE     1750 2009    260      8      1    .503    .39   1.13   .173   .922   .138   1.52   .138   .002   1
 104 H5wa     1834 2009    176      5      0    .727    .36    .65   .102   .629   .220   1.53   .203   .013   1
 105 H6N      1670 2009    340     12      0    .586    .23    .46   .096   .840   .212   1.72   .205  -.009   2
 106 H10NW    1640 2009    370     13      0    .686    .30    .71   .087   .754   .175   1.64   .173  -.003   3
 107 H11NNW   1509 2009    501     18      2    .637    .19    .41   .071   .731   .239   1.71   .223   .006   1
 108 H18E2    1730 2009    280      9      0    .565    .29    .63   .078   .736   .156   1.55   .163  -.019   3
 109 H18W2    1718 2009    292     10      0    .620    .28    .57   .077   .635   .177   1.53   .170  -.025   3
 110 H18N2    1690 2009    320     11      1    .539    .29    .64   .073   .620   .170   1.56   .160  -.001   3
 111 H19SE    1828 2009    182      5      0    .459    .58   1.36   .258   .911   .154   1.74   .159  -.009   1
 112 H19NNE   1830 2009    180      5      0    .574    .34    .71   .089   .710   .154   1.42   .148  -.017   1
 113 H23ENE   1580 2009    430     15      0    .645    .21    .39   .049   .617   .176   1.55   .174   .005   3
 114 H25N2    1680 2001    322     11      0    .694    .37    .70   .123   .792   .177   1.59   .171  -.019   3
 115 H26E     1710 2009    300     10      1    .619    .39   1.00   .118   .778   .158   1.47   .164  -.001   3
 116 H26NNE   1650 2009    360     12      0    .681    .38    .94   .128   .802   .166   1.46   .173  -.014   1
 117 H28NNW   1800 2009    210      6      0    .698    .25    .56   .079   .705   .203   1.53   .195  -.012   1
 118 H28SW    1662 2009    348     12      1    .552    .23    .54   .101   .807   .222   1.70   .218   .019   1
 119 Hunk     1550 2009    460     16      0    .568    .24    .65   .096   .865   .170   1.87   .181   .022   3
 120 H27Wb    1387 1764    378     13      1    .638    .24    .74   .091   .772   .190   1.88   .194   .019   1
 121 H16N     1398 2001    604     22      0    .531    .19    .45   .075   .837   .190   1.71   .187  -.009   3
 122 H27Wa    1500 1799    300     10      0    .651    .14    .29   .057   .731   .259   1.98   .251  -.000   1
 123 H17NE    1541 1839    299     10      0    .644    .19    .39   .044   .549   .173   1.64   .159   .002   3
 124 H21N     1243 1599    357     13      0    .586    .27    .52   .113   .922   .133   1.54   .145   .010   1
 125 H6S      1600 2008    409     14      0    .662    .17    .36   .056   .692   .219   1.96   .208   .009   1
 126 H22W     1500 1970    471     16      0    .602    .24    .51   .072   .647   .191   3.03   .217   .039   1
 127 LJR02N   1360 1990    631     23      0    .668    .26    .65   .107   .871   .173   1.51   .173  -.007   1
 128 LJR02E   1696 1990    295     10      0    .736    .26    .54   .069   .705   .160   1.52   .166   .017   1
 129 LJR02S   1575 1990    416     14      0    .722    .19    .37   .061   .736   .195   1.50   .190  -.007   3
 130 LJR07N   1463 1990    528     19      0    .678    .23    .50   .069   .685   .200   1.53   .196  -.018   1
 131 LJR09NS  1626 1990    365     12      0    .614    .18    .45   .065   .771   .203   1.56   .201  -.001   3
 132 LJR09W   1550 1990    441     15      0    .597    .22    .49   .070   .752   .180   1.52   .181   .021   1
 133 LJR13W   1400 1990    591     21      0    .713    .25    .49   .071   .716   .170   1.48   .167  -.025   3
 134 LJR14W   1360 1990    631     23      3    .461    .17    .36   .062   .802   .191   1.58   .189  -.015   3
 135 LJR15N   1629 1990    362     12      0    .698    .30    .52   .088   .718   .181   1.82   .176   .008   1
 136 LJR17E   1747 1990    244      8      0    .681    .28    .53   .084   .620   .223   1.41   .204   .006   1
 137 LJR17W   1759 1990    232      7      0    .696    .24    .53   .089   .750   .218   1.54   .220  -.001   1
 138 JDH06C   1200 1988    789     29      0    .681    .26    .63   .087   .782   .189   1.67   .189  -.007   1
 139 JDH07A    866 1957   1092     42      2    .658    .26    .75   .127   .875   .190   1.94   .200   .009   1
 140 JDH07B    890 1902   1013     39      1    .670    .24    .71   .096   .822   .198   1.71   .202  -.007   3
 141 JDH07C    865 1561    697     26      1    .663    .19    .53   .077   .771   .214   1.80   .225   .012   1
 142 JDH08A   1770 1988    219      7      0    .679    .24    .50   .070   .679   .179   1.76   .193   .014   1
 143 JDH09C   1165 1900    736     28      0    .650    .26    .57   .092   .819   .169   1.72   .175  -.006   3
 144 JDH09D    997 1959    963     37      0    .671    .28    .74   .093   .813   .170   1.64   .177  -.005   3
 145 JDH10A   1518 1969    452     16      2    .533    .24    .51   .089   .775   .220   2.55   .229  -.012   1
 146 JDH12B   1190 1920    731     27      1    .583    .23    .73   .067   .743   .169   1.73   .164   .000   1
 147 JDH13    1365 1952    588     22      0    .639    .27    .51   .070   .755   .148   1.61   .151   .001   2
 148 JDH14A   1047 1950    904     35      0    .654    .23    .49   .076   .768   .186   1.77   .186   .009   1
 149 JDH14B   1080 1952    863                          .26    .70   .100   .832   .174                         
 150 JDH17A   1026 1800    775     29      0    .681    .23    .51   .073   .729   .184   1.64   .176  -.000   2
 151 JDH17B    895 1768    874     33      3    .565    .21    .47   .066   .701   .198   1.67   .196   .006   1
 152 JDH17C    888 1078    191      6      1    .581    .17    .34   .046   .621   .177   1.58   .174   .009   2
 153 JDA01A   -1400 -1105    296      9      3    .227    .35   1.09   .208   .892   .208   2.00   .225   .006   3
 154 JDA01A2  -1394 -472    923     35      2    .546    .34    .94   .151   .841   .199   2.02   .204  -.007   3
 155 JDA001B  -1270 -812    459     16      0    .577    .39    .72   .100   .694   .163   1.43   .158   .026   1
 156 JDA001A  -1300 -440    861     32      0    .670    .41   1.06   .130   .790   .164   1.64   .169  -.005   3
 157 JDA02A   -600 -102    499     17      1    .641    .39    .87   .105   .754   .146   1.63   .155  -.009   3
 158 JDA02C   -768 -529    240      7      3    .290    .24    .71   .098   .805   .202   1.71   .210   .006   1
 159 JDA02D   -800 -616    185      5      1    .302    .25    .74   .137   .910   .209   1.70   .221  -.002   2
 160 JDA02E   -604 -171    434     16      2    .523    .42   1.05   .135   .791   .157   1.59   .165   .004   2
 161 JDA03A    263 1279   1017     39      3    .554    .27    .70   .110   .831   .184   1.95   .196  -.003   3
 162 JDA03B    211 1216   1006     38      2    .557    .28    .64   .114   .851   .188   1.91   .196  -.006   3
 163 JDA03C    134 1016    883     33      4    .438    .25    .47   .079   .773   .184   1.83   .186   .000   3
 164 JDA04AA  -550  299    850     32      3    .518    .23    .74   .125   .872   .211   1.69   .207  -.012   3
 165 JDA04A'  -554   69    624     23      3    .535    .26    .73   .129   .863   .209   1.70   .211  -.012   3
 166 JDA04BA  -550  -18    533     19      2    .567    .22    .78   .101   .862   .202   1.57   .206   .001   2
 167 JDA04CA  -1202 -646    557     21      2    .501    .24    .58   .092   .724   .228   1.91   .233  -.014   1
 168 JDA04CB  -1210 -717    494     18      1    .480    .34    .72   .102   .739   .164   1.65   .174  -.019   3
 169 JDA05AB  -400  624   1025     39      7    .450    .17    .42   .055   .755   .187   1.71   .190  -.004   1
 170 JDA05BA   -75  846    922     34      5    .503    .15    .49   .060   .789   .193   2.14   .213  -.010   3
 171 JDA05BB   100  511    412     14      0    .560    .20    .63   .088   .818   .185   1.71   .204   .001   2
 172 JDA06A    393 1347    955     36      2    .568    .42   1.51   .195   .889   .170   1.89   .183  -.011   3
 173 JDA06B    621  805    185      6      0    .569    .41   1.09   .172   .875   .151   1.41   .152  -.017   3
 174 JDA07A   -139 1410   1550     60      3    .503    .18    .56   .074   .831   .204   2.04   .211  -.004   3
 175 JDA08A   -1004 -354    651     24      0    .640    .24    .52   .093   .753   .223   1.56   .218   .001   2
 176 JDA09A   -360  699   1060     41      3    .485    .39   1.26   .171   .876   .170   1.82   .180  -.011   3
 177 JDA09B   -348   45    394     13      0    .496    .23    .54   .089   .838   .176   1.80   .182  -.009   3
 178 JDA10A   1041 1622    582     21      0    .620    .23    .54   .093   .770   .217   2.01   .220   .001   1
 179 JDA10B   1030 1499    470     17      1    .578    .19    .46   .076   .671   .255   1.95   .260   .000   2
 180 JDA11A   -388 1005    995                          .19    .48   .069   .733   .214                         
 181 JDA11B   -289  507    797     30      0    .518    .23    .65   .101   .841   .205   1.74   .214   .003   1
 182 JDA11C   -388 -100    289     10      3    .334    .24    .51   .096   .766   .215   1.94   .239   .005   1
 183 JDA013A   350 1249    900     34     10    .359    .40   2.46   .229   .808   .212   3.75   .250  -.014   3
 184 JDA14AA   -50  569    620     22      2    .488    .31    .74   .100   .785   .166   1.77   .173   .002   1
 185 JDA15A   -950 -590    361     12      0    .535    .20    .46   .075   .758   .217   1.73   .220   .022   1
 186 JDA16A   -203  307    511     19      5    .428    .22    .45   .082   .794   .195   1.85   .199  -.004   3
 187 JDA17A   -785 -301    485     18      5    .368    .26    .81   .118   .830   .213   2.19   .230   .002   3
 188 JDA17B   -745 -315    431     15      3    .426    .31    .73   .111   .813   .183   1.66   .189  -.024   3
 189 JDA18A    300  837    538     19      0    .597    .32    .73   .104   .815   .154   1.50   .161  -.006   2
 190 JDA019B   380  999    620     23      3    .468    .27    .82   .115   .839   .186   1.86   .197  -.005   3
 191 JDA021A  -700   80    781     29      7    .476    .30    .79   .123   .836   .184   1.74   .192  -.007   3
 192 JDA022A  -209  441    651     24      1    .562    .22    .47   .080   .858   .159   1.52   .167  -.015   1
 193 JDA23BA   717 1730   1014     39      2    .627    .25    .47   .085   .811   .175   1.79   .167  -.004   3
 194 JDA024     73  823    751     28      3    .490    .30    .74   .119   .821   .183   1.65   .190  -.000   1
 195 JDA25A    263  964    702     26      3    .511    .30   1.33   .173   .921   .168   1.81   .182   .004   1
 196 JDA26A   -173  887   1061     40      2    .531    .22    .56   .077   .786   .178   1.63   .179  -.006   3
 197 JDA26C   -317  343    661     24      3    .472    .21    .50   .081   .791   .207   1.91   .212  -.006   3
 198 JDA27A    557 1197    641     23      1    .509    .27    .82   .135   .911   .167   1.84   .182  -.001   3
 199 JDA27B    499 1049    551     20      2    .424    .29    .83   .131   .896   .166   1.83   .177  -.009   3
 200 JDA29A   -199  349    549     20      0    .521    .27   1.03   .097   .705   .193   2.14   .208  -.010   3
 201 JDA31A    988 1399    412     15      4    .483    .46   2.04   .245   .875   .187   1.98   .213  -.015   3
 202 JDA31B    690 1199    510     19      1    .582    .25    .57   .095   .822   .177   1.82   .192   .000   3
 203 JDA32A    480  949    470     17      3    .460    .19    .43   .065   .735   .196   1.62   .194  -.000   2
 204 JDA33A   -400  301    702     26      3    .554    .20    .48   .073   .777   .190   2.06   .197  -.000   3
 205 JDA34A    300  749    450     16      2    .490    .38   1.01   .180   .916   .150   1.85   .172  -.008   3
 206 JDA35A    672 1349    678     26      2    .507    .20    .69   .112   .884   .205   1.68   .208  -.004   3
 207 JDA37B   -649 -201    449     16      9    .358    .22    .57   .080   .798   .193   1.77   .201   .027   1
 208 JDA38A      0  830    831     31      7    .479    .22    .49   .085   .852   .175   1.64   .177   .008   1
 209 JDA39A   -1230 -726    505     19      2    .500    .25    .68   .102   .808   .206   1.77   .201  -.008   3
 210 JDA39L   -1240 -771    470     17      0    .562    .20    .41   .061   .571   .239   1.85   .235  -.026   3
 211 JDA39R   -1240 -651    590     22      6    .433    .21    .57   .092   .812   .219   1.68   .214   .003   1
 212 JDA43A'  -150  879   1030     39      6    .499    .28    .66   .116   .839   .182   1.93   .185  -.008   3
 213 JDA43A   -136  549    686     26      5    .522    .23    .53   .082   .738   .210   1.84   .213  -.000   3
 214 JDA43B   -343  649    993     38      4    .490    .32    .71   .119   .790   .191   1.62   .198  -.008   3
 215 JDA43C   -233  469    703     26      6    .460    .27    .73   .118   .857   .174   1.61   .179  -.018   3
 216 JDA50A   -1022 -755    268      8      2    .467    .21    .45   .083   .781   .210   1.59   .213  -.011   3
 217 JDA50B   -1022 -830    193      5      0    .544    .25    .61   .111   .825   .233   1.50   .229  -.008   3
 218 JDA53A   -1224 -638    587     21      1    .554    .29    .90   .124   .753   .239   1.62   .238   .011   1
 219 JDA53B   -1183 -652    532     19      1    .599    .30    .98   .126   .776   .227   1.65   .231   .013   1
 220 JDA55A   -1150 -960    191      5      1    .421    .15    .33   .074   .804   .254   1.59   .255   .018   1
 221 JDA57A   -1009 -828    182      5      0    .662    .23    .44   .075   .610   .238   1.51   .224   .003   3
 222 JDA57Ab  -1266 -956    311     10      2    .497    .20    .43   .064   .660   .225   1.73   .224  -.009   3
 223 JDA57AA  -1296 -932    365     12      0    .529    .16    .41   .057   .647   .249   1.65   .245  -.016   3
 224 JDA59A   -1096 -766    331     11      3    .408    .20    .57   .106   .754   .311   1.91   .309  -.011   3
 225 JDA59B   -713 -360    354     12      3    .497    .25    .52   .095   .685   .259   1.73   .258  -.016   1
 226 JDA59C   -1096 -805    292      9      0    .455    .19    .43   .076   .549   .306   1.99   .312   .009   1
 227 JDA59D   -705 -328    378     13      0    .493    .17    .37   .063   .708   .215   1.95   .224  -.014   1
 228 JDA60A   -1050 -762    289      9      0    .521    .18    .45   .073   .668   .262   1.81   .275   .003   1
 229 JDA60A2  -1070 -758    313     10      5    .269    .16    .35   .060   .680   .257   1.91   .254   .027   1
 230 JDA60B   -1083 -757    327     11      1    .447    .17    .41   .071   .678   .261   1.69   .267  -.006   1
 231 JDA61A   -1119 -907    213      6      1    .396    .27    .76   .147   .817   .258   2.20   .274  -.001   3
 232 JDA62A   -1340 -1090    251      8      1    .387    .25    .78   .130   .869   .226   1.95   .244   .012   3
 233 JDA63AA  -1027 -607    421     14      0    .491    .17    .44   .066   .757   .218   1.74   .225  -.007   3
 234 JDA63AB  -1147 -635    513     18      3    .413    .17    .60   .085   .809   .246   2.05   .261  -.008   3
 235 JDA63A   -1213 -701    513     19      7    .355    .25    .72   .125   .836   .240   1.78   .242   .001   3
 236 JDA63B   -1153 -988    166      5      1    .513    .21    .61   .109   .749   .285   1.87   .290   .029   3
 237 JDA63C   -790 -570    221      7      0    .489    .20    .53   .089   .796   .220   1.70   .236  -.017   3
 238 JDA64AA  -387   18    406     14      5    .447    .14    .37   .065   .800   .245   1.79   .245  -.023   3
 239 JDA70A   -2145 -1476    670     16      8    .325    .30    .90   .153   .883   .196   1.66   .201  -.016   3
 240 JDA77BL  -1222 -471    752     28     10    .426    .23    .74   .132   .867   .221   1.87   .222  -.011   3
 241 JDA77BS  -1220 -672    549     20      8    .367    .21    .57   .116   .832   .264   1.92   .262  -.005   3
 242 JDA80AS  -192   81    274      9      1    .467    .14    .41   .068   .804   .244   1.68   .253   .008   1
 243 JDA80AL  -192  293    486     17      3    .430    .23    .99   .152   .858   .280   2.03   .294  -.003   3
 244 JDA80AM  -157  277    435     16      3    .500    .25    .85   .155   .871   .264   2.22   .275  -.006   3
 245 JDA81A   -1621 -1301    321     11      0    .670    .27    .75   .107   .740   .216   2.00   .232  -.011   3
 246 JDA081B  -1621 -1301    321     11      0    .606    .25   1.08   .128   .828   .226   1.63   .232  -.020   3
 247 JDA081C  -1621 -1301    321     11      0    .655    .21    .60   .087   .796   .222   1.68   .220  -.003   2
 248 JDA82A   -601   39    641     23      4    .479    .23    .79   .118   .909   .182   1.69   .190  -.022   3
 249 JDA83A1  -1563 -990    574     21      1    .574    .22    .68   .102   .811   .220   1.83   .227  -.017   3
 250 JDA83A2  -1563 -1153    411     14      0    .586    .23    .59   .086   .721   .223   1.82   .228  -.011   3
 251 JDA83A3  -1533 -1257    277      9      0    .595    .19    .48   .067   .742   .198   1.63   .204  -.020   2
 252 JDA83B   -1918 -1370    549     20      0    .644    .30    .79   .131   .889   .169   1.94   .177  -.001   2
 253 JDA83BL  -1919 -1294    626     23      1    .523    .26    .77   .146   .928   .193   1.93   .204  -.008   1
 254 JDA83BS  -1898 -1690    209      6      0    .480    .34    .60   .115   .815   .172   1.55   .178   .000   3
 255 JDA83CS  -1286 -1024    263      9      0    .434    .18    .31   .064   .782   .196   1.40   .186  -.028   3
 256 JDA83CL  -1194 -818    377     13      3    .418    .15    .33   .074   .893   .204   1.50   .192  -.008   1
 257 JDA83C1  -1854 -1051    734                          .19    .64   .101   .887   .199                         
 258 JDA085A   -22  311    334     11      1    .390    .19    .59   .087   .862   .169   1.75   .184   .016   1
 259 JDA085B   141  399    259      9      4    .361    .15    .37   .073   .864   .205   1.67   .211  -.006   1
 260 JDA085C   296  542    247      8      4    .222    .12    .40   .056   .837   .222   1.99   .243   .023   1
 261 JDA92A   -452   38    491     17      1    .466    .17    .47   .070   .765   .231   1.74   .226  -.009   3
 262 JDA92B    100  448    349     11      2    .442    .14    .35   .044   .685   .199   1.66   .207   .005   1
 263 JDA???   -1377 -991    387     13      0    .611    .22    .39   .067   .775   .163   1.51   .159  -.003   3
 264 JDA102A   834 1624    791     30      0    .738    .35    .60   .075   .563   .159   1.53   .155  -.001   2
 265 JDA102L   761 1430    670     25      1    .655    .22    .39   .063   .609   .215   1.69   .210  -.000   3
 266 JDA102R   707 1556    850     32      1    .676    .27    .66   .076   .658   .189   1.58   .186   .002   2
 267 JDA102C   640 1644   1005     38      5    .619    .33    .99   .101   .684   .184   1.94   .187  -.004   3
 268 JDA200L   674 1214    541     19      0    .625    .27    .67   .138   .921   .186   1.90   .194   .002   2
 269 JDA200R   481 1738   1258     48      5    .488    .17    .50   .074   .828   .205   1.93   .206   .000   3
 270 JDA201L   360  775    416     15      1    .576    .48   1.25   .189   .891   .137   1.58   .143  -.012   1
 271 JDA201C   400  790    391     13      0    .690    .47   1.03   .146   .811   .149   1.51   .155  -.022   3
 272 JDA201R   370  818    449     16      1    .604    .51   1.39   .235   .899   .157   1.47   .155  -.009   1
 273 JDA204    673 1235    563     21      8    .364    .31    .62   .119   .859   .166   1.63   .172  -.011   1
 274 JDA206   1196 1700    505     19      3    .461    .38   1.47   .194   .912   .147   1.88   .151  -.020   3
 275 JDA209    950 1562    613     22      4    .478    .24    .48   .094   .812   .198   1.76   .204   .003   2
 276 JDA210A  1082 1405    324     11      1    .508    .33    .67   .118   .787   .184   1.58   .195   .002   1
 277 JDA211   1066 1660    595     22      9    .363    .31    .80   .156   .906   .163   1.61   .162  -.000   2
 278 JDA213A   964 1555    592     22      1    .624    .37    .94   .136   .834   .155   1.63   .155  -.007   3
 279 JDA302L   504  834    331     11      5    .273    .12    .35   .047   .585   .288   2.24   .280  -.011   3
 280 JDA302R   500  839    340     11      5    .160    .15    .49   .066   .675   .283   3.19   .313  -.023   3
 281 JDA302C   510  907    398     14      2    .293    .22    .59   .103   .814   .212   2.74   .250  -.011   3
 282 JDA310A   148  604    457     17      5    .411    .56   1.71   .286   .838   .197   1.89   .225  -.004   2
 283 JD316AA  -251  177    429     15      3    .457    .17    .46   .088   .770   .301   2.28   .303  -.016   3
 284 JD316AB  -244  300    545     20      0    .456    .19    .40   .076   .777   .234   2.00   .235  -.014   3
 285 JD316AC  -202  400    603     22      2    .567    .23    .69   .090   .736   .224   1.77   .226  -.000   3
 286 JD316AD  -165  -32    134      3      0    .691    .27    .62   .119   .805   .238   1.65   .247  -.018   3
 287 JD316AE  -166  480    647     24      3    .553    .21    .61   .092   .794   .231   1.74   .233   .000   3
 --- -------- ---------  -----  -----  -----   ------ -----  -----  -----  -----  -----  -----  -----  -----  --
 Total or mean:         146824   5157    400    .568    .25   2.46   .097   .781   .195   3.75   .197  -.003

 DATA CHECKS (rwl.check): ausl053
-----------------------------------------------------------------------------------------------------------------------------------
 rwl.check: data_files/treering/measurements/australia/ausl053.rwl
 287 series, 146824 measurements, -2145-2009, 0.001 mm precision
 4 error(s), 4 warning(s), 11 note(s)
 -------------
 ERROR
   RWL_COLUMN_LAYOUT (1)
     JDH14B: core JDH14B, decade starting 1200: the ten fixed-width columns and a whitespace split of the same line give different measurements, so the line does not conform to the Tucson column layout and cannot be read unambiguously. Returned as NA. Columns give (11 0 80 60 70 90 120 110 120 150); whitespace gives (110 0 80 60 70 90 120 110 120 150). Line: JDH14B  1200    110    0    80    60    70    90   120   110   120   150
   RWL_DUP_SERIES (3)
     H18E: identical measurements in H18E, H18E2; one core may be archived twice
     H18N: identical measurements in H18N, H18N2; one core may be archived twice
     H18W: identical measurements in H18W, H18W2; one core may be archived twice
 -------------
 WARNING
   RWL_INTERNAL_NA (4)
     JDA11A: no measurement for -99-299, inside the measured span of the series. The file records nothing for those years, which is not a fault, but detrend(), chron(), strip.rwl(), rwi.stats() and sss() fail on interior gaps and this series cannot be crossdated. Use fill.internal.NA() to close them deliberately
     JDA83C1: no measurement for -1651--1582, inside the measured span of the series. The file records nothing for those years, which is not a fault, but detrend(), chron(), strip.rwl(), rwi.stats() and sss() fail on interior gaps and this series cannot be crossdated. Use fill.internal.NA() to close them deliberately
     JDH14B: no measurement for 1200-1209, inside the measured span of the series. The file records nothing for those years, which is not a fault, but detrend(), chron(), strip.rwl(), rwi.stats() and sss() fail on interior gaps and this series cannot be crossdated. Use fill.internal.NA() to close them deliberately
     LJUP9C: no measurement for 1179, inside the measured span of the series. The file records nothing for that year, which is not a fault, but detrend(), chron(), strip.rwl(), rwi.stats() and sss() fail on interior gaps and this series cannot be crossdated. Use fill.internal.NA() to close them deliberately
 11 note(s) not shown; see rwl.check() or the 'check' element of this report.

 NOTES
-----------------------------------------------------------------------------------------------------------------------------------
 Report generated using dplR 1.8.1 (R 4.5.2) on 2026-10-01 16:48 PDT.
 Measurement file ausl053.rwl, MD5 b8dc8491f7d53712c71bfa792cba3e47.
 Filtering: each series divided by a 32-year smoothing spline (caps()), then prewhitened with
   an AR model (order by AIC, at most 3).
 Master: biweight robust mean of the other series (leave-one-out).
 Correlation: Pearson, one-tailed, pcrit = 0.01; critical r = 0.3281 for 50-year segments.
 Segments: 50 years, lagged 25, first segment floored to 100. Lags searched: +/- 10 years.
 A segment is tested only where the series and the master cover all of it, at the dated
   position and at every lag. COFECHA also tests partial segments at the ends of a series, so
   series here may show fewer segments, and no flags can be raised at the ends of the record.
 Lags follow COFECHA: negative means rings are probably missing from the series, positive means
   false rings. A missing ring carries its lag into every segment before it, so look where the
   lag changes along a series. A B flag is a hypothesis to check on the wood; the gain says how
   seriously to take it.
 A B flag marked "weak at every lag" correlates under the critical value even at its best lag:
   the segment is weak wherever it is placed, and the shift is not evidence of a dating error.
   Treat it as a low correlation, like an A.
 Averages in the summary and the totals are weighted by the number of years in each series, as
   COFECHA's are.
 Unfiltered block and mean sensitivity: the measurements as read, and sens1().
 dplR filtered block: the series that was correlated, after filtering. COFECHA's filtered
   series is defined differently, so these three columns are not COFECHA's numbers.
 AR: order of the AR model used to prewhiten.
 Left out of the crossdating: series LJUP9C has internal NA values, and the 'nyrs' spline needs
   an unbroken series. Fill them with fill.internal.NA(), remove the series, or use 'n' instead
   of 'nyrs'
 Left out of the crossdating: series JDH14B has internal NA values, and the 'nyrs' spline needs
   an unbroken series. Fill them with fill.internal.NA(), remove the series, or use 'n' instead
   of 'nyrs'
 Left out of the crossdating: series JDA11A has internal NA values, and the 'nyrs' spline needs
   an unbroken series. Fill them with fill.internal.NA(), remove the series, or use 'n' instead
   of 'nyrs'
 Left out of the crossdating: series JDA83C1 has internal NA values, and the 'nyrs' spline
   needs an unbroken series. Fill them with fill.internal.NA(), remove the series, or use 'n'
   instead of 'nyrs'
