
 COFECHA-style crossdating report: newz121
 Report generated using dplR 1.8.1 (R 4.5.2) on 2026-10-01 16:54 PDT
 Built with dplR's xdate.report(), not COFECHA; see the notes at the end.


      Measurement file name  : newz121.rwl
      MD5 of measurement file: ff121262a4cb49e87eda15bd0d7d4019
      Date checked           : 01OCT26
      Beginning year         : 470
      Ending year            : 1999
      Principal investigators: Palmer, J.G.; Cook, E.R.; Fenwick, P.
      Site name              : Oroko Swamp
      Species information    : LGCO Lagarostrobos colensoi (Hook.) C.J. Quinn = Dacrydium colensoi Hook.
      Latitude               : 43.2275 S
      Longitude              : 170.2895 E
      Elevation              : 120 m

      Series intercorrelation: 0.509
      Avg mean sensitivity   : 0.181
      Avg standard deviation : 0.195
      Avg autocorrelation    : 0.792
      Number dated series    : 327
      Series crossdated      : 325
      Segment length tested  : 50

      Number problem segments: 348  (A 153, B 195; 97 of the B weak at every lag)
      Pct problem segments   : 9.19


 CORRELATION OF SERIES BY SEGMENTS: newz121
-----------------------------------------------------------------------------------------------------------------------------------
 Correlations of  50-year dated segments, lagged  25 years
 Flags:  A = correlation under   .3281 but highest as dated;  B = correlation higher at other than dated position

 Seq Series  Time_span   500  525  550  575  600  625  650  675  700  725  750  775  800  825  850  875  900  925  950  975 
                         549  574  599  624  649  674  699  724  749  774  799  824  849  874  899  924  949  974  999 1024 
 --- -------- ---------  ---- ---- ---- ---- ---- ---- ---- ---- ---- ---- ---- ---- ---- ---- ---- ---- ---- ---- ---- ---- 
  89 ORS4911   920 1359                                                                                       .29A .61  .43 
  90 ORS4912   816 1360                                                                   .46  .34  .25A .59  .51  .59  .58 
 200 2004A     897 1289                                                                                  .37  .33A .55  .68 
 201 2004B     898 1266                                                                                  .31A .38  .69  .70 
 203 2006A     950 1142                                                                                                 .34 
 207 2008A     884 1335                                                                                  .21B .27A .51  .51 
 208 2008B     924 1330                                                                                            .39  .33 
 223 2021C2A   871 1508                                                                             .55  .58  .60  .61  .51 
 224 2021C2B   842 1458                                                                        .35  .49  .50  .54  .58  .55 
 225 2022A     931 1483                                                                                            .63  .70 
 226 2022B     921 1460                                                                                       .43  .65  .69 
 228 2023B     970 1212                                                                                                 .67 
 233 ORS903    950 1210                                                                                                 .48 
 234 ORS904    950 1620                                                                                                 .67 
 238 OR909A    933 1236                                                                                            .35  .38 
 239 OR909B    923 1265                                                                                       .54  .50  .47 
 242 ORS914    954 1499                                                                                                 .35 
 243 OR915A    768 1125                                                         .54  .59  .57  .40  .50  .46  .57  .65  .58 
 244 OR915B    772 1057                                                         .67  .51  .51  .48  .58  .56  .42  .59  .60 
 245 OR915C    800 1127                                                                   .58  .43  .51  .65  .61  .62  .69 
 246 OR916A    700 1171                                               .39  .51  .65  .63  .43  .36  .42  .51  .67  .75  .74 
 247 OR916B    755 1148                                                         .45  .51  .48  .50  .50  .60  .66  .69  .62 
 248 OR916C    706 1135                                               .51  .54  .44  .58  .66  .57  .60  .65  .58  .75  .78 
 249 OR917A    833 1153                                                                        .53  .64  .74  .72  .77  .75 
 250 OR918A    841 1414                                                                        .41  .46  .53  .56  .62  .53 
 251 OR918B    770 1310                                                         .20B .30A .38  .30B .26A .34  .36  .56  .59 
 252 ORS919    801 1022                                                                   .59  .58  .73  .74  .71  .70      
 253 OR920A    971 1376                                                                                                 .44 
 254 OR921A    820 1127                                                                   .46  .51  .56  .51  .47B .64  .69 
 255 OR921B    820 1120                                                                   .60  .48  .41  .41  .48  .67  .58 
 256 ORS922A   859 1312                                                                             .36  .56  .59  .62  .56 
 257 ORS922B   960 1244                                                                                                 .65 
 258 ORS808    911 1242                                                                                       .37  .49  .52 
 259 ORS809    870 1249                                                                             .23B .49  .49  .48  .47 
 261 ORS811    880 1278                                                                                  .53  .71  .62  .49 
 262 ORS812    920 1477                                                                                       .31A .50  .49 
 264 ORS814    920 1548                                                                                       .51  .43  .30A
 269 ORS817    940 1310                                                                                            .45  .61 
 270 ORS818    941 1439                                                                                            .65  .62 
 273 ORS820B   863 1389                                                                             .68  .60  .68  .81  .79 
 274 ORS820C   950 1137                                                                                                 .78 
 281 ORS823A   891 1272                                                                                  .55  .44  .55  .46 
 282 ORS823B   890 1326                                                                                  .52  .47  .58  .48 
 284 ORS825    936 1188                                                                                            .65  .57 
 285 ORS826    933 1073                                                                                            .64  .66 
 287 ORS828    876 1151                                                                                  .57  .60  .60  .62 
 288 ORS829B   883 1315                                                                                  .58  .61  .62  .57 
 289 ORS830    798 1099                                                                   .17B .06B .16B .24B .32B .48  .49 
 290 ORS831A   700 1216                                               .56  .66  .58  .56  .56  .62  .79  .66  .55  .77  .71 
 291 ORS831B   720 1062                                               .38  .65  .60  .26A .29A .54  .68  .66  .53  .49  .50 
 292 ORS831C   700 1155                                               .53  .71  .65  .54  .41  .55  .67  .64  .65  .71  .62 
 299 ORS834    906 1178                                                                                       .57  .68  .70 
 300 OR837A    470  999  .80  .79  .76  .77  .70  .60  .53  .66  .50  .42  .45  .35  .32A .49  .53  .58  .70  .61  .56      
 301 OR837B    483 1010  .80  .79  .76  .79  .69  .58  .65  .77  .61  .57  .45  .22B .41  .58  .55  .51  .46  .39  .55      
 302 842       615 1049                           .42  .54  .34  .34  .53  .59  .52  .46  .61  .60  .37  .40  .51  .61  .50 
 303 842B      615 1057                           .53  .67  .50  .27A .58  .67  .63  .71  .74  .58  .46  .41  .42  .54  .58 
 304 843       685 1179                                          .42  .42  .47  .52  .56  .59  .43  .23A .40  .38  .54  .53 
 305 845       684 1054                                          .37B .68  .74  .51  .18A .47  .66  .59  .48  .43  .73  .68 
 306 845B      684 1024                                          .41B .56  .61  .44  .46B .57  .63  .57  .50  .56  .78  .73 
 307 846       900 1242                                                                                       .40  .50  .42 
 308 848       785  973                                                              .54  .55  .57  .59  .60                
 311 853       910 1609                                                                                       .24B .40  .49 
 321 869       926 1266                                                                                            .59  .47 
 322 871       921 1095                                                                                       .29A .50  .58 
 323 872A      890 1483                                                                                  .39  .36  .56  .71 
 324 872B      890 1451                                                                                  .33B .43  .57  .53 
 325 873       799 1207                                                                   .49  .43  .34  .47  .55  .59  .54 
 326 874       830 1161                                                                        .70  .74  .64  .57  .66  .69 
 Av segment correlation  .80  .79  .76  .78  .70  .53  .60  .57  .42  .51  .59  .50  .48  .51  .49  .50  .51  .49  .60  .57 

 CORRELATION OF SERIES BY SEGMENTS: newz121
-----------------------------------------------------------------------------------------------------------------------------------
 Correlations of  50-year dated segments, lagged  25 years
 Flags:  A = correlation under   .3281 but highest as dated;  B = correlation higher at other than dated position

 Seq Series  Time_span  1000 1025 1050 1075 1100 1125 1150 1175 1200 1225 1250 1275 1300 1325 1350 1375 1400 1425 1450 1475 
                        1049 1074 1099 1124 1149 1174 1199 1224 1249 1274 1299 1324 1349 1374 1399 1424 1449 1474 1499 1524 
 --- -------- ---------  ---- ---- ---- ---- ---- ---- ---- ---- ---- ---- ---- ---- ---- ---- ---- ---- ---- ---- ---- ---- 
   8 OR2094A  1234 1998                                                    .65  .66  .59  .71  .78  .77  .71  .60  .57  .66 
   9 OR2094B  1399 1977                                                                                       .53  .54  .71 
  27 OR2094C  1263 1883                                                         .65  .60  .50  .64  .67  .38  .39  .52  .47 
  31 ORS162B  1380 1675                                                                                  .53  .60  .64  .68 
  32 OS162B2  1381 1675                                                                                  .47  .48  .61  .67 
  35 ORS166A  1120 1955                           .44  .14B .05B .48  .48  .56  .65  .32A .06B .01B .11B .04B .08B .39  .42 
  36 ORS1701  1136 1823                                .24A .20B .47  .57  .65  .80  .74  .65  .63  .50  .43  .53  .58  .65 
  37 ORS170B  1150 1369                                     .33A .58  .45  .54  .67  .59                                    
  41 ORS174A  1104 1664                           .54  .45  .46  .50  .54  .70  .73  .54  .52  .52  .50  .59  .23B .36  .53 
  42 ORS1751  1256 1801                                                         .47  .43  .64  .68  .58  .53  .55  .56  .46 
  46 ORS182A  1269 1505                                                         .43  .46  .60  .59  .45  .33B .40  .54      
  57 ORS192S  1436 1734                                                                                            .50  .42 
  74 ORS208B  1462 1680                                                                                                 .61 
  77 ORS213S  1130 1649                                .50  .42  .35  .43  .65  .72  .55  .50  .73  .73  .54  .57  .74  .66 
  78 ORS213W  1294 1599                                                              .72  .79  .59  .44  .41  .52  .61  .44 
  80 ORS4473  1284 1454                                                              .37  .59  .75  .70  .59                
  81 OR4474B  1141 1582                                .47  .53  .40  .44  .50  .31A .03B .06B .58  .70  .41  .21B .49  .47 
  87 OR4479B  1467 1864                                                                                                 .37 
  88 OR4480A  1467 1699                                                                                                 .57 
  89 ORS4911   920 1359  .26A .48  .59  .61  .59  .29A .45  .62  .41  .40  .40  .28B .44                                    
  90 ORS4912   816 1360  .59  .65  .53  .49  .37  .34  .59  .72  .61  .49  .61  .70  .48                                    
  91 ORS4913  1113 1576                           .20B .49  .53  .64  .57  .36  .47  .52  .46  .43  .53  .61  .60  .68  .70 
  92 ORS1502   982 1316  .35B .42  .41  .68  .53  .27B .49  .53  .61  .58  .53                                              
  98 ORS1510  1466 1860                                                                                                 .18B
  99 ORS1512   980 1238  .23A .45  .48  .31A .06B .30A .71  .52                                                             
 110 ORS1526  1144 1560                                .57  .67  .56  .47  .59  .53  .13B .16B .41  .51  .40  .48  .57  .57 
 116 ORS1532  1440 1610                                                                                            .46  .61 
 122 ORS1541  1450 1854                                                                                                 .31A
 124 ORS1544  1462 1719                                                                                                 .44 
 139 ORS1559  1461 1669                                                                                                 .41 
 140 ORS1561  1430 1649                                                                                            .47  .57 
 141 ORS1563  1450 1756                                                                                                 .33A
 152 ORS1579  1464 1769                                                                                                 .31A
 156 ORS1585  1435 1973                                                                                            .36  .37 
 171 ORS1432  1460 1841                                                                                                 .40 
 195 2001A     995 1307  .41  .65  .55  .56  .55  .55  .63  .54  .62  .70  .67                                              
 196 2001B    1078 1323                      .65  .51  .59  .55  .62  .72  .66                                              
 200 2004A     897 1289  .48  .22B .32A .60  .52  .48  .66  .67  .45  .34                                                   
 201 2004B     898 1266  .40  .33  .36  .53  .42  .16B .42  .43  .45                                                        
 202 2005A    1043 1343            .42  .38  .21B .08B .29B .46  .54  .45  .41  .65                                         
 203 2006A     950 1142  .28A .38  .53  .42                                                                                 
 204 2006B    1037 1139            .38  .41                                                                                 
 205 2007A    1127 1358                                .30B .45  .58  .51  .50  .58  .53                                    
 206 2007B    1143 1392                                .59  .56  .56  .53  .54  .54  .43  .51                               
 207 2008A     884 1335  .24A .36  .55  .34  .23A .49  .51  .55  .68  .57  .53  .38                                         
 208 2008B     924 1330  .26B .33B .54  .43  .32A .32A .34  .50  .65  .50B .56  .69                                         
 219 2019A-1  1074 1683                 .59  .63  .38  .52  .50  .57  .55  .49  .59  .57  .61  .49  .51  .61  .54  .65  .69 
 220 2019A-2  1093 1523                      .77  .67  .67  .55  .67  .65  .54  .58  .46  .54  .60  .67  .70  .55  .60      
 221 2021A     991 1506  .44  .70  .62  .74  .72  .51  .55  .64  .73  .63  .65  .75  .67  .66  .72  .79  .77  .68  .41      
 222 2021B    1142 1444                                .63  .76  .72  .68  .57  .48  .53  .66  .69  .67                     
 223 2021C2A   871 1508  .62  .55  .69  .71  .43  .32A .40  .46B .53  .52  .49  .49  .46  .60  .63  .72  .76  .72  .72      
 224 2021C2B   842 1458  .58  .33B .49  .71  .53  .48  .63  .72  .58  .52  .72  .65  .51  .70  .72  .81  .84                
 225 2022A     931 1483  .66  .60  .56  .63  .61  .63  .66  .67  .75  .76  .75  .82  .84  .78  .77  .69  .60  .62           
 226 2022B     921 1460  .65  .57  .34  .60  .68  .65  .63  .65  .71  .72  .71  .76  .72  .70  .70  .71  .71                
 227 2023A     974 1329  .65  .62  .59  .60  .63  .73  .71  .71  .79  .48  .34  .63                                         
 228 2023B     970 1212  .66  .63  .47  .63  .62  .56  .43                                                                  
 229 2048A     977 1443  .40  .61  .54  .58  .69  .74  .68  .64  .63  .59  .66  .77  .48  .43  .62  .59                     
 230 2048B     977 1352  .34  .63  .55  .51  .61  .67  .62  .72  .75  .49  .43  .58  .47                                    
 233 ORS903    950 1210  .50  .41  .34B .43  .45  .52  .49                                                                  
 234 ORS904    950 1620  .61  .51  .31A .48  .58  .59  .59  .62  .67  .69  .62  .66  .60  .58  .59  .61  .65  .66  .65  .56 
 235 ORS905   1007 1439       .50  .68  .75  .58  .50  .65  .56  .69  .72  .57  .47  .32A .51  .70  .79                     
 236 ORS907   1380 1738                                                                                  .48  .43  .41  .28A
 238 OR909A    933 1236  .45  .39B .40  .47  .40  .42  .65  .54                                                             
 239 OR909B    923 1265  .43  .50  .50  .48  .39  .20B .41  .57  .63                                                        
 240 OR910A   1007 1536       .27B .41B .54  .56  .60  .56  .63  .71  .63  .63  .70  .65  .60  .37  .43  .54  .32A .45  .55 
 242 ORS914    954 1499  .36  .40  .52  .61  .46  .26A .40  .38B .35  .28B .45  .48  .47  .39  .44  .63  .74  .63  .49      
 243 OR915A    768 1125  .44  .41  .52  .47                                                                                 
 244 OR915B    772 1057  .50                                                                                                
 245 OR915C    800 1127  .71  .63  .41  .54                                                                                 
 246 OR916A    700 1171  .55  .47  .41  .31A .29A                                                                           
 247 OR916B    755 1148  .64  .42  .40  .48                                                                                 
 248 OR916C    706 1135  .61  .42  .53  .63                                                                                 
 249 OR917A    833 1153  .78  .72  .59  .74  .74                                                                            
 250 OR918A    841 1414  .48  .51  .28B .47  .54  .50  .66  .62  .53  .49  .59  .59  .51  .58  .68                          
 251 OR918B    770 1310  .55  .49  .49  .68  .66  .67 -.10B-.01B .65  .54  .60                                              
 253 OR920A    971 1376  .62  .59  .52  .59  .46  .55  .78  .71  .75  .77  .51  .56  .61  .74                               
 254 OR921A    820 1127  .63  .58  .57  .54                                                                                 
 255 OR921B    820 1120  .55  .57  .67                                                                                      
 256 ORS922A   859 1312  .48  .49  .41  .43  .40  .43  .47  .37  .37  .27A .22A                                             
 257 ORS922B   960 1244  .60  .60  .46  .43  .35  .27A .32A .38                                                             
 258 ORS808    911 1242  .50  .62  .71  .77  .69  .26A .37  .44                                                             
 259 ORS809    870 1249  .47  .46  .46  .45  .29A .39  .37  .37  .49                                                        
 260 ORS810    984 1294  .31A .46  .34  .49  .67  .37  .48  .58  .57  .58                                                   
 261 ORS811    880 1278  .58  .64  .16B .27A .38  .36  .54  .37  .22B .36B                                                  
 262 ORS812    920 1477  .46  .62  .98  .96  .85  .55  .53  .52  .53  .57  .69  .75  .69  .71  .73  .67  .61  .65           
 263 ORS813   1020 1366       .36  .29B .40  .50  .43  .57  .56  .63  .57  .49  .59  .58                                    
 264 ORS814    920 1548  .43  .46  .07B .31A .48  .50  .52  .59  .55  .52  .76  .76  .66  .68  .53  .35  .35B .45  .52  .63 
 265 ORS815   1117 1525                           .34  .47  .46  .49  .48  .39  .42  .49  .56  .47  .55  .64  .54  .57  .62 
 266 ORS816A  1174 1485                                          .60  .63  .74  .81  .59  .52  .59  .68  .75  .70           
 267 ORS816B  1122 1504                           .59  .60  .54  .69  .61  .68  .70  .70  .81  .81  .80  .78  .62  .61      
 268 ORS816C  1153 1427                                     .61  .68  .66  .72  .78  .74  .63  .59  .66                     
 269 ORS817    940 1310  .69  .59  .48  .63  .59  .64  .69  .63  .63  .68  .70                                              
 270 ORS818    941 1439  .62  .50  .45  .58  .48  .33B .36  .36  .52  .53  .55  .55  .38  .44  .59  .61                     
 271 ORS819   1179 1456                                          .58  .71  .62  .70  .70  .72  .75  .75  .64                
 272 ORS820A  1125 1461                                .55  .59  .50  .47  .67  .63  .53  .62  .64  .68  .71                
 273 ORS820B   863 1389  .69  .58  .57  .70  .68  .61  .61  .61  .63  .64  .72  .69  .67  .53                               
 274 ORS820C   950 1137  .77  .68  .60  .63                                                                                 
 275 ORS820D   988 1347  .50  .58  .56  .65  .73  .71  .67  .66  .57  .41  .50  .76                                         
 276 ORS821A  1070 1556                 .34B .67  .38  .40  .51  .52  .54  .41  .48  .59  .59  .56  .62  .65  .62  .63  .67 
 277 ORS821B  1096 1493                      .41  .13B .18B .30B .52  .63  .62  .66  .48  .37  .51  .33A .20B .37           
 278 ORS821D  1350 1572                                                                             .66  .72  .73  .67  .57 
 279 ORS822A  1100 1499                           .48  .36  .49  .67  .57  .71  .34  .22B .45  .47  .49  .64  .73  .57      
 280 ORS822B  1057 1442                 .30A .36  .47  .50  .57  .60  .44  .45  .57  .50  .55  .60  .62                     
 281 ORS823A   891 1272  .57  .64  .60  .67  .41  .38  .63  .52  .55                                                        
 282 ORS823B   890 1326  .51  .52  .46  .66  .25B .08B .49  .46  .52  .59  .70  .68                                         
 283 ORS824   1009 1494       .35  .21B .53  .56  .50  .50  .47  .48  .29A .39  .50  .43  .45  .66  .66  .60  .63           
 284 ORS825    936 1188  .38  .38  .46  .68  .72  .65                                                                       
 285 ORS826    933 1073  .52                                                                                                
 286 ORS827   1296 1494                                                              .60  .53  .51  .63  .59  .59           
 287 ORS828    876 1151  .51  .49  .60  .54  .41                                                                            
 288 ORS829B   883 1315  .50  .49  .57  .61  .51  .44  .57  .51  .50  .46  .36                                              
 289 ORS830    798 1099  .52  .41  .41                                                                                      
 290 ORS831A   700 1216  .49  .33  .29A .43  .46  .38  .44                                                                  
 291 ORS831B   720 1062  .58                                                                                                
 292 ORS831C   700 1155  .52  .56  .55  .59  .44                                                                            
 293 ORS832A  1004 1372       .57  .43  .59  .64  .42  .43  .45  .24A .22B .53  .49  .34                                    
 294 ORS832B   984 1377  .40  .39  .44  .56  .48  .30A .44  .53  .67  .66  .55  .44  .45  .46                               
 295 ORS832C  1083 1219                      .69  .42  .43                                                                  
 296 ORS833A  1102 1277                           .51  .57  .40  .41  .49                                                   
 297 ORS833B  1022 1292       .59  .57  .64  .52  .27B .53  .53  .57  .59                                                   
 298 ORS833C  1047 1287            .69  .80  .70  .51  .52  .48  .67  .67                                                   
 299 ORS834    906 1178  .76  .75  .69  .70  .56  .21B                                                                      
 302 842       615 1049  .27B                                                                                               
 303 842B      615 1057  .41                                                                                                
 304 843       685 1179  .38  .39  .18B .26B .38  .28B                                                                      
 305 845       684 1054  .52                                                                                                
 307 846       900 1242  .54  .56  .30B .40  .63  .57  .58  .61                                                             
 309 849      1142 1512                                .40  .57  .65  .54  .50  .69  .60  .57  .55  .50  .46  .52  .51      
 310 852A     1111 1662                           .38  .47  .56  .75  .71  .51  .58  .46  .38  .48  .51  .48  .46  .49  .49 
 311 853       910 1609  .66  .55  .50  .70  .67  .62  .45  .38  .65  .57  .59  .75  .68  .71  .72  .63  .64  .73  .69  .65 
 312 856      1111 1349                           .55  .30A .19B .45  .64  .63  .67  .52                                    
 313 858      1470 1795                                                                                                 .42 
 315 860A     1298 1703                                                              .50  .66  .77  .76  .74  .77  .71  .65 
 316 860B     1338 1673                                                                        .70  .71  .78  .68  .63  .62 
 319 866      1127 1565                                .62  .59  .64  .77  .77  .60  .60  .77  .74  .78  .78  .69  .51  .56 
 320 868      1132 1394                                .54  .74  .71  .62  .62  .70  .61  .65                               
 321 869       926 1266  .49  .33  .11B .52  .59  .29A .37  .52  .67                                                        
 322 871       921 1095  .49  .57                                                                                           
 323 872A      890 1483  .62  .51  .40  .62  .67  .51  .57  .61  .54  .58  .47  .44  .56  .59  .61  .67  .59  .58           
 324 872B      890 1451  .61  .65  .39  .62  .60  .44  .63  .67  .71  .65  .69  .63  .60  .76  .85  .84  .20B               
 325 873       799 1207  .49  .56  .57  .73  .75  .40  .49                                                                  
 326 874       830 1161  .70  .70  .80  .84  .67                                                                            
 Av segment correlation  .51  .51  .48  .56  .53  .44  .50  .52  .58  .55  .57  .61  .53  .56  .61  .62  .57  .55  .56  .52 

 CORRELATION OF SERIES BY SEGMENTS: newz121
-----------------------------------------------------------------------------------------------------------------------------------
 Correlations of  50-year dated segments, lagged  25 years
 Flags:  A = correlation under   .3281 but highest as dated;  B = correlation higher at other than dated position

 Seq Series  Time_span  1500 1525 1550 1575 1600 1625 1650 1675 1700 1725 1750 1775 1800 1825 1850 1875 1900 1925 1950 
                        1549 1574 1599 1624 1649 1674 1699 1724 1749 1774 1799 1824 1849 1874 1899 1924 1949 1974 1999 
 --- -------- ---------  ---- ---- ---- ---- ---- ---- ---- ---- ---- ---- ---- ---- ---- ---- ---- ---- ---- ---- ---- 
   1 OR0048A  1520 1999       .58  .58  .67  .73  .63  .45  .62  .75  .70  .77  .85  .83  .66  .70  .82  .79  .79  .70 
   2 OR0044A  1490 1999  .41  .63  .63  .69  .72  .63  .49  .58  .74  .71  .72  .83  .85  .80  .78  .70  .64  .68  .62 
   3 OR0111A  1700 1999                                               .50  .64  .69  .65  .62  .68  .50  .49  .60  .54 
   4 OR0050A  1730 1999                                                    .50  .56  .60  .59  .59  .58  .50  .49  .54 
   5 OR0102A  1689 1998                                          .47  .54  .64  .67  .63  .51  .54  .56  .56  .71      
   6 OR0047A  1550 1997                 .46  .54  .57  .49  .54  .64  .62  .48  .67  .73  .43  .48  .75  .70  .68      
   7 OR0005A  1617 1998                           .56  .56  .50  .55  .55  .42  .57  .66  .57  .65  .71  .62  .57      
   8 OR2094A  1234 1998  .58  .59  .67  .68  .70  .67  .53  .64  .70  .56  .63  .80  .80  .62  .75  .68  .67  .78      
   9 OR2094B  1399 1977  .68  .60  .61  .58  .63  .66  .48  .53  .63  .51  .56  .82  .77  .63  .68  .70  .72  .65      
  10 OR0043A  1540 1996            .45  .32A .33B .50  .57  .56  .55  .46  .57  .63  .64  .76  .69  .69  .72  .67      
  11 OR0042A  1609 1999                           .48  .20A .47  .65  .63  .55  .60  .56  .37  .50  .32A .33  .36  .35 
  12 OR2096A  1631 1999                                .37  .39  .59  .42  .42  .45  .54  .67  .65  .75  .60  .45  .54 
  13 OR2096B  1530 1975            .56  .19B .37  .74  .58  .53  .54  .52  .54  .61  .64  .67  .70  .65  .54  .41      
  14 OR0053A  1519 1999       .43  .51  .63  .72  .49  .32A .60  .50  .35  .54  .66  .76  .71  .65  .72  .69  .57  .54 
  15 OR0104A  1553 1997                 .61  .59  .44  .48  .65  .62  .54  .59  .69  .74  .66  .45  .49  .63  .65      
  16 OR2097A  1570 1997                 .40  .43  .45  .36B .59  .48  .20B .49  .57  .54  .31A .41  .49  .46  .48      
  17 OR2098B  1600 1975                           .37  .29B .49  .51  .52  .63  .70  .61  .45  .44  .41  .31A .23B     
  18 OR2098A  1600 1949                           .50  .39  .48  .47  .53  .52  .63  .51  .35  .25A .42  .41           
  19 OR2017A  1554 1999                 .40  .43  .41  .29B .39  .40  .33A .56  .70  .53  .36  .33  .40  .47  .56  .56 
  20 OR2046A  1713 1998                                               .37  .58  .65  .72  .70  .60  .59  .51  .34      
  21 OR2090A  1594 1916                      .56  .45  .51  .65  .73  .65  .65  .75  .65  .51  .53                     
  22 OR2099A  1720 1999                                               .33  .39  .43  .38  .35  .53  .66  .64  .42  .26B
  23 OR0045A  1725 1999                                                    .38  .48  .56  .38  .44  .64  .46  .44  .57 
  24 OR2100A  1580 1999                      .37  .54  .66  .53  .53  .60  .54  .59  .43  .36  .62  .56  .55  .53  .46 
  25 OR0049B  1757 1999                                                         .53  .57  .46  .58  .72  .60  .50  .45 
  26 OR2100B  1592 1991                      .52  .45  .44  .50  .49  .49  .53  .63  .72  .69  .68  .66  .65  .34      
  27 OR2094C  1263 1883  .53  .58  .55  .62  .74  .69  .39  .48  .63  .63  .66  .79  .76  .59                          
  28 OR2090B  1536 1999            .51  .55  .56  .54  .52  .42  .38  .39  .54  .62  .56  .54  .82  .73  .55  .41  .24A
  29 ORS161A  1500 1993       .43  .44  .67  .74  .76  .67  .59  .26B .14B .39  .45  .63  .70  .65  .71  .46  .44      
  30 ORS161B  1638 1997                                .47  .45  .38  .45  .49  .58  .70  .76  .83  .81  .63  .32A     
  31 ORS162B  1380 1675  .65  .68  .66  .69  .64  .46                                                                  
  32 OS162B2  1381 1675  .71  .73  .66  .74  .69  .53                                                                  
  33 ORS163A  1620 1997                           .49  .58  .50  .48  .44  .64  .80  .63  .42  .67  .73  .68  .67      
  34 ORS163B  1620 1950                           .41B .66  .38  .34  .43  .54  .74  .79  .59  .60  .67  .62           
  35 ORS166A  1120 1955  .50  .56  .42  .60  .60  .50  .42  .42  .48  .60  .62  .59  .53  .50  .54  .23A .26A          
  36 ORS1701  1136 1823  .76  .69  .65  .68  .71  .70  .67  .71  .42  .23B .40                                         
  38 ORS171A  1650 1984                                     .49  .57  .56  .55  .64  .79  .57  .57  .70  .67  .29B     
  39 ORS172   1653 1997                                     .45  .42  .36  .55  .67  .68  .64  .62  .65  .66  .57      
  40 ORS173   1750 1858                                                         .68  .59                               
  41 ORS174A  1104 1664  .56  .50  .42  .68  .72                                                                       
  42 ORS1751  1256 1801  .54  .61  .54  .67  .79  .76  .68  .66  .64  .68  .74                                         
  43 OS175B1  1493 1767  .63  .51  .50  .65  .69  .71  .64  .53  .52                                                   
  44 ORS179B  1622 1997                           .36  .48  .66  .65  .54  .65  .76  .77  .73  .68  .73  .69  .60      
  45 ORS181A  1676 1890                                          .49  .54  .45  .54  .56  .55                          
  47 ORS184A  1618 1997                           .37  .48  .43  .45  .65  .61  .58  .66  .60  .60  .53  .40  .34B     
  48 ORS184N  1590 1837                      .34  .55  .69  .68  .75  .70  .50  .52                                    
  51 ORS186A  1650 1949                                     .59  .55  .41  .32A .51  .55  .29A .33A .65  .46           
  52 ORS186N  1570 1997                 .40  .46  .63  .67  .52  .33B .23B .47  .54  .68  .63  .28B .47  .70  .64      
  53 ORS187B  1570 1848                 .42  .44  .55  .63  .49  .50  .46  .55  .65                                    
  54 ORS188W  1583 1997                      .43  .46  .63  .58  .66  .64  .56  .66  .61  .59  .54  .38  .38  .54      
  55 ORS190A  1582 1798                      .64  .59  .50  .16B .12B .28B                                             
  56 ORS191N  1700 1997                                               .35  .26A .63  .78  .63  .68  .73  .59  .52      
  57 ORS192S  1436 1734  .50  .69  .72  .75  .68  .55  .60  .24B                                                       
  58 ORS193   1491 1908  .42  .57  .53  .48  .61  .66  .71  .71  .69  .66  .69  .71  .71  .65  .63                     
  59 ORS193A  1650 1885                                     .79  .73  .64  .62  .72  .68  .60                          
  60 ORS194N  1581 1950                      .76  .74  .53  .63  .67  .59  .74  .81  .81  .68  .54  .65  .57           
  61 ORS195A  1507 1849       .55  .63  .58  .66  .69  .59  .50  .48  .55  .59  .59  .39                               
  62 ORS196N  1491 1780  .57  .61  .43  .39  .54  .67  .65  .57  .50  .29A                                             
  63 ORS197A  1680 1950                                          .44  .53  .61  .57  .64  .65  .57  .60  .43           
  64 ORS197B  1670 1997                                     .51  .39  .26B .06B .30A .61  .57  .75  .61  .53  .59      
  65 ORS197S  1654 1997                                     .53  .33A .21B .06B .29A .62  .56  .64  .51  .47  .48      
  66 ORS198A  1685 1883                                          .33  .34  .50  .62  .57  .38                          
  67 ORS199A  1600 1864                           .46  .61  .46  .36  .46  .57  .63  .67                               
  68 ORS199C  1600 1877                           .45  .47  .41  .45  .45  .53  .54  .59  .58                          
  69 ORS200S  1630 1997                                .53  .55  .52  .47  .76  .83  .79  .68  .77  .84  .63  .45      
  70 ORS200N  1576 1997                      .44  .45  .44  .48  .67  .76  .77  .81  .75  .66  .71  .59  .51  .42      
  71 ORS201B  1579 1900                      .53  .62  .56  .61  .58  .49  .62  .76  .71  .44  .53                     
  72 ORS201N  1700 1997                                               .63  .72  .76  .67  .61  .66  .67  .67  .66      
  73 ORS207S  1494 1874  .51  .44  .39  .60  .76  .71  .44  .40  .54  .52  .50  .78  .69  .41                          
  74 ORS208B  1462 1680  .63  .55  .47  .39  .49  .48                                                                  
  75 ORS210A  1684 1975                                          .48  .56  .56  .70  .74  .69  .65  .63  .59  .41      
  76 ORS211N  1700 1949                                               .47  .50  .49  .58  .66  .62  .68  .39           
  77 ORS213S  1130 1649  .31B .28A .38  .60  .32B                                                                      
  78 ORS213W  1294 1599  .29A .45  .53                                                                                 
  79 ORS4472  1749 1909                                                    .43  .41  .58  .60  .50                     
  81 OR4474B  1141 1582  .29A .47                                                                                      
  82 OR4476A  1618 1779                           .64  .62  .59  .54  .39                                              
  83 OR4476B  1582 1849                      .53  .55  .57  .61  .61  .47  .37  .62  .47                               
  84 OR4478A  1490 1880  .48  .58  .58  .58  .68  .69  .56  .56  .61  .34  .30B .52  .58  .53                          
  85 OR4478B  1518 1829       .59  .61  .50  .49  .63  .65  .56  .59  .46  .33B .37                                    
  86 OR4479A  1500 1860  .44  .76  .71  .62  .59  .44  .43  .54  .56  .32B .46  .60  .46                               
  87 OR4479B  1467 1864  .55  .64  .52  .42  .45  .50  .56  .56  .61  .42  .48  .69  .69                               
  88 OR4480A  1467 1699  .45  .48  .45  .48  .43  .37  .24B                                                            
  91 ORS4913  1113 1576  .69  .70                                                                                      
  93 ORS1504  1749 1869                                                         .54  .64                               
  94 ORS1505  1691 1907                                          .41  .28A .31B .60  .68  .57  .60                     
  95 ORS1506  1534 1875            .47  .52  .56  .65  .74  .57  .42  .43  .63  .63  .59  .47                          
  96 ORS1507  1550 1799                 .45  .44  .46  .55  .58  .64  .52  .26B                                        
  97 ORS1509  1547 1814            .47  .47  .56  .67  .62  .56  .58  .41  .48                                         
  98 ORS1510  1466 1860  .32B .49  .55  .62  .54  .42  .50  .55  .54  .53  .60  .67  .32A                              
 100 ORS1513  1650 1899                                    -.00B .34  .55  .55  .55  .49  .37  .36                     
 101 ORS1514  1491 1855  .30A .47  .58  .65  .71  .58  .61  .42  .46  .66  .58  .37  .28A                              
 102 ORS1516  1565 1929                 .48  .59  .61  .53  .53  .59  .50  .46  .43  .43  .42  .45  .35                
 103 OR1518A  1680 1845                                          .39  .29A .37  .54                                    
 104 ORS1519  1650 1914                                     .26A .39  .50  .34  .36  .53  .57  .41                     
 105 ORS1520  1700 1908                                               .23B .28A .34  .42  .35  .29A                    
 106 ORS1521  1520 1892       .43  .29B .48  .57  .55  .53  .57  .56  .42  .45  .71  .71  .47                          
 107 OR1522A  1598 1946                      .35  .44  .34B .47  .49  .32A .38  .64  .51  .31B .06B .15B               
 108 OR1522B  1609 1893                           .52  .54  .56  .56  .44  .53  .61  .34  .18B                         
 109 OR1523B  1600 1799                           .51  .37  .29B .23B .38  .45                                         
 110 ORS1526  1144 1560  .38                                                                                           
 111 ORS1527  1554 1878                 .25A .25A .40  .41  .37  .54  .45  .49  .56  .61  .61                          
 112 ORS1528  1640 1919                                .57  .28A .27A .57  .56  .56  .59  .58  .71                     
 113 ORS1529  1650 1897                                     .19B .32A .54  .62  .61  .59  .54                          
 114 ORS1530  1650 1927                                     .00B .29A .48  .50  .47  .43  .32A .35  .66                
 115 OR1531B  1528 1754            .50  .65  .77  .75  .55  .35  .39                                                   
 116 ORS1532  1440 1610  .63  .55  .53                                                                                 
 117 ORS1533  1519 1979       .61  .60  .47  .40  .44  .65  .11B-.06B .18B .54  .60  .32A .15B .30A .28A .41  .37      
 118 ORS1534  1600 1916                           .44  .40  .50  .53  .39  .47  .55  .59  .42  .52                     
 119 ORS1535  1750 1911                                                         .32A .53  .29B .26A                    
 120 ORS1538  1490 1720  .31A .65  .66  .41  .53  .61  .42                                                             
 121 ORS1539  1613 1801                           .37  .43  .49  .52  .35  .40                                         
 122 ORS1541  1450 1854  .37  .40  .38  .36B .49  .44  .36B .40  .44  .43  .31A .47  .55                               
 123 ORS1543  1521 1856       .61  .61  .69  .81  .77  .68  .74  .70  .65  .57  .44  .23B                              
 124 ORS1544  1462 1719  .51  .48  .29A .36  .56  .29B .09B                                                            
 125 ORS1545  1672 1876                                     .58  .56  .44  .51  .60  .67  .51                          
 126 ORS1546  1520 1821       .56  .56  .61  .63  .62  .44  .32A .38  .33  .45                                         
 127 ORS1547  1505 1922       .75  .62  .66  .63  .56  .59  .58  .33  .02B .46  .76  .80  .51  .53                     
 128 ORS1548  1529 1899            .57  .37  .41  .43  .49  .43  .42  .24B .01B .40  .64  .47  .26A                    
 129 ORS1549  1573 1849                 .46  .57  .65  .69  .50  .42  .19B .33B .43  .44                               
 130 ORS1550  1583 1745                      .65  .50  .33  .49                                                        
 131 ORS1551  1501 1730       .30B .32A .51  .63  .74  .70  .57                                                        
 132 ORS1552  1540 1779            .27B .23B .59  .80  .59  .40  .49  .45                                              
 133 ORS1553  1520 1929       .42  .42  .53  .71  .76  .69  .41  .45  .60  .61  .75  .79  .75  .72  .55                
 134 ORS1554  1557 1790                 .62  .65  .68  .71  .65  .64  .60                                              
 135 ORS1555  1570 1849                 .53  .53  .71  .62  .59  .63  .46  .56  .56  .34                               
 136 ORS1556  1557 1779                 .66  .73  .61  .28A .34  .66  .51                                              
 137 ORS1557  1600 1860                           .63  .39B .25B .49  .42  .47  .56  .33A                              
 138 ORS1558  1488 1739  .65  .56  .56  .69  .72  .60  .46  .41                                                        
 139 ORS1559  1461 1669  .64  .64  .61  .44  .45                                                                       
 140 ORS1561  1430 1649  .70  .64  .57  .69  .60                                                                       
 141 ORS1563  1450 1756  .46  .52  .62  .65  .55  .47  .53  .47  .36                                                   
 142 ORS1564  1480 1779  .50  .38  .38  .54  .62  .52  .29A .22B .35  .23B                                             
 143 ORS1566  1548 1829                 .55  .54  .53  .47  .36  .28A .14B .24B .29B                                   
 144 ORS1567  1569 1834                 .39  .75  .66  .61  .69  .64  .47  .42  .55                                    
 145 ORS1568  1675 1842                                          .44  .51  .52  .55                                    
 146 ORS1569  1700 1909                                               .58  .52  .58  .40  .15B .30A                    
 147 ORS1570  1625 1866                           .45  .49  .23B .23B .42  .38  .33  .58                               
 148 ORS1571  1700 1861                                               .57  .70  .72  .60                               
 149 ORS1573  1700 1873                                               .43  .36  .64  .66                               
 150 ORS1575  1520 1769       .63  .68  .76  .79  .75  .58  .39  .45                                                   
 151 ORS1576  1511 1809       .51  .55  .38  .38  .29A .26A .66  .53  .38  .32A                                        
 152 ORS1579  1464 1769  .40  .56  .64  .64  .68  .55  .40  .43  .45                                                   
 153 ORS1580  1700 1878                                               .56  .66  .63  .54  .45                          
 154 ORS1583  1500 1829       .54  .58 -.03B .31A .71  .62  .49  .45  .42  .58  .41                                    
 155 ORS1584  1520 1827       .34  .43  .59  .71  .56  .47  .54  .50  .43  .49  .74                                    
 156 ORS1585  1435 1973  .38  .32A .22B .68  .81  .73  .67  .56  .52  .42  .52  .75  .64  .50  .56  .73  .65           
 157 ORS1587  1500 1909       .73  .52  .45  .60  .63  .64  .73  .79  .64  .67  .75  .63  .50  .66                     
 158 ORS1588  1650 1969                                     .31A .42  .23B .23A .55  .71  .62  .65  .70  .57           
 159 ORS1590  1510 1899       .25A .41  .57  .55  .46  .46  .65  .65  .53  .44  .58  .72  .52  .36                     
 160 ORS1592  1600 1850                           .55  .68  .59  .62  .61  .60  .68  .63                               
 161 ORS1593  1560 1919                 .36  .35B .28B .34  .35  .39  .35  .47  .69  .64  .46  .54                     
 162 ORS1594  1630 1841                                .45  .41  .57  .45  .23A .51                                    
 163 ORS1595  1655 1907                                     .58  .68  .45  .24B .56  .66  .57  .51                     
 164 ORS1597  1500 1965       .58  .62  .57  .63  .58  .58  .46  .50  .65  .63  .70  .74  .54  .59  .71  .73           
 165 OR4436B  1760 1978                                                         .55  .57  .37  .44  .50  .27A .23B     
 166 ORS4931  1553 1998                 .46  .59  .58  .33B .42  .52  .37  .49  .50  .45  .43  .54  .64  .55  .52      
 167 OR4933B  1609 1998                           .43  .33  .48  .65  .64  .50  .72  .73  .65  .77  .77  .62  .48      
 168 ORS4935  1750 1998                                                         .51  .57  .49  .38  .57  .69  .74      
 169 OR4933A  1650 1998                                     .25A .48  .49  .39  .64  .73  .62  .64  .65  .55  .59      
 170 ORS4930  1490 1998  .61  .66  .68  .66  .61  .62  .54  .55  .55  .43  .59  .68  .71  .67  .70  .76  .75  .62      
 171 ORS1432  1460 1841  .57  .62  .59  .81  .86  .84  .72  .60  .53  .49  .62  .67                                    
 172 ORSSP1   1729 1998                                                    .45  .61  .60  .44  .47  .55  .68  .72      
 173 ORS7300  1636 1970                                .47  .50  .52  .34  .25B .49  .65  .59  .47  .41  .50           
 174 ORS7341  1640 1910                                .47  .47  .61  .59  .57  .56  .56  .53  .78                     
 175 ORS7342  1661 1969                                     .48  .53  .57  .49  .48  .26B .27B .59  .77  .72           
 176 ORS7351  1590 1965                      .42  .38  .52  .56  .53  .53  .71  .59  .62  .65  .63  .67  .55           
 177 ORS7352  1640 1830                                .46  .41  .34  .35  .49  .48                                    
 178 ORS7361  1624 1760                           .39  .38  .40  .53                                                   
 179 ORS7362  1620 1989                           .64  .51  .56  .69  .70  .59  .66  .65  .48  .45  .44  .50  .56      
 180 ORS7400  1712 1935                                               .42  .49  .62  .60  .46  .57  .73                
 181 ORS7421  1637 1860                                .40  .42  .38  .32A .30A .41  .55                               
 182 ORS7422  1632 1840                                .46  .38  .41  .43  .49  .63                                    
 183 ORS7431  1480 1935  .30A .43  .59  .57  .66  .67  .66  .71  .69  .58  .61  .73  .63  .35  .50  .61                
 184 ORS7432  1590 1849                      .72  .63  .52  .55  .54  .46  .20B .21B .30A                              
 185 ORS7442  1610 1922                           .75  .60  .47  .62  .72  .61  .70  .67  .53  .63                     
 186 ORS7451  1650 1880                                     .44  .49  .57  .61  .60  .60  .55                          
 187 ORS7452  1600 1910                           .75  .75  .50  .39  .50  .53  .52  .47  .37  .42                     
 188 ORS7471  1615 1969                           .28A .55  .32A .32A .46  .59  .68  .68  .53  .54  .65  .80           
 189 ORS7472  1604 1840                           .67  .62  .30A .39  .23A .36  .47                                    
 190 ORS7481  1696 1998                                          .51  .47  .22A .41  .70  .70  .78  .84  .80  .62      
 191 ORS7482  1705 1998                                               .45  .47  .31A .40  .66  .65  .67  .50  .43      
 192 ORS7490  1603 1921                           .56  .56  .59  .56  .50  .64  .66  .64  .69  .58                     
 193 ORS7501  1680 1885                                          .59  .57  .66  .76  .48  .36                          
 194 ORS7502  1679 1949                                          .57  .55  .50  .41  .35  .44  .58  .62  .42           
 197 2002     1550 1849                 .25A .36  .48  .39  .56  .50  .39  .35  .20B .33B                              
 198 2003A    1650 1929                                     .03B .28B .52  .60  .55  .55  .57  .52  .65                
 199 2003B    1604 1912                           .25A .08B .19B .48  .45  .40  .25B .35B .57  .64                     
 209 2014B    1590 1934                      .37  .39  .51  .66  .44  .37B .64  .76  .83  .70  .78  .85                
 210 2014A    1610 1930                           .45  .69  .63  .51  .43  .57  .73  .72  .59  .73  .80                
 211 2015A    1575 1892                      .57  .67  .69  .65  .70  .71  .63  .49  .48  .52                          
 212 2015B    1575 1888                      .52  .71  .68  .65  .62  .56  .59  .62  .55  .40                          
 213 2016A    1550 1919                 .65  .71  .70  .71  .66  .63  .50  .52  .61  .61  .64  .73                     
 214 2016B    1550 1928                 .56  .75  .64  .37  .41  .44  .40  .46  .59  .60  .56  .60  .56                
 215 2017B    1600 1901                           .44  .42  .56  .61  .49  .30A .22B .22A .35  .55                     
 216 2017A    1527 1889            .39  .27A .44  .39  .14B .24B .30A .37  .40  .50  .63  .49                          
 217 2018A    1630 1896                                .50  .65  .46  .13B .25B .55  .56  .52                          
 218 2018B    1630 1918                                .43  .26B .29A .43  .51  .51  .40  .33A .47                     
 219 2019A-1  1074 1683  .39  .51  .58  .38  .42  .43                                                                  
 231 ORS901   1628 1924                                .54  .58  .44  .33  .37  .41  .48  .24A .33A .43                
 232 ORS902   1512 1949       .43  .27B .50  .62  .52  .47  .53  .49  .30A .30A .39  .56  .42  .36  .45  .28A          
 234 ORS904    950 1620  .53  .49  .52                                                                                 
 236 ORS907   1380 1738  .26A .55  .66  .31A .39  .63  .52  .48                                                        
 237 ORS908   1514 1912       .36  .39  .48  .64  .59  .55  .56  .57  .48  .64  .74  .75  .60  .40                     
 241 ORS913   1650 1957                                     .43  .52  .55  .67  .66  .58  .70  .77  .55  .51           
 276 ORS821A  1070 1556  .69                                                                                           
 278 ORS821D  1350 1572  .43                                                                                           
 310 852A     1111 1662  .54  .56  .53  .57  .50                                                                       
 311 853       910 1609  .64  .63  .55                                                                                 
 313 858      1470 1795  .59  .60  .63  .63  .64  .42  .21B .33  .42  .46                                              
 314 859      1520 1871       .33  .44  .56  .58  .50  .49  .54  .42  .33A .46  .50  .56                               
 315 860A     1298 1703  .57  .55  .55  .65  .74  .69  .44                                                             
 316 860B     1338 1673  .68  .70  .66  .77  .78                                                                       
 317 862      1552 1866                 .52  .59  .57  .53  .49  .62  .61  .52  .78  .72                               
 318 863      1608 1834                           .28A .61  .63  .55  .54  .51  .66                                    
 319 866      1127 1565  .72                                                                                           
 327 875      1500 1913       .59  .43  .38  .43  .32B .23B .41  .38  .17B .32B .62  .41B .09B .42                     
 Av segment correlation  .51  .54  .52  .53  .58  .55  .51  .49  .50  .46  .50  .59  .59  .52  .56  .61  .56  .52  .49 

 FLAGGED SEGMENTS: newz121
-----------------------------------------------------------------------------------------------------------------------------------
 Seq Series   Segment    Flag  r dated  Best lag  r at lag   Gain  Note
 --- -------- ---------  ----  -------  --------  --------  -----  -----------------
  10 OR0043A  1575 1624     A     .320         0
  10 OR0043A  1600 1649     B     .334        -5      .403   .069
  11 OR0042A  1650 1699     A     .198         0
  11 OR0042A  1875 1924     A     .317         0
  13 OR2096B  1575 1624     B     .186         6      .249   .063  weak at every lag
  14 OR0053A  1650 1699     A     .325         0
  16 OR2097A  1650 1699     B     .362        -8      .433   .071
  16 OR2097A  1725 1774     B     .196        -3      .348   .151
  16 OR2097A  1825 1874     A     .306         0
  17 OR2098B  1650 1699     B     .290         1      .339   .049
  17 OR2098B  1900 1949     A     .309         0
  17 OR2098B  1925 1974     B     .235         5      .313   .078  weak at every lag
  18 OR2098A  1850 1899     A     .254         0
  19 OR2017A  1650 1699     B     .287        -1      .358   .071
  19 OR2017A  1725 1774     A     .326         0
  22 OR2099A  1950 1999     B     .264        -8      .270   .005  weak at every lag
  28 OR2090B  1950 1999     A     .244         0
  29 ORS161A  1700 1749     B     .264        -9      .327   .063  weak at every lag
  29 ORS161A  1725 1774     B     .142        -9      .393   .250
  30 ORS161B  1925 1974     A     .316         0
  34 ORS163B  1625 1674     B     .409        -2      .419   .010
  35 ORS166A  1150 1199     B     .142        -1      .178   .036  weak at every lag
  35 ORS166A  1175 1224     B     .051        -8      .261   .210  weak at every lag
  35 ORS166A  1300 1349     A     .320         0
  35 ORS166A  1325 1374     B     .059        -3      .348   .289
  35 ORS166A  1350 1399     B     .012        -2      .420   .408
  35 ORS166A  1375 1424     B     .114        -1      .564   .450
  35 ORS166A  1400 1449     B     .036        -1      .489   .454
  35 ORS166A  1425 1474     B     .080        -1      .443   .363
  35 ORS166A  1875 1924     A     .235         0
  35 ORS166A  1900 1949     A     .257         0
  36 ORS1701  1150 1199     A     .243         0
  36 ORS1701  1175 1224     B     .199         1      .269   .070  weak at every lag
  36 ORS1701  1725 1774     B     .233         2      .275   .041  weak at every lag
  37 ORS170B  1175 1224     A     .327         0
  38 ORS171A  1925 1974     B     .292         8      .306   .013  weak at every lag
  41 ORS174A  1425 1474     B     .226        -2      .257   .031  weak at every lag
  46 ORS182A  1400 1449     B     .327        -2      .339   .013
  47 ORS184A  1925 1974     B     .344         5      .400   .056
  51 ORS186A  1750 1799     A     .323         0
  51 ORS186A  1825 1874     A     .288         0
  51 ORS186A  1850 1899     A     .326         0
  52 ORS186N  1700 1749     B     .334         2      .349   .015
  52 ORS186N  1725 1774     B     .235        -7      .364   .130
  52 ORS186N  1850 1899     B     .283        -8      .314   .031  weak at every lag
  55 ORS190A  1675 1724     B     .163         3      .190   .027  weak at every lag
  55 ORS190A  1700 1749     B     .121         3      .189   .068  weak at every lag
  55 ORS190A  1725 1774     B     .281         7      .352   .071
  56 ORS191N  1750 1799     A     .258         0
  57 ORS192S  1675 1724     B     .240        -4      .343   .103
  62 ORS196N  1725 1774     A     .292         0
  64 ORS197B  1725 1774     B     .265         3      .359   .094
  64 ORS197B  1750 1799     B     .065        -1      .158   .093  weak at every lag
  64 ORS197B  1775 1824     A     .302         0
  65 ORS197S  1700 1749     A     .325         0
  65 ORS197S  1725 1774     B     .214         3      .398   .183
  65 ORS197S  1750 1799     B     .059        -1      .232   .173  weak at every lag
  65 ORS197S  1775 1824     A     .287         0
  77 ORS213S  1500 1549     B     .308         7      .343   .035
  77 ORS213S  1525 1574     A     .277         0
  77 ORS213S  1600 1649     B     .318         2      .343   .025
  78 ORS213W  1500 1549     A     .294         0
  81 OR4474B  1275 1324     A     .312         0
  81 OR4474B  1300 1349     B     .031        -9      .388   .357
  81 OR4474B  1325 1374     B     .059        -9      .291   .232  weak at every lag
  81 OR4474B  1425 1474     B     .215        -6      .231   .016  weak at every lag
  81 OR4474B  1500 1549     A     .288         0
  84 OR4478A  1750 1799     B     .302        -6      .317   .015  weak at every lag
  85 OR4478B  1750 1799     B     .333        -7      .414   .081
  86 OR4479A  1725 1774     B     .324         9      .354   .030
  88 OR4480A  1650 1699     B     .242         4      .278   .037  weak at every lag
  89 ORS4911   925  974     A     .285         0
  89 ORS4911  1000 1049     A     .262         0
  89 ORS4911  1125 1174     A     .289         0
  89 ORS4911  1275 1324     B     .282         4      .311   .028  weak at every lag
  90 ORS4912   875  924     A     .249         0
  91 ORS4913  1125 1174     B     .205         8      .242   .037  weak at every lag
  92 ORS1502  1000 1049     B     .353         2      .407   .054
  92 ORS1502  1125 1174     B     .271         4      .426   .156
  94 ORS1505  1725 1774     A     .277         0
  94 ORS1505  1750 1799     B     .307        -7      .351   .044
  96 ORS1507  1750 1799     B     .258         1      .337   .079
  98 ORS1510  1475 1524     B     .181        -7      .397   .216
  98 ORS1510  1500 1549     B     .320        -7      .411   .091
  98 ORS1510  1800 1849     A     .319         0
  99 ORS1512  1000 1049     A     .232         0
  99 ORS1512  1075 1124     A     .311         0
  99 ORS1512  1100 1149     B     .059         4      .391   .332
  99 ORS1512  1125 1174     A     .302         0
 100 ORS1513  1675 1724     B    -.001         1      .322   .323  weak at every lag
 101 ORS1514  1500 1549     A     .300         0
 101 ORS1514  1800 1849     A     .276         0
 103 OR1518A  1725 1774     A     .294         0
 104 ORS1519  1675 1724     A     .262         0
 105 ORS1520  1725 1774     B     .229        -2      .417   .188
 105 ORS1520  1750 1799     A     .285         0
 105 ORS1520  1850 1899     A     .288         0
 106 ORS1521  1550 1599     B     .294        10      .319   .025  weak at every lag
 107 OR1522A  1650 1699     B     .342        -3      .462   .121
 107 OR1522A  1725 1774     A     .318         0
 107 OR1522A  1825 1874     B     .310         6      .375   .066
 107 OR1522A  1850 1899     B     .063        -9      .450   .386
 107 OR1522A  1875 1924     B     .154        -9      .302   .148  weak at every lag
 108 OR1522B  1825 1874     B     .185         2      .307   .123  weak at every lag
 109 OR1523B  1675 1724     B     .288         1      .305   .018  weak at every lag
 109 OR1523B  1700 1749     B     .233         1      .368   .135
 110 ORS1526  1300 1349     B     .131        -1      .357   .226
 110 ORS1526  1325 1374     B     .160        -6      .313   .153  weak at every lag
 111 ORS1527  1575 1624     A     .247         0
 111 ORS1527  1600 1649     A     .246         0
 112 ORS1528  1675 1724     A     .281         0
 112 ORS1528  1700 1749     A     .270         0
 113 ORS1529  1675 1724     B     .185        -2      .255   .069  weak at every lag
 113 ORS1529  1700 1749     A     .318         0
 114 ORS1530  1675 1724     B     .001       -10      .226   .225  weak at every lag
 114 ORS1530  1700 1749     A     .291         0
 114 ORS1530  1825 1874     A     .324         0
 117 ORS1533  1675 1724     B     .105         9      .270   .165  weak at every lag
 117 ORS1533  1700 1749     B    -.055         9      .292   .347  weak at every lag
 117 ORS1533  1725 1774     B     .179        -2      .341   .162
 117 ORS1533  1800 1849     A     .322         0
 117 ORS1533  1825 1874     B     .151        -1      .220   .069  weak at every lag
 117 ORS1533  1850 1899     A     .296         0
 117 ORS1533  1875 1924     A     .278         0
 119 ORS1535  1775 1824     A     .324         0
 119 ORS1535  1825 1874     B     .288         6      .406   .118
 119 ORS1535  1850 1899     A     .262         0
 120 ORS1538  1500 1549     A     .310         0
 122 ORS1541  1475 1524     A     .311         0
 122 ORS1541  1575 1624     B     .355         5      .391   .035
 122 ORS1541  1650 1699     B     .358        -4      .374   .016
 122 ORS1541  1750 1799     A     .311         0
 123 ORS1543  1800 1849     B     .233        -6      .335   .103
 124 ORS1544  1550 1599     A     .287         0
 124 ORS1544  1625 1674     B     .291        -1      .360   .069
 124 ORS1544  1650 1699     B     .094         1      .363   .269
 126 ORS1546  1675 1724     A     .324         0
 127 ORS1547  1725 1774     B     .018         9      .276   .258  weak at every lag
 128 ORS1548  1725 1774     B     .237         3      .294   .057  weak at every lag
 128 ORS1548  1750 1799     B     .009         4      .250   .241  weak at every lag
 128 ORS1548  1850 1899     A     .261         0
 129 ORS1549  1725 1774     B     .191         5      .309   .118  weak at every lag
 129 ORS1549  1750 1799     B     .328         3      .463   .135
 131 ORS1551  1525 1574     B     .305        10      .330   .026
 131 ORS1551  1550 1599     A     .323         0
 132 ORS1552  1550 1599     B     .270         1      .299   .029  weak at every lag
 132 ORS1552  1575 1624     B     .233         2      .240   .007  weak at every lag
 136 ORS1556  1650 1699     A     .283         0
 137 ORS1557  1650 1699     B     .392        -2      .428   .036
 137 ORS1557  1675 1724     B     .251        -2      .417   .166
 137 ORS1557  1800 1849     A     .325         0
 141 ORS1563  1475 1524     A     .327         0
 142 ORS1564  1650 1699     A     .290         0
 142 ORS1564  1675 1724     B     .222         9      .315   .093  weak at every lag
 142 ORS1564  1725 1774     B     .228         7      .255   .027  weak at every lag
 143 ORS1566  1700 1749     A     .285         0
 143 ORS1566  1725 1774     B     .140         6      .199   .059  weak at every lag
 143 ORS1566  1750 1799     B     .243         2      .385   .142
 143 ORS1566  1775 1824     B     .291         3      .295   .004  weak at every lag
 146 ORS1569  1825 1874     B     .146         2      .306   .160  weak at every lag
 146 ORS1569  1850 1899     A     .300         0
 147 ORS1570  1675 1724     B     .226        -1      .243   .017  weak at every lag
 147 ORS1570  1700 1749     B     .229        -9      .247   .018  weak at every lag
 151 ORS1576  1625 1674     A     .289         0
 151 ORS1576  1650 1699     A     .264         0
 151 ORS1576  1750 1799     A     .315         0
 152 ORS1579  1475 1524     A     .307         0
 154 ORS1583  1575 1624     B    -.026        -1      .325   .351  weak at every lag
 154 ORS1583  1600 1649     A     .314         0
 156 ORS1585  1525 1574     A     .322         0
 156 ORS1585  1550 1599     B     .219         5      .260   .041  weak at every lag
 158 ORS1588  1675 1724     A     .314         0
 158 ORS1588  1725 1774     B     .226         2      .229   .004  weak at every lag
 158 ORS1588  1750 1799     A     .230         0
 159 ORS1590  1525 1574     A     .250         0
 161 ORS1593  1600 1649     B     .346        -3      .388   .042
 161 ORS1593  1625 1674     B     .277        -3      .443   .166
 162 ORS1594  1750 1799     A     .229         0
 163 ORS1595  1750 1799     B     .243         8      .252   .009  weak at every lag
 165 OR4436B  1900 1949     A     .271         0
 165 OR4436B  1925 1974     B     .230        10      .271   .041  weak at every lag
 166 ORS4931  1650 1699     B     .335        -3      .363   .029
 169 OR4933A  1675 1724     A     .253         0
 173 ORS7300  1750 1799     B     .250         1      .461   .211
 175 ORS7342  1800 1849     B     .258       -10      .285   .027  weak at every lag
 175 ORS7342  1825 1874     B     .268       -10      .397   .130
 181 ORS7421  1725 1774     A     .323         0
 181 ORS7421  1750 1799     A     .305         0
 183 ORS7431  1500 1549     A     .300         0
 184 ORS7432  1750 1799     B     .197        10      .318   .121  weak at every lag
 184 ORS7432  1775 1824     B     .207        10      .339   .132
 184 ORS7432  1800 1849     A     .299         0
 188 ORS7471  1625 1674     A     .279         0
 188 ORS7471  1675 1724     A     .324         0
 188 ORS7471  1700 1749     A     .316         0
 189 ORS7472  1675 1724     A     .304         0
 189 ORS7472  1725 1774     A     .230         0
 190 ORS7481  1750 1799     A     .224         0
 191 ORS7482  1775 1824     A     .312         0
 197 2002     1575 1624     A     .248         0
 197 2002     1775 1824     B     .204         1      .345   .141
 197 2002     1800 1849     B     .326        10      .387   .061
 198 2003A    1675 1724     B     .028         4      .289   .260  weak at every lag
 198 2003A    1700 1749     B     .280        -7      .376   .096
 199 2003B    1625 1674     A     .250         0
 199 2003B    1650 1699     B     .081         8      .249   .169  weak at every lag
 199 2003B    1675 1724     B     .186        -1      .199   .014  weak at every lag
 199 2003B    1775 1824     B     .253        -9      .288   .035  weak at every lag
 199 2003B    1800 1849     B     .350         3      .396   .046
 200 2004A     925  974     A     .326         0
 200 2004A    1025 1074     B     .222        -7      .366   .143
 200 2004A    1050 1099     A     .319         0
 201 2004B     900  949     A     .311         0
 201 2004B    1125 1174     B     .161        -9      .311   .151  weak at every lag
 202 2005A    1100 1149     B     .210         2      .243   .033  weak at every lag
 202 2005A    1125 1174     B     .080        -7      .307   .226  weak at every lag
 202 2005A    1150 1199     B     .288        -7      .323   .035  weak at every lag
 203 2006A    1000 1049     A     .280         0
 205 2007A    1150 1199     B     .298         7      .398   .100
 207 2008A     900  949     B     .208        -2      .259   .050  weak at every lag
 207 2008A     925  974     A     .272         0
 207 2008A    1000 1049     A     .244         0
 207 2008A    1100 1149     A     .232         0
 208 2008B    1000 1049     B     .264        -3      .356   .092
 208 2008B    1025 1074     B     .333         9      .369   .036
 208 2008B    1100 1149     A     .323         0
 208 2008B    1125 1174     A     .322         0
 208 2008B    1225 1274     B     .499         8      .532   .033
 209 2014B    1725 1774     B     .373        -9      .376   .002
 215 2017B    1750 1799     A     .298         0
 215 2017B    1775 1824     B     .224        -9      .236   .013  weak at every lag
 215 2017B    1800 1849     A     .221         0
 216 2017A    1575 1624     A     .271         0
 216 2017A    1650 1699     B     .143        -3      .196   .052  weak at every lag
 216 2017A    1675 1724     B     .243        -3      .360   .117
 216 2017A    1700 1749     A     .302         0
 217 2018A    1725 1774     B     .129        -7      .259   .130  weak at every lag
 217 2018A    1750 1799     B     .248        -7      .378   .130
 218 2018B    1675 1724     B     .261        -5      .312   .051  weak at every lag
 218 2018B    1700 1749     A     .293         0
 218 2018B    1825 1874     A     .326         0
 223 2021C2A  1125 1174     A     .316         0
 223 2021C2A  1175 1224     B     .456       -10      .461   .005
 224 2021C2B  1025 1074     B     .326       -10      .383   .057
 231 ORS901   1825 1874     A     .237         0
 231 ORS901   1850 1899     A     .325         0
 232 ORS902   1550 1599     B     .270         5      .284   .013  weak at every lag
 232 ORS902   1725 1774     A     .304         0
 232 ORS902   1750 1799     A     .301         0
 232 ORS902   1900 1949     A     .279         0
 233 ORS903   1050 1099     B     .343         2      .373   .031
 234 ORS904   1050 1099     A     .310         0
 235 ORS905   1300 1349     A     .323         0
 236 ORS907   1475 1524     A     .279         0
 236 ORS907   1500 1549     A     .261         0
 236 ORS907   1575 1624     A     .310         0
 238 OR909A   1025 1074     B     .390       -10      .414   .024
 239 OR909B   1125 1174     B     .205         4      .217   .012  weak at every lag
 240 OR910A   1025 1074     B     .273        -5      .294   .021  weak at every lag
 240 OR910A   1050 1099     B     .413        -5      .426   .013
 240 OR910A   1425 1474     A     .322         0
 242 ORS914   1125 1174     A     .260         0
 242 ORS914   1175 1224     B     .377        -2      .382   .005
 242 ORS914   1225 1274     B     .275        -3      .315   .040  weak at every lag
 246 OR916A   1075 1124     A     .311         0
 246 OR916A   1100 1149     A     .287         0
 250 OR918A   1050 1099     B     .281        -7      .295   .015  weak at every lag
 251 OR918B    775  824     B     .196         6      .260   .064  weak at every lag
 251 OR918B    800  849     A     .297         0
 251 OR918B    850  899     B     .300         3      .348   .048
 251 OR918B    875  924     A     .260         0
 251 OR918B   1150 1199     B    -.102         1      .458   .560
 251 OR918B   1175 1224     B    -.014         1      .373   .388
 254 OR921A    925  974     B     .466        -1      .535   .069
 256 ORS922A  1225 1274     A     .266         0
 256 ORS922A  1250 1299     A     .215         0
 257 ORS922B  1125 1174     A     .271         0
 257 ORS922B  1150 1199     A     .321         0
 258 ORS808   1125 1174     A     .259         0
 259 ORS809    875  924     B     .235         2      .283   .049  weak at every lag
 259 ORS809   1100 1149     A     .294         0
 260 ORS810   1000 1049     A     .309         0
 261 ORS811   1050 1099     B     .157         3      .216   .059  weak at every lag
 261 ORS811   1075 1124     A     .272         0
 261 ORS811   1200 1249     B     .217        -8      .314   .097  weak at every lag
 261 ORS811   1225 1274     B     .358        -8      .510   .153
 262 ORS812    925  974     A     .312         0
 263 ORS813   1050 1099     B     .286        -1      .408   .121
 264 ORS814    975 1024     A     .305         0
 264 ORS814   1050 1099     B     .066        -1      .319   .253  weak at every lag
 264 ORS814   1075 1124     A     .311         0
 264 ORS814   1400 1449     B     .355        -8      .427   .072
 270 ORS818   1125 1174     B     .327        -4      .333   .007
 276 ORS821A  1075 1124     B     .337         4      .386   .049
 277 ORS821B  1125 1174     B     .132        -2      .285   .153  weak at every lag
 277 ORS821B  1150 1199     B     .177        -2      .195   .018  weak at every lag
 277 ORS821B  1175 1224     B     .297         2      .337   .041
 277 ORS821B  1375 1424     A     .326         0
 277 ORS821B  1400 1449     B     .198        -9      .259   .060  weak at every lag
 279 ORS822A  1300 1349     B     .220        -5      .281   .061  weak at every lag
 280 ORS822B  1075 1124     A     .301         0
 282 ORS823B  1100 1149     B     .246        -5      .275   .030  weak at every lag
 282 ORS823B  1125 1174     B     .082         8      .249   .166  weak at every lag
 283 ORS824   1050 1099     B     .213       -10      .238   .025  weak at every lag
 283 ORS824   1225 1274     A     .285         0
 289 ORS830    825  874     B     .174        -3      .259   .085  weak at every lag
 289 ORS830    850  899     B     .060        -7      .325   .264  weak at every lag
 289 ORS830    875  924     B     .163        -7      .309   .146  weak at every lag
 289 ORS830    900  949     B     .238        10      .374   .136
 289 ORS830    925  974     B     .317        10      .342   .026
 290 ORS831A  1050 1099     A     .295         0
 291 ORS831B   800  849     A     .258         0
 291 ORS831B   825  874     A     .285         0
 293 ORS832A  1200 1249     A     .235         0
 293 ORS832A  1225 1274     B     .219         7      .300   .081  weak at every lag
 294 ORS832B  1125 1174     A     .300         0
 297 ORS833B  1125 1174     B     .269         7      .387   .119
 299 ORS834   1125 1174     B     .209         3      .228   .019  weak at every lag
 300 OR837A    800  849     A     .318         0
 301 OR837B    775  824     B     .220        -5      .269   .049  weak at every lag
 302 842      1000 1049     B     .268        -2      .268   .001  weak at every lag
 303 842B      700  749     A     .266         0
 304 843       875  924     A     .226         0
 304 843      1050 1099     B     .182        -5      .210   .029  weak at every lag
 304 843      1075 1124     B     .264         2      .330   .065
 304 843      1125 1174     B     .276        -3      .321   .044  weak at every lag
 305 845       700  749     B     .375         4      .521   .146
 305 845       800  849     A     .183         0
 306 845B      700  749     B     .406         4      .431   .025
 306 845B      800  849     B     .464         3      .497   .032
 307 846      1050 1099     B     .299        -5      .358   .059
 311 853       925  974     B     .239         1      .267   .028  weak at every lag
 312 856      1150 1199     A     .297         0
 312 856      1175 1224     B     .190       -10      .244   .054  weak at every lag
 313 858      1650 1699     B     .208        -7      .231   .023  weak at every lag
 314 859      1725 1774     A     .328         0
 318 863      1625 1674     A     .284         0
 321 869      1050 1099     B     .107        -1      .336   .230
 321 869      1125 1174     A     .287         0
 322 871       925  974     A     .293         0
 324 872B      900  949     B     .325         2      .351   .026
 324 872B     1400 1449     B     .196         4      .256   .060  weak at every lag
 327 875      1625 1674     B     .324        -1      .392   .067
 327 875      1650 1699     B     .228        -1      .302   .074  weak at every lag
 327 875      1725 1774     B     .173        -5      .236   .063  weak at every lag
 327 875      1750 1799     B     .323         9      .510   .187
 327 875      1800 1849     B     .412        -9      .483   .071
 327 875      1825 1874     B     .093        -9      .364   .271

 DESCRIPTIVE STATISTICS: newz121
-----------------------------------------------------------------------------------------------------------------------------------

                                                Corr   //-------- Unfiltered --------\\  //-- dplR filtered --\\
                           No.    No.    No.    with   Mean   Max     Std   Auto   Mean   Max     Std   Auto  AR
 Seq Series   Interval   Years  Segmt  Flags   Master  msmt   msmt    dev   corr   sens  value    dev   corr  ()
 --- -------- ---------  -----  -----  -----   ------ -----  -----  -----  -----  -----  -----  -----  -----  --
   1 OR0048A  1520 1999    480     18      0    .683    .59   1.20   .182   .704   .185   1.69   .188  -.006   1
   2 OR0044A  1490 1999    510     19      0    .638    .60   1.31   .210   .785   .188   1.55   .185   .000   1
   3 OR0111A  1700 1999    300     10      0    .560    .60   1.50   .174   .700   .174   1.71   .172   .016   1
   4 OR0050A  1730 1999    270      9      0    .519    .69   1.24   .215   .758   .183   1.49   .178   .007   3
   5 OR0102A  1689 1998    310     10      0    .555    .54   1.16   .205   .780   .205   1.50   .196  -.019   3
   6 OR0047A  1550 1997    448     15      0    .557    .37   1.14   .153   .783   .215   1.57   .202  -.023   3
   7 OR0005A  1617 1998    382     13      0    .536    .49   1.06   .181   .850   .158   1.46   .167  -.029   1
   8 OR2094A  1234 1998    765     28      0    .647    .63   1.51   .318   .916   .165   1.52   .164  -.003   2
   9 OR2094B  1399 1977    579     21      0    .632    .66   1.42   .273   .878   .159   1.51   .158  -.005   3
  10 OR0043A  1540 1996    457     16      2    .525    .46   1.28   .213   .852   .197   2.33   .218   .003   2
  11 OR0042A  1609 1999    391     14      2    .453    .67   1.66   .284   .894   .157   1.55   .166   .040   2
  12 OR2096A  1631 1999    369     13      0    .515    .66   1.46   .292   .909   .145   1.50   .143   .010   2
  13 OR2096B  1530 1975    446     16      1    .486    .48   1.05   .185   .807   .195   1.89   .197  -.001   1
  14 OR0053A  1519 1999    481     18      1    .562    .54   1.19   .205   .795   .196   1.84   .202  -.009   1
  15 OR0104A  1553 1997    445     15      0    .539    .64   1.59   .213   .759   .198   1.55   .197   .007   1
  16 OR2097A  1570 1997    428     15      3    .430    .59   1.28   .243   .856   .182   1.88   .184  -.000   2
  17 OR2098B  1600 1975    376     13      3    .431    .52   1.38   .233   .880   .187   1.70   .194  -.016   3
  18 OR2098A  1600 1949    350     12      1    .452    .63   1.39   .203   .776   .166   1.80   .188  -.028   1
  19 OR2017A  1554 1999    446     16      2    .460    .50   1.41   .256   .891   .202   1.80   .194  -.004   1
  20 OR2046A  1713 1998    286      9      0    .545    .55   1.64   .256   .859   .194   1.62   .190  -.017   1
  21 OR2090A  1594 1916    323     11      0    .579    .53   1.24   .231   .881   .154   1.78   .162  -.021   1
  22 OR2099A  1720 1999    280     10      1    .435    .59   1.46   .258   .845   .213   1.67   .217  -.021   3
  23 OR0045A  1725 1999    275      9      0    .472    .57   1.51   .230   .817   .185   1.70   .188  -.004   1
  24 OR2100A  1580 1999    420     15      0    .480    .57   1.31   .207   .849   .176   1.48   .180  -.010   3
  25 OR0049B  1757 1999    243      8      0    .530    .50   1.13   .162   .791   .175   1.80   .172   .002   2
  26 OR2100B  1592 1991    400     14      0    .476    .56   1.31   .233   .850   .190   1.67   .197  -.003   1
  27 OR2094C  1263 1883    621     23      0    .596    .49   1.17   .185   .791   .207   1.54   .199   .003   2
  28 OR2090B  1536 1999    464     17      1    .525    .43   1.53   .241   .920   .167   1.83   .178  -.018   1
  29 ORS161A  1500 1993    494     17      2    .466    .49   1.04   .158   .761   .173   2.83   .188   .000   2
  30 ORS161B  1638 1997    360     12      1    .540    .83   1.40   .160   .633   .131   1.36   .128  -.014   1
  31 ORS162B  1380 1675    296     10      0    .579    .43   1.00   .148   .809   .167   1.74   .172  -.003   2
  32 OS162B2  1381 1675    295     10      0    .594    .43   1.01   .149   .791   .177   1.75   .174   .001   2
  33 ORS163A  1620 1997    378     13      0    .567    .49    .85   .163   .812   .169   1.69   .165   .004   2
  34 ORS163B  1620 1950    331     12      1    .528    .52   1.06   .216   .843   .186   1.61   .186  -.009   2
  35 ORS166A  1120 1955    836     32     10    .380    .35   1.14   .161   .784   .232   2.13   .232  -.001   1
  36 ORS1701  1136 1823    688     25      3    .546    .47   1.07   .162   .859   .147   1.61   .153  -.006   1
  37 ORS170B  1150 1369    220      6      1    .286    .46   1.05   .178   .820   .195   3.09   .238   .148   1
  38 ORS171A  1650 1984    335     11      1    .450    .37    .77   .142   .852   .187   1.77   .192   .001   1
  39 ORS172   1653 1997    345     11      0    .552    .67   1.22   .182   .768   .150   1.59   .148  -.018   3
  40 ORS173   1750 1858    109      2      0    .568    .52    .91   .141   .705   .159   1.43   .159  -.021   1
  41 ORS174A  1104 1664    561     20      1    .517    .53   1.78   .218   .821   .179   1.78   .192  -.009   1
  42 ORS1751  1256 1801    546     20      0    .599    .62   1.11   .185   .863   .125   1.52   .130   .007   2
  43 OS175B1  1493 1767    275      9      0    .566    .54   1.10   .199   .864   .150   1.49   .159   .003   1
  44 ORS179B  1622 1997    376     13      0    .616    .71   1.99   .197   .609   .179   1.96   .182  -.003   1
  45 ORS181A  1676 1890    215      6      0    .463    .55   1.21   .221   .831   .193   1.68   .200  -.014   1
  46 ORS182A  1269 1505    237      8      1    .485    .65   1.42   .274   .922   .127   1.37   .124  -.004   1
  47 ORS184A  1618 1997    380     13      1    .463    .68   1.48   .238   .835   .160   1.58   .167  -.011   3
  48 ORS184N  1590 1837    248      8      0    .550    .68   1.27   .224   .833   .150   1.74   .164  -.044   1
  49 ORS185A  1491 1975    389                          .60   1.82   .284   .833   .210                         
  50 ORS185B  1541 1986    335                          .63   2.60   .277   .802   .183                         
  51 ORS186A  1650 1949    300     10      3    .424    .53   1.12   .214   .850   .187   2.14   .196  -.019   1
  52 ORS186N  1570 1997    428     15      3    .471    .59   1.34   .227   .792   .213   1.92   .213  -.004   3
  53 ORS187B  1570 1848    279      9      0    .509    .42    .84   .151   .798   .193   1.60   .193  -.028   1
  54 ORS188W  1583 1997    415     14      0    .522    .61   1.14   .180   .808   .155   1.44   .151  -.002   3
  55 ORS190A  1582 1798    217      6      3    .404    .50   1.28   .182   .784   .187   1.73   .198   .002   1
  56 ORS191N  1700 1997    298      9      1    .538    .66   1.13   .167   .726   .147   1.75   .161  -.023   1
  57 ORS192S  1436 1734    299     10      1    .461    .55   1.10   .216   .901   .151   1.76   .162  -.017   1
  58 ORS193   1491 1908    418     15      0    .545    .56   1.10   .169   .697   .192   2.23   .200  -.013   1
  59 ORS193A  1650 1885    236      7      0    .666    .61    .98   .151   .633   .175   1.52   .171   .026   1
  60 ORS194N  1581 1950    370     13      0    .649    .63   1.47   .224   .789   .173   1.53   .177   .017   1
  61 ORS195A  1507 1849    343     12      0    .511    .41    .83   .149   .781   .185   1.77   .190   .001   1
  62 ORS196N  1491 1780    290     10      1    .492    .64   1.42   .246   .823   .188   1.63   .186  -.007   1
  63 ORS197A  1680 1950    271      9      0    .513    .80   1.49   .227   .806   .147   1.50   .154   .008   2
  64 ORS197B  1670 1997    328     11      3    .471    .81   1.68   .283   .835   .162   1.50   .167  -.007   1
  65 ORS197S  1654 1997    344     11      4    .409    .81   1.74   .282   .822   .169   1.51   .174  -.023   1
  66 ORS198A  1685 1883    199      6      0    .399    .53    .93   .174   .807   .173   1.44   .170   .005   1
  67 ORS199A  1600 1864    265      8      0    .499    .49   1.09   .204   .841   .194   1.66   .200   .036   1
  68 ORS199C  1600 1877    278      9      0    .455    .52   1.18   .158   .721   .183   1.63   .191   .010   2
  69 ORS200S  1630 1997    368     12      0    .570    .68   1.30   .143   .632   .138   1.44   .137  -.001   1
  70 ORS200N  1576 1997    422     14      0    .496    .59   1.09   .249   .910   .147   1.82   .170  -.014   1
  71 ORS201B  1579 1900    322     11      0    .568    .65   1.38   .242   .874   .160   1.62   .161   .020   1
  72 ORS201N  1700 1997    298      9      0    .619    .72   1.24   .178   .682   .163   1.55   .167  -.005   1
  73 ORS207S  1494 1874    381     14      0    .554    .48   1.01   .152   .685   .186   1.78   .195   .020   1
  74 ORS208B  1462 1680    219      7      0    .482    .44   1.00   .175   .790   .219   1.80   .216  -.015   1
  75 ORS210A  1684 1975    292     10      0    .534    .72   1.17   .169   .586   .174   1.61   .169  -.001   3
  76 ORS211N  1700 1949    250      8      0    .501    .86   1.84   .257   .726   .168   1.72   .185  -.001   1
  77 ORS213S  1130 1649    520     19      3    .463    .51   1.44   .226   .882   .178   1.75   .190  -.016   1
  78 ORS213W  1294 1599    306     11      1    .517    .43   1.07   .198   .866   .192   1.50   .196  -.005   1
  79 ORS4472  1749 1909    161      5      0    .478   1.06   1.78   .225   .688   .136   1.34   .138  -.023   1
  80 ORS4473  1284 1454    171      5      0    .592    .55    .96   .131   .727   .149   1.44   .149  -.045   3
  81 OR4474B  1141 1582    442     16      5    .365    .39    .76   .101   .619   .183   1.59   .177  -.012   1
  82 OR4476A  1618 1779    162      5      0    .533    .97   1.79   .267   .645   .182   1.77   .185   .019   1
  83 OR4476B  1582 1849    268      9      0    .487    .97   1.91   .313   .749   .185   1.62   .191   .013   1
  84 OR4478A  1490 1880    391     14      1    .538    .56   1.21   .169   .621   .201   1.58   .195   .011   1
  85 OR4478B  1518 1829    312     11      1    .485    .57   1.23   .203   .714   .218   1.58   .204  -.003   1
  86 OR4479A  1500 1860    361     13      1    .495    .52   1.00   .161   .748   .179   1.52   .161   .029   0
  87 OR4479B  1467 1864    398     14      0    .498    .59   1.30   .155   .669   .166   1.59   .148   .001   0
  88 OR4480A  1467 1699    233      8      1    .420    .69   1.33   .223   .898   .123   1.35   .118  -.008   1
  89 ORS4911   920 1359    440     16      4    .429    .47   1.50   .188   .808   .178   2.06   .200  -.004   3
  90 ORS4912   816 1360    545     20      1    .491    .52   1.40   .228   .856   .205   1.75   .196   .007   2
  91 ORS4913  1113 1576    464     17      1    .519    .64   1.48   .198   .781   .164   1.59   .171   .004   3
  92 ORS1502   982 1316    335     11      2    .438    .81   1.34   .239   .889   .123   1.39   .122  -.004   2
  93 ORS1504  1749 1869    121      2      0    .549    .36    .63   .102   .569   .216   1.47   .223   .014   3
  94 ORS1505  1691 1907    217      7      2    .510    .59   1.10   .188   .703   .194   1.66   .188  -.058   3
  95 ORS1506  1534 1875    342     12      0    .529    .42   1.04   .164   .737   .212   1.80   .222  -.022   1
  96 ORS1507  1550 1799    250      8      1    .486    .49   1.09   .201   .812   .193   1.57   .195  -.030   1
  97 ORS1509  1547 1814    268      9      0    .538    .40   1.15   .165   .771   .224   1.88   .226   .012   2
  98 ORS1510  1466 1860    395     14      3    .405    .39    .98   .131   .642   .208   2.37   .227  -.006   2
  99 ORS1512   980 1238    259      8      4    .371    .60   1.47   .307   .920   .168   1.77   .190   .020   1
 100 ORS1513  1650 1899    250      8      1    .390    .28    .71   .127   .778   .246   2.02   .248  -.011   1
 101 ORS1514  1491 1855    365     13      2    .492    .56   1.58   .228   .847   .175   1.74   .186  -.012   1
 102 ORS1516  1565 1929    365     13      0    .450    .33    .67   .107   .643   .229   1.65   .215  -.001   1
 103 OR1518A  1680 1845    166      4      1    .421    .30    .64   .109   .698   .245   1.72   .247  -.024   3
 104 ORS1519  1650 1914    265      8      1    .384    .60   1.67   .258   .843   .194   1.77   .204  -.027   1
 105 ORS1520  1700 1908    209      6      3    .257    .44   1.17   .233   .876   .223   1.59   .227  -.010   1
 106 ORS1521  1520 1892    373     13      1    .503    .46   1.15   .150   .718   .193   1.60   .194   .006   2
 107 OR1522A  1598 1946    349     12      5    .367    .46   1.07   .190   .604   .267   1.83   .271   .006   2
 108 OR1522B  1609 1893    285      9      1    .403    .49   1.24   .191   .692   .250   1.95   .245  -.003   1
 109 OR1523B  1600 1799    200      6      2    .446    .44    .98   .161   .648   .231   1.85   .230   .002   2
 110 ORS1526  1144 1560    417     15      2    .413    .59   1.57   .286   .880   .204   1.52   .196   .004   1
 111 ORS1527  1554 1878    325     11      2    .444    .39    .71   .106   .706   .171   1.52   .174  -.004   3
 112 ORS1528  1640 1919    280      9      2    .541    .55    .93   .129   .683   .152   1.67   .157  -.007   3
 113 ORS1529  1650 1897    248      7      2    .448    .52   1.05   .168   .784   .161   1.61   .175   .038   2
 114 ORS1530  1650 1927    278      9      3    .335    .40    .73   .133   .741   .195   1.59   .193  -.013   1
 115 OR1531B  1528 1754    227      7      0    .496    .64   1.11   .152   .531   .169   2.20   .180  -.002   1
 116 ORS1532  1440 1610    171      5      0    .523    .67   1.32   .266   .830   .188   1.58   .196  -.035   1
 117 ORS1533  1519 1979    461     17      7    .351    .33    .88   .149   .834   .193   1.69   .199   .003   1
 118 ORS1534  1600 1916    317     10      0    .423    .37    .73   .114   .796   .153   1.70   .166  -.018   3
 119 ORS1535  1750 1911    162      4      3    .326    .40    .56   .065   .468   .134   1.28   .126   .010   1
 120 ORS1538  1490 1720    231      7      1    .446    .50   1.59   .253   .825   .224   1.69   .227  -.008   2
 121 ORS1539  1613 1801    189      6      0    .396    .39    .71   .131   .665   .208   1.57   .205   .094   0
 122 ORS1541  1450 1854    405     14      4    .402    .49   1.05   .148   .769   .162   1.45   .156  -.002   2
 123 ORS1543  1521 1856    336     12      1    .581    .41   1.04   .175   .825   .197   1.73   .191   .001   1
 124 ORS1544  1462 1719    258      8      3    .356    .27    .69   .110   .834   .200   1.61   .198  -.037   3
 125 ORS1545  1672 1876    205      7      0    .529    .42    .78   .099   .573   .173   1.71   .171   .034   2
 126 ORS1546  1520 1821    302     10      1    .517    .35    .70   .118   .706   .183   1.81   .205   .012   1
 127 ORS1547  1505 1922    418     14      1    .549    .55   1.42   .218   .828   .182   1.57   .176   .016   3
 128 ORS1548  1529 1899    371     13      3    .415    .50    .95   .149   .866   .121   1.39   .123   .005   2
 129 ORS1549  1573 1849    277     10      2    .437    .40    .79   .131   .713   .225   1.69   .220   .004   1
 130 ORS1550  1583 1745    163      4      0    .545    .35    .67   .110   .723   .190   1.63   .178   .012   3
 131 ORS1551  1501 1730    230      7      2    .505    .41   1.12   .172   .767   .248   1.70   .238   .011   2
 132 ORS1552  1540 1779    240      8      2    .441    .28    .82   .120   .708   .250   2.11   .260  -.026   3
 133 ORS1553  1520 1929    410     15      0    .593    .34    .87   .128   .713   .236   1.81   .235  -.005   3
 134 ORS1554  1557 1790    234      7      0    .583    .52   1.08   .182   .789   .175   1.60   .179  -.015   1
 135 ORS1555  1570 1849    280     10      0    .502    .39    .80   .148   .831   .179   1.50   .182   .016   1
 136 ORS1556  1557 1779    223      7      1    .491    .33    .80   .144   .759   .258   1.53   .241  -.001   1
 137 ORS1557  1600 1860    261      8      3    .354    .39    .80   .136   .751   .201   1.60   .202  -.001   1
 138 ORS1558  1488 1739    252      8      0    .449    .65   1.15   .232   .871   .154   1.65   .152   .011   1
 139 ORS1559  1461 1669    209      6      0    .425    .44   1.21   .205   .811   .206   1.86   .211  -.005   1
 140 ORS1561  1430 1649    220      7      0    .523    .50   1.03   .214   .837   .208   1.73   .217   .007   2
 141 ORS1563  1450 1756    307     10      1    .386    .50   1.11   .180   .821   .193   1.77   .192  -.006   1
 142 ORS1564  1480 1779    300     10      3    .367    .34    .76   .143   .779   .217   1.83   .231   .005   1
 143 ORS1566  1548 1829    282      9      4    .387    .31    .67   .107   .690   .224   1.73   .214  -.003   3
 144 ORS1567  1569 1834    266      9      0    .468    .54   1.19   .173   .673   .213   1.79   .216  -.017   3
 145 ORS1568  1675 1842    168      4      0    .496    .45    .78   .127   .816   .132   1.38   .135  -.019   3
 146 ORS1569  1700 1909    210      6      2    .428    .33    .70   .124   .796   .183   1.45   .175  -.022   1
 147 ORS1570  1625 1866    242      8      2    .387    .37    .71   .138   .732   .208   1.54   .196   .058   0
 148 ORS1571  1700 1861    162      4      0    .498    .42    .71   .112   .699   .175   1.52   .179   .007   1
 149 ORS1573  1700 1873    174      4      0    .486    .48    .83   .144   .766   .167   1.34   .162  -.007   3
 150 ORS1575  1520 1769    250      8      0    .593    .36    .75   .139   .806   .174   1.88   .174  -.013   1
 151 ORS1576  1511 1809    299     10      3    .423    .39    .77   .149   .741   .232   1.66   .227   .002   3
 152 ORS1579  1464 1769    306     10      1    .472    .33    .65   .120   .768   .198   1.69   .197  -.021   1
 153 ORS1580  1700 1878    179      5      0    .526    .28    .57   .079   .530   .230   1.57   .201   .016   3
 154 ORS1583  1500 1829    330     11      2    .406    .26    .82   .116   .827   .217   1.83   .211  -.007   1
 155 ORS1584  1520 1827    308     11      0    .508    .38    .83   .118   .711   .190   1.63   .193   .005   1
 156 ORS1585  1435 1973    539     19      2    .462    .35    .93   .135   .798   .187   1.85   .198  -.014   3
 157 ORS1587  1500 1909    410     14      0    .585    .48   1.24   .161   .760   .189   1.46   .177   .012   2
 158 ORS1588  1650 1969    320     10      3    .491    .42    .81   .132   .773   .172   1.42   .169  -.014   3
 159 ORS1590  1510 1899    390     14      1    .468    .37   1.08   .188   .872   .200   1.76   .208   .004   1
 160 ORS1592  1600 1850    251      8      0    .476    .35    .71   .103   .662   .201   1.90   .200   .015   3
 161 ORS1593  1560 1919    360     12      2    .405    .31    .65   .101   .678   .215   1.66   .199   .008   3
 162 ORS1594  1630 1841    212      6      1    .419    .36    .78   .134   .859   .168   1.62   .170  -.011   3
 163 ORS1595  1655 1907    253      8      1    .516    .34    .68   .097   .627   .192   1.46   .182   .002   1
 164 ORS1597  1500 1965    466     16      0    .573    .41    .90   .135   .728   .189   1.75   .194   .005   2
 165 OR4436B  1760 1978    219      7      2    .389    .58   1.45   .226   .844   .172   1.64   .190  -.024   3
 166 ORS4931  1553 1998    446     15      1    .489    .49   1.02   .156   .651   .208   1.91   .222  -.008   1
 167 OR4933B  1609 1998    390     13      0    .568    .96   1.75   .277   .776   .158   1.58   .151  -.022   3
 168 ORS4935  1750 1998    249      7      0    .553   1.15   2.19   .248   .531   .159   1.50   .158  -.009   1
 169 OR4933A  1650 1998    349     11      1    .516   1.06   1.78   .256   .713   .148   1.41   .141   .011   1
 170 ORS4930  1490 1998    509     18      0    .594    .60   1.68   .239   .843   .182   1.65   .165   .006   0
 171 ORS1432  1460 1841    382     13      0    .606    .48   1.08   .168   .733   .206   1.55   .198  -.038   2
 172 ORSSP1   1729 1998    270      8      0    .563    .39    .72   .119   .631   .214   1.52   .197   .005   3
 173 ORS7300  1636 1970    335     11      1    .466    .78   1.87   .282   .879   .140   1.58   .151   .003   2
 174 ORS7341  1640 1910    271      9      0    .565    .72   1.27   .196   .678   .167   1.62   .175   .025   1
 175 ORS7342  1661 1969    309     10      2    .443    .59   1.44   .212   .800   .201   1.87   .209   .009   3
 176 ORS7351  1590 1965    376     13      0    .542    .66   1.45   .171   .790   .127   1.43   .132   .006   1
 177 ORS7352  1640 1830    191      6      0    .435    .65   1.19   .170   .856   .113   1.39   .113   .015   3
 178 ORS7361  1624 1760    137      4      0    .432    .49   1.02   .174   .541   .281   1.89   .278   .006   1
 179 ORS7362  1620 1989    370     13      0    .543    .61   1.22   .200   .626   .247   1.64   .230  -.031   3
 180 ORS7400  1712 1935    224      7      0    .569    .63   1.63   .254   .865   .179   1.53   .182  -.002   1
 181 ORS7421  1637 1860    224      7      2    .373    .98   2.05   .357   .829   .176   1.45   .185   .004   2
 182 ORS7422  1632 1840    209      6      0    .492    .88   1.66   .275   .820   .149   1.46   .156  -.015   3
 183 ORS7431  1480 1935    456     16      1    .570    .59   1.52   .237   .846   .163   1.57   .167   .001   3
 184 ORS7432  1590 1849    260      9      3    .427    .56    .98   .168   .712   .169   1.92   .183   .001   1
 185 ORS7442  1610 1922    313     10      0    .606    .63   1.83   .350   .912   .204   1.74   .202  -.014   3
 186 ORS7451  1650 1880    231      7      0    .503    .62   1.02   .134   .718   .131   1.40   .133   .003   2
 187 ORS7452  1600 1910    311     10      0    .517    .49   1.06   .174   .846   .168   1.57   .174  -.012   3
 188 ORS7471  1615 1969    355     12      3    .438    .57   1.21   .177   .710   .194   1.85   .183   .003   2
 189 ORS7472  1604 1840    237      7      2    .437    .52   1.31   .238   .871   .202   1.66   .197  -.006   1
 190 ORS7481  1696 1998    303     10      1    .575    .73   1.38   .263   .811   .181   1.74   .179   .036   2
 191 ORS7482  1705 1998    294      9      1    .467    .77   1.37   .197   .635   .180   1.83   .174   .007   2
 192 ORS7490  1603 1921    319     10      0    .559    .81   1.79   .270   .851   .156   1.65   .160  -.004   1
 193 ORS7501  1680 1885    206      6      0    .486    .61    .98   .166   .637   .195   1.47   .191  -.001   1
 194 ORS7502  1679 1949    271      9      0    .473    .73   1.39   .259   .818   .177   1.53   .183   .010   3
 195 2001A     995 1307    313     11      0    .560    .41    .75   .130   .775   .179   1.54   .185   .020   1
 196 2001B    1078 1323    246      7      0    .643    .44    .73   .120   .648   .186   1.57   .191  -.006   2
 197 2002     1550 1849    300     10      3    .387    .74   1.85   .349   .840   .192   1.65   .203  -.003   2
 198 2003A    1650 1929    280      9      2    .435    .70   1.47   .278   .896   .143   1.37   .146   .033   3
 199 2003B    1604 1912    309     10      5    .298    .65   1.50   .364   .930   .166   1.76   .174   .016   1
 200 2004A     897 1289    393     14      3    .487    .49   1.40   .178   .741   .213   1.68   .208  -.005   1
 201 2004B     898 1266    369     13      2    .457    .47   1.09   .191   .790   .206   1.60   .209  -.005   1
 202 2005A    1043 1343    301     10      3    .402    .44    .85   .140   .682   .202   1.54   .202  -.006   1
 203 2006A     950 1142    193      5      1    .352    .50    .86   .150   .825   .136   1.52   .145   .017   1
 204 2006B    1037 1139    103      2      0    .366    .55    .78   .105   .747   .111   1.29   .113   .077   3
 205 2007A    1127 1358    232      7      1    .492    .71   1.42   .255   .799   .187   1.65   .196   .030   1
 206 2007B    1143 1392    250      8      0    .489    .88   1.80   .317   .858   .165   1.71   .176  -.028   1
 207 2008A     884 1335    452     16      4    .367    .44   1.15   .218   .869   .206   1.80   .209  -.017   3
 208 2008B     924 1330    407     14      5    .381    .47   1.08   .176   .821   .195   1.74   .198  -.005   3
 209 2014B    1590 1934    345     12      1    .597    .75   1.57   .286   .841   .165   1.62   .163  -.023   3
 210 2014A    1610 1930    321     11      0    .593    .75   1.44   .243   .781   .176   1.51   .175  -.022   3
 211 2015A    1575 1892    318     10      0    .559    .59   1.28   .200   .782   .182   1.54   .187  -.009   3
 212 2015B    1575 1888    314     10      0    .535    .63   1.26   .197   .775   .172   1.61   .182  -.007   2
 213 2016A    1550 1919    370     12      0    .596    .67   1.28   .184   .769   .145   1.46   .149   .001   2
 214 2016B    1550 1928    379     13      0    .524    .73   1.42   .235   .846   .145   1.57   .142  -.005   1
 215 2017B    1600 1901    302     10      3    .389    .74   1.20   .188   .793   .134   1.41   .135   .007   2
 216 2017A    1527 1889    363     12      4    .373    .72   1.40   .248   .856   .155   1.80   .168  -.007   3
 217 2018A    1630 1896    267      8      2    .496   1.05   1.74   .300   .831   .137   1.55   .150  -.011   2
 218 2018B    1630 1918    289      9      3    .377   1.06   2.22   .325   .840   .141   1.43   .149  -.017   3
 219 2019A-1  1074 1683    610     23      0    .487    .68   1.26   .246   .882   .150   1.57   .158  -.017   1
 220 2019A-2  1093 1523    431     15      0    .584    .63   1.16   .218   .830   .182   1.71   .175  -.011   3
 221 2021A     991 1506    516     19      0    .605    .60   1.41   .212   .827   .173   1.53   .179  -.016   3
 222 2021B    1142 1444    303     10      0    .614    .77   1.31   .221   .806   .146   1.50   .148  -.010   3
 223 2021C2A   871 1508    638     24      2    .567    .54   1.16   .165   .754   .172   1.46   .169  -.002   2
 224 2021C2B   842 1458    617     23      1    .578    .54   1.37   .191   .836   .158   1.60   .162   .005   2
 225 2022A     931 1483    553     20      0    .671    .39    .94   .139   .652   .243   1.81   .239  -.015   3
 226 2022B     921 1460    540     20      0    .641    .38   1.25   .173   .768   .257   1.93   .253  -.021   3
 227 2023A     974 1329    356     12      0    .623    .44   1.23   .162   .737   .210   1.60   .216  -.001   3
 228 2023B     970 1212    243      8      0    .607    .41    .93   .131   .628   .234   1.54   .221  -.011   3
 229 2048A     977 1443    467     16      0    .550    .40    .89   .150   .867   .163   1.66   .162  -.006   3
 230 2048B     977 1352    376     13      0    .512    .41    .94   .182   .889   .166   1.63   .161  -.011   1
 231 ORS901   1628 1924    297     10      2    .395    .70   1.43   .235   .836   .164   1.62   .176  -.008   2
 232 ORS902   1512 1949    438     16      4    .423    .81   1.38   .207   .783   .132   1.66   .145  -.003   2
 233 ORS903    950 1210    261      8      1    .430    .57   1.44   .236   .834   .182   1.58   .195  -.028   3
 234 ORS904    950 1620    671     24      1    .572    .63   1.17   .156   .704   .157   1.62   .158  -.007   3
 235 ORS905   1007 1439    433     15      1    .579    .79   1.30   .162   .638   .139   1.40   .143  -.005   3
 236 ORS907   1380 1738    359     12      3    .393    .47    .94   .223   .834   .233   1.98   .240   .002   1
 237 ORS908   1514 1912    399     14      0    .528    .83   1.66   .293   .847   .161   1.55   .161   .024   1
 238 OR909A    933 1236    304     10      1    .435    .78   1.36   .233   .697   .198   1.45   .184   .004   3
 239 OR909B    923 1265    343     12      1    .482    .77   1.40   .216   .700   .180   1.92   .174   .000   2
 240 OR910A   1007 1536    530     19      3    .487    .83   2.13   .283   .808   .168   1.68   .181  -.020   3
 241 ORS913   1650 1957    308     10      0    .596    .74   1.51   .255   .795   .174   1.72   .183  -.023   3
 242 ORS914    954 1499    546     20      3    .444    .58   1.67   .216   .795   .190   1.79   .192   .005   2
 243 OR915A    768 1125    358     13      0    .504    .66   1.34   .268   .803   .217   1.69   .213  -.002   1
 244 OR915B    772 1057    286     10      0    .545    .66   1.56   .316   .847   .231   1.92   .212  -.002   1
 245 OR915C    800 1127    328     11      0    .577    .67   1.34   .206   .742   .173   1.48   .167  -.007   1
 246 OR916A    700 1171    472     16      2    .446    .73   1.49   .272   .810   .182   2.04   .188  -.011   1
 247 OR916B    755 1148    394     13      0    .492    .58   1.42   .285   .869   .203   1.76   .210  -.012   1
 248 OR916C    706 1135    430     15      0    .549    .48   1.28   .211   .845   .183   1.68   .188   .002   1
 249 OR917A    833 1153    321     11      0    .693    .73   1.49   .237   .766   .177   1.59   .179   .011   1
 250 OR918A    841 1414    574     21      1    .529    .51   1.21   .227   .894   .172   1.89   .176  -.007   3
 251 OR918B    770 1310    541     20      6    .379    .31    .85   .114   .770   .193   2.04   .202   .013   2
 252 ORS919    801 1022    222      6      0    .646    .73   1.47   .191   .685   .166   1.51   .158  -.006   3
 253 OR920A    971 1376    406     15      0    .603    .46    .99   .195   .839   .186   1.59   .188   .005   1
 254 OR921A    820 1127    308     11      1    .516    .58   1.31   .284   .872   .211   1.64   .204  -.006   1
 255 OR921B    820 1120    301     10      0    .557    .48   1.44   .253   .880   .222   1.55   .204  -.033   3
 256 ORS922A   859 1312    454     16      2    .435    .43    .93   .164   .699   .250   1.81   .234   .004   1
 257 ORS922B   960 1244    285      9      2    .486    .40    .98   .148   .681   .230   1.82   .224  -.017   1
 258 ORS808    911 1242    332     11      1    .533    .75   1.48   .222   .807   .154   1.44   .157   .004   1
 259 ORS809    870 1249    380     14      2    .418    .48   1.31   .231   .838   .211   1.90   .215   .010   3
 260 ORS810    984 1294    311     10      1    .501    .59   1.18   .188   .903   .112   1.37   .118  -.031   1
 261 ORS811    880 1278    399     14      4    .460    .52   1.11   .221   .857   .195   2.34   .210  -.014   3
 262 ORS812    920 1477    558     21      1    .581    .51   1.09   .200   .860   .169   1.84   .178  -.010   3
 263 ORS813   1020 1366    347     12      1    .491    .49   1.32   .213   .848   .198   1.58   .183   .011   2
 264 ORS814    920 1548    629     23      4    .482    .56   1.17   .202   .870   .148   1.71   .158  -.004   1
 265 ORS815   1117 1525    409     15      0    .463    .47    .91   .125   .693   .159   1.71   .165  -.008   3
 266 ORS816A  1174 1485    312     10      0    .649    .58   1.04   .134   .765   .125   1.40   .125   .041   2
 267 ORS816B  1122 1504    383     14      0    .682    .41   1.13   .210   .889   .196   1.67   .191  -.012   3
 268 ORS816C  1153 1427    275      9      0    .675    .34    .64   .113   .614   .226   1.76   .225   .001   1
 269 ORS817    940 1310    371     13      0    .586    .67   1.53   .275   .867   .161   1.73   .178  -.006   3
 270 ORS818    941 1439    499     18      1    .515    .65   1.17   .209   .843   .160   1.49   .161  -.015   3
 271 ORS819   1179 1456    278      9      0    .626    .67   1.23   .201   .774   .170   1.49   .175   .005   2
 272 ORS820A  1125 1461    337     11      0    .591    .63   1.14   .180   .865   .116   1.40   .126  -.009   1
 273 ORS820B   863 1389    527     19      0    .640    .45   1.17   .147   .797   .158   1.62   .171  -.012   3
 274 ORS820C   950 1137    188      5      0    .681    .36    .76   .122   .853   .142   1.41   .152   .025   1
 275 ORS820D   988 1347    360     12      0    .613    .49   1.09   .203   .896   .153   1.64   .160   .000   3
 276 ORS821A  1070 1556    487     18      1    .510    .46   1.10   .182   .865   .169   1.70   .186  -.026   3
 277 ORS821B  1096 1493    398     14      5    .402    .37    .77   .133   .785   .185   1.90   .199  -.009   3
 278 ORS821D  1350 1572    223      6      0    .618    .84   1.48   .327   .890   .148   1.47   .152  -.012   3
 279 ORS822A  1100 1499    400     14      1    .443    .50    .89   .170   .881   .145   1.54   .150   .015   1
 280 ORS822B  1057 1442    386     13      1    .468    .41    .90   .150   .717   .222   1.79   .217  -.002   2
 281 ORS823A   891 1272    382     13      0    .541    .50   1.16   .165   .796   .159   1.89   .178  -.007   3
 282 ORS823B   890 1326    437     16      2    .477    .36    .94   .146   .814   .204   2.13   .220   .003   3
 283 ORS824   1009 1494    486     17      2    .488    .55   1.25   .203   .859   .155   1.63   .153  -.010   3
 284 ORS825    936 1188    253      8      0    .557    .66   1.13   .178   .677   .178   1.49   .177   .007   3
 285 ORS826    933 1073    141      3      0    .574    .74   1.29   .120   .620   .112   1.37   .103   .016   2
 286 ORS827   1296 1494    199      6      0    .593    .56   1.09   .166   .771   .156   1.63   .167   .006   1
 287 ORS828    876 1151    276      9      0    .488    .50   1.06   .215   .808   .230   1.81   .238   .052   1
 288 ORS829B   883 1315    433     15      0    .513    .52   1.20   .191   .661   .248   1.72   .235  -.011   1
 289 ORS830    798 1099    302     10      5    .339    .78   1.34   .237   .865   .132   1.43   .133  -.020   3
 290 ORS831A   700 1216    517     18      1    .537    .42   1.24   .190   .825   .213   2.13   .236  -.007   3
 291 ORS831B   720 1062    343     12      2    .490    .36    .78   .138   .765   .210   1.92   .219   .003   3
 292 ORS831C   700 1155    456     16      0    .556    .42   1.16   .163   .819   .188   1.66   .202  -.007   3
 293 ORS832A  1004 1372    369     12      2    .480    .71   1.23   .195   .887   .108   1.41   .116  -.002   3
 294 ORS832B   984 1377    394     14      1    .481    .61   1.03   .139   .784   .120   1.37   .126  -.012   3
 295 ORS832C  1083 1219    137      3      0    .491    .48    .72   .128   .769   .161   1.38   .169  -.051   1
 296 ORS833A  1102 1277    176      5      0    .518    .49    .80   .132   .787   .142   1.44   .150   .011   3
 297 ORS833B  1022 1292    271      9      1    .544    .47    .83   .113   .697   .149   1.43   .148  -.014   1
 298 ORS833C  1047 1287    241      8      0    .629    .45    .92   .136   .783   .161   1.46   .161   .011   2
 299 ORS834    906 1178    273      9      1    .612    .52   1.08   .187   .861   .151   1.56   .162  -.005   1
 300 OR837A    470  999    530     19      1    .622    .32   1.19   .170   .894   .201   1.68   .203   .004   3
 301 OR837B    483 1010    528     19      1    .616    .33   1.26   .191   .889   .211   1.90   .214  -.012   3
 302 842       615 1049    435     16      1    .448    .46   1.31   .238   .882   .220   1.83   .222  -.003   3
 303 842B      615 1057    443     16      1    .522    .39    .86   .158   .845   .190   1.81   .195  -.004   3
 304 843       685 1179    495     18      4    .403    .41    .91   .155   .824   .187   1.69   .190  -.005   3
 305 845       684 1054    371     13      2    .533    .45    .99   .187   .826   .187   1.72   .202   .023   2
 306 845B      684 1024    341     12      2    .573    .42   1.20   .198   .866   .180   1.77   .194  -.015   1
 307 846       900 1242    343     11      1    .479    .38    .83   .155   .870   .186   1.74   .189  -.006   3
 308 848       785  973    189      5      0    .543    .49   1.07   .233   .932   .143   1.58   .156  -.022   1
 309 849      1142 1512    371     13      0    .535    .55   1.45   .266   .869   .195   1.55   .198   .012   1
 310 852A     1111 1662    552     20      0    .490    .54   1.21   .192   .867   .150   1.58   .159   .000   3
 311 853       910 1609    700     26      1    .561    .42   1.19   .194   .823   .231   1.79   .231   .003   3
 312 856      1111 1349    239      8      2    .482    .44    .98   .161   .869   .145   1.63   .156  -.008   1
 313 858      1470 1795    326     11      1    .484    .53   1.12   .169   .713   .184   1.56   .198  -.027   1
 314 859      1520 1871    352     12      1    .449    .47   1.00   .194   .848   .188   1.73   .199   .003   3
 315 860A     1298 1703    406     15      0    .638    .73   1.42   .239   .827   .152   1.49   .161  -.024   1
 316 860B     1338 1673    336     11      0    .675    .67   1.12   .223   .871   .141   1.57   .153  -.017   3
 317 862      1552 1866    315     10      0    .503    .50   1.26   .222   .862   .187   1.65   .203   .027   1
 318 863      1608 1834    227      7      1    .473    .59   1.07   .179   .819   .138   1.45   .143  -.008   1
 319 866      1127 1565    439     15      0    .668    .48    .95   .147   .695   .203   1.75   .207  -.012   3
 320 868      1132 1394    263      8      0    .622    .64    .91   .127   .630   .139   1.33   .134  -.005   3
 321 869       926 1266    341     11      2    .444    .63   1.43   .293   .904   .180   1.70   .180  -.019   1
 322 871       921 1095    175      5      1    .493    .61   1.14   .192   .621   .223   1.80   .216  -.012   3
 323 872A      890 1483    594     22      0    .528    .58   1.42   .249   .899   .152   1.66   .155  -.007   3
 324 872B      890 1451    562     21      2    .513    .39    .75   .123   .712   .200   2.02   .199  -.004   3
 325 873       799 1207    409     14      0    .512    .51   1.22   .197   .868   .156   1.90   .165   .053   3
 326 874       830 1161    332     11      0    .673    .48    .86   .122   .711   .154   1.52   .160   .002   3
 327 875      1500 1913    414     14      6    .418    .85   1.64   .254   .715   .188   1.72   .200  -.011   3
 --- -------- ---------  -----  -----  -----   ------ -----  -----  -----  -----  -----  -----  -----  -----  --
 Total or mean:         112250   3785    348    .509    .55   2.60   .195   .792   .181   3.09   .184  -.003

 DATA CHECKS (rwl.check): newz121
-----------------------------------------------------------------------------------------------------------------------------------
 rwl.check: data_files/treering/measurements/australia/newz121.rwl
 327 series, 112250 measurements, 470-1999, 0.001 mm precision
 0 error(s), 2 warning(s), 5 note(s)
 -------------
 WARNING
   RWL_INTERNAL_NA (2)
     ORS185A: no measurement for 1674-1769, inside the measured span of the series. The file records nothing for those years, which is not a fault, but detrend(), chron(), strip.rwl(), rwi.stats() and sss() fail on interior gaps and this series cannot be crossdated. Use fill.internal.NA() to close them deliberately
     ORS185B: no measurement for 1689-1799, inside the measured span of the series. The file records nothing for those years, which is not a fault, but detrend(), chron(), strip.rwl(), rwi.stats() and sss() fail on interior gaps and this series cannot be crossdated. Use fill.internal.NA() to close them deliberately
 5 note(s) not shown; see rwl.check() or the 'check' element of this report.

 NOTES
-----------------------------------------------------------------------------------------------------------------------------------
 Report generated using dplR 1.8.1 (R 4.5.2) on 2026-10-01 16:54 PDT.
 Measurement file newz121.rwl, MD5 ff121262a4cb49e87eda15bd0d7d4019.
 Filtering: each series divided by a 32-year smoothing spline (caps()), then prewhitened with
   an AR model (order by AIC, at most 3).
 Master: biweight robust mean of the other series (leave-one-out).
 Correlation: Pearson, one-tailed, pcrit = 0.01; critical r = 0.3281 for 50-year segments.
 Segments: 50 years, lagged 25, first segment floored to 100. Lags searched: +/- 10 years.
 A segment is tested only where the series and the master cover all of it, at the dated
   position and at every lag. COFECHA also tests partial segments at the ends of a series, so
   series here may show fewer segments, and no flags can be raised at the ends of the record.
 Lags follow COFECHA: negative means rings are probably missing from the series, positive means
   false rings. A missing ring carries its lag into every segment before it, so look where the
   lag changes along a series. A B flag is a hypothesis to check on the wood; the gain says how
   seriously to take it.
 A B flag marked "weak at every lag" correlates under the critical value even at its best lag:
   the segment is weak wherever it is placed, and the shift is not evidence of a dating error.
   Treat it as a low correlation, like an A.
 Averages in the summary and the totals are weighted by the number of years in each series, as
   COFECHA's are.
 Unfiltered block and mean sensitivity: the measurements as read, and sens1().
 dplR filtered block: the series that was correlated, after filtering. COFECHA's filtered
   series is defined differently, so these three columns are not COFECHA's numbers.
 AR: order of the AR model used to prewhiten.
 Left out of the crossdating: series ORS185A has internal NA values, and the 'nyrs' spline
   needs an unbroken series. Fill them with fill.internal.NA(), remove the series, or use 'n'
   instead of 'nyrs'
 Left out of the crossdating: series ORS185B has internal NA values, and the 'nyrs' spline
   needs an unbroken series. Fill them with fill.internal.NA(), remove the series, or use 'n'
   instead of 'nyrs'
