
 COFECHA-style crossdating report: cana322
 Report generated using dplR 1.8.1 (R 4.5.2) on 2026-10-01 16:49 PDT
 Built with dplR's xdate.report(), not COFECHA; see the notes at the end.


      Measurement file name  : cana322.rwl
      MD5 of measurement file: b0d9c0de8d9802975054a325d3a63f07
      Date checked           : 01OCT26
      Beginning year         : 1046
      Ending year            : 2003
      Principal investigators: D'Arrigo, R.D.; Wilson, R.J.S.; Jacoby, G.C.
      Site name              : Central Northwest Territories Composite
      Species information    : PCGL Picea glauca (Moench) Voss
      Latitude               : 66.0000 N
      Longitude              : 120.0000 W
      Elevation              : 159 m

      Series intercorrelation: 0.556
      Avg mean sensitivity   : 0.241
      Avg standard deviation : 0.144
      Avg autocorrelation    : 0.749
      Number dated series    : 569
      Series crossdated      : 555
      Segment length tested  : 50

      Number problem segments: 534  (A 208, B 326; 181 of the B weak at every lag)
      Pct problem segments   : 11.02


 CORRELATION OF SERIES BY SEGMENTS: cana322
-----------------------------------------------------------------------------------------------------------------------------------
 Correlations of  50-year dated segments, lagged  25 years
 Flags:  A = correlation under   .3281 but highest as dated;  B = correlation higher at other than dated position

 Seq Series  Time_span  1100 1125 1150 1175 1200 1225 1250 1275 1300 1325 1350 1375 1400 1425 1450 1475 1500 1525 1550 1575 
                        1149 1174 1199 1224 1249 1274 1299 1324 1349 1374 1399 1424 1449 1474 1499 1524 1549 1574 1599 1624 
 --- -------- ---------  ---- ---- ---- ---- ---- ---- ---- ---- ---- ---- ---- ---- ---- ---- ---- ---- ---- ---- ---- ---- 
   5 825041   1535 1977                                                                                            .72  .73 
   6 825101   1519 1977                                                                                       .77  .69  .65 
  21 826022   1510 1984                                                                                       .16B .44  .52 
  25 825104   1521 1977                                                                                       .75  .69  .59 
  28 cx420a   1502 1678                                                                                       .73  .68  .60 
  42 cx102a   1414 1697                                                                   .63  .57  .44  .50  .68  .78  .61 
  53 cx603b   1500 1697                                                                                       .59  .75  .75 
  63 cx603a   1500 1712                                                                                       .53  .69  .70 
  78 cx420b   1502 1617                                                                                       .74  .71      
 118 cx402b   1529 1635                                                                                            .70  .76 
 123 cx404a   1485 1635                                                                                  .70  .59  .60  .66 
 128 cx404b   1499 1639                                                                                  .73  .59  .59  .61 
 134 cx402a   1529 1630                                                                                            .72  .71 
 138 hcc2     1396 1702                                                              .49  .72  .54  .26A .52  .56  .57  .64 
 140 hrc2     1524 1829                                                                                            .61  .60 
 142 cx412b   1181 1585                      .30B .69  .72  .65  .71  .68  .65  .64  .70  .70  .62  .52  .56  .62           
 143 cx805a   1488 1859                                                                                  .49  .57  .63  .68 
 148 cx412a   1181 1561                      .60  .69  .73  .62  .66  .76  .68  .61  .77  .64  .52  .44  .53                
 150 cr722a   1542 1919                                                                                            .57  .61 
 151 cx805b   1488 1850                                                                                  .65  .68  .46  .44 
 155 cx414b   1046 1357  .42  .49  .50  .42  .58  .72  .68  .71  .62                                                        
 157 826292   1549 1984                                                                                            .55  .57 
 158 cx809b   1510 1812                                                                                       .66  .67  .62 
 159 cx813b   1510 1785                                                                                       .53  .71  .60 
 162 cx814a   1506 1854                                                                                       .73  .79  .70 
 165 cx409a   1196 1594                      .42  .41  .65  .66  .68  .74  .76  .69  .70  .73  .52  .38  .55  .66           
 166 cx414a   1046 1389  .42  .49  .54  .56  .70  .77  .75  .72  .71  .67                                                   
 167 cx619b   1550 1851                                                                                                 .60 
 173 cr722b   1542 1919                                                                                            .57  .65 
 176 825153   1573 1977                                                                                                 .46 
 181 cx814b   1506 1837                                                                                       .63  .73  .68 
 186 cx808b   1419 1835                                                                   .38  .52  .53  .63  .63  .73  .78 
 191 825152   1573 1977                                                                                                 .37 
 195 826131   1512 1984                                                                                       .69  .62  .48 
 196 826132   1512 1984                                                                                       .59  .52  .52 
 206 826291   1567 1984                                                                                                 .69 
 212 cx815b   1489 1835                                                                                  .51  .66  .68  .64 
 214 825042   1535 1977                                                                                            .72  .70 
 230 cx103b   1520 1817                                                                                       .59  .62  .52 
 242 826162   1563 1984                                                                                                 .62 
 243 826231   1564 1984                                                                                                 .40 
 244 826282   1497 1955                                                                                  .47  .61  .64  .62 
 252 cx815a   1489 1842                                                                                  .58  .73  .67  .59 
 257 hrb1     1488 1800                                                                                  .25B .40  .66  .61 
 258 hrb2     1488 1810                                                                                  .30A .53  .72  .62 
 289 cx104b   1364 1566                                                         .60  .64  .70  .60  .43  .55                
 295 826161   1564 1984                                                                                                 .53 
 301 825071   1562 1977                                                                                                 .64 
 314 cr6d01   1547 1803                                                                                            .76  .70 
 331 cx104a   1364 1576                                                         .72  .71  .73  .63  .47  .59  .73           
 360 hcb1     1548 1870                                                                                                 .42 
 361 hcb2     1548 1866                                                                                            .48  .46 
 362 hcc1     1396 1749                                                              .56  .66  .66  .47  .56  .65  .57  .45 
 363 hrc1     1525 1835                                                                                            .71  .72 
 368 cx413b   1395 1722                                                              .56  .71  .76  .54  .62  .79  .84  .75 
 370 cx811a   1569 1894                                                                                                 .78 
 374 cx809a   1510 1842                                                                                       .61  .74  .72 
 375 cx811b   1569 1844                                                                                                 .72 
 377 cx408a   1179 1385                      .46  .64  .67  .51  .41  .65                                                   
 378 cx411b   1288 1655                                          .42  .56  .67  .64  .64  .69  .71  .69  .69  .61  .57  .59 
 379 cx813a   1510 1807                                                                                       .67  .64  .43 
 381 cx408b   1179 1379                      .66  .71  .71  .61  .57  .71                                                   
 382 cx411a   1288 1652                                          .56  .58  .67  .73  .79  .68  .52  .41  .54  .71  .69  .67 
 383 cx413a   1395 1683                                                              .63  .68  .77  .74  .75  .82  .88  .76 
 388 cr739a   1406 2003                                                                   .62  .62  .73  .64  .68  .76  .63 
 389 cx807b   1544 1779                                                                                            .68  .73 
 390 cx819a   1457 1835                                                                             .50  .51  .70  .74  .68 
 394 cx103a   1513 1814                                                                                       .67  .54  .37 
 399 cr739b   1406 1783                                                                   .49  .44  .56  .65  .70  .73  .69 
 400 cx808a   1450 1847                                                                             .58  .54  .52  .60  .67 
 406 cx806b   1534 1886                                                                                            .46  .48 
 407 cx819b   1457 1835                                                                             .45  .46  .69  .62  .54 
 410 826272   1512 1984                                                                                       .35  .41  .59 
 412 cx807a   1544 1790                                                                                            .62  .65 
 413 cx818a   1419 1835                                                                   .39  .35  .52  .58  .55  .58  .52 
 414 cx818b   1419 1850                                                                   .46  .52  .59  .45  .38  .32A .41 
 418 826252   1565 1984                                                                                                 .58 
 419 826271   1512 1966                                                                                       .49  .38  .34 
 420 cx405a   1391 1649                                                              .38  .51  .60  .37  .47  .62  .72  .71 
 421 cx409b   1196 1609                      .52  .46  .65  .68  .77  .77  .69  .62  .69  .76  .71  .49  .57  .62  .68      
 426 cx812a   1536 1802                                                                                            .68  .73 
 427 cx812b   1536 1803                                                                                            .71  .69 
 429 826011   1491 1984                                                                                  .32A .42  .32A .28B
 430 cx407a   1475 1706                                                                                  .65  .69  .63  .55 
 431 cx410b   1524 1819                                                                                       .54  .57  .63 
 434 cx817b   1504 1801                                                                                       .72  .62  .66 
 438 827281   1509 1984                                                                                       .32A .22B .13B
 440 cx407b   1475 1696                                                                                  .48  .52  .60  .61 
 441 cx410a   1524 1769                                                                                       .45  .57  .70 
 446 cr723c   1556 2003                                                                                                 .77 
 447 cx817a   1504 1811                                                                                       .73  .71  .70 
 454 cx405b   1391 1612                                                              .32A .48  .58  .31A .38  .48  .72      
 465 cx102b   1414 1719                                                                   .60  .54  .48  .50  .60  .71  .39 
 468 cx619a   1550 1832                                                                                                 .71 
 478 cx421b   1489 1660                                                                                  .60  .77  .67  .65 
 479 cx502b   1448 1723                                                                        .58  .51  .46  .53  .59  .56 
 494 826251   1565 1984                                                                                                 .43 
 496 cx416a   1523 1784                                                                                       .55  .61  .61 
 499 cr723d   1556 2003                                                                                                 .72 
 506 cx416b   1523 1812                                                                                       .61  .64  .71 
 507 cx421a   1489 1649                                                                                  .65  .71  .69  .67 
 516 cx502a   1448 1728                                                                        .43  .37  .39  .47  .69  .64 
 525 827284   1514 1729                                                                                       .34  .34  .28A
 541 825043   1549 1977                                                                                            .74  .82 
 550 cx406b   1474 1609                                                                             .41  .55  .52  .68      
 556 825044   1549 1977                                                                                            .75  .70 
 560 cx406a   1474 1616                                                                             .46  .69  .72  .71      
 Av segment correlation  .42  .49  .52  .49  .53  .64  .70  .64  .61  .68  .69  .66  .61  .62  .58  .49  .54  .60  .64  .60 

 CORRELATION OF SERIES BY SEGMENTS: cana322
-----------------------------------------------------------------------------------------------------------------------------------
 Correlations of  50-year dated segments, lagged  25 years
 Flags:  A = correlation under   .3281 but highest as dated;  B = correlation higher at other than dated position

 Seq Series  Time_span  1600 1625 1650 1675 1700 1725 1750 1775 1800 1825 1850 1875 1900 1925 1950 
                        1649 1674 1699 1724 1749 1774 1799 1824 1849 1874 1899 1924 1949 1974 1999 
 --- -------- ---------  ---- ---- ---- ---- ---- ---- ---- ---- ---- ---- ---- ---- ---- ---- ---- 
   1 sha1     1647 1886            .29A .44  .43  .47  .42  .33  .39  .47                          
   2 cx201b   1643 1827            .47  .50  .47  .58  .66  .55                                    
   3 cr712a   1769 2003                                     .70  .72  .67  .67  .71  .60  .40  .34 
   4 cr734b   1809 2003                                               .38B .59  .78  .67  .49  .62 
   5 825041   1535 1977  .74  .68  .54  .59  .68  .74  .79  .73  .73  .78  .78  .78  .81  .72      
   6 825101   1519 1977  .47  .57  .61  .58  .70  .77  .77  .63  .54  .55  .69  .76  .69  .57      
   7 827342   1707 1984                           .40  .35B .28A .29A .06B .03B .16B .14B .10B     
   8 cx501a   1650 1932                 .61  .65  .73  .82  .68  .70  .72  .55  .57                
   9 cx612a   1617 1780       .56  .54  .49  .60  .63                                              
  10 cr701a   1773 2003                                     .59  .68  .67  .70  .71  .71  .76  .73 
  11 cr710b   1737 2003                                .63  .65  .78  .82  .72  .63  .64  .67  .66 
  12 cr711b   1680 2003                      .51  .77  .80  .71  .75  .81  .82  .75  .72  .62  .53 
  13 cr714b   1837 1988                                                    .50  .55  .59  .57      
  14 cr728b   1778 2003                                          .71  .75  .75  .73  .78  .76  .78 
  15 827273   1667 1849                 .30A .29A .30A .40  .33  .34                               
  16 827362   1672 1984                 .17B .42  .27B .28B .38  .48  .28B .27B .32A .35  .59      
  17 828022   1695 1949                      .23B .25A .23A .27A .28B-.06B .11B .21B .22A          
  18 828131   1676 1914                      .45  .36  .27A .20B .22B .24B .29B                    
  20 828211   1775 1984                                     .25B .53  .32A .05B .24B .33  .23B     
  21 826022   1510 1984  .22B .26A .38  .49  .49  .44  .40  .31B .56  .60  .59  .56  .46  .45      
  22 cr635a   1769 2003                                     .62  .51  .64  .74  .76  .81  .68  .63 
  23 cr725a   1793 2003                                          .71  .72  .72  .76  .72  .67  .70 
  24 cx802a   1699 1952                           .67  .63  .64  .73  .74  .73  .74  .42           
  25 825104   1521 1977  .51  .69  .70  .71  .77  .73  .74  .68  .67  .65  .67  .83  .82  .67      
  26 825161   1772 1977                                     .64  .80  .79  .81  .71  .53  .55      
  27 827231   1648 1824            .30A .34  .39B .32B .30B .34                                    
  28 cx420a   1502 1678  .44  .47                                                                  
  29 cr610a   1781 1949                                          .65  .80  .80  .76  .74           
  30 cx804a   1736 1957                                .64  .69  .68  .65  .69  .55  .57           
  31 cr813a   1839 2003                                                    .74  .67  .66  .68  .60 
  32 813011   1734 1977                                .68  .66  .71  .75  .83  .82  .84  .79      
  33 827341   1707 1984                           .32A .36  .25A .13B .02B .11B .25A .34  .48      
  34 827393   1681 1849                      .54  .32A .12B .10B .21B                              
  35 827394   1681 1849                      .50  .24A .20B .27A .28A                              
  36 826082   1667 1984                 .33  .34  .57  .54  .26B .44  .65  .66  .64  .72  .70      
  37 cx106a   1852 1969                                                         .45  .53           
  38 cx506b   1713 1969                           .66  .63  .63  .71  .73  .68  .76  .79           
  39 cr638a   1745 2003                                .70  .63  .67  .82  .75  .74  .62  .47  .69 
  40 cr734a   1850 2003                                                         .69  .65  .57  .62 
  41 cr736a   1863 2003                                                         .67  .51  .44  .63 
  42 cx102a   1414 1697  .55  .71                                                                  
  43 cr717b   1706 2003                           .71  .78  .75  .74  .74  .70  .72  .80  .80  .73 
  44 cr731a   1820 2003                                               .40  .57  .66  .70  .57  .55 
  45 827132   1684 1914                      .56  .45  .48  .60  .58  .34  .23B                    
  46 828162   1650 1969                 .32A .51  .37  .25B .22A .28B .09B .21B .56  .50           
  47 cx501b   1650 1931                 .53  .47  .55  .70  .73  .74  .67  .59  .57                
  48 cx803a   1600 1789       .70  .81  .74  .70  .74                                              
  49 827311   1694 1899                      .37  .23B .27B .26A .27A .21B .30A                    
  50 827351   1679 1849                      .44  .22B .20B .34  .24B                              
  51 826062   1576 1950  .52  .52  .45  .49  .47  .42  .36  .34  .56  .64  .56  .58  .76           
  52 cx202a   1734 1835                                .64  .71                                    
  53 cx603b   1500 1697  .63  .65                                                                  
  54 cr636a   1816 2003                                               .50  .63  .76  .81  .67  .54 
  55 cr732a   1830 2003                                                    .72  .82  .86  .79  .78 
  56 cx803b   1600 1779  .52  .58  .70  .80  .79  .83                                              
  57 cr634a   1850 2003                                                         .68  .50  .28A .37 
  58 cr635b   1769 2003                                     .56  .64  .71  .71  .68  .71  .64  .66 
  59 cr709b   1811 2003                                               .37  .45  .64  .54  .48  .60 
  60 cr717a   1706 2003                           .69  .73  .65  .52  .61  .67  .76  .86  .77  .80 
  61 cr737b   1710 2003                           .68  .73  .75  .72  .70  .79  .80  .66  .57  .64 
  62 cx202b   1734 1845                                .74  .78                                    
  63 cx603a   1500 1712  .61  .60  .48                                                             
  64 cr703b   1805 2003                                               .70  .74  .73  .63  .54  .61 
  65 825141   1771 1977                                     .59  .59  .66  .66  .73  .76  .53      
  66 813013   1753 1977                                     .57  .56  .64  .70  .71  .71  .72      
  67 828161   1694 1971                      .52  .48  .40  .32A .23A .05B .14B .44  .39           
  68 cx419b   1737 1869                                .58  .28A .38                               
  69 cr709a   1811 2003                                               .59  .60  .62  .62  .61  .62 
  70 cr815b   1777 2003                                          .65  .65  .74  .83  .82  .72  .66 
  71 813012   1734 1971                                .74  .79  .74  .75  .78  .79  .84           
  72 827381   1700 1984                           .48  .42  .35  .31A .08B .03B .36B .52  .49      
  73 826061   1599 1970  .42  .46  .45  .48  .36B .50B .60  .42  .43  .48  .61  .65  .68           
  74 cx101a   1709 1960                           .79  .82  .45  .38  .64  .74  .70  .52           
  75 cx105a   1833 1973                                                    .65  .65  .64           
  76 cx106b   1852 1969                                                         .52  .55           
  77 cx203b   1726 1851                                .78  .75  .20B                              
  79 cr639a   1796 2003                                          .68  .76  .71  .68  .75  .72  .62 
  80 cr719a   1800 2003                                               .62  .75  .81  .74  .57  .64 
  81 cr810b   1836 2003                                                    .68  .74  .77  .71  .72 
  82 828282   1713 1984                           .50  .42  .29A .41  .32B .30B .40  .51  .59      
  83 cx105b   1833 1975                                                    .60  .57  .56  .60      
  84 cr815a   1723 2003                           .63  .78  .79  .83  .76  .78  .87  .87  .73  .63 
  85 cr604b   1870 2003                                                         .60  .55  .43  .53 
  86 cr801b   1870 2003                                                         .45  .52  .57  .49 
  87 cx302b   1743 1826                                .61  .60                                    
  88 cr712b   1769 1994                                     .59  .29B .45  .68  .62  .62  .59      
  89 cr622b   1909 2003                                                                   .58  .45 
  90 cr719b   1800 1993                                               .54  .58  .72  .74  .70      
  91 827261   1733 1984                                .31B .22B .30B .10B .15B .39  .51  .58      
  92 cr731b   1789 2003                                          .48  .51  .52  .68  .79  .77  .70 
  93 cr810a   1836 2003                                                    .71  .80  .80  .69  .68 
  94 cr820a   1886 2003                                                              .67  .43  .48 
  95 cx613a   1636 1799            .71  .81  .75  .64  .59                                         
  96 cr641b   1805 2003                                               .63  .61  .73  .79  .75  .77 
  97 cr736b   1885 2003                                                              .47  .31B .50 
  98 cr641a   1805 2003                                               .65  .57  .63  .80  .73  .82 
  99 cr727a   1799 2003                                          .52  .57  .61  .62  .65  .47  .37 
 100 cr809a   1821 2003                                               .52  .68  .72  .69  .57  .58 
 101 828011   1688 1924                      .27A .18A .22A .26A .29A .19B .33  .51                
 102 826241   1769 1984                                     .28A .56  .76  .60  .46  .62  .59      
 103 cx304b   1878 1956                                                              .49           
 104 cr801a   1870 2003                                                         .48  .59  .52  .54 
 105 cr819a   1838 2003                                                    .67  .77  .78  .71  .69 
 106 cx101b   1709 1958                           .80  .76  .60  .57  .69  .77  .72  .66           
 107 cx302a   1743 1829                                .62  .57                                    
 108 cr812a   1871 2003                                                         .67  .71  .70  .64 
 109 cr643a   1884 2003                                                              .64  .59  .65 
 110 cr811a   1831 2003                                                    .67  .67  .73  .65  .62 
 111 cx304a   1878 1959                                                              .64           
 112 cx419a   1737 1856                                .65  .44  .37                               
 113 cr727b   1799 2003                                          .40  .35  .47  .59  .57  .47  .51 
 114 813014   1751 1977                                     .75  .61  .63  .78  .74  .68  .71      
 115 cx306b   1698 1834                      .68  .72  .71  .58                                    
 116 cr716a   1886 2003                                                              .53  .41  .63 
 117 cr804a   1841 2003                                                    .71  .78  .68  .51  .47 
 119 cr811b   1831 2003                                                    .73  .74  .65  .60  .56 
 120 cr740b   1767 2003                                     .76  .63  .66  .76  .80  .73  .59  .75 
 121 cr803b   1829 1999                                                    .60  .77  .70  .57  .74 
 122 cr812b   1871 2003                                                         .64  .74  .57  .51 
 124 cx306a   1706 1856                           .70  .84  .74  .66                               
 125 cr803a   1829 2003                                                    .63  .84  .81  .67  .70 
 126 cx107a   1844 1965                                                    .30A .49  .47           
 127 cr804b   1841 2003                                                    .65  .73  .53  .45  .64 
 129 cx107b   1850 1955                                                         .55  .58           
 130 cr821a   1874 2003                                                         .76  .77  .67  .64 
 131 cr821b   1872 2003                                                         .72  .70  .66  .61 
 132 cr814b   1868 2003                                                         .77  .83  .72  .71 
 133 cx108b   1830 1960                                                    .34  .62  .72           
 135 cr621a   1924 2003                                                                        .47 
 136 cr814a   1868 2003                                                         .82  .75  .62  .73 
 137 cx108a   1830 1961                                                    .43  .56  .65           
 138 hcc2     1396 1702  .48  .25B .31A                                                            
 139 hca2     1636 1925            .45  .36  .54  .56  .39  .16B .14B .40  .54  .42                
 140 hrc2     1524 1829  .64  .59  .37  .34  .47  .54  .48  .23B                                   
 141 825022   1643 1977            .62  .63  .68  .67  .72  .67  .56  .63  .65  .63  .67  .53      
 143 cx805a   1488 1859  .41  .46  .57  .55  .58  .67  .62  .50  .54                               
 144 825032   1666 1977                 .65  .69  .78  .69  .62  .58  .68  .70  .67  .77  .70      
 145 cx204b   1729 1901                                .72  .54  .47  .58  .57                     
 146 cx415b   1615 1886       .78  .62  .62  .55  .50  .53  .40  .45  .64                          
 147 cr627b   1660 2003                 .55  .56  .62  .77  .81  .62  .52  .62  .70  .57  .39  .56 
 149 cx415a   1604 1933       .52  .59  .72  .70  .65  .54  .45  .61  .63  .68  .71                
 150 cr722a   1542 1919  .58  .60  .56  .40  .44  .61  .57  .46  .36  .32A .38                     
 151 cx805b   1488 1850  .53  .52  .47  .57  .66  .68  .65  .51  .51                               
 152 825034   1625 1977            .63  .54  .63  .63  .58  .67  .58  .63  .75  .76  .83  .77      
 153 813151   1725 1977                                .62  .63  .58  .40  .40  .65  .66  .56      
 154 827171   1655 1974                 .40  .49  .36  .35B .45  .34  .24B .38  .43  .40  .49      
 156 cr640b   1684 2003                      .68  .55  .43  .58  .54  .33A .34  .45  .55  .59  .71 
 157 826292   1549 1984  .59  .53  .36  .28A .17B .34B .40  .34  .32A .44  .54  .37  .48  .67      
 158 cx809b   1510 1812  .63  .75  .65  .66  .68  .78  .82                                         
 159 cx813b   1510 1785  .50  .64  .60  .39  .37  .44                                              
 160 825222   1577 1977  .64  .69  .51  .60  .64  .69  .73  .75  .62  .54  .62  .63  .63  .60      
 161 cx204a   1729 1925                                .76  .70  .54  .45  .48  .61                
 162 cx814a   1506 1854  .58  .57  .67  .67  .72  .78  .79  .78  .70                               
 163 cr802b   1837 2003                                                    .68  .77  .75  .58  .48 
 164 813022   1725 1977                                .62  .74  .76  .68  .63  .73  .77  .56      
 167 cx619b   1550 1851  .63  .77  .70  .72  .73  .72  .77  .81  .67                               
 168 cr606a   1700 2003                           .71  .77  .77  .74  .66  .69  .84  .81  .70  .74 
 169 cr611a   1654 2003                 .51  .67  .69  .78  .69  .55  .52  .64  .72  .75  .68  .59 
 170 cr625a   1587 2003  .62  .56  .49  .54  .54  .75  .84  .82  .60  .44  .49  .73  .70  .44  .43 
 171 cr627a   1660 1919                 .66  .70  .52  .54  .68  .72  .67  .55                     
 172 cr704a   1769 2003                                     .46  .42  .51  .51  .56  .58  .49  .53 
 173 cr722b   1542 1919  .60  .61  .66  .65  .68  .62  .57  .48  .49  .52  .43                     
 174 cr726a   1766 2003                                     .69  .71  .65  .61  .61  .59  .55  .64 
 175 825151   1658 1977                 .52  .61  .61  .69  .73  .73  .78  .70  .68  .70  .60      
 176 825153   1573 1977  .46  .72  .63  .62  .53  .58  .76  .70  .66  .75  .80  .82  .76  .56      
 177 cx608b   1611 1830       .64  .73  .75  .64  .50  .54  .47                                    
 178 cr603b   1654 2003                 .44  .49  .63  .64  .63  .53  .30A .45  .78  .72  .64  .58 
 179 cr613b   1670 2003                 .48  .49  .48  .61  .61  .58  .62  .60  .67  .69  .70  .61 
 180 cr625b   1588 1919  .64  .73  .64  .56  .49  .66  .71  .68  .65  .56  .63                     
 181 cx814b   1506 1837  .67  .66  .67  .73  .73  .78  .85  .82                                    
 182 813142   1725 1977                                .70  .73  .62  .51  .46  .61  .64  .50      
 183 828071   1621 1984       .27A .08B .15B .32A .41  .42  .27A .37  .26A .22B .32B .49  .33      
 184 cr611b   1654 1979                 .62  .68  .68  .59  .53  .60  .52  .53  .67  .70  .50      
 185 cr617b   1600 2003  .48  .50  .61  .63  .65  .63  .70  .78  .86  .85  .73  .66  .73  .68  .75 
 186 cx808b   1419 1835  .59  .54  .59  .73  .75  .63  .67  .74                                    
 187 813141   1725 1977                           .68  .63  .56  .67  .57  .36  .58  .72  .63      
 188 825031   1645 1977            .70  .70  .69  .67  .75  .79  .65  .75  .83  .82  .84  .77      
 189 825061   1660 1977                 .55  .63  .65  .75  .77  .60  .60  .69  .62  .64  .60      
 190 825125   1581 1977  .37  .46  .69  .68  .63  .61  .65  .68  .70  .67  .71  .80  .73  .44      
 191 825152   1573 1977  .41  .78  .68  .61  .71  .76  .77  .77  .73  .68  .69  .74  .68  .39      
 192 828171   1718 1984                           .32A .37  .31A .31A .14B .31B .44  .20B .08B     
 193 828251   1735 1984                                .57  .42  .46  .25A .32A .48  .39  .23A     
 194 826012   1595 1984  .33A .26B .20B .11B .26A .30A .30A .32B .35  .37  .39  .49  .57  .54      
 195 826131   1512 1984  .47  .37  .32A .46  .53  .71  .60  .32A .33  .45  .29A .29A .62  .57      
 196 826132   1512 1984  .59  .52  .51  .55  .51  .71  .62  .23B .35  .55  .49  .51  .66  .48      
 197 cx417a   1613 1842       .73  .74  .75  .77  .78  .73  .58                                    
 198 cx608a   1611 1845       .69  .71  .69  .64  .66  .67  .60                                    
 199 cr605a   1736 2003                                .75  .79  .72  .68  .60  .59  .71  .72  .75 
 200 cr615a   1769 1959                                     .57  .67  .68  .74  .77  .66           
 201 cr629b   1603 1882       .44  .67  .55  .55  .65  .63  .64  .73  .71                          
 204 827151   1728 1984                                .46  .29A .30B .35  .48  .51  .35  .33      
 205 826211   1665 1984                 .47  .49  .50  .51  .23A .22B .53  .58  .46  .55  .57      
 206 826291   1567 1984  .63  .39  .26A .16B .16B .50  .46  .27A .30A .44  .44  .36  .53  .67      
 207 cx307a   1730 1936                                .77  .74  .69  .73  .69  .62                
 208 cx607b   1623 1857       .65  .78  .88  .79  .77  .78  .78  .74                               
 209 cx609b   1617 1840       .42  .23B .33  .59  .66  .71  .74                                    
 210 cr6d02   1618 1832       .64  .61  .69  .80  .75  .72  .67                                    
 211 cr724b   1716 1994                           .62  .73  .73  .67  .68  .74  .75  .78  .73      
 212 cx815b   1489 1835  .66  .63  .61  .69  .72  .69  .66  .67                                    
 213 cx820b   1600 1837       .54  .51  .61  .71  .65  .62  .47                                    
 214 825042   1535 1977  .66  .66  .64  .67  .68  .68  .74  .68  .71  .81  .81  .80  .78  .69      
 217 CM092    1605 1825       .64  .55  .52  .60  .64  .67  .55                                    
 218 827111   1714 1984                           .11B-.00B .20B .40  .28A .20B .29A .42  .40      
 219 cx418b   1612 1832       .74  .74  .73  .56  .53  .61  .54                                    
 220 CR608B   1779 2003                                          .62  .71  .71  .72  .80  .58  .53 
 221 cr629a   1603 1941       .45  .52  .73  .69  .72  .80  .80  .74  .71  .76  .72                
 222 cx801a   1647 1945            .61  .72  .77  .74  .60  .47  .54  .55  .55  .63                
 223 cx801b   1647 1936            .72  .82  .79  .69  .65  .59  .54  .50  .55  .59                
 224 cx816b   1720 1944                           .53  .65  .62  .53  .42  .60  .73                
 225 cx820a   1600 1844       .63  .57  .62  .57  .43  .58  .67                                    
 226 825052   1658 1954                 .67  .71  .68  .79  .73  .48  .50  .60  .74  .43           
 227 827162   1704 1984                           .44  .59  .49  .44  .32A .23A .26A .30A .23B     
 228 828031   1688 1924                      .51  .58  .58  .50  .44  .39  .56  .49                
 229 828172   1675 1984                      .48  .33  .32A .38  .24A .16B .35  .44  .19B .10B     
 230 cx103b   1520 1817  .47  .62  .64  .64  .61  .71  .73                                         
 231 cx417b   1613 1850       .76  .63  .68  .71  .68  .69  .63  .63                               
 232 cr605b   1728 1979                                .73  .76  .70  .65  .64  .64  .60  .53      
 233 cr609a   1802 2003                                               .59  .68  .64  .72  .61  .34 
 234 cr623a   1650 2003            .34  .61  .67  .71  .71  .60  .55  .52  .55  .61  .47  .41  .70 
 235 cr701b   1773 2003                                     .62  .66  .72  .77  .78  .81  .76  .59 
 236 cr702a   1756 2003                                     .71  .70  .72  .76  .80  .83  .83  .82 
 237 cr805b   1743 2003                                .49  .73  .83  .68  .58  .59  .63  .61  .38 
 238 825111   1667 1977                 .45  .70  .79  .76  .77  .72  .67  .67  .75  .65  .47      
 239 825122   1630 1977            .66  .63  .63  .70  .64  .51  .65  .71  .71  .76  .68  .44      
 240 825124   1583 1977  .53  .58  .58  .55  .40  .51  .64  .59  .76  .81  .76  .79  .86  .66      
 241 827292   1626 1974            .21B .36  .57  .31A .23B .29A .35  .23B .12B .17B .25B .28A     
 242 826162   1563 1984  .62  .40  .41  .51  .42  .47  .44  .31A .47  .48  .40  .49  .63  .67      
 243 826231   1564 1984  .46  .43  .43  .30A .15B .38B .55  .32A .29A .46  .47  .40  .41  .43      
 244 826282   1497 1955  .43  .21B .27A .47  .57  .60  .45  .36  .50  .47  .41  .41  .43           
 245 cx418a   1612 1842       .74  .79  .76  .72  .55  .51  .63                                    
 246 cx610a   1611 1834       .72  .54  .50  .66  .62  .61  .64                                    
 247 cr705a   1729 2003                                .73  .83  .80  .69  .62  .74  .76  .60  .71 
 248 825035   1625 1977            .63  .66  .77  .81  .79  .68  .57  .74  .74  .71  .63  .58      
 249 825062   1660 1977                 .64  .69  .80  .81  .74  .68  .76  .68  .73  .76  .56      
 250 cr613a   1670 2003                 .44  .54  .61  .64  .66  .59  .59  .70  .67  .62  .66  .68 
 251 cr633a   1650 2003                 .60  .48  .66  .78  .74  .75  .70  .74  .86  .74  .53  .48 
 252 cx815a   1489 1842  .40  .35  .52  .63  .68  .75  .69  .64                                    
 253 cr808a   1758 2003                                     .63  .64  .67  .59  .73  .72  .43  .52 
 254 cr818a   1675 2003                 .71  .72  .75  .80  .79  .73  .78  .82  .77  .69  .63  .77 
 255 hca1     1636 1925            .53  .57  .48  .42  .42  .40  .35  .35  .30A .36                
 256 sha2     1647 1890            .20A .29A .45  .53  .55  .41  .43  .53                          
 257 hrb1     1488 1800  .31A .32A .36  .41  .42  .50  .58                                         
 258 hrb2     1488 1810  .43  .43  .54  .63  .53  .54  .46                                         
 259 825051   1658 1977                 .77  .75  .75  .79  .81  .78  .81  .79  .79  .72  .51      
 260 825114   1658 1977                 .55  .69  .72  .68  .65  .68  .76  .79  .69  .51  .49      
 261 825121   1584 1977  .43  .43  .49  .60  .66  .66  .66  .57  .70  .78  .76  .81  .75  .59      
 262 827181   1683 1984                      .59  .42  .34  .36  .38  .30A .37  .39  .31A .36      
 263 cx607a   1623 1858       .55  .48  .61  .76  .74  .78  .82  .81                               
 264 cr607a   1661 2003                 .48  .58  .61  .71  .67  .67  .70  .69  .66  .48  .44  .65 
 265 cr705b   1729 2003                                .57  .36  .57  .65  .36  .42B .78  .68  .62 
 266 cr738a   1744 2003                                .66  .56  .64  .74  .74  .74  .64  .44  .61 
 267 cr818b   1675 2003                 .68  .72  .81  .88  .81  .74  .72  .68  .78  .75  .68  .73 
 268 ALL      1761 1977                                     .81  .71  .71  .67  .70  .78  .63      
 269 827392   1715 1984                           .35  .26B .27A .25B .10B .41  .45  .33  .43      
 270 826121   1645 1890            .46  .49  .40  .39B .30A .19B .41  .53                          
 271 826151   1700 1984                           .50  .55  .37  .40  .50  .49  .62  .79  .74      
 272 cx614b   1674 1863                 .52  .64  .60  .74  .67  .69                               
 273 cr623b   1660 2003                 .64  .62  .60  .47  .31A .49  .64  .61  .61  .52  .38  .53 
 274 cr713a   1725 2003                                .69  .66  .69  .69  .83  .74  .63  .67  .80 
 275 cr713b   1725 1990                                .71  .74  .74  .78  .84  .81  .71  .55      
 276 cr735a   1805 2003                                               .68  .76  .73  .53  .45  .59 
 277 825103   1650 1977            .72  .74  .79  .71  .69  .61  .60  .56  .63  .82  .61  .53      
 278 825112   1658 1977                 .67  .74  .76  .81  .76  .66  .68  .67  .71  .71  .60      
 279 813051   1757 1977                                     .55  .48  .57  .63  .71  .83  .84      
 280 813061   1775 1977                                     .72  .76  .77  .72  .71  .72  .76      
 281 813062   1775 1977                                          .73  .73  .71  .68  .71  .75      
 282 827102   1740 1984                                .31B .37  .54  .33B .16B .27B .39  .32A     
 283 827161   1704 1984                           .26B .40  .36  .31A .19A .37  .52  .46  .50      
 284 826052   1725 1984                                .27A .20A .48  .63  .56  .53  .50  .46      
 285 826122   1645 1949            .37  .44  .44  .51  .48  .34  .50  .63  .60  .57  .59           
 286 cx506a   1713 1970                           .64  .64  .59  .67  .68  .63  .69  .74           
 287 cr607b   1661 2003                 .53  .69  .69  .64  .67  .73  .70  .69  .68  .65  .66  .73 
 288 cr640a   1684 2003                      .72  .67  .57  .53  .46  .55  .42  .38  .70  .61  .60 
 290 825081   1667 1977                 .66  .73  .76  .70  .65  .63  .59  .53  .64  .67  .41      
 291 825164   1709 1977                           .70  .60  .59  .46  .55  .60  .61  .73  .54      
 292 813021   1743 1977                                .65  .65  .69  .72  .64  .53  .50  .51      
 293 827051   1677 1984                      .51  .39  .38  .47  .39  .30A .27A .31A .45  .49      
 294 827391   1715 1984                           .41  .32A .30A .40  .15B .27B .30B .11B .19A     
 295 826161   1564 1984  .61  .59  .45  .44  .40  .38  .38  .26A .40  .54  .53  .53  .53  .57      
 296 cr619a   1764 2003                                     .70  .71  .78  .79  .81  .81  .81  .78 
 297 cr633b   1650 2001            .42  .63  .64  .69  .75  .72  .71  .72  .78  .82  .78  .64  .46 
 298 cr738b   1744 2003                                .72  .62  .61  .61  .63  .75  .76  .65  .70 
 299 cr807b   1766 2003                                     .53  .49  .66  .75  .64  .65  .62  .49 
 300 825012   1616 1977       .69  .66  .49  .57  .68  .65  .72  .35  .39  .67  .77  .86  .85      
 301 825071   1562 1977  .53  .65  .72  .73  .78  .81  .74  .66  .81  .82  .71  .77  .66  .47      
 302 825113   1658 1977                 .52  .65  .69  .70  .75  .66  .66  .70  .69  .60  .48      
 303 CM6-2    1735 1977                                .67  .76  .75  .71  .68  .77  .83  .76      
 304 828101   1697 1984                      .35  .32A .34B .18B .15B .08B .14B .28B .21A .12B     
 305 826171   1668 1984                 .54  .57  .57  .47  .34  .44  .47  .50  .49  .62  .62      
 306 cr618b   1697 2003                      .50  .73  .73  .77  .82  .77  .70  .77  .78  .61  .68 
 307 cr726b   1766 2002                                     .81  .83  .82  .70  .66  .56  .50  .61 
 308 826091   1625 1975            .60  .60  .59  .64  .46  .15B .26B .38  .34  .36  .61  .60      
 309 827071   1719 1984                           .36  .47  .48  .48  .26A .14B .18B .19B .21B     
 310 826021   1621 1984       .48  .48  .50  .53  .37  .33A .55  .67  .68  .54  .54  .72  .67      
 311 cr817a   1725 2003                                .78  .80  .63  .67  .83  .81  .79  .60  .48 
 312 827182   1683 1984                      .54  .53  .43  .39  .41  .38  .35  .32A .27A .27A     
 313 826401   1645 1984            .51  .50  .40  .46B .52  .41  .54  .57  .54  .59  .60  .44      
 314 cr6d01   1547 1803  .64  .63  .53  .73  .78  .68  .68                                         
 315 cr702b   1756 2003                                     .61  .72  .87  .86  .84  .75  .59  .67 
 316 cr705c   1732 2003                                .74  .69  .67  .59  .55  .64  .68  .56  .68 
 317 cr735b   1889 2003                                                              .70  .49  .60 
 318 cr807a   1766 2003                                     .60  .45  .54  .59  .47  .46  .49  .42 
 319 826402   1667 1984                 .57  .51  .55  .54  .44  .51  .57  .51  .43  .50  .55      
 320 cr619b   1764 2003                                     .61  .70  .83  .74  .73  .79  .76  .79 
 321 cr639b   1796 2003                                          .58  .67  .75  .71  .74  .73  .69 
 322 cr817b   1687 2003                      .61  .85  .86  .82  .63  .60  .73  .78  .71  .56  .56 
 323 828313   1742 1984                                .36  .38  .25A .06B .10B .28A .35  .30A     
 324 828061   1825 1984                                                    .27A .46  .47  .39      
 325 826081   1668 1984                 .32A .37  .64  .56  .37  .51  .54  .49  .55  .69  .62      
 326 826181   1680 1984                      .42  .37  .40  .48  .45  .48  .49  .41  .50  .51      
 327 cr732b   1752 2003                                     .70  .66  .64  .76  .81  .80  .72  .72 
 328 827022   1775 1984                                          .17B .22B .09B .13B .33  .54      
 329 828081   1704 1949                           .31A .37  .29A .28B .33B .30A .40  .44           
 330 826172   1670 1984                 .55  .32B .36  .40  .30A .49  .55  .49  .54  .61  .48      
 332 cr632b   1800 1988                                               .44  .52  .57  .68  .67      
 333 CR642A   1786 2003                                          .71  .68  .76  .80  .76  .67  .62 
 334 cr705d   1732 2003                                .74  .70  .66  .75  .85  .85  .73  .67  .70 
 335 cr729a   1759 2003                                     .64  .71  .75  .74  .76  .81  .79  .76 
 336 825163   1709 1977                           .69  .69  .68  .54  .54  .69  .65  .66  .66      
 337 cr632a   1777 2003                                          .45  .61  .71  .72  .72  .71  .71 
 338 cr638b   1745 2003                                .72  .78  .76  .73  .61  .70  .71  .49  .64 
 339 828311   1733 1982                                .41  .40  .26A .25B .21B .26A .47  .38      
 340 827042   1718 1984                           .40  .51  .54  .41  .22B .23B .38  .53  .46      
 341 827101   1740 1924                                .38  .33A .46  .18A .09B .15B               
 342 cr631a   1708 2003                           .74  .79  .76  .73  .77  .71  .70  .80  .76  .72 
 343 cr631b   1714 2003                           .71  .79  .83  .83  .79  .73  .80  .80  .68  .74 
 344 825142   1771 1977                                     .59  .59  .62  .42  .56  .76  .43      
 345 825162   1772 1977                                     .72  .81  .77  .76  .75  .61  .58      
 346 cr816a   1881 2003                                                              .77  .63  .64 
 347 cx613b   1636 1819            .54  .72  .78  .64  .57                                         
 348 827021   1717 1984                           .24B .27B .21B .19B .13B .12B .21B .39  .45      
 349 828142   1734 1984                                .36  .41  .53  .22B .16B .31B .32B .19A     
 350 cr729b   1759 2003                                     .50  .62  .79  .72  .68  .70  .60  .70 
 351 828281   1764 1984                                     .38  .49  .49  .43  .46  .39  .35      
 352 CR642B   1786 2003                                          .70  .78  .86  .85  .72  .56  .63 
 353 826051   1645 1984            .36  .29A .42  .47  .44  .40  .53  .56  .52  .53  .64  .59      
 354 813081   1780 1977                                          .69  .69  .75  .73  .74  .65      
 355 826242   1800 1984                                               .62  .61  .56  .67  .71      
 356 825091   1671 1977                 .68  .70  .67  .62  .55  .51  .45  .51  .59  .58  .49      
 357 825092   1669 1977                 .64  .66  .78  .78  .70  .49  .44  .57  .75  .75  .61      
 358 cr740a   1747 2003                                .74  .75  .61  .65  .79  .81  .74  .67  .68 
 359 cr621b   1924 2003                                                                   .36  .49 
 360 hcb1     1548 1870  .50  .45  .39B .27A .35  .47  .45  .19B .31B                              
 361 hcb2     1548 1866  .47  .47  .38  .38  .32A .41  .35  .19B .34                               
 362 hcc1     1396 1749  .43  .55  .45  .36  .42                                                   
 363 hrc1     1525 1835  .59  .61  .43  .37  .50  .53  .52  .38                                    
 364 cx503a   1750 1977                                     .59  .50  .52  .53  .66  .72  .68      
 365 cr616b   1649 2003            .54  .71  .67  .58  .56  .60  .61  .58  .71  .71  .76  .67  .42 
 366 828201   1675 1924                      .46  .39  .32A .24B .20B .21B .33B .25B               
 367 cx305a   1727 1952                                .68  .58  .45  .45  .52  .61  .48           
 368 cx413b   1395 1722  .70  .78  .69                                                             
 369 cx503b   1720 1981                           .53  .73  .59  .62  .73  .69  .71  .70  .65      
 370 cx811a   1569 1894  .63  .57  .66  .68  .61  .63  .77  .74  .56  .58                          
 372 cr604a   1794 2003                                          .46  .56  .63  .63  .62  .54  .37 
 373 cr626b   1700 2003                      .39  .45  .41  .45  .48  .53  .61  .58  .39  .40B .61 
 374 cx809a   1510 1842  .45  .39  .49  .59  .71  .73  .70  .67                                    
 375 cx811b   1569 1844  .65  .62  .61  .69  .76  .75  .78  .78                                    
 376 828224   1800 1984                                          .28A .25A .31B .36B .41  .50      
 378 cx411b   1288 1655  .60                                                                       
 379 cx813a   1510 1807  .50  .66  .55  .34  .39  .54  .43                                         
 380 825074   1664 1977                 .65  .74  .80  .78  .34  .40  .79  .77  .75  .70  .54      
 382 cx411a   1288 1652  .72                                                                       
 383 cx413a   1395 1683  .67  .75                                                                  
 384 CR630A   1680 2003                      .64  .62  .73  .71  .60  .56  .59  .69  .74  .54  .58 
 385 cr708c   1697 2003                      .56  .66  .70  .68  .63  .57  .65  .71  .61  .56  .76 
 386 cr715a   1670 2003                 .64  .66  .65  .65  .61  .74  .78  .68  .66  .62  .53  .67 
 387 cr723a   1593 2003  .59  .69  .70  .66  .72  .71  .65  .66  .73  .65  .51  .70  .84  .76  .77 
 388 cr739a   1406 2003  .61  .53  .47  .61  .55  .63  .65  .61  .70  .73  .78  .78  .78  .79  .74 
 389 cx807b   1544 1779  .66  .60  .58  .65  .67  .72                                              
 390 cx819a   1457 1835  .59  .70  .73  .70  .61  .57  .66  .76                                    
 392 827081   1656 1899                 .35  .41  .19B .14B .27A .29A .18B .05B                    
 393 826312   1579 1984  .60  .31A .16B .25B .35  .48  .42  .37  .41  .54  .59  .52  .53  .51      
 394 cx103a   1513 1814  .43  .69  .68  .65  .53  .62  .73                                         
 395 CR608A   1749 2003                                .67  .65  .56  .64  .69  .70  .81  .73  .63 
 396 CR620A   1762 2003                                     .76  .76  .69  .72  .81  .78  .69  .72 
 397 CR620B   1870 2003                                                         .57  .66  .65  .68 
 398 cr626a   1700 2003                           .48  .54  .63  .73  .72  .66  .63  .57  .39  .48 
 399 cr739b   1406 1783  .66  .65  .57  .60  .56  .61                                              
 400 cx808a   1450 1847  .63  .49  .48  .64  .72  .76  .70  .64                                    
 401 828222   1825 1984                                                    .14B .16B .31A .34      
 402 286253   1580 1984  .64  .62  .42  .45  .48  .59  .59  .33  .27A .50  .48  .44  .66  .63      
 403 cr624a   1588 2003  .76  .76  .70  .72  .69  .72  .72  .64  .55  .64  .40  .45  .72  .51  .39 
 404 cr721b   1741 2003                                .66  .61  .58  .58  .46  .57  .53  .37  .60 
 405 cx806a   1630 1829            .57  .58  .65  .56  .58  .57                                    
 406 cx806b   1534 1886  .41  .55  .60  .64  .70  .64  .64  .60  .42  .37                          
 407 cx819b   1457 1835  .56  .59  .57  .70  .74  .68  .73  .73                                    
 408 825221   1590 1977  .76  .72  .66  .69  .55  .53  .66  .73  .76  .71  .68  .75  .77  .67      
 409 828074   1675 1984                      .16B .44  .43  .22A .36  .24B .25B .35B .34  .22B     
 410 826272   1512 1984  .47  .28A .38  .53  .35  .38  .57  .53  .38  .31A .44  .57  .53  .38      
 411 CR630B   1680 1979                      .53  .65  .81  .80  .59  .62  .68  .66  .68  .43      
 412 cx807a   1544 1790  .65  .77  .76  .67  .57  .59                                              
 413 cx818a   1419 1835  .50  .47  .47  .64  .64  .66  .74  .67                                    
 414 cx818b   1419 1850  .55  .51  .60  .63  .57  .57  .67  .71  .75                               
 417 828223   1825 1984                                                    .13B-.04B .06B .38      
 418 826252   1565 1984  .68  .68  .52  .49  .41  .54  .51  .20A .33  .61  .63  .52  .50  .55      
 419 826271   1512 1966  .30A .19B .29A .41  .39  .44  .48  .38  .30A .35  .34  .54  .57           
 420 cx405a   1391 1649  .49                                                                       
 422 cr715b   1670 2003                 .49  .65  .69  .67  .62  .69  .77  .62  .50  .64  .61  .64 
 423 cr718a   1673 2003                 .59  .58  .61  .63  .58  .55  .68  .80  .81  .81  .77  .71 
 424 cr718b   1673 2003                 .66  .57  .61  .66  .62  .65  .70  .69  .72  .67  .61  .56 
 425 cr730b   1712 2003                           .77  .78  .67  .71  .75  .75  .77  .76  .67  .69 
 426 cx812a   1536 1802  .71  .62  .56  .71  .70  .70  .77                                         
 427 cx812b   1536 1803  .64  .73  .73  .79  .74  .65  .72                                         
 428 825033   1666 1977                 .64  .77  .83  .76  .66  .64  .74  .79  .80  .84  .71      
 429 826011   1491 1984  .34  .36  .32A .29A .36  .37  .35  .18A .24B .34  .34  .39  .48  .56      
 430 cx407a   1475 1706  .53  .59  .55                                                             
 431 cx410b   1524 1819  .68  .72  .62  .66  .72  .75  .73                                         
 432 cr723b   1593 2003  .69  .72  .74  .69  .64  .62  .67  .67  .60  .62  .52  .54  .68  .69  .73 
 433 cx816a   1680 1955                      .43  .60  .56  .31A .48  .59  .45  .52  .61           
 434 cx817b   1504 1801  .66  .60  .48  .58  .56  .57  .65                                         
 436 827202   1642 1984            .19B .15B .25B .30A .38  .30B .28A .17B .11B .28A .45  .41      
 437 827222   1678 1984                      .21B .25B .33A .35B .39  .13B .11B .33  .33  .23B     
 438 827281   1509 1984  .13B .32A .43  .49  .50  .37  .36  .45  .44  .30A .32A .45  .53  .58      
 439 827333   1676 1984                      .49  .33A .33A .45  .50  .40  .36B .43  .44  .46      
 440 cx407b   1475 1696  .56  .68                                                                  
 441 cx410a   1524 1769  .67  .72  .69  .78  .68                                                   
 442 cx504b   1725 1958                                .70  .70  .70  .56  .57  .60  .49           
 443 cx604b   1610 1814       .74  .65  .79  .78  .72  .72                                         
 444 cr614b   1706 2003                           .74  .83  .80  .77  .66  .65  .73  .77  .79  .76 
 445 cr721a   1740 1919                                .63  .59  .58  .60  .44                     
 446 cr723c   1556 2003  .75  .76  .69  .53  .61  .73  .76  .70  .68  .76  .62  .68  .80  .75  .78 
 447 cx817a   1504 1811  .71  .75  .72  .73  .66  .68  .69                                         
 448 827221   1678 1984                      .50  .29B .31B .41  .49  .34  .25B .43  .45  .33      
 449 827331   1665 1984                 .21A .43  .25B .12B .19B .33  .18B .18B .33A .44  .40      
 450 828073   1800 1984                                               .25B .37B .53  .36  .24B     
 451 826254   1580 1984  .64  .64  .60  .49  .37  .51  .51  .35  .41  .46  .52  .56  .61  .57      
 452 cx201a   1600 1818       .56  .41  .47  .60  .61  .47                                         
 453 cx205a   1761 1920                                     .36  .40  .57  .50                     
 455 cx609a   1617 1843       .50  .58  .55  .65  .76  .82  .79                                    
 456 cx611b   1624 1870       .53  .60  .73  .78  .76  .79  .72  .61                               
 457 cr603a   1654 2003                 .28B .32A .50  .64  .53  .58  .56  .61  .76  .63  .65  .70 
 458 cr616a   1649 2003            .67  .75  .66  .60  .69  .72  .68  .68  .64  .57  .68  .58  .49 
 459 cr710a   1737 2003                                .54  .58  .61  .43  .46  .72  .67  .50  .62 
 460 825123   1595 1977  .67  .78  .56  .54  .63  .63  .67  .61  .72  .56  .43  .75  .73  .57      
 461 813042   1688 1977                      .52  .63  .74  .70  .64  .63  .75  .81  .79  .73      
 462 827191   1711 1984                           .24B .32B .18B .17B .07B .25B .37  .43  .43      
 463 827201   1737 1949                                .43  .22B .20B .19A .18B .28A .34           
 464 828272   1675 1984                      .49  .58  .58  .36B .34B .27A .17B .31A .45  .24A     
 465 cx102b   1414 1719  .25B .51  .70                                                             
 466 cx205b   1761 1920                                     .46  .44  .43  .44                     
 467 cx614a   1681 1899                      .67  .61  .65  .66  .60  .66  .51                     
 468 cx619a   1550 1832  .67  .63  .75  .82  .80  .72  .68  .69                                    
 469 cr612b   1668 2003                 .43  .57  .78  .70  .57  .53  .69  .86  .71  .67  .74  .60 
 470 cr614a   1706 2003                           .83  .62  .38  .44  .53  .49  .66  .72  .66  .49 
 471 cx810b   1576 1826  .74  .69  .65  .75  .64  .56  .59  .65                                    
 472 cr806a   1794 1949                                          .70  .72  .68  .70  .50           
 473 cr806b   1794 1949                                          .66  .66  .63  .71  .54           
 474 813071   1675 1977                      .69  .77  .84  .77  .77  .81  .55  .48  .67  .69      
 475 827152   1728 1984                                .52  .41  .37  .17B .33A .31A .31A .35      
 476 827251   1689 1984                      .29B .22B .15B .20B .19B .05B .11B .10B .09B .19A     
 477 cx301a   1823 1961                                               .39  .49  .66  .74           
 478 cx421b   1489 1660  .60                                                                       
 479 cx502b   1448 1723  .72  .80  .59                                                             
 480 cx612b   1617 1799       .57  .61  .65  .71  .56  .45                                         
 481 cr612a   1700 2003                           .74  .65  .57  .59  .63  .68  .61  .68  .78  .73 
 482 cr733a   1645 2003            .69  .75  .72  .74  .80  .74  .45  .49  .70  .74  .75  .69  .77 
 483 cr802a   1840 1919                                                    .53                     
 484 CR805A   1743 2003                                .56  .65  .72  .63  .63  .70  .63  .58  .65 
 485 825013   1611 1977       .79  .73  .61  .61  .70  .58  .44  .15B .27B .64  .80  .84  .75      
 486 825014   1611 1977       .67  .65  .48  .45  .68  .64  .67  .57  .55  .68  .79  .69  .48      
 487 827332   1665 1984                 .22B .41  .30B .20B .40  .47  .33B .38  .49  .40  .45      
 490 828072   1850 1984                                                    .31B .17B .20B .41      
 491 828122   1737 1984                                .25A .27B .43B .34B .38  .54  .47  .40      
 492 828202   1800 1984                                               .51  .54  .46  .33A .36      
 493 826013   1595 1952  .40  .30A .28A .31A .30B .41  .41  .16B .27B .44  .27B .36  .59           
 494 826251   1565 1984  .62  .61  .53  .54  .58  .67  .58  .36  .48  .63  .59  .62  .69  .56      
 495 826311   1621 1984       .44  .46  .57  .50  .45  .47  .43  .43  .59  .63  .55  .65  .66      
 496 cx416a   1523 1784  .65  .80  .74  .73  .65  .62                                              
 497 cx606b   1650 1854                 .50  .64  .67  .74  .70  .67                               
 498 cr618a   1697 1950                      .46  .69  .68  .59  .58  .59  .66  .62  .43B          
 499 cr723d   1556 2003  .57  .59  .70  .68  .63  .68  .59  .55  .61  .67  .68  .77  .77  .57  .62 
 500 cx810a   1576 1808  .70  .60  .51  .63  .58  .65  .63                                         
 501 825011   1616 1977       .56  .64  .68  .79  .79  .75  .75  .48  .49  .75  .76  .67  .64      
 502 827172   1655 1920                 .32A .58  .47  .35  .31A .26B .27A .38B                    
 503 827334   1676 1970                      .50  .35  .23B .30B .24B .15B .24B .24A .38           
 504 828151   1700 1984                           .40  .45  .57  .48  .21B .25B .21B .16B .29A     
 505 828181   1703 1984                           .54  .35  .29A .46  .34B .37  .49  .36  .26B     
 506 cx416b   1523 1812  .61  .70  .81  .78  .75  .75  .72                                         
 507 cx421a   1489 1649  .47                                                                       
 508 cx620b   1613 1790       .56  .58  .69  .73  .59                                              
 509 cr602a   1803 2003                                               .62  .65  .82  .81  .70  .72 
 510 cr711a   1680 2003                      .68  .72  .64  .69  .77  .78  .69  .60  .67  .69  .61 
 512 828312   1734 1984                                .43  .39  .19B .07B .11B .20B .40  .45      
 513 826201   1600 1984       .53  .47  .52  .57  .58  .56  .41  .52  .63  .48  .46  .65  .64      
 514 cx301b   1830 1948                                                    .50  .70                
 515 cx307b   1746 1937                                .74  .70  .82  .78  .54  .54                
 516 cx502a   1448 1728  .71  .77  .63  .69                                                        
 517 cx504a   1725 1956                                .64  .67  .65  .57  .72  .75  .68           
 518 cx615b   1650 1880                 .64  .73  .71  .71  .73  .67  .66                          
 519 cr602b   1827 2003                                                    .67  .67  .75  .70  .71 
 520 cr637b   1666 2003                 .58  .53  .65  .74  .79  .85  .77  .74  .79  .77  .70  .69 
 521 cr808b   1758 1919                                     .73  .73  .63  .61                     
 522 cr813b   1893 2003                                                              .73  .75  .79 
 523 827131   1684 1983                      .47  .41  .47  .46  .49  .35  .18B .26B .41B .34      
 524 827192   1721 1984                           .28A .37  .27B .12B .04B .31B .20B .20B .50      
 525 827284   1514 1729  .16B .37  .50  .45                                                        
 526 827354   1660 1984                 .13B .36  .46  .24B .16B .32A .17B .06B .19B .18B .28A     
 527 826092   1625 1984            .52  .64  .53  .52  .46  .23B .37  .52  .33  .34  .75  .49      
 528 cx615a   1639 1859            .53  .64  .69  .63  .66  .71  .63                               
 529 cr628a   1680 2003                      .70  .59  .64  .64  .56  .61  .68  .76  .70  .59  .57 
 530 cr703a   1805 2003                                               .46  .60  .71  .72  .62  .64 
 531 cx804b   1736 1956                                .63  .67  .64  .57  .65  .61  .43           
 532 825073   1582 1977  .59  .64  .75  .78  .78  .81  .52  .42  .77  .78  .75  .72  .71  .59      
 533 828291   1689 1984                      .22B .30A .21B .28A .34  .28A .25B .37  .40  .30A     
 534 826221   1588 1984  .63  .59  .54  .44  .33B .51  .56  .39  .48  .59  .50  .47  .55  .45      
 535 cx305b   1727 1970                                .63  .55  .62  .62  .68  .75  .70           
 536 cx604a   1590 1798  .50  .51  .54  .74  .72  .68                                              
 537 cr615b   1769 2003                                     .61  .68  .63  .48  .62  .59  .37B .32A
 538 cr643b   1884 2003                                                              .60  .56  .64 
 539 cr725b   1772 1986                                     .79  .78  .79  .81  .81  .81  .73      
 540 cx802b   1699 1944                      .39  .71  .69  .74  .77  .75  .77  .72                
 541 825043   1549 1977  .69  .63  .63  .67  .67  .75  .80  .71  .76  .80  .75  .77  .81  .72      
 542 825072   1582 1977  .54  .28A .54  .82  .77  .75  .58  .54  .76  .76  .71  .77  .75  .54      
 543 813121   1748 1960                                .59  .53  .60  .65  .78  .76  .70           
 544 CM12-1   1722 1827                           .78  .83  .85                                    
 546 828021   1725 1984                                .23B .25A .33B .18B .15B .20B .37  .34      
 547 828121   1800 1984                                               .31A .30B .36  .56  .49      
 548 828182   1740 1984                                .44  .22A .37  .30B .16B .21B .29A .26B     
 549 828261   1800 1984                                               .13B .23B .37B .36  .41      
 551 cx606a   1700 1861                           .70  .80  .81  .76                               
 552 cx611a   1624 1872            .71  .70  .74  .76  .77  .77  .75                               
 553 cr606b   1639 1870            .67  .76  .71  .74  .75  .69  .66                               
 554 cr636b   1816 2003                                               .65  .64  .76  .86  .75  .64 
 555 cr737a   1710 2003                           .54  .71  .86  .80  .80  .77  .72  .74  .67  .71 
 556 825044   1549 1977  .62  .67  .63  .55  .56  .59  .67  .69  .66  .76  .75  .74  .71  .62      
 557 827041   1718 1974                           .23A .41  .61  .39  .16B .06B .14B .21B-.01B     
 558 827291   1626 1983            .29A .39  .54  .42  .36  .40  .36  .33B .47  .44  .35  .38      
 559 828042   1675 1936                      .45  .53  .54  .48  .45  .20A .31A .45                
 561 cx620a   1581 1784  .66  .60  .58  .67  .63  .47                                              
 562 cr622a   1811 2003                                               .70  .79  .76  .56  .53  .57 
 563 cr637a   1666 2003                 .54  .56  .71  .78  .74  .73  .81  .85  .77  .75  .71  .49 
 564 cr704b   1770 2003                                     .48  .38  .41  .49  .44  .37  .52  .58 
 565 cr714a   1837 2003                                                    .42  .51  .50  .43  .56 
 566 cr720a   1792 2003                                          .59  .55  .58  .69  .62  .49  .61 
 567 cr724a   1716 2003                           .74  .77  .56  .58  .66  .69  .77  .88  .80  .68 
 568 cr728a   1778 2003                                          .65  .64  .69  .76  .75  .66  .77 
 569 cr730a   1712 2003                           .68  .71  .65  .70  .50  .46  .76  .78  .69  .76 
 Av segment correlation  .56  .58  .55  .57  .57  .58  .59  .55  .54  .54  .55  .60  .62  .56  .63 

 FLAGGED SEGMENTS: cana322
-----------------------------------------------------------------------------------------------------------------------------------
 Seq Series   Segment    Flag  r dated  Best lag  r at lag   Gain  Note
 --- -------- ---------  ----  -------  --------  --------  -----  -----------------
   1 sha1     1650 1699     A     .288         0
   4 cr734b   1825 1874     B     .383         2      .387   .004
   7 827342   1750 1799     B     .354         4      .401   .046
   7 827342   1775 1824     A     .280         0
   7 827342   1800 1849     A     .287         0
   7 827342   1825 1874     B     .060        -9      .241   .181  weak at every lag
   7 827342   1850 1899     B     .032         7      .276   .244  weak at every lag
   7 827342   1875 1924     B     .164        -2      .248   .083  weak at every lag
   7 827342   1900 1949     B     .137         2      .178   .041  weak at every lag
   7 827342   1925 1974     B     .099         2      .227   .128  weak at every lag
  15 827273   1675 1724     A     .295         0
  15 827273   1700 1749     A     .291         0
  15 827273   1725 1774     A     .301         0
  16 827362   1675 1724     B     .175        -7      .258   .083  weak at every lag
  16 827362   1725 1774     B     .267         8      .284   .017  weak at every lag
  16 827362   1750 1799     B     .279         4      .365   .086
  16 827362   1825 1874     B     .279         7      .376   .098
  16 827362   1850 1899     B     .273         4      .316   .043  weak at every lag
  16 827362   1875 1924     A     .323         0
  17 828022   1700 1749     B     .226        -7      .397   .172
  17 828022   1725 1774     A     .247         0
  17 828022   1750 1799     A     .229         0
  17 828022   1775 1824     A     .266         0
  17 828022   1800 1849     B     .281         2      .361   .081
  17 828022   1825 1874     B    -.057         2      .467   .524
  17 828022   1850 1899     B     .108        -4      .169   .061  weak at every lag
  17 828022   1875 1924     B     .208        -2      .236   .029  weak at every lag
  17 828022   1900 1949     A     .222         0
  18 828131   1750 1799     A     .274         0
  18 828131   1775 1824     B     .202        10      .235   .033  weak at every lag
  18 828131   1800 1849     B     .218         2      .431   .213
  18 828131   1825 1874     B     .240         2      .282   .041  weak at every lag
  18 828131   1850 1899     B     .286         9      .441   .155
  20 828211   1775 1824     B     .252        -3      .366   .114
  20 828211   1825 1874     A     .323         0
  20 828211   1850 1899     B     .053        -4      .372   .319
  20 828211   1875 1924     B     .236        -4      .417   .181
  20 828211   1925 1974     B     .233        -8      .301   .068  weak at every lag
  21 826022   1525 1574     B     .164         5      .315   .151  weak at every lag
  21 826022   1600 1649     B     .219        -6      .267   .047  weak at every lag
  21 826022   1625 1674     A     .263         0
  21 826022   1775 1824     B     .308       -10      .343   .035
  27 827231   1650 1699     A     .297         0
  27 827231   1700 1749     B     .394        -7      .426   .032
  27 827231   1725 1774     B     .323        -7      .329   .006
  27 827231   1750 1799     B     .301         4      .396   .095
  33 827341   1725 1774     A     .316         0
  33 827341   1775 1824     A     .251         0
  33 827341   1800 1849     B     .130        -7      .211   .080  weak at every lag
  33 827341   1825 1874     B     .017         8      .204   .186  weak at every lag
  33 827341   1850 1899     B     .107         7      .245   .138  weak at every lag
  33 827341   1875 1924     A     .253         0
  34 827393   1725 1774     A     .316         0
  34 827393   1750 1799     B     .120         4      .387   .267
  34 827393   1775 1824     B     .096        -6      .210   .115  weak at every lag
  34 827393   1800 1849     B     .210       -10      .364   .153
  35 827394   1725 1774     A     .245         0
  35 827394   1750 1799     B     .198         4      .307   .108  weak at every lag
  35 827394   1775 1824     A     .272         0
  35 827394   1800 1849     A     .282         0
  36 826082   1775 1824     B     .259         2      .325   .066  weak at every lag
  45 827132   1850 1899     B     .232        -4      .256   .023  weak at every lag
  46 828162   1675 1724     A     .320         0
  46 828162   1750 1799     B     .249         4      .381   .133
  46 828162   1775 1824     A     .224         0
  46 828162   1800 1849     B     .280         7      .355   .075
  46 828162   1825 1874     B     .085       -10      .244   .159  weak at every lag
  46 828162   1850 1899     B     .214        -4      .347   .132
  49 827311   1725 1774     B     .234         4      .336   .102
  49 827311   1750 1799     B     .268         4      .453   .185
  49 827311   1775 1824     A     .262         0
  49 827311   1800 1849     A     .269         0
  49 827311   1825 1874     B     .210        -9      .234   .024  weak at every lag
  49 827311   1850 1899     A     .298         0
  50 827351   1725 1774     B     .218         4      .259   .040  weak at every lag
  50 827351   1750 1799     B     .202         4      .320   .118  weak at every lag
  50 827351   1800 1849     B     .241         3      .281   .040  weak at every lag
  57 cr634a   1925 1974     A     .279         0
  67 828161   1775 1824     A     .323         0
  67 828161   1800 1849     A     .232         0
  67 828161   1825 1874     B     .047       -10      .308   .261  weak at every lag
  67 828161   1850 1899     B     .135         7      .377   .242
  68 cx419b   1775 1824     A     .280         0
  72 827381   1800 1849     A     .309         0
  72 827381   1825 1874     B     .083         2      .239   .156  weak at every lag
  72 827381   1850 1899     B     .027        -2      .307   .280  weak at every lag
  72 827381   1875 1924     B     .363        -2      .374   .012
  73 826061   1700 1749     B     .363        -6      .418   .055
  73 826061   1725 1774     B     .504        -6      .512   .008
  77 cx203b   1800 1849     B     .198        -4      .373   .175
  82 828282   1775 1824     A     .294         0
  82 828282   1825 1874     B     .319        10      .386   .067
  82 828282   1850 1899     B     .304        -2      .364   .061
  88 cr712b   1800 1849     B     .292         1      .362   .070
  91 827261   1750 1799     B     .314         4      .338   .025
  91 827261   1775 1824     B     .216         3      .243   .027  weak at every lag
  91 827261   1800 1849     B     .295        -6      .415   .120
  91 827261   1825 1874     B     .104       -10      .213   .109  weak at every lag
  91 827261   1850 1899     B     .154        -5      .362   .209
  97 cr736b   1925 1974     B     .312         8      .415   .103
 101 828011   1700 1749     A     .272         0
 101 828011   1725 1774     A     .182         0
 101 828011   1750 1799     A     .216         0
 101 828011   1775 1824     A     .256         0
 101 828011   1800 1849     A     .292         0
 101 828011   1825 1874     B     .186       -10      .316   .130  weak at every lag
 102 826241   1775 1824     A     .285         0
 126 cx107a   1850 1899     A     .300         0
 138 hcc2     1475 1524     A     .265         0
 138 hcc2     1625 1674     B     .246         7      .289   .043  weak at every lag
 138 hcc2     1650 1699     A     .308         0
 139 hca2     1775 1824     B     .159        -1      .164   .006  weak at every lag
 139 hca2     1800 1849     B     .137        -9      .246   .109  weak at every lag
 140 hrc2     1775 1824     B     .230       -10      .293   .064  weak at every lag
 142 cx412b   1200 1249     B     .298       -10      .402   .104
 150 cr722a   1825 1874     A     .316         0
 154 827171   1750 1799     B     .351         4      .394   .044
 154 827171   1825 1874     B     .236         7      .298   .062  weak at every lag
 156 cr640b   1825 1874     A     .326         0
 157 826292   1675 1724     A     .280         0
 157 826292   1700 1749     B     .172        -6      .351   .179
 157 826292   1725 1774     B     .344        -6      .417   .073
 157 826292   1800 1849     A     .321         0
 178 cr603b   1825 1874     A     .298         0
 183 828071   1625 1674     A     .267         0
 183 828071   1650 1699     B     .083        -5      .321   .237  weak at every lag
 183 828071   1675 1724     B     .148        -4      .280   .132  weak at every lag
 183 828071   1700 1749     A     .323         0
 183 828071   1775 1824     A     .271         0
 183 828071   1825 1874     A     .257         0
 183 828071   1850 1899     B     .225        -4      .302   .078  weak at every lag
 183 828071   1875 1924     B     .320         7      .408   .087
 192 828171   1725 1774     A     .316         0
 192 828171   1775 1824     A     .315         0
 192 828171   1800 1849     A     .310         0
 192 828171   1825 1874     B     .135       -10      .380   .244
 192 828171   1850 1899     B     .306        -2      .325   .019  weak at every lag
 192 828171   1900 1949     B     .199         7      .239   .041  weak at every lag
 192 828171   1925 1974     B     .083        10      .273   .190  weak at every lag
 193 828251   1825 1874     A     .254         0
 193 828251   1850 1899     A     .319         0
 193 828251   1925 1974     A     .231         0
 194 826012   1600 1649     A     .325         0
 194 826012   1625 1674     B     .265         5      .317   .052  weak at every lag
 194 826012   1650 1699     B     .197         5      .314   .117  weak at every lag
 194 826012   1675 1724     B     .113        -1      .224   .111  weak at every lag
 194 826012   1700 1749     A     .259         0
 194 826012   1725 1774     A     .296         0
 194 826012   1750 1799     A     .305         0
 194 826012   1775 1824     B     .324         9      .346   .021
 195 826131   1650 1699     A     .319         0
 195 826131   1775 1824     A     .322         0
 195 826131   1850 1899     A     .288         0
 195 826131   1875 1924     A     .291         0
 196 826132   1775 1824     B     .230         9      .273   .043  weak at every lag
 204 827151   1775 1824     A     .287         0
 204 827151   1800 1849     B     .301        10      .393   .091
 205 826211   1775 1824     A     .234         0
 205 826211   1800 1849     B     .219       -10      .270   .051  weak at every lag
 206 826291   1650 1699     A     .260         0
 206 826291   1675 1724     B     .158        -1      .255   .098  weak at every lag
 206 826291   1700 1749     B     .162         1      .236   .074  weak at every lag
 206 826291   1775 1824     A     .275         0
 206 826291   1800 1849     A     .299         0
 209 cx609b   1650 1699     B     .230         2      .273   .043  weak at every lag
 218 827111   1725 1774     B     .107        -7      .254   .147  weak at every lag
 218 827111   1750 1799     B    -.005         4      .404   .409
 218 827111   1775 1824     B     .202        -6      .214   .012  weak at every lag
 218 827111   1825 1874     A     .281         0
 218 827111   1850 1899     B     .203        -5      .278   .075  weak at every lag
 218 827111   1875 1924     A     .292         0
 227 827162   1825 1874     A     .324         0
 227 827162   1850 1899     A     .233         0
 227 827162   1875 1924     A     .261         0
 227 827162   1900 1949     A     .298         0
 227 827162   1925 1974     B     .232        10      .398   .166
 229 828172   1750 1799     A     .323         0
 229 828172   1800 1849     A     .235         0
 229 828172   1825 1874     B     .158         5      .230   .072  weak at every lag
 229 828172   1900 1949     B     .188         9      .249   .061  weak at every lag
 229 828172   1925 1974     B     .095         2      .266   .171  weak at every lag
 241 827292   1650 1699     B     .209         3      .252   .042  weak at every lag
 241 827292   1725 1774     A     .308         0
 241 827292   1750 1799     B     .225         4      .365   .140
 241 827292   1775 1824     A     .294         0
 241 827292   1825 1874     B     .234         4      .273   .039  weak at every lag
 241 827292   1850 1899     B     .124         4      .236   .112  weak at every lag
 241 827292   1875 1924     B     .168        -4      .169   .001  weak at every lag
 241 827292   1900 1949     B     .245        -8      .250   .005  weak at every lag
 241 827292   1925 1974     A     .282         0
 242 826162   1775 1824     A     .313         0
 243 826231   1675 1724     A     .300         0
 243 826231   1700 1749     B     .145        -6      .411   .266
 243 826231   1725 1774     B     .378        -6      .504   .126
 243 826231   1775 1824     A     .321         0
 243 826231   1800 1849     A     .295         0
 244 826282   1625 1674     B     .205        -4      .253   .048  weak at every lag
 244 826282   1650 1699     A     .272         0
 255 hca1     1850 1899     A     .300         0
 256 sha2     1650 1699     A     .205         0
 256 sha2     1675 1724     A     .294         0
 257 hrb1     1500 1549     B     .248         1      .275   .027  weak at every lag
 257 hrb1     1600 1649     A     .307         0
 257 hrb1     1625 1674     A     .317         0
 258 hrb2     1500 1549     A     .301         0
 262 827181   1825 1874     A     .296         0
 262 827181   1900 1949     A     .313         0
 265 cr705b   1875 1924     B     .418        -2      .448   .031
 269 827392   1750 1799     B     .260         4      .432   .171
 269 827392   1775 1824     A     .266         0
 269 827392   1800 1849     B     .251        -3      .304   .053  weak at every lag
 269 827392   1825 1874     B     .097        -9      .256   .159  weak at every lag
 270 826121   1725 1774     B     .386        -6      .432   .047
 270 826121   1750 1799     A     .298         0
 270 826121   1775 1824     B     .189        -4      .203   .015  weak at every lag
 273 cr623b   1775 1824     A     .309         0
 282 827102   1750 1799     B     .312        -2      .327   .015  weak at every lag
 282 827102   1825 1874     B     .334        -9      .405   .071
 282 827102   1850 1899     B     .164         4      .268   .104  weak at every lag
 282 827102   1875 1924     B     .272        -2      .276   .004  weak at every lag
 282 827102   1925 1974     A     .319         0
 283 827161   1725 1774     B     .263        -7      .350   .087
 283 827161   1800 1849     A     .315         0
 283 827161   1825 1874     A     .192         0
 284 826052   1750 1799     A     .266         0
 284 826052   1775 1824     A     .196         0
 293 827051   1825 1874     A     .298         0
 293 827051   1850 1899     A     .265         0
 293 827051   1875 1924     A     .313         0
 294 827391   1750 1799     A     .318         0
 294 827391   1775 1824     A     .300         0
 294 827391   1825 1874     B     .146         7      .341   .195
 294 827391   1850 1899     B     .272         2      .294   .022  weak at every lag
 294 827391   1875 1924     B     .301         2      .301   .000  weak at every lag
 294 827391   1900 1949     B     .109         2      .237   .128  weak at every lag
 294 827391   1925 1974     A     .194         0
 295 826161   1775 1824     A     .258         0
 304 828101   1725 1774     A     .322         0
 304 828101   1750 1799     B     .341         4      .422   .081
 304 828101   1775 1824     B     .183        10      .387   .204
 304 828101   1800 1849     B     .147        10      .373   .226
 304 828101   1825 1874     B     .085         2      .258   .173  weak at every lag
 304 828101   1850 1899     B     .138        -4      .346   .208
 304 828101   1875 1924     B     .276        -4      .296   .021  weak at every lag
 304 828101   1900 1949     A     .212         0
 304 828101   1925 1974     B     .124        -4      .300   .176  weak at every lag
 308 826091   1775 1824     B     .153         9      .327   .174  weak at every lag
 308 826091   1800 1849     B     .262        -7      .293   .031  weak at every lag
 309 827071   1825 1874     A     .262         0
 309 827071   1850 1899     B     .143        -5      .271   .129  weak at every lag
 309 827071   1875 1924     B     .184       -10      .416   .232
 309 827071   1900 1949     B     .188       -10      .399   .211
 309 827071   1925 1974     B     .208        10      .366   .157
 310 826021   1750 1799     A     .327         0
 312 827182   1875 1924     A     .316         0
 312 827182   1900 1949     A     .269         0
 312 827182   1925 1974     A     .274         0
 313 826401   1725 1774     B     .460        -6      .478   .018
 323 828313   1800 1849     A     .247         0
 323 828313   1825 1874     B     .059        -4      .385   .327
 323 828313   1850 1899     B     .095        -4      .252   .157  weak at every lag
 323 828313   1875 1924     A     .284         0
 323 828313   1925 1974     A     .300         0
 324 828061   1850 1899     A     .273         0
 325 826081   1675 1724     A     .316         0
 328 827022   1800 1849     B     .171         2      .275   .103  weak at every lag
 328 827022   1825 1874     B     .216        10      .258   .042  weak at every lag
 328 827022   1850 1899     B     .091        -5      .465   .374
 328 827022   1875 1924     B     .125        -2      .214   .089  weak at every lag
 329 828081   1725 1774     A     .313         0
 329 828081   1775 1824     A     .288         0
 329 828081   1800 1849     B     .283         6      .343   .060
 329 828081   1825 1874     B     .326         6      .334   .008
 329 828081   1850 1899     A     .299         0
 330 826172   1700 1749     B     .325        -3      .499   .174
 330 826172   1775 1824     A     .300         0
 339 828311   1800 1849     A     .257         0
 339 828311   1825 1874     B     .248        10      .337   .089
 339 828311   1850 1899     B     .212        -9      .263   .051  weak at every lag
 339 828311   1875 1924     A     .257         0
 340 827042   1825 1874     B     .224        -5      .289   .065  weak at every lag
 340 827042   1850 1899     B     .231        -5      .536   .306
 341 827101   1775 1824     A     .326         0
 341 827101   1825 1874     A     .179         0
 341 827101   1850 1899     B     .086        -2      .188   .102  weak at every lag
 341 827101   1875 1924     B     .153        -9      .233   .079  weak at every lag
 348 827021   1725 1774     B     .244       -10      .385   .141
 348 827021   1750 1799     B     .271       -10      .276   .006  weak at every lag
 348 827021   1775 1824     B     .211       -10      .236   .026  weak at every lag
 348 827021   1800 1849     B     .190         2      .221   .031  weak at every lag
 348 827021   1825 1874     B     .133        -4      .349   .217
 348 827021   1850 1899     B     .125        -5      .340   .215
 348 827021   1875 1924     B     .208        -4      .270   .061  weak at every lag
 349 828142   1825 1874     B     .225         2      .230   .005  weak at every lag
 349 828142   1850 1899     B     .158         7      .317   .159  weak at every lag
 349 828142   1875 1924     B     .312         7      .405   .093
 349 828142   1900 1949     B     .322        10      .398   .076
 349 828142   1925 1974     A     .193         0
 353 826051   1675 1724     A     .294         0
 360 hcb1     1650 1699     B     .393         2      .425   .032
 360 hcb1     1675 1724     A     .275         0
 360 hcb1     1775 1824     B     .194         7      .314   .120  weak at every lag
 360 hcb1     1800 1849     B     .311         4      .427   .116
 361 hcb2     1700 1749     A     .317         0
 361 hcb2     1775 1824     B     .186         7      .366   .181
 366 828201   1750 1799     A     .325         0
 366 828201   1775 1824     B     .244        10      .418   .174
 366 828201   1800 1849     B     .196       -10      .354   .157
 366 828201   1825 1874     B     .206       -10      .336   .131
 366 828201   1850 1899     B     .332         9      .401   .069
 366 828201   1875 1924     B     .249        -2      .386   .136
 373 cr626b   1925 1974     B     .401        -3      .409   .009
 376 828224   1800 1849     A     .281         0
 376 828224   1825 1874     A     .251         0
 376 828224   1850 1899     B     .306         9      .321   .016  weak at every lag
 376 828224   1875 1924     B     .358         9      .469   .111
 392 827081   1725 1774     B     .194         1      .268   .073  weak at every lag
 392 827081   1750 1799     B     .140         1      .223   .084  weak at every lag
 392 827081   1775 1824     A     .272         0
 392 827081   1800 1849     A     .291         0
 392 827081   1825 1874     B     .185        -6      .342   .157
 392 827081   1850 1899     B     .054        -3      .252   .198  weak at every lag
 393 826312   1625 1674     A     .307         0
 393 826312   1650 1699     B     .159        -2      .333   .174
 393 826312   1675 1724     B     .254        -2      .306   .052  weak at every lag
 401 828222   1850 1899     B     .142        -4      .491   .349
 401 828222   1875 1924     B     .157        -4      .454   .297
 401 828222   1900 1949     A     .309         0
 402 286253   1800 1849     A     .272         0
 409 828074   1700 1749     B     .162        -7      .348   .186
 409 828074   1775 1824     A     .215         0
 409 828074   1825 1874     B     .236       -10      .255   .019  weak at every lag
 409 828074   1850 1899     B     .254         4      .310   .056  weak at every lag
 409 828074   1875 1924     B     .351         7      .365   .014
 409 828074   1925 1974     B     .224        10      .238   .014  weak at every lag
 410 826272   1625 1674     A     .284         0
 410 826272   1825 1874     A     .308         0
 414 cx818b   1550 1599     A     .323         0
 417 828223   1850 1899     B     .132        -4      .361   .229
 417 828223   1875 1924     B    -.039        -4      .360   .399
 417 828223   1900 1949     B     .056         9      .298   .242  weak at every lag
 418 826252   1775 1824     A     .202         0
 419 826271   1600 1649     A     .303         0
 419 826271   1625 1674     B     .188         7      .230   .042  weak at every lag
 419 826271   1650 1699     A     .286         0
 419 826271   1800 1849     A     .300         0
 429 826011   1500 1549     A     .321         0
 429 826011   1550 1599     A     .325         0
 429 826011   1575 1624     B     .277       -10      .280   .004  weak at every lag
 429 826011   1650 1699     A     .320         0
 429 826011   1675 1724     A     .294         0
 429 826011   1775 1824     A     .179         0
 429 826011   1800 1849     B     .242       -10      .244   .002  weak at every lag
 433 cx816a   1775 1824     A     .305         0
 436 827202   1650 1699     B     .191         2      .271   .081  weak at every lag
 436 827202   1675 1724     B     .146         2      .316   .170  weak at every lag
 436 827202   1700 1749     B     .246         2      .318   .072  weak at every lag
 436 827202   1725 1774     A     .300         0
 436 827202   1775 1824     B     .301        -3      .356   .055
 436 827202   1800 1849     A     .277         0
 436 827202   1825 1874     B     .173        -4      .225   .052  weak at every lag
 436 827202   1850 1899     B     .110        -9      .291   .181  weak at every lag
 436 827202   1875 1924     A     .284         0
 437 827222   1700 1749     B     .212         2      .418   .206
 437 827222   1725 1774     B     .247         8      .283   .036  weak at every lag
 437 827222   1750 1799     A     .326         0
 437 827222   1775 1824     B     .348         3      .349   .001
 437 827222   1825 1874     B     .131         7      .312   .181  weak at every lag
 437 827222   1850 1899     B     .108         9      .222   .114  weak at every lag
 437 827222   1925 1974     B     .228         2      .259   .031  weak at every lag
 438 827281   1525 1574     A     .319         0
 438 827281   1550 1599     B     .218        -4      .383   .166
 438 827281   1575 1624     B     .126        -8      .200   .074  weak at every lag
 438 827281   1600 1649     B     .128         6      .159   .031  weak at every lag
 438 827281   1625 1674     A     .322         0
 438 827281   1825 1874     A     .299         0
 438 827281   1850 1899     A     .315         0
 439 827333   1725 1774     A     .326         0
 439 827333   1750 1799     A     .328         0
 439 827333   1850 1899     B     .358        -5      .425   .068
 448 827221   1725 1774     B     .287         2      .290   .003  weak at every lag
 448 827221   1750 1799     B     .313         4      .369   .056
 448 827221   1850 1899     B     .247         9      .334   .087
 449 827331   1675 1724     A     .212         0
 449 827331   1725 1774     B     .255         8      .262   .008  weak at every lag
 449 827331   1750 1799     B     .123         4      .367   .245
 449 827331   1775 1824     B     .192         3      .369   .177
 449 827331   1825 1874     B     .180       -10      .279   .100  weak at every lag
 449 827331   1850 1899     B     .180        -9      .347   .167
 449 827331   1875 1924     A     .327         0
 450 828073   1825 1874     B     .247       -10      .310   .064  weak at every lag
 450 828073   1850 1899     B     .371         9      .389   .019
 450 828073   1925 1974     B     .243        -8      .300   .057  weak at every lag
 454 cx405b   1400 1449     A     .323         0
 454 cx405b   1475 1524     A     .314         0
 457 cr603a   1675 1724     B     .277         8      .314   .037  weak at every lag
 457 cr603a   1700 1749     A     .318         0
 462 827191   1725 1774     B     .235       -10      .253   .018  weak at every lag
 462 827191   1750 1799     B     .319         4      .336   .017
 462 827191   1775 1824     B     .177        10      .325   .148  weak at every lag
 462 827191   1800 1849     B     .173        10      .327   .153  weak at every lag
 462 827191   1825 1874     B     .068        -5      .289   .221  weak at every lag
 462 827191   1850 1899     B     .245        -5      .364   .119
 463 827201   1775 1824     B     .217         3      .252   .036  weak at every lag
 463 827201   1800 1849     B     .198         7      .214   .016  weak at every lag
 463 827201   1825 1874     A     .191         0
 463 827201   1850 1899     B     .184        -5      .290   .106  weak at every lag
 463 827201   1875 1924     A     .278         0
 464 828272   1775 1824     B     .365        10      .396   .031
 464 828272   1800 1849     B     .344       -10      .382   .038
 464 828272   1825 1874     A     .265         0
 464 828272   1850 1899     B     .172         7      .495   .323
 464 828272   1875 1924     A     .314         0
 464 828272   1925 1974     A     .245         0
 465 cx102b   1600 1649     B     .251         2      .281   .030  weak at every lag
 475 827152   1825 1874     B     .170        -4      .193   .023  weak at every lag
 475 827152   1850 1899     A     .328         0
 475 827152   1875 1924     A     .311         0
 475 827152   1900 1949     A     .311         0
 476 827251   1700 1749     B     .295         2      .360   .065
 476 827251   1725 1774     B     .221         8      .341   .120
 476 827251   1750 1799     B     .154         8      .383   .229
 476 827251   1775 1824     B     .198        -6      .354   .156
 476 827251   1800 1849     B     .185         9      .283   .098  weak at every lag
 476 827251   1825 1874     B     .047        -5      .249   .202  weak at every lag
 476 827251   1850 1899     B     .109        -5      .447   .338
 476 827251   1875 1924     B     .096        -3      .259   .162  weak at every lag
 476 827251   1900 1949     B     .090         1      .152   .063  weak at every lag
 476 827251   1925 1974     A     .187         0
 485 825013   1800 1849     B     .150        -6      .193   .044  weak at every lag
 485 825013   1825 1874     B     .266         5      .315   .048  weak at every lag
 487 827332   1675 1724     B     .220         3      .264   .044  weak at every lag
 487 827332   1725 1774     B     .297       -10      .342   .045
 487 827332   1750 1799     B     .200         4      .363   .163
 487 827332   1825 1874     B     .326         7      .346   .021
 490 828072   1850 1899     B     .312         7      .371   .059
 490 828072   1875 1924     B     .172         7      .409   .237
 490 828072   1900 1949     B     .201         7      .226   .025  weak at every lag
 491 828122   1750 1799     A     .254         0
 491 828122   1775 1824     B     .266        10      .302   .036  weak at every lag
 491 828122   1800 1849     B     .428         7      .438   .010
 491 828122   1825 1874     B     .336         7      .448   .112
 492 828202   1900 1949     A     .327         0
 493 826013   1625 1674     A     .302         0
 493 826013   1650 1699     A     .279         0
 493 826013   1675 1724     A     .306         0
 493 826013   1700 1749     B     .296        -2      .412   .116
 493 826013   1775 1824     B     .163       -10      .218   .055  weak at every lag
 493 826013   1800 1849     B     .267        10      .307   .039  weak at every lag
 493 826013   1850 1899     B     .274         3      .345   .071
 498 cr618a   1900 1949     B     .426         8      .441   .014
 502 827172   1675 1724     A     .321         0
 502 827172   1775 1824     A     .311         0
 502 827172   1800 1849     B     .259         7      .268   .008  weak at every lag
 502 827172   1825 1874     A     .274         0
 502 827172   1850 1899     B     .383        -5      .436   .053
 503 827334   1750 1799     B     .225         4      .230   .005  weak at every lag
 503 827334   1775 1824     B     .300         3      .307   .007  weak at every lag
 503 827334   1800 1849     B     .244         7      .294   .050  weak at every lag
 503 827334   1825 1874     B     .146        -2      .261   .115  weak at every lag
 503 827334   1850 1899     B     .240        -5      .340   .100
 503 827334   1875 1924     A     .237         0
 504 828151   1825 1874     B     .213        -5      .213   .001  weak at every lag
 504 828151   1850 1899     B     .252        -5      .287   .035  weak at every lag
 504 828151   1875 1924     B     .209        -2      .364   .155
 504 828151   1900 1949     B     .164        -6      .216   .052  weak at every lag
 504 828151   1925 1974     A     .289         0
 505 828181   1775 1824     A     .286         0
 505 828181   1825 1874     B     .339         2      .358   .019
 505 828181   1925 1974     B     .258        -1      .342   .084
 512 828312   1800 1849     B     .192        -6      .269   .078  weak at every lag
 512 828312   1825 1874     B     .073        10      .281   .208  weak at every lag
 512 828312   1850 1899     B     .111        -3      .179   .068  weak at every lag
 512 828312   1875 1924     B     .197        -6      .211   .014  weak at every lag
 523 827131   1850 1899     B     .178        -4      .302   .125  weak at every lag
 523 827131   1875 1924     B     .255       -10      .309   .054  weak at every lag
 523 827131   1900 1949     B     .406       -10      .419   .013
 524 827192   1725 1774     A     .282         0
 524 827192   1775 1824     B     .273         9      .309   .036  weak at every lag
 524 827192   1800 1849     B     .118         9      .332   .214
 524 827192   1825 1874     B     .039         9      .321   .283  weak at every lag
 524 827192   1850 1899     B     .310        -5      .374   .064
 524 827192   1875 1924     B     .203         2      .259   .055  weak at every lag
 524 827192   1900 1949     B     .198         2      .349   .150
 525 827284   1575 1624     A     .279         0
 525 827284   1600 1649     B     .164        -4      .175   .011  weak at every lag
 526 827354   1675 1724     B     .132         3      .286   .154  weak at every lag
 526 827354   1750 1799     B     .237         4      .297   .060  weak at every lag
 526 827354   1775 1824     B     .161         3      .269   .108  weak at every lag
 526 827354   1800 1849     A     .319         0
 526 827354   1825 1874     B     .166         7      .376   .210
 526 827354   1850 1899     B     .061         7      .361   .300
 526 827354   1875 1924     B     .187        -4      .218   .031  weak at every lag
 526 827354   1900 1949     B     .176        10      .240   .064  weak at every lag
 526 827354   1925 1974     A     .282         0
 527 826092   1775 1824     B     .235       -10      .295   .060  weak at every lag
 533 828291   1700 1749     B     .225         2      .233   .008  weak at every lag
 533 828291   1725 1774     A     .300         0
 533 828291   1750 1799     B     .212         8      .312   .100  weak at every lag
 533 828291   1775 1824     A     .280         0
 533 828291   1825 1874     A     .278         0
 533 828291   1850 1899     B     .247         4      .275   .028  weak at every lag
 533 828291   1925 1974     A     .302         0
 534 826221   1700 1749     B     .330        -6      .352   .022
 537 cr615b   1925 1974     B     .368       -10      .402   .034
 537 cr615b   1950 1999     A     .318         0
 542 825072   1625 1674     A     .281         0
 546 828021   1750 1799     B     .230         4      .294   .064  weak at every lag
 546 828021   1775 1824     A     .247         0
 546 828021   1800 1849     B     .335        10      .366   .031
 546 828021   1825 1874     B     .183         2      .277   .093  weak at every lag
 546 828021   1850 1899     B     .150         6      .221   .071  weak at every lag
 546 828021   1875 1924     B     .201        10      .303   .102  weak at every lag
 547 828121   1825 1874     A     .309         0
 547 828121   1850 1899     B     .295         9      .352   .057
 548 828182   1775 1824     A     .221         0
 548 828182   1825 1874     B     .304         2      .419   .115
 548 828182   1850 1899     B     .157        -4      .273   .116  weak at every lag
 548 828182   1875 1924     B     .205        -4      .349   .144
 548 828182   1900 1949     A     .292         0
 548 828182   1925 1974     B     .263         2      .284   .021  weak at every lag
 549 828261   1825 1874     B     .134        -3      .304   .170  weak at every lag
 549 828261   1850 1899     B     .226         7      .354   .128
 549 828261   1875 1924     B     .373        -4      .448   .075
 557 827041   1725 1774     A     .231         0
 557 827041   1825 1874     B     .164         7      .298   .134  weak at every lag
 557 827041   1850 1899     B     .061        -5      .268   .207  weak at every lag
 557 827041   1875 1924     B     .143         6      .300   .157  weak at every lag
 557 827041   1900 1949     B     .205        10      .528   .322
 557 827041   1925 1974     B    -.007        10      .513   .519
 558 827291   1650 1699     A     .289         0
 558 827291   1825 1874     B     .332        -9      .344   .011
 559 828042   1825 1874     A     .197         0
 559 828042   1850 1899     A     .311         0

 DESCRIPTIVE STATISTICS: cana322
-----------------------------------------------------------------------------------------------------------------------------------

                                                Corr   //-------- Unfiltered --------\\  //-- dplR filtered --\\
                           No.    No.    No.    with   Mean   Max     Std   Auto   Mean   Max     Std   Auto  AR
 Seq Series   Interval   Years  Segmt  Flags   Master  msmt   msmt    dev   corr   sens  value    dev   corr  ()
 --- -------- ---------  -----  -----  -----   ------ -----  -----  -----  -----  -----  -----  -----  -----  --
   1 sha1     1647 1886    240      8      1    .396    .41    .96   .186   .673   .278   1.97   .273  -.001   1
   2 cx201b   1643 1827    185      6      0    .566    .34    .86   .146   .746   .213   1.93   .229   .023   3
   3 cr712a   1769 2003    235      8      0    .620    .34    .79   .113   .532   .227   1.99   .239  -.004   1
   4 cr734b   1809 2003    195      6      1    .584    .34    .71   .167   .840   .204   1.58   .205  -.017   1
   5 825041   1535 1977    443     16      0    .718    .35   1.01   .167   .805   .236   1.71   .224  -.003   1
   6 825101   1519 1977    459     17      0    .653    .35    .86   .155   .720   .256   1.68   .222   .007   2
   7 827342   1707 1984    278      9      8    .226    .35   1.18   .218   .835   .236   1.90   .222  -.009   3
   8 cx501a   1650 1932    283      9      0    .644    .35   1.18   .226   .858   .247   2.05   .250  -.008   2
   9 cx612a   1617 1780    164      5      0    .466    .35   1.12   .214   .846   .239   1.75   .269   .113   1
  10 cr701a   1773 2003    231      8      0    .674    .35   1.03   .247   .870   .254   1.87   .250  -.016   1
  11 cr710b   1737 2003    267      9      0    .654    .35    .81   .128   .587   .260   1.85   .242  -.004   1
  12 cr711b   1680 2003    324     11      0    .661    .35    .80   .130   .729   .219   1.58   .205  -.010   1
  13 cr714b   1837 1988    152      4      0    .473    .35    .91   .153   .793   .207   1.72   .204   .005   1
  14 cr728b   1778 2003    226      7      0    .745    .35    .64   .128   .681   .230   1.89   .212   .073   0
  15 827273   1667 1849    183      6      3    .320    .36    .80   .145   .748   .206   1.57   .204   .024   1
  16 827362   1672 1984    313     11      6    .300    .36   1.11   .193   .849   .202   1.70   .209  -.001   3
  17 828022   1695 1949    255      9      9    .204    .36    .82   .129   .655   .221   2.29   .246  -.000   3
  18 828131   1676 1914    239      7      5    .321    .36    .85   .150   .824   .204   1.57   .185  -.020   3
  19 828141   1690 1984    293                          .36   1.70   .286   .902   .283                         
  20 828211   1775 1984    210      7      5    .264    .36    .73   .103   .712   .171   1.47   .153   .046   0
  21 826022   1510 1984    475     17      4    .424    .36    .94   .141   .748   .211   1.64   .208  -.001   3
  22 cr635a   1769 2003    235      8      0    .667    .36    .77   .152   .728   .257   1.83   .226   .028   0
  23 cr725a   1793 2003    211      7      0    .718    .36    .77   .115   .646   .203   1.62   .183   .068   0
  24 cx802a   1699 1952    254      8      0    .527    .36    .76   .152   .770   .218   1.62   .217  -.046   3
  25 825104   1521 1977    457     17      0    .694    .37    .96   .176   .788   .233   1.71   .203  -.033   0
  26 825161   1772 1977    206      7      0    .685    .37    .90   .165   .727   .220   2.07   .217   .096   0
  27 827231   1648 1824    177      6      4    .325    .37    .94   .170   .791   .217   1.59   .213   .006   1
  28 cx420a   1502 1678    177      5      0    .555    .37   1.25   .243   .860   .240   1.99   .251   .003   2
  29 cr610a   1781 1949    169      5      0    .742    .37   1.10   .172   .730   .260   1.70   .222  -.048   0
  30 cx804a   1736 1957    222      7      0    .608    .37    .74   .116   .619   .210   1.79   .209  -.026   3
  31 cr813a   1839 2003    165      5      0    .674    .37    .99   .148   .646   .236   1.73   .237   .015   1
  32 813011   1734 1977    244      8      0    .724    .38    .89   .156   .649   .274   2.06   .262  -.015   1
  33 827341   1707 1984    278      9      6    .261    .38   1.01   .209   .843   .219   1.56   .208   .002   3
  34 827393   1681 1849    169      5      4    .242    .38    .82   .146   .687   .226   1.80   .233  -.010   1
  35 827394   1681 1849    169      5      4    .272    .38    .95   .164   .737   .229   1.78   .239  -.015   3
  36 826082   1667 1984    318     11      1    .529    .38    .86   .171   .814   .219   1.84   .186  -.063   0
  37 cx106a   1852 1969    118      2      0    .433    .38   1.32   .273   .887   .271   1.93   .301   .001   1
  38 cx506b   1713 1969    257      8      0    .667    .38   1.14   .180   .757   .206   1.98   .222  -.023   1
  39 cr638a   1745 2003    259      9      0    .692    .38   1.17   .225   .882   .204   1.57   .192  -.007   1
  40 cr734a   1850 2003    154      4      0    .610    .38    .89   .195   .833   .208   1.63   .212   .008   2
  41 cr736a   1863 2003    141      4      0    .594    .38    .66   .101   .611   .194   1.42   .173   .004   0
  42 cx102a   1414 1697    284      9      0    .592    .39   1.03   .162   .649   .273   1.81   .243  -.002   1
  43 cr717b   1706 2003    298     10      0    .725    .39    .98   .194   .803   .231   1.84   .210  -.012   1
  44 cr731a   1820 2003    184      6      0    .549    .39    .95   .129   .656   .203   2.01   .219   .008   3
  45 827132   1684 1914    231      7      1    .342    .40   1.42   .302   .864   .261   1.72   .248  -.006   1
  46 828162   1650 1969    320     10      6    .318    .40    .92   .164   .776   .195   1.70   .191  -.003   3
  47 cx501b   1650 1931    282      9      0    .602    .40   1.50   .229   .801   .239   1.99   .233  -.013   1
  48 cx803a   1600 1789    190      5      0    .643    .40   1.02   .230   .773   .322   1.87   .262  -.002   1
  49 827311   1694 1899    206      7      6    .284    .41   1.16   .258   .826   .257   1.71   .233   .085   0
  50 827351   1679 1849    171      5      3    .254    .41   1.20   .190   .801   .207   1.81   .219  -.015   3
  51 826062   1576 1950    375     13      0    .475    .41   1.23   .206   .733   .269   2.29   .260  -.004   1
  52 cx202a   1734 1835    102      2      0    .144    .41   1.93   .299   .742   .285  23.09  2.218   .260   0
  53 cx603b   1500 1697    198      5      0    .642    .41   1.13   .264   .856   .264   1.67   .247  -.002   3
  54 cr636a   1816 2003    188      6      0    .642    .41    .86   .124   .594   .204   1.53   .190   .084   0
  55 cr732a   1830 2003    174      5      0    .775    .41    .79   .103   .491   .186   1.64   .191  -.007   2
  56 cx803b   1600 1779    180      6      0    .672    .41   1.01   .209   .735   .287   1.91   .245  -.079   0
  57 cr634a   1850 2003    154      4      1    .501    .42    .72   .109   .649   .165   1.85   .171  -.029   1
  58 cr635b   1769 2003    235      8      0    .649    .42   1.24   .252   .839   .270   1.72   .218  -.013   2
  59 cr709b   1811 2003    193      6      0    .503    .42   1.01   .139   .736   .191   1.59   .183   .017   3
  60 cr717a   1706 2003    298     10      0    .695    .42   1.00   .175   .714   .225   1.58   .213  -.013   1
  61 cr737b   1710 2003    294     10      0    .685    .42    .92   .171   .712   .229   1.79   .225   .075   0
  62 cx202b   1734 1845    112      2      0    .602    .43   1.70   .305   .721   .297   1.98   .297  -.004   2
  63 cx603a   1500 1712    213      6      0    .576    .43   1.18   .264   .880   .233   1.81   .233   .006   1
  64 cr703b   1805 2003    199      6      0    .657    .43   1.22   .211   .812   .226   1.78   .240  -.017   2
  65 825141   1771 1977    207      7      0    .638    .44    .82   .127   .622   .203   1.54   .206  -.001   1
  66 813013   1753 1977    225      7      0    .623    .44   1.18   .202   .691   .286   2.01   .269  -.008   1
  67 828161   1694 1971    278      9      4    .342    .44   1.32   .221   .813   .225   1.98   .209  -.004   3
  68 cx419b   1737 1869    133      3      1    .445    .44   1.37   .241   .700   .271   1.82   .280  -.005   3
  69 cr709a   1811 2003    193      6      0    .594    .44    .90   .181   .833   .185   1.50   .186  -.002   1
  70 cr815b   1777 2003    227      7      0    .732    .44   1.08   .170   .651   .256   1.69   .222   .052   0
  71 813012   1734 1971    238      7      0    .744    .45   1.07   .165   .530   .286   1.75   .264  -.018   1
  72 827381   1700 1984    285      9      4    .315    .45    .91   .149   .722   .193   1.90   .185  -.003   3
  73 826061   1599 1970    372     13      2    .505    .45   1.08   .205   .718   .264   2.28   .262   .003   1
  74 cx101a   1709 1960    252      8      0    .593    .45   1.27   .250   .841   .237   1.78   .211   .011   0
  75 cx105a   1833 1973    141      3      0    .559    .45   1.05   .196   .683   .268   1.68   .252   .002   1
  76 cx106b   1852 1969    118      2      0    .505    .45   2.02   .346   .841   .298   2.16   .328   .014   1
  77 cx203b   1726 1851    126      3      1    .469    .45    .92   .208   .758   .276   2.15   .282   .012   1
  78 cx420b   1502 1617    116      2      0    .600    .45   1.09   .242   .819   .267   1.92   .261  -.020   1
  79 cr639a   1796 2003    208      7      0    .688    .45   1.17   .192   .818   .190   1.66   .186  -.014   1
  80 cr719a   1800 2003    204      6      0    .598    .45   1.02   .152   .731   .195   1.57   .185   .022   2
  81 cr810b   1836 2003    168      5      0    .704    .45   1.50   .271   .791   .248   1.82   .234   .051   0
  82 828282   1713 1984    272      9      3    .407    .46   1.05   .149   .564   .226   1.73   .232  -.019   2
  83 cx105b   1833 1975    143      4      0    .494    .46   1.27   .226   .807   .244   1.83   .246   .017   1
  84 cr815a   1723 2003    281     10      0    .745    .46   1.25   .164   .552   .260   1.74   .223  -.014   0
  85 cr604b   1870 2003    134      4      0    .548    .47   1.25   .261   .868   .189   1.64   .191  -.015   1
  86 cr801b   1870 2003    134      4      0    .542    .47    .99   .153   .723   .190   1.58   .186  -.019   1
  87 cx302b   1743 1826     84      2      0    .532    .48   1.00   .180   .452   .286   1.69   .264   .048   0
  88 cr712b   1769 1994    226      7      1    .570    .48   1.54   .228   .744   .204   2.64   .236   .002   3
  89 cr622b   1909 2003     95      2      0    .555    .49   1.24   .226   .807   .190   1.54   .201  -.021   1
  90 cr719b   1800 1993    194      5      0    .562    .49   1.20   .173   .742   .191   1.54   .185   .012   1
  91 827261   1733 1984    252      8      5    .275    .50   1.58   .309   .853   .216   1.59   .210   .013   3
  92 cr731b   1789 2003    215      7      0    .624    .50   1.09   .188   .725   .205   1.90   .202  -.017   3
  93 cr810a   1836 2003    168      5      0    .728    .50   1.46   .295   .807   .241   1.60   .207   .001   3
  94 cr820a   1886 2003    118      3      0    .635    .50   1.08   .185   .790   .210   1.53   .188   .033   0
  95 cx613a   1636 1799    164      5      0    .648    .51   1.53   .309   .801   .308   1.91   .289   .011   1
  96 cr641b   1805 2003    199      6      0    .679    .51    .96   .186   .693   .226   1.80   .228   .011   2
  97 cr736b   1885 2003    119      3      1    .504    .51   1.11   .170   .718   .197   1.48   .182  -.011   2
  98 cr641a   1805 2003    199      6      0    .690    .52   1.07   .179   .691   .211   1.66   .219  -.019   1
  99 cr727a   1799 2003    205      7      0    .548    .52   1.14   .197   .735   .213   1.65   .221  -.006   1
 100 cr809a   1821 2003    183      6      0    .632    .52   1.59   .292   .736   .273   1.82   .254  -.003   2
 101 828011   1688 1924    237      8      6    .297    .53   1.73   .350   .928   .189   1.52   .190   .003   3
 102 826241   1769 1984    216      7      1    .501    .53   1.21   .213   .769   .218   1.63   .195   .021   0
 103 cx304b   1878 1956     79      1      0    .572    .53   1.01   .219   .776   .235   2.02   .252  -.013   1
 104 cr801a   1870 2003    134      4      0    .534    .53    .96   .148   .670   .177   1.48   .172  -.003   2
 105 cr819a   1838 2003    166      5      0    .707    .53   1.47   .233   .768   .233   1.70   .213  -.017   1
 106 cx101b   1709 1958    250      8      0    .666    .54   1.51   .227   .704   .249   1.89   .219   .031   0
 107 cx302a   1743 1829     87      2      0    .507    .54   1.05   .182   .290   .287   2.15   .290  -.022   0
 108 cr812a   1871 2003    133      4      0    .676    .54   1.02   .185   .610   .221   1.51   .200  -.028   2
 109 cr643a   1884 2003    120      3      0    .654    .55   1.23   .215   .744   .217   1.63   .209   .005   1
 110 cr811a   1831 2003    173      5      0    .658    .56   1.15   .204   .730   .217   1.67   .206   .009   2
 111 cx304a   1878 1959     82      1      0    .632    .58   1.53   .367   .876   .261   1.81   .258  -.013   1
 112 cx419a   1737 1856    120      3      0    .531    .58   1.74   .303   .791   .279   1.94   .279  -.009   1
 113 cr727b   1799 2003    205      7      0    .460    .59   1.14   .200   .720   .198   1.65   .205  -.013   1
 114 813014   1751 1977    227      7      0    .675    .60   1.28   .209   .494   .269   2.00   .247   .056   0
 115 cx306b   1698 1834    137      4      0    .666    .60   1.97   .344   .767   .263   1.81   .276   .012   2
 116 cr716a   1886 2003    118      3      0    .557    .60    .88   .133   .685   .146   1.40   .149   .014   1
 117 cr804a   1841 2003    163      5      0    .645    .60   2.21   .331   .687   .266   2.00   .250   .005   2
 118 cx402b   1529 1635    107      2      0    .632    .61   2.54   .501   .869   .306   1.91   .303  -.007   1
 119 cr811b   1831 2003    173      5      0    .655    .62   1.14   .209   .729   .197   1.62   .186  -.006   2
 120 cr740b   1767 2003    237      8      0    .716    .63   1.29   .246   .725   .219   2.11   .202  -.002   0
 121 cr803b   1829 1999    171      5      0    .631    .64   1.71   .274   .788   .208   1.48   .190   .079   0
 122 cr812b   1871 2003    133      4      0    .633    .64   1.13   .180   .459   .237   1.50   .198  -.024   2
 123 cx404a   1485 1635    151      4      0    .549    .65   2.35   .489   .854   .274   1.80   .275   .009   1
 124 cx306a   1706 1856    151      4      0    .694    .66   1.60   .356   .798   .246   1.96   .256  -.010   2
 125 cr803a   1829 2003    175      5      0    .676    .70   1.72   .299   .770   .220   1.59   .203   .010   2
 126 cx107a   1844 1965    122      3      1    .265    .74   2.07   .545   .912   .225   2.13   .241   .056   1
 127 cr804b   1841 2003    163      5      0    .617    .77   2.21   .405   .724   .240   2.03   .224  -.004   2
 128 cx404b   1499 1639    141      4      0    .610    .78   3.04   .515   .822   .271   2.04   .293   .032   1
 129 cx107b   1850 1955    106      2      0    .409    .84   2.86   .617   .904   .221   1.80   .219  -.032   1
 130 cr821a   1874 2003    130      4      0    .722    .88   2.59   .492   .802   .204   1.85   .203  -.028   1
 131 cr821b   1872 2003    132      4      0    .670    .89   3.04   .541   .835   .198   1.75   .201  -.005   2
 132 cr814b   1868 2003    136      4      0    .733    .90   2.41   .570   .868   .195   1.49   .173  -.083   0
 133 cx108b   1830 1960    131      3      0    .451   1.00   2.39   .511   .771   .275   1.98   .268  -.013   1
 134 cx402a   1529 1630    102      2      0    .613   1.05   3.24   .675   .827   .309   1.97   .320  -.065   1
 135 cr621a   1924 2003     80      1      0    .531   1.05   1.71   .252   .515   .193   1.40   .178   .011   2
 136 cr814a   1868 2003    136      4      0    .727   1.05   2.80   .659   .895   .189   1.51   .155   .004   1
 137 cx108a   1830 1961    132      3      0    .463   1.16   2.85   .548   .760   .263   2.02   .259   .006   1
 138 hcc2     1396 1702    307     11      3    .475    .17    .62   .104   .835   .282   1.93   .275   .002   1
 139 hca2     1636 1925    290     10      2    .391    .25   1.35   .261   .922   .288   2.00   .274  -.008   1
 140 hrc2     1524 1829    306     10      1    .480    .26    .76   .095   .704   .211   1.59   .198  -.007   3
 141 825022   1643 1977    335     12      0    .626    .11    .28   .043   .388   .350   2.11   .297   .006   0
 142 cx412b   1181 1585    405     14      1    .579    .12    .59   .063   .601   .314   2.14   .290   .054   0
 143 cx805a   1488 1859    372     13      0    .555    .13    .53   .077   .876   .211   1.64   .209  -.008   2
 144 825032   1666 1977    312     11      0    .679    .14    .29   .042   .423   .246   1.85   .240   .014   1
 145 cx204b   1729 1901    173      5      0    .567    .14    .53   .099   .811   .306   1.78   .292   .027   1
 146 cx415b   1615 1886    272      9      0    .598    .14    .46   .080   .809   .290   1.82   .274  -.001   1
 147 cr627b   1660 2003    344     12      0    .601    .14    .54   .087   .786   .300   2.50   .291   .004   1
 148 cx412a   1181 1561    381     13      0    .617    .15    .47   .068   .601   .311   2.02   .290   .001   3
 149 cx415a   1604 1933    330     11      0    .617    .15    .37   .060   .642   .284   1.87   .254   .004   0
 150 cr722a   1542 1919    378     13      1    .468    .15    .73   .114   .884   .251   1.82   .244  -.017   3
 151 cx805b   1488 1850    363     13      0    .554    .15    .60   .080   .816   .237   1.93   .218  -.012   3
 152 825034   1625 1977    353     12      0    .632    .16    .66   .095   .845   .246   2.17   .241  -.017   3
 153 813151   1725 1977    253      8      0    .572    .16    .57   .107   .805   .298   1.90   .272  -.006   1
 154 827171   1655 1974    320     11      2    .377    .16    .66   .092   .849   .233   1.80   .241  -.006   1
 155 cx414b   1046 1357    312      9      0    .550    .16    .58   .079   .793   .234   1.55   .205  -.005   3
 156 cr640b   1684 2003    320     11      1    .500    .16    .64   .083   .783   .241   2.37   .241   .013   1
 157 826292   1549 1984    436     16      4    .434    .17    .63   .083   .781   .252   1.72   .230   .046   0
 158 cx809b   1510 1812    303     10      0    .676    .17    .43   .068   .741   .217   1.74   .214  -.013   1
 159 cx813b   1510 1785    276      9      0    .483    .17    .47   .078   .761   .242   1.91   .242  -.005   1
 160 825222   1577 1977    401     14      0    .633    .18    .59   .071   .687   .229   1.75   .209  -.008   0
 161 cx204a   1729 1925    197      6      0    .635    .18    .48   .091   .707   .287   1.78   .274   .005   1
 162 cx814a   1506 1854    349     12      0    .671    .18    .83   .108   .826   .258   1.66   .232  -.000   1
 163 cr802b   1837 2003    167      5      0    .644    .18    .30   .048   .461   .231   1.66   .205   .104   0
 164 813022   1725 1977    253      8      0    .608    .19    .59   .111   .800   .296   2.53   .306   .025   1
 165 cx409a   1196 1594    399     14      0    .604    .19    .66   .087   .747   .244   1.88   .240   .001   2
 166 cx414a   1046 1389    344     10      0    .602    .19    .65   .086   .724   .275   1.75   .244   .060   0
 167 cx619b   1550 1851    302     10      0    .673    .19    .52   .079   .644   .271   1.89   .244  -.007   3
 168 cr606a   1700 2003    304     10      0    .729    .19    .62   .089   .691   .278   1.85   .238   .006   2
 169 cr611a   1654 2003    350     12      0    .623    .19    .93   .091   .760   .237   1.93   .238  -.017   3
 170 cr625a   1587 2003    417     15      0    .563    .19    .72   .114   .872   .243   2.14   .239   .007   1
 171 cr627a   1660 1919    260      8      0    .590    .19    .47   .072   .570   .262   1.90   .249   .047   0
 172 cr704a   1769 2003    235      8      0    .511    .19    .53   .060   .634   .182   1.63   .177   .018   1
 173 cr722b   1542 1919    378     13      0    .534    .19    .90   .127   .853   .235   1.93   .248   .014   1
 174 cr726a   1766 2003    238      8      0    .633    .19    .64   .128   .792   .294   1.99   .285   .005   3
 175 825151   1658 1977    320     11      0    .658    .20    .47   .058   .324   .249   1.94   .218  -.003   2
 176 825153   1573 1977    405     15      0    .641    .20   1.38   .165   .834   .311   2.48   .309   .002   2
 177 cx608b   1611 1830    220      7      0    .529    .20   1.04   .192   .928   .256   1.80   .246  -.018   1
 178 cr603b   1654 2003    350     12      1    .547    .20    .77   .109   .829   .259   1.84   .252   .002   2
 179 cr613b   1670 2003    334     12      0    .569    .20    .56   .083   .769   .220   1.59   .202   .040   0
 180 cr625b   1588 1919    332     11      0    .609    .20    .62   .086   .643   .270   2.28   .272   .003   1
 181 cx814b   1506 1837    332     11      0    .700    .20    .78   .098   .769   .272   1.71   .243  -.023   3
 182 813142   1725 1977    253      8      0    .606    .21    .93   .153   .857   .269   1.86   .258  -.009   1
 183 828071   1621 1984    364     13      8    .290    .21   1.35   .146   .857   .201   1.67   .195   .010   3
 184 cr611b   1654 1979    326     11      0    .600    .21    .84   .115   .814   .219   1.96   .217  -.021   1
 185 cr617b   1600 2003    404     15      0    .679    .21    .81   .081   .632   .241   1.65   .215  -.013   0
 186 cx808b   1419 1835    417     15      0    .569    .21    .61   .087   .722   .243   1.79   .243  -.011   1
 187 813141   1725 1977    253      9      0    .586    .21    .88   .159   .855   .306   2.17   .281  -.029   0
 188 825031   1645 1977    333     12      0    .743    .22    .60   .084   .682   .232   1.76   .211  -.011   3
 189 825061   1660 1977    318     11      0    .605    .22   1.47   .235   .933   .302   1.98   .260  -.005   3
 190 825125   1581 1977    397     14      0    .622    .22    .52   .071   .612   .227   1.67   .204   .016   0
 191 825152   1573 1977    405     15      0    .615    .22    .94   .116   .749   .267   2.13   .253  -.001   1
 192 828171   1718 1984    267      9      7    .270    .22    .68   .136   .841   .273   1.81   .247   .021   3
 193 828251   1735 1984    250      8      3    .416    .22    .68   .078   .675   .203   1.53   .194  -.008   1
 194 826012   1595 1984    390     14      8    .333    .22   1.18   .146   .892   .201   2.00   .204   .011   2
 195 826131   1512 1984    473     17      4    .467    .22    .79   .108   .819   .248   1.82   .216  -.019   0
 196 826132   1512 1984    473     17      1    .509    .22    .72   .136   .873   .257   1.77   .235  -.004   1
 197 cx417a   1613 1842    230      7      0    .638    .22    .74   .135   .784   .282   1.75   .254   .045   0
 198 cx608a   1611 1845    235      7      0    .628    .22   1.18   .219   .909   .295   1.88   .289  -.010   1
 199 cr605a   1736 2003    268      9      0    .672    .22    .65   .152   .897   .215   1.52   .189   .022   0
 200 cr615a   1769 1959    191      6      0    .660    .22    .48   .078   .657   .225   2.12   .237  -.011   1
 201 cr629b   1603 1882    280      9      0    .577    .22    .99   .151   .854   .264   1.97   .255  -.012   1
 202 CM1-3    1551 1816    264                          .23    .86   .146   .859   .224                         
 203 827031   1663 1983    320                          .23    .68   .119   .687   .306                         
 204 827151   1728 1984    257      8      2    .406    .23    .88   .124   .789   .237   1.88   .244  -.019   1
 205 826211   1665 1984    320     11      2    .461    .23   1.34   .160   .861   .264   1.90   .238   .049   0
 206 826291   1567 1984    418     15      5    .432    .23    .57   .078   .566   .251   1.62   .225   .066   0
 207 cx307a   1730 1936    207      6      0    .641    .23    .80   .100   .782   .223   1.64   .212  -.015   3
 208 cx607b   1623 1857    235      8      0    .746    .23   1.39   .155   .743   .311   2.31   .303   .005   2
 209 cx609b   1617 1840    224      7      1    .494    .23    .74   .138   .860   .248   1.71   .238  -.027   3
 210 cr6d02   1618 1832    215      7      0    .672    .23    .58   .115   .732   .289   1.60   .242  -.036   0
 211 cr724b   1716 1994    279      9      0    .683    .23    .60   .104   .694   .254   2.13   .252   .000   3
 212 cx815b   1489 1835    347     12      0    .611    .23    .97   .155   .911   .220   1.63   .205  -.014   2
 213 cx820b   1600 1837    238      7      0    .491    .23    .55   .090   .713   .229   1.61   .218   .009   3
 214 825042   1535 1977    443     16      0    .697    .24    .90   .134   .807   .263   1.90   .248   .000   2
 215 CM1-2    1709 1987    239                          .28    .65   .105   .753   .214                         
 216 CM9-1    1560 1977    416                          .24    .56   .085   .714   .208                         
 217 CM092    1605 1825    221      7      0    .574    .24    .74   .113   .818   .211   1.78   .222   .014   1
 218 827111   1714 1984    271      9      6    .235    .24    .86   .153   .822   .257   1.92   .251  -.006   1
 219 cx418b   1612 1832    221      7      0    .631    .24    .71   .108   .707   .252   1.73   .243   .007   2
 220 CR608B   1779 2003    225      7      0    .680    .24    .78   .117   .677   .296   2.05   .262   .074   0
 221 cr629a   1603 1941    339     11      0    .667    .24    .96   .182   .905   .255   1.79   .241  -.005   1
 222 cx801a   1647 1945    299     10      0    .615    .24    .85   .127   .854   .235   1.85   .218  -.003   2
 223 cx801b   1647 1936    290     10      0    .645    .24    .63   .130   .866   .219   1.79   .204  -.003   2
 224 cx816b   1720 1944    225      7      0    .553    .24    .49   .073   .703   .188   1.64   .172  -.004   3
 225 cx820a   1600 1844    245      7      0    .547    .24    .59   .088   .677   .230   2.02   .232  -.005   3
 226 825052   1658 1954    297     10      0    .582    .25   1.38   .204   .893   .267   2.15   .241   .025   0
 227 827162   1704 1984    281      9      5    .356    .25    .62   .099   .708   .222   1.75   .214   .006   1
 228 828031   1688 1924    237      8      0    .477    .25   1.11   .177   .863   .281   1.72   .238   .003   1
 229 828172   1675 1984    310     10      5    .296    .25    .55   .097   .673   .237   1.67   .221   .012   3
 230 cx103b   1520 1817    298     10      0    .597    .25    .71   .124   .770   .257   2.12   .262   .004   3
 231 cx417b   1613 1850    238      8      0    .665    .25    .86   .128   .727   .264   1.83   .242   .040   0
 232 cr605b   1728 1979    252      8      0    .582    .25    .95   .163   .867   .237   1.60   .206  -.016   3
 233 cr609a   1802 2003    202      6      0    .554    .25    .98   .175   .910   .236   1.80   .247   .019   1
 234 cr623a   1650 2003    354     13      0    .564    .25    .58   .099   .821   .195   1.45   .175   .031   0
 235 cr701b   1773 2003    231      8      0    .687    .25   1.18   .188   .867   .279   1.87   .250   .004   0
 236 cr702a   1756 2003    248      8      0    .726    .25    .76   .124   .704   .274   1.78   .245   .023   0
 237 cr805b   1743 2003    261      9      0    .572    .25    .95   .128   .778   .228   2.23   .237  -.014   3
 238 825111   1667 1977    311     11      0    .651    .26    .65   .111   .844   .173   1.66   .173   .003   1
 239 825122   1630 1977    348     12      0    .628    .26    .58   .085   .591   .231   1.64   .206   .005   0
 240 825124   1583 1977    395     14      0    .621    .26    .68   .083   .644   .207   2.11   .201  -.013   3
 241 827292   1626 1974    349     12      9    .291    .26    .84   .162   .876   .224   1.60   .219  -.005   1
 242 826162   1563 1984    422     15      1    .478    .26   1.36   .196   .931   .218   1.62   .215   .003   1
 243 826231   1564 1984    421     15      5    .367    .26    .98   .145   .886   .213   1.68   .192   .005   1
 244 826282   1497 1955    459     17      2    .456    .26    .90   .130   .835   .214   1.63   .211  -.006   1
 245 cx418a   1612 1842    231      7      0    .657    .26    .93   .140   .755   .262   1.88   .262  -.025   1
 246 cx610a   1611 1834    224      7      0    .602    .26   1.32   .258   .921   .309   2.05   .303  -.005   3
 247 cr705a   1729 2003    275      9      0    .709    .26    .68   .116   .731   .238   1.69   .215  -.017   3
 248 825035   1625 1977    353     12      0    .672    .27    .72   .105   .669   .242   1.78   .228   .000   1
 249 825062   1660 1977    318     11      0    .711    .27   1.02   .163   .863   .216   1.66   .189  -.019   0
 250 cr613a   1670 2003    334     12      0    .596    .27    .67   .088   .734   .190   1.59   .166  -.032   0
 251 cr633a   1650 2003    354     12      0    .656    .27    .98   .170   .880   .242   2.02   .232  -.008   1
 252 cx815a   1489 1842    354     12      0    .595    .27    .91   .152   .876   .220   1.69   .203  -.021   3
 253 cr808a   1758 2003    246      8      0    .655    .27    .82   .146   .791   .258   2.01   .248  -.005   2
 254 cr818a   1675 2003    329     12      0    .746    .27    .60   .110   .751   .237   1.75   .206  -.070   0
 255 hca1     1636 1925    290     10      1    .424    .28   1.74   .308   .932   .289   2.00   .282  -.002   1
 256 sha2     1647 1890    244      8      2    .411    .30   1.14   .157   .725   .270   1.75   .267  -.017   1
 257 hrb1     1488 1800    313     11      3    .431    .31    .95   .137   .804   .209   1.75   .218   .003   1
 258 hrb2     1488 1810    323     11      1    .500    .33    .95   .113   .708   .200   1.68   .189   .005   3
 259 825051   1658 1977    320     11      0    .743    .28   1.36   .183   .849   .259   2.04   .242   .050   0
 260 825114   1658 1977    320     11      0    .615    .28    .85   .160   .887   .175   1.46   .167  -.000   2
 261 825121   1584 1977    394     14      0    .643    .28    .79   .120   .792   .217   1.66   .203   .053   0
 262 827181   1683 1984    302     10      2    .395    .28   1.03   .210   .885   .219   1.54   .201   .055   0
 263 cx607a   1623 1858    236      8      0    .687    .28   1.32   .165   .703   .305   2.24   .292   .083   0
 264 cr607a   1661 2003    343     12      0    .612    .28    .88   .157   .844   .234   2.01   .229  -.002   1
 265 cr705b   1729 2003    275      9      1    .577    .28    .83   .130   .792   .216   1.64   .190   .044   0
 266 cr738a   1744 2003    260      9      0    .663    .28    .81   .142   .773   .260   1.98   .249   .043   0
 267 cr818b   1675 2003    329     12      0    .751    .28    .57   .101   .713   .224   1.64   .195  -.032   0
 268 ALL      1761 1977    217      7      0    .721    .29    .77   .120   .725   .221   1.47   .187  -.063   0
 269 827392   1715 1984    270      9      4    .309    .29    .97   .146   .777   .213   1.80   .209   .012   2
 270 826121   1645 1890    246      8      3    .446    .29   1.23   .168   .896   .200   2.11   .221   .021   1
 271 826151   1700 1984    285      9      0    .515    .29    .69   .122   .803   .197   1.65   .183   .003   1
 272 cx614b   1674 1863    190      6      0    .607    .29    .98   .187   .856   .237   2.79   .284   .023   1
 273 cr623b   1660 2003    344     12      1    .509    .29    .70   .106   .815   .179   1.59   .174  -.002   1
 274 cr713a   1725 2003    279      9      0    .698    .29    .71   .128   .674   .262   1.94   .241  -.001   2
 275 cr713b   1725 1990    266      8      0    .722    .29    .92   .156   .719   .272   2.01   .258   .004   2
 276 cr735a   1805 2003    199      6      0    .599    .29    .95   .177   .855   .247   1.87   .238   .082   0
 277 825103   1650 1977    328     12      0    .662    .30    .67   .111   .676   .232   2.10   .206  -.019   0
 278 825112   1658 1977    320     11      0    .668    .30   1.00   .140   .836   .178   1.50   .171  -.013   1
 279 813051   1757 1977    221      7      0    .654    .30   1.02   .148   .752   .239   2.00   .244   .008   2
 280 813061   1775 1977    203      7      0    .732    .30    .91   .196   .895   .240   1.56   .201  -.062   0
 281 813062   1775 1977    203      6      0    .719    .30    .91   .198   .902   .243   1.42   .193  -.001   1
 282 827102   1740 1984    245      8      5    .315    .30   1.24   .186   .848   .224   1.93   .213   .066   0
 283 827161   1704 1984    281      9      3    .364    .30    .69   .130   .752   .218   1.64   .202   .000   3
 284 826052   1725 1984    260      8      2    .410    .30    .86   .120   .787   .205   1.69   .181   .043   3
 285 826122   1645 1949    305     11      0    .489    .30   1.16   .127   .809   .186   1.92   .185  -.012   2
 286 cx506a   1713 1970    258      8      0    .636    .30    .91   .129   .728   .221   1.74   .216  -.012   1
 287 cr607b   1661 2003    343     12      0    .651    .30    .77   .131   .787   .215   1.65   .206   .003   2
 288 cr640a   1684 2003    320     11      0    .532    .30   1.03   .166   .833   .231   2.01   .241   .002   1
 289 cx104b   1364 1566    203      6      0    .540    .30   1.21   .221   .907   .268   1.66   .245  -.000   1
 290 825081   1667 1977    311     11      0    .614    .31   1.59   .257   .918   .201   1.69   .189   .071   0
 291 825164   1709 1977    269      9      0    .555    .31   1.38   .224   .889   .250   1.90   .244   .007   1
 292 813021   1743 1977    235      8      0    .598    .31    .96   .150   .744   .247   1.76   .247   .013   1
 293 827051   1677 1984    308     10      3    .406    .31    .77   .157   .712   .329   1.98   .304  -.004   1
 294 827391   1715 1984    270      9      7    .278    .31   1.04   .163   .794   .219   2.02   .222   .006   3
 295 826161   1564 1984    421     15      1    .469    .31   1.20   .190   .915   .221   1.71   .216  -.007   1
 296 cr619a   1764 2003    240      8      0    .773    .31    .66   .110   .454   .291   2.02   .257  -.030   0
 297 cr633b   1650 2001    352     13      0    .653    .31    .72   .106   .659   .212   1.75   .199   .066   0
 298 cr738b   1744 2003    260      9      0    .675    .31    .94   .138   .665   .272   1.89   .251   .043   0
 299 cr807b   1766 2003    238      8      0    .605    .31   1.06   .198   .904   .186   1.58   .197  -.000   1
 300 825012   1616 1977    362     13      0    .643    .32    .95   .151   .696   .255   1.89   .242  -.009   3
 301 825071   1562 1977    416     15      0    .689    .32   1.03   .167   .807   .235   1.68   .210   .011   0
 302 825113   1658 1977    320     11      0    .617    .32   1.09   .180   .865   .188   1.55   .183   .007   2
 303 CM6-2    1735 1977    243      8      0    .701    .32    .96   .139   .784   .204   1.67   .191  -.003   1
 304 828101   1697 1984    288     10      9    .223    .32   1.25   .181   .873   .203   1.84   .217   .018   1
 305 826171   1668 1984    317     11      0    .496    .32    .82   .112   .664   .218   1.68   .195  -.004   0
 306 cr618b   1697 2003    307     11      0    .693    .32    .68   .113   .666   .212   1.80   .218  -.007   1
 307 cr726b   1766 2002    237      8      0    .697    .32   1.01   .153   .674   .268   2.02   .265  -.011   1
 308 826091   1625 1975    351     12      2    .453    .32   1.18   .241   .864   .273   1.86   .258  -.003   1
 309 827071   1719 1984    266      9      5    .288    .33   1.16   .265   .895   .231   1.70   .219   .003   1
 310 826021   1621 1984    364     13      1    .526    .33    .73   .117   .702   .208   1.79   .209  -.003   1
 311 cr817a   1725 2003    279      9      0    .695    .33    .74   .133   .726   .246   1.60   .219  -.004   2
 312 827182   1683 1984    302     10      3    .372    .34   1.24   .253   .911   .189   1.72   .170   .041   0
 313 826401   1645 1984    340     12      1    .485    .34   1.48   .234   .862   .218   1.64   .200  -.004   1
 314 cr6d01   1547 1803    257      9      0    .684    .34   1.28   .228   .874   .243   1.71   .220   .070   0
 315 cr702b   1756 2003    248      8      0    .691    .34    .94   .135   .709   .238   1.73   .213   .008   0
 316 cr705c   1732 2003    272      9      0    .657    .34    .96   .128   .663   .231   1.77   .215   .007   2
 317 cr735b   1889 2003    115      3      0    .647    .34    .94   .181   .774   .248   1.81   .236   .017   1
 318 cr807a   1766 2003    238      8      0    .529    .34   1.18   .184   .873   .193   1.70   .210  -.003   1
 319 826402   1667 1984    318     11      0    .514    .35   1.51   .213   .862   .234   1.58   .213   .070   0
 320 cr619b   1764 2003    240      8      0    .758    .35    .70   .113   .343   .290   1.81   .243  -.008   2
 321 cr639b   1796 2003    208      7      0    .680    .35   1.09   .159   .839   .213   1.67   .202  -.012   2
 322 cr817b   1687 2003    317     11      0    .680    .35    .94   .185   .784   .263   1.81   .233  -.014   0
 323 828313   1742 1984    243      8      5    .223    .35   1.57   .290   .867   .269   2.29   .266   .014   1
 324 828061   1825 1984    160      4      1    .354    .36    .75   .124   .574   .235   1.84   .235   .006   1
 325 826081   1668 1984    317     11      1    .512    .36    .92   .186   .831   .227   1.69   .194  -.002   2
 326 826181   1680 1984    305     10      0    .409    .36   1.29   .228   .909   .182   1.52   .171  -.007   2
 327 cr732b   1752 2003    252      8      0    .697    .36    .84   .116   .673   .190   1.73   .192  -.003   1
 328 827022   1775 1984    210      6      4    .238    .37    .90   .190   .875   .234   1.63   .225  -.014   1
 329 828081   1704 1949    246      8      5    .363    .37   1.39   .290   .871   .253   2.25   .241   .022   0
 330 826172   1670 1984    315     11      2    .459    .37    .98   .123   .618   .208   1.91   .203   .000   1
 331 cx104a   1364 1576    213      7      0    .638    .37   1.47   .230   .874   .234   1.61   .231  -.005   1
 332 cr632b   1800 1988    189      5      0    .561    .37    .95   .162   .833   .210   1.62   .201  -.001   1
 333 CR642A   1786 2003    218      7      0    .686    .37   1.31   .161   .696   .245   1.99   .243  -.017   1
 334 cr705d   1732 2003    272      9      0    .723    .37    .94   .142   .699   .220   1.70   .196  -.031   0
 335 cr729a   1759 2003    245      8      0    .713    .37   1.22   .133   .680   .202   2.05   .203  -.003   1
 336 825163   1709 1977    269      9      0    .636    .38   1.26   .206   .837   .203   1.57   .186  -.032   3
 337 cr632a   1777 2003    227      7      0    .676    .38    .85   .139   .699   .221   1.57   .208  -.002   1
 338 cr638b   1745 2003    259      9      0    .690    .38   1.46   .264   .892   .229   1.55   .203  -.007   1
 339 828311   1733 1982    250      8      4    .317    .38   1.36   .279   .871   .237   1.94   .245  -.011   3
 340 827042   1718 1984    267      9      2    .399    .39   1.01   .233   .826   .251   1.85   .235   .010   3
 341 827101   1740 1924    185      6      4    .234    .40   1.06   .183   .796   .210   1.80   .213   .018   1
 342 cr631a   1708 2003    296     10      0    .744    .40   1.36   .223   .796   .263   1.67   .215  -.002   1
 343 cr631b   1714 2003    290     10      0    .765    .40   1.77   .209   .723   .258   2.06   .225  -.045   0
 344 825142   1771 1977    207      7      0    .554    .42    .95   .138   .620   .217   1.75   .215   .004   1
 345 825162   1772 1977    206      7      0    .715    .42    .82   .132   .629   .206   1.84   .202  -.013   1
 346 cr816a   1881 2003    123      3      0    .703    .43   1.81   .360   .912   .264   1.75   .226   .017   0
 347 cx613b   1636 1819    184      5      0    .593    .43   1.47   .332   .867   .329   1.98   .292   .011   2
 348 827021   1717 1984    268      9      7    .255    .44    .96   .193   .830   .205   1.63   .198   .032   3
 349 828142   1734 1984    251      8      5    .299    .45   1.77   .298   .837   .255   2.04   .255  -.009   3
 350 cr729b   1759 2003    245      8      0    .647    .45   1.43   .133   .471   .199   2.62   .217   .005   1
 351 828281   1764 1984    221      7      0    .437    .46   1.01   .162   .786   .186   1.50   .165  -.008   3
 352 CR642B   1786 2003    218      7      0    .687    .46   1.15   .188   .707   .237   1.66   .227  -.006   3
 353 826051   1645 1984    340     12      1    .473    .49   1.04   .168   .731   .195   1.62   .182   .007   1
 354 813081   1780 1977    198      6      0    .697    .52   1.13   .172   .503   .244   1.98   .229   .075   0
 355 826242   1800 1984    185      5      0    .542    .53   1.34   .196   .742   .194   1.75   .185   .006   2
 356 825091   1671 1977    307     11      0    .556    .55   1.30   .205   .756   .219   1.59   .187  -.000   0
 357 825092   1669 1977    309     11      0    .637    .59   1.18   .163   .618   .187   1.69   .180  -.003   1
 358 cr740a   1747 2003    257      9      0    .725    .60   1.25   .186   .543   .229   1.64   .213  -.006   1
 359 cr621b   1924 2003     80      2      0    .432    .95   1.63   .187   .400   .169   1.51   .149  -.011   0
 360 hcb1     1548 1870    323     10      4    .410    .17    .55   .086   .881   .199   1.69   .201  -.009   3
 361 hcb2     1548 1866    319     11      2    .365    .17    .47   .081   .841   .215   1.68   .212  -.004   1
 362 hcc1     1396 1749    354     13      0    .525    .21    .61   .107   .812   .249   1.79   .236  -.011   1
 363 hrc1     1525 1835    311     10      0    .527    .29    .72   .109   .702   .216   1.55   .207   .005   2
 364 cx503a   1750 1977    228      7      0    .597    .12    .38   .062   .647   .316   2.40   .306   .009   1
 365 cr616b   1649 2003    355     13      0    .619    .12    .35   .064   .712   .333   1.94   .300  -.006   1
 366 828201   1675 1924    250      8      6    .286    .14    .40   .048   .622   .242   1.83   .218  -.002   3
 367 cx305a   1727 1952    226      7      0    .514    .14    .43   .096   .835   .278   1.80   .290  -.025   3
 368 cx413b   1395 1722    328     11      0    .691    .14    .44   .068   .642   .342   2.02   .294   .002   0
 369 cx503b   1720 1981    262      9      0    .639    .14    .46   .079   .753   .311   1.93   .280   .000   1
 370 cx811a   1569 1894    326     11      0    .663    .14    .35   .070   .762   .265   1.93   .270  -.012   1
 371 813091   1625 1977    352                          .15    .39   .076   .638   .371                         
 372 cr604a   1794 2003    210      7      0    .518    .15    .33   .058   .854   .176   1.76   .172   .015   1
 373 cr626b   1700 2003    304     11      1    .482    .15    .30   .052   .599   .241   1.89   .234   .081   0
 374 cx809a   1510 1842    333     11      0    .593    .15    .44   .050   .608   .227   2.01   .219  -.009   1
 375 cx811b   1569 1844    276      9      0    .673    .15    .38   .063   .773   .216   1.70   .222   .012   2
 376 828224   1800 1984    185      6      4    .336    .16    .38   .063   .745   .227   1.58   .205   .090   0
 377 cx408a   1179 1385    207      6      0    .552    .16    .39   .065   .735   .221   1.60   .215   .014   2
 378 cx411b   1288 1655    368     13      0    .600    .16    .47   .081   .776   .270   1.86   .250  -.012   1
 379 cx813a   1510 1807    298     10      0    .502    .16    .45   .096   .840   .266   1.76   .251  -.017   1
 380 825074   1664 1977    314     11      0    .662    .17    .45   .065   .626   .256   1.84   .221  -.012   3
 381 cx408b   1179 1379    201      6      0    .640    .17    .47   .087   .849   .209   1.77   .222   .009   1
 382 cx411a   1288 1652    365     13      0    .621    .17    .60   .097   .869   .233   1.65   .228  -.012   1
 383 cx413a   1395 1683    289     10      0    .716    .17    .62   .081   .659   .316   2.15   .295  -.010   1
 384 CR630A   1680 2003    324     11      0    .648    .17    .33   .045   .347   .231   1.64   .198   .005   1
 385 cr708c   1697 2003    307     11      0    .620    .17    .39   .072   .671   .260   2.16   .257  -.004   1
 386 cr715a   1670 2003    334     12      0    .621    .17    .47   .063   .647   .251   2.37   .255  -.012   1
 387 cr723a   1593 2003    411     15      0    .696    .17    .54   .094   .787   .262   1.61   .216  -.015   1
 388 cr739a   1406 2003    598     22      0    .650    .17    .50   .065   .540   .305   1.82   .258  -.036   0
 389 cx807b   1544 1779    236      8      0    .637    .17    .43   .093   .802   .288   1.79   .262  -.017   3
 390 cx819a   1457 1835    379     13      0    .635    .17    .53   .084   .772   .252   1.93   .237   .006   2
 391 813041   1625 1977    352                          .18    .57   .097   .679   .321                         
 392 827081   1656 1899    244      8      6    .227    .18    .42   .072   .742   .225   1.80   .225   .001   3
 393 826312   1579 1984    406     14      3    .449    .18    .42   .061   .661   .200   2.11   .200  -.009   1
 394 cx103a   1513 1814    302     10      0    .579    .18    .46   .081   .749   .261   1.98   .263  -.010   3
 395 CR608A   1749 2003    255      9      0    .664    .18    .40   .063   .403   .298   1.98   .253  -.009   1
 396 CR620A   1762 2003    242      8      0    .751    .18    .59   .111   .734   .331   1.98   .272   .006   1
 397 CR620B   1870 2003    134      4      0    .610    .18    .55   .126   .870   .309   1.83   .260  -.073   0
 398 cr626a   1700 2003    304     10      0    .569    .18    .44   .074   .682   .245   2.00   .237   .003   1
 399 cr739b   1406 1783    378     13      0    .604    .18    .45   .068   .586   .289   1.88   .244   .001   3
 400 cx808a   1450 1847    398     13      0    .622    .18    .67   .079   .696   .242   1.97   .249  -.002   3
 401 828222   1825 1984    160      4      3    .236    .19    .41   .066   .658   .219   1.83   .219   .011   1
 402 286253   1580 1984    405     14      1    .499    .19    .46   .059   .572   .223   1.76   .207   .002   1
 403 cr624a   1588 2003    416     15      0    .619    .19    .66   .080   .704   .237   1.95   .228  -.010   1
 404 cr721b   1741 2003    263      9      0    .584    .19    .49   .092   .848   .223   1.55   .206  -.008   3
 405 cx806a   1630 1829    200      6      0    .526    .19    .45   .089   .822   .221   1.71   .205  -.009   3
 406 cx806b   1534 1886    353     12      0    .500    .19    .53   .087   .823   .213   2.02   .214  -.003   3
 407 cx819b   1457 1835    379     13      0    .604    .19    .59   .071   .632   .240   2.00   .220   .070   0
 408 825221   1590 1977    388     14      0    .686    .20    .58   .083   .684   .245   1.91   .219  -.029   0
 409 828074   1675 1984    310     10      6    .267    .20    .48   .070   .668   .220   1.62   .201  -.012   1
 410 826272   1512 1984    473     17      2    .424    .20    .69   .106   .815   .236   1.71   .224  -.004   1
 411 CR630B   1680 1979    300     10      0    .617    .20    .41   .063   .369   .269   2.10   .221  -.002   2
 412 cx807a   1544 1790    247      8      0    .642    .20    .42   .070   .618   .258   1.79   .230  -.011   3
 413 cx818a   1419 1835    417     15      0    .532    .20    .42   .060   .653   .201   1.63   .186  -.015   3
 414 cx818b   1419 1850    432     16      1    .511    .20    .51   .066   .689   .213   1.71   .195   .004   2
 415 813043   1656 1977    321                          .21    .67   .108   .639   .333                         
 416 813044   1650 1977    326                          .21    .66   .118   .666   .358                         
 417 828223   1825 1984    160      4      3    .103    .21    .46   .079   .722   .210   1.80   .211   .001   1
 418 826252   1565 1984    420     15      1    .502    .21    .39   .055   .434   .212   1.59   .190   .038   0
 419 826271   1512 1966    455     16      4    .392    .21    .51   .081   .720   .224   1.77   .219   .000   1
 420 cx405a   1391 1649    259      9      0    .540    .21    .69   .119   .803   .266   1.91   .279  -.002   3
 421 cx409b   1196 1609    414     15      0    .664    .21    .56   .098   .679   .273   1.82   .262   .008   1
 422 cr715b   1670 2003    334     12      0    .589    .21    .69   .090   .776   .218   2.04   .214  -.009   1
 423 cr718a   1673 2003    331     12      0    .669    .21    .57   .103   .643   .314   1.87   .271  -.001   1
 424 cr718b   1673 2003    331     12      0    .630    .21    .58   .112   .758   .287   1.82   .263   .029   0
 425 cr730b   1712 2003    292     10      0    .713    .21    .50   .083   .657   .256   1.84   .235  -.009   0
 426 cx812a   1536 1802    267      9      0    .655    .21    .43   .066   .561   .224   1.75   .208  -.009   3
 427 cx812b   1536 1803    268      9      0    .675    .21    .45   .069   .541   .239   1.75   .212  -.007   0
 428 825033   1666 1977    312     11      0    .734    .22    .50   .073   .576   .232   1.72   .221   .002   1
 429 826011   1491 1984    494     18      7    .345    .22    .65   .117   .887   .193   1.62   .189   .010   1
 430 cx407a   1475 1706    232      7      0    .598    .22    .60   .103   .787   .266   1.67   .254   .004   2
 431 cx410b   1524 1819    296     10      0    .608    .22    .69   .135   .827   .287   2.20   .281  -.005   1
 432 cr723b   1593 2003    411     15      0    .657    .22    .71   .107   .838   .216   1.81   .199   .016   0
 433 cx816a   1680 1955    276      9      1    .508    .22    .52   .067   .613   .203   1.66   .192  -.012   3
 434 cx817b   1504 1801    298     10      0    .625    .22    .50   .068   .494   .257   1.92   .234  -.002   3
 435 827082   1656 1984    328                          .23    .66   .099   .732   .236                         
 436 827202   1642 1984    343     12      9    .244    .23    .66   .135   .882   .216   1.73   .215   .038   1
 437 827222   1678 1984    307     10      7    .213    .23    .73   .097   .775   .213   2.00   .221  -.001   3
 438 827281   1509 1984    476     17      7    .373    .23    .51   .086   .671   .225   1.90   .220  -.009   1
 439 827333   1676 1984    309     10      3    .369    .23    .63   .097   .743   .216   1.73   .205  -.001   1
 440 cx407b   1475 1696    222      6      0    .577    .23    .58   .110   .805   .258   1.90   .249  -.012   3
 441 cx410a   1524 1769    246      8      0    .627    .23    .65   .123   .820   .266   1.76   .252  -.007   1
 442 cx504b   1725 1958    234      7      0    .552    .23    .63   .088   .649   .232   2.00   .247  -.023   1
 443 cx604b   1610 1814    205      6      0    .711    .23   1.05   .155   .804   .306   2.56   .295  -.026   1
 444 cr614b   1706 2003    298     10      0    .734    .23    .52   .090   .707   .234   1.63   .200  -.022   0
 445 cr721a   1740 1919    180      5      0    .559    .23    .55   .082   .592   .242   1.57   .223   .057   0
 446 cr723c   1556 2003    448     16      0    .709    .23    .74   .134   .852   .243   1.81   .215  -.030   0
 447 cx817a   1504 1811    308     10      0    .683    .23    .57   .081   .587   .252   1.77   .233  -.020   3
 448 827221   1678 1984    307     10      3    .314    .24    .67   .119   .860   .184   1.81   .192  -.009   3
 449 827331   1665 1984    320     11      7    .255    .24    .60   .087   .724   .206   1.64   .201   .003   1
 450 828073   1800 1984    185      5      3    .317    .24    .69   .087   .678   .185   2.04   .189   .011   2
 451 826254   1580 1984    405     14      0    .510    .24    .47   .073   .534   .227   1.56   .197  -.033   0
 452 cx201a   1600 1818    219      6      0    .470    .24    .83   .132   .848   .218   2.15   .243  -.033   1
 453 cx205a   1761 1920    160      4      0    .554    .24    .73   .149   .860   .237   1.75   .239   .011   1
 454 cx405b   1391 1612    222      7      2    .511    .24    .80   .152   .833   .257   2.29   .272   .038   1
 455 cx609a   1617 1843    227      7      0    .599    .24    .83   .164   .883   .257   2.30   .261  -.006   1
 456 cx611b   1624 1870    247      8      0    .623    .24    .82   .130   .772   .276   2.15   .274  -.016   1
 457 cr603a   1654 2003    350     12      2    .520    .24    .81   .130   .830   .260   1.95   .263  -.012   1
 458 cr616a   1649 2003    355     13      0    .626    .24    .87   .132   .756   .303   3.00   .310  -.017   1
 459 cr710a   1737 2003    267      9      0    .548    .24    .64   .101   .616   .289   1.84   .267   .053   0
 460 825123   1595 1977    383     14      0    .612    .25    .70   .094   .679   .226   1.97   .213   .065   0
 461 813042   1688 1977    290     10      0    .674    .25    .79   .151   .725   .317   1.98   .290  -.010   1
 462 827191   1711 1984    274      9      6    .241    .25    .72   .113   .737   .224   1.85   .220  -.001   2
 463 827201   1737 1949    213      7      5    .300    .25    .63   .085   .720   .186   1.60   .173   .084   0
 464 828272   1675 1984    310     10      6    .343    .25    .66   .123   .857   .193   1.86   .192  -.005   1
 465 cx102b   1414 1719    306     10      1    .521    .25    .61   .095   .495   .305   2.04   .270   .034   0
 466 cx205b   1761 1920    160      4      0    .531    .25    .79   .161   .881   .248   1.68   .240   .013   1
 467 cx614a   1681 1899    219      7      0    .609    .25    .80   .167   .854   .255   2.43   .270  -.027   1
 468 cx619a   1550 1832    283      9      0    .706    .25    .76   .096   .574   .262   1.72   .223  -.018   3
 469 cr612b   1668 2003    336     12      0    .644    .25    .71   .097   .705   .217   2.09   .215   .001   1
 470 cr614a   1706 2003    298     10      0    .566    .25    .71   .112   .710   .241   2.17   .235  -.003   1
 471 cx810b   1576 1826    251      8      0    .662    .25    .87   .144   .806   .256   1.86   .237   .055   0
 472 cr806a   1794 1949    156      5      0    .570    .25    .51   .100   .792   .209   2.35   .212   .040   0
 473 cr806b   1794 1949    156      5      0    .554    .25    .53   .099   .799   .203   2.30   .214   .061   0
 474 813071   1675 1977    303     10      0    .705    .26    .70   .123   .762   .245   1.66   .224  -.017   3
 475 827152   1728 1984    257      8      4    .341    .26    .90   .178   .836   .270   2.12   .276   .022   2
 476 827251   1689 1984    296     10     10    .147    .26    .79   .137   .810   .199   2.12   .206  -.007   3
 477 cx301a   1823 1961    139      4      0    .477    .26   1.00   .184   .806   .339   2.19   .340   .002   1
 478 cx421b   1489 1660    172      5      0    .570    .26    .83   .148   .854   .239   1.62   .222   .068   0
 479 cx502b   1448 1723    276      9      0    .580    .26    .98   .166   .784   .319   2.04   .291   .066   0
 480 cx612b   1617 1799    183      6      0    .525    .26    .89   .164   .844   .258   2.37   .270   .053   1
 481 cr612a   1700 2003    304     10      0    .621    .26    .86   .126   .778   .216   2.13   .224  -.012   3
 482 cr733a   1645 2003    359     13      0    .687    .26    .73   .127   .738   .282   1.84   .230  -.028   3
 483 cr802a   1840 1919     80      1      0    .489    .26    .60   .073   .391   .206   1.86   .204   .074   0
 484 CR805A   1743 2003    261      9      0    .628    .26   1.01   .141   .824   .232   2.12   .238  -.004   3
 485 825013   1611 1977    367     13      2    .621    .27    .63   .099   .602   .233   1.86   .231   .004   1
 486 825014   1611 1977    367     13      0    .614    .27    .77   .153   .774   .271   2.08   .263  -.003   1
 487 827332   1665 1984    320     11      4    .339    .27    .95   .131   .792   .232   1.70   .222   .004   1
 488 827361   1666 1984    317                          .27    .79   .152   .880   .210                         
 489 827401   1637 1984    347                          .27    .63   .106   .705   .206                         
 490 828072   1850 1984    135      4      3    .286    .27    .48   .073   .524   .199   1.52   .187   .070   0
 491 828122   1737 1984    248      8      4    .412    .27    .75   .130   .778   .237   1.63   .227   .004   3
 492 828202   1800 1984    185      5      1    .336    .27    .60   .073   .521   .186   1.66   .189  -.018   3
 493 826013   1595 1952    358     13      7    .354    .27    .82   .147   .910   .180   1.55   .182  -.004   1
 494 826251   1565 1984    420     15      0    .545    .27    .65   .088   .597   .220   1.57   .198   .040   0
 495 826311   1621 1984    364     13      0    .516    .27    .61   .090   .732   .194   1.60   .182   .008   1
 496 cx416a   1523 1784    262      9      0    .645    .27    .76   .158   .848   .246   1.64   .232   .000   1
 497 cx606b   1650 1854    205      6      0    .595    .27   1.17   .161   .754   .262   2.81   .282  -.004   1
 498 cr618a   1697 1950    254      9      1    .549    .27    .93   .136   .820   .218   1.84   .217   .004   1
 499 cr723d   1556 2003    448     16      0    .659    .27    .98   .138   .827   .226   1.87   .211  -.010   1
 500 cx810a   1576 1808    233      7      0    .616    .27    .71   .117   .716   .237   1.78   .213  -.014   0
 501 825011   1616 1977    362     13      0    .650    .28    .89   .140   .760   .254   1.92   .245  -.007   1
 502 827172   1655 1920    266      8      5    .304    .28    .79   .129   .737   .249   2.10   .258   .007   1
 503 827334   1676 1970    295      9      6    .299    .28    .79   .116   .760   .203   1.86   .212  -.004   2
 504 828151   1700 1984    285      9      5    .333    .28   1.41   .169   .893   .213   1.81   .201   .006   3
 505 828181   1703 1984    282      9      3    .374    .28   1.00   .159   .839   .253   1.70   .236  -.004   3
 506 cx416b   1523 1812    290     10      0    .691    .28    .96   .178   .850   .257   1.83   .248   .005   2
 507 cx421a   1489 1649    161      5      0    .612    .28    .81   .159   .826   .261   1.78   .247  -.020   1
 508 cx620b   1613 1790    178      5      0    .568    .28    .62   .105   .647   .222   1.97   .233  -.005   1
 509 cr602a   1803 2003    201      6      0    .710    .28    .55   .104   .645   .248   1.93   .232   .005   1
 510 cr711a   1680 2003    324     11      0    .647    .28    .57   .091   .653   .219   1.70   .201   .050   0
 511 CM5-3    1488 1792    303                          .29    .67   .106   .701   .226                         
 512 828312   1734 1984    251      8      4    .279    .29    .88   .178   .826   .262   1.88   .266  -.007   1
 513 826201   1600 1984    385     13      0    .543    .29    .69   .107   .555   .271   1.82   .254   .002   1
 514 cx301b   1830 1948    119      2      0    .525    .29    .89   .162   .752   .297   1.74   .269   .027   2
 515 cx307b   1746 1937    192      6      0    .651    .29    .69   .123   .766   .225   1.64   .219  -.003   1
 516 cx502a   1448 1728    281     10      0    .570    .29    .80   .146   .680   .295   1.81   .266  -.007   2
 517 cx504a   1725 1956    232      7      0    .598    .29    .89   .140   .740   .249   2.15   .265  -.002   1
 518 cx615b   1650 1880    231      7      0    .637    .29    .95   .144   .768   .288   2.13   .298   .015   1
 519 cr602b   1827 2003    177      5      0    .712    .29    .58   .106   .622   .274   1.58   .232   .006   0
 520 cr637b   1666 2003    338     12      0    .690    .29    .86   .157   .759   .281   2.29   .286  -.004   2
 521 cr808b   1758 1919    162      4      0    .678    .29    .71   .143   .842   .234   1.65   .222  -.000   2
 522 cr813b   1893 2003    111      3      0    .754    .29    .70   .112   .690   .224   1.69   .218   .005   1
 523 827131   1684 1983    300     10      3    .301    .30   1.21   .221   .839   .273   1.95   .254   .002   1
 524 827192   1721 1984    264      9      7    .235    .30    .86   .159   .779   .247   2.32   .239   .005   3
 525 827284   1514 1729    216      7      2    .348    .30    .76   .118   .659   .232   2.20   .250  -.001   1
 526 827354   1660 1984    325     11      9    .233    .30   1.23   .224   .883   .231   2.01   .238   .021   1
 527 826092   1625 1984    360     12      1    .438    .30   1.06   .179   .827   .275   2.39   .267   .006   2
 528 cx615a   1639 1859    221      7      0    .523    .30   1.02   .146   .740   .281   2.06   .293  -.002   3
 529 cr628a   1680 2003    324     11      0    .627    .30   1.04   .180   .823   .256   1.82   .237   .060   0
 530 cr703a   1805 2003    199      6      0    .626    .30    .83   .125   .729   .243   1.93   .244   .003   2
 531 cx804b   1736 1956    221      7      0    .576    .30    .73   .108   .689   .215   1.67   .203   .017   1
 532 825073   1582 1977    396     14      0    .669    .31    .88   .120   .650   .222   2.40   .212  -.013   0
 533 828291   1689 1984    296     10      7    .232    .31    .88   .084   .560   .174   2.14   .188   .035   1
 534 826221   1588 1984    397     14      1    .489    .31    .71   .134   .792   .208   1.62   .201   .004   1
 535 cx305b   1727 1970    244      7      0    .609    .31    .96   .184   .857   .237   1.75   .245   .005   1
 536 cx604a   1590 1798    209      6      0    .489    .31   1.08   .185   .776   .261   2.83   .311  -.058   1
 537 cr615b   1769 2003    235      8      2    .547    .31    .82   .162   .827   .235   1.85   .250  -.014   3
 538 cr643b   1884 2003    120      3      0    .633    .31    .78   .125   .686   .227   1.77   .230  -.022   1
 539 cr725b   1772 1986    215      7      0    .767    .31    .62   .105   .743   .194   1.54   .169  -.072   0
 540 cx802b   1699 1944    246      8      0    .602    .31   1.19   .215   .891   .224   1.64   .222   .032   1
 541 825043   1549 1977    429     16      0    .727    .32    .95   .165   .837   .227   1.74   .209   .011   1
 542 825072   1582 1977    396     14      1    .653    .32    .91   .117   .658   .229   2.06   .209  -.006   0
 543 813121   1748 1960    213      7      0    .661    .32    .96   .187   .839   .249   1.64   .230   .008   1
 544 CM12-1   1722 1827    106      3      0    .807    .32    .65   .099   .328   .263   1.67   .224  -.068   0
 545 827402   1637 1984    347                          .32    .89   .139   .768   .213                         
 546 828021   1725 1984    260      8      6    .256    .32    .74   .115   .620   .228   2.33   .235  -.008   3
 547 828121   1800 1984    185      5      2    .337    .32    .80   .123   .704   .245   1.66   .218  -.030   3
 548 828182   1740 1984    245      8      6    .295    .32    .81   .141   .793   .219   1.87   .225   .006   3
 549 828261   1800 1984    185      5      3    .287    .32    .82   .146   .857   .191   1.58   .195  -.010   1
 550 cx406b   1474 1609    136      4      0    .559    .32   1.08   .197   .827   .292   2.54   .310   .035   1
 551 cx606a   1700 1861    162      4      0    .675    .32    .72   .129   .716   .242   1.94   .256   .006   1
 552 cx611a   1624 1872    249      7      0    .688    .32   1.29   .258   .901   .260   2.05   .265  -.051   3
 553 cr606b   1639 1870    232      7      0    .689    .32    .77   .133   .720   .247   1.90   .233   .069   0
 554 cr636b   1816 2003    188      6      0    .712    .32    .86   .118   .586   .235   1.82   .225   .097   0
 555 cr737a   1710 2003    294     10      0    .712    .32    .92   .161   .759   .268   1.68   .228  -.002   1
 556 825044   1549 1977    429     16      0    .669    .33    .82   .144   .740   .236   2.25   .223   .064   0
 557 827041   1718 1974    257      9      6    .244    .33   1.05   .232   .816   .254   2.10   .249   .007   3
 558 827291   1626 1983    358     12      2    .380    .33    .89   .177   .862   .213   1.56   .206  -.007   1
 559 828042   1675 1936    262      8      2    .394    .33    .84   .152   .713   .267   1.89   .252   .000   3
 560 cx406a   1474 1616    143      4      0    .529    .33   1.28   .225   .880   .293   2.03   .285  -.005   1
 561 cx620a   1581 1784    204      6      0    .566    .33    .93   .127   .726   .228   1.64   .228   .001   1
 562 cr622a   1811 2003    193      6      0    .643    .33   1.17   .206   .895   .214   1.85   .216  -.001   2
 563 cr637a   1666 2003    338     12      0    .668    .33    .99   .182   .798   .261   2.11   .268   .005   1
 564 cr704b   1770 2003    234      8      0    .476    .33    .96   .128   .789   .181   1.47   .183  -.011   3
 565 cr714a   1837 2003    167      5      0    .437    .33    .74   .144   .848   .182   1.51   .177  -.007   1
 566 cr720a   1792 2003    212      7      0    .586    .33    .96   .157   .804   .255   1.97   .238   .026   2
 567 cr724a   1716 2003    288     10      0    .707    .33    .74   .099   .407   .247   1.92   .240   .011   3
 568 cr728a   1778 2003    226      7      0    .714    .33    .71   .129   .645   .255   1.86   .225  -.045   0
 569 cr730a   1712 2003    292     10      0    .647    .33    .80   .149   .672   .281   2.33   .274  -.009   3
 --- -------- ---------  -----  -----  -----   ------ -----  -----  -----  -----  -----  -----  -----  -----  --
 Total or mean:         151294   4846    534    .556    .29   3.24   .144   .749   .241  23.09   .230   .003

 DATA CHECKS (rwl.check): cana322
-----------------------------------------------------------------------------------------------------------------------------------
 rwl.check: data_files/treering/measurements/northamerica/canada/cana322.rwl
 569 series, 151294 measurements, 1046-2003, 0.001 mm precision
 0 error(s), 14 warning(s), 240 note(s)
 -------------
 WARNING
   RWL_INTERNAL_NA (14)
     813041: no measurement for 1722, inside the measured span of the series. The file records nothing for that year, which is not a fault, but detrend(), chron(), strip.rwl(), rwi.stats() and sss() fail on interior gaps and this series cannot be crossdated. Use fill.internal.NA() to close them deliberately
     813043: no measurement for 1689, inside the measured span of the series. The file records nothing for that year, which is not a fault, but detrend(), chron(), strip.rwl(), rwi.stats() and sss() fail on interior gaps and this series cannot be crossdated. Use fill.internal.NA() to close them deliberately
     813044: no measurement for 1689, 1722, inside the measured span of the series. The file records nothing for those years, which is not a fault, but detrend(), chron(), strip.rwl(), rwi.stats() and sss() fail on interior gaps and this series cannot be crossdated. Use fill.internal.NA() to close them deliberately
     813091: no measurement for 1947, inside the measured span of the series. The file records nothing for that year, which is not a fault, but detrend(), chron(), strip.rwl(), rwi.stats() and sss() fail on interior gaps and this series cannot be crossdated. Use fill.internal.NA() to close them deliberately
     827031: no measurement for 1911, inside the measured span of the series. The file records nothing for that year, which is not a fault, but detrend(), chron(), strip.rwl(), rwi.stats() and sss() fail on interior gaps and this series cannot be crossdated. Use fill.internal.NA() to close them deliberately
     827082: no measurement for 1672, inside the measured span of the series. The file records nothing for that year, which is not a fault, but detrend(), chron(), strip.rwl(), rwi.stats() and sss() fail on interior gaps and this series cannot be crossdated. Use fill.internal.NA() to close them deliberately
     827361: no measurement for 1721-1722, inside the measured span of the series. The file records nothing for those years, which is not a fault, but detrend(), chron(), strip.rwl(), rwi.stats() and sss() fail on interior gaps and this series cannot be crossdated. Use fill.internal.NA() to close them deliberately
     827401: no measurement for 1975, inside the measured span of the series. The file records nothing for that year, which is not a fault, but detrend(), chron(), strip.rwl(), rwi.stats() and sss() fail on interior gaps and this series cannot be crossdated. Use fill.internal.NA() to close them deliberately
     827402: no measurement for 1975, inside the measured span of the series. The file records nothing for that year, which is not a fault, but detrend(), chron(), strip.rwl(), rwi.stats() and sss() fail on interior gaps and this series cannot be crossdated. Use fill.internal.NA() to close them deliberately
     828141: no measurement for 1940, 1976, inside the measured span of the series. The file records nothing for those years, which is not a fault, but detrend(), chron(), strip.rwl(), rwi.stats() and sss() fail on interior gaps and this series cannot be crossdated. Use fill.internal.NA() to close them deliberately
     ... and 4 more; see as.data.frame()
 240 note(s) not shown; see rwl.check() or the 'check' element of this report.

 NOTES
-----------------------------------------------------------------------------------------------------------------------------------
 Report generated using dplR 1.8.1 (R 4.5.2) on 2026-10-01 16:49 PDT.
 Measurement file cana322.rwl, MD5 b0d9c0de8d9802975054a325d3a63f07.
 Filtering: each series divided by a 32-year smoothing spline (caps()), then prewhitened with
   an AR model (order by AIC, at most 3).
 Master: biweight robust mean of the other series (leave-one-out).
 Correlation: Pearson, one-tailed, pcrit = 0.01; critical r = 0.3281 for 50-year segments.
 Segments: 50 years, lagged 25, first segment floored to 100. Lags searched: +/- 10 years.
 A segment is tested only where the series and the master cover all of it, at the dated
   position and at every lag. COFECHA also tests partial segments at the ends of a series, so
   series here may show fewer segments, and no flags can be raised at the ends of the record.
 Lags follow COFECHA: negative means rings are probably missing from the series, positive means
   false rings. A missing ring carries its lag into every segment before it, so look where the
   lag changes along a series. A B flag is a hypothesis to check on the wood; the gain says how
   seriously to take it.
 A B flag marked "weak at every lag" correlates under the critical value even at its best lag:
   the segment is weak wherever it is placed, and the shift is not evidence of a dating error.
   Treat it as a low correlation, like an A.
 Averages in the summary and the totals are weighted by the number of years in each series, as
   COFECHA's are.
 Unfiltered block and mean sensitivity: the measurements as read, and sens1().
 dplR filtered block: the series that was correlated, after filtering. COFECHA's filtered
   series is defined differently, so these three columns are not COFECHA's numbers.
 AR: order of the AR model used to prewhiten.
 Left out of the crossdating: series 828141 has internal NA values, and the 'nyrs' spline needs
   an unbroken series. Fill them with fill.internal.NA(), remove the series, or use 'n' instead
   of 'nyrs'
 Left out of the crossdating: series CM1-3 has internal NA values, and the 'nyrs' spline needs
   an unbroken series. Fill them with fill.internal.NA(), remove the series, or use 'n' instead
   of 'nyrs'
 Left out of the crossdating: series 827031 has internal NA values, and the 'nyrs' spline needs
   an unbroken series. Fill them with fill.internal.NA(), remove the series, or use 'n' instead
   of 'nyrs'
 Left out of the crossdating: series CM1-2 has internal NA values, and the 'nyrs' spline needs
   an unbroken series. Fill them with fill.internal.NA(), remove the series, or use 'n' instead
   of 'nyrs'
 Left out of the crossdating: series CM9-1 has internal NA values, and the 'nyrs' spline needs
   an unbroken series. Fill them with fill.internal.NA(), remove the series, or use 'n' instead
   of 'nyrs'
 Left out of the crossdating: series 813091 has internal NA values, and the 'nyrs' spline needs
   an unbroken series. Fill them with fill.internal.NA(), remove the series, or use 'n' instead
   of 'nyrs'
 Left out of the crossdating: series 813041 has internal NA values, and the 'nyrs' spline needs
   an unbroken series. Fill them with fill.internal.NA(), remove the series, or use 'n' instead
   of 'nyrs'
 Left out of the crossdating: series 813043 has internal NA values, and the 'nyrs' spline needs
   an unbroken series. Fill them with fill.internal.NA(), remove the series, or use 'n' instead
   of 'nyrs'
 Left out of the crossdating: series 813044 has internal NA values, and the 'nyrs' spline needs
   an unbroken series. Fill them with fill.internal.NA(), remove the series, or use 'n' instead
   of 'nyrs'
 Left out of the crossdating: series 827082 has internal NA values, and the 'nyrs' spline needs
   an unbroken series. Fill them with fill.internal.NA(), remove the series, or use 'n' instead
   of 'nyrs'
 Left out of the crossdating: series 827361 has internal NA values, and the 'nyrs' spline needs
   an unbroken series. Fill them with fill.internal.NA(), remove the series, or use 'n' instead
   of 'nyrs'
 Left out of the crossdating: series 827401 has internal NA values, and the 'nyrs' spline needs
   an unbroken series. Fill them with fill.internal.NA(), remove the series, or use 'n' instead
   of 'nyrs'
 Left out of the crossdating: series CM5-3 has internal NA values, and the 'nyrs' spline needs
   an unbroken series. Fill them with fill.internal.NA(), remove the series, or use 'n' instead
   of 'nyrs'
 Left out of the crossdating: series 827402 has internal NA values, and the 'nyrs' spline needs
   an unbroken series. Fill them with fill.internal.NA(), remove the series, or use 'n' instead
   of 'nyrs'
