
 COFECHA-style crossdating report: cana461
 Report generated using dplR 1.8.1 (R 4.5.2) on 2026-10-01 16:51 PDT
 Built with dplR's xdate.report(), not COFECHA; see the notes at the end.


      Measurement file name  : cana461.rwl
      MD5 of measurement file: 62a4e26c30766aa7b5f2e749c6f91c84
      Date checked           : 01OCT26
      Beginning year         : 596
      Ending year            : 2011
      Principal investigators: Gennaretti, F.; Arseneault, D.
      Site name              : Lake L18
      Species information    : PCMA Picea mariana (Mill.) Britton, Sterns, & Poggenb.
      Latitude               : 54.2500 N
      Longitude              : 72.3800 W
      Elevation              : 436 m

      Series intercorrelation: 0.535
      Avg mean sensitivity   : 0.155
      Avg standard deviation : 0.186
      Avg autocorrelation    : 0.870
      Number dated series    : 444
      Segment length tested  : 50

      Number problem segments: 47  (A 18, B 29; 14 of the B weak at every lag)
      Pct problem segments   : 4.88


 CORRELATION OF SERIES BY SEGMENTS: cana461
-----------------------------------------------------------------------------------------------------------------------------------
 Correlations of  50-year dated segments, lagged  25 years
 Flags:  A = correlation under   .3281 but highest as dated;  B = correlation higher at other than dated position

 Seq Series  Time_span   600  625  650  675  700  725  750  775  800  825  850  875  900  925  950  975 1000 1025 1050 1075 
                         649  674  699  724  749  774  799  824  849  874  899  924  949  974  999 1024 1049 1074 1099 1124 
 --- -------- ---------  ---- ---- ---- ---- ---- ---- ---- ---- ---- ---- ---- ---- ---- ---- ---- ---- ---- ---- ---- ---- 
  14 L18015   1007 1121                                                                                       .70  .59      
  20 L18023    990 1145                                                                                  .61  .68  .62  .70 
  25 L18030    898 1010                                                                   .37  .16B                         
  30 L18042    933 1028                                                                        .68  .62                     
  34 L18049    980 1094                                                                                  .41  .47           
  38 L18054    874  963                                                              .73                                    
  41 L18057    804  961                                               .56  .62  .54  .53                                    
  42 L18058    844  925                                                    .61  .40                                         
  48 L18066    904 1005                                                                   .60  .72                          
  50 L18068   1041 1122                                                                                            .66      
  58 L18114   1036 1150                                                                                            .80  .65 
  74 L18141   1041 1106                                                                                            .54      
 101 L18190    976 1129                                                                                  .71  .68  .68  .54 
 109 L18204    597  669  .66                                                                                                
 136 L18245   1011 1142                                                                                       .48  .50  .68 
 138 L18249   1039 1138                                                                                            .47  .55 
 142 L18255    841  942                                                    .53  .46                                         
 143 L18257    736  842                                     .48                                                             
 150 L18268   1019 1115                                                                                       .51  .55      
 152 L18270   1072 1163                                                                                                 .46 
 153 L18271   1075 1212                                                                                                 .59 
 165 L18290   1060 1153                                                                                                 .58 
 167 L18292   1046 1117                                                                                            .55      
 168 L18293    926 1018                                                                        .65                          
 180 L18312   1015 1129                                                                                       .62  .55  .57 
 181 L18313    986 1055                                                                                  .56                
 183 L18316    934 1059                                                                        .56  .58  .64                
 187 L18322   1036 1140                                                                                            .45  .66 
 188 L18324    984 1056                                                                                  .44                
 202 L18347    920  995                                                                   .55                               
 211 L18359    898 1165                                                              .35B .33A .39  .38  .39  .42  .45  .44 
 215 L18364    902 1013                                                                   .68  .57                          
 217 L18369    826  926                                                    .43  .49                                         
 218 L18370    945 1081                                                                        .75  .63  .57  .54           
 219 L18372    932 1129                                                                        .68  .57  .51  .49  .46  .48 
 220 L18373    958 1054                                                                             .37  .28B               
 224 L18383    921 1036                                                                   .60  .64  .54                     
 225 L18384    897 1027                                                              .59  .64  .46  .42                     
 230 L18391    959 1099                                                                             .56  .63  .56  .61      
 233 L18395   1067 1141                                                                                                 .59 
 236 L18399    965 1184                                                                             .63  .62  .56  .63  .75 
 238 L18401    939 1016                                                                        .66                          
 245 L18413   1042 1161                                                                                            .47  .62 
 256 L18430   1028 1108                                                                                            .67      
 269 L18451    953 1039                                                                             .64                     
 279 L18461    972 1130                                                                             .57  .51  .40  .47  .54 
 281 L18464   1022 1146                                                                                       .62  .76  .62 
 283 L18467   1053 1171                                                                                                 .63 
 296 L18492    978 1141                                                                                  .58  .74  .75  .65 
 297 L18493    912  985                                                                   .68                               
 303 L18499    774  828                                     .36                                                             
 305 L18501    896  968                                                              .53                                    
 308 L18505    814  881                                               .39                                                   
 313 L18512   1028 1106                                                                                            .63      
 314 L18513    915 1026                                                                   .66  .72  .68                     
 317 L18520    963 1032                                                                             .48                     
 325 L18534    793  850                                          .60                                                        
 326 L18535    832 1005                                                    .44  .61  .69  .72  .68                          
 352 L18574    934 1007                                                                        .62                          
 369 L18599    897  949                                                              .59                                    
 401 L18638    794  869                                          .49                                                        
 406 L18644    901 1046                                                                   .47  .47  .73                     
 408 L18647   1052 1173                                                                                                 .63 
 412 L18654   1033 1127                                                                                            .67  .55 
 413 L18655    619  726       .64                                                                                           
 415 L18658    596  678  .51  .58                                                                                           
 Av segment correlation  .58  .61                           .42  .55  .48  .53  .50  .57  .57  .59  .56  .53  .57  .59  .59 

 CORRELATION OF SERIES BY SEGMENTS: cana461
-----------------------------------------------------------------------------------------------------------------------------------
 Correlations of  50-year dated segments, lagged  25 years
 Flags:  A = correlation under   .3281 but highest as dated;  B = correlation higher at other than dated position

 Seq Series  Time_span  1100 1125 1150 1175 1200 1225 1250 1275 1300 1325 1350 1375 1400 1425 1450 1475 1500 1525 1550 1575 
                        1149 1174 1199 1224 1249 1274 1299 1324 1349 1374 1399 1424 1449 1474 1499 1524 1549 1574 1599 1624 
 --- -------- ---------  ---- ---- ---- ---- ---- ---- ---- ---- ---- ---- ---- ---- ---- ---- ---- ---- ---- ---- ---- ---- 
   4 L18004   1129 1259            .74  .62  .35                                                                            
   7 L18007   1517 1607                                                                                       .59  .68      
   8 L18008   1526 1618                                                                                            .61      
  11 L18012   1416 1527                                                                   .60  .67  .71                     
  12 L18013   1530 1642                                                                                            .62  .76 
  13 L18014   1442 1576                                                                        .71  .62  .63  .43           
  16 L18017   1534 1649                                                                                            .49  .52 
  17 L18018   1402 1500                                                                   .77  .65                          
  18 L18019   1298 1398                                          .64  .63                                                   
  19 L18022   1500 1617                                                                                       .46  .40      
  21 L18024   1531 1628                                                                                            .75  .69 
  22 L18025   1545 1632                                                                                            .69  .68 
  24 L18027   1091 1169  .85                                                                                                
  28 L18039   1503 1592                                                                                       .63           
  29 L18041   1109 1180       .44                                                                                           
  33 L18047   1574 1649                                                                                                 .73 
  37 L18053   1497 1560                                                                                  .49                
  40 L18056   1428 1502                                                                        .55                          
  43 L18059   1448 1551                                                                        .63  .79  .65                
  44 L18060   1521 1621                                                                                       .42  .69      
  45 L18061   1571 1652                                                                                                 .81 
  47 L18063   1141 1242            .55  .55                                                                                 
  49 L18067   1075 1173  .69                                                                                                
  58 L18114   1036 1150  .69                                                                                                
  84 L18162   1516 1616                                                                                       .48  .63      
  89 L18172   1126 1211            .73                                                                                      
  93 L18179   1103 1202       .58  .56                                                                                      
  97 L18185   1496 1587                                                                                  .57  .51           
 100 L18189   1415 1531                                                                   .45  .64  .74                     
 104 L18195   1460 1533                                                                             .62                     
 106 L18197   1454 1548                                                                             .72                     
 107 L18202   1554 1640                                                                                                 .65 
 110 L18207   1440 1517                                                                        .52                          
 111 L18208   1459 1592                                                                             .35B .41  .49           
 112 L18209   1436 1509                                                                        .62                          
 113 L18210   1453 1543                                                                             .66                     
 114 L18212   1196 1281                      .06B .30A                                                                      
 116 L18216   1438 1588                                                                        .37  .53  .45B .46           
 117 L18218   1529 1612                                                                                            .62      
 118 L18219   1445 1550                                                                        .49  .44  .47                
 120 L18224   1513 1677                                                                                       .40  .66  .80 
 121 L18226   1451 1534                                                                             .75                     
 123 L18229   1543 1669                                                                                            .71  .80 
 124 L18230   1502 1661                                                                                       .54  .70  .72 
 125 L18231   1381 1539                                                              .53  .67  .79  .60                     
 129 L18236   1366 1462                                                         .60  .60                                    
 130 L18238   1193 1309                      .47  .47  .31A                                                                 
 133 L18241   1511 1600                                                                                       .55  .73      
 135 L18244   1467 1538                                                                             .50                     
 137 L18246   1425 1560                                                                        .54  .63  .40                
 139 L18250   1328 1422                                                    .29B                                             
 144 L18258   1546 1632                                                                                            .57  .71 
 148 L18264   1447 1502                                                                        .73                          
 151 L18269   1540 1648                                                                                            .59  .63 
 152 L18270   1072 1163  .64                                                                                                
 153 L18271   1075 1212  .75  .54  .65                                                                                      
 160 L18281   1119 1267       .40  .30A .36  .38                                                                            
 163 L18288   1268 1331                                     .55                                                             
 164 L18289   1097 1190  .62  .68                                                                                           
 165 L18290   1060 1153  .65                                                                                                
 170 L18298   1515 1592                                                                                       .58           
 172 L18300   1289 1403                                          .25B .66  .57                                              
 176 L18306   1438 1499                                                                        .80                          
 179 L18310   1439 1524                                                                        .72  .69                     
 191 L18328   1557 1638                                                                                                 .82 
 193 L18330   1543 1607                                                                                            .63      
 194 L18331   1531 1602                                                                                            .73      
 195 L18337   1110 1190       .43                                                                                           
 199 L18342   1123 1212       .30A .50                                                                                      
 201 L18346   1551 1654                                                                                                 .51 
 206 L18352   1415 1513                                                                   .70  .47                          
 207 L18353   1078 1212  .78  .76  .74                                                                                      
 211 L18359    898 1165  .32A                                                                                               
 212 L18361   1474 1525                                                                             .53                     
 216 L18368   1083 1192  .75  .77                                                                                           
 223 L18382   1088 1171  .48                                                                                                
 227 L18387   1108 1240       .58  .57  .60                                                                                 
 234 L18396   1536 1664                                                                                            .48  .43 
 236 L18399    965 1184  .72  .60                                                                                           
 237 L18400   1095 1157  .60                                                                                                
 240 L18408   1525 1601                                                                                            .69      
 244 L18412   1495 1557                                                                                  .65                
 245 L18413   1042 1161  .76                                                                                                
 248 L18419   1531 1639                                                                                            .33  .63 
 253 L18425   1539 1787                                                                                            .22B .58 
 283 L18467   1053 1171  .65                                                                                                
 294 L18483   1495 1631                                                                                  .59  .70  .69  .75 
 298 L18494   1354 1435                                                         .43                                         
 301 L18497   1144 1208            .66                                                                                      
 312 L18511   1115 1200       .73  .67                                                                                      
 316 L18517   1506 1621                                                                                       .38  .50      
 318 L18521   1085 1170  .75                                                                                                
 322 L18528   1554 1663                                                                                                 .68 
 324 L18533   1494 1576                                                                                  .57  .47           
 331 L18541   1416 1506                                                                   .58  .65                          
 332 L18543   1439 1531                                                                        .45  .44                     
 335 L18546   1118 1222       .37  .56                                                                                      
 336 L18547   1563 1693                                                                                                 .53 
 337 L18552   1535 1629                                                                                            .60  .65 
 340 L18556   1567 1729                                                                                                 .39 
 346 L18567   1417 1535                                                                   .64  .59  .58                     
 347 L18568   1162 1264                 .21B .45                                                                            
 348 L18569   1477 1637                                                                                  .21B .45  .62  .74 
 349 L18570   1519 1616                                                                                       .55  .69      
 357 L18582   1493 1663                                                                                  .41  .54  .78  .79 
 359 L18585   1487 1581                                                                                  .64  .51           
 360 L18587   1356 1440                                                         .35                                         
 362 L18592   1561 1640                                                                                                 .43 
 363 L18593   1417 1529                                                                   .42  .44  .50                     
 364 L18594   1320 1433                                               .29A .35  .35                                         
 366 L18596   1548 1621                                                                                            .73      
 367 L18597   1489 1565                                                                                  .60                
 368 L18598   1536 1612                                                                                            .68      
 370 L18600   1567 1729                                                                                                 .58 
 371 L18601   1306 1375                                               .28B                                                  
 372 L18602   1318 1387                                               .45                                                   
 373 L18603   1188 1277                      .30A .23B                                                                      
 376 L18607   1539 1613                                                                                            .67      
 378 L18610   1286 1424                                          .47  .42B .35  .40                                         
 379 L18612   1482 1600                                                                                  .60  .55  .58      
 381 L18614   1361 1426                                                         .41                                         
 383 L18617   1341 1438                                                    .35  .34                                         
 389 L18623   1398 1475                                                              .54  .63                               
 392 L18626   1443 1596                                                                        .59  .64  .61  .66           
 394 L18629   1143 1225            .39  .54                                                                                 
 395 L18630   1524 1586                                                                                       .34           
 396 L18631   1080 1179  .48  .39                                                                                           
 397 L18632   1565 1658                                                                                                 .63 
 398 L18633   1272 1374                                     .56  .48  .34B                                                  
 400 L18637   1100 1238       .57  .54  .44                                                                                 
 402 L18639   1569 1680                                                                                                 .48 
 404 L18642   1391 1534                                                              .65  .58  .58  .51                     
 407 L18645   1551 1643                                                                                                 .70 
 408 L18647   1052 1173  .74                                                                                                
 409 L18648   1554 1665                                                                                                 .67 
 410 L18650   1431 1522                                                                        .61                          
 411 L18653   1337 1516                                                    .30A .52  .58  .54  .62                          
 416 L18660   1420 1481                                                                   .73                               
 417 L18661   1443 1538                                                                        .66  .64                     
 419 L18663   1556 1673                                                                                                 .78 
 Av segment correlation  .66  .54  .58  .47  .34  .33  .31  .55  .46  .44  .37  .43  .58  .61  .60  .60  .53  .51  .62  .65 

 CORRELATION OF SERIES BY SEGMENTS: cana461
-----------------------------------------------------------------------------------------------------------------------------------
 Correlations of  50-year dated segments, lagged  25 years
 Flags:  A = correlation under   .3281 but highest as dated;  B = correlation higher at other than dated position

 Seq Series  Time_span  1600 1625 1650 1675 1700 1725 1750 1775 1800 1825 1850 1875 1900 1925 1950 
                        1649 1674 1699 1724 1749 1774 1799 1824 1849 1874 1899 1924 1949 1974 1999 
 --- -------- ---------  ---- ---- ---- ---- ---- ---- ---- ---- ---- ---- ---- ---- ---- ---- ---- 
   1 L18001   1673 1759                 .50  .70                                                   
   2 L18002   1595 1675  .66  .69                                                                  
   5 L18005   1862 1945                                                         .57                
   6 L18006   1648 1785            .50  .70  .70  .50                                              
   9 L18009   1762 1834                                     .63                                    
  10 L18011   1791 1915                                          .60  .61  .49                     
  15 L18016   1716 1899                           .49  .68  .51  .52  .59  .22B                    
  16 L18017   1534 1649  .54                                                                       
  26 L18035   1736 1809                                .51                                         
  27 L18036   1753 1875                                     .40B .46  .25A                         
  31 L18045   1740 1829                                .44  .47                                    
  33 L18047   1574 1649  .65                                                                       
  35 L18050   1770 1901                                     .71  .67  .64  .69                     
  36 L18051   1654 1739                 .60                                                        
  45 L18061   1571 1652  .76                                                                       
  46 L18062   1712 1842                           .37  .65  .53                                    
  51 L18102   1674 1767                      .58                                                   
  52 L18105   1622 1734       .63  .60  .64                                                        
  53 L18106   1639 1713            .68                                                             
  54 L18109   1611 1712       .63  .50                                                             
  55 L18110   1863 1957                                                         .37  .41           
  57 L18113   1618 1704       .55  .50                                                             
  60 L18116   1779 1925                                          .61  .64  .70  .60                
  61 L18117   1806 1989                                               .54  .68  .64  .63  .67      
  63 L18120   1651 1726                 .56                                                        
  64 L18121   1651 1727                 .60                                                        
  65 L18122   1639 1708            .71                                                             
  67 L18129   1841 1937                                                    .64  .67                
  68 L18131   1844 1931                                                    .47  .55                
  69 L18134   1830 1946                                                    .60  .50                
  71 L18136   1632 1729            .71  .74                                                        
  73 L18139   1793 1928                                          .68  .58  .64  .59                
  76 L18143   1821 1918                                               .54  .63                     
  77 L18144   1815 1902                                               .51  .52                     
  78 L18145   1787 1926                                          .80  .63  .59  .66                
  79 L18147   1723 1784                           .59                                              
  81 L18150   1721 1820                           .59  .62                                         
  82 L18152   1735 1799                                .69                                         
  85 L18163   1658 1749                 .54  .70                                                   
  88 L18171   1793 1905                                          .51  .62  .65                     
  90 L18175   1750 1902                                     .60  .57  .60  .49                     
  91 L18177   1738 1813                                .62                                         
  92 L18178   1804 1899                                               .57  .19B                    
  94 L18180   1779 1874                                          .52  .55                          
  95 L18181   1779 1880                                          .46  .36                          
  96 L18184   1748 1848                                .69  .77                                    
  99 L18188   1718 1796                           .68                                              
 102 L18192   1778 1921                                          .76  .61  .33                     
 103 L18193   1739 1824                                .66  .71                                    
 105 L18196   1591 1659  .64                                                                       
 108 L18203   1809 1933                                               .64  .49  .54                
 115 L18215   1794 1976                                          .65  .64  .72  .58  .36  .36      
 119 L18223   1836 1991                                                    .51  .43  .54  .61      
 120 L18224   1513 1677  .81  .55                                                                  
 122 L18228   1635 1705            .70                                                             
 123 L18229   1543 1669  .77                                                                       
 124 L18230   1502 1661  .57                                                                       
 126 L18232   1875 1975                                                              .77  .76      
 127 L18233   1733 1834                                .43  .47                                    
 128 L18234   1761 1828                                     .31A                                   
 131 L18239   1820 1883                                               .40                          
 132 L18240   1821 1940                                               .56  .65  .78                
 134 L18242   1735 1800                                .54                                         
 140 L18252   1613 1684       .58                                                                  
 146 L18262   1737 1801                                .57                                         
 147 L18263   1614 1719       .62  .53                                                             
 149 L18266   1682 1756                      .34B                                                  
 155 L18274   1719 1838                           .40  .50  .63                                    
 156 L18275   1661 1808                 .56  .69  .68  .60                                         
 157 L18276   1744 1813                                .48                                         
 158 L18278   1615 1762       .72  .71  .56  .53                                                   
 159 L18279   1627 1734            .64  .62                                                        
 161 L18283   1830 1914                                                    .69                     
 162 L18286   1640 1711            .61                                                             
 166 L18291   1794 1897                                          .71  .62                          
 169 L18294   1783 1895                                          .78  .62                          
 174 L18302   1615 1689       .58                                                                  
 175 L18305   1621 1694       .50                                                                  
 178 L18309   1783 1922                                          .67  .60  .61                     
 182 L18314   1771 1863                                     .39  .44                               
 184 L18317   1797 1862                                          .66                               
 185 L18319   1834 1966                                                    .51  .44  .42           
 186 L18320   1784 1917                                          .71  .65  .57                     
 189 L18325   1741 1884                                .39  .48  .59  .53                          
 192 L18329   1783 1884                                          .64  .61                          
 198 L18341   1842 1918                                                    .68                     
 200 L18344   1784 1882                                          .74  .77                          
 201 L18346   1551 1654  .57                                                                       
 203 L18349   1842 1925                                                    .73  .61                
 204 L18350   1709 1778                           .71                                              
 208 L18354   1682 1791                      .68  .60                                              
 209 L18355   1743 1811                                .59                                         
 213 L18362   1738 1851                                .50  .65  .62                               
 214 L18363   1828 1971                                                    .67  .60  .51           
 221 L18375   1804 1966                                               .78  .79  .68  .39           
 226 L18385   1792 1939                                          .66  .60  .40  .30B               
 229 L18390   1871 1991                                                         .41  .61  .52      
 232 L18394   1770 1908                                     .60  .74  .66  .69                     
 234 L18396   1536 1664  .35                                                                       
 235 L18398   1796 1903                                          .65  .65  .54                     
 241 L18409   1791 1991                                          .44  .53  .44  .57  .67  .43      
 242 L18410   1639 1774            .66  .73  .72  .35                                              
 243 L18411   1663 1782                 .64  .62  .42                                              
 246 L18415   1648 1791            .60  .77  .63  .46                                              
 247 L18418   1664 1761                 .67  .62                                                   
 249 L18420   1626 1716            .59                                                             
 250 L18421   1628 1785            .67  .75  .72  .70                                              
 253 L18425   1539 1787  .69  .67  .60  .69  .77  .60                                              
 254 L18427   1707 1808                           .69  .77                                         
 257 L18432   1670 1736                 .67                                                        
 258 L18435   1697 1783                      .55  .67                                              
 259 L18436   1805 1966                                               .59  .62  .69  .60           
 260 L18439   1816 1971                                               .38  .50  .57  .57           
 261 L18440   1691 1772                      .64                                                   
 263 L18442   1777 1974                                          .42  .45  .39  .32B .38  .19B     
 264 L18443   1816 1966                                               .47  .51  .59  .70           
 265 L18444   1792 1892                                          .49  .40                          
 266 L18446   1730 1913                                .30B .57  .68  .66  .66                     
 267 L18447   1773 1942                                     .46  .46  .54  .60  .59                
 268 L18450   1748 1899                                     .72  .71  .69  .62                     
 270 L18452   1757 1886                                     .75  .66  .64                          
 271 L18453   1782 1875                                          .60  .56                          
 272 L18454   1778 1875                                          .67  .45                          
 273 L18455   1806 1916                                               .65  .55                     
 274 L18456   1762 1915                                     .68  .71  .72  .71                     
 275 L18457   1752 1875                                     .54  .45  .44                          
 276 L18458   1783 1916                                          .72  .77  .69                     
 277 L18459   1781 1913                                          .72  .71  .64                     
 278 L18460   1698 1768                      .36                                                   
 280 L18462   1678 1769                      .79                                                   
 282 L18465   1780 1904                                          .73  .70  .58                     
 284 L18468   1805 1938                                               .52  .55  .52                
 285 L18469   1832 1940                                                    .65  .68                
 286 L18471   1765 1974                                     .74  .61  .53  .65  .66  .65  .49      
 287 L18472   1742 1965                                .67  .58  .67  .65  .60  .44  .32A          
 288 L18473   1668 1787                 .58  .78  .74                                              
 289 L18474   1774 1979                                          .64  .70  .67  .66  .52  .43      
 291 L18478   1799 1885                                               .59                          
 292 L18480   1634 1722            .75                                                             
 293 L18482   1775 1974                                          .75  .69  .63  .58  .60  .38      
 295 L18491   1659 1752                 .62  .58                                                   
 302 L18498   1716 1780                           .49                                              
 304 L18500   1716 1796                           .50                                              
 307 L18503   1734 1799                                .57                                         
 309 L18507   1717 1780                           .47                                              
 310 L18508   1767 1879                                     .67  .66  .72                          
 311 L18510   1899 1966                                                              .66           
 315 L18516   1744 1852                                .52  .55  .62                               
 320 L18525   1725 1810                                .72                                         
 321 L18527   1593 1652  .65                                                                       
 322 L18528   1554 1663  .66                                                                       
 323 L18530   1739 1872                                .57  .66  .74                               
 327 L18537   1769 1939                                     .36  .46  .41  .50  .63                
 328 L18538   1664 1762                 .80  .70                                                   
 329 L18539   1602 1689       .56                                                                  
 330 L18540   1794 1939                                          .74  .61  .60  .58                
 333 L18544   1620 1748       .62  .62  .72                                                        
 334 L18545   1800 1914                                               .47  .48                     
 336 L18547   1563 1693  .65  .68                                                                  
 338 L18554   1824 1944                                               .09B .59  .66                
 339 L18555   1701 1923                           .43  .43  .66  .65  .47  .59                     
 340 L18556   1567 1729  .53  .63  .54  .59                                                        
 341 L18558   1577 1654  .70                                                                       
 342 L18559   1613 1705       .53  .50                                                             
 343 L18562   1614 1708       .50  .50                                                             
 344 L18564   1737 1878                                .61  .63  .61  .56                          
 345 L18565   1639 1766            .53  .48  .62                                                   
 353 L18577   1797 1862                                          .33A                              
 354 L18578   1632 1780            .32A .56  .64  .63                                              
 355 L18579   1673 1789                 .51  .41  .53                                              
 357 L18582   1493 1663  .72                                                                       
 358 L18584   1735 1908                                .43  .53  .56  .52  .40                     
 361 L18589   1665 1731                 .59                                                        
 365 L18595   1696 1793                      .60  .69                                              
 370 L18600   1567 1729  .57  .46  .56  .66                                                        
 374 L18605   1629 1775            .13B .32A .52  .52                                              
 375 L18606   1712 1805                           .31A .46                                         
 377 L18609   1687 1811                      .22A .37  .58                                         
 380 L18613   1712 1807                           .69  .65                                         
 384 L18618   1696 1844                      .56  .73  .71  .37                                    
 385 L18619   1720 1798                           .59                                              
 386 L18620   1839 1935                                                    .57  .71                
 387 L18621   1577 1673  .71                                                                       
 388 L18622   1689 1798                      .57  .63                                              
 390 L18624   1796 1920                                          .61  .67  .70                     
 393 L18627   1586 1704  .58  .52  .42                                                             
 397 L18632   1565 1658  .66                                                                       
 399 L18635   1726 1815                                .37                                         
 402 L18639   1569 1680  .75  .76                                                                  
 403 L18640   1729 1799                                .57                                         
 405 L18643   1796 1870                                          .67                               
 409 L18648   1554 1665  .54                                                                       
 414 L18656   1583 1658  .67                                                                       
 418 L18662   1599 1675       .59                                                                  
 419 L18663   1556 1673  .71                                                                       
 420 L1801Y   1779 2010                                          .74  .60  .40  .45  .50  .54  .41 
 421 L1802Y   1860 2010                                                         .54  .47  .40B .50 
 422 L1803Y   1861 2010                                                         .59  .58  .49  .54 
 423 L1804Y   1825 2010                                                    .57  .67  .77  .70  .60 
 424 L1805Y   1908 2010                                                                   .24B .55 
 425 L1806Y   1861 2010                                                         .61  .58  .33  .29B
 426 L1807Y   1870 2010                                                         .39  .41  .65  .70 
 427 L1808Y   1860 2010                                                         .49  .37  .54  .47 
 428 L1809Y   1837 2010                                                    .72  .67  .48  .50  .62 
 429 L1810Y   1921 2010                                                                   .26A .63 
 431 L18V02   1838 2011                                                    .40  .53  .64  .67  .49 
 432 L18V03   1898 2011                                                              .73  .64  .59 
 433 L18V04   1910 2011                                                                   .48  .57 
 434 L18V05   1907 2011                                                                   .60  .72 
 435 L18V06   1881 2011                                                              .69  .70  .52 
 436 L18V07   1899 2011                                                              .61  .60  .61 
 437 L18V08   1859 2011                                                         .59  .61  .57  .65 
 438 L18V09   1903 2011                                                                   .34  .47 
 439 L18V10   1878 2011                                                              .46  .45  .48 
 440 L18V11   1839 2011                                                    .61  .73  .64  .65  .50 
 441 L18V12   1844 2011                                                    .64  .61  .57  .64  .64 
 442 L18V13   1935 2011                                                                        .52 
 443 L18V14   1773 2011                                     .55  .72  .74  .66  .64  .71  .72  .62 
 444 L18V15   1824 2011                                               .20B .55  .54  .69  .67  .64 
 Av segment correlation  .64  .60  .57  .62  .61  .56  .56  .57  .63  .57  .58  .57  .56  .52  .55 

 FLAGGED SEGMENTS: cana461
-----------------------------------------------------------------------------------------------------------------------------------
 Seq Series   Segment    Flag  r dated  Best lag  r at lag   Gain  Note
 --- -------- ---------  ----  -------  --------  --------  -----  -----------------
  15 L18016   1850 1899     B     .216        -4      .224   .007  weak at every lag
  25 L18030    950  999     B     .164        10      .269   .105  weak at every lag
  27 L18036   1775 1824     B     .401        -4      .404   .003
  27 L18036   1825 1874     A     .251         0
  92 L18178   1850 1899     B     .189       -10      .291   .103  weak at every lag
 111 L18208   1475 1524     B     .354        -9      .371   .017
 114 L18212   1200 1249     B     .057         5      .242   .185  weak at every lag
 114 L18212   1225 1274     A     .297         0
 116 L18216   1500 1549     B     .451         8      .492   .041
 128 L18234   1775 1824     A     .313         0
 130 L18238   1250 1299     A     .305         0
 139 L18250   1350 1399     B     .286        -9      .302   .016  weak at every lag
 149 L18266   1700 1749     B     .340        -4      .404   .064
 160 L18281   1150 1199     A     .298         0
 172 L18300   1300 1349     B     .248         7      .271   .023  weak at every lag
 199 L18342   1125 1174     A     .302         0
 211 L18359    900  949     B     .351        -6      .365   .014
 211 L18359    925  974     A     .326         0
 211 L18359   1100 1149     A     .319         0
 220 L18373   1000 1049     B     .281         6      .311   .030  weak at every lag
 226 L18385   1875 1924     B     .299       -10      .364   .065
 253 L18425   1550 1599     B     .222         9      .270   .049  weak at every lag
 263 L18442   1875 1924     B     .322         6      .356   .034
 263 L18442   1925 1974     B     .193         7      .354   .161
 266 L18446   1750 1799     B     .298        10      .301   .003  weak at every lag
 287 L18472   1900 1949     A     .323         0
 338 L18554   1825 1874     B     .093         4      .309   .217  weak at every lag
 347 L18568   1175 1224     B     .211         5      .213   .002  weak at every lag
 348 L18569   1500 1549     B     .212        -1      .229   .017  weak at every lag
 353 L18577   1800 1849     A     .328         0
 354 L18578   1650 1699     A     .321         0
 364 L18594   1325 1374     A     .292         0
 371 L18601   1325 1374     B     .283        -8      .404   .121
 373 L18603   1200 1249     A     .302         0
 373 L18603   1225 1274     B     .231        10      .372   .141
 374 L18605   1650 1699     B     .134         3      .367   .233
 374 L18605   1675 1724     A     .315         0
 375 L18606   1725 1774     A     .308         0
 377 L18609   1700 1749     A     .218         0
 378 L18610   1325 1374     B     .422         9      .427   .005
 398 L18633   1325 1374     B     .340         6      .342   .002
 411 L18653   1350 1399     A     .298         0
 421 L1802Y   1925 1974     B     .397        -4      .416   .019
 424 L1805Y   1925 1974     B     .237         2      .301   .064  weak at every lag
 425 L1806Y   1950 1999     B     .290         6      .375   .086
 429 L1810Y   1925 1974     A     .265         0
 444 L18V15   1825 1874     B     .196        -5      .253   .057  weak at every lag

 DESCRIPTIVE STATISTICS: cana461
-----------------------------------------------------------------------------------------------------------------------------------

                                                Corr   //-------- Unfiltered --------\\  //-- dplR filtered --\\
                           No.    No.    No.    with   Mean   Max     Std   Auto   Mean   Max     Std   Auto  AR
 Seq Series   Interval   Years  Segmt  Flags   Master  msmt   msmt    dev   corr   sens  value    dev   corr  ()
 --- -------- ---------  -----  -----  -----   ------ -----  -----  -----  -----  -----  -----  -----  -----  --
   1 L18001   1673 1759     87      2      0    .546    .53    .93   .154   .812   .129   1.35   .146   .011   1
   2 L18002   1595 1675     81      2      0    .651    .49    .99   .147   .687   .187   1.55   .183  -.035   3
   3 L18003    917  969     53      0      0    .581    .65   1.32   .191   .808   .144   1.26   .128   .144   0
   4 L18004   1129 1259    131      3      0    .486    .48    .68   .117   .733   .140   1.53   .157  -.022   3
   5 L18005   1862 1945     84      1      0    .460    .40   1.23   .279   .978   .131   1.29   .125  -.017   2
   6 L18006   1648 1785    138      4      0    .457    .38   1.31   .306   .961   .218   1.75   .224   .020   1
   7 L18007   1517 1607     91      2      0    .681    .43   1.15   .207   .920   .163   1.83   .183  -.009   1
   8 L18008   1526 1618     93      1      0    .587    .40   1.06   .216   .951   .131   1.43   .143   .005   2
   9 L18009   1762 1834     73      1      0    .602    .62   1.26   .285   .910   .144   1.32   .132   .006   1
  10 L18011   1791 1915    125      3      0    .489    .24   1.11   .231   .947   .178   1.47   .169   .008   3
  11 L18012   1416 1527    112      3      0    .637    .34    .82   .165   .891   .179   1.41   .177   .008   2
  12 L18013   1530 1642    113      2      0    .541    .28    .73   .157   .934   .141   1.37   .137   .012   1
  13 L18014   1442 1576    135      4      0    .620    .27    .51   .070   .701   .158   1.39   .159  -.004   1
  14 L18015   1007 1121    115      2      0    .540    .37    .94   .161   .927   .135   1.40   .124   .111   0
  15 L18016   1716 1899    184      6      1    .425    .25    .64   .147   .944   .168   1.60   .177  -.034   1
  16 L18017   1534 1649    116      3      0    .519    .19    .51   .100   .929   .177   1.47   .176   .004   2
  17 L18018   1402 1500     99      2      0    .662    .29    .74   .138   .838   .190   1.50   .200   .002   1
  18 L18019   1298 1398    101      2      0    .585    .45   1.30   .236   .883   .172   1.46   .168   .004   1
  19 L18022   1500 1617    118      2      0    .480    .38    .70   .142   .875   .151   1.72   .148  -.019   1
  20 L18023    990 1145    156      4      0    .648    .49    .90   .156   .824   .146   1.38   .145   .003   2
  21 L18024   1531 1628     98      2      0    .537    .53   1.50   .232   .893   .141   1.42   .136   .017   2
  22 L18025   1545 1632     88      2      0    .616    .50   1.18   .223   .925   .126   1.32   .126  -.000   1
  23 L18026   1752 1822     71      0      0    .452   1.12   2.89   .774   .965   .128   1.45   .137  -.015   2
  24 L18027   1091 1169     79      1      0    .810    .41    .96   .174   .924   .133   1.26   .123  -.044   1
  25 L18030    898 1010    113      2      1    .422    .22    .66   .141   .935   .149   1.54   .141   .031   3
  26 L18035   1736 1809     74      1      0    .568    .66   1.95   .424   .964   .108   1.25   .109   .018   1
  27 L18036   1753 1875    123      3      2    .408    .34   2.00   .387   .971   .130   1.37   .133   .012   3
  28 L18039   1503 1592     90      1      0    .606    .43   1.32   .318   .972   .124   1.36   .135   .066   1
  29 L18041   1109 1180     72      1      0    .387    .47   1.58   .334   .913   .162   1.38   .143  -.063   3
  30 L18042    933 1028     96      2      0    .621    .35    .81   .092   .729   .128   1.35   .136   .032   1
  31 L18045   1740 1829     90      2      0    .466    .44   1.26   .250   .953   .128   1.48   .133  -.038   1
  32 L18046   1036 1089     54      0      0    .626   1.08   2.39   .384   .866   .132   1.30   .131   .028   1
  33 L18047   1574 1649     76      2      0    .670    .62   1.28   .158   .661   .143   1.49   .150  -.013   1
  34 L18049    980 1094    115      2      0    .529    .59    .95   .133   .659   .150   1.38   .157  -.020   1
  35 L18050   1770 1901    132      4      0    .639    .29   1.14   .223   .966   .154   1.51   .163   .033   1
  36 L18051   1654 1739     86      1      0    .584    .58   1.03   .236   .890   .142   1.44   .140   .032   2
  37 L18053   1497 1560     64      1      0    .418    .56   1.02   .224   .943   .113   1.30   .111  -.011   2
  38 L18054    874  963     90      1      0    .581    .40   1.02   .236   .940   .144   1.35   .151   .017   2
  39 L18055    853  914     62      0      0    .561    .63   1.22   .217   .810   .136   1.36   .134   .142   0
  40 L18056   1428 1502     75      1      0    .494    .81   1.72   .488   .923   .175   1.48   .170   .093   1
  41 L18057    804  961    158      4      0    .510    .46    .79   .138   .852   .141   1.36   .143   .014   1
  42 L18058    844  925     82      2      0    .435    .68   1.60   .338   .916   .142   1.44   .151   .058   1
  43 L18059   1448 1551    104      3      0    .636    .68   1.29   .163   .788   .117   1.41   .110   .054   1
  44 L18060   1521 1621    101      2      0    .571    .54   1.23   .240   .902   .152   1.45   .164  -.019   3
  45 L18061   1571 1652     82      2      0    .716    .56   1.31   .265   .901   .174   1.43   .165  -.005   1
  46 L18062   1712 1842    131      3      0    .394    .33   1.40   .254   .939   .179   1.44   .198  -.020   1
  47 L18063   1141 1242    102      2      0    .384    .32   1.15   .282   .953   .170   1.48   .163   .010   1
  48 L18066    904 1005    102      2      0    .600    .31   1.05   .181   .914   .158   1.39   .156  -.002   1
  49 L18067   1075 1173     99      1      0    .616    .42    .69   .099   .735   .136   1.43   .129  -.002   3
  50 L18068   1041 1122     82      1      0    .660    .47    .73   .111   .761   .132   1.31   .129   .009   2
  51 L18102   1674 1767     94      1      0    .560    .45    .95   .151   .739   .199   1.47   .199   .010   2
  52 L18105   1622 1734    113      3      0    .622    .30   1.38   .253   .944   .202   1.55   .209   .081   1
  53 L18106   1639 1713     75      1      0    .689    .60   1.45   .219   .823   .167   1.45   .170  -.013   3
  54 L18109   1611 1712    102      2      0    .565    .33    .97   .205   .936   .169   1.38   .152   .137   0
  55 L18110   1863 1957     95      2      0    .377    .22    .68   .183   .973   .136   1.42   .136   .041   1
  56 L18111   1125 1197     73      0      0    .449    .41    .85   .103   .679   .134   1.44   .123   .124   3
  57 L18113   1618 1704     87      2      0    .544    .35    .92   .178   .884   .191   1.44   .195  -.072   1
  58 L18114   1036 1150    115      3      0    .707    .40    .85   .164   .874   .167   1.36   .153  -.023   1
  59 L18115   1089 1144     56      0      0    .665    .54   1.19   .198   .740   .192   1.48   .173   .024   0
  60 L18116   1779 1925    147      4      0    .550    .29   1.26   .261   .969   .149   1.48   .153  -.007   2
  61 L18117   1806 1989    184      5      0    .604    .30    .53   .092   .859   .118   1.59   .128   .028   1
  62 L18119   1654 1721     68      0      0    .611    .45    .93   .176   .791   .178   1.49   .199   .016   1
  63 L18120   1651 1726     76      1      0    .587    .38    .90   .158   .799   .182   1.93   .200  -.035   1
  64 L18121   1651 1727     77      1      0    .539    .56   1.43   .235   .875   .166   1.61   .170  -.002   3
  65 L18122   1639 1708     70      1      0    .680    .62   1.43   .183   .758   .137   1.37   .153  -.060   1
  66 L18125   1633 1698     66      0      0    .424    .67   1.55   .252   .755   .214   1.51   .189   .021   2
  67 L18129   1841 1937     97      2      0    .636    .36    .86   .137   .879   .130   1.37   .136   .043   1
  68 L18131   1844 1931     88      2      0    .488    .42    .93   .187   .892   .144   1.61   .167   .060   3
  69 L18134   1830 1946    117      2      0    .533    .33    .68   .139   .903   .148   1.51   .157   .027   1
  70 L18135   1658 1719     62      0      0    .679    .74   1.20   .252   .842   .196   1.42   .172   .039   2
  71 L18136   1632 1729     98      2      0    .631    .62   1.19   .234   .881   .168   1.35   .164   .079   1
  72 L18138   1078 1141     64      0      0    .433    .54   1.54   .285   .925   .166   1.44   .162   .120   0
  73 L18139   1793 1928    136      4      0    .642    .50   1.67   .320   .925   .151   1.34   .153   .018   1
  74 L18141   1041 1106     66      1      0    .498    .41   1.29   .248   .927   .165   1.28   .169  -.008   2
  75 L18142   1014 1073     60      0      0    .556   1.02   2.23   .371   .862   .147   1.34   .132  -.009   0
  76 L18143   1821 1918     98      2      0    .512    .43   1.15   .214   .908   .139   1.37   .138   .002   2
  77 L18144   1815 1902     88      2      0    .435    .36    .98   .168   .888   .139   1.37   .130  -.020   2
  78 L18145   1787 1926    140      4      0    .664    .46   1.25   .272   .949   .135   1.41   .136  -.004   1
  79 L18147   1723 1784     62      1      0    .536    .61   1.34   .267   .870   .152   1.33   .146  -.016   1
  80 L18148    753  809     57      0      0    .361    .63    .83   .102   .440   .142   1.23   .114  -.044   2
  81 L18150   1721 1820    100      2      0    .508    .66   1.14   .250   .894   .138   1.53   .159   .014   1
  82 L18152   1735 1799     65      1      0    .644    .67   1.22   .176   .755   .135   1.41   .151   .005   1
  83 L18161   1657 1716     60      0      0    .698    .56   1.08   .145   .687   .151   1.40   .140   .120   2
  84 L18162   1516 1616    101      2      0    .539    .45    .95   .172   .898   .144   1.44   .145  -.011   3
  85 L18163   1658 1749     92      2      0    .619    .33    .55   .098   .829   .133   1.43   .130   .099   0
  86 L18168   1383 1448     66      0      0    .369    .67   1.48   .305   .938   .119   1.32   .110   .103   0
  87 L18170   1159 1219     61      0      0    .455    .50   1.40   .248   .886   .152   1.51   .142   .017   0
  88 L18171   1793 1905    113      3      0    .514    .25   1.45   .279   .975   .160   1.66   .170   .125   0
  89 L18172   1126 1211     86      1      0    .603    .33    .66   .128   .885   .144   1.50   .145   .035   1
  90 L18175   1750 1902    153      4      0    .546    .36   1.36   .358   .973   .180   1.62   .186  -.027   1
  91 L18177   1738 1813     76      1      0    .604    .69   1.33   .278   .898   .137   1.29   .145  -.095   1
  92 L18178   1804 1899     96      2      1    .325    .31   1.32   .272   .949   .154   1.42   .156   .056   1
  93 L18179   1103 1202    100      2      0    .646    .53   1.19   .172   .760   .162   1.44   .159   .008   1
  94 L18180   1779 1874     96      2      0    .508    .44   2.10   .390   .951   .156   1.26   .146   .017   1
  95 L18181   1779 1880    102      2      0    .438    .52   1.66   .440   .953   .153   1.56   .153  -.014   1
  96 L18184   1748 1848    101      2      0    .663    .34   1.14   .198   .940   .135   1.38   .147   .046   1
  97 L18185   1496 1587     92      2      0    .616    .42   1.16   .199   .907   .151   1.35   .145  -.032   1
  98 L18187   1713 1765     53      0      0    .567    .55    .95   .194   .792   .183   1.44   .198   .027   1
  99 L18188   1718 1796     79      1      0    .520    .52   1.50   .361   .939   .165   1.40   .165   .047   1
 100 L18189   1415 1531    117      3      0    .586    .46   1.03   .217   .906   .159   1.50   .161   .026   1
 101 L18190    976 1129    154      4      0    .580    .34    .76   .111   .884   .132   1.29   .128   .018   2
 102 L18192   1778 1921    144      3      0    .521    .24   1.19   .227   .955   .161   1.38   .158   .032   1
 103 L18193   1739 1824     86      2      0    .648    .55   2.25   .491   .966   .164   1.37   .168  -.009   1
 104 L18195   1460 1533     74      1      0    .412    .46    .98   .202   .841   .157   1.42   .146   .024   0
 105 L18196   1591 1659     69      1      0    .423    .54   1.06   .220   .836   .157   1.36   .162  -.021   1
 106 L18197   1454 1548     95      1      0    .558    .38    .52   .067   .469   .148   1.40   .145   .030   1
 107 L18202   1554 1640     87      1      0    .627    .43    .94   .208   .925   .149   1.42   .159   .055   1
 108 L18203   1809 1933    125      3      0    .557    .27   1.29   .241   .963   .134   1.38   .141   .008   2
 109 L18204    597  669     73      1      0    .574    .65   1.18   .239   .878   .121   1.27   .128   .030   1
 110 L18207   1440 1517     78      1      0    .542    .35    .58   .073   .465   .180   1.40   .166  -.001   3
 111 L18208   1459 1592    134      3      1    .400    .33    .74   .093   .769   .149   1.36   .156   .036   1
 112 L18209   1436 1509     74      1      0    .543    .71   1.35   .217   .829   .132   1.52   .155   .005   1
 113 L18210   1453 1543     91      1      0    .587    .42    .62   .088   .521   .167   1.41   .166   .031   1
 114 L18212   1196 1281     86      2      2    .224    .50   1.21   .193   .784   .167   1.83   .206  -.021   1
 115 L18215   1794 1976    183      6      0    .552    .22   1.21   .220   .971   .149   1.40   .148   .037   1
 116 L18216   1438 1588    151      4      1    .417    .24    .69   .118   .860   .179   1.64   .200   .050   1
 117 L18218   1529 1612     84      1      0    .621    .21    .47   .067   .709   .189   1.64   .198  -.013   1
 118 L18219   1445 1550    106      3      0    .482    .24    .52   .080   .805   .163   1.66   .184   .019   1
 119 L18223   1836 1991    156      4      0    .480    .21    .77   .152   .956   .120   1.39   .125  -.048   1
 120 L18224   1513 1677    165      5      0    .583    .23    .53   .098   .827   .197   1.65   .200  -.003   3
 121 L18226   1451 1534     84      1      0    .684    .32    .73   .115   .795   .180   1.38   .176   .011   2
 122 L18228   1635 1705     71      1      0    .690    .49    .95   .166   .832   .150   1.45   .156  -.005   1
 123 L18229   1543 1669    127      3      0    .696    .30    .71   .111   .796   .193   1.68   .192   .008   1
 124 L18230   1502 1661    160      4      0    .548    .36    .90   .151   .894   .163   1.53   .172  -.012   2
 125 L18231   1381 1539    159      4      0    .601    .25    .64   .100   .795   .189   1.55   .192  -.014   3
 126 L18232   1875 1975    101      2      0    .607    .33    .99   .182   .917   .152   1.44   .146   .007   1
 127 L18233   1733 1834    102      2      0    .427    .32    .74   .106   .832   .128   1.47   .142   .030   2
 128 L18234   1761 1828     68      1      1    .337    .30    .77   .161   .860   .178   1.55   .188   .019   1
 129 L18236   1366 1462     97      2      0    .528    .28    .49   .088   .860   .128   1.26   .117  -.029   3
 130 L18238   1193 1309    117      3      1    .369    .28    .68   .104   .837   .140   1.48   .146  -.012   1
 131 L18239   1820 1883     64      1      0    .456    .45   1.23   .321   .959   .126   1.35   .135   .010   1
 132 L18240   1821 1940    120      3      0    .588    .35    .83   .186   .957   .122   1.49   .129   .033   1
 133 L18241   1511 1600     90      2      0    .655    .36    .72   .118   .842   .146   1.87   .163  -.008   1
 134 L18242   1735 1800     66      1      0    .534    .50   1.44   .299   .878   .209   1.73   .219   .050   1
 135 L18244   1467 1538     72      1      0    .481    .40    .60   .096   .694   .157   1.34   .137   .031   0
 136 L18245   1011 1142    132      3      0    .539    .23    .41   .076   .862   .146   1.95   .173   .082   2
 137 L18246   1425 1560    136      3      0    .514    .42    .79   .135   .855   .138   1.44   .153  -.026   3
 138 L18249   1039 1138    100      2      0    .559    .31    .99   .233   .917   .185   1.57   .202  -.053   1
 139 L18250   1328 1422     95      1      1    .326    .40    .76   .156   .868   .155   1.46   .164  -.014   1
 140 L18252   1613 1684     72      1      0    .599    .25    .53   .114   .893   .167   1.68   .178   .032   3
 141 L18254   1582 1646     65      0      0    .617    .47   1.65   .334   .900   .208   1.37   .198   .007   1
 142 L18255    841  942    102      2      0    .548    .32   1.09   .163   .876   .149   1.44   .157  -.015   1
 143 L18257    736  842    107      1      0    .436    .37    .90   .178   .930   .154   1.42   .162  -.007   2
 144 L18258   1546 1632     87      2      0    .622    .35    .79   .161   .939   .142   1.46   .147   .040   1
 145 L18260   1104 1166     63      0      0    .473    .28    .62   .127   .781   .202   1.48   .189   .122   0
 146 L18262   1737 1801     65      1      0    .469   1.16   2.12   .541   .926   .144   1.38   .149   .008   1
 147 L18263   1614 1719    106      2      0    .576    .36    .73   .128   .868   .145   1.39   .141  -.006   1
 148 L18264   1447 1502     56      1      0    .724    .74   1.64   .323   .917   .143   1.26   .122  -.017   0
 149 L18266   1682 1756     75      1      1    .283    .30    .85   .207   .814   .277   2.26   .291  -.026   1
 150 L18268   1019 1115     97      2      0    .632    .38    .64   .088   .708   .141   1.35   .135   .002   1
 151 L18269   1540 1648    109      2      0    .642    .16    .48   .079   .850   .202   1.46   .196  -.008   3
 152 L18270   1072 1163     92      2      0    .428    .43    .60   .095   .477   .182   1.42   .165   .039   0
 153 L18271   1075 1212    138      4      0    .591    .26    .98   .174   .947   .174   1.43   .152   .037   0
 154 L18272   1724 1785     62      0      0    .714    .55    .89   .120   .668   .129   1.39   .146   .022   2
 155 L18274   1719 1838    120      3      0    .490    .29    .77   .170   .899   .194   1.55   .191  -.007   1
 156 L18275   1661 1808    148      4      0    .594    .29    .63   .101   .768   .176   1.75   .196  -.015   1
 157 L18276   1744 1813     70      1      0    .462    .30    .92   .175   .884   .200   1.51   .197  -.065   3
 158 L18278   1615 1762    148      4      0    .622    .24    .88   .173   .923   .188   1.33   .186  -.013   1
 159 L18279   1627 1734    108      2      0    .576    .22    .58   .126   .927   .169   1.50   .171  -.007   1
 160 L18281   1119 1267    149      4      1    .357    .28    .76   .123   .907   .142   1.40   .146   .036   2
 161 L18283   1830 1914     85      1      0    .406    .27    .69   .168   .925   .173   1.32   .162  -.116   2
 162 L18286   1640 1711     72      1      0    .543    .51    .81   .176   .862   .160   1.49   .171  -.016   2
 163 L18288   1268 1331     64      1      0    .449    .40    .81   .137   .732   .190   1.42   .192   .067   1
 164 L18289   1097 1190     94      2      0    .672    .43    .80   .123   .794   .149   1.38   .129  -.002   0
 165 L18290   1060 1153     94      2      0    .586    .47    .73   .108   .786   .127   1.36   .128  -.006   1
 166 L18291   1794 1897    104      2      0    .582    .29   1.56   .356   .945   .184   1.44   .180   .041   2
 167 L18292   1046 1117     72      1      0    .510    .75   1.82   .466   .912   .190   1.50   .189   .140   0
 168 L18293    926 1018     93      1      0    .520    .38    .91   .218   .916   .190   1.46   .204  -.019   1
 169 L18294   1783 1895    113      2      0    .603    .41   1.05   .275   .958   .136   1.38   .138   .012   3
 170 L18298   1515 1592     78      1      0    .553    .39   1.24   .263   .979   .110   1.41   .125  -.020   1
 171 L18299    926  998     73      0      0    .572    .48   1.14   .190   .770   .174   1.47   .175   .014   1
 172 L18300   1289 1403    115      3      1    .254    .49    .91   .189   .868   .139   1.40   .144   .022   1
 173 L18301    976 1039     64      0      0    .586    .85   1.48   .303   .935   .103   1.35   .111   .055   1
 174 L18302   1615 1689     75      1      0    .604    .53   1.31   .276   .958   .120   1.35   .114   .016   3
 175 L18305   1621 1694     74      1      0    .485    .51   1.62   .302   .898   .171   1.45   .165  -.026   3
 176 L18306   1438 1499     62      1      0    .797    .51   1.22   .250   .833   .191   1.53   .220  -.038   1
 177 L18307   1554 1613     60      0      0    .792    .87   1.78   .350   .887   .164   1.40   .171  -.042   1
 178 L18309   1783 1922    140      3      0    .630    .26    .90   .181   .951   .152   1.41   .153  -.027   3
 179 L18310   1439 1524     86      2      0    .683    .60   1.71   .320   .898   .198   1.41   .190   .013   1
 180 L18312   1015 1129    115      3      0    .553    .42    .99   .158   .854   .151   1.36   .148  -.031   3
 181 L18313    986 1055     70      1      0    .363    .44   1.02   .181   .837   .154   1.36   .155   .044   1
 182 L18314   1771 1863     93      2      0    .366    .34   1.01   .211   .957   .144   1.41   .131  -.062   3
 183 L18316    934 1059    126      3      0    .568    .35   1.03   .189   .857   .217   1.85   .227   .013   1
 184 L18317   1797 1862     66      1      0    .688    .70   1.57   .351   .934   .126   1.23   .124   .029   1
 185 L18319   1834 1966    133      3      0    .435    .20    .98   .188   .962   .184   1.73   .179   .010   1
 186 L18320   1784 1917    134      3      0    .511    .29    .58   .143   .914   .146   1.53   .154   .023   1
 187 L18322   1036 1140    105      2      0    .590    .46    .75   .099   .633   .145   1.42   .137  -.003   3
 188 L18324    984 1056     73      1      0    .426    .71   1.41   .245   .927   .106   1.22   .091   .034   0
 189 L18325   1741 1884    144      4      0    .417    .27    .56   .107   .814   .190   1.74   .207   .039   1
 190 L18327   1555 1623     69      0      0    .684    .40    .69   .105   .672   .163   1.46   .167   .015   2
 191 L18328   1557 1638     82      1      0    .694    .34    .57   .095   .775   .154   1.31   .151  -.011   1
 192 L18329   1783 1884    102      2      0    .611    .26    .83   .179   .953   .147   1.57   .158   .038   1
 193 L18330   1543 1607     65      1      0    .573    .42   1.32   .229   .804   .199   1.51   .210   .026   1
 194 L18331   1531 1602     72      1      0    .660    .46   1.28   .262   .935   .163   1.53   .186  -.016   1
 195 L18337   1110 1190     81      1      0    .524    .38   1.23   .207   .803   .176   1.64   .185   .014   2
 196 L18338   1080 1136     57      0      0    .171    .52   1.33   .277   .876   .190   1.53   .193  -.000   1
 197 L18339   1611 1667     57      0      0    .592    .52   1.34   .368   .956   .150   1.41   .150   .180   0
 198 L18341   1842 1918     77      1      0    .463    .28    .82   .145   .918   .125   1.33   .134  -.049   3
 199 L18342   1123 1212     90      2      1    .329    .40   1.03   .184   .903   .147   1.37   .146   .129   0
 200 L18344   1784 1882     99      2      0    .670    .35   1.38   .227   .935   .150   1.43   .160   .040   1
 201 L18346   1551 1654    104      2      0    .454    .41    .97   .206   .898   .152   1.44   .166   .045   1
 202 L18347    920  995     76      1      0    .501    .59   1.13   .177   .857   .129   1.33   .119   .151   0
 203 L18349   1842 1925     84      2      0    .573    .45   1.45   .253   .890   .155   1.52   .152  -.085   3
 204 L18350   1709 1778     70      1      0    .602    .52   1.37   .323   .923   .185   1.45   .175   .028   2
 205 L18351   1665 1723     59      0      0    .738   1.19   1.77   .314   .794   .141   1.27   .131  -.038   2
 206 L18352   1415 1513     99      2      0    .534    .58   1.51   .344   .937   .164   1.48   .178   .032   1
 207 L18353   1078 1212    135      3      0    .715    .36   1.01   .160   .917   .143   1.28   .136  -.021   1
 208 L18354   1682 1791    110      2      0    .634    .57   1.65   .280   .902   .159   1.43   .161  -.039   1
 209 L18355   1743 1811     69      1      0    .450    .78   1.80   .482   .909   .164   1.36   .164   .090   3
 210 L18356   1465 1516     52      0      0    .553    .96   2.00   .315   .668   .183   1.47   .211   .099   1
 211 L18359    898 1165    268      9      3    .369    .17    .46   .063   .847   .176   1.60   .178   .033   1
 212 L18361   1474 1525     52      1      0    .529    .97   1.47   .226   .628   .153   1.40   .175   .077   1
 213 L18362   1738 1851    114      3      0    .536    .39    .88   .244   .968   .136   1.49   .143  -.012   1
 214 L18363   1828 1971    144      3      0    .550    .24   1.07   .155   .965   .115   1.35   .120  -.017   1
 215 L18364    902 1013    112      2      0    .564    .41    .75   .145   .863   .150   1.31   .151  -.018   1
 216 L18368   1083 1192    110      2      0    .653    .44    .78   .134   .765   .161   1.47   .167   .021   2
 217 L18369    826  926    101      2      0    .496    .35   1.24   .249   .968   .154   1.53   .164   .016   1
 218 L18370    945 1081    137      4      0    .622    .27    .81   .154   .933   .150   1.33   .143  -.004   1
 219 L18372    932 1129    198      6      0    .558    .32    .88   .166   .929   .152   1.33   .134  -.027   3
 220 L18373    958 1054     97      2      1    .245    .49    .91   .201   .879   .153   1.47   .166   .086   1
 221 L18375   1804 1966    163      4      0    .588    .27   1.28   .188   .958   .132   1.52   .135  -.016   1
 222 L18380    908  971     64      0      0    .543    .36   1.08   .201   .918   .137   1.33   .132   .035   1
 223 L18382   1088 1171     84      1      0    .496    .28    .97   .187   .942   .173   1.43   .162   .036   1
 224 L18383    921 1036    116      3      0    .496    .24    .84   .187   .969   .139   1.39   .127   .011   1
 225 L18384    897 1027    131      4      0    .507    .32   1.02   .165   .937   .140   1.29   .135  -.006   1
 226 L18385   1792 1939    148      4      1    .526    .27    .78   .146   .936   .133   1.38   .129  -.035   3
 227 L18387   1108 1240    133      3      0    .615    .35    .67   .097   .722   .148   1.38   .149  -.004   1
 228 L18389   1432 1491     60      0      0    .401    .29    .83   .153   .879   .163   1.67   .170  -.025   1
 229 L18390   1871 1991    121      3      0    .467    .39   1.09   .196   .907   .142   1.33   .132  -.006   2
 230 L18391    959 1099    141      4      0    .587    .23    .45   .078   .829   .160   1.54   .156   .017   1
 231 L18393   1775 1845     71      0      0    .619    .53   1.73   .421   .960   .142   1.35   .142  -.044   1
 232 L18394   1770 1908    139      4      0    .637    .43   1.70   .385   .973   .141   1.51   .146   .025   1
 233 L18395   1067 1141     75      1      0    .662    .44    .91   .157   .804   .138   1.45   .136  -.009   0
 234 L18396   1536 1664    129      3      0    .386    .38    .85   .186   .897   .180   1.48   .186  -.015   2
 235 L18398   1796 1903    108      3      0    .567    .19    .91   .176   .971   .144   1.56   .155   .036   1
 236 L18399    965 1184    220      7      0    .609    .21    .42   .056   .792   .138   1.38   .141  -.008   1
 237 L18400   1095 1157     63      1      0    .560    .51    .99   .156   .524   .218   1.53   .206   .085   0
 238 L18401    939 1016     78      1      0    .581    .47    .76   .119   .643   .174   1.34   .162   .153   0
 239 L18406   1811 1867     57      0      0    .349    .48    .85   .130   .716   .145   1.52   .162   .043   1
 240 L18408   1525 1601     77      1      0    .612    .44    .98   .193   .860   .174   1.55   .185  -.008   2
 241 L18409   1791 1991    201      6      0    .480    .21    .51   .112   .926   .147   1.55   .157  -.026   3
 242 L18410   1639 1774    136      4      0    .495    .25    .62   .084   .752   .189   1.68   .198   .042   1
 243 L18411   1663 1782    120      3      0    .468    .26    .54   .107   .802   .231   1.76   .224  -.020   2
 244 L18412   1495 1557     63      1      0    .633    .54   1.55   .363   .952   .152   1.46   .163   .047   1
 245 L18413   1042 1161    120      3      0    .628    .33    .56   .068   .624   .142   1.44   .144   .020   1
 246 L18415   1648 1791    144      4      0    .491    .28   1.08   .225   .957   .210   1.74   .216   .014   1
 247 L18418   1664 1761     98      2      0    .568    .29   1.06   .228   .930   .193   1.42   .192   .034   1
 248 L18419   1531 1639    109      2      0    .486    .28    .79   .173   .907   .190   1.62   .188  -.008   2
 249 L18420   1626 1716     91      1      0    .518    .50   1.01   .186   .851   .145   1.73   .166  -.024   1
 250 L18421   1628 1785    158      4      0    .656    .28    .79   .148   .913   .174   1.49   .178   .022   1
 251 L18422   1052 1120     69      0      0    .487    .59   1.85   .313   .888   .125   1.45   .129   .107   1
 252 L18424   1703 1762     60      0      0    .376    .76   1.57   .367   .949   .128   1.46   .141  -.008   2
 253 L18425   1539 1787    249      8      1    .504    .28    .74   .130   .880   .171   1.55   .172  -.020   1
 254 L18427   1707 1808    102      2      0    .612    .47   1.59   .298   .945   .141   1.34   .139  -.016   1
 255 L18429   1035 1093     59      0      0    .518    .46   1.34   .341   .954   .174   1.56   .181  -.022   1
 256 L18430   1028 1108     81      1      0    .600    .64   1.12   .170   .789   .139   1.25   .134  -.021   1
 257 L18432   1670 1736     67      1      0    .629    .78   1.40   .242   .756   .155   1.70   .170   .029   1
 258 L18435   1697 1783     87      2      0    .571    .45    .98   .150   .813   .161   1.40   .151   .113   0
 259 L18436   1805 1966    162      4      0    .568    .31   1.92   .313   .965   .128   1.36   .133  -.015   1
 260 L18439   1816 1971    156      4      0    .377    .26    .84   .146   .897   .146   1.44   .156   .079   1
 261 L18440   1691 1772     82      1      0    .564    .68   1.79   .276   .889   .115   1.33   .105   .014   2
 262 L18441   1440 1492     53      0      0    .542    .88   1.83   .460   .948   .137   1.40   .161   .110   1
 263 L18442   1777 1974    198      6      2    .372    .26    .91   .171   .930   .155   1.50   .172   .007   1
 264 L18443   1816 1966    151      4      0    .457    .29   1.26   .194   .920   .137   1.56   .150  -.005   3
 265 L18444   1792 1892    101      2      0    .453    .37   1.37   .268   .949   .129   1.53   .148   .013   2
 266 L18446   1730 1913    184      5      1    .542    .42   1.37   .212   .919   .138   1.32   .138  -.002   2
 267 L18447   1773 1942    170      5      0    .533    .27    .69   .117   .878   .157   1.53   .166   .049   1
 268 L18450   1748 1899    152      4      0    .690    .43   1.50   .327   .956   .155   1.39   .151   .033   3
 269 L18451    953 1039     87      1      0    .622    .45    .69   .108   .721   .145   1.36   .137   .033   3
 270 L18452   1757 1886    130      3      0    .609    .45   1.39   .312   .940   .157   1.40   .157   .033   1
 271 L18453   1782 1875     94      2      0    .620    .33    .87   .173   .919   .125   1.29   .126   .079   3
 272 L18454   1778 1875     98      2      0    .628    .41   1.06   .237   .943   .138   1.40   .146  -.049   1
 273 L18455   1806 1916    111      2      0    .570    .38   1.28   .271   .958   .139   1.38   .144   .057   1
 274 L18456   1762 1915    154      4      0    .642    .34   1.28   .234   .937   .150   1.52   .155   .029   1
 275 L18457   1752 1875    124      3      0    .528    .55   1.73   .458   .965   .144   1.52   .140   .010   2
 276 L18458   1783 1916    134      3      0    .627    .30   1.31   .197   .898   .143   1.69   .163   .013   1
 277 L18459   1781 1913    133      3      0    .663    .29    .82   .150   .899   .143   1.41   .139   .018   1
 278 L18460   1698 1768     71      1      0    .462    .53   1.09   .247   .887   .168   1.44   .153   .057   2
 279 L18461    972 1130    159      5      0    .480    .32   1.56   .239   .975   .113   1.30   .108   .001   1
 280 L18462   1678 1769     92      1      0    .671    .71   1.98   .457   .932   .157   1.35   .153  -.006   1
 281 L18464   1022 1146    125      3      0    .610    .62   1.47   .216   .858   .154   1.60   .161   .078   1
 282 L18465   1780 1904    125      3      0    .579    .34   1.73   .411   .968   .164   1.73   .182   .005   1
 283 L18467   1053 1171    119      2      0    .642    .52   1.70   .281   .939   .150   1.37   .149   .025   1
 284 L18468   1805 1938    134      3      0    .457    .34    .68   .138   .887   .154   1.39   .163   .041   1
 285 L18469   1832 1940    109      2      0    .624    .34    .99   .200   .926   .149   1.44   .148   .024   1
 286 L18471   1765 1974    210      7      0    .594    .29   1.25   .173   .944   .133   1.44   .133   .032   1
 287 L18472   1742 1965    224      7      1    .569    .24    .95   .175   .963   .125   1.35   .130   .018   1
 288 L18473   1668 1787    120      3      0    .599   1.02   2.21   .529   .936   .141   1.38   .137   .040   1
 289 L18474   1774 1979    206      6      0    .557    .22    .66   .109   .926   .151   1.54   .146  -.006   3
 290 L18476   1662 1722     61      0      0    .635    .88   1.57   .268   .867   .117   1.25   .122   .022   1
 291 L18478   1799 1885     87      1      0    .602    .42   1.68   .386   .943   .138   1.30   .133   .102   3
 292 L18480   1634 1722     89      1      0    .700    .49    .85   .147   .751   .173   1.44   .173   .019   1
 293 L18482   1775 1974    200      6      0    .565    .54   2.56   .516   .968   .128   1.39   .132   .025   1
 294 L18483   1495 1631    137      4      0    .684    .58   1.80   .324   .938   .149   1.52   .156   .027   1
 295 L18491   1659 1752     94      2      0    .607    .43    .95   .207   .867   .181   1.47   .192   .016   1
 296 L18492    978 1141    164      4      0    .596    .23    .46   .075   .812   .156   1.47   .156   .010   1
 297 L18493    912  985     74      1      0    .631    .47    .91   .142   .814   .135   1.30   .119   .037   0
 298 L18494   1354 1435     82      1      0    .417    .59   1.97   .455   .978   .129   1.37   .142  -.059   1
 299 L18495   1040 1094     55      0      0    .650    .56   1.04   .190   .811   .143   1.32   .150   .164   0
 300 L18496    901  966     66      0      0    .586    .69   1.72   .358   .935   .151   1.34   .132  -.160   0
 301 L18497   1144 1208     65      1      0    .527    .49   1.18   .154   .771   .149   1.48   .150   .154   0
 302 L18498   1716 1780     65      1      0    .497    .60   1.52   .285   .899   .164   1.34   .150   .001   1
 303 L18499    774  828     55      1      0    .354   1.02   2.02   .492   .893   .146   1.76   .169   .075   1
 304 L18500   1716 1796     81      1      0    .440    .53   1.72   .263   .917   .113   1.37   .123  -.022   1
 305 L18501    896  968     73      1      0    .578    .39    .73   .106   .764   .145   1.30   .151   .007   2
 306 L18502   1069 1123     55      0      0    .554    .45   1.34   .319   .892   .189   1.32   .167  -.041   3
 307 L18503   1734 1799     66      1      0    .588    .49   1.23   .251   .946   .133   1.24   .127   .020   3
 308 L18505    814  881     68      1      0    .335    .79   2.53   .547   .966   .125   1.33   .126   .039   1
 309 L18507   1717 1780     64      1      0    .485    .39   1.11   .218   .828   .207   1.62   .209   .011   2
 310 L18508   1767 1879    113      3      0    .652    .49   1.57   .333   .945   .151   1.50   .163   .032   1
 311 L18510   1899 1966     68      1      0    .551    .42   1.15   .200   .907   .144   1.42   .141   .004   1
 312 L18511   1115 1200     86      2      0    .697    .43    .90   .119   .697   .153   1.48   .155   .139   0
 313 L18512   1028 1106     79      1      0    .538    .62   1.97   .382   .927   .148   1.43   .146   .017   1
 314 L18513    915 1026    112      3      0    .611    .44   1.23   .195   .914   .108   1.37   .123  -.002   1
 315 L18516   1744 1852    109      3      0    .507    .29    .98   .206   .970   .133   1.47   .150  -.014   1
 316 L18517   1506 1621    116      2      0    .414    .45   1.66   .365   .966   .158   1.40   .152   .026   1
 317 L18520    963 1032     70      1      0    .454    .49   1.20   .266   .946   .131   1.25   .125   .003   2
 318 L18521   1085 1170     86      1      0    .605    .44   1.38   .248   .904   .171   1.34   .154  -.015   1
 319 L18522   1651 1712     62      0      0    .444    .77   1.78   .318   .753   .195   1.39   .180   .029   3
 320 L18525   1725 1810     86      1      0    .586    .46   1.19   .181   .876   .122   1.42   .124  -.014   3
 321 L18527   1593 1652     60      1      0    .591    .55   1.51   .246   .753   .161   1.46   .154  -.077   0
 322 L18528   1554 1663    110      2      0    .598    .34   1.21   .251   .950   .205   1.79   .195   .004   1
 323 L18530   1739 1872    134      3      0    .629    .37    .73   .174   .916   .152   1.35   .148  -.012   1
 324 L18533   1494 1576     83      2      0    .393    .55   1.72   .347   .948   .136   1.31   .128  -.004   1
 325 L18534    793  850     58      1      0    .537    .52   1.44   .344   .951   .151   1.48   .155   .013   1
 326 L18535    832 1005    174      5      0    .574    .38    .71   .088   .683   .147   1.38   .136   .104   0
 327 L18537   1769 1939    171      5      0    .414    .22    .60   .108   .915   .151   1.50   .151   .007   1
 328 L18538   1664 1762     99      2      0    .670    .22    .62   .109   .857   .182   1.52   .175  -.018   1
 329 L18539   1602 1689     88      1      0    .485    .29    .56   .111   .813   .194   1.41   .178   .068   3
 330 L18540   1794 1939    146      4      0    .523    .25    .86   .168   .939   .138   1.33   .137  -.003   1
 331 L18541   1416 1506     91      2      0    .569    .26    .62   .121   .881   .180   1.50   .195  -.052   3
 332 L18543   1439 1531     93      2      0    .402    .28    .64   .128   .850   .177   1.49   .198  -.010   1
 333 L18544   1620 1748    129      3      0    .668    .20    .69   .102   .846   .182   1.55   .184  -.022   3
 334 L18545   1800 1914    115      2      0    .455    .18    .35   .065   .841   .159   1.39   .174   .074   1
 335 L18546   1118 1222    105      2      0    .440    .40    .82   .128   .712   .190   1.42   .188  -.040   1
 336 L18547   1563 1693    131      3      0    .558    .27    .68   .119   .866   .183   1.63   .186  -.001   1
 337 L18552   1535 1629     95      2      0    .592    .18    .52   .115   .935   .178   1.70   .203   .004   2
 338 L18554   1824 1944    121      3      1    .401    .25    .51   .065   .761   .133   1.57   .144   .039   1
 339 L18555   1701 1923    223      6      0    .512    .22    .55   .106   .905   .171   1.52   .185  -.010   2
 340 L18556   1567 1729    163      5      0    .483    .18    .34   .054   .750   .178   1.44   .176   .014   2
 341 L18558   1577 1654     78      1      0    .593    .31    .83   .131   .869   .167   1.43   .162   .009   1
 342 L18559   1613 1705     93      2      0    .507    .24    .52   .081   .742   .186   1.70   .210   .079   1
 343 L18562   1614 1708     95      2      0    .483    .35    .71   .158   .936   .126   1.29   .128   .005   1
 344 L18564   1737 1878    142      4      0    .588    .19    .40   .074   .883   .137   1.45   .144   .020   1
 345 L18565   1639 1766    128      3      0    .537    .20    .56   .105   .924   .161   1.44   .163  -.016   1
 346 L18567   1417 1535    119      3      0    .604    .24    .65   .154   .939   .191   1.55   .184   .006   1
 347 L18568   1162 1264    103      2      1    .389    .31    .60   .082   .798   .145   1.33   .139   .028   1
 348 L18569   1477 1637    161      4      1    .464    .21    .57   .081   .770   .208   1.81   .210   .013   3
 349 L18570   1519 1616     98      2      0    .568    .31    .87   .194   .934   .166   1.52   .174   .077   1
 350 L18571   1553 1606     54      0      0    .580    .31    .74   .137   .913   .163   1.42   .133   .002   2
 351 L18573    810  870     61      0      0    .450    .36    .68   .087   .783   .119   1.34   .123   .031   1
 352 L18574    934 1007     74      1      0    .527    .56    .94   .123   .638   .145   1.31   .148   .031   1
 353 L18577   1797 1862     66      1      1    .420    .27    .87   .217   .964   .170   1.62   .177  -.001   2
 354 L18578   1632 1780    149      4      1    .522    .26    .48   .065   .781   .130   1.36   .129  -.003   1
 355 L18579   1673 1789    117      3      0    .503    .30    .70   .104   .878   .127   1.32   .130   .029   2
 356 L18580   1180 1246     67      0      0    .330    .54   1.04   .152   .877   .103   1.19   .089  -.080   3
 357 L18582   1493 1663    171      5      0    .598    .29    .56   .090   .832   .147   1.43   .151   .010   3
 358 L18584   1735 1908    174      5      0    .365    .21    .47   .074   .850   .144   1.47   .161  -.006   1
 359 L18585   1487 1581     95      2      0    .454    .35   1.14   .199   .926   .151   1.43   .146   .002   1
 360 L18587   1356 1440     85      1      0    .382    .27    .48   .070   .555   .195   1.62   .185  -.002   1
 361 L18589   1665 1731     67      1      0    .606    .53   1.40   .253   .904   .149   1.38   .152   .055   1
 362 L18592   1561 1640     80      1      0    .387    .24    .46   .076   .612   .208   1.79   .219  -.040   1
 363 L18593   1417 1529    113      3      0    .462    .26    .68   .084   .747   .184   1.61   .185   .015   3
 364 L18594   1320 1433    114      3      1    .399    .23    .56   .064   .727   .150   1.27   .144  -.037   1
 365 L18595   1696 1793     98      2      0    .650    .37    .88   .164   .930   .139   1.44   .145  -.011   2
 366 L18596   1548 1621     74      1      0    .715    .34    .64   .094   .618   .196   1.53   .199   .005   1
 367 L18597   1489 1565     77      1      0    .466    .30    .76   .192   .960   .154   1.41   .145   .019   1
 368 L18598   1536 1612     77      1      0    .588    .33    .53   .083   .556   .190   1.49   .180   .018   0
 369 L18599    897  949     53      1      0    .564    .55    .91   .139   .733   .145   1.41   .151   .014   1
 370 L18600   1567 1729    163      5      0    .544    .17    .45   .067   .875   .156   1.45   .152  -.005   3
 371 L18601   1306 1375     70      1      1    .361    .29   1.05   .170   .735   .151   1.45   .148  -.098   2
 372 L18602   1318 1387     70      1      0    .476    .39    .56   .078   .610   .149   1.28   .146  -.113   3
 373 L18603   1188 1277     90      2      2    .222    .26    .82   .156   .944   .141   1.38   .147   .002   1
 374 L18605   1629 1775    147      4      2    .321    .21    .69   .102   .835   .185   1.80   .198   .014   1
 375 L18606   1712 1805     94      2      1    .373    .27    .57   .093   .873   .136   1.29   .128  -.000   2
 376 L18607   1539 1613     75      1      0    .658    .45    .99   .186   .876   .149   1.47   .152   .003   2
 377 L18609   1687 1811    125      3      1    .320    .23    .54   .084   .773   .188   1.84   .198   .022   2
 378 L18610   1286 1424    139      4      1    .423    .19    .34   .049   .622   .179   1.54   .183  -.012   2
 379 L18612   1482 1600    119      3      0    .494    .18    .37   .065   .668   .223   2.23   .239  -.002   1
 380 L18613   1712 1807     96      2      0    .658    .40   1.02   .194   .873   .180   1.43   .170  -.006   1
 381 L18614   1361 1426     66      1      0    .351    .42    .99   .130   .787   .140   1.37   .150  -.010   1
 382 L18615   1728 1790     63      0      0    .655    .43   1.52   .320   .888   .227   1.53   .217   .035   1
 383 L18617   1341 1438     98      2      0    .344    .22    .34   .042   .546   .149   1.40   .143   .005   3
 384 L18618   1696 1844    149      4      0    .498    .24    .76   .135   .916   .172   1.78   .184   .010   2
 385 L18619   1720 1798     79      1      0    .573    .32   1.07   .217   .921   .196   1.47   .187  -.002   1
 386 L18620   1839 1935     97      2      0    .526    .26    .76   .149   .891   .184   1.61   .196   .041   1
 387 L18621   1577 1673     97      1      0    .632    .43    .75   .148   .772   .175   1.47   .158  -.020   2
 388 L18622   1689 1798    110      2      0    .579    .30    .99   .216   .932   .213   1.83   .225  -.004   1
 389 L18623   1398 1475     78      2      0    .630    .21    .57   .103   .811   .239   1.58   .246  -.018   2
 390 L18624   1796 1920    125      3      0    .659    .22    .90   .141   .928   .164   1.67   .180  -.005   1
 391 L18625   1139 1190     52      0      0    .675    .60   1.35   .292   .918   .157   1.32   .155   .017   1
 392 L18626   1443 1596    154      4      0    .625    .19    .49   .073   .791   .193   1.54   .193   .009   1
 393 L18627   1586 1704    119      3      0    .431    .36    .64   .107   .730   .158   1.53   .159  -.024   1
 394 L18629   1143 1225     83      2      0    .434    .46    .88   .186   .927   .123   1.32   .126   .001   1
 395 L18630   1524 1586     63      1      0    .461    .47    .83   .130   .789   .140   1.38   .138   .025   1
 396 L18631   1080 1179    100      2      0    .328    .44    .84   .174   .872   .160   1.50   .166  -.029   1
 397 L18632   1565 1658     94      2      0    .522    .44    .71   .099   .633   .159   1.33   .153   .007   1
 398 L18633   1272 1374    103      3      1    .435    .35   1.02   .186   .787   .196   1.59   .190   .127   1
 399 L18635   1726 1815     90      1      0    .285    .59   1.21   .253   .907   .132   1.57   .147   .006   1
 400 L18637   1100 1238    139      3      0    .507    .32    .59   .097   .799   .162   1.37   .153   .008   3
 401 L18638    794  869     76      1      0    .429    .25    .68   .140   .854   .245   1.77   .245   .023   1
 402 L18639   1569 1680    112      3      0    .555    .39    .76   .151   .876   .165   1.66   .174   .001   1
 403 L18640   1729 1799     71      1      0    .570    .26    .56   .111   .913   .139   1.36   .151   .130   1
 404 L18642   1391 1534    144      4      0    .526    .27    .64   .129   .881   .175   1.55   .189   .033   1
 405 L18643   1796 1870     75      1      0    .505    .35    .99   .212   .943   .160   1.45   .171  -.014   1
 406 L18644    901 1046    146      3      0    .529    .49   1.25   .225   .898   .134   1.55   .139  -.022   1
 407 L18645   1551 1643     93      1      0    .668    .30    .78   .174   .925   .183   1.71   .188   .029   1
 408 L18647   1052 1173    122      2      0    .669    .30    .61   .096   .841   .139   1.35   .137   .015   1
 409 L18648   1554 1665    112      2      0    .523    .26    .68   .157   .937   .188   1.70   .204   .012   2
 410 L18650   1431 1522     92      1      0    .501    .28    .77   .132   .866   .176   1.48   .188  -.008   1
 411 L18653   1337 1516    180      5      1    .460    .19    .36   .052   .724   .157   1.54   .181   .022   1
 412 L18654   1033 1127     95      2      0    .589    .36    .65   .128   .847   .139   1.62   .152  -.016   2
 413 L18655    619  726    108      1      0    .537    .41    .78   .152   .792   .180   1.41   .185  -.053   3
 414 L18656   1583 1658     76      1      0    .596    .37    .62   .101   .726   .165   1.63   .169  -.025   1
 415 L18658    596  678     83      2      0    .514    .65   1.43   .320   .906   .138   1.49   .144   .023   1
 416 L18660   1420 1481     62      1      0    .699    .38    .57   .092   .748   .139   1.40   .139  -.013   1
 417 L18661   1443 1538     96      2      0    .532    .48    .90   .168   .868   .149   1.40   .149   .029   1
 418 L18662   1599 1675     77      1      0    .522    .34    .84   .145   .853   .154   1.31   .144   .031   3
 419 L18663   1556 1673    118      2      0    .609    .26    .64   .102   .867   .158   1.48   .155  -.015   1
 420 L1801Y   1779 2010    232      7      0    .464    .23    .77   .117   .908   .128   1.65   .128   .012   3
 421 L1802Y   1860 2010    151      4      1    .465    .43   1.03   .267   .965   .115   1.41   .105   .034   0
 422 L1803Y   1861 2010    150      4      0    .474    .36    .93   .167   .902   .135   1.30   .125   .011   1
 423 L1804Y   1825 2010    186      5      0    .556    .28    .90   .147   .923   .141   1.40   .133  -.007   2
 424 L1805Y   1908 2010    103      2      1    .376    .48   1.18   .168   .840   .133   1.39   .123  -.037   3
 425 L1806Y   1861 2010    150      4      1    .450    .36    .89   .146   .908   .123   1.40   .116   .097   0
 426 L1807Y   1870 2010    141      4      0    .525    .35   1.31   .213   .948   .123   1.33   .121   .035   2
 427 L1808Y   1860 2010    151      4      0    .430    .21    .68   .143   .954   .167   1.43   .159   .004   1
 428 L1809Y   1837 2010    174      5      0    .547    .30    .92   .175   .929   .143   1.58   .150   .011   2
 429 L1810Y   1921 2010     90      2      1    .416    .83   1.68   .294   .888   .111   1.30   .109   .105   0
 430 L18V01   1955 2011     57      0      0    .350    .51   1.11   .247   .935   .128   1.24   .138   .109   1
 431 L18V02   1838 2011    174      5      0    .481    .23    .51   .108   .919   .131   1.51   .135  -.014   3
 432 L18V03   1898 2011    114      3      0    .619    .34    .76   .140   .892   .148   1.39   .156  -.009   2
 433 L18V04   1910 2011    102      2      0    .536    .35    .83   .140   .808   .167   1.41   .167  -.000   1
 434 L18V05   1907 2011    105      2      0    .523    .36    .83   .133   .902   .123   1.40   .122   .007   1
 435 L18V06   1881 2011    131      3      0    .509    .36   1.01   .206   .918   .143   1.39   .145   .008   1
 436 L18V07   1899 2011    113      3      0    .595    .37   1.01   .173   .938   .124   1.37   .127   .042   1
 437 L18V08   1859 2011    153      4      0    .576    .24    .57   .092   .869   .128   1.35   .126   .004   1
 438 L18V09   1903 2011    109      2      0    .458    .23    .67   .090   .885   .118   1.33   .121  -.033   1
 439 L18V10   1878 2011    134      3      0    .438    .22    .40   .070   .839   .130   1.36   .135  -.019   1
 440 L18V11   1839 2011    173      5      0    .563    .33    .82   .126   .902   .113   1.33   .113   .008   2
 441 L18V12   1844 2011    168      5      0    .552    .28    .88   .134   .930   .124   1.37   .126   .006   1
 442 L18V13   1935 2011     77      1      0    .370    .52    .76   .095   .510   .139   1.27   .140  -.034   1
 443 L18V14   1773 2011    239      8      0    .636    .25   1.35   .223   .969   .147   1.39   .144  -.013   1
 444 L18V15   1824 2011    188      6      1    .484    .22   1.00   .137   .911   .154   1.56   .150   .014   1
 --- -------- ---------  -----  -----  -----   ------ -----  -----  -----  -----  -----  -----  -----  -----  --
 Total or mean:          46440    963     47    .535    .38   2.89   .186   .870   .155   2.26   .157   .012

 DATA CHECKS (rwl.check): cana461
-----------------------------------------------------------------------------------------------------------------------------------
 rwl.check: data_files/treering/measurements/northamerica/canada/cana461.rwl
 444 series, 46440 measurements, 596-2011, 0.005 mm precision
 0 error(s), 4 warning(s), 27 note(s)
 -------------
 WARNING
   RWL_ALL_NA_YEAR (1)
     no series is measured in 727-735; years with no data at all break several dplR functions
   RWL_SERIES_OUTLIER (3)
     L18212: correlates with the rest of the collection at r = -0.048 where the collection median is 0.512 (5.1 MAD below it); it does not fit the collection it is in
     L18338: correlates with the rest of the collection at r = -0.023 where the collection median is 0.512 (4.9 MAD below it); it does not fit the collection it is in
     L18603: correlates with the rest of the collection at r = -0.003 where the collection median is 0.512 (4.7 MAD below it); it does not fit the collection it is in
 27 note(s) not shown; see rwl.check() or the 'check' element of this report.

 NOTES
-----------------------------------------------------------------------------------------------------------------------------------
 Report generated using dplR 1.8.1 (R 4.5.2) on 2026-10-01 16:51 PDT.
 Measurement file cana461.rwl, MD5 62a4e26c30766aa7b5f2e749c6f91c84.
 Filtering: each series divided by a 32-year smoothing spline (caps()), then prewhitened with
   an AR model (order by AIC, at most 3).
 Master: biweight robust mean of the other series (leave-one-out).
 Correlation: Pearson, one-tailed, pcrit = 0.01; critical r = 0.3281 for 50-year segments.
 Segments: 50 years, lagged 25, first segment floored to 100. Lags searched: +/- 10 years.
 A segment is tested only where the series and the master cover all of it, at the dated
   position and at every lag. COFECHA also tests partial segments at the ends of a series, so
   series here may show fewer segments, and no flags can be raised at the ends of the record.
 Lags follow COFECHA: negative means rings are probably missing from the series, positive means
   false rings. A missing ring carries its lag into every segment before it, so look where the
   lag changes along a series. A B flag is a hypothesis to check on the wood; the gain says how
   seriously to take it.
 A B flag marked "weak at every lag" correlates under the critical value even at its best lag:
   the segment is weak wherever it is placed, and the shift is not evidence of a dating error.
   Treat it as a low correlation, like an A.
 Averages in the summary and the totals are weighted by the number of years in each series, as
   COFECHA's are.
 Unfiltered block and mean sensitivity: the measurements as read, and sens1().
 dplR filtered block: the series that was correlated, after filtering. COFECHA's filtered
   series is defined differently, so these three columns are not COFECHA's numbers.
 AR: order of the AR model used to prewhiten.
