
 COFECHA-style crossdating report: cana323
 Report generated using dplR 1.8.1 (R 4.5.2) on 2026-10-01 16:49 PDT
 Built with dplR's xdate.report(), not COFECHA; see the notes at the end.


      Measurement file name  : cana323.rwl
      MD5 of measurement file: 86feebb9fcd9dfc8f032d75a722357d6
      Date checked           : 01OCT26
      Beginning year         : 1459
      Ending year            : 2001
      Principal investigators: D'Arrigo, R.D.; Wilson, R.J.S.; Jacoby, G.C.
      Site name              : Labrador Composite
      Species information    : PCGL Picea glauca (Moench) Voss
      Latitude               : 56.0000 N
      Longitude              : 60.0000 W
      Elevation              : -33 m

      Series intercorrelation: 0.582
      Avg mean sensitivity   : 0.232
      Avg standard deviation : 0.222
      Avg autocorrelation    : 0.760
      Number dated series    : 367
      Series crossdated      : 357
      Segment length tested  : 50

      Number problem segments: 93  (A 47, B 46; 26 of the B weak at every lag)
      Pct problem segments   : 4.47


 CORRELATION OF SERIES BY SEGMENTS: cana323
-----------------------------------------------------------------------------------------------------------------------------------
 Correlations of  50-year dated segments, lagged  25 years
 Flags:  A = correlation under   .3281 but highest as dated;  B = correlation higher at other than dated position

 Seq Series  Time_span  1500 1525 1550 1575 1600 1625 1650 1675 1700 1725 1750 1775 1800 1825 1850 1875 1900 1925 1950 
                        1549 1574 1599 1624 1649 1674 1699 1724 1749 1774 1799 1824 1849 1874 1899 1924 1949 1974 1999 
 --- -------- ---------  ---- ---- ---- ---- ---- ---- ---- ---- ---- ---- ---- ---- ---- ---- ---- ---- ---- ---- ---- 
   1 DEG01    1725 1939                                                    .57  .46  .67  .68  .54  .56                
   2 DEG02    1702 1878                                               .62  .64  .69  .58  .35B                         
   3 DEG03    1758 1934                                                         .42  .52  .50  .45  .21A               
   4 DEG04    1743 1881                                                    .55  .51  .54  .52                          
   6 DEG06    1503 1846       .21B .10B .54  .50  .43  .65  .68  .58  .73  .62  .56                                    
   7 DEG07    1652 1940                                     .44  .48  .47  .39  .52  .68  .58  .61  .63                
   8 DEG08    1595 1823                      .60  .47  .71  .71  .62  .42  .56                                         
   9 DEG10    1713 1960                                               .26B .55  .63  .56  .53  .58  .69  .69           
  10 DEG11    1661 1781                                     .48  .46  .26A                                             
  11 DEG12    1669 1882                                     .67  .69  .83  .78  .73  .76  .77                          
  12 DEG13    1536 1881            .45  .71  .70  .70  .77  .68  .52  .58  .54  .46  .59  .59                          
  13 DEG14    1670 1892                                     .44  .52  .44  .49  .60  .61  .39                          
  14 DEG15    1636 1880                                .55  .59  .60  .71  .61  .63  .60  .24B                         
  15 DEG16    1760 1871                                                         .72  .56                               
  16 DEG17    1543 1799            .36  .65  .66  .70  .65  .52  .55  .73  .60                                         
  17 DEG18    1617 1891                           .12B .62  .61  .51  .60  .60  .60  .73  .63                          
  18 DEG19    1473 1873  .46  .33  .27A .33  .34  .49  .66  .72  .55  .39  .49  .67  .73                               
  19 DEG20    1694 1854                                          .14B .15B .39  .62  .60                               
  20 DEG21    1477 1828  .48  .47  .52  .68  .53  .51  .84  .82  .74  .77  .53  .39                                    
  21 DEG22B   1459 1679  .56  .59  .58  .69  .62  .21B                                                                 
  22 DEG22C   1470 1705  .30A .30A .51  .49  .49  .31A-.07B                                                            
  23 DEG23    1666 1878                                     .17A .32A .34  .38  .41  .70  .69                          
  24 DEG24    1480 1881  .24A .14B .31A .57  .70  .62  .58  .49  .43  .53  .58  .68  .57  .48                          
  25 DEG25    1563 1889                 .32A .55  .41  .36  .46  .48  .51  .66  .62  .63  .54                          
  26 EGL101A  1801 1902                                                                   .69  .63                     
  27 EGL101B  1814 1965                                                                   .32A .52  .62  .76           
  28 EGL102A  1782 1904                                                              .69  .77  .74                     
  29 EGL102B  1785 2001                                                              .70  .75  .75  .77  .72  .70  .76 
  30 EGL103A  1799 2001                                                              .72  .66  .68  .71  .75  .80  .78 
  31 EGL103B  1763 2001                                                         .70  .69  .69  .78  .76  .73  .75  .72 
  32 EGL104A  1870 2001                                                                             .67  .83  .71  .43 
  33 EGL104B  1860 2001                                                                             .73  .80  .73  .59 
  34 EGL105A  1770 2001                                                         .72  .66  .61  .62  .56  .67  .78  .73 
  35 EGL105B  1876 1955                                                                                  .63           
  36 EGL106A  1735 2001                                                    .76  .65  .68  .70  .73  .73  .73  .73  .81 
  37 EGL106B  1735 2001                                                    .68  .56  .68  .73  .72  .72  .80  .75  .73 
  38 EGL107A  1803 2001                                                                   .39B .40  .74  .86  .80  .77 
  39 EGL107B  1803 2001                                                                   .39B .43  .76  .85  .82  .81 
  40 EGL108A  1788 2001                                                              .76  .63  .57  .63  .49  .49  .75 
  41 EGL108B  1788 2001                                                              .67  .57  .50  .50  .38  .54  .75 
  42 EGL109A  1743 2001                                                    .56  .55  .70  .66  .70  .78  .80  .82  .72 
  43 EGL109B  1767 2001                                                         .64  .75  .71  .70  .70  .67  .68  .68 
  44 EGL109C  1747 2001                                                    .46  .52  .76  .63  .58  .63  .64  .72  .68 
  45 EGL110A  1797 2001                                                              .41  .39  .69  .79  .77  .78  .56 
  46 EGL110B  1797 2001                                                              .48  .46  .71  .78  .78  .84  .81 
  47 EGR108'  1713 1815                                               .53  .54                                         
  48 NBS01a   1858 1996                                                                             .32A .48  .62      
  49 NBS01b   1858 1996                                                                             .50  .61  .64      
  50 NBS02a   1782 1977                                                              .60  .59  .62  .68  .66  .65      
  51 NBS02b   1822 1977                                                                   .44  .51  .64  .65  .70      
  52 NBS03a   1758 1983                                                         .52  .57  .54  .52  .66  .72  .67      
  53 NBS03b   1801 1962                                                                   .67  .60  .74  .76           
  54 NBS04    1688 1996                                          .43  .39  .43  .63  .73  .55  .47  .72  .74  .60      
  55 NBS05a   1734 1996                                                    .23B .54  .56  .52  .58  .72  .66  .56      
  56 NBS05b   1734 1996                                                    .25A .38  .62  .66  .60  .59  .55  .62      
  57 NBS06    1729 1996                                                    .59  .73  .58  .47  .56  .62  .63  .64      
  58 NBS07a   1875 1996                                                                                  .71  .76      
  59 NBS07b   1875 1996                                                                                  .65  .62      
  60 NBS08a   1896 1996                                                                                  .54  .53      
  61 NBS08b   1896 1996                                                                                  .58  .64      
  62 NBS09a   1823 1996                                                                        .44  .67  .76  .75      
  63 NBS09b   1823 1996                                                                        .52  .61  .76  .77      
  64 NBS10a   1903 1996                                                                                       .64      
  65 NBS10b   1903 1996                                                                                       .64      
  66 NBS11a   1779 1996                                                              .58  .65  .70  .72  .72  .82      
  67 NBS11b   1831 1996                                                                        .53  .64  .74  .73      
  68 NBS12a   1810 1996                                                                   .62  .63  .80  .83  .76      
  69 NBS12b   1828 1995                                                                        .46  .70  .73  .70      
  70 NBS12c   1821 1994                                                                   .51  .67  .76  .74  .74      
  71 NBS13a   1760 1996                                                         .53  .68  .50  .52  .76  .78  .73      
  72 NBS13b   1815 1996                                                                   .38  .36  .55  .70  .75      
  73 NBS14    1651 1996                                     .36  .45  .63  .59  .51  .67  .63  .64  .81  .79  .74      
  74 NBS15a   1784 1996                                                              .60  .62  .71  .81  .84  .82      
  75 NBS15b   1784 1996                                                              .29B .52  .62  .76  .80  .75      
  76 NBS16    1721 1996                                               .54  .67  .65  .56  .48  .51  .64  .76  .76      
  77 NBS17    1818 1996                                                                   .74  .59  .73  .85  .80      
  78 NBS18    1760 1996                                                         .54  .60  .51  .53  .71  .81  .82      
  79 NBS19a   1809 1996                                                                   .53  .73  .83  .81  .64      
  80 NBS19b   1846 1996                                                                        .66  .78  .70  .66      
  81 NBS20a1  1558 1996                 .62  .58  .48  .69  .70  .69  .81  .83  .65  .66  .69  .67  .79  .70  .68      
  82 NBS20a2  1558 1996                 .63  .49  .45  .67  .63  .62  .78  .79  .64  .70  .66  .67  .78  .76  .80      
  83 NBS20b   1584 1996                      .55  .48  .63  .64  .69  .82  .79  .64  .73  .78  .74  .80  .80  .77      
  84 NWR01    1651 1908                                     .28A .15B .46  .40  .39  .77  .68  .60                     
  85 NWR02    1602 1880                           .45  .79  .81  .65  .61  .59  .54  .74  .61                          
  86 NWR03    1578 1895                      .26A .37  .61  .61  .51  .65  .66  .58  .80  .77                          
  87 NWR04    1725 1864                                                    .64  .65  .61                               
  89 NWR06    1802 1935                                                                   .60  .60  .60                
  90 NWR07    1712 1932                                               .62  .61  .54  .82  .84  .76  .66                
  91 NWR08    1725 1894                                                    .24A .28A .67  .62                          
  92 NWR09    1550 1844                 .46  .36  .39  .58  .73  .72  .71  .69  .60                                    
  93 NWR10    1613 1929                           .41  .61  .77  .70  .75  .67  .67  .80  .76  .57  .43                
  94 NWR11    1758 1944                                                         .45  .64  .61  .57  .45                
  95 NWR12    1691 1836                                          .26B .43  .61  .67                                    
  96 NWR13    1768 1903                                                         .71  .66  .41  .29A                    
  97 NWR14    1774 1877                                                         .38  .52  .54                          
  98 NWR15    1721 1851                                               .41  .50  .53  .62                               
  99 NWR16    1660 1874                                     .74  .59  .48  .53  .65  .67  .52                          
 100 NWR17    1702 1886                                               .54  .58  .66  .75  .68                          
 101 nwr18    1649 1831                                .58  .55  .44  .48  .51  .61                                    
 102 NWR19    1652 1850                                     .38  .33  .46  .50  .37  .59                               
 103 NWR20A   1720 1852                                               .38B .47  .56  .69                               
 104 NWR21    1659 1857                                     .34  .37  .45  .59  .57  .62                               
 105 NWR22    1550 1698                 .52  .60  .64                                                                  
 106 NWR23A   1687 1821                                          .54  .58  .58                                         
 107 NWR24B   1688 1850                                          .36  .42  .51  .50  .72                               
 108 NWR25    1674 1786                                          .36B .49                                              
 109 NWR26    1647 1809                                .62  .66  .64  .69  .68                                         
 110 NWR27    1720 1833                                               .59  .65  .58                                    
 111 NWR28    1574 1836                      .48  .53  .84  .84  .82  .78  .68  .69                                    
 112 NWR29    1654 1810                                     .34  .50  .59  .53                                         
 113 NWR30    1648 1818                                .40  .38  .48  .69  .71                                         
 114 NWR31    1682 1813                                          .12B .62  .62                                         
 115 NWR32    1569 1794                 .46  .39  .37  .75  .81  .69  .63                                              
 116 NWR33    1737 1857                                                    .53  .74  .76                               
 117 NWR34    1758 1904                                                         .62  .61  .46  .33                     
 118 NWR35    1719 1887                                               .47  .51  .66  .85  .79                          
 119 NWR36    1604 1828                           .47  .68  .64  .61  .73  .78  .64                                    
 120 NWTEST   1608 1808                           .13B .49  .56  .47  .43  .48                                         
 121 NWTST2   1594 1790                      .47  .43  .59  .66  .49  .59                                              
 122 NWTS01   1590 1710                      .53  .57  .67                                                             
 123 PB350M   1548 1865           -.24B-.16B .12B .23B .35  .29A .32A .39  .41  .59  .68                               
 124 PBS-01A  1725 1996                                               .69  .74  .74  .77  .65  .64  .76  .72  .64      
 125 PBS-01B  1725 1997                                                    .68  .71  .83  .74  .68  .79  .67  .68      
 126 PBS-02   1803 1996                                                                   .53  .47  .57  .70  .75      
 127 PBS-03   1777 1996                                                              .73  .55  .54  .72  .76  .72      
 128 PBS-04   1796 1996                                                              .57  .60  .62  .77  .84  .77      
 129 PBS-05A  1893 1997                                                                                  .67  .64      
 130 PBS-05B  1896 1997                                                                                  .87  .76      
 131 PBS-06   1806 1996                                                                   .64  .69  .80  .85  .81      
 132 PBS-07A  1820 1996                                                                   .46  .70  .78  .72  .68      
 133 PBS-07B  1880 1996                                                                                  .68  .78      
 134 PBS-08A  1919 1997                                                                                       .45      
 135 PBS-08B  1919 1986                                                                                       .56      
 136 PBS-09A  1886 1995                                                                                  .72  .79      
 137 PBS-09B  1882 1996                                                                                  .82  .83      
 138 PBS-10   1848 1996                                                                        .42  .75  .83  .72      
 139 PBS-11A  1784 1997                                                              .59  .71  .77  .69  .65  .65      
 140 PBS-11B  1785 1996                                                              .48  .50  .67  .58  .54  .61      
 141 PBS-13A  1866 1996                                                                             .70  .83  .64      
 142 PBS-13B  1781 1997                                                              .62  .59  .50  .64  .75  .59      
 143 PBS-14A  1899 1996                                                                                       .50      
 144 PBS-14B  1899 1996                                                                                       .59      
 145 PBS-15A  1848 1997                                                                        .33B .59  .72  .74      
 146 PBS-15B  1849 1991                                                                             .71  .71  .69      
 147 PBS-16A  1781 1996                                                              .76  .67  .66  .83  .87  .84      
 148 PBS-16B  1744 1996                                                    .47  .60  .77  .70  .67  .75  .79  .82      
 149 PBS-17A  1760 1996                                                         .76  .75  .65  .63  .76  .80  .78      
 150 PBS-17B  1751 1997                                                         .77  .77  .64  .65  .78  .74  .59      
 151 PBS-18A  1853 1996                                                                             .44  .69  .74      
 152 PBS-18B  1853 1996                                                                             .56  .68  .66      
 153 PBS 20A  1825 1996                                                                        .67  .73  .80  .76      
 154 PBS-20B  1820 1996                                                                   .78  .67  .65  .71  .76      
 155 PBS-LS1  1825 1906                                                                        .63                     
 156 PBS-LS2  1891 1963                                                                                  .48B          
 157 PBS-LS3A 1896 1961                                                                                  .57           
 158 PBS-LS3B 1896 1961                                                                                  .50           
 160 PAA02B   1913 1996                                                                                       .45      
 161 PBW01    1760 1996                                                         .65  .63  .61  .67  .66  .71  .66      
 162 PBW02A   1780 1996                                                              .71  .63  .58  .65  .71  .54      
 163 PBW02B   1794 1996                                                              .64  .61  .67  .74  .73  .77      
 164 PBW03A   1815 1997                                                                   .68  .68  .74  .67  .50      
 165 PBW03B   1772 1996                                                         .68  .74  .46  .60  .84  .76  .72      
 166 PBW04A   1776 1953                                                              .69  .67  .62  .71  .74           
 167 PBW04b   1816 1948                                                                   .76  .66  .74                
 168 PBW05    1838 1996                                                                        .64  .74  .58  .54      
 169 PBW05B   1828 1996                                                                        .56  .70  .59  .54      
 170 PBW06    1912 1997                                                                                       .42      
 171 PBW08A   1892 1996                                                                                  .57  .25A     
 172 PBW09    1877 1996                                                                                  .75  .71      
 173 PBW11A   1882 1997                                                                                  .80  .85      
 174 PBW11B   1882 1996                                                                                  .81  .58      
 175 TBL10    1798 1988                                                              .54  .60  .52  .65  .63  .60      
 176 TBR01    1806 1904                                                                   .14B .40                     
 177 TBR02    1720 1930                                               .25B .31B .42  .67  .62  .59  .52                
 178 TBR03    1813 1943                                                                   .28A .12A .35                
 179 TBR04    1739 1926                                                    .41  .40  .62  .48  .38  .41B               
 180 TBR05    1645 1911                                .41  .68  .50  .48  .68  .42  .55  .57  .47                     
 181 TBR06    1700 1851                                               .11B .42  .54  .55                               
 182 TBR07    1743 1903                                                    .63  .74  .76  .66  .64                     
 183 TBR08    1786 1896                                                              .61  .59                          
 184 TBR09    1770 1904                                                         .17A .65  .53  .43                     
 185 TBR10    1721 1872                                               .48  .69  .67  .61                               
 186 TBR11    1792 1938                                                              .67  .62  .63  .55                
 187 TBR12    1585 1907                      .35  .27A .51  .58  .58  .52  .61  .60  .58  .57  .47                     
 188 TBR13    1517 1792       .40  .57  .48  .32A .58  .73  .58  .43  .50                                              
 189 TBR14    1668 1927                                     .38  .52  .61  .58  .54  .66  .69  .57  .69                
 190 TBR15    1676 1827                                          .67  .70  .61  .40                                    
 191 IHB01A   1833 1998                                                                        .75  .84  .78  .75      
 192 IHB01B   1848 1998                                                                        .58  .78  .83  .79      
 193 IHB3A    1772 1998                                                         .63  .69  .70  .70  .71  .71  .71      
 194 IHB3B    1772 1998                                                         .43  .47  .67  .66  .65  .66  .69      
 195 IHB4A    1822 1998                                                                   .55  .57  .74  .74  .68      
 196 IHB4B    1822 1998                                                                   .59  .46  .63  .83  .70      
 197 IHB05A   1741 1998                                                    .52  .61  .67  .66  .77  .77  .70  .67      
 198 IHB05B   1741 1998                                                    .58  .57  .62  .64  .68  .70  .71  .64      
 199 IHB07A   1754 1998                                                         .62  .77  .78  .77  .77  .74  .78      
 200 IHB07B   1755 1998                                                         .72  .81  .72  .57  .75  .87  .51      
 201 IHB8A    1836 1998                                                                        .55  .63  .72  .73      
 202 IHB8B    1836 1998                                                                        .60  .66  .70  .74      
 203 IHB09A   1829 1998                                                                        .33A .41  .54  .27B     
 204 IHB09B   1829 1998                                                                        .28A .48  .59  .43      
 205 IHB10W   1746 1998                                                    .51  .60  .63  .56  .59  .75  .70  .56      
 206 IHB10N   1714 1998                                               .42  .51  .44  .58  .51  .48  .65  .59  .41      
 207 IHB11A   1825 1998                                                                        .52  .64  .76  .77      
 208 IHB11B   1825 1983                                                                        .62  .75  .76  .74      
 209 IHB11N   1728 1998                                                    .58  .55  .58  .60  .59  .64  .66  .67      
 210 IHB13A   1728 1998                                                    .58  .60  .77  .78  .79  .77  .66  .69      
 211 IHB13B   1728 1998                                                    .44  .53  .76  .70  .69  .81  .80  .70      
 212 IHB13C   1725 1998                                               .51  .59  .66  .78  .76  .72  .80  .78  .66      
 213 IHB13D   1725 1998                                                    .56  .60  .77  .71  .77  .87  .74  .68      
 216 IHB16A   1787 1998                                                              .59  .67  .56  .46  .47  .37      
 218 IHB17A   1810 1998                                                                   .57  .61  .68  .70  .69      
 219 IHB17B   1810 1998                                                                   .58  .51  .65  .65  .56      
 220 IHB18N   1806 1998                                                                   .60  .63  .75  .74  .77      
 221 IHB19A   1777 1970                                                              .73  .69  .69  .67  .66           
 222 IHB19B   1730 1970                                                    .58  .63  .70  .63  .69  .77  .75           
 223 IHB19W   1740 1998                                                    .68  .66  .80  .79  .76  .76  .67  .66      
 224 IHB21A   1842 1998                                                                        .67  .79  .72  .66      
 225 IHB21B   1842 1998                                                                        .64  .77  .74  .70      
 226 SWP01    1920 1998                                                                                       .67      
 227 SWP03A   1714 1998                                               .57  .57  .54  .65  .72  .62  .53  .61  .66      
 228 SWP03B   1714 1998                                               .67  .62  .50  .53  .66  .74  .76  .76  .64      
 229 SWP03C   1717 1998                                               .69  .58  .50  .61  .67  .61  .69  .67  .43      
 230 SWP03D   1717 1997                                               .55  .57  .60  .71  .72  .73  .75  .68  .55      
 231 SWP04A   1736 1995                                                    .56  .49  .54  .70  .58  .59  .67  .67      
 232 SWP04B   1736 1998                                                    .37  .33  .51  .58  .58  .56  .57  .68      
 233 SWP04B*  1754 1998                                                         .46  .56  .68  .67  .72  .68  .62      
 234 SWP05A   1871 1998                                                                             .72  .83  .75      
 235 SWP05B   1870 1998                                                                             .62  .67  .73      
 236 SWP06B   1734 1998                                                    .80  .76  .55  .50  .47  .56  .55  .47      
 237 SWP07A   1732 1998                                                    .61  .45  .61  .70  .68  .72  .57  .56      
 238 SWP07B   1725 1998                                                    .61  .68  .73  .65  .60  .64  .58  .52      
 239 SWP08    1722 1990                                               .77  .80  .62  .72  .81  .82  .82  .70  .61      
 240 SWP09A   1778 1998                                                              .63  .63  .59  .57  .57  .60      
 241 SWP09B   1787 1950                                                              .63  .60  .66  .64  .60           
 242 SWP10B   1763 1998                                                         .52  .54  .63  .69  .67  .64  .60      
 243 SWP11A   1798 1998                                                              .55  .49  .46  .44  .55  .59      
 244 SWP11B   1777 1998                                                              .50  .36  .58  .70  .68  .62      
 245 SWP12A   1526 1780            .48  .56  .54  .50  .50  .58  .66  .56                                              
 246 SWP12B   1560 1998                 .52  .55  .37  .23B .22B .37  .56  .63  .65  .70  .68  .55  .60  .58  .62      
 247 SWP13A   1667 1998                                     .59  .63  .58  .72  .75  .67  .69  .71  .72  .73  .67      
 248 SWP16A   1706 1998                                               .43  .48  .47  .52  .67  .65  .66  .69  .72      
 249 SWP16B   1706 1998                                               .45  .33A .48  .47  .49  .51  .50  .51  .41      
 250 AP16S    1810 1986                                                                   .45  .31A .47  .58  .54      
 251 AP17W    1795 1986                                                              .56  .59  .61  .71  .78  .77      
 253 AP18N    1749 1856                                                         .68  .64                               
 254 AP18NW   1770 1986                                                         .52  .53  .49  .78  .76  .63  .71      
 255 AP19N    1843 1986                                                                        .61  .62  .50  .53      
 256 AP19S    1843 1986                                                                        .37  .63  .61  .63      
 257 AP20N    1815 1986                                                                   .38  .60  .64  .66  .61      
 258 AP21N    1785 1986                                                              .63  .60  .79  .71  .53  .60      
 259 AP22N    1846 1986                                                                        .62  .71  .62  .56      
 260 AP22S    1837 1986                                                                        .78  .82  .73  .64      
 261 AP23E    1831 1986                                                                        .59  .64  .63  .63      
 262 AP24E    1796 1986                                                              .46  .35  .48  .68  .70  .66      
 263 AP24W    1800 1986                                                                   .61  .74  .77  .72  .72      
 264 AP25N    1759 1986                                                         .45  .43  .38  .67  .60  .54  .66      
 265 AP25S    1759 1986                                                         .25A .32A .08B .43  .73  .56  .56      
 266 AP25E    1770 1986                                                         .45  .45  .36  .52  .63  .55  .54      
 267 AP25W    1747 1986                                                    .12B .49  .62  .57  .63  .39  .26B .53      
 268 AP26N    1805 1986                                                                   .45  .67  .76  .74  .74      
 269 AP27E    1786 1986                                                              .36  .31A .22A .31A .35  .48      
 270 AP27W'   1807 1986                                                                   .32A .48  .69  .71  .77      
 271 AP28     1850 1986                                                                             .63  .54  .54      
 272 AP29     1809 1986                                                                   .47  .55  .59  .56  .52      
 273 NB12S    1596 1986                      .22B .36  .37  .57  .64  .52  .43  .50  .59  .44  .64  .80  .79  .72      
 274 NB12N    1596 1986                      .10B .17B .43  .53  .64  .66  .70  .66  .58  .52  .62  .67  .68  .75      
 275 NB09N    1739 1986                                                    .36  .39  .52  .53  .67  .64  .47  .59      
 276 NB09S    1739 1986                                                    .45  .46  .60  .40  .52  .63  .55  .53      
 277 NB12E    1700 1986                                               .63  .47  .40  .58  .48  .54  .64  .59  .57      
 278 NB12W    1625 1986                                .20B .51  .64  .66  .59  .49  .57  .55  .68  .73  .63  .62      
 279 NB13N    1688 1986                                          .58  .66  .48  .22A .36  .53  .53  .44  .47  .51      
 280 NB13S    1726 1986                                                    .57  .55  .57  .44  .51  .65  .69  .66      
 281 NB16A    1720 1986                                               .58  .62  .58  .68  .50  .37  .61  .57  .69      
 282 NB23E    1680 1986                                          .72  .67  .52  .47  .50  .49  .59  .60  .59  .59      
 283 NB02W'   1574 1869                      .48  .59  .63  .68  .68  .68  .72  .70  .63                               
 284 NB03E    1608 1921                           .38  .63  .71  .71  .80  .70  .64  .76  .65  .70                     
 285 OI-01-A  1710 1992                                               .42  .46  .51  .53  .52  .58  .59  .63  .69      
 286 OI-01-B  1770 1993                                                         .56  .55  .50  .58  .60  .60  .61      
 287 OI-03-B  1700 1992                                               .80  .76  .73  .79  .68  .68  .73  .76  .74      
 288 OI-03se  1738 1830                                                    .60  .58                                    
 289 OI-07-B  1790 1979                                                              .47  .27A .49  .58  .41  .39      
 290 OI-07 S  1770 1915                                                         .41  .50  .46  .32A                    
 291 OI-11-B  1780 1992                                                              .61  .59  .54  .68  .68  .64      
 292 OI-12-A  1840 1996                                                                        .66  .67  .74  .76      
 293 OI-12-B  1840 1996                                                                        .78  .72  .71  .69      
 294 OI-15-B  1746 1892                                                    .34  .36  .51  .54                          
 295 MBS-01A  1826 1996                                                                        .44  .79  .82  .65      
 296 MBS-01B  1832 1994                                                                        .65  .74  .76  .76      
 297 MBS-02A  1760 1997                                                         .41  .47  .54  .57  .63  .75  .77      
 298 MBS-02B  1761 1996                                                         .40  .22B .23B .45  .57  .72  .72      
 299 MBS-03A  1791 1997                                                              .38  .29A .55  .64  .78  .72      
 300 MBS-03B  1777 1997                                                              .63  .60  .65  .71  .78  .77      
 301 MBS-04A  1838 1997                                                                        .39  .62  .74  .69      
 302 MBS-04B  1777 1995                                                              .62  .56  .71  .75  .69  .69      
 303 MBS-05A  1802 1963                                                                   .57  .42  .52  .63           
 304 MBS-05B  1830 1962                                                                        .51  .66  .70           
 305 MBS-06A  1847 1997                                                                        .38  .54  .66  .64      
 306 MBS-06B  1769 1996                                                         .34  .47  .60  .53  .71  .75  .55      
 307 MBS-07   1720 1997                                               .72  .79  .73  .70  .66  .72  .54  .45  .61      
 308 MBS-07B  1759 1889                                                         .54  .63  .63                          
 309 MBS-08A  1796 1996                                                              .50  .48  .62  .72  .75  .79      
 310 MBS-08B  1796 1997                                                              .49  .44  .49  .56  .59  .76      
 311 MBS-09A  1762 1936                                                         .51  .57  .68  .72  .46                
 312 MBS-09B  1795 1997                                                              .50  .66  .67  .66  .61  .54      
 313 MBS-10A  1799 1997                                                              .58  .62  .62  .72  .75  .60      
 314 MBS-10B  1824 1997                                                                   .56  .55  .67  .68  .55      
 315 MBS-11A  1808 1996                                                                   .60  .39  .54  .71  .67      
 317 MBS-12A  1680 1996                                          .55  .55  .57  .60  .62  .62  .74  .81  .72  .58      
 318 MBS-12B  1634 1996                                .25A .55  .72  .65  .55  .57  .71  .73  .61  .59  .56  .61      
 319 MBS-13A  1895 1996                                                                                  .68  .60      
 320 MBS-13B  1895 1996                                                                                  .73  .68      
 321 MBS-14A  1815 1995                                                                   .59  .60  .77  .79  .70      
 322 MBS-14B  1760 1996                                                         .54  .61  .62  .62  .72  .73  .68      
 323 MBS-15A  1667 1996                                     .65  .67  .59  .44  .45  .58  .55  .42  .56  .70  .72      
 324 MBS-15B  1682 1885                                          .63  .64  .52  .43  .53  .54                          
 325 MBS-16A  1803 1996                                                                   .52  .46  .49  .55  .71      
 326 MBS-16B  1782 1996                                                              .43  .57  .50  .56  .65  .72      
 327 MBS-16   1749 1996                                                    .29A .24A .40  .56  .38B .39  .40  .47      
 328 MBS-17B  1877 1996                                                                                  .69  .79      
 329 MBS-17C  1885 1993                                                                                  .76  .69      
 330 MBS-18A  1914 1996                                                                                       .64      
 331 MBS-18B  1689 1997                                          .67  .63  .56  .44  .48  .46  .57  .71  .74  .71      
 332 MBS-19   1882 1997                                                                                  .66  .64      
 333 MBS-19B  1794 1997                                                              .55  .49  .45  .66  .65  .54      
 334 MBS-20   1783 1997                                                              .67  .62  .66  .78  .82  .79      
 335 DEG09    1712 1953                                               .41  .48  .57  .63  .48  .20B .45  .72           
 336 SWP08B   1797 1855                                                              .60                               
 338 SWP10A   1770 1988                                                         .54  .49  .45  .68  .76  .75  .62      
 339 TCAM01A  1744 1988                                                    .54  .48  .53  .47  .63  .70  .70  .64      
 340 TCAM02A  1710 1988                                               .60  .46  .47  .59  .56  .57  .73  .72  .67      
 341 TCAM03A  1763 1988                                                         .43  .43  .41  .46  .65  .67  .57      
 342 TCAM04A  1813 1987                                                                   .49  .58  .65  .70  .62      
 343 TCAM04B  1806 1988                                                                   .31A .48  .67  .73  .65      
 344 TCAM06B  1605 1988                           .61  .60  .58  .59  .74  .80  .67  .63  .59  .37  .54  .73  .60      
 346 C-5PT2S  1809 1892                                                                   .30A                         
 347 C-9-1S   1849 1992                                                                        .54  .65  .67  .70      
 348 C11-2S   1748 1979                                                         .60  .60  .65  .72  .72  .65  .52      
 349 C15S     1726 1992                                                    .44  .50  .60  .64  .72  .76  .71  .64      
 350 C-17-1S  1762 1948                                                         .59  .56  .53  .60  .74                
 351 C17S     1778 1992                                                              .59  .65  .67  .69  .50  .49      
 352 C20BRS   1809 1924                                                                   .61  .53  .68                
 356 F-3BS    1735 1896                                                    .61  .55  .41  .29A                         
 357 F-4AS    1721 1992                                               .62  .58  .54  .62  .67  .62  .63  .53  .53      
 358 F-4BS    1726 1915                                                    .67  .56  .62  .64  .65                     
 359 F-7BS    1728 1975                                                    .50  .48  .58  .55  .41  .58  .72  .71      
 360 MCA-2AS  1655 1992                                     .61  .61  .50  .47  .43  .49  .52  .58  .70  .67  .70      
 361 MCA-3BS  1747 1992                                                    .62  .54  .53  .49  .61  .56  .56  .60      
 362 MCA-4BS  1720 1789                                               .43                                              
 363 MCA-6BS  1760 1992                                                         .54  .71  .63  .57  .69  .72  .77      
 365 S-9-2S   1724 1992                                                    .70  .66  .76  .68  .61  .60  .52  .44      
 366 S12-2S   1733 1898                                                    .63  .69  .76  .77                          
 367 S-33AS   1674 1943                                     .53  .62  .78  .81  .76  .67  .59  .76  .67                
 Av segment correlation  .41  .35  .35  .50  .47  .43  .56  .57  .54  .57  .56  .56  .62  .57  .59  .66  .68  .66  .71 

 FLAGGED SEGMENTS: cana323
-----------------------------------------------------------------------------------------------------------------------------------
 Seq Series   Segment    Flag  r dated  Best lag  r at lag   Gain  Note
 --- -------- ---------  ----  -------  --------  --------  -----  -----------------
   2 DEG02    1825 1874     B     .347         2      .395   .048
   3 DEG03    1875 1924     A     .206         0
   6 DEG06    1525 1574     B     .206         6      .314   .108  weak at every lag
   6 DEG06    1550 1599     B     .101         6      .364   .263
   9 DEG10    1725 1774     B     .257        10      .314   .057  weak at every lag
  10 DEG11    1725 1774     A     .263         0
  14 DEG15    1825 1874     B     .237         2      .330   .093
  17 DEG18    1625 1674     B     .119         3      .235   .115  weak at every lag
  18 DEG19    1550 1599     A     .266         0
  19 DEG20    1700 1749     B     .140         9      .299   .159  weak at every lag
  19 DEG20    1725 1774     B     .152        -5      .241   .089  weak at every lag
  21 DEG22B   1625 1674     B     .213         1      .416   .204
  22 DEG22C   1500 1549     A     .301         0
  22 DEG22C   1525 1574     A     .301         0
  22 DEG22C   1625 1674     A     .306         0
  22 DEG22C   1650 1699     B    -.072         6      .293   .366  weak at every lag
  23 DEG23    1675 1724     A     .166         0
  23 DEG23    1700 1749     A     .316         0
  24 DEG24    1500 1549     A     .241         0
  24 DEG24    1525 1574     B     .144        -7      .176   .032  weak at every lag
  24 DEG24    1550 1599     A     .308         0
  25 DEG25    1575 1624     A     .317         0
  27 EGL101B  1825 1874     A     .317         0
  38 EGL107A  1825 1874     B     .387        -8      .418   .031
  39 EGL107B  1825 1874     B     .386        -8      .455   .068
  48 NBS01a   1875 1924     A     .322         0
  55 NBS05a   1750 1799     B     .234        -7      .258   .024  weak at every lag
  56 NBS05b   1750 1799     A     .251         0
  75 NBS15b   1800 1849     B     .290        -4      .327   .037  weak at every lag
  84 NWR01    1675 1724     A     .279         0
  84 NWR01    1700 1749     B     .155        -8      .336   .181
  86 NWR03    1600 1649     A     .257         0
  91 NWR08    1750 1799     A     .244         0
  91 NWR08    1775 1824     A     .277         0
  95 NWR12    1700 1749     B     .258        -5      .339   .082
  96 NWR13    1850 1899     A     .288         0
 103 NWR20A   1725 1774     B     .378        -5      .380   .001
 108 NWR25    1700 1749     B     .364        -3      .551   .187
 114 NWR31    1700 1749     B     .117         5      .289   .172  weak at every lag
 120 NWTEST   1625 1674     B     .133        -9      .195   .062  weak at every lag
 123 PB350M   1550 1599     B    -.241         5      .463   .705
 123 PB350M   1575 1624     B    -.159         5      .370   .529
 123 PB350M   1600 1649     B     .125        -9      .304   .179  weak at every lag
 123 PB350M   1625 1674     B     .234         2      .273   .039  weak at every lag
 123 PB350M   1675 1724     A     .294         0
 123 PB350M   1700 1749     A     .317         0
 145 PBS-15A  1850 1899     B     .326         9      .390   .064
 156 PBS-LS2  1900 1949     B     .476        -5      .527   .052
 171 PBW08A   1925 1974     A     .245         0
 176 TBR01    1825 1874     B     .143         2      .333   .190
 177 TBR02    1725 1774     B     .251         2      .271   .020  weak at every lag
 177 TBR02    1750 1799     B     .308         5      .346   .038
 178 TBR03    1825 1874     A     .284         0
 178 TBR03    1850 1899     A     .125         0
 179 TBR04    1875 1924     B     .411        -5      .494   .083
 181 TBR06    1725 1774     B     .106         7      .189   .083  weak at every lag
 184 TBR09    1775 1824     A     .172         0
 187 TBR12    1625 1674     A     .269         0
 188 TBR13    1600 1649     A     .323         0
 203 IHB09A   1850 1899     A     .326         0
 203 IHB09A   1925 1974     B     .267        -2      .329   .063
 204 IHB09B   1850 1899     A     .277         0
 246 SWP12B   1650 1699     B     .228        -9      .254   .027  weak at every lag
 246 SWP12B   1675 1724     B     .221         9      .299   .079  weak at every lag
 249 SWP16B   1750 1799     A     .327         0
 250 AP16S    1850 1899     A     .306         0
 265 AP25S    1775 1824     A     .249         0
 265 AP25S    1800 1849     A     .325         0
 265 AP25S    1825 1874     B     .079         4      .432   .352
 267 AP25W    1750 1799     B     .119         6      .174   .056  weak at every lag
 267 AP25W    1900 1949     B     .265       -10      .309   .045  weak at every lag
 269 AP27E    1825 1874     A     .308         0
 269 AP27E    1850 1899     A     .221         0
 269 AP27E    1875 1924     A     .308         0
 270 AP27W'   1825 1874     A     .322         0
 273 NB12S    1600 1649     B     .217         1      .266   .049  weak at every lag
 274 NB12N    1600 1649     B     .104        -9      .283   .180  weak at every lag
 274 NB12N    1625 1674     B     .171        -9      .220   .049  weak at every lag
 278 NB12W    1650 1699     B     .203         9      .284   .082  weak at every lag
 279 NB13N    1775 1824     A     .221         0
 289 OI-07-B  1825 1874     A     .267         0
 290 OI-07 S  1850 1899     A     .316         0
 298 MBS-02B  1800 1849     B     .216        -2      .222   .006  weak at every lag
 298 MBS-02B  1825 1874     B     .228        -5      .312   .084  weak at every lag
 299 MBS-03A  1825 1874     A     .293         0
 318 MBS-12B  1650 1699     A     .250         0
 327 MBS-16   1750 1799     A     .291         0
 327 MBS-16   1775 1824     A     .244         0
 327 MBS-16   1850 1899     B     .382        -3      .419   .037
 335 DEG09    1850 1899     B     .204         1      .326   .122  weak at every lag
 343 TCAM04B  1825 1874     A     .311         0
 346 C-5PT2S  1825 1874     A     .305         0
 356 F-3BS    1825 1874     A     .294         0

 DESCRIPTIVE STATISTICS: cana323
-----------------------------------------------------------------------------------------------------------------------------------

                                                Corr   //-------- Unfiltered --------\\  //-- dplR filtered --\\
                           No.    No.    No.    with   Mean   Max     Std   Auto   Mean   Max     Std   Auto  AR
 Seq Series   Interval   Years  Segmt  Flags   Master  msmt   msmt    dev   corr   sens  value    dev   corr  ()
 --- -------- ---------  -----  -----  -----   ------ -----  -----  -----  -----  -----  -----  -----  -----  --
   1 DEG01    1725 1939    215      6      0    .580    .33    .95   .202   .865   .253   2.03   .249   .007   2
   2 DEG02    1702 1878    177      5      1    .467    .39    .96   .215   .728   .293   1.81   .279  -.005   1
   3 DEG03    1758 1934    177      5      1    .330    .41   1.36   .277   .814   .303   2.10   .327   .013   3
   4 DEG04    1743 1881    139      4      0    .499    .75   1.93   .420   .767   .298   1.96   .319  -.062   1
   5 DEG05    1790 1980    191                          .55   1.99   .426   .866   .283                         
   6 DEG06    1503 1846    344     11      2    .506    .24   1.65   .172   .858   .245   2.06   .251   .011   3
   7 DEG07    1652 1940    289      9      0    .526    .42   2.14   .358   .915   .297   2.22   .298   .004   2
   8 DEG08    1595 1823    229      7      0    .583    .72   1.43   .223   .490   .234   2.06   .247  -.013   1
   9 DEG10    1713 1960    248      8      1    .535    .56   1.49   .295   .845   .228   1.90   .245  -.002   2
  10 DEG11    1661 1781    121      3      1    .386    .43   1.22   .219   .770   .284   1.87   .299   .010   1
  11 DEG12    1669 1882    214      7      0    .740    .69   1.87   .378   .790   .287   2.01   .296   .005   2
  12 DEG13    1536 1881    346     12      0    .579    .37   1.27   .241   .851   .258   2.02   .263  -.022   1
  13 DEG14    1670 1892    223      7      0    .485    .39    .96   .224   .844   .241   2.12   .256  -.014   1
  14 DEG15    1636 1880    245      8      1    .457    .59   1.43   .260   .754   .257   1.75   .265   .022   1
  15 DEG16    1760 1871    112      2      0    .540    .94   2.10   .499   .844   .216   1.90   .241   .015   3
  16 DEG17    1543 1799    257      9      0    .559    .36   1.24   .190   .807   .232   2.31   .258   .024   1
  17 DEG18    1617 1891    275      9      1    .540    .25    .80   .125   .812   .250   1.75   .259  -.017   1
  18 DEG19    1473 1873    401     13      1    .456    .23    .81   .152   .868   .244   2.08   .254   .008   1
  19 DEG20    1694 1854    161      5      2    .411    .29    .88   .175   .853   .248   1.90   .267   .007   1
  20 DEG21    1477 1828    352     12      0    .570    .35   1.02   .190   .835   .249   2.06   .247  -.021   1
  21 DEG22B   1459 1679    221      6      1    .460    .38   1.65   .307   .871   .278   2.19   .293  -.007   1
  22 DEG22C   1470 1705    236      7      4    .265    .19    .56   .116   .756   .300   2.20   .317   .018   1
  23 DEG23    1666 1878    213      7      2    .371    .26   1.08   .204   .890   .263   2.03   .271   .004   3
  24 DEG24    1480 1881    402     14      3    .483    .31    .87   .171   .857   .252   2.03   .259  -.006   3
  25 DEG25    1563 1889    327     11      1    .424    .16    .74   .097   .835   .221   1.76   .229  -.003   3
  26 EGL101A  1801 1902    102      2      0    .641    .67   1.42   .275   .771   .206   1.64   .226  -.025   1
  27 EGL101B  1814 1965    152      4      1    .542    .93   2.78   .520   .841   .221   1.64   .231  -.023   3
  28 EGL102A  1782 1904    123      3      0    .705    .75   1.44   .206   .495   .198   1.68   .212  -.030   1
  29 EGL102B  1785 2001    217      7      0    .727    .83   1.76   .331   .744   .227   1.91   .232  -.005   1
  30 EGL103A  1799 2001    203      7      0    .728    .63   1.20   .198   .653   .201   1.61   .214   .005   1
  31 EGL103B  1763 2001    239      8      0    .695    .69   1.29   .236   .648   .222   2.01   .237  -.017   1
  32 EGL104A  1870 2001    132      4      0    .626    .64   1.44   .192   .504   .233   1.67   .207  -.032   0
  33 EGL104B  1860 2001    142      4      0    .704    .69   1.66   .242   .677   .222   1.58   .208  -.022   1
  34 EGL105A  1770 2001    232      8      0    .663    .52   1.49   .271   .805   .261   1.96   .258  -.021   1
  35 EGL105B  1876 1955     80      1      0    .513    .73   1.17   .200   .234   .262   1.71   .256   .073   0
  36 EGL106A  1735 2001    267      9      0    .745    .42   1.19   .216   .741   .294   1.94   .284  -.001   1
  37 EGL106B  1735 2001    267      9      0    .716    .45   1.31   .251   .780   .296   1.96   .293   .006   1
  38 EGL107A  1803 2001    199      6      1    .604    .75   1.94   .355   .733   .270   2.01   .282   .012   2
  39 EGL107B  1803 2001    199      6      1    .609    .75   1.92   .356   .729   .279   2.09   .290   .010   2
  40 EGL108A  1788 2001    214      7      0    .635    .32    .76   .142   .705   .248   2.01   .271   .020   2
  41 EGL108B  1788 2001    214      7      0    .551    .30    .88   .161   .761   .268   2.14   .282  -.002   3
  42 EGL109A  1743 2001    259      9      0    .690    .24    .57   .110   .756   .256   1.82   .252  -.012   1
  43 EGL109B  1767 2001    235      8      0    .667    .25    .68   .104   .763   .229   1.64   .234  -.013   1
  44 EGL109C  1747 2001    255      9      0    .621    .30    .95   .164   .843   .238   2.05   .254  -.001   1
  45 EGL110A  1797 2001    205      7      0    .613    .68   1.45   .204   .425   .237   1.99   .248  -.009   1
  46 EGL110B  1797 2001    205      7      0    .685    .45   1.22   .211   .784   .217   2.00   .239  -.022   1
  47 EGR108'  1713 1815    103      2      0    .546    .22    .76   .178   .879   .346   1.81   .335  -.018   1
  48 NBS01a   1858 1996    139      3      1    .515    .60   2.10   .297   .845   .184   1.62   .214   .030   1
  49 NBS01b   1858 1996    139      3      0    .562   1.09   2.34   .349   .776   .164   1.54   .171  -.040   3
  50 NBS02a   1782 1977    196      6      0    .640    .66   1.53   .234   .661   .228   1.69   .234  -.006   1
  51 NBS02b   1822 1977    156      5      0    .588    .80   1.37   .203   .208   .246   1.65   .218   .012   1
  52 NBS03a   1758 1983    226      7      0    .586    .93   1.99   .339   .747   .200   1.69   .197  -.015   3
  53 NBS03b   1801 1962    162      4      0    .698    .77   1.35   .212   .631   .182   1.50   .178  -.020   3
  54 NBS04    1688 1996    309     10      0    .516    .33   1.18   .207   .821   .270   1.93   .279   .026   1
  55 NBS05a   1734 1996    263      8      1    .495    .31    .69   .116   .762   .207   1.74   .208   .013   1
  56 NBS05b   1734 1996    263      8      1    .500    .44   1.23   .160   .687   .202   2.43   .237  -.003   2
  57 NBS06    1729 1996    268      8      0    .594    .47   1.76   .274   .870   .216   1.74   .221  -.002   3
  58 NBS07a   1875 1996    122      2      0    .486    .77   2.08   .278   .442   .253   1.96   .251   .081   1
  59 NBS07b   1875 1996    122      2      0    .615    .82   1.83   .299   .601   .238   1.66   .239   .042   1
  60 NBS08a   1896 1996    101      2      0    .551    .88   1.46   .198   .486   .174   1.48   .177   .025   1
  61 NBS08b   1896 1996    101      2      0    .570    .91   1.62   .253   .598   .172   1.52   .177  -.002   1
  62 NBS09a   1823 1996    174      4      0    .602    .69   1.31   .194   .613   .196   1.78   .203   .005   3
  63 NBS09b   1823 1996    174      4      0    .640    .99   2.16   .396   .761   .225   1.65   .206  -.018   3
  64 NBS10a   1903 1996     94      1      0    .584   1.30   2.40   .366   .545   .201   1.57   .183   .047   0
  65 NBS10b   1903 1996     94      1      0    .634   1.13   2.36   .299   .527   .181   1.64   .192   .039   1
  66 NBS11a   1779 1996    218      6      0    .663   1.03   2.21   .374   .796   .180   1.60   .173   .003   2
  67 NBS11b   1831 1996    166      4      0    .672   1.19   2.54   .403   .746   .179   1.51   .172   .086   0
  68 NBS12a   1810 1996    187      5      0    .741    .23    .43   .071   .428   .252   1.76   .241  -.010   3
  69 NBS12b   1828 1995    168      4      0    .678    .32    .71   .129   .639   .249   1.95   .241   .023   0
  70 NBS12c   1821 1994    174      5      0    .559    .23    .54   .091   .586   .278   2.12   .272  -.004   1
  71 NBS13a   1760 1996    237      7      0    .667    .46   1.84   .331   .873   .234   1.72   .232  -.001   2
  72 NBS13b   1815 1996    182      5      0    .606    .57   1.44   .308   .829   .201   1.94   .225   .005   1
  73 NBS14    1651 1996    346     11      0    .611    .25    .91   .172   .805   .274   1.79   .258  -.006   1
  74 NBS15a   1784 1996    213      6      0    .733    .66   1.31   .278   .761   .221   1.59   .221  -.015   1
  75 NBS15b   1784 1996    213      6      1    .589    .58   1.39   .204   .667   .219   1.76   .233  -.001   3
  76 NBS16    1721 1996    276      9      0    .567    .38   1.27   .291   .929   .211   1.76   .211  -.006   1
  77 NBS17    1818 1996    179      5      0    .735    .65   1.45   .293   .720   .256   1.62   .228   .044   0
  78 NBS18    1760 1996    237      7      0    .663    .46   1.34   .154   .695   .177   1.98   .182   .001   1
  79 NBS19a   1809 1996    188      5      0    .665    .91   2.15   .373   .690   .227   2.06   .218  -.004   1
  80 NBS19b   1846 1996    151      4      0    .682   1.03   1.60   .257   .377   .224   1.54   .193  -.005   0
  81 NBS20a1  1558 1996    439     15      0    .682    .33   1.76   .220   .871   .244   1.76   .241  -.005   3
  82 NBS20a2  1558 1996    439     15      0    .672    .29   1.24   .198   .870   .271   1.89   .260   .002   2
  83 NBS20b   1584 1996    413     14      0    .693    .26    .89   .162   .845   .263   1.80   .250   .002   2
  84 NWR01    1651 1908    258      8      2    .481    .21    .50   .106   .809   .240   1.88   .258   .002   2
  85 NWR02    1602 1880    279      9      0    .565    .21   1.10   .131   .796   .310   2.12   .313  -.034   1
  86 NWR03    1578 1895    318     10      1    .502    .21    .98   .122   .818   .259   2.01   .270  -.002   3
  87 NWR04    1725 1864    140      3      0    .524    .67   1.45   .296   .811   .216   1.58   .234   .059   1
  88 NWR05    1643 1862    220                          .49   1.97   .392   .929   .243                         
  89 NWR06    1802 1935    134      3      0    .594    .67   1.89   .370   .910   .193   1.58   .189  -.034   3
  90 NWR07    1712 1932    221      7      0    .655    .38   1.35   .226   .851   .225   2.04   .245   .012   1
  91 NWR08    1725 1894    170      4      2    .438    .35   1.07   .183   .843   .254   1.81   .248   .055   1
  92 NWR09    1550 1844    295      9      0    .553    .17    .77   .090   .843   .211   1.80   .225  -.007   3
  93 NWR10    1613 1929    317     11      0    .588    .29    .76   .143   .864   .204   1.74   .216  -.010   1
  94 NWR11    1758 1944    187      5      0    .421    .39   1.33   .234   .867   .221   1.67   .240  -.008   2
  95 NWR12    1691 1836    146      4      1    .508    .40   1.15   .247   .893   .290   1.92   .277  -.028   1
  96 NWR13    1768 1903    136      4      1    .480    .32    .92   .200   .835   .278   1.98   .282  -.042   1
  97 NWR14    1774 1877    104      3      0    .454    .63   1.33   .215   .524   .240   1.64   .249   .028   1
  98 NWR15    1721 1851    131      4      0    .509    .23    .62   .103   .741   .268   1.88   .274   .038   1
  99 NWR16    1660 1874    215      7      0    .596    .38   1.04   .202   .786   .290   2.07   .293   .010   3
 100 NWR17    1702 1886    185      5      0    .542    .56   1.53   .336   .839   .270   1.95   .273   .010   3
 101 nwr18    1649 1831    183      6      0    .561    .42   1.01   .236   .816   .295   1.83   .284  -.048   1
 102 NWR19    1652 1850    199      6      0    .443    .36   1.28   .224   .855   .244   1.98   .258  -.024   1
 103 NWR20A   1720 1852    133      4      1    .512    .43    .92   .144   .667   .209   1.59   .216  -.000   3
 104 NWR21    1659 1857    199      6      0    .432    .39   1.39   .263   .802   .306   2.71   .358   .017   1
 105 NWR22    1550 1698    149      3      0    .556    .26    .71   .128   .714   .275   2.23   .320  -.004   2
 106 NWR23A   1687 1821    135      3      0    .558    .25    .73   .113   .800   .234   1.63   .243  -.029   1
 107 NWR24B   1688 1850    163      5      0    .441    .47   1.51   .355   .807   .382   2.12   .353  -.011   1
 108 NWR25    1674 1786    113      2      1    .485    .32    .72   .170   .870   .250   2.35   .268  -.032   3
 109 NWR26    1647 1809    163      5      0    .625    .39   1.12   .227   .828   .294   1.79   .283  -.013   1
 110 NWR27    1720 1833    114      3      0    .633    .68   2.94   .762   .941   .226   1.75   .225   .017   2
 111 NWR28    1574 1836    263      8      0    .639    .37   1.02   .178   .802   .237   1.69   .245  -.001   2
 112 NWR29    1654 1810    157      4      0    .404    .25    .85   .163   .827   .295   2.08   .292   .060   1
 113 NWR30    1648 1818    171      5      0    .550    .20    .49   .091   .808   .224   1.62   .227   .007   1
 114 NWR31    1682 1813    132      3      1    .373    .16    .56   .090   .742   .300   1.98   .313  -.011   1
 115 NWR32    1569 1794    226      7      0    .561    .28    .73   .141   .732   .304   2.01   .308  -.021   1
 116 NWR33    1737 1857    121      3      0    .644    .54   1.74   .242   .744   .236   1.60   .229   .054   1
 117 NWR34    1758 1904    147      4      0    .497    .29    .66   .124   .723   .246   1.74   .247   .017   2
 118 NWR35    1719 1887    169      5      0    .642    .36   1.22   .233   .861   .288   2.31   .302  -.012   1
 119 NWR36    1604 1828    225      7      0    .583    .53   1.36   .245   .815   .216   1.65   .225  -.017   3
 120 NWTEST   1608 1808    201      6      1    .361    .25    .76   .168   .898   .264   1.68   .258   .002   2
 121 NWTST2   1594 1790    197      6      0    .520    .15    .43   .073   .729   .297   1.91   .290   .008   3
 122 NWTS01   1590 1710    121      3      0    .596    .56   1.35   .270   .735   .268   2.04   .290  -.031   3
 123 PB350M   1548 1865    318     11      6    .217    .25    .79   .134   .712   .332   3.10   .336   .016   1
 124 PBS-01A  1725 1996    272      9      0    .698    .55   1.71   .371   .927   .209   1.64   .191   .014   0
 125 PBS-01B  1725 1997    273      8      0    .713    .52   1.65   .328   .913   .208   1.49   .191  -.007   3
 126 PBS-02   1803 1996    194      5      0    .555    .88   2.04   .344   .795   .210   1.78   .195   .025   0
 127 PBS-03   1777 1996    220      6      0    .631   1.06   1.94   .299   .743   .163   1.42   .160  -.004   1
 128 PBS-04   1796 1996    201      6      0    .682   1.25   3.67   .590   .865   .176   1.52   .167   .064   0
 129 PBS-05A  1893 1997    105      2      0    .632    .75   1.31   .163   .143   .218   1.68   .197   .018   0
 130 PBS-05B  1896 1997    102      2      0    .784    .71   1.25   .175   .263   .226   1.50   .198  -.045   0
 131 PBS-06   1806 1996    191      5      0    .702   1.28   2.10   .392   .556   .218   1.54   .197   .029   0
 132 PBS-07A  1820 1996    177      5      0    .650    .65   1.09   .169   .491   .203   1.70   .207   .012   1
 133 PBS-07B  1880 1996    117      2      0    .727    .89   1.61   .238   .447   .218   1.78   .216  -.034   3
 134 PBS-08A  1919 1997     79      1      0    .519   1.25   2.07   .351   .647   .175   1.56   .204  -.002   2
 135 PBS-08B  1919 1986     68      1      0    .531   1.78   2.78   .410   .561   .166   1.41   .159   .073   0
 136 PBS-09A  1886 1995    110      2      0    .642    .62   1.10   .220   .765   .194   1.58   .182  -.110   1
 137 PBS-09B  1882 1996    115      2      0    .739    .99   1.79   .329   .580   .230   1.59   .207   .049   0
 138 PBS-10   1848 1996    149      4      0    .576   1.42   2.46   .362   .367   .227   1.81   .221   .003   1
 139 PBS-11A  1784 1997    214      6      0    .639    .49   1.82   .264   .840   .247   1.73   .239   .001   1
 140 PBS-11B  1785 1996    212      6      0    .584    .53   1.53   .279   .842   .249   1.80   .236   .016   1
 141 PBS-13A  1866 1996    131      3      0    .686    .70   1.42   .215   .685   .185   1.49   .180   .015   1
 142 PBS-13B  1781 1997    217      6      0    .583    .64   1.94   .296   .838   .191   1.96   .211  -.009   3
 143 PBS-14A  1899 1996     98      1      0    .450   1.45   3.40   .658   .772   .266   1.91   .259  -.004   3
 144 PBS-14B  1899 1996     98      1      0    .487   1.32   2.83   .726   .886   .238   1.76   .245  -.012   2
 145 PBS-15A  1848 1997    150      4      1    .569    .77   2.28   .339   .666   .266   2.30   .290  -.007   1
 146 PBS-15B  1849 1991    143      3      0    .550    .58   1.49   .282   .747   .251   1.80   .225  -.006   2
 147 PBS-16A  1781 1996    216      6      0    .765    .63   1.76   .254   .628   .274   1.83   .247  -.005   0
 148 PBS-16B  1744 1996    253      8      0    .698    .93   2.26   .367   .673   .244   1.74   .238  -.005   1
 149 PBS-17A  1760 1996    237      7      0    .721    .61   1.20   .160   .557   .195   1.73   .188  -.008   1
 150 PBS-17B  1751 1997    247      7      0    .653    .67   1.56   .212   .647   .197   1.60   .193   .002   1
 151 PBS-18A  1853 1996    144      3      0    .549   1.00   1.98   .438   .830   .177   1.53   .174   .096   0
 152 PBS-18B  1853 1996    144      3      0    .528    .70   1.78   .161   .471   .165   1.58   .162  -.023   1
 153 PBS 20A  1825 1996    172      4      0    .642   1.29   4.41   .614   .763   .205   2.42   .220   .025   1
 154 PBS-20B  1820 1996    177      5      0    .687   1.50   3.00   .651   .835   .200   1.58   .193  -.010   1
 155 PBS-LS1  1825 1906     82      1      0    .632    .59   1.05   .167   .329   .266   1.55   .216  -.044   3
 156 PBS-LS2  1891 1963     73      1      1    .520   1.53   3.31   .684   .736   .263   1.91   .283   .045   1
 157 PBS-LS3A 1896 1961     66      1      0    .467   1.37   2.58   .437   .424   .266   1.65   .240   .082   0
 158 PBS-LS3B 1896 1961     66      1      0    .541   1.50   2.65   .547   .677   .226   1.55   .232   .019   1
 159 PAA01A   1938 1996     59      0      0    .441   1.71   2.33   .269   .308   .153   1.34   .144   .028   1
 160 PAA02B   1913 1996     84      1      0    .449    .87   1.54   .273   .683   .219   1.41   .198   .073   2
 161 PBW01    1760 1996    237      7      0    .642    .83   2.54   .411   .837   .221   1.95   .223   .015   1
 162 PBW02A   1780 1996    217      6      0    .616    .58   2.49   .301   .826   .224   1.90   .238  -.027   1
 163 PBW02B   1794 1996    203      6      0    .696    .77   2.05   .301   .739   .207   1.82   .221  -.055   3
 164 PBW03A   1815 1997    183      5      0    .648    .28   1.06   .183   .871   .241   1.94   .254   .001   1
 165 PBW03B   1772 1996    225      7      0    .694    .36   1.26   .236   .887   .249   1.98   .258  -.001   1
 166 PBW04A   1776 1953    178      5      0    .682    .43   1.17   .218   .828   .239   1.74   .219  -.004   2
 167 PBW04b   1816 1948    133      3      0    .730    .69   1.32   .204   .361   .243   1.68   .240   .010   2
 168 PBW05    1838 1996    159      4      0    .578    .29    .82   .146   .723   .290   1.82   .303  -.016   3
 169 PBW05B   1828 1996    169      4      0    .578    .29    .90   .143   .733   .260   1.91   .277   .020   1
 170 PBW06    1912 1997     86      1      0    .454    .73   1.35   .341   .836   .219   1.53   .228   .064   1
 171 PBW08A   1892 1996    105      2      1    .255   1.45   2.59   .472   .721   .195   1.54   .215   .028   2
 172 PBW09    1877 1996    120      2      0    .654   1.43   2.72   .415   .626   .195   1.60   .193   .011   1
 173 PBW11A   1882 1997    116      2      0    .757   1.40   2.39   .376   .431   .235   1.51   .218   .021   1
 174 PBW11B   1882 1996    115      2      0    .632   1.08   2.05   .390   .705   .199   1.64   .208  -.017   1
 175 TBL10    1798 1988    191      6      0    .558    .43    .97   .179   .815   .207   1.81   .205  -.031   1
 176 TBR01    1806 1904     99      2      1    .242    .26    .79   .131   .786   .257   1.93   .260  -.033   3
 177 TBR02    1720 1930    211      7      2    .448    .23   1.09   .161   .853   .270   1.87   .279  -.002   2
 178 TBR03    1813 1943    131      3      2    .340    .20    .52   .078   .659   .249   1.86   .258   .027   1
 179 TBR04    1739 1926    188      6      1    .441    .17    .58   .098   .834   .262   1.90   .271   .002   3
 180 TBR05    1645 1911    267      9      0    .444    .39   1.28   .243   .871   .221   1.66   .226  -.006   1
 181 TBR06    1700 1851    152      4      1    .392    .27    .95   .176   .852   .297   1.95   .287   .016   1
 182 TBR07    1743 1903    161      5      0    .659    .50    .99   .223   .669   .272   2.17   .304   .007   2
 183 TBR08    1786 1896    111      2      0    .421    .19    .62   .106   .627   .311   1.94   .313  -.011   2
 184 TBR09    1770 1904    135      4      1    .302    .16   2.52   .218   .171   .328   2.38   .394   .267   1
 185 TBR10    1721 1872    152      4      0    .552    .27   1.09   .172   .839   .259   1.74   .270  -.012   1
 186 TBR11    1792 1938    147      4      0    .514    .22    .86   .165   .822   .341   1.88   .316  -.037   1
 187 TBR12    1585 1907    323     11      1    .451    .27    .73   .150   .828   .257   2.15   .274  -.001   1
 188 TBR13    1517 1792    276      9      1    .500    .14    .59   .091   .873   .236   1.75   .246  -.009   1
 189 TBR14    1668 1927    260      9      0    .573    .14    .62   .085   .751   .354   2.15   .348   .011   1
 190 TBR15    1676 1827    152      4      0    .590    .13    .30   .052   .762   .238   1.69   .238  -.005   1
 191 IHB01A   1833 1998    166      4      0    .742   1.01   2.23   .395   .757   .218   1.67   .207  -.016   1
 192 IHB01B   1848 1998    151      4      0    .736   1.36   2.94   .526   .790   .198   1.60   .192  -.007   2
 193 IHB3A    1772 1998    227      7      0    .719    .59   1.18   .203   .569   .260   1.85   .233   .001   0
 194 IHB3B    1772 1998    227      7      0    .653    .58   1.31   .211   .596   .278   1.68   .241   .013   0
 195 IHB4A    1822 1998    177      5      0    .683    .61   1.22   .204   .645   .221   1.49   .198   .009   0
 196 IHB4B    1822 1998    177      5      0    .634    .81   1.72   .280   .683   .210   1.53   .210   .005   2
 197 IHB05A   1741 1998    258      8      0    .651    .79   2.18   .398   .873   .209   1.55   .207  -.022   3
 198 IHB05B   1741 1998    258      8      0    .612    .59   1.51   .250   .841   .189   1.46   .184  -.044   3
 199 IHB07A   1754 1998    245      7      0    .717    .61   2.42   .392   .924   .175   1.66   .171  -.002   1
 200 IHB07B   1755 1998    244      7      0    .638    .61   2.38   .387   .905   .184   2.38   .195   .011   1
 201 IHB8A    1836 1998    163      4      0    .694    .64   1.19   .202   .717   .196   1.48   .186  -.006   1
 202 IHB8B    1836 1998    163      4      0    .661    .90   1.55   .226   .525   .191   1.47   .177   .089   0
 203 IHB09A   1829 1998    170      4      2    .386    .64   1.75   .259   .760   .152   2.23   .184   .023   1
 204 IHB09B   1829 1998    170      4      1    .399    .57   1.34   .235   .817   .169   1.71   .185  -.026   3
 205 IHB10W   1746 1998    253      8      0    .569    .79   1.66   .278   .800   .173   1.76   .171  -.016   1
 206 IHB10N   1714 1998    285      9      0    .497    .62   1.36   .161   .615   .175   1.72   .170  -.004   1
 207 IHB11A   1825 1998    174      4      0    .632    .99   1.82   .261   .550   .187   1.69   .195   .009   2
 208 IHB11B   1825 1983    159      4      0    .632   1.04   1.60   .218   .387   .185   1.62   .176  -.022   1
 209 IHB11N   1728 1998    271      8      0    .573    .55   1.12   .214   .788   .203   1.56   .204  -.003   3
 210 IHB13A   1728 1998    271      8      0    .698    .50   1.25   .168   .580   .226   1.94   .227  -.003   1
 211 IHB13B   1728 1998    271      8      0    .656    .36   1.46   .208   .817   .234   2.12   .224   .048   0
 212 IHB13C   1725 1998    274      9      0    .695    .44   1.04   .144   .597   .230   1.87   .219   .083   0
 213 IHB13D   1725 1998    274      8      0    .668    .40   1.78   .206   .713   .234   2.58   .248   .015   1
 214 IHB15A   1689 1998    296                          .42   1.03   .159   .642   .235                         
 215 IHB15B   1689 1998    296                          .42   1.17   .178   .732   .230                         
 216 IHB16A   1787 1998    212      6      0    .461    .40   1.36   .174   .772   .216   2.05   .227  -.018   3
 217 IHB16B   1759 1998    236                          .67   1.44   .226   .577   .255                         
 218 IHB17A   1810 1998    189      5      0    .630    .71   1.82   .249   .787   .168   1.57   .173  -.014   1
 219 IHB17B   1810 1998    189      5      0    .624    .92   1.78   .255   .644   .177   1.50   .180  -.013   1
 220 IHB18N   1806 1998    193      5      0    .697    .73   2.47   .408   .842   .255   1.81   .247   .001   3
 221 IHB19A   1777 1970    194      5      0    .654    .44   1.29   .198   .767   .221   1.98   .230   .001   2
 222 IHB19B   1730 1970    241      7      0    .668    .47   1.93   .326   .846   .267   1.93   .259   .002   2
 223 IHB19W   1740 1998    259      8      0    .716    .48   1.23   .205   .681   .275   1.70   .259  -.012   1
 224 IHB21A   1842 1998    157      4      0    .684    .80   1.60   .268   .712   .207   1.65   .199  -.016   1
 225 IHB21B   1842 1998    157      4      0    .686    .71   1.64   .281   .760   .205   1.74   .199   .106   0
 226 SWP01    1920 1998     79      1      0    .690    .61   1.18   .202   .828   .160   1.36   .159   .055   1
 227 SWP03A   1714 1998    285      9      0    .620    .29   1.42   .218   .895   .273   1.62   .240   .039   0
 228 SWP03B   1714 1998    285      9      0    .659    .44   1.47   .248   .869   .220   1.59   .207   .007   2
 229 SWP03C   1717 1998    282      9      0    .627    .40   1.58   .227   .837   .225   1.69   .234  -.010   3
 230 SWP03D   1717 1997    281      9      0    .653    .35   1.27   .215   .880   .217   1.80   .210   .005   2
 231 SWP04A   1736 1995    260      8      0    .592    .30   1.46   .222   .894   .252   1.61   .243  -.006   3
 232 SWP04B   1736 1998    263      8      0    .536    .33   1.68   .201   .811   .233   1.68   .234   .004   1
 233 SWP04B*  1754 1998    245      7      0    .552    .29    .83   .151   .867   .223   1.67   .218  -.014   3
 234 SWP05A   1871 1998    128      3      0    .509    .83   1.59   .272   .785   .179   2.09   .214   .066   2
 235 SWP05B   1870 1998    129      3      0    .648    .67   1.15   .163   .614   .163   1.39   .160  -.000   2
 236 SWP06B   1734 1998    265      8      0    .563    .34    .80   .166   .857   .195   1.58   .195   .002   1
 237 SWP07A   1732 1998    267      8      0    .573    .27    .73   .156   .898   .237   1.59   .222   .055   0
 238 SWP07B   1725 1998    274      8      0    .601    .55   1.49   .206   .799   .177   1.63   .180   .012   2
 239 SWP08    1722 1990    269      9      0    .726    .40    .96   .156   .701   .240   1.93   .221  -.014   0
 240 SWP09A   1778 1998    221      6      0    .621    .45    .90   .163   .717   .244   1.58   .213  -.016   0
 241 SWP09B   1787 1950    164      5      0    .616    .40    .75   .149   .801   .202   1.71   .185   .018   0
 242 SWP10B   1763 1998    236      7      0    .592    .39    .78   .136   .708   .201   1.77   .213  -.015   1
 243 SWP11A   1798 1998    201      6      0    .547    .54   1.18   .236   .847   .195   1.71   .202   .000   2
 244 SWP11B   1777 1998    222      6      0    .587    .42   1.13   .232   .903   .196   1.61   .205   .007   2
 245 SWP12A   1526 1780    255      8      0    .524    .20    .59   .122   .890   .226   1.61   .213   .009   1
 246 SWP12B   1560 1998    439     15      2    .487    .22    .69   .134   .900   .228   1.93   .227   .009   1
 247 SWP13A   1667 1998    332     11      0    .654    .33   1.80   .268   .931   .219   1.61   .193   .011   3
 248 SWP16A   1706 1998    293      9      0    .553    .36   1.13   .184   .777   .237   1.99   .230  -.001   1
 249 SWP16B   1706 1998    293      9      1    .502    .70   2.16   .346   .820   .204   1.86   .213  -.008   1
 250 AP16S    1810 1986    177      5      1    .479    .48    .98   .178   .869   .138   1.45   .143   .005   2
 251 AP17W    1795 1986    192      6      0    .684    .65   1.52   .276   .806   .214   1.96   .220   .000   1
 252 AP18W    1768 1986    198                          .84   1.77   .317   .825   .172                         
 253 AP18N    1749 1856    108      2      0    .632    .99   1.65   .293   .775   .154   1.29   .148   .007   2
 254 AP18NW   1770 1986    217      7      0    .643    .80   1.62   .265   .804   .166   1.63   .155   .059   0
 255 AP19N    1843 1986    144      4      0    .559    .39   1.07   .190   .725   .232   1.68   .230  -.009   1
 256 AP19S    1843 1986    144      4      0    .560    .37    .71   .123   .729   .195   1.72   .205   .014   2
 257 AP20N    1815 1986    172      5      0    .550    .30    .90   .145   .822   .222   2.33   .228   .007   1
 258 AP21N    1785 1986    202      6      0    .633    .31   1.05   .213   .915   .215   1.67   .218  -.009   1
 259 AP22N    1846 1986    141      4      0    .582    .62   1.30   .201   .737   .184   1.56   .184  -.013   1
 260 AP22S    1837 1986    150      4      0    .686    .87   1.49   .231   .607   .179   1.54   .177  -.029   3
 261 AP23E    1831 1986    156      4      0    .594    .55   1.34   .252   .828   .197   1.55   .206   .002   1
 262 AP24E    1796 1986    191      6      0    .547    .49   1.30   .226   .666   .262   2.01   .264   .008   1
 263 AP24W    1800 1986    187      5      0    .566    .38   2.10   .197   .609   .243   2.81   .279  -.002   3
 264 AP25N    1759 1986    228      7      0    .510    .34   1.44   .199   .835   .255   1.83   .249  -.001   1
 265 AP25S    1759 1986    228      7      3    .397    .30   2.11   .276   .870   .255   2.13   .263   .005   1
 266 AP25E    1770 1986    217      7      0    .512    .44   1.02   .155   .674   .209   1.73   .213  -.010   1
 267 AP25W    1747 1986    240      8      2    .418    .31   1.69   .240   .880   .256   1.86   .243   .001   1
 268 AP26N    1805 1986    182      5      0    .683    .40   1.17   .202   .821   .236   1.58   .225   .005   1
 269 AP27E    1786 1986    201      6      3    .361    .24    .86   .132   .849   .209   1.89   .213   .023   2
 270 AP27W'   1807 1986    180      5      1    .601    .49   1.33   .252   .771   .279   1.81   .281  -.005   1
 271 AP28     1850 1986    137      3      0    .588    .38   1.00   .179   .706   .241   2.15   .246   .002   1
 272 AP29     1809 1986    178      5      0    .506    .53   1.11   .183   .756   .174   1.58   .184  -.004   3
 273 NB12S    1596 1986    391     14      1    .514    .31    .79   .189   .899   .202   1.64   .198  -.001   1
 274 NB12N    1596 1986    391     14      2    .506    .39   1.23   .150   .615   .243   2.12   .240  -.012   3
 275 NB09N    1739 1986    248      8      0    .500    .35    .93   .164   .830   .223   1.72   .215   .000   2
 276 NB09S    1739 1986    248      8      0    .501    .40    .97   .197   .811   .242   1.79   .244  -.007   1
 277 NB12E    1700 1986    287      9      0    .567    .35    .89   .171   .845   .194   1.69   .195  -.004   1
 278 NB12W    1625 1986    362     12      1    .523    .37    .90   .136   .658   .223   1.85   .218   .003   1
 279 NB13N    1688 1986    299     10      1    .488    .34   1.07   .173   .842   .196   1.66   .186   .000   1
 280 NB13S    1726 1986    261      8      0    .576    .36    .82   .140   .717   .220   1.63   .211  -.010   1
 281 NB16A    1720 1986    267      9      0    .596    .34    .85   .165   .778   .234   1.81   .236   .011   2
 282 NB23E    1680 1986    307     10      0    .543    .22    .76   .098   .640   .268   2.16   .262  -.002   1
 283 NB02W'   1574 1869    296      9      0    .613    .45   1.25   .213   .790   .231   2.02   .229  -.002   2
 284 NB03E    1608 1921    314     10      0    .630    .56    .99   .186   .794   .174   1.63   .172  -.010   1
 285 OI-01-A  1710 1992    283      9      0    .538    .29    .65   .115   .678   .246   1.89   .248   .004   1
 286 OI-01-B  1770 1993    224      7      0    .560    .57   1.33   .200   .658   .242   1.80   .231  -.011   1
 287 OI-03-B  1700 1992    293      9      0    .725    .53   1.75   .329   .832   .260   2.02   .256   .003   1
 288 OI-03se  1738 1830     93      2      0    .638    .76   2.00   .397   .785   .256   1.68   .265   .062   3
 289 OI-07-B  1790 1979    190      6      1    .437    .19    .40   .064   .553   .246   1.78   .222  -.064   0
 290 OI-07 S  1770 1915    146      4      1    .372    .22    .39   .070   .631   .213   2.13   .218   .016   0
 291 OI-11-B  1780 1992    213      6      0    .586    .40    .86   .147   .760   .198   1.91   .209  -.015   3
 292 OI-12-A  1840 1996    157      4      0    .687    .71   1.30   .195   .525   .206   1.61   .192   .060   0
 293 OI-12-B  1840 1996    157      4      0    .688    .52   1.25   .216   .696   .260   1.83   .236   .031   0
 294 OI-15-B  1746 1892    147      4      0    .460    .44   1.06   .170   .716   .218   1.56   .227   .005   2
 295 MBS-01A  1826 1996    171      4      0    .544   1.16   2.62   .565   .834   .231   1.84   .255  -.011   3
 296 MBS-01B  1832 1994    163      4      0    .560    .68   1.39   .261   .743   .223   1.89   .239  -.041   1
 297 MBS-02A  1760 1997    238      7      0    .622    .51   1.00   .144   .584   .204   1.89   .207  -.002   1
 298 MBS-02B  1761 1996    236      7      2    .520    .40   1.21   .166   .715   .230   2.05   .235   .002   1
 299 MBS-03A  1791 1997    207      6      1    .604    .62   2.01   .238   .461   .290   2.04   .259  -.029   0
 300 MBS-03B  1777 1997    221      6      0    .693    .72   1.81   .233   .386   .262   2.17   .257   .007   0
 301 MBS-04A  1838 1997    160      4      0    .561    .38   1.15   .185   .784   .259   1.68   .230   .066   0
 302 MBS-04B  1777 1995    219      6      0    .665    .61   1.13   .188   .609   .219   1.63   .207   .036   0
 303 MBS-05A  1802 1963    162      4      0    .551    .91   2.60   .506   .864   .238   1.73   .243   .011   1
 304 MBS-05B  1830 1962    133      3      0    .520    .70   1.71   .285   .660   .277   1.74   .256  -.008   1
 305 MBS-06A  1847 1997    151      4      0    .586    .50   1.36   .197   .677   .239   2.07   .231   .009   1
 306 MBS-06B  1769 1996    228      7      0    .584    .52   1.55   .242   .800   .227   1.74   .227  -.022   1
 307 MBS-07   1720 1997    278      9      0    .631    .45   1.67   .299   .880   .249   1.77   .233   .011   1
 308 MBS-07B  1759 1889    131      3      0    .594    .39    .88   .165   .774   .233   1.60   .227   .027   1
 309 MBS-08A  1796 1996    201      6      0    .630    .55   2.04   .307   .814   .283   2.16   .311  -.015   1
 310 MBS-08B  1796 1997    202      6      0    .492    .63   2.62   .386   .750   .347   2.74   .387   .027   1
 311 MBS-09A  1762 1936    175      5      0    .564    .26    .64   .124   .865   .218   1.53   .205  -.007   1
 312 MBS-09B  1795 1997    203      6      0    .620    .27    .68   .143   .827   .265   1.71   .242   .003   2
 313 MBS-10A  1799 1997    199      6      0    .622    .87   1.87   .355   .632   .273   2.08   .259   .008   1
 314 MBS-10B  1824 1997    174      5      0    .589   1.22   3.88   .599   .662   .290   2.38   .303  -.001   1
 315 MBS-11A  1808 1996    189      5      0    .569    .66   1.50   .245   .736   .202   1.76   .206   .004   1
 316 MBS-11B  1747 1996    246                          .65   1.44   .249   .779   .194                         
 317 MBS-12A  1680 1996    317     10      0    .643    .38   1.40   .225   .806   .268   1.98   .272   .001   2
 318 MBS-12B  1634 1996    363     12      1    .576    .38   1.33   .178   .682   .266   2.22   .276   .005   1
 319 MBS-13A  1895 1996    102      2      0    .664    .68   1.51   .229   .690   .187   1.59   .192  -.031   2
 320 MBS-13B  1895 1996    102      2      0    .659    .73   1.34   .195   .569   .179   1.49   .171   .036   0
 321 MBS-14A  1815 1995    181      5      0    .668    .46    .92   .168   .443   .320   1.69   .249  -.008   1
 322 MBS-14B  1760 1996    237      7      0    .652    .38    .80   .117   .314   .294   1.83   .241  -.003   1
 323 MBS-15A  1667 1996    330     11      0    .609    .58   2.27   .317   .844   .214   1.85   .216  -.004   1
 324 MBS-15B  1682 1885    204      6      0    .544    .43   1.21   .212   .811   .206   1.65   .206   .020   2
 325 MBS-16A  1803 1996    194      5      0    .544    .18    .50   .100   .838   .228   1.66   .233  -.021   1
 326 MBS-16B  1782 1996    215      6      0    .543    .16    .53   .089   .855   .237   2.16   .240  -.019   1
 327 MBS-16   1749 1996    248      8      3    .374    .25    .68   .130   .896   .190   1.55   .192   .001   1
 328 MBS-17B  1877 1996    120      2      0    .623   1.09   2.14   .291   .578   .176   1.78   .188  -.020   1
 329 MBS-17C  1885 1993    109      2      0    .668    .87   1.42   .233   .612   .185   1.39   .162  -.075   0
 330 MBS-18A  1914 1996     83      1      0    .581    .63   1.25   .235   .822   .172   1.36   .157   .080   0
 331 MBS-18B  1689 1997    309     10      0    .608    .33    .92   .137   .788   .209   1.61   .202  -.002   2
 332 MBS-19   1882 1997    116      2      0    .656    .55   1.22   .208   .750   .217   1.58   .210  -.023   1
 333 MBS-19B  1794 1997    204      6      0    .560    .57   1.26   .191   .670   .216   1.61   .205  -.005   1
 334 MBS-20   1783 1997    215      6      0    .723    .90   1.95   .282   .572   .219   1.72   .220  -.001   3
 335 DEG09    1712 1953    242      8      1    .506    .05    .15   .027   .865   .246   2.11   .261  -.015   1
 336 SWP08B   1797 1855     59      1      0    .571    .24    .51   .094   .901   .153   1.45   .152   .009   3
 337 SWP08BB  1948 1988     41      0      0    .664    .29    .43   .078   .766   .148   1.23   .144   .171   0
 338 SWP10A   1770 1988    219      7      0    .604    .41   1.29   .233   .864   .222   1.71   .213   .050   0
 339 TCAM01A  1744 1988    245      8      0    .599    .33    .89   .199   .923   .189   1.52   .192   .005   2
 340 TCAM02A  1710 1988    279      9      0    .629    .30    .70   .124   .811   .183   1.64   .184   .006   2
 341 TCAM03A  1763 1988    226      7      0    .533    .22    .62   .144   .930   .193   1.69   .191  -.016   1
 342 TCAM04A  1813 1987    175      5      0    .571    .26    .74   .091   .717   .206   1.70   .202  -.007   1
 343 TCAM04B  1806 1988    183      5      1    .574    .32    .60   .105   .725   .197   1.55   .199  -.016   1
 344 TCAM06B  1605 1988    384     13      0    .603    .26   1.03   .153   .861   .264   1.74   .237  -.007   2
 345 C5S      1660 1992    331                          .52   1.36   .302   .883   .215                         
 346 C-5PT2S  1809 1892     84      1      1    .333    .13    .26   .042   .534   .241   1.75   .224   .014   3
 347 C-9-1S   1849 1992    144      4      0    .638    .43    .93   .193   .787   .229   2.19   .249   .027   1
 348 C11-2S   1748 1979    232      7      0    .610    .30    .62   .116   .793   .191   2.23   .205  -.011   3
 349 C15S     1726 1992    267      8      0    .607    .32    .69   .104   .662   .203   1.93   .208   .009   1
 350 C-17-1S  1762 1948    187      5      0    .589    .18    .43   .081   .840   .209   1.65   .199  -.008   3
 351 C17S     1778 1992    215      6      0    .538    .27    .92   .123   .842   .173   2.29   .182   .008   1
 352 C20BRS   1809 1924    116      3      0    .629    .35   1.46   .258   .915   .201   1.63   .197   .003   1
 353 NC-15S   1685 1992    291                          .19    .73   .084   .733   .225                         
 354 C-18AS   1780 1843     64      0      0    .427    .72   1.49   .276   .704   .216   1.55   .211   .173   0
 355 C-18ABS  1951 1986     36      0      0    .579    .92   1.35   .164   .348   .168   1.38   .160   .223   0
 356 F-3BS    1735 1896    162      4      1    .458    .36    .78   .121   .824   .164   1.57   .168  -.019   1
 357 F-4AS    1721 1992    272      9      0    .592    .34   1.20   .166   .879   .169   1.51   .161  -.010   3
 358 F-4BS    1726 1915    190      5      0    .609    .42   1.61   .254   .914   .186   1.59   .170   .073   0
 359 F-7BS    1728 1975    248      8      0    .569    .32    .84   .169   .890   .212   1.70   .197   .034   0
 360 MCA-2AS  1655 1992    338     11      0    .573    .23    .76   .131   .880   .215   1.54   .205  -.009   1
 361 MCA-3BS  1747 1992    246      8      0    .591    .22    .52   .083   .697   .215   1.70   .204   .079   0
 362 MCA-4BS  1720 1789     70      1      0    .430    .23    .56   .122   .858   .207   1.44   .211  -.005   1
 363 MCA-6BS  1760 1992    233      7      0    .644    .36    .83   .198   .899   .171   1.44   .168  -.039   2
 364 S-8BS    1720 1903    183                          .39   1.39   .219   .891   .182                         
 365 S-9-2S   1724 1992    269      8      0    .621    .38   1.16   .175   .793   .237   1.54   .221   .015   3
 366 S12-2S   1733 1898    166      4      0    .729    .65   1.13   .181   .684   .176   1.67   .179  -.014   1
 367 S-33AS   1674 1943    270      9      0    .670    .34    .86   .152   .623   .299   1.94   .271   .070   0
 --- -------- ---------  -----  -----  -----   ------ -----  -----  -----  -----  -----  -----  -----  -----  --
 Total or mean:          74163   2080     93    .582    .50   4.41   .222   .760   .232   3.10   .232   .003

 DATA CHECKS (rwl.check): cana323
-----------------------------------------------------------------------------------------------------------------------------------
 rwl.check: data_files/treering/measurements/northamerica/canada/cana323.rwl
 367 series, 74163 measurements, 1459-2001, 0.001 mm precision
 0 error(s), 14 warning(s), 14 note(s)
 -------------
 WARNING
   RWL_INTERNAL_NA (8)
     AP18W: no measurement for 1869-1889, inside the measured span of the series. The file records nothing for those years, which is not a fault, but detrend(), chron(), strip.rwl(), rwi.stats() and sss() fail on interior gaps and this series cannot be crossdated. Use fill.internal.NA() to close them deliberately
     C5S: no measurement for 1880-1881, inside the measured span of the series. The file records nothing for those years, which is not a fault, but detrend(), chron(), strip.rwl(), rwi.stats() and sss() fail on interior gaps and this series cannot be crossdated. Use fill.internal.NA() to close them deliberately
     IHB15A: no measurement for 1776-1789, inside the measured span of the series. The file records nothing for those years, which is not a fault, but detrend(), chron(), strip.rwl(), rwi.stats() and sss() fail on interior gaps and this series cannot be crossdated. Use fill.internal.NA() to close them deliberately
     IHB15B: no measurement for 1776-1789, inside the measured span of the series. The file records nothing for those years, which is not a fault, but detrend(), chron(), strip.rwl(), rwi.stats() and sss() fail on interior gaps and this series cannot be crossdated. Use fill.internal.NA() to close them deliberately
     IHB16B: no measurement for 1907-1910, inside the measured span of the series. The file records nothing for those years, which is not a fault, but detrend(), chron(), strip.rwl(), rwi.stats() and sss() fail on interior gaps and this series cannot be crossdated. Use fill.internal.NA() to close them deliberately
     MBS-11B: no measurement for 1826-1829, inside the measured span of the series. The file records nothing for those years, which is not a fault, but detrend(), chron(), strip.rwl(), rwi.stats() and sss() fail on interior gaps and this series cannot be crossdated. Use fill.internal.NA() to close them deliberately
     NC-15S: no measurement for 1826-1842, inside the measured span of the series. The file records nothing for those years, which is not a fault, but detrend(), chron(), strip.rwl(), rwi.stats() and sss() fail on interior gaps and this series cannot be crossdated. Use fill.internal.NA() to close them deliberately
     S-8BS: no measurement for 1808, inside the measured span of the series. The file records nothing for that year, which is not a fault, but detrend(), chron(), strip.rwl(), rwi.stats() and sss() fail on interior gaps and this series cannot be crossdated. Use fill.internal.NA() to close them deliberately
   RWL_REPEATED_VALUE (6)
     OI-01-A: 0.1 repeated in 7 consecutive rings, 1844-1850; a constant stretch is a placeholder, not a measurement
     OI-07 S: 0.2 repeated in 6 consecutive rings, 1846-1851; a constant stretch is a placeholder, not a measurement
     OI-07 S: 0.2 repeated in 6 consecutive rings, 1872-1877; a constant stretch is a placeholder, not a measurement
     OI-07 S: 0.15 repeated in 8 consecutive rings, 1897-1904; a constant stretch is a placeholder, not a measurement
     OI-07-B: 0.2 repeated in 6 consecutive rings, 1939-1944; a constant stretch is a placeholder, not a measurement
     OI-07-B: 0.2 repeated in 6 consecutive rings, 1948-1953; a constant stretch is a placeholder, not a measurement
 14 note(s) not shown; see rwl.check() or the 'check' element of this report.

 NOTES
-----------------------------------------------------------------------------------------------------------------------------------
 Report generated using dplR 1.8.1 (R 4.5.2) on 2026-10-01 16:49 PDT.
 Measurement file cana323.rwl, MD5 86feebb9fcd9dfc8f032d75a722357d6.
 Filtering: each series divided by a 32-year smoothing spline (caps()), then prewhitened with
   an AR model (order by AIC, at most 3).
 Master: biweight robust mean of the other series (leave-one-out).
 Correlation: Pearson, one-tailed, pcrit = 0.01; critical r = 0.3281 for 50-year segments.
 Segments: 50 years, lagged 25, first segment floored to 100. Lags searched: +/- 10 years.
 A segment is tested only where the series and the master cover all of it, at the dated
   position and at every lag. COFECHA also tests partial segments at the ends of a series, so
   series here may show fewer segments, and no flags can be raised at the ends of the record.
 Lags follow COFECHA: negative means rings are probably missing from the series, positive means
   false rings. A missing ring carries its lag into every segment before it, so look where the
   lag changes along a series. A B flag is a hypothesis to check on the wood; the gain says how
   seriously to take it.
 A B flag marked "weak at every lag" correlates under the critical value even at its best lag:
   the segment is weak wherever it is placed, and the shift is not evidence of a dating error.
   Treat it as a low correlation, like an A.
 Averages in the summary and the totals are weighted by the number of years in each series, as
   COFECHA's are.
 Unfiltered block and mean sensitivity: the measurements as read, and sens1().
 dplR filtered block: the series that was correlated, after filtering. COFECHA's filtered
   series is defined differently, so these three columns are not COFECHA's numbers.
 AR: order of the AR model used to prewhiten.
 Left out of the crossdating: the 'nyrs' spline for series DEG05 is not all positive, so
   dividing by it would give negative or infinite indices. Remove the series, or detrend the
   data yourself with detrend() and pass the indices with 'nyrs = NULL'
 Left out of the crossdating: the 'nyrs' spline for series NWR05 is not all positive, so
   dividing by it would give negative or infinite indices. Remove the series, or detrend the
   data yourself with detrend() and pass the indices with 'nyrs = NULL'
 Left out of the crossdating: series IHB15A has internal NA values, and the 'nyrs' spline needs
   an unbroken series. Fill them with fill.internal.NA(), remove the series, or use 'n' instead
   of 'nyrs'
 Left out of the crossdating: series IHB15B has internal NA values, and the 'nyrs' spline needs
   an unbroken series. Fill them with fill.internal.NA(), remove the series, or use 'n' instead
   of 'nyrs'
 Left out of the crossdating: series IHB16B has internal NA values, and the 'nyrs' spline needs
   an unbroken series. Fill them with fill.internal.NA(), remove the series, or use 'n' instead
   of 'nyrs'
 Left out of the crossdating: series AP18W has internal NA values, and the 'nyrs' spline needs
   an unbroken series. Fill them with fill.internal.NA(), remove the series, or use 'n' instead
   of 'nyrs'
 Left out of the crossdating: series MBS-11B has internal NA values, and the 'nyrs' spline
   needs an unbroken series. Fill them with fill.internal.NA(), remove the series, or use 'n'
   instead of 'nyrs'
 Left out of the crossdating: series C5S has internal NA values, and the 'nyrs' spline needs an
   unbroken series. Fill them with fill.internal.NA(), remove the series, or use 'n' instead of
   'nyrs'
 Left out of the crossdating: series NC-15S has internal NA values, and the 'nyrs' spline needs
   an unbroken series. Fill them with fill.internal.NA(), remove the series, or use 'n' instead
   of 'nyrs'
 Left out of the crossdating: series S-8BS has internal NA values, and the 'nyrs' spline needs
   an unbroken series. Fill them with fill.internal.NA(), remove the series, or use 'n' instead
   of 'nyrs'
