
 COFECHA-style crossdating report: cana462
 Report generated using dplR 1.8.1 (R 4.5.2) on 2026-10-01 16:51 PDT
 Built with dplR's xdate.report(), not COFECHA; see the notes at the end.


      Measurement file name  : cana462.rwl
      MD5 of measurement file: 6c496e816636a81728a71aefbfc5b4ac
      Date checked           : 01OCT26
      Beginning year         : 653
      Ending year            : 2011
      Principal investigators: Gennaretti, F.; Arseneault, D.
      Site name              : Lake L20
      Species information    : PCMA Picea mariana (Mill.) Britton, Sterns, & Poggenb.
      Latitude               : 54.5600 N
      Longitude              : 71.2400 W
      Elevation              : 483 m

      Series intercorrelation: 0.564
      Avg mean sensitivity   : 0.157
      Avg standard deviation : 0.180
      Avg autocorrelation    : 0.858
      Number dated series    : 610
      Segment length tested  : 50

      Number problem segments: 34  (A 13, B 21; 11 of the B weak at every lag)
      Pct problem segments   : 2.73


 CORRELATION OF SERIES BY SEGMENTS: cana462
-----------------------------------------------------------------------------------------------------------------------------------
 Correlations of  50-year dated segments, lagged  25 years
 Flags:  A = correlation under   .3281 but highest as dated;  B = correlation higher at other than dated position

 Seq Series  Time_span   700  725  750  775  800  825  850  875  900  925  950  975 1000 1025 1050 1075 1100 1125 1150 1175 
                         749  774  799  824  849  874  899  924  949  974  999 1024 1049 1074 1099 1124 1149 1174 1199 1224 
 --- -------- ---------  ---- ---- ---- ---- ---- ---- ---- ---- ---- ---- ---- ---- ---- ---- ---- ---- ---- ---- ---- ---- 
  12 L20017   1095 1166                                                                                  .70                
  14 L20023    942 1080                                                    .59  .69  .61  .49                               
  21 L20032   1147 1250                                                                                            .54  .44 
  25 L20036    945 1014                                                    .67                                              
  27 L20038    895 1007                                          .67  .73  .61                                              
  29 L20040    824  921                           .71  .58                                                                  
  30 L20041    657  752  .50                                                                                                
  31 L20042   1030 1166                                                                        .62  .55  .68                
  35 L20046    988 1101                                                              .70  .56  .51                          
  57 L20073    945 1088                                                    .52  .57  .70  .54                               
  59 L20075   1091 1185                                                                                  .64  .61           
  60 L20076    922  990                                               .45                                                   
  61 L20077   1067 1195                                                                             .46  .53  .56           
  63 L20079   1059 1180                                                                             .62  .70  .69           
  80 L20115    895  957                                          .64                                                        
  81 L20116    841 1015                                .36  .26A .50  .68  .59                                              
  83 L20119    825  960                                .30A .24B .41                                                        
  89 L20126    885 1007                                          .59  .72  .69                                              
  90 L20127   1148 1235                                                                                            .61  .65 
 119 L20176   1148 1206                                                                                            .59      
 128 L20189    929 1084                                                    .51  .39  .22B .24B                              
 129 L20190    790  873                      .49                                                                            
 150 L20230   1049 1174                                                                             .57  .71  .68           
 185 L20279   1145 1201                                                                                            .60      
 192 L20292    931 1027                                                    .68  .52                                         
 196 L20296   1059 1125                                                                             .55                     
 198 L20302   1077 1151                                                                                  .54                
 199 L20303   1042 1121                                                                        .46                          
 212 L20322   1146 1204                                                                                            .64      
 213 L20323   1086 1197                                                                                  .61  .61           
 215 L20328    949 1009                                                    .44                                              
 226 L20343    903  998                                               .58                                                   
 227 L20344    937 1064                                                    .56  .72  .71                                    
 244 L20363   1012 1108                                                                   .59  .74                          
 245 L20365   1041 1170                                                                        .69  .70  .69                
 251 L20372    899  958                                          .60                                                        
 252 L20373   1003 1111                                                                   .51  .55                          
 253 L20374    896 1003                                          .71  .72  .67                                              
 254 L20375    799  877                      .69  .71                                                                       
 258 L20379   1057 1131                                                                             .66                     
 259 L20380   1078 1195                                                                                  .45  .59           
 262 L20383    968 1043                                                         .44                                         
 263 L20384   1051 1144                                                                             .58                     
 275 L20396    938 1029                                                    .66  .59                                         
 276 L20397    912 1042                                               .68  .79  .73                                         
 287 L20411   1172 1356                                                                                                 .27A
 290 L20415    895 1006                                          .54  .45  .47                                              
 294 L20423   1160 1273                                                                                                 .50 
 296 L20427    955 1101                                                         .59  .70  .70  .74                          
 310 L20443    949 1025                                                         .66                                         
 311 L20444    966 1036                                                         .69                                         
 313 L20447   1127 1200                                                                                            .75      
 319 L20457    980 1088                                                              .71  .72                               
 320 L20458    935 1019                                                    .59                                              
 334 L20478   1127 1199                                                                                            .72      
 336 L20480    708  780       .57                                                                                           
 341 L20486    978 1099                                                              .65  .63  .58                          
 355 L20508   1173 1296                                                                                                 .40 
 356 L20509   1151 1298                                                                                                 .60 
 359 L20515    893  952                                          .68                                                        
 362 L20519    994 1066                                                              .64                                    
 364 L20521    787  870                      .52                                                                            
 370 L20603   1161 1226                                                                                                 .53 
 378 L20614    965 1140                                                         .57  .60  .44  .53  .62                     
 386 L20630   1146 1235                                                                                            .80  .77 
 395 L20643   1164 1354                                                                                                 .57 
 399 L20649   1130 1279                                                                                            .61  .61 
 423 L20690    894  951                                          .80                                                        
 429 L20700   1036 1116                                                                        .44                          
 440 L20712   1137 1271                                                                                            .49  .53 
 442 L20717    850  936                                     .40                                                             
 449 L20731    761  846                 .34                                                                                 
 455 L20737    999 1099                                                              .51  .63  .63                          
 456 L20741    899  988                                               .55                                                   
 463 L20749    979 1085                                                              .53  .64                               
 465 L20752    824  942                                .21B .19B                                                            
 466 L20753   1093 1158                                                                                  .71                
 468 L20756   1159 1262                                                                                                 .70 
 470 L20758    763  877                 .25B .49  .43                                                                       
 473 L20763   1158 1237                                                                                                 .65 
 483 L20778   1094 1274                                                                                  .51  .68  .62  .57 
 484 L20779   1155 1284                                                                                                 .56 
 497 L20792    983 1071                                                              .73                                    
 502 L20805   1173 1235                                                                                                 .48 
 505 L20809   1075 1173                                                                                  .56                
 515 L20829   1074 1201                                                                             .72  .70  .59  .64      
 517 L20831    903  978                                               .68                                                   
 527 L20844    716  792       .60                                                                                           
 534 L20855    896  967                                          .47                                                        
 548 L20877   1074 1265                                                                                  .65  .65  .78  .68 
 551 L20881    758  844                 .51                                                                                 
 557 L20894   1094 1161                                                                                  .61                
 575 L20928   1102 1196                                                                                       .57           
 580 L20935    681  764  .54                                                                                                
 581 L20936   1095 1219                                                                                  .64  .55  .53      
 582 L20937    905  974                                               .61                                                   
 583 L20938    885 1030                                          .66  .64  .69  .76                                         
 585 L20L82   1041 1135                                                                        .49  .64                     
 Av segment correlation  .52  .58       .37  .55  .62  .36  .27  .61  .63  .61  .61  .62  .56  .58  .61  .63  .62  .64  .56 

 CORRELATION OF SERIES BY SEGMENTS: cana462
-----------------------------------------------------------------------------------------------------------------------------------
 Correlations of  50-year dated segments, lagged  25 years
 Flags:  A = correlation under   .3281 but highest as dated;  B = correlation higher at other than dated position

 Seq Series  Time_span  1200 1225 1250 1275 1300 1325 1350 1375 1400 1425 1450 1475 1500 1525 1550 1575 1600 1625 1650 1675 
                        1249 1274 1299 1324 1349 1374 1399 1424 1449 1474 1499 1524 1549 1574 1599 1624 1649 1674 1699 1724 
 --- -------- ---------  ---- ---- ---- ---- ---- ---- ---- ---- ---- ---- ---- ---- ---- ---- ---- ---- ---- ---- ---- ---- 
   1 L20001   1408 1508                                               .50  .38B                                             
   3 L20005   1290 1464                      .53  .61  .58  .60  .65                                                        
   5 L20007   1490 1569                                                              .62                                    
   6 L20010   1284 1353                      .62                                                                            
   8 L20012   1384 1494                                          .67  .79                                                   
   9 L20014   1455 1571                                                         .70  .65                                    
  11 L20016   1422 1533                                               .73  .84  .81                                         
  15 L20024   1420 1522                                               .71  .81                                              
  16 L20025   1668 1832                                                                                                 .83 
  17 L20028   1421 1525                                               .73  .70  .62                                         
  18 L20029   1412 1527                                               .46  .63  .76                                         
  19 L20030   1298 1417                      .44  .70  .71                                                                  
  20 L20031   1602 1711                                                                                       .38  .28A     
  21 L20032   1147 1250  .17B                                                                                               
  22 L20033   1417 1616                                               .63  .74  .74  .60  .57  .69                          
  23 L20034   1345 1434                                .71  .66                                                             
  24 L20035   1566 1694                                                                             .84  .82  .66           
  26 L20037   1542 1658                                                                        .74  .77  .65                
  28 L20039   1237 1330            .65  .60                                                                                 
  32 L20043   1206 1314       .56  .69                                                                                      
  33 L20044   1303 1428                           .76  .64  .43                                                             
  34 L20045   1422 1531                                               .74  .78  .81                                         
  36 L20047   1413 1547                                               .76  .71  .60                                         
  37 L20048   1466 1619                                                         .37  .69  .74  .84                          
  38 L20049   1265 1384                 .67  .72  .59                                                                       
  41 L20052   1302 1400                           .47  .59                                                                  
  42 L20053   1446 1530                                                    .47  .67                                         
  43 L20054   1273 1438                 .50  .51  .53  .59  .64                                                             
  44 L20055   1206 1342       .34  .38  .69                                                                                 
  45 L20057   1237 1343            .61  .69                                                                                 
  46 L20058   1511 1643                                                                   .46  .58  .67                     
  48 L20060   1344 1407                                .65                                                                  
  49 L20061   1489 1620                                                              .51  .55  .67                          
  51 L20063   1264 1394                 .66  .64  .59                                                                       
  52 L20064   1220 1333       .75  .73  .64                                                                                 
  54 L20067   1306 1435                           .67  .59  .50                                                             
  55 L20069   1226 1331            .76  .68                                                                                 
  56 L20071   1426 1523                                                    .80                                              
  58 L20074   1363 1464                                     .57  .50                                                        
  64 L20080   1262 1340                 .63                                                                                 
  66 L20083   1209 1338       .81  .84  .77                                                                                 
  68 L20101   1560 1713                                                                             .45  .61  .68  .61      
  69 L20102   1539 1629                                                                        .53  .69                     
  72 L20106   1401 1516                                               .57  .71                                              
  74 L20108   1604 1712                                                                                       .54  .61      
  75 L20110   1265 1418                 .70  .64  .56  .55                                                                  
  77 L20112   1649 1861                                                                                            .44  .53 
  78 L20113   1653 1785                                                                                                 .49 
  79 L20114   1463 1589                                                         .75  .70  .72                               
  82 L20117   1575 1643                                                                             .76                     
  86 L20122   1603 1705                                                                                       .49  .49      
  87 L20123   1571 1674                                                                             .46  .73  .61           
  92 L20130   1299 1464                      .43  .67  .73  .65  .69                                                        
  94 L20132   1391 1459                                          .62                                                        
  98 L20137   1505 1648                                                                   .67  .75  .79                     
  99 L20139   1539 1660                                                                        .62  .73  .63                
 100 L20140   1356 1448                                     .73                                                             
 104 L20146   1663 1754                                                                                                 .63 
 106 L20150   1248 1339            .78  .72                                                                                 
 107 L20152   1453 1530                                                         .63                                         
 108 L20153   1506 1580                                                                   .54                               
 110 L20156   1413 1494                                               .76                                                   
 113 L20159   1413 1537                                               .79  .72  .72                                         
 117 L20168   1410 1486                                               .68                                                   
 122 L20182   1424 1579                                                    .69  .69  .48  .42                               
 123 L20183   1456 1553                                                         .52  .69                                    
 125 L20185   1364 1446                                     .63                                                             
 126 L20186   1288 1362                      .61                                                                            
 127 L20188   1252 1458                 .57  .64  .62  .70  .65  .55                                                        
 131 L20193   1175 1304  .61  .62  .68                                                                                      
 134 L20197   1336 1423                                .37B                                                                 
 137 L20201   1306 1400                           .56  .56                                                                  
 138 L20202   1343 1417                                .38                                                                  
 141 L20211   1531 1648                                                                        .77  .81                     
 147 L20225   1415 1483                                               .36                                                   
 151 L20232   1221 1349       .79  .81  .74  .55                                                                            
 152 L20233   1396 1500                                          .65  .74  .81                                              
 155 L20236   1418 1511                                               .78  .80                                              
 156 L20238   1320 1429                           .38  .63  .60                                                             
 157 L20241   1422 1482                                               .58                                                   
 162 L20252   1496 1572                                                              .52                                    
 164 L20254   1664 1790                                                                                                 .66 
 165 L20255   1656 1731                                                                                                 .61 
 166 L20256   1278 1359                      .40                                                                            
 168 L20259   1478 1564                                                              .62                                    
 170 L20262   1669 1753                                                                                                 .72 
 172 L20266   1313 1447                           .58  .63  .38                                                             
 173 L20267   1277 1397                      .70  .53                                                                       
 174 L20268   1252 1342                 .71                                                                                 
 175 L20269   1342 1541                                .41  .35  .54  .69  .77  .77                                         
 176 L20270   1406 1535                                               .78  .83  .76                                         
 178 L20272   1376 1449                                          .52                                                        
 179 L20273   1488 1566                                                              .65                                    
 180 L20274   1188 1253  .42                                                                                                
 183 L20277   1506 1579                                                                   .48                               
 188 L20282   1670 1803                                                                                                 .71 
 193 L20293   1187 1262  .68                                                                                                
 194 L20294   1243 1306            .62                                                                                      
 202 L20306   1184 1249  .70                                                                                                
 205 L20311   1432 1520                                                    .69                                              
 208 L20314   1240 1410            .58  .64  .70  .60  .63                                                                  
 216 L20329   1485 1568                                                              .45                                    
 217 L20330   1431 1506                                                    .77                                              
 220 L20335   1427 1514                                                    .81                                              
 224 L20340   1490 1592                                                              .60  .71                               
 225 L20341   1329 1433                                .70  .61                                                             
 230 L20347   1454 1529                                                         .72                                         
 231 L20348   1267 1355                 .69  .70                                                                            
 232 L20349   1449 1551                                                    .61  .57  .56                                    
 233 L20350   1487 1585                                                              .53  .58                               
 235 L20352   1262 1370                 .74  .72                                                                            
 238 L20356   1668 1766                                                                                                 .65 
 239 L20358   1519 1710                                                                   .27A .67  .78  .70  .64  .41      
 240 L20359   1654 1754                                                                                                 .62 
 242 L20361   1406 1491                                               .61                                                   
 246 L20367   1669 1782                                                                                                 .64 
 247 L20368   1648 1802                                                                                                 .43 
 249 L20370   1375 1480                                     .40  .68  .70                                                   
 250 L20371   1390 1476                                          .53  .59                                                   
 255 L20376   1516 1592                                                                   .53                               
 256 L20377   1357 1434                                     .59                                                             
 257 L20378   1248 1330            .56  .72                                                                                 
 260 L20381   1516 1584                                                                   .64                               
 265 L20386   1314 1404                           .51  .53                                                                  
 268 L20389   1378 1463                                          .46                                                        
 269 L20390   1342 1427                                .47  .68                                                             
 270 L20391   1662 1728                                                                                                 .64 
 272 L20393   1315 1430                           .41  .60  .52                                                             
 273 L20394   1445 1518                                                    .57                                              
 277 L20398   1424 1491                                               .46                                                   
 279 L20400   1239 1323            .50                                                                                      
 280 L20402   1443 1513                                                    .65                                              
 281 L20404   1430 1513                                                    .64                                              
 283 L20406   1377 1473                                          .57                                                        
 287 L20411   1172 1356  .46  .64  .66  .51  .41                                                                            
 289 L20414   1205 1288       .68                                                                                           
 292 L20421   1196 1282  .40  .56                                                                                           
 294 L20423   1160 1273  .50                                                                                                
 300 L20432   1496 1615                                                              .58  .72  .68                          
 301 L20434   1518 1615                                                                   .56  .75                          
 302 L20435   1287 1530                      .18B .46  .62  .56  .67  .71  .57  .43                                         
 303 L20436   1421 1520                                               .67  .72                                              
 304 L20437   1561 1652                                                                             .66  .65                
 305 L20438   1372 1496                                     .60  .69  .77                                                   
 306 L20439   1394 1514                                          .74  .74  .76                                              
 307 L20440   1229 1396            .73  .71  .59  .63                                                                       
 308 L20441   1202 1310       .54  .63                                                                                      
 309 L20442   1380 1567                                          .75  .80  .85  .79  .68                                    
 312 L20445   1428 1546                                                    .64  .66                                         
 314 L20450   1613 1676                                                                                       .70           
 315 L20452   1570 1640                                                                             .67                     
 321 L20459   1599 1703                                                                                       .71  .69      
 322 L20462   1273 1374                 .47  .41  .37                                                                       
 323 L20463   1624 1742                                                                                            .57  .51 
 325 L20465   1228 1306            .70                                                                                      
 326 L20466   1277 1433                      .53  .63  .64  .58                                                             
 327 L20468   1465 1568                                                         .65  .75                                    
 328 L20470   1661 1734                                                                                                 .68 
 329 L20471   1341 1424                                .66  .62                                                             
 330 L20473   1445 1542                                                    .67  .73                                         
 331 L20474   1227 1308            .71                                                                                      
 333 L20476   1320 1424                           .67  .73  .55                                                             
 335 L20479   1397 1486                                          .68  .69                                                   
 337 L20481   1568 1641                                                                             .65                     
 338 L20482   1295 1405                      .34  .50  .63                                                                  
 342 L20487   1563 1653                                                                             .80  .75                
 343 L20488   1397 1451                                          .66                                                        
 345 L20491   1649 1799                                                                                                 .58 
 348 L20496   1613 1692                                                                                       .52           
 350 L20502   1609 1704                                                                                       .56  .64      
 351 L20503   1622 1698                                                                                       .59           
 352 L20505   1388 1460                                          .70                                                        
 353 L20506   1372 1480                                     .60  .63  .70                                                   
 354 L20507   1314 1446                           .52  .62  .79                                                             
 355 L20508   1173 1296  .64  .79                                                                                           
 356 L20509   1151 1298  .56  .59                                                                                           
 358 L20513   1399 1534                                          .74  .80  .78  .72                                         
 360 L20516   1429 1523                                                    .70                                              
 361 L20517   1321 1508                           .32A .33  .51  .72  .85  .79                                              
 363 L20520   1404 1528                                               .75  .78  .68                                         
 365 L20522   1429 1548                                                    .71  .72                                         
 366 L20523   1250 1362                 .56  .41                                                                            
 368 L20526   1572 1870                                                                             .54  .62  .65  .58  .64 
 372 L20605   1240 1318            .78                                                                                      
 374 L20607   1567 1638                                                                             .56                     
 376 L20610   1230 1336            .76  .76                                                                                 
 379 L20615   1415 1495                                               .56                                                   
 380 L20617   1586 1754                                                                                  .49  .31A .48  .50 
 382 L20623   1225 1326            .65  .69                                                                                 
 384 L20627   1601 1728                                                                                       .55  .52  .68 
 385 L20629   1535 1747                                                                        .59  .46  .39  .40  .48  .49 
 388 L20632   1557 1632                                                                             .83                     
 389 L20633   1320 1452                           .67  .71  .39  .56                                                        
 390 L20634   1341 1455                                .26B .45  .48                                                        
 391 L20635   1318 1410                           .55  .57                                                                  
 393 L20638   1361 1448                                     .59                                                             
 394 L20639   1226 1310            .76                                                                                      
 395 L20643   1164 1354  .63  .82  .87  .67  .53                                                                            
 396 L20646   1593 1660                                                                                  .66                
 398 L20648   1423 1513                                               .49  .50                                              
 399 L20649   1130 1279  .51  .49                                                                                           
 400 L20650   1299 1379                      .58  .68                                                                       
 403 L20657   1206 1278       .71                                                                                           
 404 L20658   1426 1508                                                    .66                                              
 405 L20659   1223 1283       .75                                                                                           
 406 L20660   1571 1675                                                                             .47  .50  .38           
 407 L20662   1599 1675                                                                                       .71           
 409 L20665   1258 1336                 .59                                                                                 
 410 L20666   1659 1730                                                                                                 .61 
 413 L20672   1217 1276       .60                                                                                           
 419 L20686   1495 1567                                                              .60                                    
 420 L20687   1577 1651                                                                                  .74                
 422 L20689   1511 1607                                                                   .62  .71                          
 424 L20692   1625 1779                                                                                            .66  .64 
 426 L20694   1519 1642                                                                   .49  .77  .80                     
 427 L20698   1402 1484                                               .68                                                   
 428 L20699   1180 1335  .53  .71  .59  .45                                                                                 
 430 L20701   1507 1654                                                                   .60  .54  .53  .58                
 433 L20704   1500 1611                                                                   .62  .68                          
 435 L20706   1606 1697                                                                                       .58           
 436 L20708   1316 1449                           .53  .54  .48  .59                                                        
 437 L20709   1632 1731                                                                                            .59  .63 
 439 L20711   1669 1757                                                                                                 .39B
 440 L20712   1137 1271  .48                                                                                                
 443 L20721   1364 1461                                     .47  .48                                                        
 444 L20725   1649 1746                                                                                            .50  .72 
 446 L20728   1240 1349            .79  .80  .76                                                                            
 447 L20729   1295 1397                      .53  .56                                                                       
 448 L20730   1637 1720                                                                                            .51      
 450 L20732   1508 1592                                                                   .55                               
 451 L20733   1257 1430                 .69  .67  .65  .49  .36B                                                            
 454 L20736   1366 1454                                     .64  .57                                                        
 457 L20742   1290 1350                      .57                                                                            
 458 L20744   1541 1674                                                                        .53  .52  .52  .48           
 459 L20745   1345 1449                                .51  .59  .65                                                        
 460 L20746   1216 1298       .38                                                                                           
 461 L20747   1478 1554                                                              .67                                    
 464 L20750   1239 1367            .76  .79  .63                                                                            
 467 L20755   1412 1523                                               .66  .77                                              
 468 L20756   1159 1262  .58                                                                                                
 469 L20757   1188 1330  .45  .72  .82  .78                                                                                 
 475 L20766   1276 1394                      .75  .69                                                                       
 479 L20774   1499 1662                                                              .46  .48  .68  .71  .65                
 481 L20776   1503 1596                                                                   .50                               
 482 L20777   1543 1619                                                                        .56                          
 483 L20778   1094 1274  .58  .57                                                                                           
 484 L20779   1155 1284  .45  .53                                                                                           
 485 L20780   1295 1385                      .31A .62                                                                       
 487 L20782   1320 1397                           .50                                                                       
 488 L20783   1665 1815                                                                                                 .41B
 490 L20785   1180 1331  .21A .50  .72  .67                                                                                 
 492 L20787   1378 1457                                          .74                                                        
 493 L20788   1480 1656                                                              .39  .58  .74  .81  .77                
 495 L20790   1431 1578                                                    .51  .62  .67  .41                               
 496 L20791   1248 1365            .53  .52  .29B                                                                           
 498 L20793   1219 1323       .51  .76                                                                                      
 500 L20798   1228 1353            .49  .59  .54                                                                            
 501 L20801   1548 1628                                                                        .65  .70                     
 504 L20808   1588 1691                                                                                  .64  .61           
 506 L20810   1577 1670                                                                                  .68                
 507 L20814   1634 1743                                                                                            .61  .58 
 509 L20818   1562 1690                                                                             .49  .41  .42           
 510 L20819   1397 1481                                          .65  .65                                                   
 512 L20823   1221 1356       .57  .55  .47  .58                                                                            
 513 L20824   1462 1565                                                         .40  .66                                    
 516 L20830   1362 1437                                     .58                                                             
 518 L20832   1490 1593                                                              .72  .70                               
 519 L20833   1605 1729                                                                                       .60  .54  .62 
 520 L20834   1631 1770                                                                                            .74  .83 
 523 L20839   1635 1738                                                                                            .70  .81 
 524 L20841   1313 1465                           .57  .70  .69  .53                                                        
 525 L20842   1622 1777                                                                                       .51  .67  .71 
 526 L20843   1586 1686                                                                                  .56  .55           
 529 L20847   1446 1534                                                    .82  .78                                         
 530 L20848   1375 1502                                          .42  .62  .74                                              
 531 L20850   1400 1490                                               .58                                                   
 532 L20851   1573 1690                                                                             .35  .45  .42           
 536 L20857   1389 1465                                          .47                                                        
 539 L20860   1628 1758                                                                                            .66  .72 
 543 L20868   1648 1741                                                                                            .37  .38 
 544 L20871   1390 1523                                          .50  .72  .71                                              
 545 L20872   1192 1313  .45  .62  .67                                                                                      
 546 L20875   1515 1618                                                                   .65  .80                          
 547 L20876   1290 1406                      .44  .47  .73                                                                  
 548 L20877   1074 1265  .47                                                                                                
 550 L20879   1314 1421                           .52  .67                                                                  
 552 L20885   1554 1654                                                                             .66  .65                
 553 L20886   1319 1430                           .26B .35  .68                                                             
 554 L20887   1561 1669                                                                             .60  .55                
 555 L20889   1203 1354       .62  .69  .70  .69                                                                            
 556 L20890   1450 1546                                                         .46                                         
 560 L20907   1508 1621                                                                   .58  .69                          
 561 L20909   1633 1730                                                                                            .55  .63 
 562 L20910   1526 1600                                                                        .71                          
 566 L20917   1356 1460                                     .41  .44                                                        
 567 L20918   1253 1404                 .69  .71  .56  .65                                                                  
 570 L20921   1294 1482                      .46  .52  .65  .56  .41  .64                                                   
 571 L20922   1252 1408                 .67  .66  .69  .71                                                                  
 574 L20926   1269 1394                 .56  .60  .58                                                                       
 576 L20929   1543 1683                                                                        .46  .75  .70  .51           
 577 L20930   1248 1354            .61  .66  .58                                                                            
 578 L20933   1660 1765                                                                                                 .76 
 579 L20934   1630 1711                                                                                            .61      
 584 L20L81   1553 1640                                                                             .56                     
 Av segment correlation  .50  .62  .68  .65  .55  .56  .59  .56  .60  .67  .71  .66  .60  .57  .67  .65  .62  .55  .56  .62 

 CORRELATION OF SERIES BY SEGMENTS: cana462
-----------------------------------------------------------------------------------------------------------------------------------
 Correlations of  50-year dated segments, lagged  25 years
 Flags:  A = correlation under   .3281 but highest as dated;  B = correlation higher at other than dated position

 Seq Series  Time_span  1700 1725 1750 1775 1800 1825 1850 1875 1900 1925 1950 
                        1749 1774 1799 1824 1849 1874 1899 1924 1949 1974 1999 
 --- -------- ---------  ---- ---- ---- ---- ---- ---- ---- ---- ---- ---- ---- 
   2 L20003   1678 1821  .77  .82  .74                                         
  10 L20015   1709 1823       .71  .69                                         
  13 L20018   1700 1885       .58  .50  .49  .44  .40                          
  16 L20025   1668 1832  .82  .74  .64  .57                                    
  50 L20062   1710 1824       .76  .53  .64                                    
  65 L20081   1829 1960                                .49  .51  .45           
  67 L20084   1709 1825       .57  .45  .63                                    
  70 L20103   1842 1947                                .46  .54                
  73 L20107   1860 1957                                     .43  .56           
  76 L20111   1701 1790       .75                                              
  77 L20112   1649 1861  .64  .70  .62  .64  .68                               
  78 L20113   1653 1785  .83  .87                                              
  88 L20125   1716 1821       .63  .66                                         
  93 L20131   1763 1876                 .56  .51  .38                          
  97 L20136   1781 1896                      .81  .56                          
 101 L20142   1850 1955                                     .40  .54           
 102 L20143   1703 1835       .73  .66  .65                                    
 103 L20145   1853 1994                                     .68  .74  .55      
 104 L20146   1663 1754  .53                                                   
 109 L20154   1702 1816       .78  .62                                         
 111 L20157   1745 1842            .51  .55                                    
 114 L20160   1738 1811            .64                                         
 118 L20173   1714 1878       .66  .63  .68  .77  .75                          
 120 L20180   1679 1806  .69  .71  .50                                         
 121 L20181   1706 1878       .85  .78  .81  .83  .65                          
 132 L20194   1716 1874       .63  .71  .57  .61  .58                          
 133 L20195   1746 1829            .40  .31A                                   
 136 L20199   1889 1963                                          .65           
 139 L20203   1699 1838  .63  .75  .62  .48                                    
 143 L20214   1698 1832  .61  .63  .60  .48                                    
 144 L20215   1723 1814       .69  .75                                         
 145 L20217   1686 1751  .63                                                   
 148 L20226   1768 1886                 .57  .71  .59                          
 149 L20229   1681 1832  .77  .79  .80  .84                                    
 153 L20234   1693 1799  .58  .67  .55                                         
 154 L20235   1692 1776  .70  .60                                              
 159 L20247   1715 1871       .54  .55  .59  .73                               
 161 L20250   1715 1790       .56                                              
 164 L20254   1664 1790  .84  .71                                              
 167 L20258   1688 1768  .73                                                   
 170 L20262   1669 1753  .67                                                   
 182 L20276   1725 1806            .48                                         
 184 L20278   1684 1882  .80  .78  .74  .75  .79  .65                          
 186 L20280   1715 1808       .66  .61                                         
 187 L20281   1828 1964                                .44  .46  .64           
 188 L20282   1670 1803  .81  .82  .59                                         
 189 L20283   1713 1815       .63  .43B                                        
 190 L20287   1697 1850  .49  .78  .70  .54  .66                               
 197 L20300   1686 1902  .71  .70  .51  .49  .62  .59  .46                     
 201 L20305   1686 1852  .76  .81  .71  .76  .78                               
 203 L20307   1828 1922                                .52                     
 204 L20309   1841 1947                                .70  .73                
 207 L20313   1723 1787       .59                                              
 209 L20316   1747 1861            .57  .62  .63                               
 218 L20331   1684 1849  .62  .78  .71  .46  .55                               
 223 L20339   1703 1815       .71  .60                                         
 228 L20345   1792 1870                      .62                               
 229 L20346   1699 1758  .69                                                   
 234 L20351   1825 1902                           .20B .66                     
 236 L20353   1867 1968                                     .43  .54           
 237 L20354   1676 1801  .66  .66  .68                                         
 238 L20356   1668 1766  .59                                                   
 240 L20359   1654 1754  .72                                                   
 241 L20360   1687 1790  .51  .62                                              
 246 L20367   1669 1782  .70  .61                                              
 247 L20368   1648 1802  .70  .69  .50                                         
 248 L20369   1759 1832                 .59                                    
 264 L20385   1877 1978                                          .60  .55      
 267 L20388   1798 1920                           .67  .57                     
 274 L20395   1703 1852       .61  .57  .66  .63                               
 285 L20408   1731 1860            .45  .54  .59                               
 286 L20409   1760 1851                 .42  .64                               
 288 L20412   1708 1774       .72                                              
 291 L20417   1814 1972                           .47  .66  .50  .49           
 295 L20424   1706 1834       .58  .52  .58                                    
 297 L20429   1845 1915                                .42                     
 298 L20430   1715 1845       .62  .64  .49                                    
 299 L20431   1909 1995                                               .59      
 316 L20453   1814 1924                           .46  .59  .63                
 317 L20454   1805 1920                           .57  .42                     
 324 L20464   1895 1976                                          .69  .64      
 332 L20475   1723 1796       .49                                              
 339 L20484   1886 1972                                          .58           
 340 L20485   1683 1811  .43  .64  .67                                         
 344 L20490   1851 1958                                     .56  .59           
 345 L20491   1649 1799  .60  .72  .59                                         
 346 L20492   1717 1809       .66  .65                                         
 347 L20493   1711 1888       .78  .74  .78  .76  .69                          
 357 L20512   1734 1810            .67                                         
 367 L20525   1723 1815       .58  .46                                         
 368 L20526   1572 1870  .67  .69  .62  .54  .60                               
 371 L20604   1806 1881                           .55                          
 375 L20608   1757 1839                 .45                                    
 377 L20611   1859 2002                                     .45  .49  .43  .20B
 380 L20617   1586 1754  .59                                                   
 381 L20619   1845 1927                                .60  .40                
 383 L20625   1762 1894                 .73  .72  .56                          
 387 L20631   1699 1817  .48  .81  .73                                         
 401 L20652   1840 1945                                .29B .43                
 402 L20656   1770 1951                 .63  .78  .77  .55  .56  .61           
 411 L20667   1794 1880                      .71  .69                          
 417 L20684   1721 1791       .45                                              
 418 L20685   1738 1841            .77  .71                                    
 421 L20688   1824 1917                                .39                     
 424 L20692   1625 1779  .67  .70                                              
 425 L20693   1864 1967                                     .53  .69           
 431 L20702   1805 1918                           .48  .41                     
 432 L20703   1714 1812       .60  .60                                         
 434 L20705   1870 1994                                     .60  .63  .58      
 439 L20711   1669 1757  .42                                                   
 445 L20727   1747 1839            .72  .77                                    
 452 L20734   1910 1975                                               .35      
 471 L20760   1798 1974                           .28A .53  .51  .45  .47      
 472 L20761   1870 1970                                     .46  .64           
 474 L20765   1709 1824       .52  .67  .34                                    
 476 L20769   1733 1850            .50  .45  .66                               
 477 L20772   1685 1767  .67                                                   
 486 L20781   1851 1985                                     .57  .43  .29B     
 488 L20783   1665 1815  .66  .73  .63                                         
 489 L20784   1725 1803            .38                                         
 491 L20786   1900 1979                                               .48      
 494 L20789   1899 1980                                               .46      
 499 L20795   1888 1966                                          .71           
 511 L20822   1827 1930                                .55  .52                
 520 L20834   1631 1770  .76                                                   
 521 L20835   1710 1796       .59                                              
 525 L20842   1622 1777  .81  .54                                              
 535 L20856   1720 1914       .27A .64  .64  .73  .61  .45                     
 538 L20859   1887 1973                                          .63           
 539 L20860   1628 1758  .58                                                   
 540 L20861   1891 1968                                          .56           
 549 L20878   1890 1954                                          .68           
 564 L20915   1736 1834            .62  .57                                    
 568 L20919   1736 1815            .63                                         
 573 L20924   1687 1803  .63  .68  .57                                         
 578 L20933   1660 1765  .72                                                   
 586 L20V1J   1893 2010                                          .74  .74  .66 
 587 L20V2J   1881 2010                                          .72  .68  .49 
 588 L20V3J   1891 2010                                          .62  .50  .41 
 589 L20V4J   1877 2010                                          .77  .83  .67 
 590 L20V5J   1834 2010                                .41  .47  .69  .74  .62 
 591 L20V5M   1907 2010                                               .59  .45 
 592 L20V8M   1905 2010                                               .68  .67 
 593 L20V01   1878 2011                                          .78  .81  .82 
 594 L20V02   1895 2011                                          .68  .64  .54 
 595 L20V03   1919 2011                                               .46  .56 
 596 L20V04   1880 1993                                          .59  .62      
 597 L20V05   1897 2011                                          .64  .50  .47 
 598 L20V06   1905 2011                                               .75  .71 
 599 L20V07   1868 2011                                     .40  .75  .65  .61 
 600 L20V08   1918 2011                                               .40  .43 
 601 L20V09   1842 2011                                .22A .42  .68  .62  .62 
 602 L20V10   1890 2011                                          .69  .77  .64 
 603 L20V11   1921 2011                                               .49  .34 
 604 L20V12   1910 2011                                               .71  .73 
 605 L20V1F   1900 2010                                          .57  .62  .74 
 606 L20V3F   1899 2010                                          .75  .82  .72 
 607 L20V4F   1858 2010                                     .58  .74  .76  .56 
 608 L20V5F   1903 2010                                               .58  .48 
 609 L20V6F   1870 2010                                     .70  .80  .75  .77 
 610 L20V7F   1908 2010                                               .62  .63 
 Av segment correlation  .66  .67  .61  .59  .68  .55  .49  .52  .63  .60  .58 

 FLAGGED SEGMENTS: cana462
-----------------------------------------------------------------------------------------------------------------------------------
 Seq Series   Segment    Flag  r dated  Best lag  r at lag   Gain  Note
 --- -------- ---------  ----  -------  --------  --------  -----  -----------------
   1 L20001   1450 1499     B     .383        -5      .449   .066
  20 L20031   1650 1699     A     .278         0
  21 L20032   1200 1249     B     .168        -6      .187   .019  weak at every lag
  81 L20116    875  924     A     .263         0
  83 L20119    850  899     A     .304         0
  83 L20119    875  924     B     .241         6      .264   .023  weak at every lag
 128 L20189   1000 1049     B     .218         9      .339   .121
 128 L20189   1025 1074     B     .244        -2      .338   .094
 133 L20195   1775 1824     A     .315         0
 134 L20197   1350 1399     B     .373        -3      .408   .035
 189 L20283   1750 1799     B     .429         6      .486   .057
 234 L20351   1825 1874     B     .199         5      .313   .114  weak at every lag
 239 L20358   1525 1574     A     .273         0
 287 L20411   1175 1224     A     .270         0
 302 L20435   1300 1349     B     .184        -7      .192   .008  weak at every lag
 361 L20517   1325 1374     A     .322         0
 377 L20611   1950 1999     B     .203         5      .266   .063  weak at every lag
 380 L20617   1625 1674     A     .311         0
 390 L20634   1350 1399     B     .259        -1      .285   .026  weak at every lag
 401 L20652   1850 1899     B     .285        -4      .332   .047
 439 L20711   1675 1724     B     .387        -2      .483   .095
 451 L20733   1375 1424     B     .365        -4      .389   .024
 465 L20752    850  899     B     .208         8      .267   .059  weak at every lag
 465 L20752    875  924     B     .190        -6      .210   .020  weak at every lag
 470 L20758    775  824     B     .253         5      .269   .015  weak at every lag
 471 L20760   1825 1874     A     .282         0
 485 L20780   1300 1349     A     .313         0
 486 L20781   1925 1974     B     .287        -3      .347   .060
 488 L20783   1675 1724     B     .405        -2      .469   .064
 490 L20785   1200 1249     A     .211         0
 496 L20791   1300 1349     B     .292         7      .295   .003  weak at every lag
 535 L20856   1725 1774     A     .270         0
 553 L20886   1325 1374     B     .264        10      .324   .060  weak at every lag
 601 L20V09   1850 1899     A     .215         0

 DESCRIPTIVE STATISTICS: cana462
-----------------------------------------------------------------------------------------------------------------------------------

                                                Corr   //-------- Unfiltered --------\\  //-- dplR filtered --\\
                           No.    No.    No.    with   Mean   Max     Std   Auto   Mean   Max     Std   Auto  AR
 Seq Series   Interval   Years  Segmt  Flags   Master  msmt   msmt    dev   corr   sens  value    dev   corr  ()
 --- -------- ---------  -----  -----  -----   ------ -----  -----  -----  -----  -----  -----  -----  -----  --
   1 L20001   1408 1508    101      2      1    .403    .44   1.80   .383   .968   .175   1.56   .176   .014   3
   2 L20003   1678 1821    144      3      0    .671    .24    .55   .083   .714   .192   1.61   .190   .012   2
   3 L20005   1290 1464    175      5      0    .537    .33    .85   .150   .902   .132   1.71   .143  -.012   1
   4 L20006   1680 1733     54      0      0    .670    .68   1.64   .358   .917   .185   1.33   .183  -.059   1
   5 L20007   1490 1569     80      1      0    .654    .58   1.17   .207   .825   .151   1.38   .143   .146   0
   6 L20010   1284 1353     70      1      0    .547    .52    .97   .138   .787   .126   1.35   .133   .011   1
   7 L20011   1148 1193     46      0      0    .612    .97   1.80   .359   .868   .158   1.31   .143   .067   0
   8 L20012   1384 1494    111      2      0    .704    .42    .69   .109   .733   .157   1.51   .151  -.004   2
   9 L20014   1455 1571    117      2      0    .596    .35   1.19   .212   .926   .148   1.39   .153   .026   1
  10 L20015   1709 1823    115      2      0    .612    .31    .90   .155   .953   .121   1.34   .124   .002   2
  11 L20016   1422 1533    112      3      0    .756    .48   1.20   .204   .895   .136   1.31   .125   .059   0
  12 L20017   1095 1166     72      1      0    .714    .63    .99   .142   .572   .162   1.47   .167   .011   3
  13 L20018   1700 1885    186      5      0    .452    .26    .48   .115   .922   .145   1.40   .137  -.016   3
  14 L20023    942 1080    139      4      0    .603    .29   1.08   .201   .954   .165   1.50   .157   .004   1
  15 L20024   1420 1522    103      2      0    .768    .56   1.35   .240   .873   .181   1.44   .166  -.007   1
  16 L20025   1668 1832    165      5      0    .639    .40   1.44   .350   .962   .187   1.55   .183   .014   1
  17 L20028   1421 1525    105      3      0    .695    .57   2.36   .459   .949   .156   1.31   .141   .044   0
  18 L20029   1412 1527    116      3      0    .530    .31    .53   .079   .780   .127   1.30   .127  -.017   2
  19 L20030   1298 1417    120      3      0    .577    .38    .62   .090   .651   .147   1.50   .150  -.005   1
  20 L20031   1602 1711    110      2      1    .318    .40    .85   .114   .784   .143   1.46   .139  -.001   2
  21 L20032   1147 1250    104      3      1    .382    .54   1.01   .170   .803   .140   1.46   .157  -.006   1
  22 L20033   1417 1616    200      6      0    .642    .24    .92   .157   .936   .175   1.43   .165   .003   2
  23 L20034   1345 1434     90      2      0    .712    .56    .88   .185   .885   .137   1.37   .136   .001   2
  24 L20035   1566 1694    129      3      0    .601    .42   1.64   .288   .963   .134   1.33   .138   .004   1
  25 L20036    945 1014     70      1      0    .593    .59    .98   .145   .665   .156   1.28   .124  -.055   3
  26 L20037   1542 1658    117      3      0    .661    .50   1.16   .258   .924   .160   1.42   .157  -.001   1
  27 L20038    895 1007    113      3      0    .625    .68   1.39   .251   .884   .140   1.49   .144  -.038   1
  28 L20039   1237 1330     94      2      0    .615    .56    .93   .202   .823   .171   1.41   .162   .022   3
  29 L20040    824  921     98      2      0    .603    .81   1.41   .218   .639   .175   1.37   .174   .004   1
  30 L20041    657  752     96      1      0    .651   1.09   2.54   .461   .899   .144   1.34   .134  -.001   1
  31 L20042   1030 1166    137      3      0    .637    .48   1.00   .177   .908   .131   1.40   .134   .006   2
  32 L20043   1206 1314    109      2      0    .527    .38   1.11   .203   .884   .166   1.47   .174   .056   1
  33 L20044   1303 1428    126      3      0    .580    .33    .85   .165   .923   .143   1.60   .147   .017   1
  34 L20045   1422 1531    110      3      0    .743    .46   1.42   .262   .913   .154   1.47   .160  -.008   1
  35 L20046    988 1101    114      3      0    .579    .42   1.06   .168   .911   .135   1.41   .134   .025   1
  36 L20047   1413 1547    135      3      0    .564    .34   1.54   .217   .934   .164   1.66   .161   .004   3
  37 L20048   1466 1619    154      4      0    .607    .36    .64   .095   .640   .181   1.55   .169  -.033   3
  38 L20049   1265 1384    120      3      0    .530    .36   1.31   .183   .881   .158   1.35   .142   .100   0
  39 L20050   1613 1668     56      0      0    .594    .81   2.37   .337   .595   .210   1.75   .221  -.035   1
  40 L20051   1278 1348     71      0      0    .603    .57   1.12   .160   .765   .145   1.41   .148   .010   1
  41 L20052   1302 1400     99      2      0    .537    .50    .79   .112   .677   .137   1.38   .146   .006   1
  42 L20053   1446 1530     85      2      0    .500    .44   1.17   .178   .624   .195   1.65   .213   .048   1
  43 L20054   1273 1438    166      5      0    .546    .25    .50   .080   .788   .173   1.38   .172   .001   1
  44 L20055   1206 1342    137      3      0    .440    .42   1.17   .305   .931   .202   1.72   .212  -.056   3
  45 L20057   1237 1343    107      2      0    .563    .43    .86   .136   .757   .170   1.44   .180   .059   1
  46 L20058   1511 1643    133      3      0    .558    .33   1.12   .189   .929   .159   1.42   .164  -.016   3
  47 L20059   1404 1465     62      0      0    .593    .49   1.15   .200   .841   .152   1.32   .161   .042   1
  48 L20060   1344 1407     64      1      0    .603    .64   1.29   .200   .830   .128   1.29   .136   .083   1
  49 L20061   1489 1620    132      3      0    .637    .43    .94   .184   .911   .146   1.40   .147   .003   3
  50 L20062   1710 1824    115      3      0    .660    .62   1.50   .312   .902   .145   1.47   .145   .018   1
  51 L20063   1264 1394    131      3      0    .510    .46   1.24   .182   .887   .129   1.31   .122   .008   2
  52 L20064   1220 1333    114      3      0    .617    .57   1.06   .207   .865   .161   1.45   .145   .032   0
  53 L20066   1428 1495     68      0      0    .487    .50   1.05   .223   .885   .174   1.41   .170   .140   0
  54 L20067   1306 1435    130      3      0    .564    .42    .99   .197   .894   .163   1.37   .157   .114   0
  55 L20069   1226 1331    106      2      0    .658    .44    .94   .190   .868   .177   1.30   .168   .057   1
  56 L20071   1426 1523     98      1      0    .709    .48    .94   .168   .858   .162   1.32   .161  -.024   1
  57 L20073    945 1088    144      4      0    .530    .42   1.46   .300   .959   .142   1.28   .136  -.030   1
  58 L20074   1363 1464    102      2      0    .519    .28    .48   .091   .843   .138   1.33   .138  -.060   3
  59 L20075   1091 1185     95      2      0    .613    .45   1.18   .229   .927   .164   1.35   .161  -.007   1
  60 L20076    922  990     69      1      0    .400    .64   1.27   .206   .715   .181   1.50   .188  -.003   1
  61 L20077   1067 1195    129      3      0    .563    .38   1.23   .228   .918   .170   1.38   .159   .057   3
  62 L20078   1575 1640     66      0      0    .615    .75   1.52   .401   .921   .159   1.35   .166   .023   2
  63 L20079   1059 1180    122      3      0    .603    .29    .70   .146   .932   .176   1.53   .173  -.022   1
  64 L20080   1262 1340     79      1      0    .520    .44   1.15   .220   .911   .111   1.46   .140  -.026   3
  65 L20081   1829 1960    132      3      0    .433    .28   1.03   .159   .945   .129   1.34   .125   .029   1
  66 L20083   1209 1338    130      3      0    .653    .67   1.26   .174   .652   .162   1.60   .173   .034   1
  67 L20084   1709 1825    117      3      0    .616    .56   1.28   .267   .923   .125   1.30   .117  -.004   3
  68 L20101   1560 1713    154      4      0    .508    .23    .63   .127   .896   .198   1.60   .201  -.030   1
  69 L20102   1539 1629     91      2      0    .539    .40    .90   .167   .847   .187   1.45   .180  -.018   1
  70 L20103   1842 1947    106      2      0    .453    .26    .77   .144   .918   .148   1.53   .159  -.000   1
  71 L20104   1750 1820     71      0      0    .615    .39    .57   .078   .614   .131   1.45   .147  -.005   1
  72 L20106   1401 1516    116      2      0    .599    .33    .65   .139   .833   .182   1.98   .201  -.017   1
  73 L20107   1860 1957     98      2      0    .410    .28    .43   .087   .876   .123   1.49   .131   .046   3
  74 L20108   1604 1712    109      2      0    .542    .45   1.08   .218   .906   .170   1.40   .177   .017   1
  75 L20110   1265 1418    154      4      0    .547    .30    .80   .164   .939   .149   1.42   .151   .018   1
  76 L20111   1701 1790     90      1      0    .439    .26    .59   .103   .762   .213   1.51   .208  -.043   1
  77 L20112   1649 1861    213      7      0    .552    .37   1.53   .232   .923   .160   1.56   .171  -.022   1
  78 L20113   1653 1785    133      3      0    .646    .51   1.80   .373   .964   .147   1.48   .142  -.023   1
  79 L20114   1463 1589    127      3      0    .680    .58   1.42   .252   .889   .139   1.42   .142   .018   1
  80 L20115    895  957     63      1      0    .557    .62   1.77   .323   .936   .127   1.31   .115  -.015   1
  81 L20116    841 1015    175      5      1    .462    .18    .38   .059   .855   .146   1.57   .154   .012   2
  82 L20117   1575 1643     69      1      0    .703    .48    .88   .154   .709   .225   1.40   .199   .088   0
  83 L20119    825  960    136      3      2    .407    .32    .78   .157   .916   .145   1.51   .150  -.015   2
  84 L20120   1755 1822     68      0      0    .408    .44    .91   .131   .783   .147   1.39   .156   .038   1
  85 L20121   1381 1446     66      0      0    .485    .44   1.07   .163   .832   .151   1.28   .138   .055   0
  86 L20122   1603 1705    103      2      0    .471    .21    .42   .073   .822   .171   1.43   .169   .113   3
  87 L20123   1571 1674    104      3      0    .498    .39    .64   .104   .581   .199   1.64   .198  -.014   3
  88 L20125   1716 1821    106      2      0    .656    .35    .67   .117   .823   .150   1.45   .170   .051   1
  89 L20126    885 1007    123      3      0    .588    .32   1.07   .174   .913   .139   1.48   .141  -.030   1
  90 L20127   1148 1235     88      2      0    .574    .51   1.44   .228   .935   .127   1.36   .133   .010   1
  91 L20129   1635 1693     59      0      0    .521    .70   1.41   .254   .861   .135   1.32   .153  -.023   1
  92 L20130   1299 1464    166      5      0    .619    .27    .49   .075   .762   .147   1.52   .158   .005   1
  93 L20131   1763 1876    114      3      0    .418    .33   1.20   .255   .956   .147   1.37   .141  -.031   3
  94 L20132   1391 1459     69      1      0    .393    .49    .92   .141   .796   .139   1.33   .141   .068   1
  95 L20133   1121 1169     49      0      0    .661   1.00   1.74   .270   .776   .144   1.38   .150   .118   1
  96 L20135   1506 1552     47      0      0    .536    .47    .67   .090   .703   .111   1.32   .116   .059   1
  97 L20136   1781 1896    116      2      0    .563    .41   1.22   .249   .917   .168   1.57   .189   .029   1
  98 L20137   1505 1648    144      3      0    .696    .37   1.14   .237   .970   .152   1.47   .152  -.002   1
  99 L20139   1539 1660    122      3      0    .576    .29   1.30   .178   .815   .175   1.44   .167   .078   3
 100 L20140   1356 1448     93      1      0    .618    .44    .92   .163   .829   .165   1.45   .170  -.024   1
 101 L20142   1850 1955    106      2      0    .488    .33    .82   .150   .910   .137   1.34   .133   .057   1
 102 L20143   1703 1835    133      3      0    .627    .39    .91   .190   .929   .121   1.36   .134   .000   1
 103 L20145   1853 1994    142      3      0    .461    .38   1.24   .257   .939   .162   1.47   .161  -.012   1
 104 L20146   1663 1754     92      2      0    .552    .45   1.15   .228   .950   .121   1.34   .117  -.056   3
 105 L20149   1131 1188     58      0      0    .551    .93   1.44   .265   .802   .161   1.42   .176  -.018   1
 106 L20150   1248 1339     92      2      0    .724    .49   1.22   .260   .934   .151   1.47   .138   .087   0
 107 L20152   1453 1530     78      1      0    .559    .32    .53   .085   .719   .161   1.49   .169  -.004   1
 108 L20153   1506 1580     75      1      0    .540    .42    .71   .135   .818   .164   1.33   .170  -.051   1
 109 L20154   1702 1816    115      2      0    .637    .69   1.58   .286   .910   .133   1.31   .128   .012   2
 110 L20156   1413 1494     82      1      0    .693    .52   1.55   .388   .953   .171   1.38   .156   .133   0
 111 L20157   1745 1842     98      2      0    .587    .50   1.08   .193   .870   .147   1.47   .153  -.051   1
 112 L20158   1431 1475     45      0      0    .700    .51   1.27   .331   .941   .183   1.64   .203  -.044   0
 113 L20159   1413 1537    125      3      0    .707    .42   1.80   .295   .943   .170   1.51   .156  -.005   1
 114 L20160   1738 1811     74      1      0    .464    .49   1.79   .307   .890   .142   1.72   .158   .118   2
 115 L20163   1418 1470     53      0      0    .427    .77   1.56   .324   .742   .214   1.68   .220   .182   0
 116 L20165   1436 1488     53      0      0    .723    .78   1.64   .361   .836   .203   1.39   .198  -.040   1
 117 L20168   1410 1486     77      1      0    .662    .73   1.65   .251   .752   .192   1.41   .176  -.021   3
 118 L20173   1714 1878    165      5      0    .637    .36   1.20   .217   .932   .145   1.39   .146   .009   1
 119 L20176   1148 1206     59      1      0    .569    .64   1.75   .361   .933   .143   1.56   .135  -.068   0
 120 L20180   1679 1806    128      3      0    .608    .44   1.75   .379   .961   .144   1.38   .145   .056   2
 121 L20181   1706 1878    173      5      0    .743    .39   1.14   .252   .929   .170   1.44   .163   .023   1
 122 L20182   1424 1579    156      4      0    .582    .38    .83   .130   .837   .142   1.24   .133  -.033   3
 123 L20183   1456 1553     98      2      0    .556    .40   1.21   .157   .748   .174   1.63   .175  -.007   1
 124 L20184   1515 1570     56      0      0    .628    .55   1.05   .151   .760   .151   1.32   .132   .054   0
 125 L20185   1364 1446     83      1      0    .475    .52    .83   .136   .733   .156   1.52   .154   .015   1
 126 L20186   1288 1362     75      1      0    .448    .44    .90   .175   .910   .127   1.33   .121   .158   0
 127 L20188   1252 1458    207      6      0    .574    .41   1.05   .136   .861   .126   1.40   .128   .054   1
 128 L20189    929 1084    156      4      2    .405    .16    .44   .086   .874   .182   1.51   .184   .035   2
 129 L20190    790  873     84      1      0    .468    .39   1.07   .219   .828   .192   1.47   .190   .078   0
 130 L20192   1624 1670     47      0      0    .699    .67   1.34   .205   .730   .185   1.33   .168   .177   0
 131 L20193   1175 1304    130      3      0    .587    .35    .65   .101   .810   .147   1.47   .152   .039   1
 132 L20194   1716 1874    159      5      0    .558    .25    .71   .125   .887   .163   1.67   .175   .015   2
 133 L20195   1746 1829     84      2      1    .389    .32    .51   .072   .661   .139   1.64   .154   .019   1
 134 L20197   1336 1423     88      1      1    .412    .30    .54   .075   .859   .113   1.24   .113  -.047   1
 135 L20198   1767 1823     57      0      0    .541    .41    .88   .133   .726   .148   1.46   .157   .072   1
 136 L20199   1889 1963     75      1      0    .503    .47   1.08   .191   .890   .143   1.60   .149   .000   1
 137 L20201   1306 1400     95      2      0    .544    .44    .69   .098   .769   .125   1.32   .127  -.014   1
 138 L20202   1343 1417     75      1      0    .454    .44    .70   .111   .734   .150   1.35   .160  -.049   1
 139 L20203   1699 1838    140      4      0    .598    .29    .58   .102   .844   .156   1.45   .156   .012   1
 140 L20208   1135 1193     59      0      0    .555    .82   2.25   .443   .895   .202   1.34   .194  -.023   1
 141 L20211   1531 1648    118      2      0    .634    .33   1.56   .266   .951   .157   1.41   .157   .023   1
 142 L20213   1502 1552     51      0      0    .517    .77   1.91   .334   .964   .084   1.23   .090  -.004   1
 143 L20214   1698 1832    135      4      0    .560    .37    .88   .164   .906   .128   1.42   .134  -.028   1
 144 L20215   1723 1814     92      2      0    .669    .43   1.43   .271   .943   .166   1.36   .159   .036   1
 145 L20217   1686 1751     66      1      0    .589    .41   1.10   .226   .955   .132   1.45   .126  -.008   1
 146 L20220   1758 1804     47      0      0    .535    .51   1.17   .241   .883   .153   1.31   .154   .170   0
 147 L20225   1415 1483     69      1      0    .381    .49    .80   .134   .766   .141   1.48   .140  -.021   1
 148 L20226   1768 1886    119      3      0    .530    .25    .60   .084   .792   .167   1.41   .171  -.011   1
 149 L20229   1681 1832    152      4      0    .780    .38   1.04   .178   .906   .157   1.32   .154   .014   3
 150 L20230   1049 1174    126      3      0    .614    .40    .70   .102   .674   .153   1.48   .156  -.016   2
 151 L20232   1221 1349    129      4      0    .679    .49   1.07   .247   .921   .153   1.32   .149   .041   1
 152 L20233   1396 1500    105      3      0    .724    .45   1.19   .242   .933   .155   1.51   .142  -.001   0
 153 L20234   1693 1799    107      3      0    .513    .21    .70   .116   .827   .158   1.51   .181  -.063   1
 154 L20235   1692 1776     85      2      0    .622    .32   1.38   .228   .870   .166   1.50   .180   .042   1
 155 L20236   1418 1511     94      2      0    .733    .40   1.33   .219   .895   .171   1.62   .151   .015   2
 156 L20238   1320 1429    110      3      0    .490    .31    .78   .128   .840   .163   1.39   .158   .010   1
 157 L20241   1422 1482     61      1      0    .601    .49   1.33   .265   .873   .177   1.41   .169   .008   1
 158 L20246    653  713     61      0      0    .663    .56   1.02   .172   .759   .159   1.46   .157   .083   0
 159 L20247   1715 1871    157      4      0    .556    .27    .66   .129   .904   .172   1.49   .182   .003   2
 160 L20248   1499 1559     61      0      0    .543    .51   1.23   .233   .925   .128   1.30   .121   .028   2
 161 L20250   1715 1790     76      1      0    .504    .26    .65   .120   .792   .194   1.47   .184  -.020   2
 162 L20252   1496 1572     77      1      0    .588    .54   1.35   .252   .948   .102   1.34   .104   .042   2
 163 L20253   1748 1798     51      0      0    .583    .45   1.03   .203   .882   .150   1.34   .158   .108   1
 164 L20254   1664 1790    127      3      0    .640    .31    .87   .135   .872   .169   1.42   .166  -.030   3
 165 L20255   1656 1731     76      1      0    .625    .50   1.34   .306   .958   .140   1.35   .148   .011   2
 166 L20256   1278 1359     82      1      0    .395    .30    .60   .117   .847   .189   1.54   .197   .055   1
 167 L20258   1688 1768     81      1      0    .564    .33    .86   .145   .835   .165   1.38   .158   .029   1
 168 L20259   1478 1564     87      1      0    .428    .39    .80   .125   .725   .152   1.29   .127  -.047   2
 169 L20261    935  989     55      0      0    .514    .59   1.59   .396   .958   .148   1.68   .157   .190   0
 170 L20262   1669 1753     85      2      0    .678    .50   1.14   .269   .871   .199   1.55   .203  -.024   1
 171 L20264   1140 1194     55      0      0    .485    .64   1.14   .223   .902   .128   1.30   .129  -.008   3
 172 L20266   1313 1447    135      3      0    .502    .27    .66   .106   .900   .140   1.33   .143   .001   1
 173 L20267   1277 1397    121      2      0    .542    .39    .83   .155   .911   .127   1.38   .134  -.020   1
 174 L20268   1252 1342     91      1      0    .728    .41    .96   .149   .859   .128   1.30   .122   .011   1
 175 L20269   1342 1541    200      6      0    .577    .19    .33   .063   .859   .161   1.45   .178   .006   2
 176 L20270   1406 1535    130      3      0    .713    .48   1.06   .209   .919   .148   1.28   .138   .011   2
 177 L20271   1102 1167     66      0      0    .485    .89   1.56   .310   .858   .158   1.27   .134  -.049   3
 178 L20272   1376 1449     74      1      0    .447    .34    .52   .072   .569   .156   1.38   .167   .023   1
 179 L20273   1488 1566     79      1      0    .690    .49   1.07   .222   .884   .174   1.41   .170  -.029   1
 180 L20274   1188 1253     66      1      0    .408    .45   1.05   .208   .938   .127   1.26   .124   .079   1
 181 L20275   1490 1532     43      0      0    .564    .51   1.16   .240   .781   .189   1.47   .175   .114   0
 182 L20276   1725 1806     82      1      0    .467    .38   1.11   .203   .920   .146   1.47   .142  -.019   2
 183 L20277   1506 1579     74      1      0    .510    .70   2.69   .600   .969   .130   1.31   .118   .151   0
 184 L20278   1684 1882    199      6      0    .705    .30    .99   .187   .949   .152   1.55   .146  -.003   1
 185 L20279   1145 1201     57      1      0    .595    .63   1.16   .231   .897   .152   1.31   .149   .067   1
 186 L20280   1715 1808     94      2      0    .528    .45    .81   .134   .868   .122   1.22   .111  -.014   2
 187 L20281   1828 1964    137      3      0    .521    .36    .97   .191   .925   .153   1.46   .161  -.028   1
 188 L20282   1670 1803    134      4      0    .671    .35   1.28   .210   .897   .180   1.44   .171   .006   1
 189 L20283   1713 1815    103      2      1    .498    .22    .86   .159   .943   .160   1.37   .167  -.024   2
 190 L20287   1697 1850    154      5      0    .602    .25    .84   .127   .890   .169   1.47   .170  -.016   1
 191 L20288   1027 1086     60      0      0    .565    .44    .82   .123   .737   .149   1.35   .141   .163   0
 192 L20292    931 1027     97      2      0    .569    .32    .85   .175   .937   .146   1.36   .158  -.004   1
 193 L20293   1187 1262     76      1      0    .560    .85   1.77   .351   .889   .149   1.39   .138   .015   1
 194 L20294   1243 1306     64      1      0    .561    .58   1.33   .265   .892   .162   1.36   .161   .021   1
 195 L20295   1191 1246     56      0      0    .518    .58   1.02   .170   .793   .150   1.27   .157  -.081   1
 196 L20296   1059 1125     67      1      0    .510    .40    .83   .143   .709   .176   1.36   .194  -.013   1
 197 L20300   1686 1902    217      7      0    .576    .23    .42   .055   .800   .118   1.36   .124   .011   1
 198 L20302   1077 1151     75      1      0    .437    .43    .87   .145   .819   .154   1.45   .149  -.009   3
 199 L20303   1042 1121     80      1      0    .467    .68   1.07   .231   .817   .173   1.38   .160   .112   0
 200 L20304   1729 1787     59      0      0    .521    .36    .98   .198   .896   .154   1.21   .147  -.036   1
 201 L20305   1686 1852    167      5      0    .749    .38    .93   .184   .909   .139   1.35   .132   .010   1
 202 L20306   1184 1249     66      1      0    .598    .73   1.02   .184   .803   .134   1.31   .128   .019   0
 203 L20307   1828 1922     95      1      0    .608    .32    .56   .132   .900   .140   1.36   .143  -.018   1
 204 L20309   1841 1947    107      2      0    .689    .49    .86   .219   .932   .142   1.40   .132   .015   1
 205 L20311   1432 1520     89      1      0    .652    .38    .67   .101   .655   .180   1.36   .164  -.042   3
 206 L20312   1154 1201     48      0      0    .459    .61   1.62   .342   .892   .181   1.33   .171   .206   0
 207 L20313   1723 1787     65      1      0    .549    .31   1.10   .255   .961   .179   1.37   .163  -.009   2
 208 L20314   1240 1410    171      5      0    .606    .18    .61   .081   .831   .203   1.57   .198   .015   1
 209 L20316   1747 1861    115      3      0    .512    .28    .55   .112   .852   .187   1.64   .201   .034   1
 210 L20319   1476 1536     61      0      0    .408    .63   1.06   .184   .808   .136   1.29   .141  -.041   1
 211 L20320   1701 1766     66      0      0    .559    .35   1.17   .213   .933   .153   1.39   .152  -.041   1
 212 L20322   1146 1204     59      1      0    .626    .92   2.36   .453   .936   .133   1.35   .131   .177   0
 213 L20323   1086 1197    112      2      0    .589    .58   1.19   .229   .812   .167   1.59   .174  -.023   1
 214 L20327   1456 1501     46      0      0    .649    .61   1.47   .283   .900   .130   1.41   .132  -.033   1
 215 L20328    949 1009     61      1      0    .506    .66   1.81   .375   .940   .139   1.36   .147   .029   1
 216 L20329   1485 1568     84      1      0    .436    .56   1.79   .412   .930   .125   1.49   .123  -.048   1
 217 L20330   1431 1506     76      1      0    .699    .64   1.93   .464   .951   .152   1.40   .159  -.037   1
 218 L20331   1684 1849    166      5      0    .609    .27   1.03   .161   .935   .178   1.57   .177   .009   1
 219 L20333    932  986     55      0      0    .555    .52    .95   .207   .889   .141   1.31   .132   .103   0
 220 L20335   1427 1514     88      1      0    .730    .45    .78   .133   .823   .149   1.31   .141   .038   2
 221 L20336   1526 1573     48      0      0    .345    .56    .86   .186   .851   .164   1.43   .148   .159   0
 222 L20337   1376 1444     69      0      0    .591    .75   1.42   .191   .546   .172   1.54   .170   .061   3
 223 L20339   1703 1815    113      2      0    .639    .46   1.11   .212   .861   .189   1.38   .169  -.001   1
 224 L20340   1490 1592    103      2      0    .560    .44   1.23   .185   .868   .146   1.48   .157   .029   2
 225 L20341   1329 1433    105      2      0    .649    .42    .68   .094   .612   .164   1.42   .147   .000   2
 226 L20343    903  998     96      1      0    .518    .76   2.50   .515   .937   .163   1.36   .146   .064   2
 227 L20344    937 1064    128      3      0    .605    .42   1.40   .311   .963   .131   1.36   .129   .026   1
 228 L20345   1792 1870     79      1      0    .464    .35    .71   .193   .900   .166   1.50   .181   .082   1
 229 L20346   1699 1758     60      1      0    .660    .36    .90   .212   .960   .143   1.40   .143  -.003   1
 230 L20347   1454 1529     76      1      0    .666    .33    .73   .113   .729   .174   1.51   .188  -.051   1
 231 L20348   1267 1355     89      2      0    .624    .61   1.81   .381   .943   .135   1.36   .128   .144   0
 232 L20349   1449 1551    103      3      0    .587    .40    .83   .140   .777   .192   1.54   .188  -.034   1
 233 L20350   1487 1585     99      2      0    .400    .33    .83   .175   .934   .151   1.43   .155   .046   1
 234 L20351   1825 1902     78      2      1    .289    .42    .66   .074   .435   .149   1.29   .123  -.046   0
 235 L20352   1262 1370    109      2      0    .674    .50   1.29   .245   .924   .126   1.43   .130  -.041   1
 236 L20353   1867 1968    102      2      0    .334    .35    .68   .114   .785   .164   1.60   .165   .020   1
 237 L20354   1676 1801    126      3      0    .643    .49   1.19   .223   .900   .147   1.42   .139   .009   1
 238 L20356   1668 1766     99      2      0    .649    .29   1.04   .247   .953   .192   1.42   .193  -.039   1
 239 L20358   1519 1710    192      6      1    .560    .19    .51   .086   .878   .191   1.69   .202  -.029   1
 240 L20359   1654 1754    101      2      0    .615    .37   1.33   .284   .948   .188   1.41   .177   .009   1
 241 L20360   1687 1790    104      2      0    .504    .24    .42   .053   .368   .178   1.60   .177   .138   0
 242 L20361   1406 1491     86      1      0    .570    .44   1.45   .305   .866   .183   1.52   .172   .117   0
 243 L20362    660  733     74      0      0    .425    .33   1.08   .255   .950   .187   1.83   .198   .039   1
 244 L20363   1012 1108     97      2      0    .592    .40    .96   .193   .844   .181   1.50   .159  -.018   0
 245 L20365   1041 1170    130      3      0    .651    .32   1.13   .208   .953   .147   1.38   .141   .102   0
 246 L20367   1669 1782    114      3      0    .580    .41   1.10   .206   .943   .126   1.27   .123   .009   1
 247 L20368   1648 1802    155      4      0    .517    .23    .69   .160   .953   .181   1.60   .179  -.001   3
 248 L20369   1759 1832     74      1      0    .601    .44   1.01   .158   .852   .151   1.31   .162  -.033   1
 249 L20370   1375 1480    106      3      0    .584    .33    .69   .140   .798   .202   1.61   .193   .083   0
 250 L20371   1390 1476     87      2      0    .577    .34    .64   .133   .826   .197   1.75   .223   .068   1
 251 L20372    899  958     60      1      0    .568    .59    .92   .182   .882   .123   1.36   .129   .135   1
 252 L20373   1003 1111    109      2      0    .515    .44   1.11   .161   .835   .162   1.40   .154  -.000   2
 253 L20374    896 1003    108      3      0    .696    .51   1.43   .203   .882   .139   1.34   .133   .003   1
 254 L20375    799  877     79      2      0    .642    .91   2.10   .429   .930   .150   1.38   .149   .094   0
 255 L20376   1516 1592     77      1      0    .361    .57   1.25   .149   .708   .144   1.33   .139   .148   0
 256 L20377   1357 1434     78      1      0    .659    .50   1.04   .163   .859   .141   1.41   .141  -.001   1
 257 L20378   1248 1330     83      2      0    .621    .58   1.50   .219   .796   .156   1.40   .147  -.041   1
 258 L20379   1057 1131     75      1      0    .618    .39    .66   .119   .859   .128   1.37   .130   .001   1
 259 L20380   1078 1195    118      2      0    .474    .38   1.47   .252   .952   .153   1.43   .149   .114   0
 260 L20381   1516 1584     69      1      0    .483    .44    .95   .193   .916   .131   1.34   .131  -.033   1
 261 L20382   1260 1314     55      0      0    .499    .53   1.25   .200   .862   .133   1.35   .146   .013   1
 262 L20383    968 1043     76      1      0    .535    .40   1.16   .251   .918   .173   1.46   .178  -.021   1
 263 L20384   1051 1144     94      1      0    .544    .41   1.21   .218   .855   .200   1.49   .191   .079   0
 264 L20385   1877 1978    102      2      0    .449    .30   1.01   .194   .940   .145   1.35   .148  -.007   1
 265 L20386   1314 1404     91      2      0    .423    .22    .68   .143   .941   .182   1.68   .195   .056   1
 266 L20387   1491 1546     56      0      0    .523    .63    .95   .146   .748   .121   1.28   .129  -.005   1
 267 L20388   1798 1920    123      2      0    .613    .39   1.00   .185   .938   .127   1.30   .123  -.054   3
 268 L20389   1378 1463     86      1      0    .470    .13    .33   .064   .859   .204   1.54   .212   .023   1
 269 L20390   1342 1427     86      2      0    .594    .39    .75   .166   .882   .171   1.45   .174   .002   3
 270 L20391   1662 1728     67      1      0    .594    .51    .84   .234   .928   .146   1.37   .152   .076   1
 271 L20392   1185 1233     49      0      0    .522    .88   1.67   .307   .886   .119   1.27   .119   .097   1
 272 L20393   1315 1430    116      3      0    .469    .16    .40   .070   .842   .210   1.54   .208   .018   1
 273 L20394   1445 1518     74      1      0    .594    .42    .90   .140   .793   .170   1.56   .182  -.009   1
 274 L20395   1703 1852    150      4      0    .589    .42   1.34   .190   .894   .136   1.48   .138  -.031   3
 275 L20396    938 1029     92      2      0    .573    .51   2.14   .358   .938   .140   1.38   .144   .021   1
 276 L20397    912 1042    131      3      0    .646    .58   1.53   .342   .943   .143   1.35   .134   .017   1
 277 L20398   1424 1491     68      1      0    .533    .45   1.40   .301   .881   .209   1.49   .191   .052   0
 278 L20399   1261 1322     62      0      0    .609    .39   1.04   .173   .842   .174   1.28   .131  -.012   1
 279 L20400   1239 1323     85      1      0    .560    .42   1.42   .249   .915   .151   1.39   .148  -.028   1
 280 L20402   1443 1513     71      1      0    .555    .43   1.11   .231   .913   .191   1.46   .195   .035   1
 281 L20404   1430 1513     84      1      0    .568    .31    .92   .140   .799   .183   1.66   .193  -.004   1
 282 L20405   1510 1569     60      0      0    .571    .72   1.79   .413   .940   .152   1.35   .145   .155   0
 283 L20406   1377 1473     97      1      0    .519    .34    .78   .109   .739   .160   1.42   .166  -.017   1
 284 L20407   1859 1919     61      0      0    .435    .30    .58   .136   .877   .167   1.37   .173   .066   1
 285 L20408   1731 1860    130      3      0    .445    .35   1.34   .202   .861   .143   1.54   .150  -.027   2
 286 L20409   1760 1851     92      2      0    .507    .33    .80   .178   .935   .134   1.60   .152  -.010   3
 287 L20411   1172 1356    185      6      1    .441    .15    .30   .041   .636   .174   1.93   .177   .007   1
 288 L20412   1708 1774     67      1      0    .627    .49   1.06   .167   .792   .177   1.35   .166   .048   1
 289 L20414   1205 1288     84      1      0    .681    .50    .86   .117   .633   .156   1.51   .158   .051   1
 290 L20415    895 1006    112      3      0    .498    .34   1.12   .252   .943   .134   1.29   .137   .019   1
 291 L20417   1814 1972    159      4      0    .409    .31    .71   .135   .898   .153   1.43   .158  -.025   2
 292 L20421   1196 1282     87      2      0    .406    .42   1.20   .223   .950   .140   1.33   .142   .015   1
 293 L20422    658  715     58      0      0    .723    .95   1.89   .388   .829   .167   1.34   .151   .046   0
 294 L20423   1160 1273    114      2      0    .547    .34    .72   .105   .837   .133   1.44   .144   .001   1
 295 L20424   1706 1834    129      3      0    .535    .15    .43   .061   .868   .169   1.57   .179   .019   1
 296 L20427    955 1101    147      4      0    .436    .32    .56   .075   .654   .155   1.56   .163  -.013   1
 297 L20429   1845 1915     71      1      0    .346    .41    .83   .207   .910   .174   1.32   .149  -.052   3
 298 L20430   1715 1845    131      3      0    .444    .22    .35   .072   .794   .174   1.84   .180  -.002   2
 299 L20431   1909 1995     87      1      0    .518    .46   1.21   .224   .920   .118   1.57   .130   .026   1
 300 L20432   1496 1615    120      3      0    .660    .41    .69   .111   .829   .126   1.35   .132  -.013   1
 301 L20434   1518 1615     98      2      0    .627    .43    .81   .164   .924   .124   1.33   .125  -.002   1
 302 L20435   1287 1530    244      8      1    .531    .34    .79   .157   .916   .136   1.56   .140  -.000   1
 303 L20436   1421 1520    100      2      0    .733    .47   1.91   .425   .941   .198   1.45   .182  -.008   2
 304 L20437   1561 1652     92      2      0    .663    .41    .75   .155   .859   .175   1.67   .174   .126   0
 305 L20438   1372 1496    125      3      0    .722    .36    .72   .145   .856   .186   1.63   .188  -.003   1
 306 L20439   1394 1514    121      3      0    .730    .34   1.07   .203   .950   .155   1.50   .152   .019   1
 307 L20440   1229 1396    168      4      0    .592    .28    .77   .137   .879   .182   1.61   .182   .022   1
 308 L20441   1202 1310    109      2      0    .560    .37    .81   .149   .841   .172   1.70   .184  -.021   1
 309 L20442   1380 1567    188      5      0    .724    .37    .95   .170   .887   .172   1.44   .162  -.001   1
 310 L20443    949 1025     77      1      0    .664    .62   1.09   .151   .593   .174   1.37   .170  -.033   2
 311 L20444    966 1036     71      1      0    .636    .58   1.02   .196   .849   .147   1.49   .146  -.045   2
 312 L20445   1428 1546    119      2      0    .608    .28    .87   .133   .916   .165   1.33   .159  -.031   1
 313 L20447   1127 1200     74      1      0    .514    .47    .81   .155   .817   .143   1.34   .143  -.049   1
 314 L20450   1613 1676     64      1      0    .722    .44    .70   .125   .723   .163   1.29   .146   .017   2
 315 L20452   1570 1640     71      1      0    .572    .41   1.43   .328   .954   .188   1.71   .196  -.003   1
 316 L20453   1814 1924    111      3      0    .570    .26    .43   .065   .605   .172   1.38   .176  -.071   3
 317 L20454   1805 1920    116      2      0    .505    .28    .52   .098   .835   .152   1.45   .172  -.020   3
 318 L20456   1182 1236     55      0      0    .516    .49    .93   .103   .588   .125   1.47   .137  -.059   3
 319 L20457    980 1088    109      2      0    .729    .29    .76   .115   .906   .131   1.38   .132  -.018   3
 320 L20458    935 1019     85      1      0    .519    .33    .81   .168   .891   .162   1.40   .164  -.055   3
 321 L20459   1599 1703    105      2      0    .578    .43    .90   .126   .593   .198   1.54   .186  -.042   3
 322 L20462   1273 1374    102      3      0    .417    .33    .86   .161   .936   .119   1.36   .116   .014   2
 323 L20463   1624 1742    119      2      0    .537    .32   1.08   .202   .945   .181   1.68   .193   .025   3
 324 L20464   1895 1976     82      2      0    .655    .24   1.02   .180   .955   .151   1.33   .146  -.015   1
 325 L20465   1228 1306     79      1      0    .702    .51   1.50   .263   .935   .133   1.33   .134   .047   1
 326 L20466   1277 1433    157      4      0    .536    .34    .58   .077   .710   .130   1.62   .140  -.015   1
 327 L20468   1465 1568    104      2      0    .563    .35   1.02   .182   .868   .169   1.62   .178  -.068   1
 328 L20470   1661 1734     74      1      0    .608    .37    .67   .135   .783   .201   1.55   .212  -.001   3
 329 L20471   1341 1424     84      2      0    .633    .44    .83   .139   .870   .131   1.45   .142   .005   1
 330 L20473   1445 1542     98      2      0    .618    .39   1.01   .211   .911   .157   1.48   .163   .022   1
 331 L20474   1227 1308     82      1      0    .701    .48   1.07   .212   .890   .171   1.46   .174   .039   1
 332 L20475   1723 1796     74      1      0    .481    .59    .97   .164   .683   .165   1.47   .159   .150   0
 333 L20476   1320 1424    105      3      0    .606    .51    .95   .188   .852   .144   1.51   .156   .032   1
 334 L20478   1127 1199     73      1      0    .642    .60    .98   .128   .682   .140   1.30   .131  -.028   2
 335 L20479   1397 1486     90      2      0    .661    .38   1.04   .209   .902   .194   1.53   .183   .123   0
 336 L20480    708  780     73      1      0    .498    .60   1.18   .146   .742   .119   1.40   .128   .017   1
 337 L20481   1568 1641     74      1      0    .586    .41   1.41   .259   .930   .162   1.46   .178  -.007   1
 338 L20482   1295 1405    111      3      0    .449    .33    .91   .116   .820   .129   1.39   .138   .030   1
 339 L20484   1886 1972     87      1      0    .495    .26    .81   .151   .916   .162   1.39   .173  -.050   3
 340 L20485   1683 1811    129      3      0    .452    .42    .70   .144   .874   .136   1.63   .143  -.040   3
 341 L20486    978 1099    122      3      0    .546    .34   1.17   .212   .963   .156   1.50   .153   .015   1
 342 L20487   1563 1653     91      2      0    .734    .31    .91   .217   .941   .201   1.92   .208   .038   0
 343 L20488   1397 1451     55      1      0    .604    .51    .96   .170   .878   .133   1.35   .139   .005   1
 344 L20490   1851 1958    108      2      0    .466    .43   1.46   .352   .955   .175   1.57   .179   .015   1
 345 L20491   1649 1799    151      4      0    .584    .36    .67   .139   .907   .127   1.34   .129  -.024   3
 346 L20492   1717 1809     93      2      0    .594    .38    .96   .172   .859   .182   1.39   .178  -.015   3
 347 L20493   1711 1888    178      5      0    .685    .27    .87   .137   .857   .193   1.52   .193   .013   1
 348 L20496   1613 1692     80      1      0    .587    .50   1.11   .196   .841   .166   1.35   .146  -.053   2
 349 L20499   1751 1808     58      0      0    .592    .54   1.13   .229   .832   .157   1.54   .168  -.014   1
 350 L20502   1609 1704     96      2      0    .615    .37    .65   .098   .660   .172   1.41   .151  -.081   3
 351 L20503   1622 1698     77      1      0    .597    .57   1.40   .227   .850   .167   1.37   .155   .067   0
 352 L20505   1388 1460     73      1      0    .646    .45    .73   .130   .859   .127   1.33   .128  -.006   3
 353 L20506   1372 1480    109      3      0    .678    .53    .84   .144   .809   .143   1.36   .131  -.009   2
 354 L20507   1314 1446    133      3      0    .574    .38    .89   .223   .938   .162   1.49   .172   .002   1
 355 L20508   1173 1296    124      3      0    .638    .32    .52   .074   .720   .142   1.35   .134   .028   1
 356 L20509   1151 1298    148      3      0    .555    .43    .90   .170   .896   .143   1.49   .141  -.012   1
 357 L20512   1734 1810     77      1      0    .532    .57   1.31   .218   .842   .134   1.45   .147  -.020   1
 358 L20513   1399 1534    136      4      0    .713    .36    .70   .135   .826   .173   1.59   .183  -.001   1
 359 L20515    893  952     60      1      0    .687    .92   1.45   .228   .746   .146   1.35   .146   .111   1
 360 L20516   1429 1523     95      1      0    .588    .32    .59   .108   .673   .213   1.56   .194  -.041   3
 361 L20517   1321 1508    188      6      1    .543    .25    .52   .092   .770   .204   1.94   .215  -.038   3
 362 L20519    994 1066     73      1      0    .563    .66   1.19   .148   .698   .135   1.30   .134   .013   1
 363 L20520   1404 1528    125      3      0    .644    .44    .93   .179   .844   .183   1.52   .184   .022   1
 364 L20521    787  870     84      1      0    .527    .76   1.64   .288   .876   .144   1.35   .145   .018   1
 365 L20522   1429 1548    120      2      0    .627    .37   1.00   .139   .884   .127   1.39   .128   .015   1
 366 L20523   1250 1362    113      2      0    .510    .40    .94   .146   .834   .163   1.46   .168   .041   1
 367 L20525   1723 1815     93      2      0    .526    .25    .53   .089   .831   .136   1.53   .155   .008   1
 368 L20526   1572 1870    299     10      0    .574    .28    .77   .121   .905   .147   1.49   .153  -.009   3
 369 L20602   1904 1967     64      0      0    .563    .47   1.44   .271   .939   .135   1.31   .130   .093   0
 370 L20603   1161 1226     66      1      0    .524    .54   1.16   .198   .919   .110   1.27   .119  -.053   1
 371 L20604   1806 1881     76      1      0    .610    .36   1.19   .223   .944   .156   1.61   .175  -.005   1
 372 L20605   1240 1318     79      1      0    .764    .34    .53   .069   .647   .132   1.39   .140   .017   1
 373 L20606   1206 1256     51      0      0    .589    .92   1.72   .310   .862   .129   1.24   .124  -.019   2
 374 L20607   1567 1638     72      1      0    .505    .43    .97   .220   .913   .152   1.44   .169   .021   2
 375 L20608   1757 1839     83      1      0    .538    .37    .70   .112   .809   .135   1.40   .155  -.022   1
 376 L20610   1230 1336    107      2      0    .689    .38   1.01   .180   .891   .166   1.34   .165  -.052   1
 377 L20611   1859 2002    144      4      1    .316    .29    .78   .180   .970   .125   1.29   .122  -.011   1
 378 L20614    965 1140    176      5      0    .587    .44   1.24   .201   .931   .128   1.39   .136  -.003   1
 379 L20615   1415 1495     81      1      0    .497    .35   1.17   .247   .910   .157   1.41   .154  -.015   1
 380 L20617   1586 1754    169      5      1    .516    .18    .34   .090   .922   .155   1.51   .159   .019   2
 381 L20619   1845 1927     83      2      0    .459    .40   1.17   .177   .858   .163   1.58   .180   .030   2
 382 L20623   1225 1326    102      2      0    .637    .39   1.36   .231   .912   .147   1.46   .143   .014   1
 383 L20625   1762 1894    133      3      0    .574    .44   1.16   .329   .948   .182   1.59   .178   .014   3
 384 L20627   1601 1728    128      3      0    .582    .56   1.24   .246   .884   .164   1.42   .179   .273   1
 385 L20629   1535 1747    213      6      0    .459    .26   1.42   .189   .934   .157   1.59   .157   .009   2
 386 L20630   1146 1235     90      2      0    .709    .51   1.16   .226   .904   .163   1.54   .151   .009   2
 387 L20631   1699 1817    119      3      0    .547    .35    .68   .105   .852   .121   1.26   .119   .036   1
 388 L20632   1557 1632     76      1      0    .724    .57   1.03   .173   .708   .201   1.58   .203   .019   1
 389 L20633   1320 1452    133      4      0    .575    .47    .87   .144   .786   .156   1.49   .156   .036   1
 390 L20634   1341 1455    115      3      1    .380    .17    .62   .105   .909   .183   1.55   .186  -.006   1
 391 L20635   1318 1410     93      2      0    .545    .41    .68   .113   .751   .143   1.42   .147   .027   1
 392 L20637   1576 1642     67      0      0    .667    .31    .84   .143   .864   .200   1.39   .183  -.003   3
 393 L20638   1361 1448     88      1      0    .594    .29    .59   .106   .770   .183   1.53   .197   .038   1
 394 L20639   1226 1310     85      1      0    .640    .40    .73   .114   .645   .181   1.69   .204   .028   1
 395 L20643   1164 1354    191      6      0    .645    .35    .70   .106   .772   .162   1.45   .162   .014   1
 396 L20646   1593 1660     68      1      0    .469    .39    .66   .111   .557   .187   1.35   .188   .111   1
 397 L20647   1378 1440     63      0      0    .534    .51   1.16   .189   .818   .180   1.41   .184  -.067   1
 398 L20648   1423 1513     91      2      0    .500    .34   1.18   .181   .846   .146   1.52   .162   .039   1
 399 L20649   1130 1279    150      4      0    .523    .22    .62   .112   .858   .198   1.62   .213  -.013   1
 400 L20650   1299 1379     81      2      0    .595    .60   1.09   .159   .745   .147   1.49   .153   .029   1
 401 L20652   1840 1945    106      2      1    .369    .38    .92   .210   .941   .151   1.61   .160   .032   1
 402 L20656   1770 1951    182      6      0    .658    .32    .86   .157   .926   .133   1.45   .142  -.007   1
 403 L20657   1206 1278     73      1      0    .635    .73   1.66   .316   .914   .142   1.33   .149   .015   1
 404 L20658   1426 1508     83      1      0    .544    .30    .89   .187   .907   .221   1.37   .202  -.014   1
 405 L20659   1223 1283     61      1      0    .700    .64   1.40   .261   .892   .153   1.42   .159  -.012   1
 406 L20660   1571 1675    105      3      0    .418    .37    .91   .167   .885   .165   1.47   .165  -.004   3
 407 L20662   1599 1675     77      1      0    .686    .52   1.04   .132   .650   .161   1.37   .148  -.029   3
 408 L20664   1214 1258     45      0      0    .714    .89   1.90   .297   .867   .123   1.38   .136   .036   1
 409 L20665   1258 1336     79      1      0    .581    .52    .99   .181   .844   .143   1.39   .151   .026   1
 410 L20666   1659 1730     72      1      0    .553    .47    .98   .229   .936   .134   1.44   .160  -.008   1
 411 L20667   1794 1880     87      2      0    .687    .41    .95   .175   .877   .156   1.37   .163  -.018   3
 412 L20668    937  996     60      0      0    .491    .71   1.99   .386   .911   .169   1.35   .172   .009   1
 413 L20672   1217 1276     60      1      0    .599    .82   1.77   .434   .960   .135   1.26   .141   .047   2
 414 L20674   1227 1292     66      0      0    .732    .73   1.52   .263   .874   .143   1.33   .147  -.026   1
 415 L20679    966 1018     53      0      0    .474    .71   1.12   .186   .832   .124   1.36   .139  -.009   1
 416 L20682   1578 1634     57      0      0    .480    .38   1.19   .251   .897   .197   1.39   .172   .025   2
 417 L20684   1721 1791     71      1      0    .384    .40    .63   .088   .520   .171   1.43   .173   .022   1
 418 L20685   1738 1841    104      2      0    .635    .32    .59   .126   .866   .159   1.40   .167   .058   1
 419 L20686   1495 1567     73      1      0    .571    .38   1.06   .190   .903   .151   1.44   .139   .029   0
 420 L20687   1577 1651     75      1      0    .738    .60   1.27   .244   .853   .167   1.33   .152  -.042   0
 421 L20688   1824 1917     94      1      0    .252    .40    .72   .142   .846   .160   1.49   .164   .012   2
 422 L20689   1511 1607     97      2      0    .644    .38    .62   .097   .766   .142   1.38   .141   .010   1
 423 L20690    894  951     58      1      0    .810    .97   1.73   .286   .825   .137   1.26   .143  -.012   1
 424 L20692   1625 1779    155      4      0    .683    .37   1.06   .131   .857   .146   1.42   .144  -.018   1
 425 L20693   1864 1967    104      2      0    .458    .45    .99   .229   .959   .124   1.22   .110   .038   0
 426 L20694   1519 1642    124      3      0    .693    .46    .77   .133   .781   .148   1.49   .170  -.005   1
 427 L20698   1402 1484     83      1      0    .608    .55   1.06   .251   .859   .191   1.49   .199  -.043   2
 428 L20699   1180 1335    156      4      0    .543    .29   1.04   .157   .917   .156   1.60   .172   .121   1
 429 L20700   1036 1116     81      1      0    .526    .37    .84   .126   .801   .171   1.44   .166  -.012   1
 430 L20701   1507 1654    148      4      0    .577    .41   1.01   .263   .957   .155   1.42   .154   .011   1
 431 L20702   1805 1918    114      2      0    .445    .34    .96   .209   .938   .175   1.61   .187   .016   2
 432 L20703   1714 1812     99      2      0    .477    .44    .76   .143   .826   .156   1.34   .145   .110   0
 433 L20704   1500 1611    112      2      0    .574    .35   1.02   .218   .951   .162   1.61   .170  -.004   1
 434 L20705   1870 1994    125      3      0    .574    .36    .88   .177   .914   .150   1.47   .148   .005   2
 435 L20706   1606 1697     92      1      0    .601    .43    .88   .158   .884   .135   1.38   .135  -.028   3
 436 L20708   1316 1449    134      4      0    .547    .33    .93   .115   .645   .199   1.82   .212  -.013   3
 437 L20709   1632 1731    100      2      0    .541    .38    .75   .122   .840   .151   1.47   .161   .047   1
 438 L20710   1733 1787     55      0      0    .441    .61   1.04   .187   .729   .154   1.40   .127  -.051   1
 439 L20711   1669 1757     89      2      1    .397    .32    .73   .124   .794   .195   1.43   .195  -.026   1
 440 L20712   1137 1271    135      3      0    .447    .31    .53   .085   .783   .140   1.31   .141   .110   1
 441 L20715   1568 1620     53      0      0    .738    .51    .90   .189   .823   .196   1.47   .196   .174   0
 442 L20717    850  936     87      1      0    .502    .65   2.31   .401   .942   .142   1.58   .157  -.000   2
 443 L20721   1364 1461     98      2      0    .479    .31    .61   .089   .828   .137   1.44   .133  -.010   2
 444 L20725   1649 1746     98      2      0    .633    .47   1.15   .261   .942   .134   1.39   .136   .008   1
 445 L20727   1747 1839     93      2      0    .737    .46    .94   .189   .899   .141   1.64   .157  -.020   1
 446 L20728   1240 1349    110      3      0    .725    .28    .91   .139   .877   .169   1.42   .175  -.028   1
 447 L20729   1295 1397    103      2      0    .590    .33    .60   .100   .775   .163   1.46   .157   .013   1
 448 L20730   1637 1720     84      1      0    .575    .31    .73   .110   .870   .134   1.34   .127   .010   1
 449 L20731    761  846     86      1      0    .364    .34    .97   .159   .868   .144   1.41   .149  -.044   1
 450 L20732   1508 1592     85      1      0    .553    .30    .70   .162   .934   .143   1.32   .138   .024   1
 451 L20733   1257 1430    174      5      1    .459    .32    .59   .105   .792   .180   1.59   .186   .020   3
 452 L20734   1910 1975     66      1      0    .345    .41    .93   .166   .881   .150   1.32   .135   .075   0
 453 L20735   1206 1263     58      0      0    .616    .95   1.72   .298   .869   .131   1.39   .137   .020   1
 454 L20736   1366 1454     89      2      0    .572    .51    .91   .171   .752   .175   1.49   .189  -.015   3
 455 L20737    999 1099    101      3      0    .563    .39   1.03   .207   .901   .158   1.47   .154   .033   1
 456 L20741    899  988     90      1      0    .543    .68   1.69   .458   .942   .152   1.28   .136  -.006   3
 457 L20742   1290 1350     61      1      0    .432    .62    .93   .139   .557   .165   1.44   .173  -.085   1
 458 L20744   1541 1674    134      4      0    .491    .18    .60   .094   .828   .232   1.57   .224  -.079   3
 459 L20745   1345 1449    105      3      0    .568    .26    .62   .118   .885   .176   1.73   .190   .009   1
 460 L20746   1216 1298     83      1      0    .354    .61   1.01   .200   .873   .135   1.29   .135   .030   1
 461 L20747   1478 1554     77      1      0    .529    .33    .64   .108   .654   .209   1.48   .197   .061   1
 462 L20748    805  868     64      0      0    .492    .45   1.26   .241   .878   .147   1.47   .167   .010   1
 463 L20749    979 1085    107      2      0    .593    .51   1.02   .203   .876   .156   1.51   .165  -.050   1
 464 L20750   1239 1367    129      3      0    .655    .57   1.24   .248   .901   .160   1.73   .170   .006   1
 465 L20752    824  942    119      2      2    .307    .40   1.19   .223   .897   .159   1.54   .157  -.001   2
 466 L20753   1093 1158     66      1      0    .653    .49   1.29   .246   .913   .169   1.35   .150   .162   0
 467 L20755   1412 1523    112      2      0    .629    .33    .90   .132   .861   .170   1.51   .171  -.017   1
 468 L20756   1159 1262    104      2      0    .533    .46   1.68   .259   .940   .130   1.37   .136   .005   1
 469 L20757   1188 1330    143      4      0    .666    .24    .47   .089   .713   .221   1.64   .211  -.023   1
 470 L20758    763  877    115      3      1    .336    .34    .93   .214   .917   .172   1.42   .147   .012   3
 471 L20760   1798 1974    177      5      1    .414    .19    .47   .078   .851   .163   1.62   .186  -.012   3
 472 L20761   1870 1970    101      2      0    .545    .39    .78   .129   .926   .100   1.25   .093   .012   1
 473 L20763   1158 1237     80      1      0    .597    .39   1.36   .260   .934   .169   1.37   .154   .004   1
 474 L20765   1709 1824    116      3      0    .341    .32    .60   .110   .815   .172   1.56   .179   .001   1
 475 L20766   1276 1394    119      2      0    .532    .41    .71   .107   .762   .132   1.34   .140   .034   1
 476 L20769   1733 1850    118      3      0    .467    .34    .74   .139   .801   .181   1.76   .190   .020   1
 477 L20772   1685 1767     83      1      0    .621    .38    .83   .147   .827   .173   1.47   .177   .015   1
 478 L20773   1506 1573     68      0      0    .458    .39   1.07   .165   .824   .173   1.42   .163   .033   2
 479 L20774   1499 1662    164      5      0    .600    .20    .54   .075   .832   .178   1.70   .187   .005   1
 480 L20775   1608 1669     62      0      0    .484    .47   1.27   .242   .893   .183   1.44   .176   .029   1
 481 L20776   1503 1596     94      1      0    .600    .42    .93   .130   .862   .121   1.28   .123  -.042   1
 482 L20777   1543 1619     77      1      0    .622    .66   1.22   .244   .792   .175   1.41   .171   .038   2
 483 L20778   1094 1274    181      6      0    .545    .25    .62   .088   .816   .155   1.50   .167   .038   1
 484 L20779   1155 1284    130      3      0    .486    .29   1.03   .135   .853   .162   1.73   .163  -.016   1
 485 L20780   1295 1385     91      2      1    .452    .37    .57   .074   .598   .140   1.35   .141  -.032   3
 486 L20781   1851 1985    135      3      1    .360    .29    .76   .147   .928   .131   1.35   .135  -.005   3
 487 L20782   1320 1397     78      1      0    .430    .31    .52   .081   .693   .145   1.38   .155  -.027   2
 488 L20783   1665 1815    151      4      1    .539    .25    .47   .075   .797   .147   1.36   .151   .014   2
 489 L20784   1725 1803     79      1      0    .398    .50    .89   .149   .752   .165   1.60   .175   .023   2
 490 L20785   1180 1331    152      4      1    .509    .42    .83   .105   .655   .146   1.39   .138  -.005   2
 491 L20786   1900 1979     80      1      0    .526    .33    .94   .199   .922   .130   1.35   .116   .038   3
 492 L20787   1378 1457     80      1      0    .595    .45   1.01   .188   .917   .141   1.46   .141  -.015   1
 493 L20788   1480 1656    177      5      0    .578    .27    .52   .083   .787   .152   1.47   .152  -.011   3
 494 L20789   1899 1980     82      1      0    .454    .35    .90   .142   .817   .154   1.69   .164  -.016   2
 495 L20790   1431 1578    148      4      0    .465    .26    .56   .103   .857   .164   1.43   .164   .017   1
 496 L20791   1248 1365    118      3      1    .410    .40   1.02   .159   .821   .162   1.42   .167   .004   1
 497 L20792    983 1071     89      1      0    .708    .40   1.16   .205   .933   .146   1.35   .142  -.012   1
 498 L20793   1219 1323    105      2      0    .559    .29    .53   .080   .725   .156   1.64   .162   .007   1
 499 L20795   1888 1966     79      1      0    .550    .48    .96   .161   .871   .140   1.61   .152   .031   1
 500 L20798   1228 1353    126      3      0    .416    .29    .56   .093   .566   .237   1.93   .244   .010   1
 501 L20801   1548 1628     81      2      0    .629    .39    .77   .159   .874   .170   1.62   .189   .015   1
 502 L20805   1173 1235     63      1      0    .458    .47    .81   .137   .763   .132   1.55   .164  -.023   1
 503 L20806   1727 1771     45      0      0    .412    .62   1.22   .252   .870   .162   1.50   .163   .171   0
 504 L20808   1588 1691    104      2      0    .579    .31    .74   .124   .858   .160   1.46   .161  -.013   3
 505 L20809   1075 1173     99      1      0    .507    .43   1.33   .242   .917   .165   1.44   .166   .031   1
 506 L20810   1577 1670     94      1      0    .638    .35    .94   .193   .892   .188   1.38   .178   .124   0
 507 L20814   1634 1743    110      2      0    .519    .33    .68   .099   .822   .132   1.53   .142   .083   1
 508 L20817   1474 1522     49      0      0    .521    .42    .80   .152   .875   .132   1.49   .144  -.016   3
 509 L20818   1562 1690    129      3      0    .476    .27    .81   .141   .878   .206   1.61   .189   .003   3
 510 L20819   1397 1481     85      2      0    .668    .50    .77   .113   .667   .144   1.33   .141   .015   1
 511 L20822   1827 1930    104      2      0    .393    .23    .92   .139   .939   .138   1.39   .135  -.029   1
 512 L20823   1221 1356    136      4      0    .523    .39    .68   .127   .838   .147   1.44   .149  -.040   3
 513 L20824   1462 1565    104      2      0    .416    .23    .40   .066   .715   .184   1.78   .188   .008   1
 514 L20826   1607 1670     64      0      0    .545    .59   1.19   .200   .881   .136   1.32   .137  -.082   3
 515 L20829   1074 1201    128      4      0    .655    .40    .97   .155   .867   .151   1.38   .153  -.025   1
 516 L20830   1362 1437     76      1      0    .564    .45    .87   .133   .852   .135   1.29   .138   .011   3
 517 L20831    903  978     76      1      0    .715    .69   1.92   .441   .937   .170   1.35   .172  -.062   3
 518 L20832   1490 1593    104      2      0    .699    .60   1.03   .158   .730   .154   1.41   .165  -.021   1
 519 L20833   1605 1729    125      3      0    .624    .30    .55   .098   .764   .182   1.43   .176  -.004   3
 520 L20834   1631 1770    140      3      0    .681    .30    .58   .119   .861   .171   1.46   .172   .005   1
 521 L20835   1710 1796     87      1      0    .543    .39    .71   .140   .829   .169   1.41   .172   .015   2
 522 L20838   1768 1821     54      0      0    .498    .35    .61   .100   .698   .190   1.35   .190  -.035   1
 523 L20839   1635 1738    104      2      0    .742    .43   1.23   .202   .904   .157   1.44   .161  -.016   3
 524 L20841   1313 1465    153      4      0    .603    .25    .71   .147   .956   .157   1.65   .163  -.007   3
 525 L20842   1622 1777    156      5      0    .558    .33    .83   .173   .924   .161   2.05   .171  -.019   3
 526 L20843   1586 1686    101      2      0    .556    .29    .80   .130   .792   .203   1.54   .196  -.002   3
 527 L20844    716  792     77      1      0    .367    .66   1.70   .341   .869   .166   1.42   .173   .001   1
 528 L20845   1129 1189     61      0      0    .590    .51   1.12   .220   .836   .189   1.56   .178   .001   1
 529 L20847   1446 1534     89      2      0    .722    .45    .80   .136   .753   .159   1.47   .165  -.015   1
 530 L20848   1375 1502    128      3      0    .608    .27    .64   .145   .895   .187   1.64   .196   .016   2
 531 L20850   1400 1490     91      1      0    .558    .40    .95   .216   .913   .183   1.64   .203   .072   1
 532 L20851   1573 1690    118      3      0    .399    .25    .70   .110   .833   .191   1.52   .190   .076   0
 533 L20853   1538 1590     53      0      0    .677    .69   1.24   .256   .915   .134   1.31   .138  -.078   1
 534 L20855    896  967     72      1      0    .545    .51   1.51   .319   .920   .186   1.46   .173   .034   1
 535 L20856   1720 1914    195      6      1    .486    .18    .51   .088   .918   .129   1.40   .133  -.008   2
 536 L20857   1389 1465     77      1      0    .481    .55   1.28   .299   .948   .154   1.32   .144   .159   0
 537 L20858   1749 1821     73      0      0    .511    .50   1.07   .202   .903   .120   1.43   .126  -.008   2
 538 L20859   1887 1973     87      1      0    .467    .44   1.04   .175   .924   .098   1.40   .106  -.000   1
 539 L20860   1628 1758    131      3      0    .607    .36   1.47   .235   .927   .154   1.34   .141   .016   1
 540 L20861   1891 1968     78      1      0    .548    .41    .96   .153   .919   .106   1.30   .104   .019   2
 541 L20863   1652 1722     71      0      0    .394    .38    .73   .142   .755   .167   1.54   .171   .080   0
 542 L20864   1232 1289     58      0      0    .637    .57   1.35   .277   .862   .205   1.44   .203   .032   1
 543 L20868   1648 1741     94      2      0    .305    .39   1.33   .230   .911   .156   1.40   .155   .009   1
 544 L20871   1390 1523    134      3      0    .542    .30    .70   .124   .851   .183   1.50   .188  -.007   1
 545 L20872   1192 1313    122      3      0    .572    .39   1.04   .211   .922   .163   1.52   .168  -.016   1
 546 L20875   1515 1618    104      2      0    .662    .36    .70   .114   .770   .158   1.45   .162  -.023   1
 547 L20876   1290 1406    117      3      0    .489    .33    .57   .079   .668   .139   1.60   .163   .036   1
 548 L20877   1074 1265    192      5      0    .565    .34    .78   .121   .871   .143   1.30   .128  -.006   2
 549 L20878   1890 1954     65      1      0    .576    .45   1.13   .275   .963   .150   1.25   .143  -.016   1
 550 L20879   1314 1421    108      2      0    .569    .28    .77   .122   .927   .130   1.53   .136  -.033   3
 551 L20881    758  844     87      1      0    .481    .41    .63   .102   .817   .122   1.28   .127   .032   1
 552 L20885   1554 1654    101      2      0    .554    .26    .57   .156   .928   .197   1.56   .198  -.032   1
 553 L20886   1319 1430    112      3      1    .471    .35    .82   .119   .818   .169   1.44   .172  -.044   3
 554 L20887   1561 1669    109      2      0    .558    .23    .77   .145   .872   .269   2.01   .260  -.024   3
 555 L20889   1203 1354    152      4      0    .594    .29    .67   .079   .780   .138   1.44   .143   .009   1
 556 L20890   1450 1546     97      1      0    .490    .31    .52   .089   .614   .192   1.69   .204   .074   1
 557 L20894   1094 1161     68      1      0    .564    .57    .99   .183   .802   .164   1.34   .167   .071   1
 558 L20895   1733 1796     64      0      0    .511    .37    .82   .160   .814   .210   1.46   .204   .029   1
 559 L20905   1552 1615     64      0      0    .611    .49    .96   .237   .845   .205   1.41   .208   .004   3
 560 L20907   1508 1621    114      2      0    .617    .35   1.12   .168   .909   .159   1.44   .160   .002   1
 561 L20909   1633 1730     98      2      0    .442    .33   1.38   .285   .951   .190   1.42   .173  -.027   2
 562 L20910   1526 1600     75      1      0    .682    .74   1.45   .292   .861   .168   1.39   .179  -.068   1
 563 L20912   1389 1446     58      0      0    .614    .67   1.08   .202   .853   .130   1.28   .136  -.066   1
 564 L20915   1736 1834     99      2      0    .618    .33   1.04   .164   .913   .115   1.34   .128  -.027   1
 565 L20916   1754 1809     56      0      0    .492    .44    .73   .123   .759   .163   1.35   .169   .033   1
 566 L20917   1356 1460    105      2      0    .441    .25    .54   .102   .886   .149   1.46   .163   .043   1
 567 L20918   1253 1404    152      4      0    .590    .28    .71   .100   .837   .139   1.34   .146   .038   1
 568 L20919   1736 1815     80      1      0    .598    .35   1.17   .227   .916   .147   1.34   .150   .016   1
 569 L20920    933  993     61      0      0    .601    .79   2.01   .302   .839   .150   1.40   .155  -.016   1
 570 L20921   1294 1482    189      6      0    .579    .27    .61   .087   .818   .135   1.42   .145  -.014   3
 571 L20922   1252 1408    157      4      0    .636    .34    .77   .102   .830   .129   1.51   .139   .031   1
 572 L20923    700  755     56      0      0    .482    .55   1.83   .372   .937   .142   1.34   .141  -.015   1
 573 L20924   1687 1803    117      3      0    .536    .25    .95   .146   .929   .146   1.34   .143   .009   1
 574 L20926   1269 1394    126      3      0    .470    .25    .71   .091   .652   .167   1.50   .169   .094   0
 575 L20928   1102 1196     95      1      0    .506    .50    .89   .181   .823   .187   1.60   .189   .053   3
 576 L20929   1543 1683    141      4      0    .540    .58   1.25   .282   .881   .186   1.45   .189   .019   2
 577 L20930   1248 1354    107      3      0    .583    .38   1.28   .234   .913   .156   1.37   .156  -.006   1
 578 L20933   1660 1765    106      2      0    .656    .30   1.16   .196   .929   .211   1.55   .193   .120   0
 579 L20934   1630 1711     82      1      0    .534    .38    .85   .167   .828   .180   1.33   .166   .041   0
 580 L20935    681  764     84      1      0    .526    .50   1.38   .288   .939   .120   1.30   .119   .021   1
 581 L20936   1095 1219    125      3      0    .584    .32    .66   .108   .719   .180   1.60   .183  -.004   1
 582 L20937    905  974     70      1      0    .631    .80   1.51   .224   .868   .122   1.25   .116   .005   1
 583 L20938    885 1030    146      4      0    .637    .33   1.04   .175   .905   .152   1.40   .142   .020   2
 584 L20L81   1553 1640     88      1      0    .542    .58   1.13   .291   .948   .147   1.44   .154   .023   1
 585 L20L82   1041 1135     95      2      0    .564    .40    .83   .154   .808   .183   1.55   .182  -.009   1
 586 L20V1J   1893 2010    118      3      0    .655    .39   1.48   .260   .929   .160   1.47   .155   .035   1
 587 L20V2J   1881 2010    130      3      0    .538    .41   1.62   .346   .973   .131   1.32   .125   .020   1
 588 L20V3J   1891 2010    120      3      0    .483    .37    .91   .160   .935   .117   1.30   .109   .108   0
 589 L20V4J   1877 2010    134      3      0    .640    .35   1.07   .222   .933   .166   1.47   .160   .047   1
 590 L20V5J   1834 2010    177      5      0    .512    .34    .71   .137   .915   .124   1.34   .118   .018   1
 591 L20V5M   1907 2010    104      2      0    .525    .52   1.62   .216   .896   .132   1.36   .112   .022   0
 592 L20V8M   1905 2010    106      2      0    .624    .47    .99   .205   .901   .138   1.36   .129  -.002   1
 593 L20V01   1878 2011    134      3      0    .704    .42   1.35   .265   .953   .126   1.31   .120  -.015   1
 594 L20V02   1895 2011    117      3      0    .587    .33   1.64   .324   .976   .150   1.30   .135  -.000   1
 595 L20V03   1919 2011     93      2      0    .477    .42   1.06   .156   .833   .129   1.54   .132   .097   1
 596 L20V04   1880 1993    114      2      0    .510    .30   1.05   .180   .907   .165   1.45   .153   .107   0
 597 L20V05   1897 2011    115      3      0    .495    .37   1.10   .270   .950   .161   1.44   .157  -.007   1
 598 L20V06   1905 2011    107      2      0    .721    .38   1.15   .212   .942   .119   1.29   .120   .032   1
 599 L20V07   1868 2011    144      4      0    .535    .36   1.57   .318   .950   .153   1.48   .143  -.025   1
 600 L20V08   1918 2011     94      2      0    .440    .63   1.55   .316   .956   .100   1.35   .096  -.028   3
 601 L20V09   1842 2011    170      5      1    .470    .22    .58   .125   .904   .198   1.79   .187   .043   3
 602 L20V10   1890 2011    122      3      0    .645    .29   1.03   .208   .965   .139   1.35   .137  -.010   1
 603 L20V11   1921 2011     91      2      0    .398    .37    .89   .217   .950   .136   1.31   .130   .029   1
 604 L20V12   1910 2011    102      2      0    .704    .37    .95   .182   .945   .117   1.24   .110   .005   1
 605 L20V1F   1900 2010    111      3      0    .636    .39   1.38   .221   .909   .152   1.34   .138   .076   0
 606 L20V3F   1899 2010    112      3      0    .728    .34   1.03   .249   .963   .138   1.36   .141   .016   1
 607 L20V4F   1858 2010    153      4      0    .596    .31   1.04   .219   .966   .129   1.31   .118   .089   0
 608 L20V5F   1903 2010    108      2      0    .550    .36   1.02   .233   .955   .139   1.89   .154   .040   1
 609 L20V6F   1870 2010    141      4      0    .711    .26    .79   .150   .943   .135   1.30   .125   .025   1
 610 L20V7F   1908 2010    103      2      0    .596    .30    .76   .150   .953   .105   1.28   .116   .006   1
 --- -------- ---------  -----  -----  -----   ------ -----  -----  -----  -----  -----  -----  -----  -----  --
 Total or mean:          62151   1246     34    .564    .40   2.69   .180   .858   .157   2.05   .158   .012

 DATA CHECKS (rwl.check): cana462
-----------------------------------------------------------------------------------------------------------------------------------
 rwl.check: data_files/treering/measurements/northamerica/canada/cana462.rwl
 610 series, 62151 measurements, 653-2011, 0.005 mm precision
 0 error(s), 0 warning(s), 43 note(s)
 -------------
 Nothing to report at this severity.
 43 note(s) not shown; see rwl.check() or the 'check' element of this report.

 NOTES
-----------------------------------------------------------------------------------------------------------------------------------
 Report generated using dplR 1.8.1 (R 4.5.2) on 2026-10-01 16:51 PDT.
 Measurement file cana462.rwl, MD5 6c496e816636a81728a71aefbfc5b4ac.
 Filtering: each series divided by a 32-year smoothing spline (caps()), then prewhitened with
   an AR model (order by AIC, at most 3).
 Master: biweight robust mean of the other series (leave-one-out).
 Correlation: Pearson, one-tailed, pcrit = 0.01; critical r = 0.3281 for 50-year segments.
 Segments: 50 years, lagged 25, first segment floored to 100. Lags searched: +/- 10 years.
 A segment is tested only where the series and the master cover all of it, at the dated
   position and at every lag. COFECHA also tests partial segments at the ends of a series, so
   series here may show fewer segments, and no flags can be raised at the ends of the record.
 Lags follow COFECHA: negative means rings are probably missing from the series, positive means
   false rings. A missing ring carries its lag into every segment before it, so look where the
   lag changes along a series. A B flag is a hypothesis to check on the wood; the gain says how
   seriously to take it.
 A B flag marked "weak at every lag" correlates under the critical value even at its best lag:
   the segment is weak wherever it is placed, and the shift is not evidence of a dating error.
   Treat it as a low correlation, like an A.
 Averages in the summary and the totals are weighted by the number of years in each series, as
   COFECHA's are.
 Unfiltered block and mean sensitivity: the measurements as read, and sens1().
 dplR filtered block: the series that was correlated, after filtering. COFECHA's filtered
   series is defined differently, so these three columns are not COFECHA's numbers.
 AR: order of the AR model used to prewhiten.
