
 COFECHA-style crossdating report: cana318
 Report generated using dplR 1.8.1 (R 4.5.2) on 2026-10-01 16:52 PDT
 Built with dplR's xdate.report(), not COFECHA; see the notes at the end.


      Measurement file name  : cana318.rwl
      MD5 of measurement file: 89fe988b5e8f0f05f048c0f7ea5ffa60
      Date checked           : 01OCT26
      Beginning year         : 1288
      Ending year            : 2004
      Principal investigators: Jacoby, G.C.; D'Arrigo, R.D.
      Site name              : Thelon
      Species information    : PCGL Picea glauca (Moench) Voss
      Latitude               : 64.0333 N
      Longitude              : 103.8667 W
      Elevation              : 160 m

      Series intercorrelation: 0.589
      Avg mean sensitivity   : 0.241
      Avg standard deviation : 0.149
      Avg autocorrelation    : 0.770
      Number dated series    : 405
      Segment length tested  : 50

      Number problem segments: 146  (A 64, B 82; 46 of the B weak at every lag)
      Pct problem segments   : 4.15


 CORRELATION OF SERIES BY SEGMENTS: cana318
-----------------------------------------------------------------------------------------------------------------------------------
 Correlations of  50-year dated segments, lagged  25 years
 Flags:  A = correlation under   .3281 but highest as dated;  B = correlation higher at other than dated position

 Seq Series  Time_span  1300 1325 1350 1375 1400 1425 1450 1475 1500 1525 1550 1575 1600 1625 1650 1675 1700 1725 1750 1775 
                        1349 1374 1399 1424 1449 1474 1499 1524 1549 1574 1599 1624 1649 1674 1699 1724 1749 1774 1799 1824 
 --- -------- ---------  ---- ---- ---- ---- ---- ---- ---- ---- ---- ---- ---- ---- ---- ---- ---- ---- ---- ---- ---- ---- 
   5 hn03NE   1600 2004                                                                   .32A .36  .47  .55  .69  .66  .57 
   6 hn04S    1657 2004                                                                             .41  .49  .75  .82  .75 
   7 hn04N    1658 2004                                                                             .58  .59  .77  .74  .71 
   8 hn06S    1681 2004                                                                                  .51  .70  .75  .62 
   9 hn06N    1681 2004                                                                                  .77  .77  .69  .61 
  10 hn07W    1720 2004                                                                                       .11B .21B .55 
  11 hn07N    1733 2004                                                                                            .07B .39 
  12 hn09N    1736 2004                                                                                            .21B .62 
  13 hn09S    1740 2004                                                                                            .09B .61 
  14 hn10N    1626 2004                                                                        .56  .59  .62  .73  .81  .84 
  15 hn10S    1626 2004                                                                        .54  .60  .67  .78  .84  .77 
  16 hn11NW   1655 2004                                                                             .67  .61  .74  .72  .59 
  17 hn11SE   1718 2004                                                                                       .60  .59  .63 
  18 hn12W    1666 2004                                                                             .68  .66  .73  .80  .73 
  19 hn12N    1604 2004                                                                   .58  .66  .77  .69  .73  .77  .72 
  20 hn12S    1604 2004                                                                   .53  .71  .78  .78  .79  .69  .63 
  21 HNX01a   1552 1829                                                         .55  .45  .34  .24B .29A .46  .63  .68  .66 
  22 HNX03a   1555 1839                                                         .51  .31A .36  .51  .51  .41  .58  .61  .49 
  23 HNX04b   1679 1868                                                                                  .35  .54  .56  .63 
  24 HNX05a   1495 1695                                          .40  .46  .51  .52  .42  .43                               
  25 HNX05b   1495 1669                                          .45  .40  .43  .61  .47                                    
  26 HNX06a   1659 1839                                                                             .45  .61  .76  .70  .54 
  27 HNX06b   1659 1819                                                                             .41  .64  .74  .73      
  28 HNX07a   1663 1824                                                                             .40  .58  .67  .59  .63 
  29 HNX07b   1663 1829                                                                             .56  .72  .71  .57  .50 
  30 HNX08a   1584 1829                                                              .49  .54  .39  .29A .29B .45  .42  .39 
  31 HNX08b   1584 1829                                                              .43  .40  .26A .34  .44  .52  .60  .62 
  32 HNX10a   1670 1868                                                                             .38  .44  .58  .68  .65 
  33 HNX10b   1670 1859                                                                             .36  .25B .45  .68  .67 
  34 HNX11a   1688 1868                                                                                  .65  .84  .77  .71 
  35 HNX11b   1689 1869                                                                                  .56  .80  .81  .82 
  36 HNX12a   1522 1839                                               .72  .68  .71  .48  .38  .54  .58  .67  .85  .85  .75 
  37 HNX12b   1522 1829                                               .61  .55  .60  .50  .36  .47  .65  .73  .80  .79  .83 
  38 HNX13a   1649 1829                                                                             .29B .56  .76  .73  .61 
  39 HNX13b   1649 1839                                                                        .37  .39  .45  .60  .75  .80 
  40 HNX14a   1689 1839                                                                                  .43  .41  .52  .70 
  41 HNX14b   1689 1839                                                                                  .58  .78  .77  .66 
  42 HNX15a   1499 1769                                          .32A .63  .70  .64  .62  .52  .41  .37  .38                
  43 HNX15b   1499 1669                                               .62  .40  .44  .56                                    
  44 HNX15Ba  1527 1697                                                    .65  .71  .54  .37                               
  45 HNX15Bb  1527 1679                                                    .35B .45  .51  .48                               
  46 HNX17a   1625 1831                                                                        .45  .47  .64  .67  .65  .50 
  47 HNX17b   1625 1819                                                                        .36  .44  .63  .76  .74      
  48 HNX18a   1669 1859                                                                             .37  .43  .59  .55  .60 
  49 HNX18b   1669 1854                                                                             .28B .39  .64  .64  .69 
  50 HNX19a   1569 1819                                                         .45  .64  .55  .66  .75  .67  .64  .69      
  51 HNX19b   1569 1789                                                         .36  .61  .50  .51  .67  .75  .71           
  52 HNX20a   1468 1819                                     .37  .36  .33  .37  .54  .52  .39  .46  .51  .65  .81  .77      
  53 HNX20b   1468 1809                                     .47  .49  .46  .40  .53  .48  .37  .49  .54  .72  .83  .78      
  54 HNX21a   1555 1849                                                         .35  .44  .46  .50  .52  .62  .73  .67  .57 
  55 HNX21b   1555 1844                                                         .41  .42  .46  .65  .64  .64  .77  .79  .72 
  56 HNX23a   1745 1845                                                                                            .47  .64 
  57 HNX23b   1749 1854                                                                                                 .61 
  58 HNX24a   1685 1827                                                                                  .61  .63  .50  .47 
  59 HNX24b   1685 1820                                                                                  .53  .64  .54      
  62 hs03W    1641 2004                                                                        .45  .34B .41  .61  .74  .74 
  63 hs03E    1641 1869                                                                        .51  .35  .34B .55  .61  .43 
  64 hs03N    1666 2004                                                                             .38  .29B .51  .67  .54 
  65 hs03S    1666 1949                                                                             .42  .43  .63  .65  .50 
  66 hs05W    1663 2004                                                                             .54  .47  .64  .71  .64 
  67 hs05E    1663 2004                                                                             .48  .58  .73  .69  .60 
  68 hs06N    1652 2004                                                                             .49  .47  .58  .71  .74 
  69 hs06S    1652 2004                                                                             .70  .56  .50  .55  .69 
  70 hs08S    1632 2004                                                                        .73  .67  .78  .81  .81  .76 
  71 hs08N    1633 2004                                                                        .65  .65  .79  .81  .72  .59 
  72 hs09N    1743 2004                                                                                            .75  .70 
  73 hs09S    1742 2004                                                                                            .74  .80 
  74 hs09W    1667 2004                                                                             .49  .41  .67  .76  .66 
  75 hs10S    1643 2004                                                                        .59  .50  .60  .82  .74  .70 
  76 hs10N    1641 2004                                                                        .64  .53  .64  .71  .55  .50 
  77 hS11W    1749 2004                                                                                                 .47 
  80 hs12S    1633 2004                                                                        .45  .26A .31A .65  .75  .71 
  81 hs12N    1632 1979                                                                        .61  .55  .51  .68  .72  .76 
  82 hs13NW   1599 1894                                                              .39  .35  .63  .57  .63  .62  .60  .59 
  83 hs14W    1704 2004                                                                                       .64  .82  .77 
  84 hs16S    1537 1929                                                    .59  .56  .54  .47  .57  .66  .63  .73  .75  .70 
  85 hs16SW   1627 1939                                                                        .66  .74  .50  .63  .77  .74 
  88 hs18E    1699 2004                                                                                  .43  .76  .80  .71 
  89 hs18W    1599 1814                                                              .68  .69  .59  .46  .51  .77  .74      
  90 hs19NW   1769 2004                                                                                                 .54 
  91 hs19S    1773 2004                                                                                                 .54 
  92 hs20NW   1717 2004                                                                                       .36  .49  .49 
  93 hs20SE   1717 2004                                                                                       .55  .51  .41 
  94 hs21E    1769 2004                                                                                                 .69 
  95 hs21W    1713 2004                                                                                       .65  .74  .69 
  96 hs21N    1681 2004                                                                                  .57  .69  .66  .53 
  97 hs21S    1691 2004                                                                                  .56  .71  .73  .67 
  98 hs22N    1649 2004                                                                        .66  .45  .46  .67  .70  .53 
  99 hs31N    1562 2004                                                         .73  .81  .79  .69  .62  .72  .82  .80  .73 
 100 hs31S    1560 2004                                                         .77  .73  .76  .64  .58  .69  .79  .81  .71 
 101 hs33NW   1739 2004                                                                                            .73  .61 
 102 hs33SW   1739 2004                                                                                            .49  .44 
 103 hs34W    1579 2004                                                              .68  .63  .52  .53  .62  .75  .78  .66 
 104 hs34E    1579 2004                                                              .32B .36  .42  .44  .53  .64  .72  .68 
 105 hs35N    1669 2004                                                                             .66  .48  .51  .54  .48 
 106 hs35S    1669 2004                                                                             .53  .59  .69  .69  .59 
 109 HSX00a   1400 1739                           .80  .71  .48  .71  .77  .82  .82  .65  .62  .68  .67                     
 110 HSX00b   1400 1669                           .85  .76  .41  .61  .72  .81  .77  .54                                    
 111 HSX01a   1309 1599       .48  .71  .74  .69  .63  .56  .33  .57  .74  .79                                              
 112 HSX01b   1309 1579       .58  .59  .54  .59  .62  .57  .55  .68  .71                                                   
 113 HSX02a   1522 1819                                               .66  .50  .53  .47  .34  .58  .57  .61  .63  .60      
 114 HSX02b   1522 1799                                               .70  .51  .53  .43  .29A .53  .60  .56  .56  .50      
 115 HSX03a   1519 1829                                               .73  .44  .33  .37B .42  .53  .56  .54  .57  .55  .61 
 116 HSX03b   1519 1829                                               .72  .36B .38B .50  .44  .41  .52  .65  .61  .59  .61 
 117 HSX04a   1511 1785                                               .65  .55  .50  .53  .57  .68  .72  .72  .69           
 118 HSX04b   1512 1769                                               .47  .50  .45  .41  .63  .56  .49  .55                
 119 HSX05    1501 1879                                               .58  .63  .71  .55  .43  .35  .44  .34  .50  .64  .40 
 120 HSX06a   1599 1829                                                              .50  .62  .70  .75  .55  .44  .47  .49 
 121 HSX06b   1599 1809                                                                   .41  .54  .46  .61  .60  .56      
 122 HSX07a   1679 1859                                                                                  .49  .65  .63  .64 
 123 HSX07b   1679 1849                                                                                  .51  .66  .71  .77 
 124 HSX08a   1569 1839                                                         .48  .35  .53  .44  .25B .24A .59  .57  .50 
 125 HSX08b   1569 1819                                                         .37B .45  .46  .50  .48  .51  .59  .63      
 126 HSX09a   1639 1859                                                                        .20B .38B .56  .83  .86  .78 
 127 HSX09b   1639 1866                                                                        .53  .42  .45  .65  .68  .75 
 128 HSX10a   1599 1849                                                              .45  .35  .60  .59  .66  .81  .81  .75 
 129 HSX10b   1599 1839                                                              .60  .64  .66  .65  .55  .65  .67  .58 
 130 HSX11a   1545 1675                                                    .59  .76  .72  .56                               
 131 HSX11b   1545 1679                                                    .61  .75  .74  .56                               
 132 HSX12a   1652 1879                                                                             .63  .69  .83  .78  .68 
 133 HSX12b   1652 1889                                                                             .50  .69  .72  .76  .78 
 134 HSX13a   1409 1769                           .41  .44  .30A .62  .69  .47  .46  .58  .54  .47  .56  .61                
 135 HSX13b   1409 1769                           .46  .39  .27A .56  .69  .52  .45  .51  .59  .58  .55  .63                
 136 HSX14a   1526 1769                                                    .37  .57  .65  .69  .53  .46  .57                
 137 HSX14b   1526 1769                                                    .58  .70  .69  .55  .56  .54  .41                
 138 HSX15a   1449 1779                                .62  .49  .75  .75  .62  .68  .77  .53  .61  .70  .47  .47           
 139 HSX15b   1449 1749                                .66  .58  .63  .60  .50  .49  .61  .71  .68  .65  .55                
 140 HSX16a   1526 1874                                                    .41  .62  .64  .54  .41  .47  .73  .81  .81  .78 
 141 HSX16b   1526 1863                                                    .57  .58  .57  .54  .50  .64  .71  .82  .84  .81 
 142 HSX17a   1617 1849                                                                   .47  .33  .27B .51  .65  .60  .60 
 143 HSX17b   1617 1859                                                                   .35  .25B .32A .20B .39  .69  .72 
 144 HSX18a   1614 1839                                                                   .56  .71  .64  .71  .80  .76  .73 
 145 HSX18b   1614 1839                                                                   .56  .77  .69  .70  .80  .82  .76 
 146 HSX19a   1556 1859                                                         .69  .68  .58  .68  .77  .72  .73  .73  .66 
 147 HSX19b   1556 1849                                                         .67  .67  .66  .75  .79  .72  .77  .79  .75 
 150 TEX01a   1593 1814                                                              .45  .43  .38  .40  .40  .55  .66      
 151 TEX01b   1592 1809                                                              .40  .32A .34  .37  .46  .52  .48      
 152 TEX02a   1549 1779                                                         .33A .48  .55  .48  .56  .66  .46           
 153 TEX02b   1549 1749                                                         .29A .54  .68  .58  .47  .52                
 154 TEX04a   1499 1700                                          .24A .29A .58  .54  .37  .32B .45                          
 155 TEX04b   1489 1695                                          .31A .38  .46  .43  .46  .52                               
 156 TEX06a   1483 1643                                          .42  .47  .62  .56                                         
 157 TEX06b   1499 1642                                          .23B .29A .64  .57                                         
 158 TEX08a   1294 1494  .26A .26B .27A .46  .52  .61                                                                       
 159 TEX08b   1349 1529            .48  .35  .36  .55  .60  .64                                                             
 160 TEX10a   1447 1567                                .29B .46  .69                                                        
 161 TEX10b   1447 1577                                .38  .47  .53  .42                                                   
 162 TEX12a   1387 1599                      .59  .72  .64  .50  .56  .55  .63                                              
 163 TEX15a   1357 1759                 .20B .09B .39  .29A .37  .58  .57  .62  .54  .42  .37  .38  .49  .50                
 164 TEX16a   1496 1749                                          .46  .45  .44  .65  .54  .43  .47  .44  .30B               
 165 TEX16b   1496 1749                                          .50  .44  .47  .60  .44  .36  .44  .48  .35                
 166 TEX19    1457 1637                                     .18B .62  .65  .62  .52                                         
 167 TEX20a   1559 1829                                                         .40  .33A .33  .35  .40  .48  .58  .67  .70 
 168 TEX20b   1559 1809                                                         .37  .42  .42  .52  .60  .52  .56  .65      
 169 TEX21a   1549 1759                                                         .37  .37  .39  .43  .50  .24B               
 170 TEX23a   1475 1799                                          .19B .33B .47B .31B .35  .48  .45  .47  .49  .52  .48      
 171 TEX24a   1399 1613                           .61  .60  .40  .48  .57  .68                                              
 172 TEX24b   1419 1599                           .54  .42  .47  .63  .70  .68                                              
 173 TEX27a   1589 1683                                                              .50  .68                               
 174 TEX27b   1589 1684                                                              .39  .59                               
 175 TEX28a   1619 1839                                                                   .32A .38  .22B .15B .54  .54  .43 
 176 TEX07a   1312 1609       .29B .58  .69  .62  .60  .51  .39  .56  .50  .35                                              
 177 TEX09a   1509 1829                                               .57  .42  .39  .57  .56  .39  .40  .49  .58  .62  .41 
 178 TEX26a   1606 1789                                                                   .40B .48  .39  .44  .53           
 179 TEX26b   1606 1814                                                                   .48  .42  .37  .26B .37  .55      
 180 tex11a   1450 1639                                     .62  .58  .60  .63  .59                                         
 181 tex11b   1450 1650                                     .34  .58  .62  .59  .54  .58                                    
 182 tex14a   1726 1816                                                                                            .48      
 183 tex14b   1726 1816                                                                                            .42      
 184 te18a    1288 1605  .52  .39  .50  .55  .60  .73  .71  .59  .56  .55  .41                                              
 185 te18b    1288 1619  .37  .29A .29A .54  .55  .48  .43  .42  .54  .45  .50                                              
 188 tg02NW   1468 1819                                     .24B .58  .64  .37  .30A .46  .51  .49  .26B .25A .63  .57      
 189 tg02SE   1468 1769                                     .30A .54  .58  .63  .31A .22A .46  .41  .50  .55                
 190 tg03E    1682 2004                                                                                  .59  .64  .66  .66 
 191 tg04S    1648 1969                                                                        .10B .07B .66  .69  .59  .58 
 192 tg04N    1663 1949                                                                             .63  .73  .78  .76  .76 
 194 tg06NE   1563 1879                                                         .78  .81  .71  .66  .65  .59  .73  .76  .65 
 195 tg06SW   1544 2004                                                    .50  .65  .41B .31B .61  .55  .56  .81  .74  .53 
 196 tg07N    1685 2004                                                                                  .59  .65  .61  .48 
 197 tg08W    1514 2004                                               .70  .75  .70  .56  .47  .54  .66  .67  .79  .80  .80 
 198 tg08E    1681 2002                                                                                  .59  .63  .63  .51 
 199 tg09NE   1570 2004                                                         .62  .61  .59  .69  .71  .61  .63  .64  .57 
 200 tg09SW   1582 2004                                                              .62  .61  .58  .52  .57  .66  .62  .53 
 201 tg12E    1549 2004                                                    .64  .70  .65  .56  .67  .71  .71  .74  .66  .59 
 202 tg12W    1549 1800                                                         .67  .52  .58  .67  .79  .70  .56  .50      
 203 tg12SE   1521 2002                                               .85  .69  .73  .67  .59  .63  .67  .61  .72  .69  .57 
 204 tg12NW   1518 1749                                               .83  .80  .82  .69  .67  .72  .74  .78                
 205 tg13     1536 1769                                                    .62  .75  .60  .37  .39  .53  .66                
 206 tg14E    1762 2004                                                                                                 .80 
 208 tg18N    1534 2004                                                    .72  .72  .73  .64  .47  .48  .65  .64  .68  .71 
 209 tg18W    1567 2004                                                         .65  .54  .61  .49  .52  .76  .79  .78  .74 
 210 tg20W    1566 2004                                                         .64  .53  .53  .56  .61  .61  .76  .70  .60 
 211 TGX01a   1566 1879                                                         .74  .76  .63  .53  .64  .73  .82  .72  .62 
 212 TGX01b   1566 1829                                                         .65  .72  .70  .72  .62  .62  .81  .76  .67 
 213 TGX02a   1490 1749                                          .70  .72  .74  .70  .43  .38  .44  .39  .46                
 214 TGX02b   1490 1744                                          .77  .79  .81  .76  .65  .57  .49  .55                     
 215 TGX03a   1528 1859                                                    .71  .72  .68  .65  .56  .63  .76  .79  .74  .61 
 216 TGX03b   1528 1819                                                    .59  .47  .49  .62  .53  .51  .61  .77  .66      
 217 TGX04a   1510 1694                                               .64  .67  .60  .51  .54                               
 218 TGX04b   1510 1684                                               .69  .73  .73  .65  .67                               
 219 TGX05a   1485 1886                                          .70  .51  .41  .47  .32A .29A .32A .28A .37  .44  .37B .27B
 220 TGX05b   1485 1779                                          .74  .59  .41  .51  .45  .32A .28B .26B .37  .52           
 221 TGX06a   1447 1736                                .35  .40  .75  .79  .73  .64  .54  .66  .45  .33                     
 222 TGX06b   1447 1723                                .38  .56  .78  .77  .62  .52  .49  .54  .53                          
 223 TGX07a   1490 1669                                          .70  .82  .73  .71  .77                                    
 224 TGX07b   1490 1669                                          .72  .79  .79  .76  .70                                    
 225 TGX08a   1517 1897                                               .66  .65  .66  .61  .57  .64  .62  .52  .65  .71  .65 
 226 TGX08b   1517 1883                                               .67  .73  .75  .49  .45  .70  .64  .56  .67  .68  .62 
 227 TGX09a   1446 1749                                .66  .59  .56  .63  .75  .76  .70  .69  .66  .54  .66                
 228 TGX10a   1453 1543                                     .49                                                             
 229 TGX10b   1453 1562                                     .50  .59                                                        
 230 TGX11a   1488 1799                                          .73  .71  .68  .71  .62  .51  .50  .47  .54  .59  .43      
 231 TGX11b   1488 1677                                          .69  .69  .71  .65  .53  .43                               
 238 tnw04a   1766 2004                                                                                                 .52 
 239 tnw04b   1764 2004                                                                                                 .61 
 240 tnw05a   1639 1839                                                                        .72  .77  .72  .81  .64  .58 
 241 tnw05b   1642 2004                                                                        .77  .77  .67  .75  .65  .57 
 243 tnw06b   1770 2004                                                                                                 .43 
 244 tnw07a   1727 2004                                                                                            .55  .61 
 245 tnw07b   1729 2004                                                                                            .55  .60 
 246 tnw08a   1719 2004                                                                                       .65  .66  .70 
 247 tnw08b   1719 2004                                                                                       .70  .66  .60 
 248 tnw09a   1633 1859                                                                        .46  .63  .65  .69  .76  .82 
 249 tnw09b   1659 2004                                                                             .56  .57  .64  .58  .59 
 250 tnw10    1769 2004                                                                                                 .71 
 251 tnw11a   1724 2004                                                                                       .60  .59  .69 
 253 tnw16a   1759 2004                                                                                                 .78 
 254 tnw16b   1759 2004                                                                                                 .71 
 255 tnw17a   1736 2004                                                                                            .86  .80 
 256 tnw17b   1755 2004                                                                                                 .73 
 259 TNWX01a  1619 1985                                                                   .37  .62  .72  .75  .83  .83  .73 
 260 TNWX01b  1619 1925                                                                   .42  .56  .61  .68  .83  .83  .55 
 261 TNWX02a  1742 1835                                                                                            .72  .61 
 262 TNWX02b  1742 1842                                                                                            .81  .67 
 265 TNWX05a  1689 1978                                                                                  .32A .72  .64  .50 
 266 TNWX05b  1689 1985                                                                                  .41  .73  .74  .58 
 267 tr04NW   1494 1829                                          .28A .23B .51  .37B .35  .57  .58  .60  .59  .65  .66  .67 
 268 tr04SE   1489 1674                                          .39  .34  .60  .53  .48  .69                               
 280 tr15     1665 1829                                                                             .49  .52  .62  .74  .69 
 281 tr16N    1725 2004                                                                                            .77  .71 
 282 tr16S    1725 2002                                                                                            .75  .58 
 283 tr21N    1729 2004                                                                                            .75  .72 
 284 tr21S    1729 2004                                                                                            .75  .56 
 285 tr22S    1759 2004                                                                                                 .55 
 286 tr22E    1749 2004                                                                                            .58  .54 
 291 tr31W    1719 2004                                                                                       .56  .60  .67 
 292 tr32E    1611 2004                                                                   .53  .60  .64  .74  .77  .73  .67 
 293 tr32W    1611 2004                                                                   .44  .48  .58  .49  .60  .76  .77 
 294 tr32N    1749 2004                                                                                                 .65 
 295 tr33A    1707 2004                                                                                       .58  .69  .56 
 296 tr33B    1707 2004                                                                                       .57  .70  .61 
 297 TRX01B   1431 1651                                .28B .52  .55  .47  .65  .63  .63                                    
 298 TRX01A   1429 1663                                .22B .43  .61  .66  .56  .53  .62                                    
 299 TSX00a   1704 1865                                                                                       .51  .56  .70 
 300 TSX00b   1706 1849                                                                                       .64  .74  .68 
 301 TSX02a   1643 1825                                                                        .23B .25B .38  .59  .62  .68 
 302 TSX02b   1643 1819                                                                        .33  .39  .53  .61  .47      
 303 TSX03    1628 1799                                                                        .31A .19B .37  .26A .24A     
 304 TSX05a   1627 1842                                                                        .45  .44  .14B .24A .55  .56 
 305 TSX05b   1627 1854                                                                        .36  .31A .37  .51  .61  .73 
 306 TSX06a   1643 1799                                                                        .16B .21B .39  .61  .71      
 307 TSX06b   1643 1794                                                                        .26A .39  .43  .64           
 308 TSX08a   1420 1615                           .28B .53  .60  .75  .76  .79                                              
 309 TSX08b   1419 1631                           .26A .17B .20B .78  .82  .68  .40                                         
 310 TSX09a   1345 1500            .63  .75  .72  .68  .63                                                                  
 311 TSX09b   1345 1509            .44  .56  .72  .74  .64                                                                  
 312 TSX11a   1442 1793                                .13B .07B .60  .47  .32A .50  .37  .30A .19B .20B .38  .59           
 313 TSX11b   1442 1808                                .25B .12B .54  .54  .37  .49  .43  .41  .43  .34  .18A .57  .59      
 321 tw12a    1679 2002                                                                                  .54  .72  .76  .69 
 322 tw12b    1697 2004                                                                                  .56  .61  .58  .50 
 325 tw14a    1658 2004                                                                             .58  .48  .61  .64  .60 
 326 tw14b    1658 2004                                                                             .67  .68  .79  .78  .66 
 327 tw15b    1688 2004                                                                                  .51  .70  .67  .53 
 328 tw15a    1654 2004                                                                             .65  .64  .75  .69  .60 
 331 tw17a    1740 2004                                                                                            .63  .60 
 332 tw17b    1699 2004                                                                                  .49  .67  .61  .46 
 333 tw17c    1699 2004                                                                                  .44  .70  .71  .60 
 337 tw35c    1775 2004                                                                                                 .53 
 338 tw35b    1722 2004                                                                                       .57  .62  .56 
 339 tw35a    1731 2004                                                                                            .64  .59 
 348 tw46SE   1734 1979                                                                                            .64  .71 
 349 tw46NW   1734 2004                                                                                            .64  .66 
 350 TWX01a   1662 1883                                                                             .47  .46  .61  .55  .45B
 351 TWX01b   1662 1877                                                                             .43  .40  .43  .60  .56 
 352 hca1     1636 1925                                                                        .58  .69  .55  .55  .55  .56 
 353 hca2     1636 1925                                                                        .47  .50  .69  .64  .56  .42 
 354 hcb1     1548 1870                                                         .57  .59  .49  .55  .49  .60  .77  .79  .55 
 355 hcb2     1549 1866                                                    .51  .56  .59  .61  .64  .63  .70  .79  .63  .41 
 356 hcc1     1396 1749                      .71  .74  .69  .49  .77  .85  .74  .53  .49  .79  .70  .59  .54                
 357 hcc2     1396 1702                      .72  .85  .72  .34  .70  .79  .81  .80  .65  .48  .44                          
 358 hrb1     1488 1800                                          .51  .59  .67  .64  .47  .43  .49  .52  .56  .68  .76      
 359 hrb2     1488 1810                                          .57  .70  .73  .65  .59  .60  .65  .70  .66  .75  .76      
 360 hrc1     1525 1835                                                    .73  .70  .50  .58  .57  .48  .42  .52  .65  .69 
 361 hrc2     1524 1829                                                    .73  .73  .69  .73  .64  .59  .66  .59  .57  .69 
 362 sha1     1647 1886                                                                        .49  .46  .50  .62  .72  .67 
 363 sha2     1647 1890                                                                        .27B .35  .63  .74  .73  .64 
 364 826011   1491 1984                                          .49  .60  .51  .43  .52  .63  .50  .47  .53  .66  .62  .35 
 365 826012   1595 1984                                                              .45  .47  .49  .40  .56  .60  .56  .53 
 366 826013   1595 1952                                                              .45  .54  .64  .53  .50  .66  .71  .57 
 367 826021   1621 1984                                                                   .72  .61  .56  .65  .68  .71  .79 
 368 826022   1510 1984                                               .27B .45  .49  .48  .57  .70  .68  .60  .76  .81  .71 
 369 826051   1645 1984                                                                        .46  .36  .63  .74  .67  .59 
 370 826052   1725 1984                                                                                            .54  .56 
 371 826061   1599 1970                                                              .53  .58  .60  .67  .74  .81  .78  .73 
 372 826062   1576 1950                                                              .59  .67  .63  .68  .77  .71  .67  .66 
 373 826081   1668 1984                                                                             .60  .65  .76  .74  .71 
 374 826082   1667 1984                                                                             .54  .68  .81  .78  .67 
 375 826091   1625 1975                                                                        .67  .63  .56  .68  .69  .54 
 376 826092   1625 1984                                                                        .63  .67  .67  .71  .71  .56 
 377 826121   1645 1890                                                                        .59  .63  .56  .58  .61  .57 
 378 826122   1645 1949                                                                        .53  .60  .61  .76  .77  .63 
 379 826131   1512 1984                                               .78  .81  .65  .59  .45  .56  .67  .74  .81  .73  .65 
 380 826132   1512 1984                                               .72  .68  .66  .70  .60  .62  .68  .64  .78  .76  .65 
 381 826151   1700 1984                                                                                       .72  .72  .67 
 382 826161   1564 1984                                                         .61  .67  .61  .63  .63  .68  .75  .73  .56 
 383 826162   1563 1984                                                         .76  .78  .66  .73  .75  .60  .74  .71  .54 
 384 826171   1668 1984                                                                             .70  .74  .80  .73  .57 
 385 826172   1670 1984                                                                             .70  .67  .77  .76  .55 
 386 826181   1680 1984                                                                                  .63  .57  .60  .74 
 387 826201   1600 1984                                                                   .67  .69  .63  .74  .87  .84  .77 
 388 826211   1665 1984                                                                             .47  .61  .69  .72  .51 
 389 826221   1588 1984                                                              .77  .66  .66  .65  .60  .71  .78  .77 
 390 826231   1564 1984                                                         .63  .61  .44  .69  .65  .39  .64  .76  .61 
 391 826241   1769 1984                                                                                                 .60 
 393 826251   1565 1984                                                         .47  .68  .70  .78  .76  .80  .85  .82  .80 
 394 826252   1565 1984                                                         .67  .75  .70  .75  .78  .65  .79  .84  .68 
 395 286253   1580 1984                                                              .71  .73  .60  .61  .78  .78  .72  .64 
 396 826254   1580 1984                                                              .72  .74  .84  .74  .66  .80  .82  .74 
 397 826271   1512 1966                                               .64  .47  .35  .47  .44  .52  .55  .33A .49  .70  .83 
 398 826272   1512 1984                                               .47  .49  .57  .53  .38  .45  .54  .63  .71  .75  .68 
 399 826282   1497 1955                                          .63  .82  .79  .76  .68  .55  .55  .56  .70  .81  .69  .62 
 400 826291   1567 1984                                                         .79  .63  .55  .70  .57  .39  .66  .68  .59 
 401 826292   1549 1984                                                    .56  .66  .70  .56  .61  .55  .45  .61  .66  .71 
 402 826311   1621 1984                                                                   .47  .58  .70  .59  .63  .67  .71 
 403 826312   1579 1984                                                              .76  .58  .46  .50  .59  .70  .69  .61 
 404 826401   1645 1984                                                                        .62  .68  .61  .64  .72  .73 
 405 826402   1667 1984                                                                             .38  .67  .73  .72  .60 
 Av segment correlation  .38  .38  .50  .54  .58  .60  .49  .42  .57  .61  .59  .58  .55  .52  .53  .53  .56  .67  .67  .63 

 CORRELATION OF SERIES BY SEGMENTS: cana318
-----------------------------------------------------------------------------------------------------------------------------------
 Correlations of  50-year dated segments, lagged  25 years
 Flags:  A = correlation under   .3281 but highest as dated;  B = correlation higher at other than dated position

 Seq Series  Time_span  1800 1825 1850 1875 1900 1925 1950 
                        1849 1874 1899 1924 1949 1974 1999 
 --- -------- ---------  ---- ---- ---- ---- ---- ---- ---- 
   1 hn01NE   1838 2004            .32A .65  .69  .60  .45 
   2 hn01NW   1849 2004            .29A .53  .60  .64  .55 
   3 hn02NW   1890 2004                      .60  .56  .59 
   4 hn02SE   1890 2004                      .54  .50  .55 
   5 hn03NE   1600 2004  .74  .78  .82  .79  .67  .65  .61 
   6 hn04S    1657 2004  .60  .58  .67  .73  .75  .81  .77 
   7 hn04N    1658 2004  .67  .57  .68  .76  .80  .81  .77 
   8 hn06S    1681 2004  .67  .73  .75  .77  .81  .66  .65 
   9 hn06N    1681 2004  .69  .74  .73  .76  .80  .65  .60 
  10 hn07W    1720 2004  .75  .71  .74  .84  .84  .80  .63 
  11 hn07N    1733 2004  .76  .80  .84  .85  .86  .86  .78 
  12 hn09N    1736 2004  .63  .71  .71  .74  .80  .74  .60 
  13 hn09S    1740 2004  .56  .63  .75  .74  .75  .73  .48 
  14 hn10N    1626 2004  .75  .72  .77  .77  .80  .74  .71 
  15 hn10S    1626 2004  .68  .61  .66  .84  .85  .82  .82 
  16 hn11NW   1655 2004  .66  .75  .67  .69  .79  .65  .51 
  17 hn11SE   1718 2004  .70  .71  .62  .56  .71  .65  .59 
  18 hn12W    1666 2004  .72  .70  .68  .75  .77  .74  .65 
  19 hn12N    1604 2004  .72  .69  .68  .71  .78  .80  .64 
  20 hn12S    1604 2004  .61  .61  .75  .77  .80  .72  .69 
  23 HNX04b   1679 1868  .70                               
  32 HNX10a   1670 1868  .68                               
  33 HNX10b   1670 1859  .50                               
  34 HNX11a   1688 1868  .66                               
  35 HNX11b   1689 1869  .83                               
  48 HNX18a   1669 1859  .50                               
  49 HNX18b   1669 1854  .74                               
  54 HNX21a   1555 1849  .57                               
  57 HNX23b   1749 1854  .75                               
  60 HNX25a   1782 1924  .38  .58  .71  .57                
  61 HNX25b   1782 1919  .51  .64  .69                     
  62 hs03W    1641 2004  .65  .76  .74  .66  .74  .64  .56 
  63 hs03E    1641 1869  .47                               
  64 hs03N    1666 2004  .63  .69  .68  .71  .76  .65  .43 
  65 hs03S    1666 1949  .58  .63  .57  .53  .57           
  66 hs05W    1663 2004  .56  .72  .79  .77  .67  .68  .68 
  67 hs05E    1663 2004  .61  .71  .69  .72  .82  .79  .69 
  68 hs06N    1652 2004  .35  .32A .70  .64  .60  .65  .58 
  69 hs06S    1652 2004  .60  .60  .73  .77  .75  .72  .65 
  70 hs08S    1632 2004  .78  .80  .83  .85  .84  .81  .57 
  71 hs08N    1633 2004  .68  .80  .73  .73  .84  .80  .45 
  72 hs09N    1743 2004  .69  .65  .70  .79  .75  .71  .66 
  73 hs09S    1742 2004  .73  .70  .75  .75  .69  .67  .65 
  74 hs09W    1667 2004  .68  .64  .65  .76  .74  .76  .72 
  75 hs10S    1643 2004  .68  .63  .71  .76  .69  .60  .44 
  76 hs10N    1641 2004  .46  .62  .70  .63  .69  .66  .47 
  77 hS11W    1749 2004  .56  .58  .69  .79  .73  .69  .63 
  78 hS11N    1795 2004  .69  .67  .53  .57  .74  .62  .68 
  79 hs11S    1795 2004  .66  .61  .60  .70  .73  .63  .61 
  80 hs12S    1633 2004  .42  .53  .73  .73  .66  .58  .60 
  81 hs12N    1632 1979  .56  .64  .73  .66  .76  .68      
  82 hs13NW   1599 1894  .42  .49                          
  83 hs14W    1704 2004  .66  .63  .73  .76  .73  .48  .32A
  84 hs16S    1537 1929  .68  .62  .67  .77                
  85 hs16SW   1627 1939  .67  .71  .70  .68                
  86 hs17S    1874 2004                      .77  .77  .61 
  87 hs18S    1854 2004                 .67  .71  .61  .47 
  88 hs18E    1699 2004  .72  .69  .62  .69  .78  .66  .61 
  90 hs19NW   1769 2004  .63  .73  .75  .82  .85  .72  .63 
  91 hs19S    1773 2004  .66  .61  .64  .82  .83  .82  .61 
  92 hs20NW   1717 2004  .50  .49  .61  .58  .70  .79  .71 
  93 hs20SE   1717 2004  .45  .56  .64  .68  .78  .79  .65 
  94 hs21E    1769 2004  .74  .72  .68  .67  .72  .66  .51 
  95 hs21W    1713 2004  .68  .75  .70  .64  .72  .72  .64 
  96 hs21N    1681 2004  .56  .52  .53  .74  .74  .59  .52 
  97 hs21S    1691 2004  .67  .64  .67  .77  .77  .69  .64 
  98 hs22N    1649 2004  .61  .80  .66  .65  .80  .75  .65 
  99 hs31N    1562 2004  .68  .73  .75  .72  .76  .82  .84 
 100 hs31S    1560 2004  .74  .75  .70  .72  .82  .85  .77 
 101 hs33NW   1739 2004  .40  .27A .47  .60  .65  .69  .69 
 102 hs33SW   1739 2004  .52  .52  .57  .54  .51  .50  .57 
 103 hs34W    1579 2004  .64  .68  .65  .60  .68  .59  .54 
 104 hs34E    1579 2004  .65  .62  .55  .60  .77  .73  .59 
 105 hs35N    1669 2004  .60  .68  .62  .64  .78  .70  .64 
 106 hs35S    1669 2004  .61  .65  .64  .70  .75  .68  .57 
 107 hs35SE   1831 2004            .54  .71  .74  .70  .61 
 108 hs35SW   1845 2004            .59  .71  .77  .75  .63 
 119 HSX05    1501 1879  .31A .31A                         
 122 HSX07a   1679 1859  .61                               
 123 HSX07b   1679 1849  .78                               
 126 HSX09a   1639 1859  .67                               
 127 HSX09b   1639 1866  .57                               
 128 HSX10a   1599 1849  .80                               
 132 HSX12a   1652 1879  .54  .57                          
 133 HSX12b   1652 1889  .61  .42                          
 140 HSX16a   1526 1874  .62  .45                          
 141 HSX16b   1526 1863  .80                               
 142 HSX17a   1617 1849  .53                               
 143 HSX17b   1617 1859  .48                               
 146 HSX19a   1556 1859  .62                               
 147 HSX19b   1556 1849  .55                               
 148 TEX00a   1789 1929  .64  .76  .82  .83                
 149 TEX00b   1789 1926  .43  .63  .73  .77                
 186 tg01N    1854 2004                 .59  .50  .27B .36 
 187 tg01S    1829 2004            .51  .58  .59  .37  .43 
 190 tg03E    1682 2004  .54  .62  .66  .62  .66  .56  .59 
 191 tg04S    1648 1969  .70  .74  .77  .71  .73           
 192 tg04N    1663 1949  .71  .75  .77  .72  .74           
 193 tg05NE   1783 2004  .52  .67  .76  .74  .75  .73  .67 
 194 tg06NE   1563 1879  .59  .61                          
 195 tg06SW   1544 2004  .68  .76  .73  .68  .57  .53  .64 
 196 tg07N    1685 2004  .51  .65  .70  .60  .55  .56  .56 
 197 tg08W    1514 2004  .70  .68  .77  .75  .76  .75  .64 
 198 tg08E    1681 2002  .52  .53  .53  .65  .74  .71  .48 
 199 tg09NE   1570 2004  .55  .60  .62  .68  .67  .67  .51 
 200 tg09SW   1582 2004  .60  .68  .65  .64  .69  .71  .60 
 201 tg12E    1549 2004  .59  .62  .40  .32A .49  .46  .51 
 203 tg12SE   1521 2002  .65  .64  .52  .51  .49  .44B .53 
 206 tg14E    1762 2004  .79  .69  .71  .81  .72  .66  .64 
 207 tg14N    1829 2004            .78  .85  .73  .63  .67 
 208 tg18N    1534 2004  .65  .72  .78  .75  .74  .76  .61 
 209 tg18W    1567 2004  .66  .70  .80  .81  .78  .48  .51 
 210 tg20W    1566 2004  .59  .71  .68  .61  .70  .69  .70 
 211 TGX01a   1566 1879  .53  .53                          
 215 TGX03a   1528 1859  .51                               
 219 TGX05a   1485 1886  .18B .38                          
 225 TGX08a   1517 1897  .43  .42                          
 226 TGX08b   1517 1883  .57  .59                          
 232 tnw01a   1809 2004       .38  .28A .38  .45  .28B .34 
 233 tnw01b   1809 2004       .55  .40  .46  .65  .49  .39 
 234 tnw02a   1909 2004                           .60  .37 
 235 tnw02b   1909 2004                           .38  .71 
 236 tnw03a   1775 2004  .52  .43  .48  .56  .68  .75  .69 
 237 tnw03b   1775 2004  .56  .65  .62  .55  .64  .67  .68 
 238 tnw04a   1766 2004  .49  .55  .62  .65  .67  .70  .58 
 239 tnw04b   1764 2004  .51  .56  .65  .63  .65  .69  .70 
 241 tnw05b   1642 2004  .53  .57  .67  .70  .73  .74  .61 
 242 tnw06a   1779 2004  .70  .71  .63  .69  .81  .82  .67 
 243 tnw06b   1770 2004  .69  .63  .64  .83  .83  .73  .67 
 244 tnw07a   1727 2004  .62  .64  .66  .65  .69  .66  .56 
 245 tnw07b   1729 2004  .47  .55  .62  .55  .63  .69  .65 
 246 tnw08a   1719 2004  .64  .66  .70  .70  .81  .76  .68 
 247 tnw08b   1719 2004  .62  .69  .74  .70  .79  .80  .72 
 248 tnw09a   1633 1859  .80                               
 249 tnw09b   1659 2004  .37  .45  .58  .40  .49  .50  .40 
 250 tnw10    1769 2004  .64  .62  .64  .71  .78  .70  .45 
 251 tnw11a   1724 2004  .69  .77  .82  .70  .64  .72  .70 
 252 tnw11b   1789 2004  .55  .70  .73  .68  .67  .67  .76 
 253 tnw16a   1759 2004  .71  .66  .68  .75  .77  .68  .57 
 254 tnw16b   1759 2004  .70  .65  .74  .82  .79  .80  .69 
 255 tnw17a   1736 2004  .68  .65  .76  .81  .80  .85  .55 
 256 tnw17b   1755 2004  .62  .65  .74  .79  .80  .76  .53 
 257 tnw51E   1839 2004            .61  .69  .79  .69  .59 
 258 tnw51W   1869 2004                 .64  .62  .60  .61 
 259 TNWX01a  1619 1985  .63  .72  .77  .53  .55  .61      
 260 TNWX01b  1619 1925  .54  .67  .62  .47                
 263 TNWX04a  1783 1983  .44  .62  .65  .61  .63  .72      
 264 TNWX04b  1779 1981  .48  .57  .64  .70  .78  .67      
 265 TNWX05a  1689 1978  .55  .66  .66  .61  .73  .75      
 266 TNWX05b  1689 1985  .62  .76  .78  .73  .75  .80      
 269 tr05SW   1910 2004                           .48  .47 
 270 tr05NE   1910 2004                           .42  .53 
 271 tr06W    1779 2004  .49  .63  .64  .67  .72  .56  .41 
 272 tr06E    1779 2004  .44  .66  .73  .73  .72  .63  .48 
 273 tr07N    1859 2004                 .58  .70  .67  .74 
 274 tr07S    1859 2004                 .71  .81  .61  .59 
 275 tr10NE   1807 2004       .16B .42  .45  .51  .55  .48 
 276 tr10SW   1815 2004       .29B .39  .36  .39  .48  .52 
 277 tr11N    1799 2004  .53  .56  .52  .65  .75  .63  .42 
 278 tr11S    1799 2004       .45  .52  .64  .63  .64  .66 
 279 tr13     1826 2004            .36  .47  .54  .51  .58 
 281 tr16N    1725 2004  .51  .53  .61  .66  .65  .52  .54 
 282 tr16S    1725 2002  .47  .60  .63  .60  .68  .68  .68 
 283 tr21N    1729 2004  .65  .66  .74  .77  .76  .60  .51 
 284 tr21S    1729 2004  .56  .70  .68  .59  .68  .68  .57 
 285 tr22S    1759 2004  .58  .52  .47  .61  .71  .68  .67 
 286 tr22E    1749 2004  .37  .33A .35  .54  .75  .73  .66 
 287 tr23E    1896 2004                      .59  .73  .74 
 288 tr24N    1906 2004                           .64  .70 
 289 tr25W    1779 2004  .31A .52  .67  .64  .68  .73  .74 
 290 tr25E    1779 1957  .57  .69  .59  .54  .72           
 291 tr31W    1719 2004  .59  .64  .67  .64  .68  .68  .65 
 292 tr32E    1611 2004  .70  .68  .65  .64  .71  .70  .59 
 293 tr32W    1611 2004  .68  .70  .78  .83  .81  .71  .63 
 294 tr32N    1749 2004  .58  .63  .65  .63  .72  .72  .62 
 295 tr33A    1707 2004  .63  .69  .54  .55  .47  .42  .43 
 296 tr33B    1707 2004  .46  .48  .30A .35  .68  .61  .43 
 299 TSX00a   1704 1865  .46                               
 300 TSX00b   1706 1849  .53                               
 305 TSX05b   1627 1854  .68                               
 314 tw01     1903 2004                           .44  .46 
 315 tw03a    1838 2004            .82  .82  .75  .58  .56 
 316 tw03b    1839 2004            .75  .71  .78  .69  .70 
 317 tw05a    1829 2004            .61  .54  .68  .69  .64 
 318 tw05b    1801 2004       .37  .60  .58  .76  .73  .71 
 319 tw11a    1809 2004       .49  .65  .70  .74  .76  .61 
 320 tw11b    1809 2004       .50  .53  .48  .53  .71  .60 
 321 tw12a    1679 2002  .61  .65  .65  .63  .74  .70  .57 
 322 tw12b    1697 2004  .42  .44  .52  .71  .76  .69  .59 
 323 tw13a    1799 2004  .35  .47  .64  .62  .63  .63  .62 
 324 tw13b    1779 2004  .32A .48  .70  .74  .80  .75  .69 
 325 tw14a    1658 2004  .61  .69  .78  .78  .81  .77  .70 
 326 tw14b    1658 2004  .71  .72  .76  .79  .76  .70  .71 
 327 tw15b    1688 2004  .50  .58  .63  .53  .61  .73  .71 
 328 tw15a    1654 2004  .64  .67  .69  .68  .72  .64  .51 
 329 tw16a    1874 2004                      .61  .45B .52 
 330 tw16b    1874 2004                 .65  .60  .47  .54 
 331 tw17a    1740 2004  .45  .38  .49  .62  .69  .63  .46 
 332 tw17b    1699 2004  .44  .53  .45  .36  .65  .56  .32A
 333 tw17c    1699 2004  .53  .62  .70  .74  .68  .55  .37 
 334 tw32     1834 2004            .68  .66  .69  .64  .50 
 335 tw33a    1839 2004            .56  .66  .76  .74  .72 
 336 tw33b    1838 2004            .63  .72  .77  .76  .73 
 337 tw35c    1775 2004  .52  .64  .61  .52  .66  .65  .60 
 338 tw35b    1722 2004  .44  .62  .72  .67  .74  .76  .76 
 339 tw35a    1731 2004  .71  .70  .64  .58  .66  .70  .67 
 340 tw41N    1823 2004            .58  .54  .54  .64  .73 
 341 tw41S    1823 2004       .58  .62  .67  .69  .67  .51 
 342 tw43N    1841 2004            .63  .68  .81  .68  .46 
 343 tw43NW   1858 2004                 .62  .80  .73  .66 
 344 tw44E    1854 2004                 .64  .67  .51  .44 
 345 tw44W    1839 2004            .67  .62  .67  .67  .56 
 346 tw45W    1829 2004            .67  .77  .76  .74  .64 
 347 tw45E    1830 2004            .57  .71  .87  .82  .75 
 348 tw46SE   1734 1979  .68  .74  .61  .62  .74  .70      
 349 tw46NW   1734 2004  .61  .67  .71  .74  .79  .79  .70 
 350 TWX01a   1662 1883  .48  .57                          
 351 TWX01b   1662 1877  .40  .36                          
 352 hca1     1636 1925  .56  .53  .54  .60                
 353 hca2     1636 1925  .48  .73  .69  .55                
 354 hcb1     1548 1870  .48                               
 355 hcb2     1549 1866  .36                               
 362 sha1     1647 1886  .63  .70                          
 363 sha2     1647 1890  .63  .66                          
 364 826011   1491 1984  .43  .56  .62  .70  .68  .65      
 365 826012   1595 1984  .54  .57  .60  .70  .68  .61      
 366 826013   1595 1952  .60  .62  .51  .52  .69           
 367 826021   1621 1984  .78  .73  .66  .69  .80  .79      
 368 826022   1510 1984  .82  .78  .79  .70  .61  .70      
 369 826051   1645 1984  .66  .70  .70  .66  .69  .72      
 370 826052   1725 1984  .57  .58  .65  .68  .70  .62      
 371 826061   1599 1970  .70  .64  .69  .76  .78           
 372 826062   1576 1950  .68  .75  .71  .70  .83           
 373 826081   1668 1984  .79  .75  .71  .75  .79  .72      
 374 826082   1667 1984  .66  .76  .83  .81  .83  .81      
 375 826091   1625 1975  .55  .67  .62  .60  .70  .65      
 376 826092   1625 1984  .52  .65  .58  .55  .77  .61      
 377 826121   1645 1890  .44  .48                          
 378 826122   1645 1949  .57  .58  .62  .76  .76           
 379 826131   1512 1984  .67  .68  .56  .56  .75  .73      
 380 826132   1512 1984  .71  .69  .67  .73  .82  .69      
 381 826151   1700 1984  .68  .73  .74  .75  .79  .72      
 382 826161   1564 1984  .57  .67  .65  .61  .60  .55      
 383 826162   1563 1984  .59  .62  .60  .62  .67  .64      
 384 826171   1668 1984  .70  .72  .70  .72  .75  .75      
 385 826172   1670 1984  .63  .75  .84  .81  .78  .71      
 386 826181   1680 1984  .72  .63  .61  .60  .61  .59      
 387 826201   1600 1984  .73  .73  .65  .63  .73  .75      
 388 826211   1665 1984  .55  .74  .72  .69  .70  .66      
 389 826221   1588 1984  .67  .69  .74  .78  .74  .60      
 390 826231   1564 1984  .66  .73  .67  .57  .59  .52      
 391 826241   1769 1984  .66  .67  .67  .70  .76  .66      
 392 826242   1800 1984       .70  .73  .73  .77  .79      
 393 826251   1565 1984  .83  .83  .73  .77  .86  .82      
 394 826252   1565 1984  .71  .81  .77  .71  .73  .74      
 395 286253   1580 1984  .68  .78  .66  .61  .81  .79      
 396 826254   1580 1984  .76  .74  .77  .82  .84  .83      
 397 826271   1512 1966  .71  .52  .36  .57  .71           
 398 826272   1512 1984  .61  .59  .69  .72  .65  .58      
 399 826282   1497 1955  .76  .60  .40  .51  .58           
 400 826291   1567 1984  .67  .71  .66  .66  .74  .76      
 401 826292   1549 1984  .71  .73  .74  .66  .68  .71      
 402 826311   1621 1984  .68  .73  .80  .81  .78  .74      
 403 826312   1579 1984  .62  .69  .72  .70  .65  .65      
 404 826401   1645 1984  .68  .70  .68  .73  .70  .50      
 405 826402   1667 1984  .64  .63  .60  .66  .56  .58      
 Av segment correlation  .60  .63  .65  .67  .71  .67  .60 

 FLAGGED SEGMENTS: cana318
-----------------------------------------------------------------------------------------------------------------------------------
 Seq Series   Segment    Flag  r dated  Best lag  r at lag   Gain  Note
 --- -------- ---------  ----  -------  --------  --------  -----  -----------------
   1 hn01NE   1850 1899     A     .322         0
   2 hn01NW   1850 1899     A     .286         0
   5 hn03NE   1625 1674     A     .323         0
  10 hn07W    1725 1774     B     .111         3      .267   .155  weak at every lag
  10 hn07W    1750 1799     B     .214         3      .257   .043  weak at every lag
  11 hn07N    1750 1799     B     .073         3      .260   .187  weak at every lag
  12 hn09N    1750 1799     B     .212         3      .344   .133
  13 hn09S    1750 1799     B     .085         3      .223   .137  weak at every lag
  21 HNX01a   1650 1699     B     .243        -2      .269   .026  weak at every lag
  21 HNX01a   1675 1724     A     .289         0
  22 HNX03a   1600 1649     A     .308         0
  30 HNX08a   1675 1724     A     .290         0
  30 HNX08a   1700 1749     B     .292         3      .340   .048
  31 HNX08b   1650 1699     A     .265         0
  33 HNX10b   1700 1749     B     .249         4      .303   .054  weak at every lag
  38 HNX13a   1675 1724     B     .291        10      .329   .038
  42 HNX15a   1500 1549     A     .324         0
  45 HNX15Bb  1550 1599     B     .348        -4      .379   .031
  49 HNX18b   1675 1724     B     .276        -9      .354   .078
  62 hs03W    1675 1724     B     .339         8      .357   .018
  63 hs03E    1700 1749     B     .345        -2      .455   .110
  64 hs03N    1700 1749     B     .287        -2      .309   .022  weak at every lag
  68 hs06N    1825 1874     A     .322         0
  80 hs12S    1675 1724     A     .258         0
  80 hs12S    1700 1749     A     .308         0
  83 hs14W    1950 1999     A     .324         0
 101 hs33NW   1825 1874     A     .274         0
 104 hs34E    1600 1649     B     .317         9      .319   .002  weak at every lag
 114 HSX02b   1625 1674     A     .292         0
 115 HSX03a   1600 1649     B     .369       -10      .372   .004
 116 HSX03b   1550 1599     B     .360         8      .477   .117
 116 HSX03b   1575 1624     B     .378         8      .387   .008
 119 HSX05    1800 1849     A     .311         0
 119 HSX05    1825 1874     A     .307         0
 124 HSX08a   1675 1724     B     .249         3      .273   .024  weak at every lag
 124 HSX08a   1700 1749     A     .238         0
 125 HSX08b   1575 1624     B     .373        -7      .395   .023
 126 HSX09a   1650 1699     B     .200        -8      .459   .258
 126 HSX09a   1675 1724     B     .385        -8      .501   .116
 134 HSX13a   1475 1524     A     .302         0
 135 HSX13b   1475 1524     A     .272         0
 142 HSX17a   1675 1724     B     .267        -8      .294   .027  weak at every lag
 143 HSX17b   1650 1699     B     .252        -9      .263   .011  weak at every lag
 143 HSX17b   1675 1724     A     .324         0
 143 HSX17b   1700 1749     B     .197         4      .256   .059  weak at every lag
 151 TEX01b   1625 1674     A     .321         0
 152 TEX02a   1575 1624     A     .327         0
 153 TEX02b   1575 1624     A     .287         0
 154 TEX04a   1500 1549     A     .243         0
 154 TEX04a   1525 1574     A     .290         0
 154 TEX04a   1625 1674     B     .320        -4      .321   .001  weak at every lag
 155 TEX04b   1500 1549     A     .306         0
 157 TEX06b   1500 1549     B     .226        -2      .311   .084  weak at every lag
 157 TEX06b   1525 1574     A     .289         0
 158 TEX08a   1300 1349     A     .255         0
 158 TEX08a   1325 1374     B     .258         3      .265   .006  weak at every lag
 158 TEX08a   1350 1399     A     .268         0
 160 TEX10a   1450 1499     B     .291         9      .414   .124
 163 TEX15a   1375 1424     B     .203        -4      .218   .014  weak at every lag
 163 TEX15a   1400 1449     B     .088         8      .252   .164  weak at every lag
 163 TEX15a   1450 1499     A     .288         0
 164 TEX16a   1700 1749     B     .304         7      .360   .056
 166 TEX19    1475 1524     B     .182        -8      .342   .160
 167 TEX20a   1600 1649     A     .325         0
 169 TEX21a   1700 1749     B     .238        -2      .281   .043  weak at every lag
 170 TEX23a   1500 1549     B     .189        -8      .334   .144
 170 TEX23a   1525 1574     B     .332       -10      .338   .006
 170 TEX23a   1550 1599     B     .471       -10      .504   .033
 170 TEX23a   1575 1624     B     .309       -10      .319   .010  weak at every lag
 175 TEX28a   1625 1674     A     .321         0
 175 TEX28a   1675 1724     B     .223        -2      .312   .089  weak at every lag
 175 TEX28a   1700 1749     B     .145        -2      .230   .084  weak at every lag
 176 TEX07a   1325 1374     B     .290         2      .352   .062
 178 TEX26a   1625 1674     B     .404         2      .412   .008
 179 TEX26b   1700 1749     B     .265         6      .267   .003  weak at every lag
 185 te18b    1325 1374     A     .288         0
 185 te18b    1350 1399     A     .293         0
 186 tg01N    1925 1974     B     .274         5      .284   .010  weak at every lag
 188 tg02NW   1475 1524     B     .239        -2      .403   .164
 188 tg02NW   1575 1624     A     .295         0
 188 tg02NW   1675 1724     B     .258       -10      .299   .042  weak at every lag
 188 tg02NW   1700 1749     A     .250         0
 189 tg02SE   1475 1524     A     .298         0
 189 tg02SE   1575 1624     A     .305         0
 189 tg02SE   1600 1649     A     .221         0
 191 tg04S    1650 1699     B     .104         2      .294   .189  weak at every lag
 191 tg04S    1675 1724     B     .072         2      .256   .184  weak at every lag
 195 tg06SW   1600 1649     B     .409         8      .427   .018
 195 tg06SW   1625 1674     B     .314         8      .466   .152
 201 tg12E    1875 1924     A     .319         0
 203 tg12SE   1925 1974     B     .441        10      .472   .031
 219 TGX05a   1600 1649     A     .322         0
 219 TGX05a   1625 1674     A     .290         0
 219 TGX05a   1650 1699     A     .316         0
 219 TGX05a   1675 1724     A     .276         0
 219 TGX05a   1750 1799     B     .370       -10      .387   .016
 219 TGX05a   1775 1824     B     .270       -10      .445   .175
 219 TGX05a   1800 1849     B     .176        -3      .295   .119  weak at every lag
 220 TGX05b   1625 1674     A     .324         0
 220 TGX05b   1650 1699     B     .284         2      .310   .026  weak at every lag
 220 TGX05b   1675 1724     B     .255         2      .291   .035  weak at every lag
 232 tnw01a   1850 1899     A     .277         0
 232 tnw01a   1925 1974     B     .279        -5      .375   .095
 265 TNWX05a  1700 1749     A     .323         0
 267 tr04NW   1500 1549     A     .281         0
 267 tr04NW   1525 1574     B     .235         8      .365   .130
 267 tr04NW   1575 1624     B     .366        -9      .374   .008
 275 tr10NE   1825 1874     B     .162        -4      .302   .140  weak at every lag
 276 tr10SW   1825 1874     B     .290         5      .368   .079
 286 tr22E    1825 1874     A     .327         0
 289 tr25W    1800 1849     A     .313         0
 296 tr33B    1850 1899     A     .298         0
 297 TRX01B   1450 1499     B     .275        -2      .335   .060
 298 TRX01A   1450 1499     B     .223        -3      .261   .038  weak at every lag
 301 TSX02a   1650 1699     B     .231         8      .278   .046  weak at every lag
 301 TSX02a   1675 1724     B     .251         2      .318   .067  weak at every lag
 303 TSX03    1650 1699     A     .312         0
 303 TSX03    1675 1724     B     .189         3      .274   .086  weak at every lag
 303 TSX03    1725 1774     A     .259         0
 303 TSX03    1750 1799     A     .244         0
 304 TSX05a   1700 1749     B     .136         9      .289   .153  weak at every lag
 304 TSX05a   1725 1774     A     .237         0
 305 TSX05b   1675 1724     A     .307         0
 306 TSX06a   1650 1699     B     .160         9      .249   .089  weak at every lag
 306 TSX06a   1675 1724     B     .211        -6      .311   .100  weak at every lag
 307 TSX06b   1650 1699     A     .261         0
 308 TSX08a   1425 1474     B     .280         7      .281   .001  weak at every lag
 309 TSX08b   1425 1474     A     .258         0
 309 TSX08b   1450 1499     B     .167         5      .224   .057  weak at every lag
 309 TSX08b   1475 1524     B     .202         6      .342   .140
 312 TSX11a   1450 1499     B     .133        -9      .300   .167  weak at every lag
 312 TSX11a   1475 1524     B     .075         3      .264   .189  weak at every lag
 312 TSX11a   1550 1599     A     .321         0
 312 TSX11a   1625 1674     A     .301         0
 312 TSX11a   1650 1699     B     .187        -9      .237   .049  weak at every lag
 312 TSX11a   1675 1724     B     .195        -9      .304   .109  weak at every lag
 313 TSX11b   1450 1499     B     .250        -9      .278   .028  weak at every lag
 313 TSX11b   1475 1524     B     .115         3      .259   .143  weak at every lag
 313 TSX11b   1700 1749     A     .184         0
 324 tw13b    1800 1849     A     .324         0
 329 tw16a    1925 1974     B     .449        10      .523   .075
 332 tw17b    1950 1999     A     .316         0
 350 TWX01a   1775 1824     B     .445         3      .503   .057
 363 sha2     1650 1699     B     .265         9      .302   .037  weak at every lag
 368 826022   1525 1574     B     .274         5      .377   .104
 397 826271   1700 1749     A     .328         0

 DESCRIPTIVE STATISTICS: cana318
-----------------------------------------------------------------------------------------------------------------------------------

                                                Corr   //-------- Unfiltered --------\\  //-- dplR filtered --\\
                           No.    No.    No.    with   Mean   Max     Std   Auto   Mean   Max     Std   Auto  AR
 Seq Series   Interval   Years  Segmt  Flags   Master  msmt   msmt    dev   corr   sens  value    dev   corr  ()
 --- -------- ---------  -----  -----  -----   ------ -----  -----  -----  -----  -----  -----  -----  -----  --
   1 hn01NE   1838 2004    167      5      1    .308    .46   1.02   .191   .839   .198   3.13   .280  -.015   1
   2 hn01NW   1849 2004    156      5      1    .448    .48    .99   .196   .860   .179   1.68   .178   .025   1
   3 hn02NW   1890 2004    115      3      0    .592    .70   2.05   .416   .907   .201   1.67   .201   .004   2
   4 hn02SE   1890 2004    115      3      0    .540    .76   1.71   .397   .916   .185   1.37   .169   .008   2
   5 hn03NE   1600 2004    405     14      1    .592    .26    .86   .144   .840   .241   1.87   .241  -.001   1
   6 hn04S    1657 2004    348     12      0    .618    .33   2.14   .197   .756   .234   2.39   .244   .008   2
   7 hn04N    1658 2004    347     12      0    .695    .32    .97   .135   .719   .229   1.89   .216  -.003   1
   8 hn06S    1681 2004    324     11      0    .697    .41    .90   .149   .685   .222   1.70   .201   .020   0
   9 hn06N    1681 2004    324     11      0    .701    .25    .63   .092   .665   .248   1.70   .204  -.001   1
  10 hn07W    1720 2004    285     10      2    .539    .38   1.78   .234   .784   .236   2.28   .233  -.002   1
  11 hn07N    1733 2004    272      9      1    .490    .37   2.34   .286   .747   .228   2.50   .266  -.011   3
  12 hn09N    1736 2004    269      9      1    .537    .44   1.55   .199   .807   .188   1.84   .181  -.010   1
  13 hn09S    1740 2004    265      9      1    .468    .46   1.57   .175   .691   .214   1.98   .216   .026   1
  14 hn10N    1626 2004    379     13      0    .696    .33   1.08   .140   .805   .206   1.53   .190  -.004   2
  15 hn10S    1626 2004    379     13      0    .709    .23    .75   .116   .827   .234   1.74   .212  -.010   1
  16 hn11NW   1655 2004    350     12      0    .640    .39   1.38   .208   .850   .219   1.78   .214   .003   2
  17 hn11SE   1718 2004    287     10      0    .620    .29    .78   .162   .872   .234   1.89   .218  -.008   2
  18 hn12W    1666 2004    339     12      0    .708    .32   1.60   .205   .836   .218   1.77   .197   .026   0
  19 hn12N    1604 2004    401     14      0    .661    .27   1.71   .169   .801   .226   2.75   .232   .005   2
  20 hn12S    1604 2004    401     14      0    .651    .40   1.41   .213   .777   .226   2.02   .220  -.017   3
  21 HNX01a   1552 1829    278      9      2    .499    .22   1.08   .184   .885   .311   2.00   .302   .014   1
  22 HNX03a   1555 1839    285      9      1    .462    .12    .37   .061   .791   .261   1.73   .228  -.034   0
  23 HNX04b   1679 1868    190      5      0    .495    .17    .46   .062   .594   .246   1.77   .267  -.012   1
  24 HNX05a   1495 1695    201      6      0    .427    .16    .38   .068   .786   .216   2.16   .225  -.007   3
  25 HNX05b   1495 1669    175      5      0    .444    .14    .40   .069   .831   .206   1.82   .216   .026   1
  26 HNX06a   1659 1839    181      5      0    .584    .29    .84   .130   .702   .255   1.74   .235  -.009   2
  27 HNX06b   1659 1819    161      4      0    .625    .22    .81   .127   .731   .303   1.73   .267   .050   0
  28 HNX07a   1663 1824    162      5      0    .537    .20    .42   .071   .636   .239   1.72   .240   .033   1
  29 HNX07b   1663 1829    167      5      0    .585    .31    .66   .128   .751   .243   1.77   .228   .014   1
  30 HNX08a   1584 1829    246      8      2    .430    .21    .43   .074   .738   .204   1.66   .212  -.020   3
  31 HNX08b   1584 1829    246      8      1    .453    .19    .48   .066   .628   .214   2.09   .222  -.000   2
  32 HNX10a   1670 1868    199      6      0    .575    .38   1.07   .182   .759   .231   1.93   .255  -.012   1
  33 HNX10b   1670 1859    190      6      1    .445    .35    .79   .151   .746   .231   1.89   .241   .017   1
  34 HNX11a   1688 1868    181      5      0    .661    .38   1.02   .157   .660   .256   1.90   .244  -.013   1
  35 HNX11b   1689 1869    181      5      0    .710    .42   1.04   .176   .604   .284   1.92   .273  -.004   1
  36 HNX12a   1522 1839    318     11      0    .689    .24    .72   .104   .730   .253   1.63   .223   .049   0
  37 HNX12b   1522 1829    308     11      0    .656    .24    .86   .151   .863   .247   1.90   .232   .003   2
  38 HNX13a   1649 1829    181      5      1    .557    .28    .70   .118   .790   .228   1.61   .231   .005   2
  39 HNX13b   1649 1839    191      6      0    .559    .22    .83   .119   .758   .269   2.29   .285   .018   1
  40 HNX14a   1689 1839    151      4      0    .443    .22    .69   .121   .842   .241   2.01   .252   .024   1
  41 HNX14b   1689 1839    151      4      0    .637    .33    .71   .111   .656   .215   1.59   .210  -.032   1
  42 HNX15a   1499 1769    271      9      1    .469    .23   1.11   .174   .879   .273   1.94   .281   .010   1
  43 HNX15b   1499 1669    171      4      0    .424    .20    .60   .130   .832   .294   1.83   .285   .009   3
  44 HNX15Ba  1527 1697    171      4      0    .576    .21    .73   .159   .892   .236   1.80   .243   .013   1
  45 HNX15Bb  1527 1679    153      4      1    .510    .22    .76   .187   .926   .243   1.86   .234   .003   3
  46 HNX17a   1625 1831    207      6      0    .576    .31    .80   .126   .634   .260   1.80   .248   .000   1
  47 HNX17b   1625 1819    195      5      0    .555    .31   1.02   .157   .714   .267   1.83   .256   .002   1
  48 HNX18a   1669 1859    191      6      0    .523    .27    .67   .123   .652   .280   1.95   .282   .006   1
  49 HNX18b   1669 1854    186      6      1    .574    .16    .42   .061   .570   .271   1.88   .245   .015   1
  50 HNX19a   1569 1819    251      8      0    .629    .17    .66   .104   .858   .282   1.80   .257  -.001   3
  51 HNX19b   1569 1789    221      7      0    .552    .33   1.20   .163   .690   .264   2.46   .282   .005   1
  52 HNX20a   1468 1819    352     12      0    .459    .30    .83   .181   .889   .226   2.25   .246   .013   1
  53 HNX20b   1468 1809    342     12      0    .537    .31   1.04   .208   .894   .220   1.92   .228  -.015   1
  54 HNX21a   1555 1849    295     10      0    .483    .36   1.06   .170   .750   .223   2.68   .247   .024   1
  55 HNX21b   1555 1844    290      9      0    .579    .33    .75   .110   .694   .200   1.81   .205  -.029   3
  56 HNX23a   1745 1845    101      2      0    .510    .62   1.14   .181   .533   .232   1.58   .219   .026   1
  57 HNX23b   1749 1854    106      2      0    .609    .51   1.08   .215   .753   .224   2.10   .239  -.013   2
  58 HNX24a   1685 1827    143      4      0    .571    .28    .90   .147   .757   .265   1.76   .246   .004   2
  59 HNX24b   1685 1820    136      3      0    .555    .32    .76   .114   .660   .236   1.83   .241  -.014   1
  60 HNX25a   1782 1924    143      4      0    .541    .42   1.18   .276   .851   .288   1.79   .293   .008   2
  61 HNX25b   1782 1919    138      3      0    .587    .39   1.22   .270   .832   .300   1.99   .309  -.012   1
  62 hs03W    1641 2004    364     13      1    .580    .28   1.13   .145   .836   .217   1.74   .208   .002   1
  63 hs03E    1641 1869    229      7      1    .477    .35   1.11   .149   .725   .236   1.74   .216  -.010   2
  64 hs03N    1666 2004    339     12      1    .583    .24    .47   .076   .643   .212   1.72   .199   .001   1
  65 hs03S    1666 1949    284     10      0    .555    .29    .81   .144   .863   .208   1.83   .195  -.004   1
  66 hs05W    1663 2004    342     12      0    .659    .18    .64   .076   .779   .226   1.60   .201   .021   0
  67 hs05E    1663 2004    342     12      0    .679    .19    .67   .087   .815   .233   1.89   .215   .037   0
  68 hs06N    1652 2004    353     12      1    .541    .23    .67   .102   .736   .253   2.44   .245  -.010   3
  69 hs06S    1652 2004    353     12      0    .640    .27    .68   .120   .792   .233   1.91   .219   .001   2
  70 hs08S    1632 2004    373     13      0    .758    .27    .56   .076   .390   .254   1.65   .215  -.058   0
  71 hs08N    1633 2004    372     13      0    .671    .20    .54   .072   .578   .265   2.41   .243  -.003   1
  72 hs09N    1743 2004    262      9      0    .718    .34    .90   .169   .795   .245   1.54   .209  -.030   0
  73 hs09S    1742 2004    263      9      0    .703    .33    .86   .159   .778   .254   1.70   .232   .080   0
  74 hs09W    1667 2004    338     12      0    .644    .29    .66   .132   .766   .242   1.88   .225  -.009   1
  75 hs10S    1643 2004    362     13      0    .640    .18    .50   .081   .739   .250   1.92   .235  -.010   2
  76 hs10N    1641 2004    364     13      0    .569    .19    .66   .101   .799   .273   2.07   .255   .059   0
  77 hS11W    1749 2004    256      8      0    .521    .29    .75   .130   .758   .252   3.07   .261  -.019   3
  78 hS11N    1795 2004    210      7      0    .643    .28    .76   .124   .751   .263   1.89   .252   .009   2
  79 hs11S    1795 2004    210      7      0    .642    .38    .97   .149   .727   .229   1.62   .215  -.016   1
  80 hs12S    1633 2004    372     13      2    .569    .21    .69   .118   .862   .248   2.05   .243   .015   1
  81 hs12N    1632 1979    348     12      0    .636    .22    .70   .124   .853   .253   1.81   .234   .041   0
  82 hs13NW   1599 1894    296     10      0    .542    .27   1.06   .149   .741   .288   1.91   .267   .005   1
  83 hs14W    1704 2004    301     10      1    .583    .35   1.29   .201   .892   .192   1.87   .191   .022   1
  84 hs16S    1537 1929    393     14      0    .627    .30    .89   .154   .816   .231   2.14   .239  -.007   1
  85 hs16SW   1627 1939    313     10      0    .667    .28    .72   .107   .674   .245   1.74   .232   .001   1
  86 hs17S    1874 2004    131      3      0    .655    .43    .93   .131   .541   .224   1.61   .210   .026   2
  87 hs18S    1854 2004    151      4      0    .596    .44    .93   .161   .624   .258   1.62   .229  -.015   3
  88 hs18E    1699 2004    306     11      0    .673    .45   1.05   .143   .575   .241   1.60   .217   .004   1
  89 hs18W    1599 1814    216      7      0    .650    .32    .66   .117   .713   .235   1.67   .218   .022   1
  90 hs19NW   1769 2004    236      8      0    .681    .37    .78   .132   .593   .251   2.06   .227  -.040   0
  91 hs19S    1773 2004    232      8      0    .680    .45   1.00   .175   .638   .267   1.90   .230  -.081   0
  92 hs20NW   1717 2004    288     10      0    .516    .42    .95   .140   .711   .193   1.85   .201  -.028   1
  93 hs20SE   1717 2004    288     10      0    .583    .45    .87   .134   .605   .201   1.73   .189   .005   1
  94 hs21E    1769 2004    236      8      0    .672    .21    .41   .060   .553   .209   1.46   .190  -.007   2
  95 hs21W    1713 2004    292     10      0    .679    .29    .97   .140   .838   .218   1.61   .192  -.009   1
  96 hs21N    1681 2004    324     11      0    .603    .29   1.09   .178   .873   .214   1.68   .199  -.004   3
  97 hs21S    1691 2004    314     11      0    .682    .29    .98   .164   .888   .198   1.51   .181  -.014   3
  98 hs22N    1649 2004    356     13      0    .618    .25    .92   .131   .787   .244   2.22   .238  -.015   1
  99 hs31N    1562 2004    443     16      0    .743    .18    .60   .082   .611   .328   1.96   .278  -.016   0
 100 hs31S    1560 2004    445     16      0    .743    .20    .63   .082   .544   .304   1.93   .268  -.007   0
 101 hs33NW   1739 2004    266      9      1    .560    .20    .65   .070   .617   .235   1.75   .214   .003   1
 102 hs33SW   1739 2004    266      9      0    .494    .44    .93   .134   .643   .211   1.54   .202   .004   1
 103 hs34W    1579 2004    426     15      0    .638    .23    .60   .095   .798   .206   1.53   .200  -.002   1
 104 hs34E    1579 2004    426     15      1    .544    .21    .55   .104   .823   .234   2.76   .249  -.009   1
 105 hs35N    1669 2004    336     12      0    .595    .27    .65   .104   .773   .204   1.66   .196   .005   2
 106 hs35S    1669 2004    336     12      0    .627    .24    .53   .081   .686   .211   1.65   .196  -.002   1
 107 hs35SE   1831 2004    174      5      0    .602    .39    .93   .132   .603   .226   1.76   .214   .079   0
 108 hs35SW   1845 2004    160      5      0    .649    .52   1.03   .168   .635   .227   1.65   .200   .049   0
 109 HSX00a   1400 1739    340     11      0    .697    .21    .54   .110   .830   .243   1.69   .225  -.013   3
 110 HSX00b   1400 1669    270      8      0    .676    .19    .66   .114   .818   .277   2.07   .264  -.004   3
 111 HSX01a   1309 1599    291     10      0    .617    .19    .64   .096   .837   .234   1.61   .202  -.006   0
 112 HSX01b   1309 1579    271      9      0    .555    .17    .65   .096   .833   .237   1.74   .213   .032   0
 113 HSX02a   1522 1819    298     10      0    .564    .23    .62   .088   .636   .253   1.80   .247   .015   1
 114 HSX02b   1522 1799    278     10      1    .536    .23    .61   .089   .546   .282   2.17   .285   .007   2
 115 HSX03a   1519 1829    311     11      1    .544    .15    .47   .088   .810   .282   1.80   .278  -.007   1
 116 HSX03b   1519 1829    311     11      2    .554    .15    .41   .072   .719   .280   2.19   .284  -.007   1
 117 HSX04a   1511 1785    275      9      0    .636    .25    .54   .092   .711   .242   1.72   .226  -.021   1
 118 HSX04b   1512 1769    258      8      0    .520    .25    .65   .143   .874   .248   1.95   .230   .005   2
 119 HSX05    1501 1879    379     13      2    .452    .12    .46   .069   .846   .236   2.05   .243   .004   3
 120 HSX06a   1599 1829    231      8      0    .522    .23    .83   .127   .852   .220   1.83   .220   .045   1
 121 HSX06b   1599 1809    211      6      0    .487    .20    .62   .114   .861   .209   1.61   .203  -.013   3
 122 HSX07a   1679 1859    181      5      0    .507    .19    .42   .083   .714   .246   1.92   .234   .062   0
 123 HSX07b   1679 1849    171      5      0    .484    .26    .56   .111   .714   .244   2.07   .235   .032   0
 124 HSX08a   1569 1839    271      9      2    .465    .14    .50   .092   .915   .223   1.74   .213   .003   1
 125 HSX08b   1569 1819    251      8      1    .476    .16    .59   .104   .915   .223   1.86   .212   .006   1
 126 HSX09a   1639 1859    221      7      2    .578    .20    .55   .069   .582   .231   1.72   .219  -.024   1
 127 HSX09b   1639 1866    228      7      0    .585    .26   1.07   .138   .700   .254   2.31   .274  -.017   1
 128 HSX10a   1599 1849    251      9      0    .653    .35    .81   .128   .726   .211   1.48   .200  -.012   1
 129 HSX10b   1599 1839    241      8      0    .607    .23    .72   .114   .824   .224   1.74   .208  -.002   1
 130 HSX11a   1545 1675    131      4      0    .632    .29    .70   .108   .789   .180   1.52   .184   .002   1
 131 HSX11b   1545 1679    135      4      0    .622    .30    .79   .121   .788   .186   1.49   .185  -.010   2
 132 HSX12a   1652 1879    228      7      0    .681    .20   1.05   .143   .886   .253   1.59   .229   .000   2
 133 HSX12b   1652 1889    238      7      0    .609    .21   1.11   .136   .853   .237   1.68   .214  -.019   0
 134 HSX13a   1409 1769    361     12      1    .508    .15    .46   .051   .718   .205   1.96   .193   .001   1
 135 HSX13b   1409 1769    361     12      1    .500    .17    .46   .073   .840   .208   1.74   .193   .023   0
 136 HSX14a   1526 1769    244      7      0    .523    .21    .77   .148   .883   .218   1.84   .203   .055   0
 137 HSX14b   1526 1769    244      7      0    .538    .21    .65   .130   .890   .210   1.98   .210  -.002   1
 138 HSX15a   1449 1779    331     12      0    .602    .16    .44   .078   .760   .288   2.24   .281   .006   1
 139 HSX15b   1449 1749    301     11      0    .592    .21    .62   .088   .709   .257   1.75   .253   .006   1
 140 HSX16a   1526 1874    349     12      0    .571    .24    .62   .090   .686   .235   1.92   .227  -.001   1
 141 HSX16b   1526 1863    338     11      0    .647    .22    .46   .076   .593   .254   1.81   .237   .003   1
 142 HSX17a   1617 1849    233      8      1    .467    .19    .55   .069   .590   .260   1.90   .235   .058   0
 143 HSX17b   1617 1859    243      8      3    .403    .25    .74   .134   .770   .280   2.57   .308  -.004   1
 144 HSX18a   1614 1839    226      7      0    .617    .33    .67   .117   .619   .240   1.66   .220   .038   0
 145 HSX18b   1614 1839    226      7      0    .645    .32    .67   .102   .521   .252   1.64   .222   .032   0
 146 HSX19a   1556 1859    304     10      0    .665    .15    .56   .081   .814   .277   1.76   .248   .037   0
 147 HSX19b   1556 1849    294     10      0    .685    .18    .68   .107   .826   .299   1.77   .270  -.007   3
 148 TEX00a   1789 1929    141      4      0    .770    .69   1.38   .223   .654   .215   1.78   .210  -.017   1
 149 TEX00b   1789 1926    138      4      0    .622    .69   1.84   .255   .738   .210   1.66   .216   .006   1
 150 TEX01a   1593 1814    222      7      0    .451    .23    .65   .111   .686   .299   2.15   .299  -.008   1
 151 TEX01b   1592 1809    218      7      1    .402    .20    .58   .085   .508   .339   2.01   .310   .002   1
 152 TEX02a   1549 1779    231      7      1    .425    .26    .64   .117   .809   .214   2.03   .220   .003   2
 153 TEX02b   1549 1749    201      6      1    .441    .23    .57   .120   .818   .268   1.91   .257   .012   2
 154 TEX04a   1499 1700    202      7      3    .405    .25    .70   .122   .779   .245   1.69   .226   .002   1
 155 TEX04b   1489 1695    207      6      1    .399    .24    .52   .098   .767   .221   1.73   .225  -.029   1
 156 TEX06a   1483 1643    161      4      0    .481    .32    .75   .123   .779   .203   1.66   .216  -.026   1
 157 TEX06b   1499 1642    144      4      2    .413    .38    .95   .169   .798   .214   2.23   .240   .003   1
 158 TEX08a   1294 1494    201      6      3    .352    .19    .58   .083   .576   .293   2.47   .314  -.013   1
 159 TEX08b   1349 1529    181      6      0    .478    .16    .42   .071   .500   .352   1.94   .311  -.009   1
 160 TEX10a   1447 1567    121      3      1    .413    .41    .84   .128   .586   .200   1.63   .201  -.009   2
 161 TEX10b   1447 1577    131      4      0    .388    .30    .49   .097   .742   .196   1.49   .199  -.008   2
 162 TEX12a   1387 1599    213      7      0    .586    .22    .57   .089   .528   .328   1.82   .286  -.008   0
 163 TEX15a   1357 1759    403     14      3    .396    .18    .65   .105   .864   .247   1.88   .248  -.009   1
 164 TEX16a   1496 1749    254      9      1    .440    .30    .77   .148   .801   .242   1.77   .233  -.007   2
 165 TEX16b   1496 1749    254      9      0    .447    .19    .46   .092   .762   .266   1.68   .242  -.014   2
 166 TEX19    1457 1637    181      5      1    .462    .23    .47   .091   .790   .216   2.03   .230   .027   1
 167 TEX20a   1559 1829    271      9      1    .479    .17    .51   .083   .787   .245   1.78   .254  -.004   1
 168 TEX20b   1559 1809    251      8      0    .497    .16    .48   .071   .752   .246   1.72   .241   .022   2
 169 TEX21a   1549 1759    211      6      1    .348    .17    .45   .072   .653   .291   2.38   .282   .011   3
 170 TEX23a   1475 1799    325     11      4    .364    .21    .71   .131   .795   .255   2.41   .281   .000   1
 171 TEX24a   1399 1613    215      6      0    .539    .21    .44   .074   .583   .266   1.71   .249   .008   2
 172 TEX24b   1419 1599    181      6      0    .587    .17    .53   .089   .755   .272   1.89   .247   .005   1
 173 TEX27a   1589 1683     95      2      0    .488    .27    .59   .136   .767   .298   1.91   .290  -.023   1
 174 TEX27b   1589 1684     96      2      0    .459    .31    .79   .178   .792   .330   1.79   .313  -.014   1
 175 TEX28a   1619 1839    221      7      3    .358    .17    .68   .099   .810   .253   1.83   .269  -.014   1
 176 TEX07a   1312 1609    298     10      1    .474    .16    .42   .063   .591   .272   1.93   .275   .010   1
 177 TEX09a   1509 1829    321     11      0    .474    .18    .53   .081   .688   .265   1.93   .263   .007   1
 178 TEX26a   1606 1789    184      5      1    .468    .33    .89   .179   .874   .208   1.65   .209   .016   1
 179 TEX26b   1606 1814    209      6      1    .429    .31    .78   .140   .762   .228   2.11   .229   .027   1
 180 tex11a   1450 1639    190      5      0    .520    .28    .92   .158   .802   .254   1.74   .242   .010   1
 181 tex11b   1450 1650    201      6      0    .483    .21    .65   .100   .708   .275   1.67   .255  -.027   1
 182 tex14a   1726 1816     91      1      0    .423    .26    .85   .146   .793   .236   1.85   .256   .002   1
 183 tex14b   1726 1816     91      1      0    .371    .23    .77   .152   .868   .280   2.01   .287  -.009   1
 184 te18a    1288 1605    318     11      0    .526    .20    .50   .085   .664   .249   1.89   .235   .001   1
 185 te18b    1288 1619    332     11      2    .419    .23    .64   .114   .808   .244   1.73   .243  -.014   1
 186 tg01N    1854 2004    151      4      1    .462    .29    .54   .096   .616   .217   1.54   .204   .006   2
 187 tg01S    1829 2004    176      5      0    .502    .35    .63   .118   .715   .193   1.56   .176   .029   0
 188 tg02NW   1468 1819    352     12      4    .433    .34   1.27   .235   .863   .230   3.05   .282  -.014   3
 189 tg02SE   1468 1769    302     10      3    .476    .39   1.54   .274   .885   .230   1.87   .240  -.022   3
 190 tg03E    1682 2004    323     11      0    .622    .31    .77   .114   .707   .212   1.72   .201  -.005   1
 191 tg04S    1648 1969    322     11      2    .586    .30   1.36   .218   .896   .268   2.00   .253   .005   1
 192 tg04N    1663 1949    287     10      0    .710    .31   1.64   .267   .924   .273   1.99   .258  -.003   2
 193 tg05NE   1783 2004    222      7      0    .683    .24    .60   .104   .683   .265   1.82   .231  -.051   0
 194 tg06NE   1563 1879    317     11      0    .698    .14    .94   .164   .949   .285   1.88   .272   .001   1
 195 tg06SW   1544 2004    461     17      2    .605    .20    .85   .135   .846   .262   2.45   .268  -.004   2
 196 tg07N    1685 2004    320     11      0    .577    .23    .69   .110   .837   .214   1.50   .192  -.005   2
 197 tg08W    1514 2004    491     18      0    .698    .25   1.11   .151   .840   .244   1.87   .218  -.011   0
 198 tg08E    1681 2002    322     11      0    .594    .22    .63   .115   .823   .222   1.70   .204   .037   0
 199 tg09NE   1570 2004    435     16      0    .589    .21    .82   .164   .909   .257   1.97   .247   .005   1
 200 tg09SW   1582 2004    423     15      0    .624    .20   1.00   .130   .867   .232   1.88   .217  -.008   1
 201 tg12E    1549 2004    456     17      1    .571    .35   1.46   .289   .935   .196   1.64   .189  -.003   1
 202 tg12W    1549 1800    252      8      0    .604    .48   1.67   .383   .931   .198   1.65   .192   .015   2
 203 tg12SE   1521 2002    482     18      1    .626    .32   1.39   .308   .935   .245   1.66   .218   .004   2
 204 tg12NW   1518 1749    232      8      0    .771    .50   1.37   .293   .875   .207   1.50   .195  -.019   1
 205 tg13     1536 1769    234      7      0    .577    .38   1.31   .234   .834   .252   2.06   .246   .009   1
 206 tg14E    1762 2004    243      8      0    .733    .23    .50   .083   .664   .235   1.61   .200  -.013   0
 207 tg14N    1829 2004    176      5      0    .723    .22    .65   .109   .769   .264   1.85   .226  -.083   0
 208 tg18N    1534 2004    471     17      0    .651    .18    .50   .063   .613   .242   1.85   .205  -.024   0
 209 tg18W    1567 2004    438     16      0    .655    .21    .60   .075   .655   .241   1.87   .220   .003   2
 210 tg20W    1566 2004    439     16      0    .651    .18    .66   .080   .723   .248   1.90   .219   .015   0
 211 TGX01a   1566 1879    314     11      0    .643    .24   1.10   .168   .902   .220   1.98   .216  -.002   3
 212 TGX01b   1566 1829    264      9      0    .686    .20    .96   .148   .915   .236   1.48   .220  -.008   2
 213 TGX02a   1490 1749    260      9      0    .543    .21   1.14   .194   .914   .279   1.85   .264   .013   2
 214 TGX02b   1490 1744    255      8      0    .670    .19   1.02   .175   .919   .270   1.56   .246   .008   1
 215 TGX03a   1528 1859    332     11      0    .631    .15    .44   .067   .671   .272   2.06   .272  -.004   2
 216 TGX03b   1528 1819    292      9      0    .602    .15    .67   .102   .818   .316   2.08   .311   .021   1
 217 TGX04a   1510 1694    185      5      0    .521    .20    .71   .102   .765   .251   1.60   .249  -.017   1
 218 TGX04b   1510 1684    175      5      0    .668    .19    .71   .116   .821   .260   1.72   .263  -.029   1
 219 TGX05a   1485 1886    402     14      7    .400    .21    .70   .123   .815   .291   1.93   .285  -.004   2
 220 TGX05b   1485 1779    295     10      3    .466    .19    .63   .111   .837   .287   1.73   .270   .010   1
 221 TGX06a   1447 1736    290     10      0    .512    .32    .74   .132   .753   .234   1.58   .216   .070   0
 222 TGX06b   1447 1723    277      9      0    .544    .40   1.31   .177   .813   .222   1.61   .212   .003   2
 223 TGX07a   1490 1669    180      5      0    .689    .21   1.16   .165   .861   .249   1.63   .243   .021   1
 224 TGX07b   1490 1669    180      5      0    .683    .23   1.05   .184   .907   .265   1.64   .253   .016   1
 225 TGX08a   1517 1897    381     13      0    .602    .29    .90   .159   .816   .251   1.71   .236   .008   1
 226 TGX08b   1517 1883    367     13      0    .645    .18    .56   .075   .633   .271   2.04   .259   .005   1
 227 TGX09a   1446 1749    304     11      0    .640    .32   2.31   .292   .880   .328   2.28   .318  -.023   3
 228 TGX10a   1453 1543     91      1      0    .578    .54   1.13   .290   .763   .305   1.80   .309   .003   1
 229 TGX10b   1453 1562    110      2      0    .517    .30   1.13   .221   .787   .305   1.91   .289  -.007   1
 230 TGX11a   1488 1799    312     11      0    .576    .15   1.13   .147   .912   .285   2.09   .279  -.001   1
 231 TGX11b   1488 1677    190      6      0    .594    .18   1.03   .161   .905   .243   1.70   .248  -.002   3
 232 tnw01a   1809 2004    196      6      2    .375    .63   1.32   .285   .882   .173   1.46   .176   .009   1
 233 tnw01b   1809 2004    196      6      0    .462    .61   1.34   .271   .868   .186   1.58   .180   .020   1
 234 tnw02a   1909 2004     96      2      0    .487    .60   1.18   .307   .899   .176   1.50   .166   .078   0
 235 tnw02b   1909 2004     96      2      0    .516    .66   1.29   .306   .843   .198   1.52   .175  -.031   0
 236 tnw03a   1775 2004    230      7      0    .529    .49   1.28   .238   .815   .223   1.70   .218  -.017   2
 237 tnw03b   1775 2004    230      7      0    .565    .37   1.15   .188   .809   .258   1.74   .244  -.011   2
 238 tnw04a   1766 2004    239      8      0    .553    .47   1.60   .282   .882   .197   2.13   .195   .080   0
 239 tnw04b   1764 2004    241      8      0    .582    .47   1.44   .273   .896   .179   2.13   .186  -.001   1
 240 tnw05a   1639 1839    201      6      0    .641    .37   1.70   .293   .845   .336   2.64   .322  -.013   3
 241 tnw05b   1642 2004    363     13      0    .652    .22   1.20   .202   .864   .349   2.09   .307  -.001   3
 242 tnw06a   1779 2004    226      7      0    .650    .37   1.23   .233   .863   .267   1.67   .237   .084   0
 243 tnw06b   1770 2004    235      8      0    .641    .29   1.15   .196   .842   .276   1.90   .255  -.006   1
 244 tnw07a   1727 2004    278      9      0    .574    .32    .75   .131   .731   .244   1.71   .229   .002   1
 245 tnw07b   1729 2004    276      9      0    .560    .33    .89   .127   .660   .235   1.71   .235  -.011   1
 246 tnw08a   1719 2004    286     10      0    .690    .32    .97   .161   .796   .251   2.14   .244  -.010   1
 247 tnw08b   1719 2004    286     10      0    .704    .33   1.10   .166   .777   .274   1.88   .265  -.008   1
 248 tnw09a   1633 1859    227      7      0    .616    .41   1.08   .233   .872   .240   1.72   .228  -.007   1
 249 tnw09b   1659 2004    346     12      0    .504    .35   1.25   .237   .899   .226   1.68   .206   .064   0
 250 tnw10    1769 2004    236      8      0    .637    .26    .87   .143   .859   .243   1.59   .214   .038   0
 251 tnw11a   1724 2004    281     10      0    .682    .22    .62   .093   .669   .271   1.94   .255  -.007   1
 252 tnw11b   1789 2004    216      7      0    .680    .19    .46   .080   .660   .313   1.89   .260  -.049   0
 253 tnw16a   1759 2004    246      8      0    .664    .24    .70   .135   .748   .341   2.33   .297   .040   0
 254 tnw16b   1759 2004    246      8      0    .692    .23    .75   .134   .785   .317   1.78   .280   .057   0
 255 tnw17a   1736 2004    269      9      0    .691    .40   1.65   .304   .809   .342   2.05   .311   .018   1
 256 tnw17b   1755 2004    250      8      0    .686    .38   1.17   .287   .853   .349   1.84   .294   .001   0
 257 tnw51E   1839 2004    166      5      0    .610    .26    .60   .087   .571   .233   2.04   .210  -.022   0
 258 tnw51W   1869 2004    136      4      0    .596    .36    .96   .132   .571   .278   1.79   .237   .012   0
 259 TNWX01a  1619 1985    367     13      0    .586    .41   1.35   .244   .845   .251   2.19   .241  -.012   1
 260 TNWX01b  1619 1925    307     11      0    .555    .42   1.10   .217   .784   .269   1.97   .257   .027   1
 261 TNWX02a  1742 1835     94      2      0    .646    .30    .96   .183   .808   .268   1.59   .220  -.086   0
 262 TNWX02b  1742 1842    101      2      0    .706    .33   1.51   .266   .848   .259   1.49   .218  -.020   0
 263 TNWX04a  1783 1983    201      6      0    .562    .34    .74   .122   .671   .215   1.66   .212   .011   1
 264 TNWX04b  1779 1981    203      6      0    .553    .31    .76   .148   .779   .264   1.53   .225   .024   0
 265 TNWX05a  1689 1978    290     10      1    .563    .45   1.12   .218   .822   .236   1.96   .230  -.009   2
 266 TNWX05b  1689 1985    297     10      0    .650    .44   1.58   .266   .824   .251   1.84   .229   .003   3
 267 tr04NW   1494 1829    336     12      3    .495    .30    .78   .105   .580   .241   1.80   .239  -.002   1
 268 tr04SE   1489 1674    186      6      0    .504    .45   1.16   .174   .546   .245   1.92   .265   .007   1
 269 tr05SW   1910 2004     95      2      0    .492    .58   2.45   .458   .891   .248   1.82   .242  -.037   1
 270 tr05NE   1910 2004     95      2      0    .478    .70   2.65   .487   .892   .215   1.51   .221  -.003   1
 271 tr06W    1779 2004    226      7      0    .498    .47   1.50   .225   .864   .182   1.68   .180  -.005   1
 272 tr06E    1779 2004    226      7      0    .505    .45   1.58   .312   .914   .224   1.86   .221  -.013   1
 273 tr07N    1859 2004    146      4      0    .668   1.04   2.45   .432   .704   .241   1.73   .230  -.020   1
 274 tr07S    1859 2004    146      4      0    .678    .64   1.78   .291   .805   .236   1.71   .214   .015   1
 275 tr10NE   1807 2004    198      6      1    .392    .43   1.43   .198   .807   .198   1.66   .212   .021   1
 276 tr10SW   1815 2004    190      6      1    .371    .37    .87   .147   .743   .216   2.22   .234  -.004   2
 277 tr11N    1799 2004    206      7      0    .569    .37   1.96   .295   .951   .192   1.56   .184   .007   1
 278 tr11S    1799 2004    206      6      0    .563    .29   1.92   .304   .976   .191   1.56   .192   .007   3
 279 tr13     1826 2004    179      5      0    .447    .47   1.01   .156   .694   .195   1.73   .194  -.007   3
 280 tr15     1665 1829    165      5      0    .620    .29   1.82   .258   .876   .307   1.65   .272  -.011   3
 281 tr16N    1725 2004    280      9      0    .609    .23   1.60   .226   .884   .330   2.29   .303  -.023   3
 282 tr16S    1725 2002    278      9      0    .604    .32   1.53   .200   .768   .308   2.21   .296  -.004   2
 283 tr21N    1729 2004    276      9      0    .679    .45   1.43   .201   .729   .255   1.69   .244  -.006   2
 284 tr21S    1729 2004    276      9      0    .647    .49   1.19   .225   .781   .231   1.62   .222   .007   3
 285 tr22S    1759 2004    246      8      0    .577    .83   1.88   .324   .793   .194   1.82   .188  -.004   1
 286 tr22E    1749 2004    256      9      1    .536    .81   1.99   .397   .826   .202   2.07   .203   .017   1
 287 tr23E    1896 2004    109      3      0    .620   1.23   2.32   .325   .530   .205   1.55   .188   .112   0
 288 tr24N    1906 2004     99      2      0    .687    .93   1.33   .184   .347   .186   1.42   .175   .024   2
 289 tr25W    1779 2004    226      7      1    .599    .57   1.89   .374   .880   .267   1.68   .248  -.011   2
 290 tr25E    1779 1957    179      5      0    .638    .47   1.33   .297   .899   .232   1.54   .219   .007   2
 291 tr31W    1719 2004    286     10      0    .637    .50   1.64   .215   .746   .235   1.87   .213   .014   3
 292 tr32E    1611 2004    394     14      0    .632    .24    .80   .109   .717   .249   1.88   .253  -.019   3
 293 tr32W    1611 2004    394     14      0    .635    .22   1.00   .117   .785   .254   1.78   .243  -.048   3
 294 tr32N    1749 2004    256      8      0    .659    .27    .53   .075   .384   .251   1.74   .221   .005   2
 295 tr33A    1707 2004    298     10      0    .498    .24    .90   .135   .804   .257   1.86   .246  -.005   2
 296 tr33B    1707 2004    298     10      1    .476    .22   1.01   .192   .907   .246   1.85   .235   .009   1
 297 TRX01B   1431 1651    221      7      1    .485    .41   1.43   .267   .882   .248   1.89   .249  -.006   1
 298 TRX01A   1429 1663    235      7      1    .498    .62   2.01   .316   .822   .231   1.64   .219   .003   2
 299 TSX00a   1704 1865    162      4      0    .518    .35    .97   .206   .864   .242   1.56   .225   .030   3
 300 TSX00b   1706 1849    144      4      0    .598    .39   1.08   .204   .842   .222   1.67   .215  -.001   1
 301 TSX02a   1643 1825    183      6      2    .420    .20    .35   .061   .531   .230   1.53   .213   .006   1
 302 TSX02b   1643 1819    177      5      0    .402    .26    .60   .097   .642   .247   1.57   .227   .107   0
 303 TSX03    1628 1799    172      5      4    .350    .16    .41   .093   .820   .274   2.34   .294   .007   2
 304 TSX05a   1627 1842    216      6      2    .428    .26    .71   .157   .856   .259   2.37   .267   .040   1
 305 TSX05b   1627 1854    228      7      1    .434    .20    .51   .117   .841   .250   2.32   .275   .030   1
 306 TSX06a   1643 1799    157      5      2    .405    .20    .46   .098   .756   .279   2.06   .275  -.017   1
 307 TSX06b   1643 1794    152      4      1    .470    .25    .71   .169   .848   .255   1.87   .253  -.010   1
 308 TSX08a   1420 1615    196      6      1    .587    .28    .69   .131   .763   .256   1.83   .254   .016   1
 309 TSX08b   1419 1631    213      7      3    .447    .25    .62   .101   .631   .283   1.95   .267  -.016   3
 310 TSX09a   1345 1500    156      5      0    .672    .26    .63   .102   .572   .275   1.69   .252  -.014   2
 311 TSX09b   1345 1509    165      5      0    .582    .21    .59   .107   .769   .259   1.84   .246   .004   1
 312 TSX11a   1442 1793    352     12      6    .394    .16    .50   .064   .686   .250   2.54   .264  -.007   1
 313 TSX11b   1442 1808    367     13      3    .413    .16    .50   .058   .705   .212   2.02   .225   .014   1
 314 tw01     1903 2004    102      2      0    .522   1.07   2.32   .500   .729   .272   1.68   .264  -.020   1
 315 tw03a    1838 2004    167      5      0    .725    .28    .61   .086   .253   .284   1.86   .248  -.084   0
 316 tw03b    1839 2004    166      5      0    .756    .29    .51   .089   .335   .280   1.71   .234  -.079   0
 317 tw05a    1829 2004    176      5      0    .532    .38    .92   .164   .692   .262   1.70   .233  -.013   2
 318 tw05b    1801 2004    204      6      0    .521    .39    .80   .146   .697   .243   1.66   .221  -.008   2
 319 tw11a    1809 2004    196      6      0    .587    .41    .95   .167   .761   .228   1.60   .210   .006   3
 320 tw11b    1809 2004    196      6      0    .518    .38   1.41   .159   .624   .234   2.24   .226   .013   1
 321 tw12a    1679 2002    324     11      0    .636    .41   1.40   .230   .867   .210   1.82   .195   .047   0
 322 tw12b    1697 2004    308     11      0    .584    .38   1.00   .208   .890   .212   1.72   .184  -.005   1
 323 tw13a    1799 2004    206      7      0    .574    .64   1.55   .267   .818   .204   1.49   .180   .020   0
 324 tw13b    1779 2004    226      7      1    .607    .63   1.63   .246   .762   .206   1.54   .185   .016   0
 325 tw14a    1658 2004    347     12      0    .653    .36   1.81   .217   .891   .225   2.06   .213  -.023   3
 326 tw14b    1658 2004    347     12      0    .719    .36   1.92   .225   .876   .232   1.85   .219  -.022   3
 327 tw15b    1688 2004    317     11      0    .595    .21   1.01   .157   .881   .282   1.82   .260   .014   2
 328 tw15a    1654 2004    351     12      0    .645    .29   2.00   .260   .921   .257   1.89   .245  -.000   2
 329 tw16a    1874 2004    131      3      1    .553    .77   1.61   .343   .893   .174   1.53   .165   .007   2
 330 tw16b    1874 2004    131      4      0    .588    .54   1.33   .307   .862   .226   1.66   .219  -.012   1
 331 tw17a    1740 2004    265      9      0    .547    .33    .99   .140   .826   .189   1.72   .195   .015   1
 332 tw17b    1699 2004    306     11      1    .496    .39   1.17   .173   .719   .232   1.72   .231   .006   1
 333 tw17c    1699 2004    306     11      0    .578    .28    .97   .129   .798   .209   1.91   .202   .002   1
 334 tw32     1834 2004    171      5      0    .615    .30    .64   .110   .794   .183   1.71   .181  -.014   1
 335 tw33a    1839 2004    166      5      0    .653    .29    .52   .101   .668   .240   1.61   .209  -.002   2
 336 tw33b    1838 2004    167      5      0    .690    .32    .65   .127   .715   .238   1.91   .220   .008   2
 337 tw35c    1775 2004    230      8      0    .598    .24    .55   .093   .695   .243   1.53   .211   .037   0
 338 tw35b    1722 2004    283     10      0    .643    .27    .71   .102   .727   .221   1.79   .204  -.000   1
 339 tw35a    1731 2004    274      9      0    .650    .25    .53   .087   .603   .243   1.61   .219  -.000   2
 340 tw41N    1823 2004    182      5      0    .584    .30    .75   .132   .764   .240   1.63   .224  -.028   3
 341 tw41S    1823 2004    182      6      0    .602    .36    .94   .211   .876   .234   1.65   .230   .016   2
 342 tw43N    1841 2004    164      5      0    .657    .39    .87   .165   .800   .189   1.57   .170   .009   3
 343 tw43NW   1858 2004    147      4      0    .649    .33    .82   .127   .715   .225   1.65   .196   .090   0
 344 tw44E    1854 2004    151      4      0    .550    .43   1.03   .201   .688   .251   1.88   .260   .005   1
 345 tw44W    1839 2004    166      5      0    .554    .25    .62   .101   .666   .244   1.83   .238   .016   1
 346 tw45W    1829 2004    176      5      0    .674    .47    .92   .165   .724   .207   1.56   .195   .006   2
 347 tw45E    1830 2004    175      5      0    .719    .38    .86   .164   .743   .228   1.61   .221  -.013   1
 348 tw46SE   1734 1979    246      8      0    .657    .34   1.20   .285   .894   .278   1.83   .252   .001   2
 349 tw46NW   1734 2004    271      9      0    .655    .33   1.06   .216   .833   .295   1.67   .265   .071   0
 350 TWX01a   1662 1883    222      7      1    .516    .37    .95   .190   .772   .252   2.14   .260  -.021   3
 351 TWX01b   1662 1877    216      7      0    .432    .32    .98   .188   .848   .243   2.06   .241   .003   3
 352 hca1     1636 1925    290     10      0    .562    .28   1.74   .308   .931   .292   1.97   .284  -.001   1
 353 hca2     1636 1925    290     10      0    .552    .25   1.35   .260   .922   .285   1.98   .274  -.009   1
 354 hcb1     1548 1870    323     10      0    .600    .17    .55   .086   .880   .197   1.67   .202  -.009   3
 355 hcb2     1549 1866    318     11      0    .505    .17    .47   .081   .844   .213   1.66   .210   .000   1
 356 hcc1     1396 1749    354     13      0    .662    .21    .61   .107   .811   .249   1.82   .236   .004   2
 357 hcc2     1396 1702    307     11      0    .665    .17    .62   .104   .836   .280   1.86   .275  -.000   1
 358 hrb1     1488 1800    313     11      0    .578    .31    .95   .137   .804   .208   1.75   .218   .002   1
 359 hrb2     1488 1810    323     11      0    .664    .33    .95   .113   .708   .199   1.70   .189   .005   3
 360 hrc1     1525 1835    311     10      0    .623    .29    .72   .109   .704   .214   1.55   .206   .004   2
 361 hrc2     1524 1829    306     10      0    .646    .26    .76   .095   .708   .211   1.58   .198  -.007   3
 362 sha1     1647 1886    240      8      0    .586    .41    .96   .186   .671   .279   1.97   .273  -.002   1
 363 sha2     1647 1890    244      8      1    .540    .30   1.14   .157   .726   .267   1.75   .266  -.017   1
 364 826011   1491 1984    494     18      0    .541    .22    .65   .117   .887   .193   1.62   .189   .010   1
 365 826012   1595 1984    390     14      0    .542    .22   1.18   .146   .892   .201   2.00   .204   .011   2
 366 826013   1595 1952    358     13      0    .577    .27    .82   .147   .910   .180   1.55   .182  -.004   1
 367 826021   1621 1984    364     13      0    .696    .33    .73   .117   .702   .208   1.79   .209  -.003   1
 368 826022   1510 1984    475     17      1    .627    .36    .94   .141   .748   .211   1.64   .208  -.001   3
 369 826051   1645 1984    340     12      0    .632    .49   1.04   .168   .731   .195   1.62   .182   .007   1
 370 826052   1725 1984    260      8      0    .612    .30    .86   .120   .787   .205   1.69   .181   .043   3
 371 826061   1599 1970    372     13      0    .651    .45   1.08   .205   .718   .264   2.28   .262   .003   1
 372 826062   1576 1950    375     13      0    .644    .41   1.23   .206   .733   .269   2.29   .260  -.004   1
 373 826081   1668 1984    317     11      0    .718    .36    .92   .186   .831   .227   1.69   .194  -.002   2
 374 826082   1667 1984    318     11      0    .735    .38    .86   .171   .814   .219   1.84   .186  -.063   0
 375 826091   1625 1975    351     12      0    .617    .32   1.18   .241   .864   .273   1.86   .258  -.003   1
 376 826092   1625 1984    360     12      0    .609    .30   1.06   .179   .827   .275   2.39   .267   .006   2
 377 826121   1645 1890    246      8      0    .538    .29   1.23   .168   .896   .200   2.11   .221   .021   1
 378 826122   1645 1949    305     11      0    .625    .30   1.16   .127   .809   .186   1.92   .185  -.012   2
 379 826131   1512 1984    473     17      0    .665    .22    .79   .108   .819   .248   1.82   .216  -.019   0
 380 826132   1512 1984    473     17      0    .686    .22    .72   .136   .873   .257   1.77   .235  -.004   1
 381 826151   1700 1984    285      9      0    .696    .29    .69   .122   .803   .197   1.65   .183   .003   1
 382 826161   1564 1984    421     15      0    .617    .31   1.20   .190   .915   .221   1.71   .216  -.007   1
 383 826162   1563 1984    422     15      0    .662    .26   1.36   .196   .931   .218   1.62   .215   .003   1
 384 826171   1668 1984    317     11      0    .702    .32    .82   .112   .664   .218   1.68   .195  -.004   0
 385 826172   1670 1984    315     11      0    .709    .37    .98   .123   .618   .208   1.91   .203   .000   1
 386 826181   1680 1984    305     10      0    .593    .36   1.29   .228   .909   .182   1.52   .171  -.007   2
 387 826201   1600 1984    385     13      0    .722    .29    .69   .107   .555   .271   1.82   .254   .002   1
 388 826211   1665 1984    320     11      0    .645    .23   1.34   .160   .861   .264   1.90   .238   .049   0
 389 826221   1588 1984    397     14      0    .681    .31    .71   .134   .792   .208   1.62   .201   .004   1
 390 826231   1564 1984    421     15      0    .595    .26    .98   .145   .886   .213   1.68   .192   .005   1
 391 826241   1769 1984    216      7      0    .620    .53   1.21   .213   .769   .218   1.63   .195   .021   0
 392 826242   1800 1984    185      5      0    .689    .53   1.34   .196   .742   .194   1.75   .185   .006   2
 393 826251   1565 1984    420     15      0    .741    .27    .65   .088   .597   .220   1.57   .198   .040   0
 394 826252   1565 1984    420     15      0    .725    .21    .39   .055   .434   .212   1.59   .190   .038   0
 395 286253   1580 1984    405     14      0    .694    .19    .46   .059   .572   .223   1.76   .207   .002   1
 396 826254   1580 1984    405     14      0    .754    .24    .47   .073   .534   .227   1.56   .197  -.033   0
 397 826271   1512 1966    455     16      1    .544    .21    .51   .081   .720   .224   1.77   .219   .000   1
 398 826272   1512 1984    473     17      0    .594    .20    .69   .106   .815   .236   1.71   .224  -.004   1
 399 826282   1497 1955    459     17      0    .625    .26    .90   .130   .835   .214   1.63   .211  -.006   1
 400 826291   1567 1984    418     15      0    .664    .23    .57   .078   .566   .251   1.62   .225   .066   0
 401 826292   1549 1984    436     16      0    .646    .17    .63   .083   .781   .252   1.72   .230   .046   0
 402 826311   1621 1984    364     13      0    .684    .27    .61   .090   .732   .194   1.60   .182   .008   1
 403 826312   1579 1984    406     14      0    .641    .18    .42   .061   .661   .200   2.11   .200  -.009   1
 404 826401   1645 1984    340     12      0    .641    .34   1.48   .234   .862   .218   1.64   .200  -.004   1
 405 826402   1667 1984    318     11      0    .594    .35   1.51   .213   .862   .234   1.58   .213   .070   0
 --- -------- ---------  -----  -----  -----   ------ -----  -----  -----  -----  -----  -----  -----  -----  --
 Total or mean:         106595   3514    146    .589    .29   2.65   .149   .770   .241   3.13   .231   .003

 DATA CHECKS (rwl.check): cana318
-----------------------------------------------------------------------------------------------------------------------------------
 rwl.check: data_files/treering/measurements/northamerica/canada/cana318.rwl
 405 series, 106595 measurements, 1288-2004, 0.01 mm precision
 0 error(s), 1 warning(s), 1 note(s)
 -------------
 WARNING
   RWL_MIXED_EOL (1)
     line endings are not consistent: 11148 carriage return(s) against 11151 line feed(s); mixed endings can defeat a reader
 1 note(s) not shown; see rwl.check() or the 'check' element of this report.

 NOTES
-----------------------------------------------------------------------------------------------------------------------------------
 Report generated using dplR 1.8.1 (R 4.5.2) on 2026-10-01 16:52 PDT.
 Measurement file cana318.rwl, MD5 89fe988b5e8f0f05f048c0f7ea5ffa60.
 Filtering: each series divided by a 32-year smoothing spline (caps()), then prewhitened with
   an AR model (order by AIC, at most 3).
 Master: biweight robust mean of the other series (leave-one-out).
 Correlation: Pearson, one-tailed, pcrit = 0.01; critical r = 0.3281 for 50-year segments.
 Segments: 50 years, lagged 25, first segment floored to 100. Lags searched: +/- 10 years.
 A segment is tested only where the series and the master cover all of it, at the dated
   position and at every lag. COFECHA also tests partial segments at the ends of a series, so
   series here may show fewer segments, and no flags can be raised at the ends of the record.
 Lags follow COFECHA: negative means rings are probably missing from the series, positive means
   false rings. A missing ring carries its lag into every segment before it, so look where the
   lag changes along a series. A B flag is a hypothesis to check on the wood; the gain says how
   seriously to take it.
 A B flag marked "weak at every lag" correlates under the critical value even at its best lag:
   the segment is weak wherever it is placed, and the shift is not evidence of a dating error.
   Treat it as a low correlation, like an A.
 Averages in the summary and the totals are weighted by the number of years in each series, as
   COFECHA's are.
 Unfiltered block and mean sensitivity: the measurements as read, and sens1().
 dplR filtered block: the series that was correlated, after filtering. COFECHA's filtered
   series is defined differently, so these three columns are not COFECHA's numbers.
 AR: order of the AR model used to prewhiten.
