
 COFECHA-style crossdating report: cana314
 Report generated using dplR 1.8.1 (R 4.5.2) on 2026-10-01 16:52 PDT
 Built with dplR's xdate.report(), not COFECHA; see the notes at the end.


      Measurement file name  : cana314.rwl
      MD5 of measurement file: 1ee1a0b6c9c2034af221be315bfc3ef4
      Date checked           : 01OCT26
      Beginning year         : 1046
      Ending year            : 2003
      Principal investigators: Jacoby, G.C.; D'Arrigo, R.D.; Buckley, B.M.
      Site name              : Coppermine River
      Species information    : PCMA Picea mariana (Mill.) Britton, Sterns, & Poggenb.
      Latitude               : 67.2300 N
      Longitude              : 115.9200 W
      Elevation              : 213 m

      Series intercorrelation: 0.637
      Avg mean sensitivity   : 0.247
      Avg standard deviation : 0.141
      Avg autocorrelation    : 0.738
      Number dated series    : 427
      Segment length tested  : 50

      Number problem segments: 30  (A 15, B 15; 6 of the B weak at every lag)
      Pct problem segments   : 0.85


 CORRELATION OF SERIES BY SEGMENTS: cana314
-----------------------------------------------------------------------------------------------------------------------------------
 Correlations of  50-year dated segments, lagged  25 years
 Flags:  A = correlation under   .3281 but highest as dated;  B = correlation higher at other than dated position

 Seq Series  Time_span  1100 1125 1150 1175 1200 1225 1250 1275 1300 1325 1350 1375 1400 1425 1450 1475 1500 1525 1550 1575 
                        1149 1174 1199 1224 1249 1274 1299 1324 1349 1374 1399 1424 1449 1474 1499 1524 1549 1574 1599 1624 
 --- -------- ---------  ---- ---- ---- ---- ---- ---- ---- ---- ---- ---- ---- ---- ---- ---- ---- ---- ---- ---- ---- ---- 
  11 825041   1535 1977                                                                                            .72  .74 
  12 825042   1535 1977                                                                                            .72  .69 
  13 825043   1549 1977                                                                                            .74  .80 
  14 825044   1549 1977                                                                                            .74  .70 
  19 825071   1562 1977                                                                                                 .67 
  26 825101   1519 1977                                                                                       .76  .69  .66 
  28 825104   1521 1977                                                                                       .76  .70  .62 
  41 825152   1573 1977                                                                                                 .36 
  42 825153   1573 1977                                                                                                 .44 
  72 CM1-3    1551 1640                                                                                                 .66 
  74 CM5-3    1488 1640                                                                                  .64  .72  .67  .63 
  78 CM9-1    1560 1640                                                                                                 .67 
  84 cx102a   1414 1697                                                                   .63  .59  .49  .53  .68  .77  .64 
  85 cx102b   1414 1719                                                                   .60  .55  .49  .50  .60  .71  .42 
  86 cx103a   1513 1814                                                                                       .69  .55  .39 
  87 cx103b   1520 1817                                                                                       .64  .62  .50 
  88 cx104a   1364 1576                                                         .72  .69  .72  .63  .48  .58  .70           
  89 cx104b   1364 1566                                                         .59  .61  .68  .60  .45  .58                
 119 cx402a   1529 1630                                                                                            .73  .73 
 120 cx402b   1529 1635                                                                                            .70  .76 
 121 cx404a   1485 1635                                                                                  .70  .61  .62  .68 
 122 cx404b   1499 1639                                                                                  .73  .59  .61  .65 
 123 cx405a   1391 1649                                                              .40  .51  .60  .39  .45  .59  .73  .71 
 124 cx405b   1391 1612                                                              .35  .48  .58  .30A .35  .48  .73      
 125 cx406a   1474 1616                                                                             .45  .68  .71  .71      
 126 cx406b   1474 1609                                                                             .41  .58  .54  .70      
 127 cx407a   1475 1706                                                                                  .67  .71  .65  .60 
 128 cx407b   1475 1696                                                                                  .51  .54  .61  .64 
 129 cx408a   1179 1385                      .46  .64  .67  .51  .41  .65                                                   
 130 cx408b   1179 1379                      .66  .71  .71  .61  .57  .71                                                   
 131 cx409a   1196 1594                      .42  .41  .65  .66  .68  .74  .76  .69  .71  .73  .52  .39  .58  .66           
 132 cx409b   1196 1609                      .52  .46  .65  .68  .77  .77  .68  .62  .68  .74  .71  .53  .59  .62  .68      
 133 cx410a   1524 1769                                                                                       .50  .61  .72 
 134 cx410b   1524 1819                                                                                       .56  .59  .63 
 135 cx411a   1288 1652                                          .56  .58  .67  .72  .78  .68  .52  .42  .56  .73  .69  .68 
 136 cx411b   1288 1655                                          .42  .56  .67  .65  .64  .69  .71  .70  .72  .63  .56  .59 
 137 cx412a   1181 1561                      .60  .69  .73  .62  .66  .76  .68  .64  .82  .66  .53  .46  .56                
 138 cx412b   1181 1585                      .30B .69  .72  .65  .71  .68  .65  .64  .69  .69  .62  .52  .55  .61           
 139 cx413a   1395 1683                                                              .64  .68  .77  .74  .77  .81  .86  .76 
 140 cx413b   1395 1722                                                              .52  .71  .75  .56  .64  .78  .82  .74 
 141 cx414a   1046 1389  .42  .49  .54  .56  .70  .77  .75  .72  .71  .67                                                   
 142 cx414b   1046 1357  .42  .49  .50  .42  .58  .72  .68  .71  .62                                                        
 145 cx416a   1523 1784                                                                                       .59  .63  .61 
 146 cx416b   1523 1812                                                                                       .61  .64  .73 
 153 cx420a   1502 1678                                                                                       .74  .69  .62 
 154 cx420b   1502 1617                                                                                       .76  .73      
 155 cx421a   1489 1649                                                                                  .68  .73  .70  .69 
 156 cx421b   1489 1660                                                                                  .63  .76  .67  .66 
 159 cx502a   1448 1728                                                                        .43  .38  .42  .49  .69  .67 
 160 cx502b   1448 1723                                                                        .58  .50  .45  .53  .59  .58 
 167 cx603a   1500 1712                                                                                       .54  .70  .72 
 168 cx603b   1500 1697                                                                                       .59  .76  .77 
 190 cx619a   1550 1832                                                                                                 .72 
 191 cx619b   1550 1851                                                                                                 .61 
 194 cr6d01   1547 1803                                                                                            .76  .70 
 311 cr722a   1542 1919                                                                                            .57  .61 
 312 cr722b   1542 1919                                                                                            .58  .64 
 315 cr723c   1556 2003                                                                                                 .77 
 316 cr723d   1556 2003                                                                                                 .72 
 346 cr739a   1406 2003                                                                   .63  .61  .73  .67  .69  .73  .64 
 347 cr739b   1406 1783                                                                   .50  .44  .57  .68  .70  .70  .71 
 358 cx805a   1488 1859                                                                                  .49  .55  .63  .67 
 359 cx805b   1488 1850                                                                                  .63  .69  .47  .45 
 361 cx806b   1534 1886                                                                                            .47  .47 
 362 cx807a   1544 1790                                                                                            .64  .63 
 363 cx807b   1544 1779                                                                                            .70  .75 
 364 cx808a   1450 1847                                                                             .60  .56  .53  .61  .65 
 365 cx808b   1419 1835                                                                   .40  .51  .51  .61  .62  .74  .77 
 366 cx809a   1510 1842                                                                                       .61  .75  .71 
 367 cx809b   1510 1812                                                                                       .66  .69  .62 
 370 cx811a   1569 1894                                                                                                 .76 
 371 cx811b   1569 1844                                                                                                 .70 
 372 cx812a   1536 1802                                                                                            .70  .72 
 373 cx812b   1536 1803                                                                                            .71  .68 
 374 cx813a   1510 1807                                                                                       .66  .62  .41 
 375 cx813b   1510 1785                                                                                       .49  .67  .60 
 376 cx814a   1506 1854                                                                                       .69  .78  .71 
 377 cx814b   1506 1837                                                                                       .59  .72  .69 
 378 cx815a   1489 1842                                                                                  .58  .72  .68  .62 
 379 cx815b   1489 1835                                                                                  .53  .67  .69  .65 
 382 cx817a   1504 1811                                                                                       .74  .72  .70 
 383 cx817b   1504 1801                                                                                       .72  .65  .70 
 384 cx818a   1419 1835                                                                   .39  .36  .55  .57  .55  .58  .50 
 385 cx818b   1419 1850                                                                   .47  .53  .59  .46  .40  .32A .38B
 386 cx819a   1457 1835                                                                             .48  .50  .69  .73  .66 
 387 cx819b   1457 1835                                                                             .45  .47  .68  .62  .54 
 Av segment correlation  .42  .49  .52  .49  .53  .64  .70  .64  .61  .68  .68  .66  .63  .61  .58  .50  .58  .64  .67  .64 

 CORRELATION OF SERIES BY SEGMENTS: cana314
-----------------------------------------------------------------------------------------------------------------------------------
 Correlations of  50-year dated segments, lagged  25 years
 Flags:  A = correlation under   .3281 but highest as dated;  B = correlation higher at other than dated position

 Seq Series  Time_span  1600 1625 1650 1675 1700 1725 1750 1775 1800 1825 1850 1875 1900 1925 1950 
                        1649 1674 1699 1724 1749 1774 1799 1824 1849 1874 1899 1924 1949 1974 1999 
 --- -------- ---------  ---- ---- ---- ---- ---- ---- ---- ---- ---- ---- ---- ---- ---- ---- ---- 
   1 825011   1616 1977       .57  .67  .71  .78  .78  .74  .74  .47  .48  .76  .77  .67  .65      
   2 825012   1616 1977       .69  .65  .51  .58  .69  .68  .73  .35  .38  .68  .79  .86  .84      
   3 825013   1611 1977       .80  .73  .59  .61  .68  .57  .44  .15B .28B .65  .80  .84  .76      
   4 825014   1611 1977       .66  .67  .53  .48  .70  .66  .67  .57  .57  .72  .81  .71  .52      
   5 825022   1643 1977            .67  .66  .67  .66  .71  .67  .59  .66  .67  .62  .68  .54      
   6 825031   1645 1977            .71  .72  .69  .68  .75  .78  .69  .78  .85  .83  .83  .77      
   7 825032   1666 1977                 .67  .70  .77  .66  .62  .57  .66  .71  .68  .76  .70      
   8 825033   1666 1977                 .67  .78  .82  .73  .67  .70  .77  .81  .83  .84  .73      
   9 825034   1625 1977            .61  .56  .68  .68  .60  .66  .60  .67  .78  .76  .81  .76      
  10 825035   1625 1977            .69  .71  .79  .82  .79  .67  .60  .77  .76  .72  .64  .61      
  11 825041   1535 1977  .74  .70  .62  .64  .69  .76  .82  .73  .76  .81  .82  .81  .82  .73      
  12 825042   1535 1977  .66  .68  .71  .72  .68  .71  .78  .71  .73  .83  .84  .82  .78  .71      
  13 825043   1549 1977  .67  .63  .61  .65  .66  .75  .82  .74  .76  .80  .79  .80  .81  .71      
  14 825044   1549 1977  .62  .70  .68  .59  .56  .57  .67  .70  .70  .80  .78  .76  .71  .64      
  15 825051   1658 1977                 .76  .72  .74  .80  .82  .81  .84  .81  .80  .74  .51      
  16 825052   1658 1954                 .70  .72  .71  .82  .74  .55  .56  .60  .75  .44           
  17 825061   1660 1977                 .51  .66  .69  .78  .78  .61  .62  .70  .64  .63  .59      
  18 825062   1660 1977                 .61  .69  .81  .83  .73  .66  .76  .69  .72  .78  .55      
  19 825071   1562 1977  .56  .68  .74  .74  .79  .83  .76  .66  .81  .81  .73  .78  .68  .48      
  20 825072   1582 1977  .54  .28B .55  .81  .76  .74  .59  .54  .76  .77  .73  .79  .75  .55      
  21 825073   1582 1977  .62  .67  .76  .78  .78  .81  .53  .43  .77  .78  .75  .74  .71  .57      
  22 825074   1664 1977                 .67  .74  .80  .77  .33  .37  .78  .78  .76  .68  .52      
  23 825081   1667 1977                 .66  .74  .77  .72  .70  .68  .62  .55  .65  .66  .39      
  24 825091   1671 1977                 .69  .73  .69  .63  .55  .51  .49  .57  .62  .60  .52      
  25 825092   1669 1977                 .67  .70  .81  .79  .70  .51  .47  .60  .75  .73  .67      
  26 825101   1519 1977  .48  .57  .59  .56  .67  .78  .79  .63  .54  .54  .64  .74  .68  .53      
  27 825103   1650 1977            .71  .73  .78  .73  .72  .62  .62  .55  .58  .81  .59  .50      
  28 825104   1521 1977  .53  .69  .70  .69  .77  .76  .75  .65  .66  .65  .67  .84  .82  .67      
  29 825111   1667 1977                 .41  .72  .80  .75  .78  .74  .69  .69  .76  .66  .48      
  30 825112   1658 1977                 .64  .77  .79  .81  .75  .62  .65  .68  .73  .71  .57      
  31 825113   1658 1977                 .49  .66  .71  .72  .75  .66  .68  .72  .69  .63  .52      
  32 825114   1658 1977                 .51  .70  .71  .67  .67  .67  .75  .79  .69  .52  .45      
  33 825121   1584 1977  .42  .43  .52  .62  .64  .66  .67  .57  .68  .76  .75  .80  .74  .57      
  34 825122   1630 1977            .68  .66  .66  .71  .63  .51  .65  .72  .69  .75  .70  .42      
  35 825123   1595 1977  .68  .79  .58  .56  .60  .64  .69  .61  .68  .53  .41  .74  .73  .58      
  36 825124   1583 1977  .53  .60  .62  .56  .38  .50  .67  .60  .73  .78  .74  .79  .87  .67      
  37 825125   1581 1977  .39  .51  .74  .72  .64  .61  .67  .70  .70  .66  .68  .80  .75  .45      
  38 825141   1771 1977                                     .60  .60  .68  .68  .74  .77  .54      
  39 825142   1771 1977                                     .60  .59  .62  .46  .59  .78  .43      
  40 825151   1658 1977                 .54  .61  .63  .70  .75  .77  .80  .69  .69  .71  .59      
  41 825152   1573 1977  .43  .80  .71  .66  .72  .78  .77  .78  .78  .73  .72  .75  .70  .40      
  42 825153   1573 1977  .45  .71  .65  .68  .53  .59  .78  .72  .69  .77  .80  .81  .77  .58      
  43 825161   1772 1977                                     .66  .79  .80  .83  .72  .55  .60      
  44 825162   1772 1977                                     .71  .82  .78  .77  .76  .63  .62      
  45 825163   1709 1977                           .68  .68  .67  .52  .52  .68  .67  .68  .68      
  46 825164   1709 1977                           .72  .61  .60  .46  .55  .61  .61  .73  .54      
  47 825221   1590 1977  .75  .74  .71  .74  .56  .55  .68  .73  .76  .73  .69  .75  .78  .69      
  48 825222   1577 1977  .64  .70  .56  .64  .63  .70  .74  .74  .63  .58  .65  .65  .65  .62      
  49 813011   1734 1977                                .68  .68  .73  .77  .86  .84  .86  .80      
  50 813012   1734 1971                                .74  .81  .77  .75  .78  .80  .84           
  51 813013   1753 1977                                     .59  .60  .69  .73  .73  .72  .72      
  52 813014   1751 1977                                     .76  .66  .69  .82  .78  .71  .71      
  53 813021   1743 1977                                .65  .67  .70  .72  .65  .53  .52  .52      
  54 813022   1725 1977                                .58  .74  .75  .67  .66  .75  .78  .56      
  55 813041   1625 1977            .38  .50  .59  .62  .75  .78  .77  .77  .76  .76  .80  .74      
  56 813042   1688 1977                      .55  .63  .73  .72  .67  .67  .77  .84  .81  .74      
  57 813043   1656 1977                 .29A .42  .40  .66  .75  .78  .85  .79  .72  .78  .81      
  58 813044   1650 1977                 .48  .66  .67  .80  .83  .81  .74  .72  .77  .78  .79      
  59 813051   1757 1977                                     .56  .51  .62  .69  .75  .82  .83      
  60 813061   1775 1977                                     .76  .78  .75  .70  .71  .72  .75      
  61 813062   1775 1977                                          .74  .72  .71  .70  .71  .74      
  62 813071   1675 1977                      .66  .74  .84  .79  .76  .80  .56  .48  .67  .67      
  63 813081   1780 1977                                          .70  .70  .79  .76  .74  .64      
  64 813091   1625 1977       .59  .63  .76  .75  .72  .67  .59  .65  .70  .73  .66  .61  .57      
  65 813121   1748 1960                                .60  .55  .61  .66  .77  .76  .71           
  66 813141   1725 1977                           .67  .64  .58  .71  .60  .36  .59  .74  .63      
  67 813142   1725 1977                                .70  .75  .64  .53  .51  .65  .65  .45      
  68 813151   1725 1977                                .63  .65  .58  .41  .43  .67  .67  .55      
  70 CM1-2B   1766 1835                                     .83                                    
  71 CM1-2C   1838 1977                                                    .66  .73  .74  .73      
  73 CM1-3B   1643 1816            .62  .56  .56  .65  .78                                         
  75 CM5-3B   1643 1792            .54  .67  .71  .67                                              
  76 CM6-2    1735 1977                                .67  .79  .80  .76  .72  .80  .86  .76      
  77 ALL      1761 1977                                     .82  .73  .73  .67  .69  .78  .62      
  79 CM9-1B   1643 1977            .67  .79  .80  .73  .71  .75  .74  .73  .69  .74  .73  .61      
  80 CM092    1605 1825       .64  .58  .57  .60  .63  .68  .60                                    
  81 CM12-1   1722 1827                           .75  .80  .84                                    
  82 cx101a   1709 1960                           .79  .78  .41  .35  .63  .74  .70  .52           
  83 cx101b   1709 1958                           .80  .73  .57  .53  .68  .72  .68  .63           
  84 cx102a   1414 1697  .57  .70                                                                  
  85 cx102b   1414 1719  .28B .52  .74                                                             
  86 cx103a   1513 1814  .45  .70  .72  .66  .51  .61  .73                                         
  87 cx103b   1520 1817  .46  .65  .67  .66  .65  .75  .74                                         
  90 cx105a   1833 1973                                                    .64  .65  .64           
  91 cx105b   1833 1975                                                    .59  .56  .54  .59      
  92 cx106a   1852 1969                                                         .46  .54           
  93 cx106b   1852 1969                                                         .53  .57           
  94 cx107a   1844 1965                                                    .30A .50  .46           
  95 cx107b   1850 1955                                                         .60  .62           
  96 cx108a   1830 1961                                                    .41  .56  .62           
  97 cx108b   1830 1960                                                    .30A .61  .69           
  98 cx201a   1600 1818       .58  .39  .46  .63  .62  .46                                         
  99 cx201b   1643 1827            .44  .52  .51  .60  .67  .56                                    
 100 cx202a   1734 1835                                .67  .73                                    
 101 cx202b   1734 1845                                .74  .78                                    
 102 cx203b   1726 1851                                .80  .73  .20B                              
 103 cx204a   1729 1925                                .76  .70  .56  .46  .50  .63                
 104 cx204b   1729 1901                                .73  .54  .45  .56  .59                     
 105 cx205a   1761 1920                                     .36  .40  .59  .50                     
 106 cx205b   1761 1920                                     .45  .42  .44  .44                     
 107 cx301a   1823 1961                                               .43  .54  .69  .75           
 108 cx301b   1830 1948                                                    .54  .73                
 109 cx302a   1743 1829                                .62  .57                                    
 110 cx302b   1743 1826                                .62  .61                                    
 111 cx304a   1878 1959                                                              .62           
 112 cx304b   1878 1956                                                              .47           
 113 cx305a   1727 1952                                .66  .55  .44  .45  .51  .62  .48           
 114 cx305b   1727 1970                                .64  .54  .58  .58  .69  .76  .69           
 115 cx306a   1706 1856                           .71  .85  .73  .63                               
 116 cx306b   1698 1834                      .71  .74  .71  .56                                    
 117 cx307a   1730 1936                                .76  .73  .72  .76  .73  .62                
 118 cx307b   1746 1937                                .76  .71  .81  .78  .57  .55                
 123 cx405a   1391 1649  .47                                                                       
 127 cx407a   1475 1706  .60  .60  .55                                                             
 128 cx407b   1475 1696  .60  .67                                                                  
 133 cx410a   1524 1769  .68  .72  .75  .83  .68                                                   
 134 cx410b   1524 1819  .67  .69  .62  .65  .73  .80  .73                                         
 135 cx411a   1288 1652  .75                                                                       
 136 cx411b   1288 1655  .59                                                                       
 139 cx413a   1395 1683  .68  .75                                                                  
 140 cx413b   1395 1722  .71  .80  .71                                                             
 143 cx415a   1604 1933       .53  .64  .76  .72  .68  .53  .46  .67  .68  .67  .69                
 144 cx415b   1615 1886       .77  .62  .63  .57  .55  .55  .43  .52  .69                          
 145 cx416a   1523 1784  .65  .81  .80  .78  .69  .67                                              
 146 cx416b   1523 1812  .61  .70  .84  .81  .77  .76  .73                                         
 147 cx417a   1613 1842       .75  .74  .72  .75  .79  .73  .59                                    
 148 cx417b   1613 1850       .78  .66  .67  .70  .69  .69  .64  .67                               
 149 cx418a   1612 1842       .71  .80  .81  .79  .59  .52  .64                                    
 150 cx418b   1612 1832       .72  .74  .75  .62  .57  .60  .53                                    
 151 cx419a   1737 1856                                .66  .40  .30A                              
 152 cx419b   1737 1869                                .56  .26B .35                               
 153 cx420a   1502 1678  .44  .47                                                                  
 155 cx421a   1489 1649  .46                                                                       
 156 cx421b   1489 1660  .63                                                                       
 157 cx501a   1650 1932                 .64  .68  .78  .84  .69  .69  .71  .56  .57                
 158 cx501b   1650 1931                 .53  .52  .59  .72  .73  .74  .66  .59  .57                
 159 cx502a   1448 1728  .72  .76  .63  .69                                                        
 160 cx502b   1448 1723  .74  .81  .62                                                             
 161 cx503a   1750 1977                                     .59  .51  .52  .53  .68  .69  .66      
 162 cx503b   1720 1981                           .53  .74  .59  .65  .74  .68  .73  .70  .62      
 163 cx504a   1725 1956                                .65  .68  .66  .57  .72  .75  .67           
 164 cx504b   1725 1958                                .72  .71  .73  .57  .56  .59  .50           
 165 cx506a   1713 1970                           .68  .65  .58  .68  .68  .63  .70  .75           
 166 cx506b   1713 1969                           .68  .62  .63  .74  .75  .71  .77  .78           
 167 cx603a   1500 1712  .63  .63  .54                                                             
 168 cx603b   1500 1697  .67  .68                                                                  
 169 cx604a   1590 1798  .54  .50  .54  .76  .76  .71                                              
 170 cx604b   1610 1814       .73  .69  .84  .81  .74  .73                                         
 171 cx606a   1700 1861                           .74  .80  .84  .80                               
 172 cx606b   1650 1854                 .49  .72  .71  .74  .70  .72                               
 173 cx607a   1623 1858       .53  .49  .66  .79  .74  .77  .83  .83                               
 174 cx607b   1623 1857       .64  .78  .88  .81  .78  .78  .79  .76                               
 175 cx608a   1611 1845       .68  .73  .70  .65  .68  .71  .62                                    
 176 cx608b   1611 1830       .63  .73  .78  .68  .51  .54  .48                                    
 177 cx609a   1617 1843       .51  .60  .59  .67  .76  .82  .81                                    
 178 cx609b   1617 1840       .41  .23B .39  .63  .63  .68  .73                                    
 179 cx610a   1611 1834       .72  .53  .49  .66  .60  .60  .63                                    
 180 cx611a   1624 1872            .72  .70  .75  .79  .79  .77  .76                               
 181 cx611b   1624 1870       .53  .59  .75  .81  .76  .77  .74  .64                               
 182 cx612a   1617 1780       .54  .54  .50  .62  .68                                              
 183 cx612b   1617 1799       .56  .64  .67  .71  .56  .44                                         
 184 cx613a   1636 1799            .70  .83  .80  .70  .62                                         
 185 cx613b   1636 1819            .55  .73  .81  .69  .62                                         
 186 cx614a   1681 1899                      .72  .62  .63  .67  .60  .68  .52                     
 187 cx614b   1674 1863                 .54  .70  .63  .75  .70  .72                               
 188 cx615a   1639 1859            .55  .69  .74  .65  .66  .73  .67                               
 189 cx615b   1650 1880                 .66  .76  .73  .71  .74  .72  .71                          
 190 cx619a   1550 1832  .68  .66  .76  .83  .84  .74  .69  .70                                    
 191 cx619b   1550 1851  .64  .77  .71  .75  .74  .73  .78  .81  .71                               
 192 cx620a   1581 1784  .66  .58  .57  .71  .67  .49                                              
 193 cx620b   1613 1790       .57  .57  .72  .76  .60                                              
 194 cr6d01   1547 1803  .65  .62  .58  .80  .82  .71  .69                                         
 195 cr6d02   1618 1832       .64  .62  .71  .82  .79  .73  .68                                    
 196 cr602a   1803 2003                                               .68  .69  .83  .82  .73  .74 
 197 cr602b   1827 2003                                                    .70  .70  .76  .71  .71 
 198 cr603a   1654 2003                 .26B .33  .50  .65  .57  .63  .59  .62  .77  .63  .64  .69 
 199 cr603b   1654 2003                 .40  .52  .67  .67  .65  .55  .31A .45  .80  .72  .65  .61 
 200 cr604a   1794 2003                                          .50  .59  .62  .62  .63  .51  .38 
 201 cr604b   1870 2003                                                         .62  .53  .39  .54 
 202 cr605a   1736 2003                                .75  .80  .76  .72  .63  .62  .70  .68  .73 
 203 cr605b   1728 1979                                .73  .77  .70  .66  .66  .64  .56  .50      
 204 cr606a   1700 2003                           .74  .78  .78  .78  .69  .69  .85  .83  .75  .77 
 205 cr606b   1639 1870            .66  .76  .74  .76  .75  .71  .72                               
 206 cr607a   1661 2003                 .43  .60  .62  .72  .70  .71  .75  .71  .64  .48  .45  .67 
 207 cr607b   1661 2003                 .47  .70  .70  .65  .71  .77  .70  .70  .71  .66  .65  .73 
 208 CR608A   1749 2003                                .67  .66  .61  .70  .73  .72  .81  .72  .61 
 209 CR608B   1779 2003                                          .64  .74  .73  .73  .81  .59  .51 
 210 cr609a   1802 2003                                               .60  .69  .67  .73  .62  .31A
 211 cr610a   1781 1949                                          .68  .81  .81  .77  .76           
 212 cr611a   1654 2003                 .52  .66  .69  .79  .68  .55  .51  .62  .74  .75  .65  .59 
 213 cr611b   1654 1979                 .59  .68  .70  .59  .53  .60  .54  .55  .68  .71  .53      
 214 cr612a   1700 2003                           .74  .67  .60  .58  .59  .68  .62  .67  .79  .76 
 215 cr612b   1668 2003                 .38  .58  .80  .73  .60  .53  .69  .87  .73  .69  .78  .64 
 216 cr613a   1670 2003                 .46  .54  .65  .68  .68  .65  .65  .74  .70  .64  .65  .67 
 217 cr613b   1670 2003                 .51  .53  .50  .62  .66  .64  .64  .62  .67  .70  .71  .63 
 218 cr614a   1706 2003                           .84  .63  .39  .44  .52  .51  .69  .73  .65  .50 
 219 cr614b   1706 2003                           .75  .84  .80  .77  .67  .66  .72  .75  .80  .77 
 220 cr615a   1769 1959                                     .58  .69  .70  .74  .75  .66           
 221 cr615b   1769 2003                                     .62  .67  .59  .48  .64  .62  .40  .33A
 222 cr616a   1649 2003            .62  .75  .70  .60  .68  .75  .70  .68  .64  .54  .67  .59  .52 
 223 cr616b   1649 2003            .53  .71  .69  .60  .57  .62  .63  .61  .73  .71  .75  .66  .41 
 224 cr617b   1600 2003  .49  .51  .66  .69  .65  .63  .71  .78  .84  .83  .73  .67  .73  .71  .74 
 225 cr618a   1697 1950                      .50  .71  .69  .61  .55  .59  .68  .60  .43           
 226 cr618b   1697 2003                      .54  .76  .76  .80  .84  .79  .72  .77  .77  .63  .72 
 227 cr619a   1764 2003                                     .72  .74  .80  .80  .81  .83  .83  .77 
 228 cr619b   1764 2003                                     .64  .75  .87  .76  .73  .81  .78  .82 
 229 CR620A   1762 2003                                     .76  .79  .71  .74  .81  .80  .71  .71 
 230 CR620B   1870 2003                                                         .56  .67  .67  .66 
 231 cr621a   1924 2003                                                                        .46 
 232 cr621b   1924 2003                                                                   .35  .44 
 233 cr622a   1811 2003                                               .72  .81  .76  .56  .53  .58 
 234 cr622b   1909 2003                                                                   .61  .51 
 235 cr623a   1650 2003            .31A .62  .71  .72  .70  .62  .60  .56  .55  .59  .49  .42  .68 
 236 cr623b   1660 2003                 .63  .66  .64  .48  .32A .50  .64  .63  .64  .56  .38  .49 
 237 cr624a   1588 2003  .78  .76  .71  .76  .71  .74  .73  .65  .58  .64  .42  .48  .73  .47  .32A
 238 cr625a   1587 2003  .63  .55  .53  .61  .59  .77  .83  .82  .59  .42  .49  .74  .69  .41  .40 
 239 cr625b   1588 1919  .63  .71  .65  .62  .53  .67  .71  .68  .69  .55  .62                     
 240 cr626a   1700 2003                           .46  .53  .66  .76  .74  .69  .65  .60  .41  .48 
 241 cr626b   1700 2003                      .44  .44  .40  .49  .52  .56  .64  .63  .42  .41B .61 
 242 cr627a   1660 1919                 .68  .72  .56  .58  .70  .76  .69  .57                     
 243 cr627b   1660 2003                 .57  .57  .65  .81  .82  .67  .57  .66  .72  .58  .40  .53 
 244 cr628a   1680 2003                      .73  .62  .66  .63  .55  .64  .70  .75  .69  .59  .59 
 245 cr629a   1603 1941       .43  .53  .76  .74  .76  .81  .80  .77  .74  .76  .70                
 246 cr629b   1603 1882       .45  .69  .59  .56  .66  .63  .62  .72  .70                          
 247 CR630A   1680 2003                      .63  .64  .74  .70  .63  .58  .57  .68  .73  .50  .54 
 248 CR630B   1680 1979                      .52  .66  .83  .82  .63  .65  .65  .63  .71  .42      
 249 cr631a   1708 2003                           .77  .81  .77  .77  .80  .73  .71  .80  .76  .72 
 250 cr631b   1714 2003                           .76  .82  .84  .88  .83  .75  .79  .80  .67  .72 
 251 cr632a   1777 2003                                          .38  .59  .74  .73  .72  .69  .71 
 252 cr632b   1800 1988                                               .44  .55  .59  .67  .67      
 253 cr633a   1650 2003                 .58  .49  .67  .80  .77  .79  .74  .77  .85  .75  .55  .48 
 254 cr633b   1650 2001            .35  .60  .68  .71  .76  .73  .72  .76  .82  .83  .80  .68  .50 
 255 cr634a   1850 2003                                                         .69  .53  .29A .38 
 256 cr635a   1769 2003                                     .64  .54  .65  .73  .76  .83  .69  .63 
 257 cr635b   1769 2003                                     .58  .68  .76  .74  .71  .73  .63  .68 
 258 cr636a   1816 2003                                               .50  .65  .80  .81  .66  .57 
 259 cr636b   1816 2003                                               .67  .67  .79  .87  .77  .66 
 260 cr637a   1666 2003                 .51  .57  .71  .78  .75  .75  .82  .88  .79  .76  .75  .52 
 261 cr637b   1666 2003                 .56  .55  .66  .75  .80  .83  .77  .78  .82  .78  .66  .66 
 262 cr638a   1745 2003                                .69  .60  .66  .82  .77  .74  .62  .48  .66 
 263 cr638b   1745 2003                                .71  .78  .78  .75  .65  .71  .70  .48  .62 
 264 cr639a   1796 2003                                          .70  .79  .77  .70  .72  .72  .65 
 265 cr639b   1796 2003                                          .57  .69  .79  .72  .72  .74  .73 
 266 cr640a   1684 2003                      .76  .68  .56  .55  .50  .60  .46  .40  .71  .61  .61 
 267 cr640b   1684 2003                      .72  .55  .41  .61  .56  .34  .36  .45  .53  .60  .73 
 268 cr641a   1805 2003                                               .65  .55  .61  .80  .76  .83 
 269 cr641b   1805 2003                                               .62  .61  .74  .78  .74  .79 
 270 CR642A   1786 2003                                          .72  .67  .75  .79  .76  .69  .63 
 271 CR642B   1786 2003                                          .73  .81  .86  .85  .72  .57  .66 
 272 cr643a   1884 2003                                                              .67  .64  .71 
 273 cr643b   1884 2003                                                              .63  .60  .71 
 274 cr701a   1773 2003                                     .61  .69  .67  .72  .74  .72  .78  .78 
 275 cr701b   1773 2003                                     .64  .64  .72  .79  .80  .82  .76  .60 
 276 cr702a   1756 2003                                     .73  .74  .72  .76  .82  .85  .85  .83 
 277 cr702b   1756 2003                                     .61  .71  .87  .86  .85  .77  .61  .69 
 278 cr703a   1805 2003                                               .46  .63  .74  .75  .65  .66 
 279 cr703b   1805 2003                                               .73  .76  .75  .66  .51  .56 
 280 cr704a   1769 2003                                     .45  .40  .47  .48  .54  .58  .48  .52 
 281 cr704b   1770 2003                                     .49  .39  .40  .49  .46  .39  .54  .62 
 282 cr705a   1729 2003                                .73  .82  .79  .68  .62  .75  .79  .65  .72 
 283 cr705b   1729 2003                                .58  .38  .54  .64  .38  .43B .76  .68  .62 
 284 cr705c   1732 2003                                .74  .69  .67  .59  .52  .62  .71  .59  .66 
 285 cr705d   1732 2003                                .75  .70  .67  .77  .83  .85  .77  .72  .74 
 286 cr708c   1697 2003                      .57  .69  .71  .67  .68  .62  .66  .72  .65  .63  .80 
 287 cr709a   1811 2003                                               .60  .59  .60  .63  .64  .63 
 288 cr709b   1811 2003                                               .40  .44  .64  .58  .52  .62 
 289 cr710a   1737 2003                                .56  .60  .63  .43  .45  .70  .68  .52  .64 
 290 cr710b   1737 2003                                .63  .67  .81  .84  .72  .61  .64  .71  .72 
 291 cr711a   1680 2003                      .69  .75  .68  .69  .75  .78  .70  .60  .66  .72  .67 
 292 cr711b   1680 2003                      .51  .79  .81  .71  .72  .77  .81  .72  .70  .67  .60 
 293 cr712a   1769 2003                                     .70  .74  .70  .68  .71  .63  .46  .40 
 294 cr712b   1769 1994                                     .61  .35B .51  .71  .64  .64  .64      
 295 cr713a   1725 2003                                .71  .68  .70  .68  .80  .73  .66  .72  .82 
 296 cr713b   1725 1990                                .73  .75  .76  .81  .85  .81  .74  .59      
 297 cr714a   1837 2003                                                    .43  .53  .54  .48  .60 
 298 cr714b   1837 1988                                                    .52  .58  .59  .62      
 299 cr715a   1670 2003                 .62  .66  .63  .62  .59  .74  .81  .70  .65  .64  .55  .70 
 300 cr715b   1670 2003                 .54  .70  .72  .67  .65  .72  .79  .67  .53  .64  .64  .70 
 301 cr716a   1886 2003                                                              .53  .44  .63 
 302 cr717a   1706 2003                           .69  .76  .66  .57  .66  .72  .79  .85  .77  .80 
 303 cr717b   1706 2003                           .70  .80  .75  .76  .78  .74  .73  .80  .81  .75 
 304 cr718a   1673 2003                 .64  .58  .63  .64  .56  .57  .71  .82  .83  .81  .76  .74 
 305 cr718b   1673 2003                 .72  .59  .63  .66  .60  .68  .73  .73  .77  .70  .66  .64 
 306 cr719a   1800 2003                                               .65  .76  .82  .76  .63  .71 
 307 cr719b   1800 1993                                               .56  .57  .72  .75  .74      
 308 cr720a   1792 2003                                          .61  .55  .58  .70  .64  .51  .62 
 309 cr721a   1740 1919                                .65  .56  .57  .60  .44                     
 310 cr721b   1741 2003                                .69  .62  .57  .56  .43  .56  .57  .40  .62 
 311 cr722a   1542 1919  .61  .61  .57  .41  .44  .63  .61  .49  .38  .32A .40                     
 312 cr722b   1542 1919  .61  .63  .68  .65  .68  .63  .58  .48  .48  .50  .45                     
 313 cr723a   1593 2003  .59  .72  .71  .65  .73  .74  .67  .64  .71  .66  .54  .70  .83  .77  .79 
 314 cr723b   1593 2003  .71  .76  .78  .70  .65  .65  .70  .69  .60  .62  .55  .55  .67  .71  .75 
 315 cr723c   1556 2003  .75  .80  .73  .55  .61  .74  .77  .70  .67  .79  .63  .66  .81  .79  .83 
 316 cr723d   1556 2003  .58  .63  .72  .67  .64  .71  .63  .56  .63  .68  .65  .77  .81  .60  .63 
 317 cr724a   1716 2003                           .77  .78  .58  .55  .62  .69  .76  .88  .80  .67 
 318 cr724b   1716 1994                           .64  .73  .74  .64  .68  .77  .75  .78  .72      
 319 cr725a   1793 2003                                          .73  .75  .72  .75  .73  .67  .71 
 320 cr725b   1772 1986                                     .80  .79  .81  .82  .81  .83  .76      
 321 cr726a   1766 2003                                     .69  .72  .66  .61  .62  .62  .60  .69 
 322 cr726b   1766 2002                                     .81  .83  .82  .70  .67  .61  .56  .68 
 323 cr727a   1799 2003                                          .56  .61  .65  .64  .64  .51  .45 
 324 cr727b   1799 2003                                          .43  .39  .49  .58  .55  .50  .57 
 325 cr728a   1778 2003                                          .61  .64  .71  .75  .76  .71  .81 
 326 cr728b   1778 2003                                          .67  .73  .75  .72  .78  .79  .81 
 327 cr729a   1759 2003                                     .63  .69  .76  .77  .78  .83  .82  .79 
 328 cr729b   1759 2003                                     .52  .62  .80  .76  .69  .71  .67  .76 
 329 cr730a   1712 2003                           .68  .70  .66  .73  .49  .44  .77  .80  .72  .81 
 330 cr730b   1712 2003                           .78  .79  .68  .73  .77  .75  .76  .78  .72  .75 
 331 cr731a   1820 2003                                               .36  .56  .67  .70  .56  .56 
 332 cr731b   1789 2003                                          .46  .51  .54  .69  .82  .78  .72 
 333 cr732a   1830 2003                                                    .77  .86  .86  .81  .82 
 334 cr732b   1752 2003                                     .71  .68  .66  .78  .83  .79  .74  .76 
 335 cr733a   1645 2003            .72  .77  .72  .75  .79  .71  .43  .48  .68  .73  .78  .75  .78 
 336 cr734a   1850 2003                                                         .69  .69  .61  .64 
 337 cr734b   1809 2003                                               .39B .59  .78  .69  .51  .65 
 338 cr735a   1805 2003                                               .69  .77  .74  .54  .47  .60 
 339 cr735b   1889 2003                                                              .72  .54  .65 
 340 cr736a   1863 2003                                                         .65  .54  .46  .63 
 341 cr736b   1885 2003                                                              .52  .36B .53 
 342 cr737a   1710 2003                           .58  .72  .86  .80  .80  .78  .73  .76  .66  .72 
 343 cr737b   1710 2003                           .68  .73  .78  .75  .72  .81  .83  .67  .61  .71 
 344 cr738a   1744 2003                                .68  .54  .65  .77  .71  .73  .68  .48  .60 
 345 cr738b   1744 2003                                .74  .62  .64  .64  .62  .73  .79  .71  .73 
 346 cr739a   1406 2003  .64  .55  .48  .58  .52  .62  .64  .60  .72  .75  .81  .80  .78  .82  .78 
 347 cr739b   1406 1783  .68  .67  .58  .60  .54  .61                                              
 348 cr740a   1747 2003                                .77  .76  .63  .68  .82  .84  .75  .69  .74 
 349 cr740b   1767 2003                                     .76  .63  .66  .77  .81  .76  .66  .81 
 350 cx801a   1647 1945            .59  .71  .76  .75  .63  .47  .48  .52  .54  .63                
 351 cx801b   1647 1936            .70  .78  .78  .70  .66  .60  .52  .45  .52  .59                
 352 cx802a   1699 1952                           .67  .63  .62  .69  .72  .73  .75  .46           
 353 cx802b   1699 1944                      .39  .71  .71  .73  .73  .74  .79  .73                
 354 cx803a   1600 1789       .72  .81  .73  .69  .70                                              
 355 cx803b   1600 1779  .53  .61  .72  .80  .77  .83                                              
 356 cx804a   1736 1957                                .67  .69  .69  .67  .71  .54  .55           
 357 cx804b   1736 1956                                .65  .67  .63  .57  .64  .60  .45           
 358 cx805a   1488 1859  .37  .43  .59  .53  .56  .69  .62  .48  .57                               
 359 cx805b   1488 1850  .52  .53  .46  .56  .65  .68  .67  .51  .50                               
 360 cx806a   1630 1829            .58  .61  .66  .57  .59  .56                                    
 361 cx806b   1534 1886  .40  .56  .63  .68  .72  .64  .64  .60  .43  .38                          
 362 cx807a   1544 1790  .62  .79  .82  .71  .56  .59                                              
 363 cx807b   1544 1779  .68  .62  .62  .66  .65  .72                                              
 364 cx808a   1450 1847  .63  .52  .50  .63  .69  .73  .68  .63                                    
 365 cx808b   1419 1835  .62  .58  .64  .76  .74  .61  .66  .74                                    
 366 cx809a   1510 1842  .46  .42  .50  .60  .75  .75  .70  .67                                    
 367 cx809b   1510 1812  .63  .77  .65  .65  .69  .79  .83                                         
 368 cx810a   1576 1808  .69  .61  .58  .67  .59  .65  .62                                         
 369 cx810b   1576 1826  .74  .68  .69  .77  .64  .55  .58  .68                                    
 370 cx811a   1569 1894  .62  .55  .63  .66  .62  .64  .77  .73  .55  .57                          
 371 cx811b   1569 1844  .61  .61  .60  .67  .78  .77  .79  .78                                    
 372 cx812a   1536 1802  .71  .62  .56  .73  .70  .66  .74                                         
 373 cx812b   1536 1803  .64  .75  .76  .82  .74  .63  .71                                         
 374 cx813a   1510 1807  .49  .64  .56  .35  .39  .58  .47                                         
 375 cx813b   1510 1785  .49  .63  .63  .41  .36  .42                                              
 376 cx814a   1506 1854  .60  .61  .70  .71  .74  .81  .81  .80  .72                               
 377 cx814b   1506 1837  .69  .69  .74  .77  .72  .78  .85  .82                                    
 378 cx815a   1489 1842  .44  .39  .51  .59  .66  .74  .68  .63                                    
 379 cx815b   1489 1835  .66  .62  .63  .72  .71  .69  .67  .65                                    
 380 cx816a   1680 1955                      .41  .59  .56  .30A .48  .59  .47  .53  .61           
 381 cx816b   1720 1944                           .52  .63  .63  .52  .39  .61  .73                
 382 cx817a   1504 1811  .73  .78  .75  .73  .65  .65  .67                                         
 383 cx817b   1504 1801  .69  .64  .54  .60  .60  .61  .66                                         
 384 cx818a   1419 1835  .47  .46  .48  .63  .62  .69  .77  .68                                    
 385 cx818b   1419 1850  .53  .54  .64  .65  .55  .55  .68  .73  .74                               
 386 cx819a   1457 1835  .56  .70  .74  .68  .58  .57  .69  .73                                    
 387 cx819b   1457 1835  .56  .60  .57  .69  .74  .71  .75  .70                                    
 388 cx820a   1600 1844       .65  .57  .58  .53  .44  .59  .66                                    
 389 cx820b   1600 1837       .53  .49  .61  .70  .64  .62  .50                                    
 390 cr801a   1870 2003                                                         .48  .60  .51  .58 
 391 cr801b   1870 2003                                                         .45  .52  .54  .53 
 392 cr802a   1840 1919                                                    .53                     
 393 cr802b   1837 2003                                                    .66  .76  .75  .56  .47 
 394 cr803a   1829 2003                                                    .65  .86  .81  .69  .73 
 395 cr803b   1829 1999                                                    .63  .80  .72  .61  .76 
 396 cr804a   1841 2003                                                    .73  .81  .71  .53  .45 
 397 cr804b   1841 2003                                                    .66  .75  .56  .49  .64 
 398 CR805A   1743 2003                                .55  .64  .69  .60  .64  .72  .65  .60  .65 
 399 cr805b   1743 2003                                .47  .74  .84  .68  .58  .59  .63  .60  .41 
 400 cr806a   1794 1949                                          .69  .72  .72  .74  .52           
 401 cr806b   1794 1949                                          .66  .66  .67  .73  .55           
 402 cr807a   1766 2003                                     .58  .43  .54  .61  .48  .48  .54  .44 
 403 cr807b   1766 2003                                     .54  .53  .66  .74  .64  .63  .59  .47 
 404 cr808a   1758 2003                                     .62  .63  .65  .62  .78  .76  .44  .49 
 405 cr808b   1758 1919                                     .74  .72  .61  .64                     
 406 cr809a   1821 2003                                               .51  .67  .72  .70  .58  .55 
 407 cr810a   1836 2003                                                    .69  .79  .82  .74  .72 
 408 cr810b   1836 2003                                                    .66  .72  .77  .74  .73 
 409 cr811a   1831 2003                                                    .70  .71  .73  .67  .65 
 410 cr811b   1831 2003                                                    .74  .76  .67  .64  .61 
 411 cr812a   1871 2003                                                         .68  .72  .71  .65 
 412 cr812b   1871 2003                                                         .65  .75  .58  .52 
 413 cr813a   1839 2003                                                    .74  .66  .63  .65  .58 
 414 cr813b   1893 2003                                                              .72  .77  .78 
 415 cr814a   1868 2003                                                         .83  .77  .68  .77 
 416 cr814b   1868 2003                                                         .77  .85  .77  .73 
 417 cr815a   1723 2003                           .63  .79  .79  .79  .74  .77  .87  .88  .73  .62 
 418 cr815b   1777 2003                                          .64  .65  .75  .84  .82  .72  .66 
 419 cr816a   1881 2003                                                              .75  .57  .59 
 420 cr817a   1725 2003                                .77  .79  .64  .69  .82  .79  .81  .59  .47 
 421 cr817b   1687 2003                      .61  .87  .88  .83  .67  .61  .73  .79  .72  .57  .57 
 422 cr818a   1675 2003                 .68  .71  .77  .83  .78  .76  .80  .83  .79  .72  .66  .78 
 423 cr818b   1675 2003                 .71  .72  .81  .89  .83  .77  .73  .70  .79  .77  .70  .73 
 424 cr819a   1838 2003                                                    .69  .78  .79  .74  .71 
 425 cr820a   1886 2003                                                              .69  .46  .49 
 426 cr821a   1874 2003                                                         .79  .79  .71  .64 
 427 cr821b   1872 2003                                                         .75  .73  .71  .62 
 Av segment correlation  .60  .63  .63  .64  .66  .68  .70  .66  .65  .66  .67  .71  .70  .62  .64 

 FLAGGED SEGMENTS: cana314
-----------------------------------------------------------------------------------------------------------------------------------
 Seq Series   Segment    Flag  r dated  Best lag  r at lag   Gain  Note
 --- -------- ---------  ----  -------  --------  --------  -----  -----------------
   3 825013   1800 1849     B     .149        -6      .206   .057  weak at every lag
   3 825013   1825 1874     B     .280         5      .311   .031  weak at every lag
  20 825072   1625 1674     B     .280         1      .286   .005  weak at every lag
  57 813043   1675 1724     A     .289         0
  85 cx102b   1600 1649     B     .277         2      .280   .003  weak at every lag
  94 cx107a   1850 1899     A     .299         0
  97 cx108b   1850 1899     A     .302         0
 102 cx203b   1800 1849     B     .196        -4      .384   .188
 124 cx405b   1475 1524     A     .302         0
 138 cx412b   1200 1249     B     .298       -10      .402   .104
 151 cx419a   1800 1849     A     .295         0
 152 cx419b   1775 1824     B     .257        -5      .258   .001  weak at every lag
 178 cx609b   1650 1699     B     .230         2      .271   .041  weak at every lag
 198 cr603a   1675 1724     B     .257         8      .398   .141
 199 cr603b   1825 1874     A     .306         0
 210 cr609a   1950 1999     A     .312         0
 221 cr615b   1950 1999     A     .328         0
 235 cr623a   1650 1699     A     .309         0
 236 cr623b   1775 1824     A     .324         0
 237 cr624a   1950 1999     A     .321         0
 241 cr626b   1925 1974     B     .414        -3      .430   .016
 255 cr634a   1925 1974     A     .294         0
 283 cr705b   1875 1924     B     .432        -2      .448   .015
 294 cr712b   1800 1849     B     .350         1      .405   .055
 311 cr722a   1825 1874     A     .317         0
 337 cr734b   1825 1874     B     .387         2      .389   .002
 341 cr736b   1925 1974     B     .359         8      .385   .025
 380 cx816a   1775 1824     A     .301         0
 385 cx818b   1550 1599     A     .322         0
 385 cx818b   1575 1624     B     .378        -6      .453   .075

 DESCRIPTIVE STATISTICS: cana314
-----------------------------------------------------------------------------------------------------------------------------------

                                                Corr   //-------- Unfiltered --------\\  //-- dplR filtered --\\
                           No.    No.    No.    with   Mean   Max     Std   Auto   Mean   Max     Std   Auto  AR
 Seq Series   Interval   Years  Segmt  Flags   Master  msmt   msmt    dev   corr   sens  value    dev   corr  ()
 --- -------- ---------  -----  -----  -----   ------ -----  -----  -----  -----  -----  -----  -----  -----  --
   1 825011   1616 1977    362     13      0    .652    .28    .89   .140   .760   .254   1.92   .245  -.007   1
   2 825012   1616 1977    362     13      0    .649    .32    .95   .151   .696   .255   1.89   .242  -.009   3
   3 825013   1611 1977    367     13      2    .619    .27    .63   .099   .602   .233   1.86   .231   .004   1
   4 825014   1611 1977    367     13      0    .634    .27    .77   .153   .774   .271   2.08   .263  -.003   1
   5 825022   1643 1977    335     12      0    .639    .11    .28   .043   .388   .350   2.11   .297   .006   0
   6 825031   1645 1977    333     12      0    .751    .22    .60   .084   .682   .232   1.76   .211  -.011   3
   7 825032   1666 1977    312     11      0    .679    .14    .29   .042   .423   .246   1.85   .240   .014   1
   8 825033   1666 1977    312     11      0    .751    .22    .50   .073   .576   .232   1.72   .221   .002   1
   9 825034   1625 1977    353     12      0    .644    .16    .66   .095   .845   .246   2.17   .241  -.017   3
  10 825035   1625 1977    353     12      0    .689    .27    .72   .105   .669   .242   1.78   .228   .000   1
  11 825041   1535 1977    443     16      0    .734    .35   1.01   .167   .805   .236   1.71   .224  -.003   1
  12 825042   1535 1977    443     16      0    .720    .24    .90   .134   .807   .263   1.90   .248   .000   2
  13 825043   1549 1977    429     16      0    .727    .32    .95   .165   .837   .227   1.74   .209   .011   1
  14 825044   1549 1977    429     16      0    .682    .33    .82   .144   .740   .236   2.25   .223   .064   0
  15 825051   1658 1977    320     11      0    .750    .28   1.36   .183   .849   .259   2.04   .242   .050   0
  16 825052   1658 1954    297     10      0    .604    .25   1.38   .204   .893   .267   2.15   .241   .025   0
  17 825061   1660 1977    318     11      0    .608    .22   1.47   .235   .933   .302   1.98   .260  -.005   3
  18 825062   1660 1977    318     11      0    .706    .27   1.02   .163   .863   .216   1.66   .189  -.019   0
  19 825071   1562 1977    416     15      0    .705    .32   1.03   .167   .807   .235   1.68   .210   .011   0
  20 825072   1582 1977    396     14      1    .658    .32    .91   .117   .658   .229   2.06   .209  -.006   0
  21 825073   1582 1977    396     14      0    .678    .31    .88   .120   .650   .222   2.40   .212  -.013   0
  22 825074   1664 1977    314     11      0    .655    .17    .45   .065   .626   .256   1.84   .221  -.012   3
  23 825081   1667 1977    311     11      0    .624    .31   1.59   .257   .918   .201   1.69   .189   .071   0
  24 825091   1671 1977    307     11      0    .580    .55   1.30   .205   .756   .219   1.59   .187  -.000   0
  25 825092   1669 1977    309     11      0    .664    .59   1.18   .163   .618   .187   1.69   .180  -.003   1
  26 825101   1519 1977    459     17      0    .643    .35    .86   .155   .720   .256   1.68   .222   .007   2
  27 825103   1650 1977    328     12      0    .653    .30    .67   .111   .676   .232   2.10   .206  -.019   0
  28 825104   1521 1977    457     17      0    .696    .37    .96   .176   .788   .233   1.71   .203  -.033   0
  29 825111   1667 1977    311     11      0    .657    .26    .65   .111   .844   .173   1.66   .173   .003   1
  30 825112   1658 1977    320     11      0    .661    .30   1.00   .140   .836   .178   1.50   .171  -.013   1
  31 825113   1658 1977    320     11      0    .622    .32   1.09   .180   .865   .188   1.55   .183   .007   2
  32 825114   1658 1977    320     11      0    .605    .28    .85   .160   .887   .175   1.46   .167  -.000   2
  33 825121   1584 1977    394     14      0    .638    .28    .79   .120   .792   .217   1.66   .203   .053   0
  34 825122   1630 1977    348     12      0    .634    .26    .58   .085   .591   .231   1.64   .206   .005   0
  35 825123   1595 1977    383     14      0    .610    .25    .70   .094   .679   .226   1.97   .213   .065   0
  36 825124   1583 1977    395     14      0    .617    .26    .68   .083   .644   .207   2.11   .201  -.013   3
  37 825125   1581 1977    397     14      0    .638    .22    .52   .071   .612   .227   1.67   .204   .016   0
  38 825141   1771 1977    207      7      0    .653    .44    .82   .127   .622   .203   1.54   .206  -.001   1
  39 825142   1771 1977    207      7      0    .564    .42    .95   .138   .620   .217   1.75   .215   .004   1
  40 825151   1658 1977    320     11      0    .671    .20    .47   .058   .324   .249   1.94   .218  -.003   2
  41 825152   1573 1977    405     15      0    .636    .22    .94   .116   .749   .267   2.13   .253  -.001   1
  42 825153   1573 1977    405     15      0    .650    .20   1.38   .165   .834   .311   2.48   .309   .002   2
  43 825161   1772 1977    206      7      0    .707    .37    .90   .165   .727   .220   2.07   .217   .096   0
  44 825162   1772 1977    206      7      0    .727    .42    .82   .132   .629   .206   1.84   .202  -.013   1
  45 825163   1709 1977    269      9      0    .638    .38   1.26   .206   .837   .203   1.57   .186  -.032   3
  46 825164   1709 1977    269      9      0    .560    .31   1.38   .224   .889   .250   1.90   .244   .007   1
  47 825221   1590 1977    388     14      0    .702    .20    .58   .083   .684   .245   1.91   .219  -.029   0
  48 825222   1577 1977    401     14      0    .651    .18    .59   .071   .687   .229   1.75   .209  -.008   0
  49 813011   1734 1977    244      8      0    .737    .38    .89   .156   .649   .274   2.06   .262  -.015   1
  50 813012   1734 1971    238      7      0    .755    .45   1.07   .165   .530   .286   1.75   .264  -.018   1
  51 813013   1753 1977    225      7      0    .648    .44   1.18   .202   .691   .286   2.01   .269  -.008   1
  52 813014   1751 1977    227      7      0    .697    .60   1.28   .209   .494   .269   2.00   .247   .056   0
  53 813021   1743 1977    235      8      0    .601    .31    .96   .150   .744   .247   1.76   .247   .013   1
  54 813022   1725 1977    253      8      0    .596    .19    .59   .111   .800   .296   2.53   .306   .025   1
  55 813041   1625 1977    353     12      0    .650    .18    .57   .098   .683   .331   2.07   .308  -.004   1
  56 813042   1688 1977    290     10      0    .697    .25    .79   .151   .725   .317   1.98   .290  -.010   1
  57 813043   1656 1977    322     11      1    .581    .21    .67   .108   .644   .345   2.56   .331  -.008   3
  58 813044   1650 1977    328     11      0    .672    .21    .66   .119   .678   .376   2.27   .342  -.005   1
  59 813051   1757 1977    221      7      0    .673    .30   1.02   .148   .752   .239   2.00   .244   .008   2
  60 813061   1775 1977    203      7      0    .729    .30    .91   .196   .895   .240   1.56   .201  -.062   0
  61 813062   1775 1977    203      6      0    .721    .30    .91   .198   .902   .243   1.42   .193  -.001   1
  62 813071   1675 1977    303     10      0    .700    .26    .70   .123   .762   .245   1.66   .224  -.017   3
  63 813081   1780 1977    198      6      0    .714    .52   1.13   .172   .503   .244   1.98   .229   .075   0
  64 813091   1625 1977    353     13      0    .618    .15    .39   .076   .641   .380   2.53   .336  -.008   0
  65 813121   1748 1960    213      7      0    .663    .32    .96   .187   .839   .249   1.64   .230   .008   1
  66 813141   1725 1977    253      9      0    .591    .21    .88   .159   .855   .306   2.17   .281  -.029   0
  67 813142   1725 1977    253      8      0    .615    .21    .93   .153   .857   .269   1.86   .258  -.009   1
  68 813151   1725 1977    253      8      0    .577    .16    .57   .107   .805   .298   1.90   .272  -.006   1
  69 CM1-2    1709 1737     29      0      0    .568    .36    .53   .086   .548   .161   1.28   .134  -.204   0
  70 CM1-2B   1766 1835     70      1      0    .800    .30    .55   .096   .605   .239   1.55   .219  -.017   2
  71 CM1-2C   1838 1977    140      4      0    .690    .26    .65   .103   .793   .212   1.59   .177  -.003   2
  72 CM1-3    1551 1640     90      1      0    .670    .30    .86   .201   .870   .216   1.74   .213   .049   3
  73 CM1-3B   1643 1816    174      5      0    .655    .20    .47   .089   .769   .228   1.56   .212   .003   2
  74 CM5-3    1488 1640    153      4      0    .657    .30    .61   .104   .675   .220   1.48   .201   .068   0
  75 CM5-3B   1643 1792    150      4      0    .664    .28    .67   .107   .721   .231   1.73   .215   .086   0
  76 CM6-2    1735 1977    243      8      0    .723    .32    .96   .139   .784   .204   1.67   .191  -.003   1
  77 ALL      1761 1977    217      7      0    .730    .29    .77   .120   .725   .221   1.47   .187  -.063   0
  78 CM9-1    1560 1640     81      1      0    .653    .31    .56   .084   .417   .222   1.64   .209   .063   0
  79 CM9-1B   1643 1977    335     12      0    .698    .22    .51   .077   .737   .205   1.74   .205  -.016   1
  80 CM092    1605 1825    221      7      0    .596    .24    .74   .113   .818   .211   1.78   .222   .014   1
  81 CM12-1   1722 1827    106      3      0    .791    .32    .65   .099   .328   .263   1.67   .224  -.068   0
  82 cx101a   1709 1960    252      8      0    .587    .45   1.27   .250   .841   .237   1.78   .211   .011   0
  83 cx101b   1709 1958    250      8      0    .639    .54   1.51   .227   .704   .249   1.89   .219   .031   0
  84 cx102a   1414 1697    284      9      0    .607    .39   1.03   .162   .649   .273   1.81   .243  -.002   1
  85 cx102b   1414 1719    306     10      1    .536    .25    .61   .095   .495   .305   2.04   .270   .034   0
  86 cx103a   1513 1814    302     10      0    .592    .18    .46   .081   .749   .261   1.98   .263  -.010   3
  87 cx103b   1520 1817    298     10      0    .619    .25    .71   .124   .770   .257   2.12   .262   .004   3
  88 cx104a   1364 1576    213      7      0    .631    .37   1.47   .230   .874   .234   1.61   .231  -.005   1
  89 cx104b   1364 1566    203      6      0    .539    .30   1.21   .221   .907   .268   1.66   .245  -.000   1
  90 cx105a   1833 1973    141      3      0    .558    .45   1.05   .196   .683   .268   1.68   .252   .002   1
  91 cx105b   1833 1975    143      4      0    .478    .46   1.27   .226   .807   .244   1.83   .246   .017   1
  92 cx106a   1852 1969    118      2      0    .423    .38   1.32   .273   .887   .271   1.93   .301   .001   1
  93 cx106b   1852 1969    118      2      0    .485    .45   2.02   .346   .841   .298   2.16   .328   .014   1
  94 cx107a   1844 1965    122      3      1    .256    .74   2.07   .545   .912   .225   2.13   .241   .056   1
  95 cx107b   1850 1955    106      2      0    .430    .84   2.86   .617   .904   .221   1.80   .219  -.032   1
  96 cx108a   1830 1961    132      3      0    .439   1.16   2.85   .548   .760   .263   2.02   .259   .006   1
  97 cx108b   1830 1960    131      3      1    .430   1.00   2.39   .511   .771   .275   1.98   .268  -.013   1
  98 cx201a   1600 1818    219      6      0    .482    .24    .83   .132   .848   .218   2.15   .243  -.033   1
  99 cx201b   1643 1827    185      6      0    .575    .34    .86   .146   .746   .213   1.93   .229   .023   3
 100 cx202a   1734 1835    102      2      0    .150    .41   1.93   .299   .742   .285  23.09  2.218   .260   0
 101 cx202b   1734 1845    112      2      0    .603    .43   1.70   .305   .721   .297   1.98   .297  -.004   2
 102 cx203b   1726 1851    126      3      1    .489    .45    .92   .208   .758   .276   2.15   .282   .012   1
 103 cx204a   1729 1925    197      6      0    .644    .18    .48   .091   .707   .287   1.78   .274   .005   1
 104 cx204b   1729 1901    173      5      0    .571    .14    .53   .099   .811   .306   1.78   .292   .027   1
 105 cx205a   1761 1920    160      4      0    .560    .24    .73   .149   .860   .237   1.75   .239   .011   1
 106 cx205b   1761 1920    160      4      0    .527    .25    .79   .161   .881   .248   1.68   .240   .013   1
 107 cx301a   1823 1961    139      4      0    .501    .26   1.00   .184   .806   .339   2.19   .340   .002   1
 108 cx301b   1830 1948    119      2      0    .525    .29    .89   .162   .752   .297   1.74   .269   .027   2
 109 cx302a   1743 1829     87      2      0    .505    .54   1.05   .182   .290   .287   2.15   .290  -.022   0
 110 cx302b   1743 1826     84      2      0    .538    .48   1.00   .180   .452   .286   1.69   .264   .048   0
 111 cx304a   1878 1959     82      1      0    .620    .58   1.53   .367   .876   .261   1.81   .258  -.013   1
 112 cx304b   1878 1956     79      1      0    .565    .53   1.01   .219   .776   .235   2.02   .252  -.013   1
 113 cx305a   1727 1952    226      7      0    .508    .14    .43   .096   .835   .278   1.80   .290  -.025   3
 114 cx305b   1727 1970    244      7      0    .602    .31    .96   .184   .857   .237   1.75   .245   .005   1
 115 cx306a   1706 1856    151      4      0    .691    .66   1.60   .356   .798   .246   1.96   .256  -.010   2
 116 cx306b   1698 1834    137      4      0    .672    .60   1.97   .344   .767   .263   1.81   .276   .012   2
 117 cx307a   1730 1936    207      6      0    .645    .23    .80   .100   .782   .223   1.64   .212  -.015   3
 118 cx307b   1746 1937    192      6      0    .660    .29    .69   .123   .766   .225   1.64   .219  -.003   1
 119 cx402a   1529 1630    102      2      0    .623   1.05   3.24   .675   .827   .309   1.97   .320  -.065   1
 120 cx402b   1529 1635    107      2      0    .624    .61   2.54   .501   .869   .306   1.91   .303  -.007   1
 121 cx404a   1485 1635    151      4      0    .558    .65   2.35   .489   .854   .274   1.80   .275   .009   1
 122 cx404b   1499 1639    141      4      0    .622    .78   3.04   .515   .822   .271   2.04   .293   .032   1
 123 cx405a   1391 1649    259      9      0    .537    .21    .69   .119   .803   .266   1.91   .279  -.002   3
 124 cx405b   1391 1612    222      7      1    .520    .24    .80   .152   .833   .257   2.29   .272   .038   1
 125 cx406a   1474 1616    143      4      0    .540    .33   1.28   .225   .880   .293   2.03   .285  -.005   1
 126 cx406b   1474 1609    136      4      0    .565    .32   1.08   .197   .827   .292   2.54   .310   .035   1
 127 cx407a   1475 1706    232      7      0    .618    .22    .60   .103   .787   .266   1.67   .254   .004   2
 128 cx407b   1475 1696    222      6      0    .594    .23    .58   .110   .805   .258   1.90   .249  -.012   3
 129 cx408a   1179 1385    207      6      0    .552    .16    .39   .065   .735   .221   1.60   .215   .014   2
 130 cx408b   1179 1379    201      6      0    .640    .17    .47   .087   .849   .209   1.77   .222   .009   1
 131 cx409a   1196 1594    399     14      0    .607    .19    .66   .087   .747   .244   1.88   .240   .001   2
 132 cx409b   1196 1609    414     15      0    .663    .21    .56   .098   .679   .273   1.82   .262   .008   1
 133 cx410a   1524 1769    246      8      0    .659    .23    .65   .123   .820   .266   1.76   .252  -.007   1
 134 cx410b   1524 1819    296     10      0    .612    .22    .69   .135   .827   .287   2.20   .281  -.005   1
 135 cx411a   1288 1652    365     13      0    .624    .17    .60   .097   .869   .233   1.65   .228  -.012   1
 136 cx411b   1288 1655    368     13      0    .603    .16    .47   .081   .776   .270   1.86   .250  -.012   1
 137 cx412a   1181 1561    381     13      0    .628    .15    .47   .068   .601   .311   2.02   .290   .001   3
 138 cx412b   1181 1585    405     14      1    .578    .12    .59   .063   .601   .314   2.14   .290   .054   0
 139 cx413a   1395 1683    289     10      0    .723    .17    .62   .081   .659   .316   2.15   .295  -.010   1
 140 cx413b   1395 1722    328     11      0    .688    .14    .44   .068   .642   .342   2.02   .294   .002   0
 141 cx414a   1046 1389    344     10      0    .602    .19    .65   .086   .724   .275   1.75   .244   .060   0
 142 cx414b   1046 1357    312      9      0    .550    .16    .58   .079   .793   .234   1.55   .205  -.005   3
 143 cx415a   1604 1933    330     11      0    .633    .15    .37   .060   .642   .284   1.87   .254   .004   0
 144 cx415b   1615 1886    272      9      0    .615    .14    .46   .080   .809   .290   1.82   .274  -.001   1
 145 cx416a   1523 1784    262      9      0    .676    .27    .76   .158   .848   .246   1.64   .232   .000   1
 146 cx416b   1523 1812    290     10      0    .703    .28    .96   .178   .850   .257   1.83   .248   .005   2
 147 cx417a   1613 1842    230      7      0    .643    .22    .74   .135   .784   .282   1.75   .254   .045   0
 148 cx417b   1613 1850    238      8      0    .681    .25    .86   .128   .727   .264   1.83   .242   .040   0
 149 cx418a   1612 1842    231      7      0    .671    .26    .93   .140   .755   .262   1.88   .262  -.025   1
 150 cx418b   1612 1832    221      7      0    .640    .24    .71   .108   .707   .252   1.73   .243   .007   2
 151 cx419a   1737 1856    120      3      1    .512    .58   1.74   .303   .791   .279   1.94   .279  -.009   1
 152 cx419b   1737 1869    133      3      1    .425    .44   1.37   .241   .700   .271   1.82   .280  -.005   3
 153 cx420a   1502 1678    177      5      0    .563    .37   1.25   .243   .860   .240   1.99   .251   .003   2
 154 cx420b   1502 1617    116      2      0    .608    .45   1.09   .242   .819   .267   1.92   .261  -.020   1
 155 cx421a   1489 1649    161      5      0    .620    .28    .81   .159   .826   .261   1.78   .247  -.020   1
 156 cx421b   1489 1660    172      5      0    .595    .26    .83   .148   .854   .239   1.62   .222   .068   0
 157 cx501a   1650 1932    283      9      0    .660    .35   1.18   .226   .858   .247   2.05   .250  -.008   2
 158 cx501b   1650 1931    282      9      0    .614    .40   1.50   .229   .801   .239   1.99   .233  -.013   1
 159 cx502a   1448 1728    281     10      0    .582    .29    .80   .146   .680   .295   1.81   .266  -.007   2
 160 cx502b   1448 1723    276      9      0    .593    .26    .98   .166   .784   .319   2.04   .291   .066   0
 161 cx503a   1750 1977    228      7      0    .590    .12    .38   .062   .647   .316   2.40   .306   .009   1
 162 cx503b   1720 1981    262      9      0    .641    .14    .46   .079   .753   .311   1.93   .280   .000   1
 163 cx504a   1725 1956    232      7      0    .595    .29    .89   .140   .740   .249   2.15   .265  -.002   1
 164 cx504b   1725 1958    234      7      0    .561    .23    .63   .088   .649   .232   2.00   .247  -.023   1
 165 cx506a   1713 1970    258      8      0    .642    .30    .91   .129   .728   .221   1.74   .216  -.012   1
 166 cx506b   1713 1969    257      8      0    .675    .38   1.14   .180   .757   .206   1.98   .222  -.023   1
 167 cx603a   1500 1712    213      6      0    .596    .43   1.18   .264   .880   .233   1.81   .233   .006   1
 168 cx603b   1500 1697    198      5      0    .655    .41   1.13   .264   .856   .264   1.67   .247  -.002   3
 169 cx604a   1590 1798    209      6      0    .520    .31   1.08   .185   .776   .261   2.83   .311  -.058   1
 170 cx604b   1610 1814    205      6      0    .737    .23   1.05   .155   .804   .306   2.56   .295  -.026   1
 171 cx606a   1700 1861    162      4      0    .700    .32    .72   .129   .716   .242   1.94   .256   .006   1
 172 cx606b   1650 1854    205      6      0    .621    .27   1.17   .161   .754   .262   2.81   .282  -.004   1
 173 cx607a   1623 1858    236      8      0    .696    .28   1.32   .165   .703   .305   2.24   .292   .083   0
 174 cx607b   1623 1857    235      8      0    .748    .23   1.39   .155   .743   .311   2.31   .303   .005   2
 175 cx608a   1611 1845    235      7      0    .639    .22   1.18   .219   .909   .295   1.88   .289  -.010   1
 176 cx608b   1611 1830    220      7      0    .544    .20   1.04   .192   .928   .256   1.80   .246  -.018   1
 177 cx609a   1617 1843    227      7      0    .621    .24    .83   .164   .883   .257   2.30   .261  -.006   1
 178 cx609b   1617 1840    224      7      1    .498    .23    .74   .138   .860   .248   1.71   .238  -.027   3
 179 cx610a   1611 1834    224      7      0    .599    .26   1.32   .258   .921   .309   2.05   .303  -.005   3
 180 cx611a   1624 1872    249      7      0    .698    .32   1.29   .258   .901   .260   2.05   .265  -.051   3
 181 cx611b   1624 1870    247      8      0    .632    .24    .82   .130   .772   .276   2.15   .274  -.016   1
 182 cx612a   1617 1780    164      5      0    .476    .35   1.12   .214   .846   .239   1.75   .269   .113   1
 183 cx612b   1617 1799    183      6      0    .526    .26    .89   .164   .844   .258   2.37   .270   .053   1
 184 cx613a   1636 1799    164      5      0    .670    .51   1.53   .309   .801   .308   1.91   .289   .011   1
 185 cx613b   1636 1819    184      5      0    .617    .43   1.47   .332   .867   .329   1.98   .292   .011   2
 186 cx614a   1681 1899    219      7      0    .623    .25    .80   .167   .854   .255   2.43   .270  -.027   1
 187 cx614b   1674 1863    190      6      0    .634    .29    .98   .187   .856   .237   2.79   .284   .023   1
 188 cx615a   1639 1859    221      7      0    .542    .30   1.02   .146   .740   .281   2.06   .293  -.002   3
 189 cx615b   1650 1880    231      7      0    .663    .29    .95   .144   .768   .288   2.13   .298   .015   1
 190 cx619a   1550 1832    283      9      0    .719    .25    .76   .096   .574   .262   1.72   .223  -.018   3
 191 cx619b   1550 1851    302     10      0    .691    .19    .52   .079   .644   .271   1.89   .244  -.007   3
 192 cx620a   1581 1784    204      6      0    .561    .33    .93   .127   .726   .228   1.64   .228   .001   1
 193 cx620b   1613 1790    178      5      0    .580    .28    .62   .105   .647   .222   1.97   .233  -.005   1
 194 cr6d01   1547 1803    257      9      0    .703    .34   1.28   .228   .874   .243   1.71   .220   .070   0
 195 cr6d02   1618 1832    215      7      0    .690    .23    .58   .115   .732   .289   1.60   .242  -.036   0
 196 cr602a   1803 2003    201      6      0    .742    .28    .55   .104   .645   .248   1.93   .232   .005   1
 197 cr602b   1827 2003    177      5      0    .731    .29    .58   .106   .622   .274   1.58   .232   .006   0
 198 cr603a   1654 2003    350     12      1    .531    .24    .81   .130   .830   .260   1.95   .263  -.012   1
 199 cr603b   1654 2003    350     12      1    .553    .20    .77   .109   .829   .259   1.84   .252   .002   2
 200 cr604a   1794 2003    210      7      0    .529    .15    .33   .058   .854   .176   1.76   .172   .015   1
 201 cr604b   1870 2003    134      4      0    .541    .47   1.25   .261   .868   .189   1.64   .191  -.015   1
 202 cr605a   1736 2003    268      9      0    .677    .22    .65   .152   .897   .215   1.52   .189   .022   0
 203 cr605b   1728 1979    252      8      0    .579    .25    .95   .163   .867   .237   1.60   .206  -.016   3
 204 cr606a   1700 2003    304     10      0    .752    .19    .62   .089   .691   .278   1.85   .238   .006   2
 205 cr606b   1639 1870    232      7      0    .710    .32    .77   .133   .720   .247   1.90   .233   .069   0
 206 cr607a   1661 2003    343     12      0    .619    .28    .88   .157   .844   .234   2.01   .229  -.002   1
 207 cr607b   1661 2003    343     12      0    .654    .30    .77   .131   .787   .215   1.65   .206   .003   2
 208 CR608A   1749 2003    255      9      0    .681    .18    .40   .063   .403   .298   1.98   .253  -.009   1
 209 CR608B   1779 2003    225      7      0    .693    .24    .78   .117   .677   .296   2.05   .262   .074   0
 210 cr609a   1802 2003    202      6      1    .560    .25    .98   .175   .910   .236   1.80   .247   .019   1
 211 cr610a   1781 1949    169      5      0    .757    .37   1.10   .172   .730   .260   1.70   .222  -.048   0
 212 cr611a   1654 2003    350     12      0    .624    .19    .93   .091   .760   .237   1.93   .238  -.017   3
 213 cr611b   1654 1979    326     11      0    .607    .21    .84   .115   .814   .219   1.96   .217  -.021   1
 214 cr612a   1700 2003    304     10      0    .620    .26    .86   .126   .778   .216   2.13   .224  -.012   3
 215 cr612b   1668 2003    336     12      0    .655    .25    .71   .097   .705   .217   2.09   .215   .001   1
 216 cr613a   1670 2003    334     12      0    .623    .27    .67   .088   .734   .190   1.59   .166  -.032   0
 217 cr613b   1670 2003    334     12      0    .590    .20    .56   .083   .769   .220   1.59   .202   .040   0
 218 cr614a   1706 2003    298     10      0    .578    .25    .71   .112   .710   .241   2.17   .235  -.003   1
 219 cr614b   1706 2003    298     10      0    .737    .23    .52   .090   .707   .234   1.63   .200  -.022   0
 220 cr615a   1769 1959    191      6      0    .670    .22    .48   .078   .657   .225   2.12   .237  -.011   1
 221 cr615b   1769 2003    235      8      1    .557    .31    .82   .162   .827   .235   1.85   .250  -.014   3
 222 cr616a   1649 2003    355     13      0    .624    .24    .87   .132   .756   .303   3.00   .310  -.017   1
 223 cr616b   1649 2003    355     13      0    .624    .12    .35   .064   .712   .333   1.94   .300  -.006   1
 224 cr617b   1600 2003    404     15      0    .687    .21    .81   .081   .632   .241   1.65   .215  -.013   0
 225 cr618a   1697 1950    254      9      0    .565    .27    .93   .136   .820   .218   1.84   .217   .004   1
 226 cr618b   1697 2003    307     11      0    .716    .32    .68   .113   .666   .212   1.80   .218  -.007   1
 227 cr619a   1764 2003    240      8      0    .788    .31    .66   .110   .454   .291   2.02   .257  -.030   0
 228 cr619b   1764 2003    240      8      0    .777    .35    .70   .113   .343   .290   1.81   .243  -.008   2
 229 CR620A   1762 2003    242      8      0    .757    .18    .59   .111   .734   .331   1.98   .272   .006   1
 230 CR620B   1870 2003    134      4      0    .597    .18    .55   .126   .870   .309   1.83   .260  -.073   0
 231 cr621a   1924 2003     80      1      0    .512   1.05   1.71   .252   .515   .193   1.40   .178   .011   2
 232 cr621b   1924 2003     80      2      0    .414    .95   1.63   .187   .400   .169   1.51   .149  -.011   0
 233 cr622a   1811 2003    193      6      0    .661    .33   1.17   .206   .895   .214   1.85   .216  -.001   2
 234 cr622b   1909 2003     95      2      0    .583    .49   1.24   .226   .807   .190   1.54   .201  -.021   1
 235 cr623a   1650 2003    354     13      1    .572    .25    .58   .099   .821   .195   1.45   .175   .031   0
 236 cr623b   1660 2003    344     12      1    .519    .29    .70   .106   .815   .179   1.59   .174  -.002   1
 237 cr624a   1588 2003    416     15      1    .625    .19    .66   .080   .704   .237   1.95   .228  -.010   1
 238 cr625a   1587 2003    417     15      0    .572    .19    .72   .114   .872   .243   2.14   .239   .007   1
 239 cr625b   1588 1919    332     11      0    .621    .20    .62   .086   .643   .270   2.28   .272   .003   1
 240 cr626a   1700 2003    304     10      0    .586    .18    .44   .074   .682   .245   2.00   .237   .003   1
 241 cr626b   1700 2003    304     11      1    .506    .15    .30   .052   .599   .241   1.89   .234   .081   0
 242 cr627a   1660 1919    260      8      0    .617    .19    .47   .072   .570   .262   1.90   .249   .047   0
 243 cr627b   1660 2003    344     12      0    .624    .14    .54   .087   .786   .300   2.50   .291   .004   1
 244 cr628a   1680 2003    324     11      0    .644    .30   1.04   .180   .823   .256   1.82   .237   .060   0
 245 cr629a   1603 1941    339     11      0    .676    .24    .96   .182   .905   .255   1.79   .241  -.005   1
 246 cr629b   1603 1882    280      9      0    .581    .22    .99   .151   .854   .264   1.97   .255  -.012   1
 247 CR630A   1680 2003    324     11      0    .650    .17    .33   .045   .347   .231   1.64   .198   .005   1
 248 CR630B   1680 1979    300     10      0    .627    .20    .41   .063   .369   .269   2.10   .221  -.002   2
 249 cr631a   1708 2003    296     10      0    .756    .40   1.36   .223   .796   .263   1.67   .215  -.002   1
 250 cr631b   1714 2003    290     10      0    .788    .40   1.77   .209   .723   .258   2.06   .225  -.045   0
 251 cr632a   1777 2003    227      7      0    .664    .38    .85   .139   .699   .221   1.57   .208  -.002   1
 252 cr632b   1800 1988    189      5      0    .567    .37    .95   .162   .833   .210   1.62   .201  -.001   1
 253 cr633a   1650 2003    354     12      0    .669    .27    .98   .170   .880   .242   2.02   .232  -.008   1
 254 cr633b   1650 2001    352     13      0    .668    .31    .72   .106   .659   .212   1.75   .199   .066   0
 255 cr634a   1850 2003    154      4      1    .521    .42    .72   .109   .649   .165   1.85   .171  -.029   1
 256 cr635a   1769 2003    235      8      0    .675    .36    .77   .152   .728   .257   1.83   .226   .028   0
 257 cr635b   1769 2003    235      8      0    .670    .42   1.24   .252   .839   .270   1.72   .218  -.013   2
 258 cr636a   1816 2003    188      6      0    .656    .41    .86   .124   .594   .204   1.53   .190   .084   0
 259 cr636b   1816 2003    188      6      0    .732    .32    .86   .118   .586   .235   1.82   .225   .097   0
 260 cr637a   1666 2003    338     12      0    .678    .33    .99   .182   .798   .261   2.11   .268   .005   1
 261 cr637b   1666 2003    338     12      0    .692    .29    .86   .157   .759   .281   2.29   .286  -.004   2
 262 cr638a   1745 2003    259      9      0    .686    .38   1.17   .225   .882   .204   1.57   .192  -.007   1
 263 cr638b   1745 2003    259      9      0    .689    .38   1.46   .264   .892   .229   1.55   .203  -.007   1
 264 cr639a   1796 2003    208      7      0    .712    .45   1.17   .192   .818   .190   1.66   .186  -.014   1
 265 cr639b   1796 2003    208      7      0    .697    .35   1.09   .159   .839   .213   1.67   .202  -.012   2
 266 cr640a   1684 2003    320     11      0    .547    .30   1.03   .166   .833   .231   2.01   .241   .002   1
 267 cr640b   1684 2003    320     11      0    .499    .16    .64   .083   .783   .241   2.37   .241   .013   1
 268 cr641a   1805 2003    199      6      0    .682    .52   1.07   .179   .691   .211   1.66   .219  -.019   1
 269 cr641b   1805 2003    199      6      0    .676    .51    .96   .186   .693   .226   1.80   .228   .011   2
 270 CR642A   1786 2003    218      7      0    .688    .37   1.31   .161   .696   .245   1.99   .243  -.017   1
 271 CR642B   1786 2003    218      7      0    .703    .46   1.15   .188   .707   .237   1.66   .227  -.006   3
 272 cr643a   1884 2003    120      3      0    .688    .55   1.23   .215   .744   .217   1.63   .209   .005   1
 273 cr643b   1884 2003    120      3      0    .671    .31    .78   .125   .686   .227   1.77   .230  -.022   1
 274 cr701a   1773 2003    231      8      0    .695    .35   1.03   .247   .870   .254   1.87   .250  -.016   1
 275 cr701b   1773 2003    231      8      0    .702    .25   1.18   .188   .867   .279   1.87   .250   .004   0
 276 cr702a   1756 2003    248      8      0    .742    .25    .76   .124   .704   .274   1.78   .245   .023   0
 277 cr702b   1756 2003    248      8      0    .707    .34    .94   .135   .709   .238   1.73   .213   .008   0
 278 cr703a   1805 2003    199      6      0    .636    .30    .83   .125   .729   .243   1.93   .244   .003   2
 279 cr703b   1805 2003    199      6      0    .665    .43   1.22   .211   .812   .226   1.78   .240  -.017   2
 280 cr704a   1769 2003    235      8      0    .498    .19    .53   .060   .634   .182   1.63   .177   .018   1
 281 cr704b   1770 2003    234      8      0    .486    .33    .96   .128   .789   .181   1.47   .183  -.011   3
 282 cr705a   1729 2003    275      9      0    .717    .26    .68   .116   .731   .238   1.69   .215  -.017   3
 283 cr705b   1729 2003    275      9      1    .583    .28    .83   .130   .792   .216   1.64   .190   .044   0
 284 cr705c   1732 2003    272      9      0    .656    .34    .96   .128   .663   .231   1.77   .215   .007   2
 285 cr705d   1732 2003    272      9      0    .740    .37    .94   .142   .699   .220   1.70   .196  -.031   0
 286 cr708c   1697 2003    307     11      0    .648    .17    .39   .072   .671   .260   2.16   .257  -.004   1
 287 cr709a   1811 2003    193      6      0    .603    .44    .90   .181   .833   .185   1.50   .186  -.002   1
 288 cr709b   1811 2003    193      6      0    .526    .42   1.01   .139   .736   .191   1.59   .183   .017   3
 289 cr710a   1737 2003    267      9      0    .558    .24    .64   .101   .616   .289   1.84   .267   .053   0
 290 cr710b   1737 2003    267      9      0    .673    .35    .81   .128   .587   .260   1.85   .242  -.004   1
 291 cr711a   1680 2003    324     11      0    .661    .28    .57   .091   .653   .219   1.70   .201   .050   0
 292 cr711b   1680 2003    324     11      0    .665    .35    .80   .130   .729   .219   1.58   .205  -.010   1
 293 cr712a   1769 2003    235      8      0    .644    .34    .79   .113   .532   .227   1.99   .239  -.004   1
 294 cr712b   1769 1994    226      7      1    .604    .48   1.54   .228   .744   .204   2.64   .236   .002   3
 295 cr713a   1725 2003    279      9      0    .706    .29    .71   .128   .674   .262   1.94   .241  -.001   2
 296 cr713b   1725 1990    266      8      0    .741    .29    .92   .156   .719   .272   2.01   .258   .004   2
 297 cr714a   1837 2003    167      5      0    .451    .33    .74   .144   .848   .182   1.51   .177  -.007   1
 298 cr714b   1837 1988    152      4      0    .474    .35    .91   .153   .793   .207   1.72   .204   .005   1
 299 cr715a   1670 2003    334     12      0    .626    .17    .47   .063   .647   .251   2.37   .255  -.012   1
 300 cr715b   1670 2003    334     12      0    .620    .21    .69   .090   .776   .218   2.04   .214  -.009   1
 301 cr716a   1886 2003    118      3      0    .556    .60    .88   .133   .685   .146   1.40   .149   .014   1
 302 cr717a   1706 2003    298     10      0    .717    .42   1.00   .175   .714   .225   1.58   .213  -.013   1
 303 cr717b   1706 2003    298     10      0    .740    .39    .98   .194   .803   .231   1.84   .210  -.012   1
 304 cr718a   1673 2003    331     12      0    .691    .21    .57   .103   .643   .314   1.87   .271  -.001   1
 305 cr718b   1673 2003    331     12      0    .668    .21    .58   .112   .758   .287   1.82   .263   .029   0
 306 cr719a   1800 2003    204      6      0    .625    .45   1.02   .152   .731   .195   1.57   .185   .022   2
 307 cr719b   1800 1993    194      5      0    .573    .49   1.20   .173   .742   .191   1.54   .185   .012   1
 308 cr720a   1792 2003    212      7      0    .602    .33    .96   .157   .804   .255   1.97   .238   .026   2
 309 cr721a   1740 1919    180      5      0    .565    .23    .55   .082   .592   .242   1.57   .223   .057   0
 310 cr721b   1741 2003    263      9      0    .589    .19    .49   .092   .848   .223   1.55   .206  -.008   3
 311 cr722a   1542 1919    378     13      1    .486    .15    .73   .114   .884   .251   1.82   .244  -.017   3
 312 cr722b   1542 1919    378     13      0    .542    .19    .90   .127   .853   .235   1.93   .248   .014   1
 313 cr723a   1593 2003    411     15      0    .701    .17    .54   .094   .787   .262   1.61   .216  -.015   1
 314 cr723b   1593 2003    411     15      0    .669    .22    .71   .107   .838   .216   1.81   .199   .016   0
 315 cr723c   1556 2003    448     16      0    .722    .23    .74   .134   .852   .243   1.81   .215  -.030   0
 316 cr723d   1556 2003    448     16      0    .668    .27    .98   .138   .827   .226   1.87   .211  -.010   1
 317 cr724a   1716 2003    288     10      0    .700    .33    .74   .099   .407   .247   1.92   .240   .011   3
 318 cr724b   1716 1994    279      9      0    .683    .23    .60   .104   .694   .254   2.13   .252   .000   3
 319 cr725a   1793 2003    211      7      0    .727    .36    .77   .115   .646   .203   1.62   .183   .068   0
 320 cr725b   1772 1986    215      7      0    .788    .31    .62   .105   .743   .194   1.54   .169  -.072   0
 321 cr726a   1766 2003    238      8      0    .656    .19    .64   .128   .792   .294   1.99   .285   .005   3
 322 cr726b   1766 2002    237      8      0    .723    .32   1.01   .153   .674   .268   2.02   .265  -.011   1
 323 cr727a   1799 2003    205      7      0    .588    .52   1.14   .197   .735   .213   1.65   .221  -.006   1
 324 cr727b   1799 2003    205      7      0    .484    .59   1.14   .200   .720   .198   1.65   .205  -.013   1
 325 cr728a   1778 2003    226      7      0    .719    .33    .71   .129   .645   .255   1.86   .225  -.045   0
 326 cr728b   1778 2003    226      7      0    .745    .35    .64   .128   .681   .230   1.89   .212   .073   0
 327 cr729a   1759 2003    245      8      0    .729    .37   1.22   .133   .680   .202   2.05   .203  -.003   1
 328 cr729b   1759 2003    245      8      0    .667    .45   1.43   .133   .471   .199   2.62   .217   .005   1
 329 cr730a   1712 2003    292     10      0    .656    .33    .80   .149   .672   .281   2.33   .274  -.009   3
 330 cr730b   1712 2003    292     10      0    .731    .21    .50   .083   .657   .256   1.84   .235  -.009   0
 331 cr731a   1820 2003    184      6      0    .535    .39    .95   .129   .656   .203   2.01   .219   .008   3
 332 cr731b   1789 2003    215      7      0    .634    .50   1.09   .188   .725   .205   1.90   .202  -.017   3
 333 cr732a   1830 2003    174      5      0    .805    .41    .79   .103   .491   .186   1.64   .191  -.007   2
 334 cr732b   1752 2003    252      8      0    .706    .36    .84   .116   .673   .190   1.73   .192  -.003   1
 335 cr733a   1645 2003    359     13      0    .689    .26    .73   .127   .738   .282   1.84   .230  -.028   3
 336 cr734a   1850 2003    154      4      0    .625    .38    .89   .195   .833   .208   1.63   .212   .008   2
 337 cr734b   1809 2003    195      6      1    .590    .34    .71   .167   .840   .204   1.58   .205  -.017   1
 338 cr735a   1805 2003    199      6      0    .610    .29    .95   .177   .855   .247   1.87   .238   .082   0
 339 cr735b   1889 2003    115      3      0    .675    .34    .94   .181   .774   .248   1.81   .236   .017   1
 340 cr736a   1863 2003    141      4      0    .600    .38    .66   .101   .611   .194   1.42   .173   .004   0
 341 cr736b   1885 2003    119      3      1    .536    .51   1.11   .170   .718   .197   1.48   .182  -.011   2
 342 cr737a   1710 2003    294     10      0    .728    .32    .92   .161   .759   .268   1.68   .228  -.002   1
 343 cr737b   1710 2003    294     10      0    .711    .42    .92   .171   .712   .229   1.79   .225   .075   0
 344 cr738a   1744 2003    260      9      0    .671    .28    .81   .142   .773   .260   1.98   .249   .043   0
 345 cr738b   1744 2003    260      9      0    .696    .31    .94   .138   .665   .272   1.89   .251   .043   0
 346 cr739a   1406 2003    598     22      0    .661    .17    .50   .065   .540   .305   1.82   .258  -.036   0
 347 cr739b   1406 1783    378     13      0    .617    .18    .45   .068   .586   .289   1.88   .244   .001   3
 348 cr740a   1747 2003    257      9      0    .750    .60   1.25   .186   .543   .229   1.64   .213  -.006   1
 349 cr740b   1767 2003    237      8      0    .740    .63   1.29   .246   .725   .219   2.11   .202  -.002   0
 350 cx801a   1647 1945    299     10      0    .604    .24    .85   .127   .854   .235   1.85   .218  -.003   2
 351 cx801b   1647 1936    290     10      0    .635    .24    .63   .130   .866   .219   1.79   .204  -.003   2
 352 cx802a   1699 1952    254      8      0    .528    .36    .76   .152   .770   .218   1.62   .217  -.046   3
 353 cx802b   1699 1944    246      8      0    .608    .31   1.19   .215   .891   .224   1.64   .222   .032   1
 354 cx803a   1600 1789    190      5      0    .628    .40   1.02   .230   .773   .322   1.87   .262  -.002   1
 355 cx803b   1600 1779    180      6      0    .677    .41   1.01   .209   .735   .287   1.91   .245  -.079   0
 356 cx804a   1736 1957    222      7      0    .627    .37    .74   .116   .619   .210   1.79   .209  -.026   3
 357 cx804b   1736 1956    221      7      0    .585    .30    .73   .108   .689   .215   1.67   .203   .017   1
 358 cx805a   1488 1859    372     13      0    .547    .13    .53   .077   .876   .211   1.64   .209  -.008   2
 359 cx805b   1488 1850    363     13      0    .552    .15    .60   .080   .816   .237   1.93   .218  -.012   3
 360 cx806a   1630 1829    200      6      0    .537    .19    .45   .089   .822   .221   1.71   .205  -.009   3
 361 cx806b   1534 1886    353     12      0    .516    .19    .53   .087   .823   .213   2.02   .214  -.003   3
 362 cx807a   1544 1790    247      8      0    .657    .20    .42   .070   .618   .258   1.79   .230  -.011   3
 363 cx807b   1544 1779    236      8      0    .653    .17    .43   .093   .802   .288   1.79   .262  -.017   3
 364 cx808a   1450 1847    398     13      0    .625    .18    .67   .079   .696   .242   1.97   .249  -.002   3
 365 cx808b   1419 1835    417     15      0    .578    .21    .61   .087   .722   .243   1.79   .243  -.011   1
 366 cx809a   1510 1842    333     11      0    .603    .15    .44   .050   .608   .227   2.01   .219  -.009   1
 367 cx809b   1510 1812    303     10      0    .688    .17    .43   .068   .741   .217   1.74   .214  -.013   1
 368 cx810a   1576 1808    233      7      0    .620    .27    .71   .117   .716   .237   1.78   .213  -.014   0
 369 cx810b   1576 1826    251      8      0    .668    .25    .87   .144   .806   .256   1.86   .237   .055   0
 370 cx811a   1569 1894    326     11      0    .655    .14    .35   .070   .762   .265   1.93   .270  -.012   1
 371 cx811b   1569 1844    276      9      0    .666    .15    .38   .063   .773   .216   1.70   .222   .012   2
 372 cx812a   1536 1802    267      9      0    .658    .21    .43   .066   .561   .224   1.75   .208  -.009   3
 373 cx812b   1536 1803    268      9      0    .684    .21    .45   .069   .541   .239   1.75   .212  -.007   0
 374 cx813a   1510 1807    298     10      0    .502    .16    .45   .096   .840   .266   1.76   .251  -.017   1
 375 cx813b   1510 1785    276      9      0    .475    .17    .47   .078   .761   .242   1.91   .242  -.005   1
 376 cx814a   1506 1854    349     12      0    .680    .18    .83   .108   .826   .258   1.66   .232  -.000   1
 377 cx814b   1506 1837    332     11      0    .714    .20    .78   .098   .769   .272   1.71   .243  -.023   3
 378 cx815a   1489 1842    354     12      0    .599    .27    .91   .152   .876   .220   1.69   .203  -.021   3
 379 cx815b   1489 1835    347     12      0    .615    .23    .97   .155   .911   .220   1.63   .205  -.014   2
 380 cx816a   1680 1955    276      9      1    .511    .22    .52   .067   .613   .203   1.66   .192  -.012   3
 381 cx816b   1720 1944    225      7      0    .549    .24    .49   .073   .703   .188   1.64   .172  -.004   3
 382 cx817a   1504 1811    308     10      0    .686    .23    .57   .081   .587   .252   1.77   .233  -.020   3
 383 cx817b   1504 1801    298     10      0    .642    .22    .50   .068   .494   .257   1.92   .234  -.002   3
 384 cx818a   1419 1835    417     15      0    .539    .20    .42   .060   .653   .201   1.63   .186  -.015   3
 385 cx818b   1419 1850    432     16      2    .519    .20    .51   .066   .689   .213   1.71   .195   .004   2
 386 cx819a   1457 1835    379     13      0    .629    .17    .53   .084   .772   .252   1.93   .237   .006   2
 387 cx819b   1457 1835    379     13      0    .610    .19    .59   .071   .632   .240   2.00   .220   .070   0
 388 cx820a   1600 1844    245      7      0    .553    .24    .59   .088   .677   .230   2.02   .232  -.005   3
 389 cx820b   1600 1837    238      7      0    .505    .23    .55   .090   .713   .229   1.61   .218   .009   3
 390 cr801a   1870 2003    134      4      0    .533    .53    .96   .148   .670   .177   1.48   .172  -.003   2
 391 cr801b   1870 2003    134      4      0    .539    .47    .99   .153   .723   .190   1.58   .186  -.019   1
 392 cr802a   1840 1919     80      1      0    .474    .26    .60   .073   .391   .206   1.86   .204   .074   0
 393 cr802b   1837 2003    167      5      0    .632    .18    .30   .048   .461   .231   1.66   .205   .104   0
 394 cr803a   1829 2003    175      5      0    .678    .70   1.72   .299   .770   .220   1.59   .203   .010   2
 395 cr803b   1829 1999    171      5      0    .646    .64   1.71   .274   .788   .208   1.48   .190   .079   0
 396 cr804a   1841 2003    163      5      0    .660    .60   2.21   .331   .687   .266   2.00   .250   .005   2
 397 cr804b   1841 2003    163      5      0    .634    .77   2.21   .405   .724   .240   2.03   .224  -.004   2
 398 CR805A   1743 2003    261      9      0    .628    .26   1.01   .141   .824   .232   2.12   .238  -.004   3
 399 cr805b   1743 2003    261      9      0    .578    .25    .95   .128   .778   .228   2.23   .237  -.014   3
 400 cr806a   1794 1949    156      5      0    .585    .25    .51   .100   .792   .209   2.35   .212   .040   0
 401 cr806b   1794 1949    156      5      0    .567    .25    .53   .099   .799   .203   2.30   .214   .061   0
 402 cr807a   1766 2003    238      8      0    .540    .34   1.18   .184   .873   .193   1.70   .210  -.003   1
 403 cr807b   1766 2003    238      8      0    .606    .31   1.06   .198   .904   .186   1.58   .197  -.000   1
 404 cr808a   1758 2003    246      8      0    .666    .27    .82   .146   .791   .258   2.01   .248  -.005   2
 405 cr808b   1758 1919    162      4      0    .692    .29    .71   .143   .842   .234   1.65   .222  -.000   2
 406 cr809a   1821 2003    183      6      0    .623    .52   1.59   .292   .736   .273   1.82   .254  -.003   2
 407 cr810a   1836 2003    168      5      0    .734    .50   1.46   .295   .807   .241   1.60   .207   .001   3
 408 cr810b   1836 2003    168      5      0    .701    .45   1.50   .271   .791   .248   1.82   .234   .051   0
 409 cr811a   1831 2003    173      5      0    .675    .56   1.15   .204   .730   .217   1.67   .206   .009   2
 410 cr811b   1831 2003    173      5      0    .682    .62   1.14   .209   .729   .197   1.62   .186  -.006   2
 411 cr812a   1871 2003    133      4      0    .685    .54   1.02   .185   .610   .221   1.51   .200  -.028   2
 412 cr812b   1871 2003    133      4      0    .644    .64   1.13   .180   .459   .237   1.50   .198  -.024   2
 413 cr813a   1839 2003    165      5      0    .662    .37    .99   .148   .646   .236   1.73   .237   .015   1
 414 cr813b   1893 2003    111      3      0    .750    .29    .70   .112   .690   .224   1.69   .218   .005   1
 415 cr814a   1868 2003    136      4      0    .752   1.05   2.80   .659   .895   .189   1.51   .155   .004   1
 416 cr814b   1868 2003    136      4      0    .744    .90   2.41   .570   .868   .195   1.49   .173  -.083   0
 417 cr815a   1723 2003    281     10      0    .740    .46   1.25   .164   .552   .260   1.74   .223  -.014   0
 418 cr815b   1777 2003    227      7      0    .736    .44   1.08   .170   .651   .256   1.69   .222   .052   0
 419 cr816a   1881 2003    123      3      0    .675    .43   1.81   .360   .912   .264   1.75   .226   .017   0
 420 cr817a   1725 2003    279      9      0    .695    .33    .74   .133   .726   .246   1.60   .219  -.004   2
 421 cr817b   1687 2003    317     11      0    .698    .35    .94   .185   .784   .263   1.81   .233  -.014   0
 422 cr818a   1675 2003    329     12      0    .761    .27    .60   .110   .751   .237   1.75   .206  -.070   0
 423 cr818b   1675 2003    329     12      0    .766    .28    .57   .101   .713   .224   1.64   .195  -.032   0
 424 cr819a   1838 2003    166      5      0    .719    .53   1.47   .233   .768   .233   1.70   .213  -.017   1
 425 cr820a   1886 2003    118      3      0    .654    .50   1.08   .185   .790   .210   1.53   .188   .033   0
 426 cr821a   1874 2003    130      4      0    .748    .88   2.59   .492   .802   .204   1.85   .203  -.028   1
 427 cr821b   1872 2003    132      4      0    .702    .89   3.04   .541   .835   .198   1.75   .201  -.005   2
 --- -------- ---------  -----  -----  -----   ------ -----  -----  -----  -----  -----  -----  -----  -----  --
 Total or mean:         107560   3525     30    .637    .29   3.24   .141   .738   .247  23.09   .235   .002

 DATA CHECKS (rwl.check): cana314
-----------------------------------------------------------------------------------------------------------------------------------
 rwl.check: data_files/treering/measurements/northamerica/canada/cana314.rwl
 427 series, 107560 measurements, 1046-2003, 0.001 mm precision
 0 error(s), 2 warning(s), 85 note(s)
 -------------
 WARNING
   RWL_SERIES_OUTLIER (2)
     cx107a: correlates with the rest of the collection at r = 0.199 where the collection median is 0.616 (5 MAD below it); it does not fit the collection it is in
     cx202a: correlates with the rest of the collection at r = 0.161 where the collection median is 0.616 (5.4 MAD below it); it does not fit the collection it is in
 85 note(s) not shown; see rwl.check() or the 'check' element of this report.

 NOTES
-----------------------------------------------------------------------------------------------------------------------------------
 Report generated using dplR 1.8.1 (R 4.5.2) on 2026-10-01 16:52 PDT.
 Measurement file cana314.rwl, MD5 1ee1a0b6c9c2034af221be315bfc3ef4.
 Filtering: each series divided by a 32-year smoothing spline (caps()), then prewhitened with
   an AR model (order by AIC, at most 3).
 Master: biweight robust mean of the other series (leave-one-out).
 Correlation: Pearson, one-tailed, pcrit = 0.01; critical r = 0.3281 for 50-year segments.
 Segments: 50 years, lagged 25, first segment floored to 100. Lags searched: +/- 10 years.
 A segment is tested only where the series and the master cover all of it, at the dated
   position and at every lag. COFECHA also tests partial segments at the ends of a series, so
   series here may show fewer segments, and no flags can be raised at the ends of the record.
 Lags follow COFECHA: negative means rings are probably missing from the series, positive means
   false rings. A missing ring carries its lag into every segment before it, so look where the
   lag changes along a series. A B flag is a hypothesis to check on the wood; the gain says how
   seriously to take it.
 A B flag marked "weak at every lag" correlates under the critical value even at its best lag:
   the segment is weak wherever it is placed, and the shift is not evidence of a dating error.
   Treat it as a low correlation, like an A.
 Averages in the summary and the totals are weighted by the number of years in each series, as
   COFECHA's are.
 Unfiltered block and mean sensitivity: the measurements as read, and sens1().
 dplR filtered block: the series that was correlated, after filtering. COFECHA's filtered
   series is defined differently, so these three columns are not COFECHA's numbers.
 AR: order of the AR model used to prewhiten.
