
 COFECHA-style crossdating report: cana590
 Report generated using dplR 1.8.1 (R 4.5.2) on 2026-10-01 16:55 PDT
 Built with dplR's xdate.report(), not COFECHA; see the notes at the end.


      Measurement file name  : cana590.rwl
      MD5 of measurement file: 5ac9006108279200b3f3a7c0cccb6e6c
      Date checked           : 01OCT26
      Beginning year         : 1643
      Ending year            : 2013
      Principal investigators: Strong, W.L.
      Site name              : Takhini Valley
      Species information    : PCGL Picea glauca (Moench) Voss
      Latitude               : 60.7600 N
      Longitude              : 135.7400 W
      Elevation              : 870 m

      Series intercorrelation: 0.631
      Avg mean sensitivity   : 0.276
      Avg standard deviation : 0.604
      Avg autocorrelation    : 0.753
      Number dated series    : 859
      Series crossdated      : 856
      Segment length tested  : 50

      Number problem segments: 199  (A 21, B 178; 72 of the B weak at every lag)
      Pct problem segments   : 7.75


 CORRELATION OF SERIES BY SEGMENTS: cana590
-----------------------------------------------------------------------------------------------------------------------------------
 Correlations of  50-year dated segments, lagged  25 years
 Flags:  A = correlation under   .3281 but highest as dated;  B = correlation higher at other than dated position

 Seq Series  Time_span  1700 1725 1750 1775 1800 1825 1850 1875 1900 1925 1950 
                        1749 1774 1799 1824 1849 1874 1899 1924 1949 1974 1999 
 --- -------- ---------  ---- ---- ---- ---- ---- ---- ---- ---- ---- ---- ---- 
   1 TK0003   1869 2013                                     .43  .71  .72  .71 
   2 TK0004   1942 2013                                                    .74 
   3 TK0005   1945 2013                                                    .57 
   4 TK0006   1938 2013                                                    .69 
   5 TK0007   1896 2013                                          .49  .56  .68 
   6 TK0009   1912 2013                                               .69  .75 
   7 TK0010   1895 2013                                          .65  .76  .79 
   8 TK0012   1931 2013                                                    .71 
   9 TK0014   1851 2013                                     .64  .67  .74  .77 
  10 TK0016   1887 2013                                          .54  .65  .81 
  11 TK0023   1899 2013                                          .60  .67  .66 
  12 TK0024   1889 2013                                          .58  .66  .72 
  13 TK0026   1875 2013                                          .27B .37  .43 
  14 TK0030   1847 2013                               -.06B .12B .19A .32A .29A
  15 TK0033   1931 2013                                                    .39 
  16 TK0046   1884 2013                                          .24B .27B .61 
  17 TK0048   1918 2013                                               .68  .48 
  18 TK0049   1889 2013                                          .57  .60  .32A
  19 TK0051   1861 2013                                     .69  .71  .72  .65 
  20 TK0057   1879 2013                                          .51  .43  .43 
  21 TK0059   1895 2013                                          .09B .09B .11B
  22 TK0069   1836 2013                                .58  .59  .43  .49  .62 
  23 TK0080   1842 2013                                .42  .52  .57  .66  .70 
  24 TK0082   1920 2013                                               .19B .26B
  25 TK0084   1903 2013                                               .53  .57 
  26 TK0086   1863 2013                                     .26B .49  .54  .50 
  27 TK0087   1897 2013                                          .61  .70  .55 
  28 TK0093   1877 2013                                          .71  .67  .75 
  29 TK0097   1910 2013                                               .49  .60 
  30 TK0098   1871 2013                                     .35  .47  .67  .52 
  31 TK0099   1884 2013                                          .59  .67  .76 
  32 TK0100   1922 2013                                               .78  .82 
  33 TK0104   1887 2013                                          .45  .37  .53 
  34 TK0105   1863 2013                                     .63  .64  .69  .75 
  35 TK0106   1917 2013                                               .53  .57 
  36 TK0110   1905 2013                                               .54  .56 
  37 TK0111   1929 2013                                                    .57 
  38 TK0113   1938 2013                                                    .68 
  39 TK0116   1914 2013                                               .44  .52 
  41 TK0132   1918 2013                                               .67  .80 
  42 TK0133   1781 2013                      .24B .30B .54  .66  .66  .31A .34 
  43 TK0134   1915 2013                                               .55  .72 
  44 TK0135   1929 2013                                                    .74 
  45 TK0136   1915 2013                                               .63  .62 
  46 TK0138   1906 2013                                               .58  .56 
  48 TK0140   1913 2013                                               .59  .74 
  49 TK0141   1875 2013                                          .60  .68  .78 
  50 TK0142   1853 2013                                     .45  .46  .22B .35 
  51 TK0143   1917 2013                                               .61  .53 
  52 TK0144   1925 2013                                               .54  .77 
  53 TK0145   1885 2013                                          .74  .77  .80 
  54 TK0146   1893 2013                                          .58  .58  .70 
  55 TK0147   1907 2013                                               .55  .65 
  56 TK0148   1856 2013                                     .60  .78  .81  .79 
  57 TK0149   1894 2013                                          .79  .72  .60 
  58 TK0150   1869 2013                                     .53  .67  .66  .72 
  59 TK0151   1891 2013                                          .68  .69  .73 
  60 TK0152   1911 2013                                               .64  .75 
  61 TK0153   1942 2013                                                    .55 
  62 TK0154   1927 2013                                                    .73 
  63 TK0155   1891 2013                                          .74  .72  .82 
  64 TK0156   1845 2013                                .53  .53  .79  .72  .64 
  65 TK0157   1934 2013                                                    .75 
  66 TK0158   1923 2013                                               .48  .70 
  67 TK0159   1902 2013                                               .59  .75 
  68 TK0160   1906 2013                                               .68  .73 
  69 TK0161   1643 2013  .04B .08B .22B-.10B .45  .63  .56  .44  .57  .77  .82 
  70 TK0162   1899 2013                                               .71  .64 
  71 TK0163   1854 2013                                     .77  .70  .67  .76 
  72 TK0164   1897 2013                                          .64  .61  .59 
  73 TK0165   1896 2013                                          .64  .61  .73 
  74 TK0166   1898 2013                                          .69  .72  .77 
  75 TK0167   1865 2013                                     .60  .73  .63  .31A
  76 TK0168   1906 2013                                               .81  .74 
  77 TK0169   1887 2013                                          .80  .77  .76 
  78 TK0170   1887 2013                                          .79  .70  .73 
  79 TK0171   1893 2013                                          .73  .77  .80 
  80 TK0172   1872 2013                                     .74  .72  .50  .56 
  81 TK0173   1905 2013                                               .55  .63 
  82 TK0174   1910 2013                                               .51  .58 
  83 TK0175   1882 2013                                          .75  .72  .56 
  84 TK0176   1913 2013                                               .69  .74 
  85 TK0177   1927 2013                                                    .81 
  86 TK0179   1937 2013                                                    .70 
  87 TK0180   1888 2013                                          .61  .71  .79 
  88 TK0181   1910 2013                                               .66  .73 
  89 TK0182   1919 2013                                               .59  .57 
  90 TK0183   1908 2013                                               .77  .82 
  91 TK0184   1888 2013                                          .79  .80  .87 
  92 TK0185   1884 2013                                          .79  .72  .75 
  93 TK0186   1888 2013                                          .74  .54  .57 
  94 TK0187   1886 2013                                          .78  .69  .79 
  95 TK0188   1942 2013                                                    .72 
  96 TK0189   1950 2013                                                    .63 
  97 TK0190   1885 2013                                          .09B .29A .61 
  98 TK0191   1875 2013                                          .67  .58  .67 
 100 TK0193   1899 2013                                          .59  .56  .59 
 101 TK0194   1880 2013                                          .58  .50  .76 
 102 TK0195   1898 2013                                          .69  .66  .76 
 103 TK0198   1882 2013                                          .65  .72  .75 
 104 TK0199   1905 2013                                               .72  .83 
 105 TK0200   1918 2013                                               .66  .81 
 106 TK0201   1863 2013                                     .74  .67  .52  .59 
 108 TK0203   1892 2013                                          .77  .60  .55 
 109 TK0204   1907 2013                                               .17B .43 
 110 TK0205   1910 2013                                               .73  .74 
 111 TK0206   1882 2013                                          .68  .36  .42 
 112 TK0207   1900 2013                                               .42  .39 
 113 TK0211   1867 2013                                     .77  .81  .77  .79 
 114 TK0212   1888 2013                                          .63  .57  .53 
 115 TK0213   1839 2013                                .74  .70  .71  .55  .47 
 116 TK0214   1838 2013                                .75  .73  .66  .58  .59 
 117 TK0215   1893 2013                                          .80  .68  .76 
 118 TK0216   1806 2013                          -.10B .06B-.06B-.07B .09B .45 
 119 TK0217   1927 2013                                                    .80 
 120 TK0218   1914 2013                                               .33  .38 
 121 TK0219   1843 2013                                .41  .58  .51  .43  .64 
 122 TK0220   1899 2013                                          .72  .69  .68 
 123 TK0224   1902 2013                                               .72  .72 
 124 TK0229   1880 2013                                          .75  .72  .62 
 125 TK0231   1887 2013                                          .50  .70  .73 
 126 TK0233   1828 2013                                .41  .48  .54  .58  .56 
 127 TK0234   1805 2013                           .71  .72  .77  .75  .70  .70 
 128 TK0235   1927 2013                                                    .79 
 129 TK0236   1867 2013                                     .16B .68  .74  .73 
 130 TK0237   1889 2013                                          .67  .55  .61 
 131 TK0238   1915 2013                                               .77  .77 
 132 TK0239   1892 2013                                          .75  .76  .82 
 133 TK0240   1904 2013                                               .70  .71 
 134 TK0241   1864 2013                                     .69  .73  .64  .74 
 135 TK0242   1906 2013                                               .53  .59 
 136 TK0243   1877 2013                                          .70  .61  .69 
 137 TK0244   1900 2013                                               .62  .43 
 138 TK0245   1869 2013                                     .71  .81  .81  .86 
 139 TK0246   1889 2013                                          .64  .56  .61 
 140 TK0247   1886 2013                                          .68  .74  .68 
 141 TK0248   1886 2013                                          .70  .61  .75 
 142 TK0249   1883 2013                                          .65  .66  .69 
 143 TK0250   1884 2013                                          .69  .55  .66 
 144 TK0251   1833 2013                                .44  .51  .57  .58  .60 
 145 TK0252   1886 2013                                          .74  .70  .70 
 146 TK0253   1902 2013                                               .79  .85 
 147 TK0254   1914 2013                                               .66  .74 
 148 TK0255   1893 2013                                         -.22B .04B .28B
 149 TK0258   1899 2013                                          .70  .60  .51 
 150 TK0259   1912 2013                                               .40  .73 
 151 TK0260   1874 2013                                     .63  .44  .52  .71 
 152 TK0261   1881 2013                                          .57  .63  .50 
 153 TK0263   1833 2013                                .74  .70  .64  .65  .74 
 154 TK0266   1917 2013                                               .65  .71 
 155 TK0268   1829 2013                                .74  .71  .48  .53  .78 
 156 TK0269   1841 2013                                .70  .69  .71  .79  .86 
 157 TK0271   1904 2013                                               .73  .76 
 158 TK0274   1898 2013                                               .72  .63 
 159 TK0275   1890 2013                                          .65  .51  .56 
 160 TK0276   1902 2013                                               .72  .76 
 161 TK0277   1907 2013                                               .72  .72 
 162 TK0278   1882 2013                                          .75  .55  .48 
 163 TK0279   1908 2013                                               .21B .48 
 164 TK0280   1885 2013                                          .79  .71  .68 
 165 TK0281   1892 2013                                          .76  .78  .79 
 166 TK0282   1906 2013                                               .60  .63 
 167 TK0283   1870 2013                                     .71  .76  .76  .78 
 168 TK0284   1882 2013                                          .72  .70  .73 
 169 TK0285   1883 2013                                          .78  .66  .48 
 170 TK0286   1879 2013                                          .37  .51  .65 
 171 TK0287   1840 2005                                .71  .77  .72  .57  .39 
 172 TK0288   1901 2013                                               .70  .63 
 173 TK0289   1891 2013                                          .80  .73  .72 
 174 TK0290   1876 2013                                          .63  .59  .79 
 175 TK0291   1858 2013                                     .44  .46  .56  .70 
 176 TK0292   1915 2013                                               .59  .68 
 177 TK0293   1866 2013                                     .49  .47  .44  .57 
 179 TK0295   1870 2013                                     .76  .75  .71  .73 
 180 TK0296   1901 2013                                               .62  .72 
 181 TK0297   1894 2013                                          .74  .73  .74 
 182 TK0298   1902 2013                                               .71  .78 
 183 TK0299   1901 2013                                               .74  .79 
 184 TK0300   1905 2013                                               .70  .82 
 185 TK0301   1908 2013                                               .69  .80 
 186 TK0302   1886 2013                                          .68  .73  .86 
 187 TK0303   1899 2013                                          .75  .74  .79 
 188 TK0304   1903 2008                                               .15B .08B
 189 TK0305   1902 2013                                               .53  .48 
 190 TK0307   1910 2013                                               .65  .71 
 191 TK0308   1915 2013                                               .57  .66 
 192 TK0309   1858 2013                                     .72  .66  .56  .62 
 193 TK0310   1901 2013                                               .76  .77 
 194 TK0311   1893 2013                                          .75  .71  .72 
 195 TK0312   1895 2013                                          .83  .79  .85 
 196 TK0313   1844 2013                                .74  .73  .80  .71  .56 
 197 TK0314   1866 2013                                     .23B-.05B-.02B-.09B
 198 TK0315   1854 2013                                     .70  .77  .78  .80 
 199 TK0316   1840 2013                                .74  .85  .82  .75  .79 
 200 TK0317   1904 2013                                               .70  .74 
 201 TK0318   1908 2013                                               .62  .57 
 202 TK0319   1890 2013                                          .71  .80  .82 
 203 TK0320   1833 2013                                .65  .71  .83  .74  .66 
 204 TK0321   1945 2013                                                    .68 
 205 TK0322   1914 2013                                               .77  .84 
 206 TK0323   1918 2013                                               .34  .77 
 207 TK0324   1850 2013                                     .82  .85  .86  .84 
 208 TK0325   1840 2013                                .78  .80  .78  .81  .88 
 209 TK0326   1832 2013                                .77  .79  .87  .87  .89 
 210 TK0327   1895 2013                                          .79  .78  .71 
 211 TK0328   1871 2013                                     .80  .72  .49  .63 
 212 TK0329   1847 2013                                .75  .74  .75  .75  .82 
 213 TK0330   1854 2013                                     .00B .03B-.13B .03B
 214 TK0331   1879 2013                                          .79  .81  .85 
 215 TK0332   1893 2013                                          .80  .84  .86 
 216 TK0333   1892 2013                                          .84  .82  .84 
 217 TK0334   1890 2013                                          .09B .02B .04B
 218 TK0335   1895 2013                                          .77  .79  .83 
 219 TK0336   1897 2013                                          .77  .74  .78 
 220 TK0337   1922 2013                                               .80  .85 
 221 TK0338   1914 2013                                               .82  .89 
 222 TK0339   1865 2013                                     .75  .85  .84  .83 
 223 TK0340   1917 2013                                               .71  .70 
 224 TK0341   1852 2013                                     .82  .85  .74  .76 
 225 TK0342   1834 2013                                .75  .83  .88  .79  .64 
 226 TK0343   1904 2013                                               .75  .83 
 227 TK0344   1855 2013                                    -.06B-.08B .28B .57 
 228 TK0345   1831 2013                                .75  .73  .67  .65  .82 
 229 TK0346   1824 2013                           .60  .75  .72  .71  .72  .78 
 230 TK0347   1889 2013                                          .79  .66  .77 
 231 TK0348   1866 2013                                     .69  .82  .77  .70 
 232 TK0349   1897 2013                                          .61  .58  .83 
 233 TK0350   1893 2013                                          .70  .76  .80 
 234 TK0351   1931 2013                                                    .86 
 235 TK0352   1871 2013                                     .83  .81  .75  .80 
 236 TK0353   1883 2013                                          .56  .59  .61 
 237 TK0354   1856 2013                                     .54  .62  .66  .69 
 238 TK0355   1842 2013                                .55  .66  .69  .53  .59 
 239 TK0356   1866 2013                                     .71  .74  .64  .73 
 240 TK0357   1897 2013                                          .64  .72  .81 
 241 TK0358   1813 2013                           .86  .81  .77  .71  .71  .66 
 242 TK0359   1851 2013                                     .78  .83  .77  .78 
 243 TK0360   1894 2013                                          .71  .71  .64 
 244 TK0361   1901 2013                                               .72  .79 
 245 TK0362   1842 2013                                .76  .71  .80  .82  .83 
 246 TK0363   1906 2013                                               .78  .77 
 247 TK0364   1840 2013                                .74  .69  .63  .58  .60 
 248 TK0365   1890 2013                                          .74  .68  .82 
 249 TK0366   1895 2013                                          .72  .69  .66 
 250 TK0367   1842 2006                                .67  .75  .73  .73  .61 
 251 TK0368   1906 2013                                               .18B .18B
 252 TK0369   1898 2013                                          .77  .59  .62 
 253 TK0370   1927 2013                                                    .67 
 254 TK0371   1892 2013                                          .61  .53  .61 
 255 TK0372   1914 2013                                               .72  .81 
 256 TK0373   1903 2013                                               .60  .53 
 257 TK0374   1908 2013                                               .70  .52 
 258 TK0375   1916 2013                                               .39  .43 
 259 TK0376   1891 2013                                          .73  .57  .48 
 260 TK0377   1921 2013                                               .53  .61 
 261 TK0378   1922 2013                                               .58  .65 
 262 TK0379   1934 2013                                                    .60 
 263 TK0380   1882 2013                                          .80  .67  .69 
 264 TK0381   1912 2013                                               .63  .65 
 265 TK0382   1887 2013                                          .72  .48  .61 
 266 TK0383   1907 2013                                               .59  .60 
 267 TK0384   1927 2013                                                    .53 
 268 TK0385   1891 2013                                          .78  .74  .68 
 269 TK0386   1845 2001                               -.02B-.04B .10B .06B .11B
 270 TK0387   1874 2013                                     .83  .77  .42  .54 
 271 TK0388   1908 2013                                               .32B .54 
 272 TK0389   1935 2013                                                    .65 
 273 TK0390   1916 2013                                               .72  .76 
 274 TK0391   1925 2013                                                    .42 
 275 TK0392   1866 1974                                     .23B .11B .09B     
 276 TK0393   1883 2013                                          .71  .67  .66 
 277 TK0394   1914 2013                                               .61  .59 
 278 TK0395   1858 2013                                     .64  .76  .43  .54 
 279 TK0396   1858 2013                                     .83  .80  .77  .84 
 280 TK0397   1909 2013                                               .41  .60 
 281 TK0398   1825 2013                                .70  .62  .73  .63  .60 
 282 TK0399   1905 2013                                               .53  .66 
 283 TK0400   1836 2013                                .74  .81  .79  .73  .74 
 284 TK0401   1736 2013            .31A .24B .61  .82  .82  .83  .77  .65  .75 
 285 TK0402   1896 2013                                          .69  .45  .50 
 286 TK0403   1881 2013                                          .70  .70  .85 
 287 TK0406   1909 2013                                               .63  .81 
 288 TK0407   1893 2013                                          .84  .58  .64 
 289 TK0408   1904 2013                                               .56  .60 
 290 TK0409   1905 2013                                               .63  .76 
 291 TK0410   1926 2013                                                    .59 
 292 TK0411   1843 2013                                .77  .77  .73  .58  .53 
 293 TK0412   1898 2013                                               .74  .64 
 295 TK0414   1892 2013                                          .57  .52  .43 
 296 TK0415   1946 2013                                                    .60 
 302 TK0421   1880 2013                                          .72  .74  .70 
 303 TK0422   1882 2013                                          .62  .66  .78 
 304 TK0423   1884 2013                                          .57  .62  .74 
 305 TK0424   1913 2013                                               .58  .64 
 306 TK0428   1897 2013                                          .77  .75  .70 
 307 TK0429   1893 2013                                          .60  .53  .68 
 308 TK0431   1911 2013                                               .54  .57 
 309 TK0432   1874 2013                                     .75  .78  .63  .68 
 311 TK0434   1874 2013                                          .63  .56  .63 
 312 TK0435   1893 2013                                          .77  .53  .58 
 313 TK0436   1892 2013                                          .62  .60  .79 
 314 TK0437   1934 2013                                                    .62 
 315 TK0438   1941 2013                                                    .70 
 316 TK0439   1899 2013                                          .63  .71  .70 
 317 TK0440   1899 2013                                          .71  .61  .77 
 318 TK0441   1908 2013                                               .10B .44 
 319 TK0442   1903 2013                                               .79  .86 
 320 TK0443   1922 2013                                               .64  .69 
 321 TK0444   1891 2013                                          .78  .76  .78 
 322 TK0445   1939 2013                                                    .60 
 323 TK0446   1932 2013                                                    .34 
 324 TK0447   1878 2013                                          .61  .67  .81 
 325 TK0456   1904 2013                                               .40  .52 
 326 TK0457   1939 2013                                                    .75 
 327 TK0458   1860 2013                                     .76  .71  .58  .59 
 329 TK0462   1876 2013                                          .67  .49  .72 
 330 TK0464   1878 2013                                          .78  .76  .87 
 331 TK0465   1885 2013                                          .77  .76  .81 
 332 TK0466   1845 2013                                .49  .59  .75  .80  .76 
 333 TK0467   1853 2013                                     .70  .52  .54  .70 
 334 TK0468   1867 2013                                     .76  .78  .79  .80 
 335 TK0469   1883 2013                                          .73  .75  .69 
 336 TK0470   1893 2013                                          .68  .64  .76 
 337 TK0471   1837 2013                                .67  .81  .71  .62  .72 
 338 TK0472   1898 2013                                          .71  .63  .66 
 339 TK0473   1852 2013                                     .54  .72  .78  .78 
 340 TK0475   1868 2013                                     .87  .83  .79  .88 
 341 TK0476   1893 2013                                          .87  .88  .87 
 342 TK0477   1838 2013                                .76  .76  .76  .74  .59 
 343 TK0478   1901 2013                                               .73  .81 
 344 TK0479   1902 2013                                               .65  .79 
 345 TK0480   1870 2013                                     .80  .80  .75  .71 
 346 TK0481   1870 2013                                     .82  .75  .70  .86 
 347 TK0482   1836 2013                                .89  .81  .59  .33  .64 
 348 TK0483   1889 2013                                          .78  .85  .87 
 349 TK0484   1868 2013                                     .76  .70  .74  .90 
 350 TK0485   1918 2013                                               .55  .62 
 351 TK0486   1922 2013                                               .61  .71 
 352 TK0491   1817 2013                          -.14B-.10B .01B-.08B-.05B .33A
 353 TK0496   1914 2013                                               .56  .69 
 354 TK0498   1903 2013                                               .74  .77 
 355 TK0500   1799 2013                           .69  .72  .71  .64  .67  .73 
 356 TK0502   1853 2013                                     .69  .64  .63  .78 
 357 TK0503   1892 2013                                          .58  .60  .74 
 358 TK0504   1942 2013                                                    .68 
 359 TK0506   1906 2013                                               .55  .60 
 360 TK0507   1906 2013                                               .65  .72 
 361 TK0508   1888 2013                                          .61  .61  .72 
 362 TK0509   1850 2013                                     .56  .55  .68  .78 
 363 TK0511   1874 2013                                          .74  .67  .75 
 364 TK0513   1900 2013                                          .62  .53  .35 
 365 TK0515   1894 2013                                          .68  .66  .69 
 366 TK0516   1831 2013                                .66  .73  .69  .68  .82 
 367 TK0518   1901 2013                                               .58  .76 
 368 TK0519   1846 2013                                .77  .73  .61  .54  .71 
 369 TK0520   1913 2013                                               .67  .74 
 370 TK0521   1908 2013                                               .61  .65 
 371 TK0522   1876 2013                                          .61  .68  .72 
 372 TK0523   1890 2013                                          .58  .72  .86 
 373 TK0524   1905 2013                                               .53  .61 
 374 TK0525   1914 2013                                               .74  .84 
 375 TK0526   1838 2013                                .72  .72  .78  .64  .66 
 376 TK0527   1869 2013                                     .77  .80  .72  .81 
 377 TK0528   1841 2013                                .82  .84  .89  .82  .75 
 378 TK0529   1885 2013                                          .80  .84  .89 
 379 TK0530   1893 2013                                          .75  .75  .87 
 380 TK0531   1897 2013                                          .69  .72  .71 
 381 TK0532   1875 2013                                          .71  .70  .74 
 382 TK0533   1801 2013                           .73  .73  .70  .78  .82  .84 
 383 TK0534   1914 2013                                               .79  .88 
 384 TK0535   1829 2013                               -.11B .17B .54  .67  .86 
 385 TK0536   1837 2013                                .76  .73  .63  .38  .62 
 386 TK0537   1757 2013                -.24B-.01B .47  .75  .75  .70  .65  .77 
 387 TK0538   1822 2013                           .63  .64  .63  .60  .57  .75 
 388 TK0539   1760 2011                 .75  .63  .58  .65  .63  .26B-.01B .12B
 389 TK0540   1822 2013                           .77  .75  .70  .69  .66  .66 
 390 TK0541   1779 2013                      .79  .80  .54  .48  .65  .72  .81 
 392 TK0543   1887 2013                                          .72  .69  .75 
 393 TK0544   1761 1980                 .04B-.06B .01B .16B .22B .09B .05B     
 394 TK0545   1886 2013                                          .58  .72  .86 
 395 TK0546   1899 2013                                          .55  .69  .71 
 396 TK0547   1839 2013                                .68  .63  .61  .74  .69 
 397 TK0548   1850 2013                                     .62  .71  .66  .61 
 398 TK0549   1884 2013                                          .81  .80  .88 
 399 TK0550   1848 2013                                     .17B .06B .12B .40 
 400 TK0551   1905 2013                                               .70  .73 
 401 TK0554   1904 2013                                               .74  .78 
 402 TK0555   1881 2013                                          .68  .77  .82 
 403 TK0556   1767 2013                -.15B-.08B .06B .12B-.11B-.08B .32A .65 
 404 TK0557   1842 2013                                .75  .77  .78  .78  .83 
 405 TK0558   1843 2013                                .82  .83  .79  .74  .82 
 406 TK0559   1908 2013                                               .75  .80 
 407 TK0560   1823 2013                           .85  .87  .84  .65  .50  .75 
 408 TK0561   1915 2013                                               .71  .68 
 409 TK0562   1893 2013                                          .75  .72  .85 
 410 TK0563   1906 2013                                               .61  .77 
 411 TK0564   1914 2013                                               .57  .82 
 412 TK0565   1915 2013                                               .82  .84 
 413 TK0566   1920 2013                                               .80  .77 
 414 TK0567   1881 2013                                          .61  .67  .72 
 415 TK0568   1875 2013                                          .72  .58  .60 
 416 TK0569   1849 2013                                .55  .71  .76  .68  .74 
 417 TK0570   1875 2013                                          .64  .46  .61 
 418 TK0571   1770 2013                 .49  .31B .28B .49  .46  .25B .33  .54 
 419 TK0572   1875 2013                                          .66  .54  .62 
 420 TK0573   1772 2013                 .62  .54  .46  .45  .46  .16B .16B .52 
 421 TK0574   1827 2013                                .51  .64  .77  .79  .76 
 422 TK0575   1840 2013                                .54  .66  .53  .51  .64 
 423 TK0576   1872 2013                                     .81  .50  .52  .68 
 424 TK0577   1845 2013                                .67  .76  .75  .72  .81 
 425 TK0578   1895 2013                                          .80  .76  .78 
 426 TK0579   1789 2013                      .70  .77  .73  .64  .62  .63  .67 
 427 TK0580   1922 2013                                               .82  .82 
 428 TK0581   1913 2013                                               .82  .86 
 429 TK0582   1814 2013                           .61  .53  .59  .76  .76  .67 
 430 TK0583   1863 2013                                     .70  .79  .78  .80 
 431 TK0584   1916 2013                                               .83  .88 
 432 TK0585   1889 2013                                          .60  .54  .72 
 433 TK0586   1880 2013                                          .80  .74  .81 
 434 TK0587   1911 2013                                               .83  .78 
 435 TK0588   1898 2013                                          .72  .70  .81 
 436 TK0589   1912 2013                                               .83  .91 
 437 TK0590   1876 2013                                          .70  .66  .76 
 438 TK0591   1892 2013                                          .83  .84  .85 
 439 TK0592   1824 2013                           .75  .68  .63  .76  .80  .84 
 440 TK0593   1840 2013                                .78  .74  .80  .86  .89 
 441 TK0594   1909 2013                                               .78  .86 
 442 TK0595   1918 2013                                               .73  .88 
 443 TK0596   1886 2013                                          .50  .66  .87 
 444 TK0597   1848 2013                                .69  .74  .81  .83  .86 
 445 TK0598   1906 2013                                               .74  .84 
 446 TK0599   1911 2013                                               .82  .84 
 447 TK0600   1858 2013                                     .66  .75  .80  .84 
 448 TK0601   1825 2013                                .78  .77  .81  .83  .85 
 449 TK0602   1864 2013                                     .61  .66  .77  .88 
 450 TK0603   1904 2013                                               .77  .82 
 451 TK0604   1840 2013                                .79  .68  .64  .74  .88 
 452 TK0605   1891 2013                                          .80  .77  .79 
 453 TK0606   1817 2013                           .81  .73  .79  .75  .62  .78 
 454 TK0607   1908 2013                                               .77  .85 
 455 TK0608   1896 2013                                          .78  .83  .83 
 456 TK0609   1827 2013                                .82  .73  .68  .65  .74 
 457 TK0610   1864 2013                                     .70  .71  .75  .76 
 458 TK0611   1887 2013                                          .72  .76  .86 
 459 TK0612   1911 2013                                               .86  .88 
 460 TK0613   1902 2013                                               .85  .85 
 461 TK0614   1841 2013                                .76  .83  .80  .81  .75 
 462 TK0615   1897 2013                                          .44  .78  .83 
 463 TK0616   1926 2013                                                    .66 
 464 TK0617   1933 2013                                                    .68 
 465 TK0618   1923 2013                                               .52  .79 
 466 TK0619   1897 2013                                          .63  .75  .80 
 467 TK0620   1933 2013                                                    .55 
 468 TK0621   1928 2013                                                    .76 
 469 TK0622   1885 2013                                          .54  .69  .76 
 470 TK0623   1929 2013                                                    .67 
 471 TK0624   1907 2013                                               .39  .62 
 472 TK0625   1854 2013                                     .64  .64  .72  .79 
 473 TK0626   1870 2013                                     .55  .45  .55  .76 
 474 TK0627   1885 2013                                          .59  .60  .76 
 475 TK0628   1891 2013                                          .71  .65  .61 
 476 TK0629   1851 2013                                     .48  .61  .47  .53 
 477 TK0630   1898 2013                                          .49  .55  .57 
 478 TK0631   1871 2013                                     .53  .52  .63  .76 
 479 TK0632   1901 2013                                               .51  .48 
 480 TK0633   1830 2013                                .40  .41  .50  .38B .49 
 481 TK0634   1911 2013                                               .76  .77 
 482 TK0635   1828 2013                                .42  .50B .66  .62  .71 
 483 TK0636   1923 2013                                               .61  .67 
 484 TK0637   1889 2013                                          .64  .78  .82 
 485 TK0638   1929 2013                                                    .73 
 486 TK0639   1897 2013                                          .56  .70  .80 
 487 TK0640   1881 2013                                          .53  .46  .60 
 488 TK0641   1902 2013                                               .77  .86 
 489 TK0642   1902 2013                                               .63  .73 
 490 TK0643   1855 2013                                     .50  .62  .72  .73 
 491 TK0644   1876 2013                                          .73  .68  .73 
 492 TK0645   1918 2013                                               .56  .80 
 493 TK0646   1880 2013                                          .48  .57  .63 
 494 TK0647   1914 2013                                               .55  .48 
 495 TK0648   1903 2013                                               .19B .40 
 496 TK0649   1788 2013                      .09B .02B .12B .01B-.12B .05B .24B
 497 TK0650   1862 2013                                     .62  .71  .76  .81 
 498 TK0651   1845 2013                                .63  .74  .75  .75  .85 
 499 TK0652   1785 2013                      .71  .67  .63  .59  .64  .77  .65 
 500 TK0653   1902 2013                                               .76  .76 
 501 TK0654   1885 2013                                          .68  .71  .80 
 502 TK0655   1886 2013                                          .55  .62  .66 
 503 TK0656   1867 2013                                     .57  .58  .57  .76 
 504 TK0657   1922 2013                                               .35B .55 
 505 TK0658   1876 2013                                          .54  .34  .56 
 506 TK0659   1918 2013                                               .61  .77 
 507 TK0661   1880 2013                                          .63  .52  .53 
 508 TK0662   1900 2013                                          .36  .47  .72 
 509 TK0663   1839 2013                                .62  .63  .61  .55  .62 
 510 TK0664   1726 2013            .04B-.05B .34  .37  .44  .36  .38  .50  .49 
 511 TK0665   1889 2013                                          .71  .61  .66 
 512 TK0666   1891 2013                                          .59  .60  .78 
 513 TK0667   1863 2013                                     .51  .42  .50  .69 
 514 TK0668   1853 2013                                     .34B .38  .71  .82 
 515 TK0669   1947 2013                                                    .67 
 516 TK0670   1884 2013                                          .03B .35  .80 
 517 TK0671   1879 2013                                          .67  .65  .70 
 518 TK0672   1827 2013                                .73  .75  .60  .53  .70 
 519 TK0673   1871 2013                                     .62  .62  .65  .78 
 520 TK0674   1843 2013                                .54  .59  .60  .67  .81 
 521 TK0675   1894 2013                                          .47  .45  .77 
 522 TK0676   1917 2013                                               .68  .75 
 523 TK0677   1839 2013                                .75  .76  .80  .81  .85 
 524 TK0678   1904 2013                                               .61  .74 
 525 TK0679   1886 2013                                          .83  .82  .88 
 526 TK0680   1896 2013                                          .75  .77  .81 
 527 TK0681   1900 2013                                               .74  .83 
 528 TK0682   1853 2013                                     .70  .76  .55  .66 
 529 TK0683   1888 2013                                          .68  .75  .83 
 530 TK0684   1889 2013                                          .68  .75  .84 
 531 TK0685   1851 2013                                     .50  .63  .78  .83 
 532 TK0686   1869 2013                                     .72  .63  .58  .78 
 533 TK0687   1907 2013                                               .75  .74 
 534 TK0688   1917 2013                                               .61  .85 
 535 TK0689   1907 2013                                               .56  .79 
 536 TK0690   1921 2013                                               .72  .76 
 537 TK0691   1893 2013                                          .55  .48  .62 
 538 TK0692   1874 2013                                     .64  .73  .78  .85 
 539 TK0693   1888 2013                                          .80  .65  .63 
 540 TK0694   1927 2013                                                    .77 
 541 TK0695   1871 2013                                     .63  .67  .73  .81 
 542 TK0696   1907 2013                                               .81  .85 
 543 TK0697   1904 2013                                               .65  .84 
 544 TK0698   1932 2013                                                    .77 
 545 TK0699   1881 2013                                          .78  .70  .68 
 546 TK0700   1881 2013                                          .58  .67  .86 
 547 TK0701   1913 2013                                               .70  .74 
 548 TK0702   1889 2013                                          .78  .72  .71 
 549 TK0703   1885 2013                                          .73  .75  .87 
 550 TK0704   1924 2013                                               .81  .87 
 551 TK0705   1895 2013                                          .73  .77  .87 
 552 TK0706   1830 2013                                .42  .77  .71  .67  .86 
 553 TK0707   1927 2013                                                    .76 
 554 TK0708   1897 2013                                          .72  .74  .81 
 555 TK0709   1915 2013                                               .80  .82 
 556 TK0710   1849 2013                                     .58  .64  .63  .77 
 557 TK0711   1784 2013                      .53  .23A-.07B .24B .59  .59  .36 
 558 TK0712   1913 2013                                               .38B .75 
 559 TK0713   1888 2013                                          .72  .65  .78 
 560 TK0715   1926 2013                                                    .82 
 561 TK0716   1895 2013                                          .59  .69  .61 
 562 TK0717   1888 2013                                          .67  .63  .84 
 563 TK0718   1877 2013                                          .70  .68  .84 
 564 TK0719   1881 2013                                          .65  .64  .70 
 565 TK0720   1885 2013                                          .71  .72  .80 
 566 TK0721   1682 2013  .13B-.16B .06B .82  .75  .69  .60  .65  .67  .60  .66 
 567 TK0722   1867 2013                                     .71  .79  .75  .80 
 568 TK0723   1907 2013                                               .60  .80 
 569 TK0724   1837 2013                                .64  .74  .73  .71  .77 
 570 TK0725   1909 2013                                               .72  .78 
 571 TK0726   1892 2013                                          .65  .57  .75 
 572 TK0727   1901 2013                                               .63  .75 
 573 TK0728   1904 2013                                               .76  .81 
 574 TK0729   1908 2013                                               .74  .85 
 575 TK0730   1874 2013                                     .65  .73  .76  .85 
 576 TK0731   1888 2012                                          .78  .72  .82 
 577 TK0732   1826 2012                                .15B .00B .16B .33B .24B
 578 TK0733   1910 2013                                               .77  .87 
 579 TK0734   1822 2013                           .47  .57  .67  .70  .67  .74 
 580 TK0735   1889 2013                                          .74  .68  .75 
 581 TK0736   1903 2013                                               .68  .83 
 582 TK0737   1904 2013                                               .41  .58 
 583 TK0738   1928 2013                                                    .74 
 584 TK0739   1889 2013                                          .64  .66  .81 
 585 TK0740   1874 2013                                     .70  .71  .69  .75 
 586 TK0741   1861 2013                                     .48  .54  .49  .67 
 587 TK0743   1897 2013                                          .65  .57  .67 
 588 TK0744   1899 2013                                               .56  .70 
 589 TK0745   1884 2013                                          .59  .69  .79 
 590 TK0746   1902 2013                                               .60  .68 
 591 TK0747   1872 2013                                     .59  .65  .57  .65 
 592 TK0748   1916 2013                                               .64  .79 
 593 TK0749   1944 2013                                                    .79 
 594 TK0750   1928 2013                                                    .77 
 595 TK0751   1906 2013                                               .66  .79 
 596 TK0752   1935 2013                                                    .68 
 597 TK0753   1893 2013                                          .48  .49  .70 
 598 TK0754   1900 2013                                          .73  .77  .73 
 599 TK0755   1941 2013                                                    .58 
 600 TK0756   1927 2013                                                    .80 
 601 TK0757   1863 2013                                     .76  .76  .74  .84 
 602 TK0758   1881 2013                                          .79  .75  .76 
 603 TK0759   1920 2013                                               .81  .82 
 604 TK0760   1885 2013                                          .66  .69  .87 
 605 TK0761   1916 2013                                               .81  .81 
 606 TK0763   1819 2013                           .46  .46  .47B .54  .65  .70 
 607 TK0764   1803 2013                           .45  .47  .55  .61  .59  .70 
 608 TK0765   1893 2013                                          .65  .71  .73 
 609 TK0766   1915 2013                                               .63  .77 
 610 TK0767   1924 2013                                                    .80 
 611 TK0768   1923 2013                                               .66  .81 
 612 TK0769   1924 2013                                               .79  .78 
 613 TK0770   1879 2013                                          .43  .70  .76 
 614 TK0771   1859 2013                                     .79  .84  .81  .83 
 615 TK0772   1940 2013                                                    .79 
 616 TK0773   1924 2013                                               .78  .84 
 617 TK0774   1903 2013                                               .72  .83 
 618 TK0775   1879 2013                                          .78  .78  .75 
 619 TK0776   1903 2013                                               .81  .74 
 620 TK0777   1892 2013                                          .55  .56  .64 
 621 TK0778   1860 2013                                     .75  .76  .78  .84 
 622 TK0779   1901 2013                                               .64  .75 
 623 TK0780   1902 2013                                               .66  .75 
 624 TK0781   1821 2013                           .48  .43  .69  .82  .69  .64 
 625 TK0782   1880 2013                                          .63  .75  .73 
 626 TK0783   1908 2013                                               .73  .77 
 627 TK0784   1931 2013                                                    .77 
 628 TK0785   1900 2013                                               .84  .84 
 629 TK0786   1913 2013                                               .73  .84 
 630 TK0787   1881 2013                                          .77  .75  .83 
 631 TK0788   1899 2013                                               .75  .83 
 632 TK0789   1896 2013                                          .68  .70  .73 
 633 TK0790   1934 2013                                                    .80 
 634 TK0791   1920 2013                                               .79  .80 
 635 TK0792   1889 2013                                          .74  .76  .72 
 636 TK0793   1920 2013                                               .78  .80 
 637 TK0794   1830 2013                                .59  .61  .68  .69  .74 
 638 TK0795   1902 2013                                               .78  .72 
 639 TK0796   1890 2013                                          .70  .68  .80 
 640 TK0797   1904 2013                                               .59  .68 
 641 TK0798   1933 2013                                                    .73 
 642 TK0799   1813 2013                           .65  .54  .58  .65  .71  .78 
 643 TK0800   1864 2013                                     .81  .78  .77  .70 
 644 TK0801   1891 2013                                          .74  .75  .77 
 645 TK0802   1855 2013                                     .78  .73  .72  .74 
 646 TK0803   1934 2013                                                    .77 
 647 TK0804   1901 2013                                               .67  .59 
 648 TK0805   1893 2013                                          .69  .79  .82 
 649 TK0806   1925 2013                                                    .31B
 650 TK0807   1922 2013                                               .76  .53 
 651 TK0808   1907 2013                                               .61  .69 
 652 TK0809   1919 2013                                               .74  .77 
 653 TK0810   1896 2013                                          .51  .40  .66 
 654 TK0811   1896 2013                                          .17B .50  .72 
 655 TK0812   1886 2013                                          .59  .76  .70 
 656 TK0813   1899 2013                                          .39  .52  .64 
 657 TK0814   1900 2013                                               .76  .76 
 658 TK0815   1888 2013                                          .56  .56  .45 
 659 TK0816   1851 2013                                     .61  .44  .38  .74 
 660 TK0817   1943 2013                                                    .57 
 661 TK0818   1856 2013                                     .71  .56  .44  .61 
 662 TK0819   1882 2013                                          .55  .56  .69 
 663 TK0820   1877 2013                                          .77  .77  .68 
 664 TK0821   1930 2013                                                    .71 
 665 TK0822   1867 2013                                     .74  .75  .73  .75 
 666 TK0823   1913 2013                                               .70  .78 
 667 TK0824   1889 2013                                          .77  .72  .71 
 668 TK0825   1917 2013                                               .73  .76 
 669 TK0826   1913 2013                                               .72  .73 
 670 TK0827   1869 2013                                     .70  .58  .58  .70 
 671 TK0828   1939 2013                                                    .68 
 672 TK0829   1937 2013                                                    .69 
 673 TK0830   1847 2013                                .73  .60  .55  .60  .70 
 674 TK0831   1857 2013                                     .53  .57  .68  .71 
 675 TK0832   1886 2013                                          .58  .62  .77 
 676 TK0833   1893 2013                                          .75  .82  .78 
 677 TK0834   1874 2013                                     .64  .77  .79  .76 
 678 TK0835   1886 2013                                          .68  .77  .87 
 679 TK0836   1909 2013                                               .69  .68 
 680 TK0837   1890 2013                                          .67  .73  .76 
 681 TK0838   1866 2013                                     .63  .62  .65  .71 
 682 TK0839   1884 2013                                          .71  .78  .78 
 683 TK0840   1910 2013                                               .66  .75 
 684 TK0841   1894 2013                                          .58  .70  .77 
 685 TK0842   1899 2013                                               .73  .70 
 686 TK0843   1874 2013                                          .75  .75  .60 
 687 TK0844   1890 2013                                          .80  .76  .52 
 688 TK0845   1908 2013                                               .60  .66 
 689 TK0846   1917 2013                                               .61  .67 
 690 TK0847   1870 2013                                     .70  .74  .74  .62 
 691 TK0848   1889 2013                                          .68  .66  .67 
 692 TK0849   1897 2013                                          .59  .62  .64 
 693 TK0850   1907 2013                                               .69  .77 
 694 TK0851   1907 2013                                               .70  .71 
 695 TK0852   1924 2013                                               .75  .76 
 696 TK0853   1905 2013                                               .73  .72 
 697 TK0854   1900 2013                                               .57  .78 
 698 TK0855   1891 2013                                          .53  .56  .69 
 699 TK0856   1902 2013                                               .57  .69 
 700 TK0857   1936 2013                                                    .79 
 701 TK0858   1869 2013                                     .45  .58  .69  .74 
 702 TK0859   1790 2013                      .30A .43  .69  .69  .62  .59  .58 
 703 TK0860   1841 2013                                .59  .73  .62  .57  .65 
 704 TK0861   1907 2013                                               .73  .66 
 705 TK0862   1878 2013                                          .59  .51  .54 
 706 TK0863   1920 2013                                               .67  .77 
 707 TK0864   1892 2013                                          .67  .63  .72 
 708 TK0865   1895 2013                                          .51  .52  .67 
 709 TK0866   1875 2013                                          .64  .61  .71 
 710 TK0867   1896 2013                                          .64  .60  .66 
 711 TK0868   1867 2013                                     .70  .71  .63  .64 
 712 TK0869   1934 2013                                                    .77 
 713 TK0870   1914 2013                                               .75  .82 
 714 TK0871   1889 2013                                          .61  .59  .50 
 715 TK0872   1893 2013                                          .75  .71  .76 
 716 TK0873   1913 2013                                               .68  .78 
 717 TK0874   1868 2013                                     .56  .52  .65  .74 
 718 TK0875   1889 2013                                          .62  .63  .68 
 719 TK0876   1865 2013                                     .55  .62  .67  .72 
 720 TK0877   1897 2013                                          .76  .77  .70 
 721 TK0878   1910 2013                                               .64  .72 
 722 TK0879   1877 2013                                          .62  .62  .70 
 723 TK0880   1886 2013                                          .54  .65  .69 
 724 TK0881   1840 2013                                .47  .61  .57  .47  .53 
 725 TK0882   1888 2013                                          .69  .74  .47 
 726 TK0883   1883 2013                                          .79  .57  .57 
 727 TK0884   1895 2013                                          .73  .68  .73 
 728 TK0885   1889 2013                                          .74  .65  .69 
 729 TK0886   1922 2013                                               .70  .73 
 730 TK0887   1917 2013                                               .63  .74 
 731 TK0888   1886 2013                                          .71  .58  .63 
 732 TK0889   1921 2013                                               .26A .65 
 733 TK0890   1928 2013                                                    .63 
 734 TK0891   1906 2013                                               .71  .80 
 735 TK0892   1900 2001                                          .67  .59  .72 
 737 TK0894   1917 2013                                               .53  .78 
 738 TK0895   1914 2013                                               .49  .45 
 739 TK0896   1915 2013                                               .57  .68 
 740 TK0897   1834 2002                                .55  .64  .70  .60  .69 
 741 TK0898   1941 2013                                                    .61 
 742 TK0899   1820 2013                           .62  .73  .75  .60  .45  .44 
 743 TK0900   1866 2013                                     .64  .71  .61  .63 
 744 TK0901   1898 2013                                          .71  .62  .60 
 745 TK0902   1872 2013                                     .23B .19B .07B .26B
 746 TK0903   1882 2013                                          .70  .64  .75 
 747 TK0904   1838 2013                                .63  .78  .59  .38  .67 
 748 TK0905   1862 2013                                     .69  .66  .61  .73 
 749 TK0906   1843 2013                                .47  .66  .55  .46  .65 
 750 TK0907   1861 2013                                     .44B .66  .68  .76 
 751 TK0908   1811 2013                          -.17B-.18B-.15B .22B .37B .50B
 752 TK0909   1853 2013                                     .67  .77  .67  .66 
 753 TK0910   1820 2013                           .60  .67  .64  .53  .62  .62 
 754 TK0911   1842 2013                               -.09B .11B .23A .30A .63 
 755 TK0912   1901 2013                                               .45  .62 
 756 TK0913   1830 2013                                .52  .55  .35  .05B .28B
 757 TK0914   1873 2013                                          .48  .37B .61 
 758 TK0915   1798 2013                      .52  .51  .48  .56  .58  .43  .40 
 759 TK0916   1836 2013                                .59  .74  .65  .51  .58 
 760 TK0917   1923 2013                                               .53  .66 
 761 TK0918   1925 2013                                                    .57 
 762 TK0919   1927 2013                                                    .53 
 763 TK0920   1906 2013                                               .65  .61 
 764 TK0921   1903 2013                                               .45  .58 
 765 TK0922   1908 2013                                               .57  .57 
 766 TK0923   1866 2013                                     .50B .55  .45  .43 
 767 TK0924   1767 2013                 .41  .18B .22B .54  .69  .48  .43  .53 
 768 TK0925   1935 2013                                                    .64 
 769 TK0926   1929 2013                                                    .49 
 770 TK0927   1834 2013                                .24B .50  .51  .48  .60 
 771 TK0928   1942 2013                                                    .49 
 772 TK0929   1836 2004                                .07B .12B-.05B-.19B-.21B
 773 TK0930   1913 2013                                               .16B .38 
 774 TK0931   1902 2013                                               .13B .35 
 775 TK0932   1847 2002                               -.05B-.02B .14B .26A .23B
 776 TK0933   1904 2013                                               .30B .44 
 777 TK0934   1902 2013                                               .53  .48 
 778 TK0935   1938 2013                                                    .37 
 779 TK0936   1941 2013                                                    .33 
 780 TK0937   1820 2013                           .53  .58  .46  .33  .20B .36 
 781 TK0938   1949 2013                                                    .48 
 783 TK0940   1905 2013                                               .47  .57 
 784 TK0941   1890 2013                                          .61  .44B .51 
 786 TK0943   1844 2013                                .57  .48  .40  .40  .45 
 787 TK0944   1841 2013                                .47  .46  .56  .61  .58 
 788 TK0945   1862 2013                                     .44  .29A .10B .35 
 789 TK0946   1934 2013                                                    .43 
 790 TK0947   1907 2013                                               .53  .40 
 791 TK0948   1839 2013                                .33A .51  .43  .44  .69 
 792 TK0949   1787 2013                     -.25B .19B .27B .20B .28A .39  .57 
 793 TK0950   1759 2013                 .49  .43  .52  .70  .63  .47  .53  .73 
 795 TK0952   1782 2004                      .06B .01B .28B .11B-.04B .02B .05B
 796 TK0953   1863 2013                                     .55  .56  .48  .69 
 797 TK0954   1895 2013                                          .39  .36  .63 
 798 TK0955   1898 2013                                          .26A .50  .73 
 799 TK0956   1893 2013                                          .32A .34  .67 
 800 TK0957   1894 2013                                          .54  .52  .71 
 801 TK0958   1900 2013                                          .37  .42  .60 
 802 TK0959   1891 2013                                          .65  .59  .79 
 803 TK0960   1866 2013                                     .53  .47  .50  .57 
 804 TK0961   1881 2013                                          .65  .66  .61 
 805 TK0962   1858 2013                                     .57  .55  .64  .74 
 806 TK0963   1801 2013                           .24B .53  .72  .67  .63  .70 
 807 TK0964   1908 2013                                               .54  .67 
 808 TK0965   1913 2002                                               .57  .43 
 809 TK0966   1791 2013                      .05B-.14B-.23B-.03B-.07B-.11B .08B
 811 TK0968   1921 2013                                               .37  .49 
 812 TK0969   1891 2013                                          .48  .53  .60 
 813 TK0970   1908 2013                                               .44  .72 
 814 TK0971   1891 2013                                          .52  .49  .70 
 815 TK0972   1912 2013                                               .61  .62 
 816 TK0973   1914 2013                                               .51  .63 
 817 TK0974   1915 2013                                               .60  .69 
 818 TK0975   1884 2013                                          .54  .53  .66 
 819 TK0976   1900 2013                                               .44  .52 
 820 TK0977   1918 2013                                               .55  .73 
 821 TK0978   1908 2013                                               .53  .65 
 822 TK0979   1916 2013                                               .46  .58 
 823 TK0980   1841 2013                                .55  .58  .59  .67  .65 
 824 TK0981   1886 2013                                          .62  .62  .67 
 825 TK0982   1899 2013                                               .56  .72 
 826 TK0983   1878 2013                                          .71  .71  .35 
 827 TK0984   1852 2013                                     .50  .51  .53  .62 
 828 TK0985   1918 2013                                               .63  .58 
 829 TK0986   1903 2013                                               .62  .73 
 830 TK0987   1868 2013                                     .61  .59  .59  .68 
 831 TK0988   1893 2013                                          .65  .64  .64 
 832 TK0989   1868 2013                                     .04B .21B .27B .53 
 833 TK0990   1825 1956                                .42  .52  .42           
 834 TK0991   1804 1935                           .58  .57  .56                
 835 TK0992   1842 1987                                .65  .65  .47  .51      
 836 TK0993   1861 1989                                     .57  .41  .50      
 837 TK0994   1924 2013                                               .51  .54 
 838 TK0995   1902 2013                                               .34  .43 
 840 TK0997   1914 2013                                               .80  .83 
 842 TK0999   1945 2013                                                    .60 
 844 TK1001   1897 2013                                          .63  .52  .65 
 845 TK1002   1820 2013                           .61  .69  .81  .78  .66  .63 
 846 TK1003   1832 2013                                .70  .80  .68  .58  .62 
 847 TK1004   1936 2013                                                    .67 
 848 TK1005   1885 2013                                          .54  .60  .74 
 849 TK1006   1932 2013                                                    .70 
 850 TK1007   1900 2013                                          .73  .69  .69 
 851 TK1008   1905 2013                                               .68  .71 
 852 TK1009   1917 2013                                               .66  .74 
 853 TK1010   1904 2013                                               .81  .82 
 854 TK1011   1866 2013                                     .75  .73  .70  .74 
 855 TK1012   1795 2013                      .82  .79  .74  .55  .54  .70  .77 
 856 TK1013   1828 2013                                .74  .68  .60  .71  .76 
 857 TK1014   1892 2013                                          .67  .60  .62 
 858 TK1015   1895 2013                                          .54  .50  .48 
 859 TK1018   1921 2013                                               .72  .74 
 Av segment correlation  .09 -.04  .16  .28  .36  .47  .56  .60  .63  .62  .68 

 FLAGGED SEGMENTS: cana590
-----------------------------------------------------------------------------------------------------------------------------------
 Seq Series   Segment    Flag  r dated  Best lag  r at lag   Gain  Note
 --- -------- ---------  ----  -------  --------  --------  -----  -----------------
  13 TK0026   1900 1949     B     .273        -4      .438   .166
  14 TK0030   1850 1899     B    -.059         1      .197   .256  weak at every lag
  14 TK0030   1875 1924     B     .119         3      .146   .026  weak at every lag
  14 TK0030   1900 1949     A     .185         0
  14 TK0030   1925 1974     A     .324         0
  14 TK0030   1950 1999     A     .292         0
  16 TK0046   1900 1949     B     .243         4      .307   .064  weak at every lag
  16 TK0046   1925 1974     B     .266         2      .319   .053  weak at every lag
  18 TK0049   1950 1999     A     .316         0
  21 TK0059   1900 1949     B     .087         2      .310   .223  weak at every lag
  21 TK0059   1925 1974     B     .094         6      .322   .228  weak at every lag
  21 TK0059   1950 1999     B     .106         6      .312   .207  weak at every lag
  24 TK0082   1925 1974     B     .189         3      .349   .160
  24 TK0082   1950 1999     B     .257         3      .285   .028  weak at every lag
  26 TK0086   1875 1924     B     .261         4      .263   .003  weak at every lag
  42 TK0133   1800 1849     B     .242        -1      .569   .326
  42 TK0133   1825 1874     B     .295        -1      .415   .120
  42 TK0133   1925 1974     A     .314         0
  50 TK0142   1925 1974     B     .218        -7      .448   .230
  69 TK0161   1700 1749     B     .043        -7      .180   .137  weak at every lag
  69 TK0161   1725 1774     B     .080         9      .173   .092  weak at every lag
  69 TK0161   1750 1799     B     .216         9      .277   .061  weak at every lag
  69 TK0161   1775 1824     B    -.097        -1      .240   .337  weak at every lag
  75 TK0167   1950 1999     A     .309         0
  97 TK0190   1900 1949     B     .088         3      .491   .403
  97 TK0190   1925 1974     A     .295         0
 109 TK0204   1925 1974     B     .174        -7      .280   .106  weak at every lag
 118 TK0216   1825 1874     B    -.098         3      .715   .813
 118 TK0216   1850 1899     B     .062         3      .577   .515
 118 TK0216   1875 1924     B    -.057         3      .609   .667
 118 TK0216   1900 1949     B    -.070         3      .341   .411
 118 TK0216   1925 1974     B     .090         4      .239   .149  weak at every lag
 129 TK0236   1875 1924     B     .157         4      .323   .166  weak at every lag
 148 TK0255   1900 1949     B    -.221        -8      .273   .495  weak at every lag
 148 TK0255   1925 1974     B     .044         2      .489   .444
 148 TK0255   1950 1999     B     .275         1      .474   .199
 163 TK0279   1925 1974     B     .208        -1      .697   .489
 188 TK0304   1925 1974     B     .151         9      .261   .111  weak at every lag
 188 TK0304   1950 1999     B     .084         7      .281   .197  weak at every lag
 197 TK0314   1875 1924     B     .234         6      .286   .052  weak at every lag
 197 TK0314   1900 1949     B    -.046        -5      .145   .191  weak at every lag
 197 TK0314   1925 1974     B    -.024        -5      .399   .422
 197 TK0314   1950 1999     B    -.094        -2      .351   .445
 213 TK0330   1875 1924     B     .001        -4      .723   .722
 213 TK0330   1900 1949     B     .030        -4      .448   .418
 213 TK0330   1925 1974     B    -.130        -5      .530   .660
 213 TK0330   1950 1999     B     .025        -5      .429   .404
 217 TK0334   1900 1949     B     .091        -5      .316   .225  weak at every lag
 217 TK0334   1925 1974     B     .016        -5      .671   .655
 217 TK0334   1950 1999     B     .039        -5      .332   .293
 227 TK0344   1875 1924     B    -.059        -2      .792   .851
 227 TK0344   1900 1949     B    -.081        -2      .852   .933
 227 TK0344   1925 1974     B     .280        -2      .462   .182
 251 TK0368   1925 1974     B     .178        -7      .307   .129  weak at every lag
 251 TK0368   1950 1999     B     .183        -7      .346   .163
 269 TK0386   1850 1899     B    -.024        -3      .215   .239  weak at every lag
 269 TK0386   1875 1924     B    -.038         5      .421   .459
 269 TK0386   1900 1949     B     .105         5      .323   .218  weak at every lag
 269 TK0386   1925 1974     B     .058        -6      .326   .269  weak at every lag
 269 TK0386   1950 1999     B     .110        -3      .313   .203  weak at every lag
 271 TK0388   1925 1974     B     .322       -10      .406   .084
 275 TK0392   1875 1924     B     .228       -10      .258   .030  weak at every lag
 275 TK0392   1900 1949     B     .109        -1      .288   .179  weak at every lag
 275 TK0392   1925 1974     B     .093        -1      .189   .096  weak at every lag
 284 TK0401   1750 1799     A     .307         0
 284 TK0401   1775 1824     B     .240        -7      .272   .032  weak at every lag
 318 TK0441   1925 1974     B     .105         9      .259   .154  weak at every lag
 352 TK0491   1825 1874     B    -.143        -5      .550   .693
 352 TK0491   1850 1899     B    -.100        -5      .517   .617
 352 TK0491   1875 1924     B     .012        -4      .648   .636
 352 TK0491   1900 1949     B    -.077        -4      .548   .625
 352 TK0491   1925 1974     B    -.052        -4      .518   .570
 352 TK0491   1950 1999     A     .325         0
 384 TK0535   1850 1899     B    -.114         3      .311   .425  weak at every lag
 384 TK0535   1875 1924     B     .167         4      .237   .070  weak at every lag
 386 TK0537   1775 1824     B    -.237        -1      .659   .896
 386 TK0537   1800 1849     B    -.009        -1      .703   .712
 388 TK0539   1900 1949     B     .262        -8      .293   .030  weak at every lag
 388 TK0539   1925 1974     B    -.014        -1      .313   .327  weak at every lag
 388 TK0539   1950 1999     B     .125        -1      .597   .472
 393 TK0544   1775 1824     B     .043        10      .787   .744
 393 TK0544   1800 1849     B    -.058        10      .697   .755
 393 TK0544   1825 1874     B     .010        10      .574   .564
 393 TK0544   1850 1899     B     .155        -1      .343   .188
 393 TK0544   1875 1924     B     .215        -1      .509   .294
 393 TK0544   1900 1949     B     .089        -8      .187   .098  weak at every lag
 393 TK0544   1925 1974     B     .054        -2      .140   .086  weak at every lag
 399 TK0550   1875 1924     B     .165        -4      .225   .060  weak at every lag
 399 TK0550   1900 1949     B     .063        -2      .288   .225  weak at every lag
 399 TK0550   1925 1974     B     .122        -5      .300   .178  weak at every lag
 403 TK0556   1775 1824     B    -.146         4      .424   .569
 403 TK0556   1800 1849     B    -.078        -8      .291   .370  weak at every lag
 403 TK0556   1825 1874     B     .063         3      .318   .255  weak at every lag
 403 TK0556   1850 1899     B     .124         2      .517   .393
 403 TK0556   1875 1924     B    -.107         2      .601   .707
 403 TK0556   1900 1949     B    -.076         2      .439   .516
 403 TK0556   1925 1974     A     .324         0
 418 TK0571   1800 1849     B     .313         7      .341   .028
 418 TK0571   1825 1874     B     .278         7      .354   .076
 418 TK0571   1900 1949     B     .251         9      .259   .007  weak at every lag
 420 TK0573   1900 1949     B     .160         8      .335   .175
 420 TK0573   1925 1974     B     .156       -10      .206   .051  weak at every lag
 480 TK0633   1925 1974     B     .383        -3      .439   .055
 482 TK0635   1875 1924     B     .504        -8      .579   .075
 495 TK0648   1925 1974     B     .187         7      .244   .056  weak at every lag
 496 TK0649   1800 1849     B     .093        -5      .541   .448
 496 TK0649   1825 1874     B     .024        -5      .347   .324
 496 TK0649   1850 1899     B     .117         1      .243   .126  weak at every lag
 496 TK0649   1875 1924     B     .009        -5      .236   .227  weak at every lag
 496 TK0649   1900 1949     B    -.118        -5      .472   .591
 496 TK0649   1925 1974     B     .052        -5      .691   .640
 496 TK0649   1950 1999     B     .245        -7      .398   .153
 504 TK0657   1925 1974     B     .348         1      .405   .057
 510 TK0664   1750 1799     B     .044         6      .312   .267  weak at every lag
 510 TK0664   1775 1824     B    -.050        -2      .508   .557
 514 TK0668   1875 1924     B     .338        -9      .384   .046
 516 TK0670   1900 1949     B     .035        -1      .372   .338
 557 TK0711   1825 1874     A     .226         0
 557 TK0711   1850 1899     B    -.072         4      .338   .410
 557 TK0711   1875 1924     B     .239        -4      .337   .099
 558 TK0712   1925 1974     B     .384        -3      .460   .076
 566 TK0721   1700 1749     B     .129         6      .209   .080  weak at every lag
 566 TK0721   1725 1774     B    -.161         5      .491   .652
 566 TK0721   1750 1799     B     .056         5      .302   .246  weak at every lag
 577 TK0732   1850 1899     B     .152         3      .381   .229
 577 TK0732   1875 1924     B     .002         3      .624   .622
 577 TK0732   1900 1949     B     .160         3      .551   .390
 577 TK0732   1925 1974     B     .326         3      .608   .282
 577 TK0732   1950 1999     B     .239         3      .697   .458
 606 TK0763   1875 1924     B     .473        -4      .492   .019
 649 TK0806   1950 1999     B     .312         5      .320   .008  weak at every lag
 654 TK0811   1900 1949     B     .174         1      .253   .079  weak at every lag
 702 TK0859   1800 1849     A     .298         0
 732 TK0889   1925 1974     A     .257         0
 745 TK0902   1875 1924     B     .232         4      .695   .462
 745 TK0902   1900 1949     B     .192         4      .639   .447
 745 TK0902   1925 1974     B     .073         4      .534   .461
 745 TK0902   1950 1999     B     .259         3      .339   .080
 750 TK0907   1875 1924     B     .440         8      .445   .005
 751 TK0908   1825 1874     B    -.171         3      .360   .531
 751 TK0908   1850 1899     B    -.183         3      .422   .605
 751 TK0908   1875 1924     B    -.150         3      .460   .609
 751 TK0908   1900 1949     B     .219         3      .492   .273
 751 TK0908   1925 1974     B     .369         3      .651   .282
 751 TK0908   1950 1999     B     .500         3      .596   .096
 754 TK0911   1850 1899     B    -.085         1      .469   .555
 754 TK0911   1875 1924     B     .111         1      .348   .237
 754 TK0911   1900 1949     A     .233         0
 754 TK0911   1925 1974     A     .302         0
 756 TK0913   1925 1974     B     .053        -4      .201   .147  weak at every lag
 756 TK0913   1950 1999     B     .284        -3      .358   .074
 757 TK0914   1925 1974     B     .375        -3      .386   .011
 766 TK0923   1875 1924     B     .498         8      .499   .000
 767 TK0924   1800 1849     B     .176        -5      .313   .137  weak at every lag
 767 TK0924   1825 1874     B     .219        -4      .264   .046  weak at every lag
 770 TK0927   1850 1899     B     .242         8      .319   .077  weak at every lag
 772 TK0929   1850 1899     B     .074         8      .349   .275
 772 TK0929   1875 1924     B     .117         8      .326   .208  weak at every lag
 772 TK0929   1900 1949     B    -.049         9      .341   .390
 772 TK0929   1925 1974     B    -.185         9      .406   .591
 772 TK0929   1950 1999     B    -.211         9      .391   .602
 773 TK0930   1925 1974     B     .164         7      .437   .274
 774 TK0931   1925 1974     B     .129         5      .309   .180  weak at every lag
 775 TK0932   1850 1899     B    -.054        -3      .298   .351  weak at every lag
 775 TK0932   1875 1924     B    -.023        -3      .386   .409
 775 TK0932   1900 1949     B     .140        -3      .222   .082  weak at every lag
 775 TK0932   1925 1974     A     .258         0
 775 TK0932   1950 1999     B     .230        -2      .313   .083  weak at every lag
 776 TK0933   1925 1974     B     .300         6      .431   .131
 780 TK0937   1925 1974     B     .195        -3      .378   .183
 784 TK0941   1925 1974     B     .443         6      .445   .001
 788 TK0945   1900 1949     A     .288         0
 788 TK0945   1925 1974     B     .096        -2      .356   .260
 791 TK0948   1850 1899     A     .327         0
 792 TK0949   1800 1849     B    -.247         3      .342   .589
 792 TK0949   1825 1874     B     .189         3      .538   .349
 792 TK0949   1850 1899     B     .273         3      .285   .012  weak at every lag
 792 TK0949   1875 1924     B     .202        -4      .235   .034  weak at every lag
 792 TK0949   1900 1949     A     .279         0
 795 TK0952   1800 1849     B     .062         5      .408   .346
 795 TK0952   1825 1874     B     .010        -6      .342   .332
 795 TK0952   1850 1899     B     .277         1      .433   .156
 795 TK0952   1875 1924     B     .109         3      .407   .298
 795 TK0952   1900 1949     B    -.043        -9      .277   .319  weak at every lag
 795 TK0952   1925 1974     B     .019        10      .356   .337
 795 TK0952   1950 1999     B     .052        10      .418   .366
 798 TK0955   1900 1949     A     .256         0
 799 TK0956   1900 1949     A     .323         0
 806 TK0963   1825 1874     B     .244        -8      .323   .079  weak at every lag
 809 TK0966   1800 1849     B     .053        -7      .274   .221  weak at every lag
 809 TK0966   1825 1874     B    -.142         4      .302   .444  weak at every lag
 809 TK0966   1850 1899     B    -.231         5      .367   .598
 809 TK0966   1875 1924     B    -.034        -1      .329   .363
 809 TK0966   1900 1949     B    -.073        -1      .325   .399  weak at every lag
 809 TK0966   1925 1974     B    -.114        -7      .147   .260  weak at every lag
 809 TK0966   1950 1999     B     .082        -3      .190   .108  weak at every lag
 832 TK0989   1875 1924     B     .041        -3      .682   .641
 832 TK0989   1900 1949     B     .211        -3      .324   .113  weak at every lag
 832 TK0989   1925 1974     B     .268        -2      .402   .134

 DESCRIPTIVE STATISTICS: cana590
-----------------------------------------------------------------------------------------------------------------------------------

                                                Corr   //-------- Unfiltered --------\\  //-- dplR filtered --\\
                           No.    No.    No.    with   Mean   Max     Std   Auto   Mean   Max     Std   Auto  AR
 Seq Series   Interval   Years  Segmt  Flags   Master  msmt   msmt    dev   corr   sens  value    dev   corr  ()
 --- -------- ---------  -----  -----  -----   ------ -----  -----  -----  -----  -----  -----  -----  -----  --
   1 TK0003   1869 2013    145      4      0    .607   1.26   2.74   .466   .787   .198   1.75   .201  -.019   1
   2 TK0004   1942 2013     72      1      0    .660   2.04   4.51   .950   .524   .376   2.26   .346   .049   0
   3 TK0005   1945 2013     69      1      0    .600   2.23   3.92   .790   .676   .246   1.53   .225   .163   0
   4 TK0006   1938 2013     76      1      0    .605   2.39   4.62   .833   .447   .303   1.74   .265   .034   0
   5 TK0007   1896 2013    118      3      0    .600   1.16   3.72   .673   .743   .358   1.85   .322   .114   0
   6 TK0009   1912 2013    102      2      0    .679   2.03   4.25   .812   .712   .241   1.56   .230   .027   1
   7 TK0010   1895 2013    119      3      0    .717   1.58   3.27   .780   .818   .254   1.61   .245  -.005   1
   8 TK0012   1931 2013     83      1      0    .729   1.25   2.79   .472   .692   .252   1.58   .255  -.044   1
   9 TK0014   1851 2013    163      4      0    .685    .91   1.79   .320   .681   .229   1.52   .214   .013   1
  10 TK0016   1887 2013    127      3      0    .713    .92   2.01   .422   .694   .315   1.74   .274   .012   0
  11 TK0023   1899 2013    115      3      0    .612   1.37   3.57   .651   .876   .193   1.47   .203   .008   1
  12 TK0024   1889 2013    125      3      0    .668   1.37   3.54   .800   .876   .223   1.65   .231   .028   1
  13 TK0026   1875 2013    139      3      1    .318   1.04   3.46   .738   .920   .162   1.78   .180  -.006   2
  14 TK0030   1847 2013    167      5      5    .161    .87   1.42   .244   .794   .143   1.61   .146  -.009   2
  15 TK0033   1931 2013     83      1      0    .209   1.44   3.36   .852   .876   .264   2.02   .300   .035   1
  16 TK0046   1884 2013    130      3      2    .467   1.29   3.28   .628   .857   .219   1.58   .200   .091   2
  17 TK0048   1918 2013     96      2      0    .560   1.59   3.55   .631   .577   .299   1.69   .297  -.034   1
  18 TK0049   1889 2013    125      3      1    .457   1.09   3.72   .805   .881   .333   1.73   .305   .031   3
  19 TK0051   1861 2013    153      4      0    .672    .76   2.57   .480   .646   .436   2.09   .387  -.007   2
  20 TK0057   1879 2013    135      3      0    .463   2.00   4.13   .930   .855   .190   1.73   .204   .132   1
  21 TK0059   1895 2013    119      3      3    .100    .92   2.08   .423   .899   .174   1.47   .173   .005   3
  22 TK0069   1836 2013    178      5      0    .562   1.19   3.07   .706   .917   .174   1.40   .178   .027   1
  23 TK0080   1842 2013    172      5      0    .549   1.02   3.91   .710   .886   .219   1.64   .213   .006   1
  24 TK0082   1920 2013     94      2      2    .310   1.50   4.19   .648   .826   .201   1.63   .201  -.001   1
  25 TK0084   1903 2013    111      2      0    .582    .96   2.42   .536   .762   .305   1.76   .311   .025   2
  26 TK0086   1863 2013    151      4      1    .306    .77   2.86   .511   .884   .180   1.74   .206   .031   1
  27 TK0087   1897 2013    117      3      0    .556   1.29   2.87   .495   .768   .201   1.60   .209   .041   1
  28 TK0093   1877 2013    137      3      0    .654    .69   2.73   .375   .575   .385   2.20   .361  -.006   1
  29 TK0097   1910 2013    104      2      0    .540   1.31   3.33   .733   .852   .238   1.57   .240   .034   1
  30 TK0098   1871 2013    143      4      0    .486   1.29   3.12   .572   .848   .183   1.61   .190  -.018   1
  31 TK0099   1884 2013    130      3      0    .557   1.50   4.19   .863   .853   .297   1.74   .290   .010   1
  32 TK0100   1922 2013     92      2      0    .826   1.61   3.54   .659   .662   .277   1.52   .258  -.019   1
  33 TK0104   1887 2013    127      3      0    .493   1.09   2.34   .431   .874   .142   1.47   .143  -.019   2
  34 TK0105   1863 2013    151      4      0    .700   1.36   2.60   .475   .610   .247   1.68   .233   .089   0
  35 TK0106   1917 2013     97      2      0    .660   1.63   3.24   .719   .800   .231   1.62   .217   .052   0
  36 TK0110   1905 2013    109      2      0    .593   1.73   4.50  1.037   .917   .200   1.58   .206  -.018   3
  37 TK0111   1929 2013     85      1      0    .603   1.42   3.00   .533   .755   .255   1.62   .245   .049   1
  38 TK0113   1938 2013     76      1      0    .577   1.64   3.03   .656   .797   .216   1.54   .200   .017   1
  39 TK0116   1914 2013    100      2      0    .541   1.44   3.94   .910   .795   .315   2.46   .312   .027   1
  40 TK0117   1956 2013     58      0      0    .541   2.16   4.56   .909   .517   .304   1.87   .282  -.065   0
  41 TK0132   1918 2013     96      2      0    .720   1.45   3.00   .503   .430   .305   1.69   .279   .109   0
  42 TK0133   1781 2013    233      7      3    .420    .47   4.77   .442   .697   .411   3.22   .414   .006   3
  43 TK0134   1915 2013     99      2      0    .651   1.62   4.20   .791   .644   .327   1.63   .269   .086   0
  44 TK0135   1929 2013     85      1      0    .614   1.74   3.70   .806   .834   .224   1.43   .207   .085   1
  45 TK0136   1915 2013     99      2      0    .597   1.69   3.15   .514   .616   .216   1.67   .218  -.023   1
  46 TK0138   1906 2013    108      2      0    .592   1.19   2.83   .590   .765   .291   1.92   .265  -.011   1
  47 TK0139   1951 2013     63      0      0    .739   2.10   4.30  1.017   .741   .361   1.65   .282   .054   0
  48 TK0140   1913 2013    101      2      0    .580   1.37   3.32   .836   .880   .264   1.75   .244   .130   0
  49 TK0141   1875 2013    139      3      0    .678   1.06   3.02   .740   .838   .315   1.79   .292   .007   3
  50 TK0142   1853 2013    161      4      1    .374   1.27   3.12   .708   .834   .232   2.70   .295   .060   1
  51 TK0143   1917 2013     97      2      0    .580   1.20   2.58   .527   .706   .272   1.84   .263  -.004   2
  52 TK0144   1925 2013     89      2      0    .639   1.28   2.57   .431   .341   .303   1.89   .274   .027   0
  53 TK0145   1885 2013    129      3      0    .716   1.36   3.76   .582   .635   .293   1.69   .284  -.009   1
  54 TK0146   1893 2013    121      3      0    .609    .87   1.91   .327   .499   .311   1.63   .275   .099   0
  55 TK0147   1907 2013    107      2      0    .597   1.28   2.48   .443   .402   .315   1.78   .285  -.011   1
  56 TK0148   1856 2013    158      4      0    .724    .86   1.95   .352   .735   .259   1.68   .242  -.017   1
  57 TK0149   1894 2013    120      3      0    .668   1.15   3.54   .819   .904   .277   1.72   .277  -.048   1
  58 TK0150   1869 2013    145      4      0    .669   1.21   2.50   .403   .544   .271   1.66   .258  -.007   1
  59 TK0151   1891 2013    123      3      0    .703    .78   2.04   .419   .680   .388   2.19   .356   .050   0
  60 TK0152   1911 2013    103      2      0    .697   1.08   2.93   .761   .904   .267   1.93   .242   .010   2
  61 TK0153   1942 2013     72      1      0    .594   1.15   3.36   .737   .800   .326   1.69   .299   .040   2
  62 TK0154   1927 2013     87      1      0    .717   1.52   4.05   .722   .771   .286   1.54   .258  -.032   1
  63 TK0155   1891 2013    123      3      0    .788   1.09   2.34   .476   .605   .353   1.80   .295   .055   0
  64 TK0156   1845 2013    169      5      0    .649    .65   1.57   .313   .573   .363   2.05   .332  -.012   1
  65 TK0157   1934 2013     80      1      0    .723   1.58   3.25   .532   .603   .240   1.70   .237   .140   0
  66 TK0158   1923 2013     91      2      0    .642   1.55   4.33   .832   .755   .324   1.76   .315   .032   1
  67 TK0159   1902 2013    112      2      0    .655   1.05   2.84   .578   .784   .351   1.76   .280  -.020   3
  68 TK0160   1906 2013    108      2      0    .704    .96   2.68   .680   .871   .358   1.73   .314   .094   0
  69 TK0161   1643 2013    371     11      4    .390    .39   1.54   .233   .608   .467   2.02   .403   .014   1
  70 TK0162   1899 2013    115      2      0    .646   1.12   2.38   .597   .773   .343   1.75   .322   .007   2
  71 TK0163   1854 2013    160      4      0    .734    .88   4.47   .689   .837   .370   1.97   .337  -.023   1
  72 TK0164   1897 2013    117      3      0    .579   1.26   3.12   .707   .865   .264   1.86   .284   .025   1
  73 TK0165   1896 2013    118      3      0    .704   1.15   2.94   .759   .794   .382   2.04   .334   .101   0
  74 TK0166   1898 2013    116      3      0    .743    .99   2.24   .422   .691   .276   1.62   .256  -.016   1
  75 TK0167   1865 2013    149      4      1    .491   1.29   4.18  1.105   .935   .296   1.79   .261  -.013   2
  76 TK0168   1906 2013    108      2      0    .772    .76   1.73   .315   .333   .378   2.16   .308  -.075   0
  77 TK0169   1887 2013    127      3      0    .748   1.33   2.61   .538   .671   .269   2.21   .268  -.007   1
  78 TK0170   1887 2013    127      3      0    .727   1.09   2.88   .506   .745   .240   1.78   .216   .001   2
  79 TK0171   1893 2013    121      3      0    .727   1.22   3.66   .530   .628   .263   1.90   .280  -.031   1
  80 TK0172   1872 2013    142      4      0    .587   1.48   3.75   .618   .689   .229   2.39   .240  -.040   2
  81 TK0173   1905 2013    109      2      0    .617   1.44   3.33   .727   .818   .273   1.69   .256  -.037   1
  82 TK0174   1910 2013    104      2      0    .581   1.27   2.94   .472   .560   .287   1.75   .257   .021   3
  83 TK0175   1882 2013    132      3      0    .635    .63   1.56   .356   .760   .331   1.69   .291   .044   0
  84 TK0176   1913 2013    101      2      0    .718   1.31   3.12   .519   .584   .293   1.69   .259   .101   0
  85 TK0177   1927 2013     87      1      0    .664   1.57   4.57   .987   .831   .338   2.17   .324  -.016   1
  86 TK0179   1937 2013     77      1      0    .734   1.43   3.89   .950   .812   .313   1.92   .323  -.016   1
  87 TK0180   1888 2013    126      3      0    .707   1.26   3.86   .973   .896   .319   1.66   .283   .106   0
  88 TK0181   1910 2013    104      2      0    .670   1.25   2.79   .601   .790   .254   1.68   .254   .027   1
  89 TK0182   1919 2013     95      2      0    .577   1.51   3.21   .475   .667   .200   1.64   .207  -.024   1
  90 TK0183   1908 2013    106      2      0    .791    .80   1.55   .336   .559   .345   1.81   .296   .095   0
  91 TK0184   1888 2013    126      3      0    .832   1.26   2.66   .544   .610   .317   1.90   .297  -.008   1
  92 TK0185   1884 2013    130      3      0    .774   1.09   3.08   .661   .780   .369   1.71   .322   .008   2
  93 TK0186   1888 2013    126      3      0    .668   1.17   3.27   .635   .668   .369   2.07   .345  -.022   1
  94 TK0187   1886 2013    128      3      0    .777    .98   1.93   .409   .596   .327   1.70   .294   .002   1
  95 TK0188   1942 2013     72      1      0    .704   1.70   5.06  1.031   .820   .315   1.70   .299  -.022   1
  96 TK0189   1950 2013     64      1      0    .638   1.32   2.93   .532   .432   .318   1.65   .296   .079   0
  97 TK0190   1885 2013    129      3      2    .449   1.00   2.60   .508   .770   .344   1.65   .288  -.026   1
  98 TK0191   1875 2013    139      3      0    .639    .72   1.82   .401   .805   .273   1.70   .267  -.037   1
  99 TK0192   1952 2013     62      0      0    .702   1.95   4.05   .823   .541   .352   1.77   .319   .150   0
 100 TK0193   1899 2013    115      3      0    .619   1.25   3.43   .830   .868   .307   1.74   .301  -.049   1
 101 TK0194   1880 2013    134      3      0    .667    .75   2.18   .501   .766   .383   1.91   .325   .040   0
 102 TK0195   1898 2013    116      3      0    .736    .76   2.51   .604   .746   .389   1.92   .381  -.017   1
 103 TK0198   1882 2013    132      3      0    .675   1.10   2.99   .712   .860   .257   1.67   .237  -.008   1
 104 TK0199   1905 2013    109      2      0    .813   1.54   3.08   .794   .835   .284   1.61   .262  -.004   1
 105 TK0200   1918 2013     96      2      0    .787   1.49   3.10   .691   .789   .260   1.62   .267  -.008   1
 106 TK0201   1863 2013    151      4      0    .633   1.00   2.83   .646   .859   .284   1.75   .266  -.025   1
 107 TK0202   1954 2013     60      0      0    .698   1.70   3.54   .668   .530   .308   1.87   .318   .002   1
 108 TK0203   1892 2013    122      3      0    .630   1.30   3.95   .640   .735   .254   2.22   .272   .001   2
 109 TK0204   1907 2013    107      2      1    .435   1.10   2.94   .723   .925   .198   1.50   .223   .065   1
 110 TK0205   1910 2013    104      2      0    .741   1.14   2.78   .799   .921   .277   1.57   .250   .030   2
 111 TK0206   1882 2013    132      3      0    .521   1.00   2.33   .499   .716   .297   1.86   .306   .019   2
 112 TK0207   1900 2013    114      2      0    .365   1.16   3.90   .832   .842   .336   1.92   .323  -.027   1
 113 TK0211   1867 2013    147      4      0    .770    .94   2.94   .577   .770   .343   1.67   .310   .114   0
 114 TK0212   1888 2013    126      3      0    .585   1.00   2.25   .519   .813   .280   1.76   .272  -.034   1
 115 TK0213   1839 2013    175      5      0    .629    .53   2.29   .310   .308   .477   2.30   .361   .017   2
 116 TK0214   1838 2013    176      5      0    .645    .78   3.17   .616   .874   .308   1.89   .304  -.014   1
 117 TK0215   1893 2013    121      3      0    .787    .80   2.74   .450   .633   .377   2.26   .362   .008   2
 118 TK0216   1806 2013    208      6      5    .125    .42   1.25   .233   .620   .404   2.36   .363   .033   0
 119 TK0217   1927 2013     87      1      0    .708   1.45   3.25   .662   .717   .297   1.45   .266  -.033   1
 120 TK0218   1914 2013    100      2      0    .438   1.66   3.94   .710   .571   .286   1.80   .262   .012   2
 121 TK0219   1843 2013    171      5      0    .546    .64   1.32   .226   .673   .233   1.86   .223  -.020   3
 122 TK0220   1899 2013    115      3      0    .705    .96   2.11   .433   .516   .366   2.00   .317   .033   0
 123 TK0224   1902 2013    112      2      0    .708   1.33   3.45   .879   .721   .429   2.25   .410  -.013   1
 124 TK0229   1880 2013    134      3      0    .659    .85   2.72   .563   .738   .337   1.85   .305  -.014   1
 125 TK0231   1887 2013    127      3      0    .655   1.31   3.55   .779   .697   .370   2.06   .355   .011   1
 126 TK0233   1828 2013    186      5      0    .477    .55   1.47   .276   .700   .287   2.06   .305   .013   1
 127 TK0234   1805 2013    209      6      0    .707    .70   2.30   .517   .870   .365   2.04   .331   .005   1
 128 TK0235   1927 2013     87      1      0    .745   2.22   4.63   .783   .389   .322   1.58   .269   .009   0
 129 TK0236   1867 2013    147      4      1    .563   1.05   2.27   .538   .853   .232   1.61   .216  -.020   1
 130 TK0237   1889 2013    125      3      0    .655   1.28   3.39   .689   .695   .333   1.86   .302   .116   0
 131 TK0238   1915 2013     99      2      0    .785   1.23   4.01   .895   .765   .382   1.97   .348  -.003   1
 132 TK0239   1892 2013    122      3      0    .753   1.13   2.78   .513   .518   .350   1.89   .324   .005   1
 133 TK0240   1904 2013    110      2      0    .755   1.30   3.81   .789   .705   .364   1.96   .341   .017   1
 134 TK0241   1864 2013    150      4      0    .722   1.32   3.34   .738   .848   .301   1.78   .291  -.019   1
 135 TK0242   1906 2013    108      2      0    .642   1.50   4.40   .814   .635   .335   1.80   .315   .121   0
 136 TK0243   1877 2013    137      3      0    .636   1.18   4.51   .905   .902   .266   1.54   .247   .037   2
 137 TK0244   1900 2013    114      2      0    .557    .99   2.69   .444   .665   .294   1.77   .286   .006   2
 138 TK0245   1869 2013    145      4      0    .809   1.15   2.58   .532   .653   .337   1.77   .302  -.013   1
 139 TK0246   1889 2013    125      3      0    .636    .96   2.91   .627   .890   .241   1.57   .228   .023   1
 140 TK0247   1886 2013    128      3      0    .669   1.13   4.21   .900   .863   .328   1.82   .297  -.010   0
 141 TK0248   1886 2013    128      3      0    .728   1.12   2.35   .441   .617   .272   1.80   .277   .007   1
 142 TK0249   1883 2013    131      3      0    .660   1.54   3.61   .669   .715   .280   1.68   .264   .113   2
 143 TK0250   1884 2013    130      3      0    .658   1.10   4.05   .705   .846   .276   1.72   .277  -.006   2
 144 TK0251   1833 2013    181      5      0    .507    .63   1.85   .349   .852   .239   1.86   .249   .059   1
 145 TK0252   1886 2013    128      3      0    .711    .92   2.68   .553   .799   .312   2.29   .320  -.027   1
 146 TK0253   1902 2013    112      2      0    .770   1.31   3.11   .622   .751   .284   1.69   .286   .001   1
 147 TK0254   1914 2013    100      2      0    .713   1.29   2.60   .533   .786   .230   1.52   .230   .021   1
 148 TK0255   1893 2013    121      3      3    .089    .91   2.93   .582   .900   .251   1.58   .239  -.034   1
 149 TK0258   1899 2013    115      3      0    .612   1.09   2.47   .469   .770   .234   1.54   .233   .017   1
 150 TK0259   1912 2013    102      2      0    .501   1.59   4.29   .913   .879   .208   1.45   .199  -.008   1
 151 TK0260   1874 2013    140      4      0    .589   1.28   2.83   .536   .743   .233   1.67   .230   .004   1
 152 TK0261   1881 2013    133      3      0    .531   1.01   2.31   .563   .812   .266   1.48   .244  -.028   1
 153 TK0263   1833 2013    181      5      0    .553   1.33   3.67   .896   .915   .230   1.81   .237   .031   1
 154 TK0266   1917 2013     97      2      0    .709   1.67   4.41   .919   .781   .286   1.59   .279   .011   2
 155 TK0268   1829 2013    185      5      0    .688    .92   2.13   .409   .814   .232   1.75   .215   .008   1
 156 TK0269   1841 2013    173      5      0    .764    .85   1.97   .393   .757   .292   1.61   .266   .003   1
 157 TK0271   1904 2013    110      2      0    .714   1.08   2.23   .392   .521   .296   1.78   .264   .115   0
 158 TK0274   1898 2013    116      2      0    .684   1.19   3.56   .693   .718   .393   1.80   .355  -.007   3
 159 TK0275   1890 2013    124      3      0    .592    .79   5.34  1.035   .946   .423   2.10   .390  -.013   3
 160 TK0276   1902 2013    112      2      0    .725   1.24   2.84   .500   .464   .300   1.89   .300   .000   1
 161 TK0277   1907 2013    107      2      0    .637   1.13   2.77   .508   .672   .301   1.59   .260   .137   0
 162 TK0278   1882 2013    132      3      0    .532   1.29   3.70   .745   .843   .259   2.22   .271   .040   1
 163 TK0279   1908 2013    106      2      1    .344    .88   1.86   .428   .704   .277   1.79   .263  -.022   1
 164 TK0280   1885 2013    129      3      0    .707   1.19   2.91   .700   .734   .346   1.77   .311  -.021   1
 165 TK0281   1892 2013    122      3      0    .748   1.31   3.95  1.076   .918   .263   1.75   .257   .011   3
 166 TK0282   1906 2013    108      2      0    .651    .94   1.90   .358   .695   .239   1.71   .232   .016   2
 167 TK0283   1870 2013    144      4      0    .757    .87   2.08   .409   .498   .382   2.24   .359   .000   1
 168 TK0284   1882 2013    132      3      0    .727    .75   2.03   .422   .688   .405   2.21   .386   .004   2
 169 TK0285   1883 2013    131      3      0    .621    .71   2.88   .542   .820   .381   2.19   .367   .004   2
 170 TK0286   1879 2013    135      3      0    .493   1.15   2.90   .518   .810   .218   1.57   .221   .024   1
 171 TK0287   1840 2005    166      5      0    .562    .72   2.77   .523   .786   .420   1.90   .369   .018   1
 172 TK0288   1901 2013    113      2      0    .656   1.22   3.13   .630   .193   .511   2.42   .452   .018   0
 173 TK0289   1891 2013    123      3      0    .740   1.30   3.77   .756   .641   .379   2.06   .319  -.002   2
 174 TK0290   1876 2013    138      3      0    .705   1.23   2.99   .598   .680   .309   1.69   .287  -.003   2
 175 TK0291   1858 2013    156      4      0    .579   1.25   3.16   .686   .909   .229   1.63   .210  -.007   3
 176 TK0292   1915 2013     99      2      0    .614   1.39   3.57   .755   .762   .267   1.65   .253  -.048   2
 177 TK0293   1866 2013    148      4      0    .505   1.21   3.66   .711   .905   .217   1.54   .213   .014   3
 178 TK0294   1951 2013     63      0      0    .673   2.58   3.95   .640   .537   .191   1.31   .180  -.026   1
 179 TK0295   1870 2013    144      4      0    .731   1.34   3.27   .879   .899   .253   2.00   .272  -.015   1
 180 TK0296   1901 2013    113      2      0    .691   1.56   3.58   .734   .734   .265   1.80   .247   .045   0
 181 TK0297   1894 2013    120      3      0    .741   1.24   5.11  1.028   .912   .282   1.54   .244   .062   0
 182 TK0298   1902 2013    112      2      0    .703   1.52   3.41   .593   .668   .248   1.62   .211   .001   0
 183 TK0299   1901 2013    113      2      0    .780   1.09   2.51   .478   .603   .341   1.72   .307  -.009   1
 184 TK0300   1905 2013    109      2      0    .796   1.66   3.45   .685   .516   .337   1.73   .330   .009   1
 185 TK0301   1908 2013    106      2      0    .800   1.71   4.04   .804   .740   .287   1.86   .268  -.031   1
 186 TK0302   1886 2013    128      3      0    .777   1.29   2.80   .576   .461   .389   2.17   .360  -.006   1
 187 TK0303   1899 2013    115      3      0    .790   1.00   2.61   .572   .627   .390   2.01   .352  -.006   1
 188 TK0304   1903 2008    106      2      2    .160   1.12   3.15   .636   .624   .347   1.80   .307  -.032   1
 189 TK0305   1902 2013    112      2      0    .513    .92   2.24   .564   .781   .294   2.01   .281   .113   0
 190 TK0307   1910 2013    104      2      0    .706   1.41   2.68   .499   .567   .264   1.78   .252  -.017   1
 191 TK0308   1915 2013     99      2      0    .612   1.08   3.48   .536   .707   .244   1.89   .228   .022   2
 192 TK0309   1858 2013    156      4      0    .634   1.10   2.51   .480   .735   .260   2.01   .250  -.007   1
 193 TK0310   1901 2013    113      2      0    .734   1.33   3.19   .755   .780   .301   1.69   .254   .075   0
 194 TK0311   1893 2013    121      3      0    .682   1.23   2.66   .534   .646   .330   1.78   .283   .022   0
 195 TK0312   1895 2013    119      3      0    .837   1.21   2.95   .687   .732   .386   2.18   .355   .010   1
 196 TK0313   1844 2013    170      5      0    .676    .67   2.16   .439   .689   .417   2.66   .393  -.001   1
 197 TK0314   1866 2013    148      4      4    .015    .74   3.26   .650   .813   .359   2.08   .345   .008   1
 198 TK0315   1854 2013    160      4      0    .773    .73   2.10   .393   .758   .326   2.03   .288  -.004   2
 199 TK0316   1840 2013    174      5      0    .684    .66   1.51   .303   .612   .352   1.94   .338   .005   1
 200 TK0317   1904 2013    110      2      0    .769   1.00   3.13   .607   .602   .457   1.89   .399  -.011   1
 201 TK0318   1908 2013    106      2      0    .682   1.29   3.85   .773   .627   .438   2.76   .459  -.015   1
 202 TK0319   1890 2013    124      3      0    .769   1.02   3.55   .558   .584   .381   2.27   .357   .009   1
 203 TK0320   1833 2013    181      5      0    .705    .71   2.09   .387   .815   .267   1.74   .255  -.015   1
 204 TK0321   1945 2013     69      1      0    .666   1.95   4.42   .822   .699   .279   1.58   .274  -.035   1
 205 TK0322   1914 2013    100      2      0    .803   1.37   3.20   .677   .750   .304   1.78   .296  -.028   1
 206 TK0323   1918 2013     96      2      0    .578   1.30   4.25   .578   .523   .276   2.68   .330   .017   1
 207 TK0324   1850 2013    164      4      0    .780   1.00   4.96   .631   .569   .386   2.11   .346  -.021   1
 208 TK0325   1840 2013    174      5      0    .817   1.12   3.40   .677   .797   .315   1.76   .288  -.001   1
 209 TK0326   1832 2013    182      5      0    .854   1.03   2.39   .437   .488   .384   1.92   .312   .068   0
 210 TK0327   1895 2013    119      3      0    .751   1.21   2.77   .592   .644   .367   1.94   .329   .008   1
 211 TK0328   1871 2013    143      4      0    .694    .87   3.66   .745   .821   .430   2.21   .385  -.017   2
 212 TK0329   1847 2013    167      5      0    .782    .87   3.70   .683   .760   .479   1.98   .378   .010   0
 213 TK0330   1854 2013    160      4      4    .060    .88   3.45   .756   .859   .354   1.81   .315   .006   1
 214 TK0331   1879 2013    135      3      0    .815   1.03   2.45   .582   .657   .452   2.19   .370   .003   0
 215 TK0332   1893 2013    121      3      0    .824   1.41   3.53   .678   .715   .313   1.82   .287   .003   1
 216 TK0333   1892 2013    122      3      0    .834    .98   2.29   .371   .546   .309   1.75   .280   .005   1
 217 TK0334   1890 2013    124      3      3    .126   1.26   3.62   .916   .700   .463   1.77   .364   .066   0
 218 TK0335   1895 2013    119      3      0    .798   1.08   2.60   .640   .599   .479   2.33   .407   .091   0
 219 TK0336   1897 2013    117      3      0    .789   1.55   4.75  1.098   .765   .399   2.63   .401   .002   1
 220 TK0337   1922 2013     92      2      0    .810   1.89   4.80  1.019   .645   .388   1.91   .349   .011   1
 221 TK0338   1914 2013    100      2      0    .848   1.39   3.68   .857   .722   .353   1.77   .337  -.008   1
 222 TK0339   1865 2013    149      4      0    .818   1.03   2.89   .481   .474   .410   2.06   .347   .090   0
 223 TK0340   1917 2013     97      2      0    .739   1.23   5.15  1.097   .858   .344   1.74   .311  -.009   2
 224 TK0341   1852 2013    162      4      0    .791    .60   2.17   .496   .892   .340   2.03   .300  -.006   1
 225 TK0342   1834 2013    180      5      0    .759   1.03   3.48   .719   .737   .424   2.31   .387  -.008   1
 226 TK0343   1904 2013    110      2      0    .762   1.18   3.56   .616   .680   .309   1.58   .278   .021   1
 227 TK0344   1855 2013    159      4      3    .277    .66   1.68   .370   .731   .339   1.82   .311  -.007   1
 228 TK0345   1831 2013    183      5      0    .749    .99   3.61   .700   .774   .387   2.07   .327   .057   0
 229 TK0346   1824 2013    190      6      0    .699    .98   2.84   .656   .882   .289   1.90   .263   .087   0
 230 TK0347   1889 2013    125      3      0    .780   1.12   2.57   .539   .781   .259   1.61   .250  -.024   1
 231 TK0348   1866 2013    148      4      0    .737    .73   2.46   .385   .744   .270   1.74   .268   .006   2
 232 TK0349   1897 2013    117      3      0    .755   1.61   2.96   .529   .577   .250   1.50   .231   .019   2
 233 TK0350   1893 2013    121      3      0    .738   1.52   3.63   .582   .547   .278   1.68   .256   .071   0
 234 TK0351   1931 2013     83      1      0    .645   1.44   3.46   .714   .714   .323   1.79   .318  -.080   1
 235 TK0352   1871 2013    143      4      0    .790   1.21   3.40   .784   .859   .316   2.07   .296   .006   1
 236 TK0353   1883 2013    131      3      0    .577   1.15   2.77   .577   .789   .242   2.10   .248   .019   1
 237 TK0354   1856 2013    158      4      0    .613    .97   2.19   .397   .795   .214   1.90   .211  -.014   1
 238 TK0355   1842 2013    172      5      0    .583    .91   2.80   .496   .834   .205   1.64   .207  -.004   2
 239 TK0356   1866 2013    148      4      0    .706   1.18   3.47   .759   .871   .287   1.84   .286  -.021   1
 240 TK0357   1897 2013    117      3      0    .696    .95   2.48   .509   .802   .268   1.62   .241   .052   0
 241 TK0358   1813 2013    201      6      0    .705    .72   2.54   .508   .831   .301   1.62   .278   .006   1
 242 TK0359   1851 2013    163      4      0    .768   1.10   3.23   .682   .861   .273   1.57   .246   .004   1
 243 TK0360   1894 2013    120      3      0    .634   1.21   2.59   .565   .713   .275   2.08   .285   .037   1
 244 TK0361   1901 2013    113      2      0    .769   1.37   3.02   .662   .790   .267   1.78   .257   .006   1
 245 TK0362   1842 2013    172      5      0    .804   1.03   3.25   .731   .845   .330   1.71   .291   .044   0
 246 TK0363   1906 2013    108      2      0    .683   1.14   2.72   .557   .769   .253   1.62   .232   .118   0
 247 TK0364   1840 2013    174      5      0    .651    .72   2.59   .643   .923   .281   1.81   .270   .022   2
 248 TK0365   1890 2013    124      3      0    .764    .98   2.25   .370   .622   .250   1.85   .242   .024   1
 249 TK0366   1895 2013    119      3      0    .695   1.06   2.91   .718   .881   .239   2.15   .253   .011   2
 250 TK0367   1842 2006    165      5      0    .607   1.04   3.12   .628   .901   .230   1.57   .211   .010   1
 251 TK0368   1906 2013    108      2      2    .347    .82   2.61   .580   .835   .300   2.26   .330   .008   1
 252 TK0369   1898 2013    116      3      0    .688   1.15   2.74   .574   .663   .305   1.77   .323  -.023   1
 253 TK0370   1927 2013     87      1      0    .668   1.80   3.35   .770   .536   .346   1.89   .339  -.032   1
 254 TK0371   1892 2013    122      3      0    .602   1.00   2.67   .475   .716   .299   2.30   .297  -.013   1
 255 TK0372   1914 2013    100      2      0    .724   1.16   2.38   .531   .725   .254   1.74   .252   .012   2
 256 TK0373   1903 2013    111      2      0    .641    .82   2.00   .421   .756   .290   1.94   .283  -.011   1
 257 TK0374   1908 2013    106      2      0    .631   1.50   3.77   .792   .818   .256   1.60   .261   .018   1
 258 TK0375   1916 2013     98      2      0    .473   1.49   3.71   .791   .822   .266   2.53   .300  -.003   1
 259 TK0376   1891 2013    123      3      0    .571   1.29   3.82  1.020   .879   .341   2.27   .338   .010   2
 260 TK0377   1921 2013     93      2      0    .576   1.25   3.65   .797   .826   .250   2.06   .286   .041   1
 261 TK0378   1922 2013     92      2      0    .662   1.51   3.72   .757   .761   .241   1.77   .267  -.005   1
 262 TK0379   1934 2013     80      1      0    .657   1.37   3.65   .789   .813   .280   1.74   .278   .018   1
 263 TK0380   1882 2013    132      3      0    .716   1.22   4.46   .895   .770   .346   1.99   .346  -.009   1
 264 TK0381   1912 2013    102      2      0    .697   1.15   3.09   .623   .728   .307   2.09   .328   .020   1
 265 TK0382   1887 2013    127      3      0    .635   1.39   4.68   .936   .782   .315   1.77   .310  -.050   1
 266 TK0383   1907 2013    107      2      0    .630    .93   2.25   .541   .889   .226   1.75   .234   .027   1
 267 TK0384   1927 2013     87      1      0    .547   1.49   3.91   .767   .746   .313   1.71   .275  -.055   1
 268 TK0385   1891 2013    123      3      0    .721   1.37   3.71   .692   .611   .366   1.89   .344   .019   1
 269 TK0386   1845 2001    157      5      5    .059    .94   2.58   .653   .882   .220   1.56   .210   .008   1
 270 TK0387   1874 2013    140      4      0    .648    .88   1.96   .450   .743   .309   1.83   .291  -.008   1
 271 TK0388   1908 2013    106      2      1    .607   1.64   3.89   .823   .725   .270   1.71   .287   .027   1
 272 TK0389   1935 2013     79      1      0    .370   1.57   6.39   .863   .591   .274   3.10   .353   .001   1
 273 TK0390   1916 2013     98      2      0    .717   1.72   4.41   .900   .727   .313   1.49   .269   .068   0
 274 TK0391   1925 2013     89      1      0    .361   1.38   3.11   .716   .854   .252   1.61   .236  -.003   1
 275 TK0392   1866 1974    109      3      3    .089   1.12   2.28   .371   .484   .261   1.60   .262   .025   1
 276 TK0393   1883 2013    131      3      0    .661   1.17   2.74   .607   .852   .227   1.80   .238   .017   1
 277 TK0394   1914 2013    100      2      0    .590   1.21   3.34   .546   .819   .208   1.49   .216   .070   1
 278 TK0395   1858 2013    156      4      0    .633    .98   2.74   .488   .779   .262   1.64   .252  -.026   1
 279 TK0396   1858 2013    156      4      0    .812   1.13   2.95   .545   .814   .222   1.67   .224   .015   1
 280 TK0397   1909 2013    105      2      0    .615   1.56   5.16  1.038   .834   .264   1.81   .276  -.011   1
 281 TK0398   1825 2013    189      5      0    .623    .59   1.71   .365   .726   .364   2.05   .341  -.020   1
 282 TK0399   1905 2013    109      2      0    .650    .94   2.58   .525   .760   .305   1.91   .284  -.006   1
 283 TK0400   1836 2013    178      5      0    .724    .85   1.98   .371   .748   .241   1.65   .233   .002   1
 284 TK0401   1736 2013    278      9      2    .618    .69   2.94   .510   .814   .305   1.76   .297  -.000   2
 285 TK0402   1896 2013    118      3      0    .583    .98   2.69   .745   .740   .403   3.32   .447  -.012   2
 286 TK0403   1881 2013    133      3      0    .773   1.61   4.82   .953   .810   .283   1.86   .284   .007   1
 287 TK0406   1909 2013    105      2      0    .730   1.11   2.26   .415   .539   .303   1.88   .294  -.036   1
 288 TK0407   1893 2013    121      3      0    .706   1.49   3.98   .737   .636   .310   1.84   .294  -.018   1
 289 TK0408   1904 2013    110      2      0    .673   1.00   2.06   .356   .404   .313   1.49   .255  -.080   0
 290 TK0409   1905 2013    109      2      0    .727   1.31   2.48   .530   .501   .337   1.72   .317   .016   2
 291 TK0410   1926 2013     88      1      0    .651   1.52   3.02   .658   .625   .316   1.78   .300  -.041   1
 292 TK0411   1843 2013    171      5      0    .644   1.03   2.31   .432   .740   .228   1.80   .231   .021   1
 293 TK0412   1898 2013    116      2      0    .699    .94   2.07   .402   .676   .285   1.87   .284  -.021   3
 294 TK0413   1952 2013     62      0      0    .630   2.32   4.17   .779   .603   .254   1.49   .231   .018   1
 295 TK0414   1892 2013    122      3      0    .490    .75   2.12   .506   .913   .256   1.71   .259  -.010   3
 296 TK0415   1946 2013     68      1      0    .624   1.37   2.84   .501   .560   .251   1.67   .228   .109   0
 297 TK0416   1956 2013     58      0      0    .657   2.23   4.28   .716   .561   .249   1.53   .230   .006   1
 298 TK0417   1954 2013     60      0      0    .740   1.93   3.89   .831   .676   .275   1.64   .263   .006   2
 299 TK0418   1956 2013     58      0      0    .724   2.00   2.87   .411   .462   .173   1.52   .173   .011   1
 300 TK0419   1949 2013     65      0      0    .641   1.57   2.53   .456   .319   .274   1.47   .234   .029   2
 301 TK0420   1973 2013     41      0      0    .610   2.24   3.86   .737   .036   .382   1.50   .278   .011   3
 302 TK0421   1880 2013    134      3      0    .682    .90   2.29   .505   .683   .337   2.01   .337  -.013   1
 303 TK0422   1882 2013    132      3      0    .677   1.19   3.02   .599   .775   .269   1.77   .286  -.057   1
 304 TK0423   1884 2013    130      3      0    .600   1.36   3.02   .669   .867   .215   1.56   .195   .019   2
 305 TK0424   1913 2013    101      2      0    .656   1.59   2.91   .521   .527   .257   1.61   .257  -.031   1
 306 TK0428   1897 2013    117      3      0    .734    .98   3.13   .627   .736   .343   2.01   .317   .003   0
 307 TK0429   1893 2013    121      3      0    .647    .92   2.54   .486   .718   .335   1.76   .303  -.024   1
 308 TK0431   1911 2013    103      2      0    .627   1.20   3.10   .683   .743   .295   1.68   .276  -.020   1
 309 TK0432   1874 2013    140      4      0    .710   1.30   2.59   .472   .649   .248   1.56   .235   .001   1
 310 TK0433   1956 2013     58      0      0    .733   1.89   3.47   .656   .696   .209   1.62   .212  -.021   1
 311 TK0434   1874 2013    140      3      0    .612   1.83   4.09   .703   .639   .283   1.75   .244   .058   2
 312 TK0435   1893 2013    121      3      0    .635    .95   3.31   .822   .883   .305   2.04   .264   .080   0
 313 TK0436   1892 2013    122      3      0    .729   1.02   2.39   .353   .711   .208   1.59   .204  -.008   3
 314 TK0437   1934 2013     80      1      0    .549   1.91   3.39   .671   .667   .257   1.73   .255  -.007   3
 315 TK0438   1941 2013     73      1      0    .646   1.15   1.99   .336   .537   .229   1.49   .223  -.007   1
 316 TK0439   1899 2013    115      3      0    .667   1.35   2.60   .563   .661   .285   1.65   .268   .023   1
 317 TK0440   1899 2013    115      3      0    .738   1.23   2.08   .378   .634   .213   1.51   .220  -.007   1
 318 TK0441   1908 2013    106      2      1    .326   1.05   2.02   .400   .643   .276   1.81   .262   .004   1
 319 TK0442   1903 2013    111      2      0    .826   1.07   3.14   .533   .629   .346   1.77   .313  -.001   2
 320 TK0443   1922 2013     92      2      0    .655   1.47   3.12   .616   .416   .380   1.84   .357  -.009   1
 321 TK0444   1891 2013    123      3      0    .755   1.00   2.76   .652   .783   .362   2.18   .367  -.021   1
 322 TK0445   1939 2013     75      1      0    .623   1.48   3.28   .717   .581   .322   2.05   .344  -.028   2
 323 TK0446   1932 2013     82      1      0    .334   1.77   3.83   .838   .720   .315   1.63   .304  -.001   1
 324 TK0447   1878 2013    136      3      0    .648   1.11   3.65   .874   .837   .385   1.83   .357  -.126   1
 325 TK0456   1904 2013    110      2      0    .612    .98   2.25   .423   .623   .275   2.01   .279  -.001   1
 326 TK0457   1939 2013     75      1      0    .740   1.81   3.57   .624   .670   .232   1.45   .214   .008   1
 327 TK0458   1860 2013    154      4      0    .673    .72   2.25   .425   .859   .261   1.64   .249  -.007   1
 328 TK0459   1956 2013     58      0      0    .693   1.98   3.62   .672   .625   .254   1.65   .235   .149   0
 329 TK0462   1876 2013    138      3      0    .674   1.28   2.84   .711   .864   .236   1.97   .229   .003   1
 330 TK0464   1878 2013    136      3      0    .830   1.13   3.28   .702   .722   .401   1.93   .336   .006   1
 331 TK0465   1885 2013    129      3      0    .796   1.18   2.83   .563   .685   .318   1.99   .298  -.000   1
 332 TK0466   1845 2013    169      5      0    .669    .77   2.13   .392   .852   .197   1.49   .192  -.027   1
 333 TK0467   1853 2013    161      4      0    .630    .85   1.84   .321   .701   .231   1.92   .228  -.014   1
 334 TK0468   1867 2013    147      4      0    .770    .97   2.58   .478   .697   .284   2.27   .300   .039   1
 335 TK0469   1883 2013    131      3      0    .710    .84   2.19   .419   .751   .262   1.79   .261  -.028   1
 336 TK0470   1893 2013    121      3      0    .705   1.39   4.26   .871   .862   .241   1.59   .218  -.031   1
 337 TK0471   1837 2013    177      5      0    .672    .99   3.24   .726   .908   .254   1.73   .247  -.009   3
 338 TK0472   1898 2013    116      3      0    .657   1.36   3.56   .619   .661   .299   2.01   .271  -.015   1
 339 TK0473   1852 2013    162      4      0    .627   1.08   2.56   .538   .829   .237   1.60   .205   .093   0
 340 TK0475   1868 2013    146      4      0    .856   1.13   2.66   .583   .769   .302   1.95   .282   .013   1
 341 TK0476   1893 2013    121      3      0    .851   1.34   3.69   .862   .764   .373   1.95   .327   .117   0
 342 TK0477   1838 2013    176      5      0    .639   1.38   3.61   .895   .772   .340   1.79   .307   .009   1
 343 TK0478   1901 2013    113      2      0    .751   1.26   2.94   .558   .566   .319   1.57   .273   .117   0
 344 TK0479   1902 2013    112      2      0    .685   1.16   2.76   .405   .460   .278   1.82   .250  -.011   1
 345 TK0480   1870 2013    144      4      0    .720    .73   3.13   .561   .903   .284   1.86   .281   .014   1
 346 TK0481   1870 2013    144      4      0    .784   1.26   2.81   .520   .670   .296   1.66   .281  -.009   2
 347 TK0482   1836 2013    178      5      0    .694   1.03   3.34   .547   .732   .335   1.80   .298   .018   1
 348 TK0483   1889 2013    125      3      0    .791   1.09   2.61   .472   .700   .272   1.73   .257  -.014   1
 349 TK0484   1868 2013    146      4      0    .808   1.11   3.24   .783   .885   .321   1.67   .296  -.018   1
 350 TK0485   1918 2013     96      2      0    .639   1.48   2.82   .665   .867   .190   1.56   .204   .026   1
 351 TK0486   1922 2013     92      2      0    .660   1.67   3.13   .614   .721   .244   1.74   .233   .011   1
 352 TK0491   1817 2013    197      6      6    .081    .93   2.47   .693   .937   .294   2.15   .284  -.026   3
 353 TK0496   1914 2013    100      2      0    .636   1.76   3.80   .678   .682   .240   1.54   .219   .088   0
 354 TK0498   1903 2013    111      2      0    .759   1.32   3.44   .751   .861   .247   1.79   .252   .011   1
 355 TK0500   1799 2013    215      6      0    .618    .93   3.39   .761   .887   .301   1.64   .274  -.008   3
 356 TK0502   1853 2013    161      4      0    .667   1.23   3.77   .937   .933   .226   1.47   .211   .001   1
 357 TK0503   1892 2013    122      3      0    .669   1.28   2.97   .720   .852   .255   1.62   .242   .007   1
 358 TK0504   1942 2013     72      1      0    .700   1.62   3.59   .711   .590   .302   1.71   .318   .013   2
 359 TK0506   1906 2013    108      2      0    .592   1.25   3.14   .819   .848   .255   1.82   .238   .133   0
 360 TK0507   1906 2013    108      2      0    .684   1.70   3.73   .802   .828   .240   1.65   .207   .035   0
 361 TK0508   1888 2013    126      3      0    .610   1.83   4.72  1.233   .842   .312   1.73   .293   .042   1
 362 TK0509   1850 2013    164      4      0    .653   1.06   3.47   .716   .828   .296   1.76   .279   .028   1
 363 TK0511   1874 2013    140      3      0    .729   1.25   4.07   .776   .766   .300   1.75   .280  -.007   2
 364 TK0513   1900 2013    114      3      0    .486   1.53   3.98  1.022   .906   .203   1.49   .185   .096   0
 365 TK0515   1894 2013    120      3      0    .650   1.25   6.99  1.110   .891   .240   1.93   .234   .024   1
 366 TK0516   1831 2013    183      5      0    .719   1.14   2.96   .637   .849   .260   1.66   .243   .043   1
 367 TK0518   1901 2013    113      2      0    .671   1.15   2.54   .660   .782   .332   2.46   .355   .056   1
 368 TK0519   1846 2013    168      5      0    .672   1.51   3.17   .657   .690   .259   1.52   .256   .022   1
 369 TK0520   1913 2013    101      2      0    .735   1.55   2.95   .620   .504   .352   1.86   .293   .076   0
 370 TK0521   1908 2013    106      2      0    .624   1.35   2.67   .579   .691   .233   1.49   .226  -.004   1
 371 TK0522   1876 2013    138      3      0    .693    .83   2.65   .535   .774   .362   1.99   .324   .029   1
 372 TK0523   1890 2013    124      3      0    .739   1.47   3.64   .967   .842   .304   1.72   .276  -.005   1
 373 TK0524   1905 2013    109      2      0    .672   1.48   3.97   .947   .779   .396   1.85   .345   .103   0
 374 TK0525   1914 2013    100      2      0    .787   1.62   3.10   .702   .813   .227   1.49   .190  -.035   0
 375 TK0526   1838 2013    176      5      0    .693   1.20   4.23   .809   .756   .396   1.99   .331   .006   2
 376 TK0527   1869 2013    145      4      0    .787    .81   2.04   .369   .749   .261   1.55   .245   .008   1
 377 TK0528   1841 2013    173      5      0    .806   1.16   3.71   .745   .779   .299   1.74   .283  -.002   1
 378 TK0529   1885 2013    129      3      0    .840   1.77   4.40   .661   .668   .258   1.70   .242  -.018   1
 379 TK0530   1893 2013    121      3      0    .821   1.65   3.70   .777   .665   .323   1.68   .291   .030   1
 380 TK0531   1897 2013    117      3      0    .717   1.10   3.65   .855   .885   .290   1.52   .260   .016   1
 381 TK0532   1875 2013    139      3      0    .691   1.02   3.29   .718   .867   .251   1.77   .232   .021   2
 382 TK0533   1801 2013    213      6      0    .704    .66   2.30   .530   .882   .309   2.19   .300  -.007   1
 383 TK0534   1914 2013    100      2      0    .732   1.90   5.89  1.178   .788   .301   1.69   .283   .143   0
 384 TK0535   1829 2013    185      5      2    .406    .63   1.85   .274   .711   .243   1.56   .230  -.029   1
 385 TK0536   1837 2013    177      5      0    .660    .93   2.17   .372   .485   .330   1.83   .300   .012   1
 386 TK0537   1757 2013    257      8      2    .392    .67   1.96   .312   .730   .276   2.24   .267  -.006   1
 387 TK0538   1822 2013    192      6      0    .656    .93   2.44   .437   .829   .231   1.58   .219  -.036   2
 388 TK0539   1760 2011    252      8      3    .374    .68   2.78   .450   .915   .212   1.90   .208  -.009   1
 389 TK0540   1822 2013    192      6      0    .697    .58   1.50   .227   .676   .240   1.73   .223   .011   3
 390 TK0541   1779 2013    235      7      0    .663    .77   2.13   .348   .627   .283   2.24   .277   .000   1
 391 TK0542   1763 2013    250                          .52   1.31   .267   .798   .262                         
 392 TK0543   1887 2013    127      3      0    .697   1.33   2.47   .369   .449   .243   1.50   .210   .059   0
 393 TK0544   1761 1980    220      7      7    .097    .65   1.86   .412   .853   .241   1.56   .227  -.022   3
 394 TK0545   1886 2013    128      3      0    .712   1.39   2.43   .533   .842   .174   1.53   .165  -.003   1
 395 TK0546   1899 2013    115      3      0    .652   1.07   2.72   .379   .675   .218   1.49   .194   .029   1
 396 TK0547   1839 2013    175      5      0    .637   1.08   4.33   .875   .926   .253   1.78   .239  -.014   1
 397 TK0548   1850 2013    164      4      0    .568    .79   2.51   .597   .928   .261   1.65   .252  -.019   3
 398 TK0549   1884 2013    130      3      0    .825   1.21   2.38   .536   .746   .271   1.65   .252  -.013   1
 399 TK0550   1848 2013    166      4      3    .193   1.11   3.29   .797   .935   .223   1.46   .194  -.024   3
 400 TK0551   1905 2013    109      2      0    .710   1.59   3.22   .582   .734   .213   1.48   .200   .078   0
 401 TK0554   1904 2013    110      2      0    .734   1.28   2.65   .486   .824   .166   1.49   .164  -.019   1
 402 TK0555   1881 2013    133      3      0    .690    .92   2.35   .485   .898   .201   1.58   .202  -.010   1
 403 TK0556   1767 2013    247      8      7    .135    .67   2.31   .388   .759   .236   1.71   .232  -.013   1
 404 TK0557   1842 2013    172      5      0    .796    .80   1.50   .231   .473   .240   1.55   .227  -.011   1
 405 TK0558   1843 2013    171      5      0    .814    .86   2.53   .476   .716   .351   1.74   .314  -.009   1
 406 TK0559   1908 2013    106      2      0    .772   1.22   2.64   .466   .699   .234   1.63   .235   .023   1
 407 TK0560   1823 2013    191      6      0    .759   1.07   3.05   .792   .847   .320   1.76   .292   .011   1
 408 TK0561   1915 2013     99      2      0    .686   1.59   3.68   .779   .672   .334   1.94   .317   .006   1
 409 TK0562   1893 2013    121      3      0    .807   1.48   3.11   .742   .763   .309   1.62   .271   .066   0
 410 TK0563   1906 2013    108      2      0    .578   1.43   3.18   .617   .630   .297   1.71   .268   .132   0
 411 TK0564   1914 2013    100      2      0    .627   1.75   4.16   .737   .539   .305   1.84   .282   .130   0
 412 TK0565   1915 2013     99      2      0    .804   1.64   4.47   .933   .744   .315   1.66   .273   .072   0
 413 TK0566   1920 2013     94      2      0    .729   1.31   2.56   .422   .378   .274   1.61   .248   .071   0
 414 TK0567   1881 2013    133      3      0    .655   1.06   2.51   .508   .715   .300   1.61   .266   .005   1
 415 TK0568   1875 2013    139      3      0    .624   1.01   2.72   .477   .787   .254   1.65   .245  -.017   2
 416 TK0569   1849 2013    165      5      0    .700   1.05   2.76   .496   .802   .217   1.96   .227   .012   1
 417 TK0570   1875 2013    139      3      0    .630    .86   1.76   .262   .588   .224   1.50   .202   .003   2
 418 TK0571   1770 2013    244      8      3    .424    .71   1.55   .274   .790   .202   1.50   .205  -.009   3
 419 TK0572   1875 2013    139      3      0    .598   1.17   3.18   .655   .860   .230   1.59   .222   .000   1
 420 TK0573   1772 2013    242      8      2    .409    .56   1.06   .186   .709   .189   1.80   .201   .010   2
 421 TK0574   1827 2013    187      5      0    .702   1.07   2.57   .517   .841   .214   1.49   .217  -.002   2
 422 TK0575   1840 2013    174      5      0    .582    .88   2.50   .433   .869   .182   1.69   .187  -.017   1
 423 TK0576   1872 2013    142      4      0    .620   1.07   2.18   .422   .789   .223   1.86   .213  -.028   1
 424 TK0577   1845 2013    169      5      0    .750   1.05   2.61   .518   .796   .271   1.97   .254   .043   0
 425 TK0578   1895 2013    119      3      0    .743    .74   2.31   .498   .903   .292   1.85   .284  -.002   2
 426 TK0579   1789 2013    225      7      0    .658    .84   2.12   .407   .730   .268   1.88   .273   .017   2
 427 TK0580   1922 2013     92      2      0    .821   1.60   5.32   .922   .760   .310   1.92   .314  -.009   1
 428 TK0581   1913 2013    101      2      0    .819   1.60   4.07  1.019   .831   .327   1.72   .302   .003   1
 429 TK0582   1814 2013    200      6      0    .659   1.18   4.18   .972   .889   .283   2.13   .282  -.010   1
 430 TK0583   1863 2013    151      4      0    .691    .95   2.00   .370   .609   .278   2.19   .284   .010   1
 431 TK0584   1916 2013     98      2      0    .875   1.59   3.80   .709   .737   .262   1.53   .245   .029   1
 432 TK0585   1889 2013    125      3      0    .647   1.03   1.84   .310   .692   .188   1.51   .192   .000   1
 433 TK0586   1880 2013    134      3      0    .763   1.26   2.29   .500   .742   .247   1.80   .230   .093   0
 434 TK0587   1911 2013    103      2      0    .793    .97   1.79   .343   .479   .291   1.76   .269   .009   2
 435 TK0588   1898 2013    116      3      0    .770   1.19   2.60   .527   .664   .303   1.77   .278   .101   0
 436 TK0589   1912 2013    102      2      0    .844    .89   2.79   .585   .755   .368   1.81   .333   .045   1
 437 TK0590   1876 2013    138      3      0    .677   1.42   3.78   .863   .814   .310   1.74   .289   .017   3
 438 TK0591   1892 2013    122      3      0    .839   1.07   2.82   .648   .749   .337   1.88   .339   .000   1
 439 TK0592   1824 2013    190      6      0    .743    .94   2.32   .476   .774   .290   1.80   .269  -.003   1
 440 TK0593   1840 2013    174      5      0    .820    .79   3.56   .479   .819   .283   1.84   .285  -.002   1
 441 TK0594   1909 2013    105      2      0    .802   1.14   4.04   .679   .670   .406   2.07   .397  -.004   1
 442 TK0595   1918 2013     96      2      0    .791   1.87   5.49  1.339   .835   .400   1.88   .347   .034   1
 443 TK0596   1886 2013    128      3      0    .699   1.46   4.18   .834   .808   .289   1.67   .284   .001   1
 444 TK0597   1848 2013    166      5      0    .791    .91   2.15   .378   .443   .323   2.11   .318   .032   1
 445 TK0598   1906 2013    108      2      0    .774   1.30   2.67   .643   .785   .296   1.72   .267  -.009   3
 446 TK0599   1911 2013    103      2      0    .831   1.10   2.34   .435   .507   .334   1.72   .306  -.018   1
 447 TK0600   1858 2013    156      4      0    .609    .86   1.78   .469   .878   .223   2.06   .233  -.002   1
 448 TK0601   1825 2013    189      5      0    .812    .60   1.44   .308   .789   .280   1.57   .263   .004   2
 449 TK0602   1864 2013    150      4      0    .737    .91   3.54   .723   .927   .285   1.68   .253  -.012   1
 450 TK0603   1904 2013    110      2      0    .757   1.70   4.14   .910   .782   .294   1.67   .294   .095   1
 451 TK0604   1840 2013    174      5      0    .782    .96   2.78   .454   .740   .281   1.90   .256   .004   1
 452 TK0605   1891 2013    123      3      0    .784   1.47   3.16   .578   .640   .271   1.74   .267  -.009   1
 453 TK0606   1817 2013    197      6      0    .761    .94   3.11   .744   .890   .271   1.69   .252   .007   2
 454 TK0607   1908 2013    106      2      0    .823   1.74   4.53   .904   .687   .349   1.81   .320   .025   1
 455 TK0608   1896 2013    118      3      0    .742   1.11   3.83   .839   .863   .381   1.73   .316   .012   3
 456 TK0609   1827 2013    187      5      0    .728    .89   2.43   .422   .803   .217   1.54   .208   .024   2
 457 TK0610   1864 2013    150      4      0    .685    .80   1.66   .257   .471   .276   1.65   .251  -.006   1
 458 TK0611   1887 2013    127      3      0    .779    .95   2.07   .527   .752   .350   1.80   .313   .012   1
 459 TK0612   1911 2013    103      2      0    .794   1.58   3.91   .655   .604   .306   1.79   .294   .027   1
 460 TK0613   1902 2013    112      2      0    .803   1.69   4.25   .783   .590   .336   1.83   .295   .112   0
 461 TK0614   1841 2013    173      5      0    .772    .79   2.30   .484   .795   .333   2.41   .313  -.013   1
 462 TK0615   1897 2013    117      3      0    .709   1.44   3.55   .607   .688   .299   1.81   .277   .017   2
 463 TK0616   1926 2013     88      1      0    .675   1.47   2.59   .561   .731   .251   1.66   .256   .043   1
 464 TK0617   1933 2013     81      1      0    .649   2.37   5.10   .792   .650   .218   1.60   .229   .040   1
 465 TK0618   1923 2013     91      2      0    .640   2.02   3.71   .596   .465   .251   1.45   .223   .034   1
 466 TK0619   1897 2013    117      3      0    .758   1.21   2.91   .695   .883   .242   1.53   .225   .004   1
 467 TK0620   1933 2013     81      1      0    .603   1.74   3.13   .539   .618   .207   1.71   .222  -.020   2
 468 TK0621   1928 2013     86      1      0    .650   1.79   4.33   .951   .887   .215   1.77   .233   .040   1
 469 TK0622   1885 2013    129      3      0    .594    .90   1.68   .298   .628   .249   1.55   .225  -.005   1
 470 TK0623   1929 2013     85      1      0    .693   1.89   4.13   .994   .888   .209   1.41   .190   .009   1
 471 TK0624   1907 2013    107      2      0    .556   1.64   4.21   .889   .848   .187   1.56   .187  -.047   1
 472 TK0625   1854 2013    160      4      0    .721    .88   2.02   .353   .692   .261   1.71   .235   .003   2
 473 TK0626   1870 2013    144      4      0    .653    .95   2.64   .307   .764   .178   1.77   .189   .016   1
 474 TK0627   1885 2013    129      3      0    .664   1.76   4.03   .911   .840   .258   1.55   .251  -.001   1
 475 TK0628   1891 2013    123      3      0    .615   1.46   2.91   .668   .792   .210   1.49   .201  -.003   1
 476 TK0629   1851 2013    163      4      0    .488    .80   1.90   .321   .896   .141   1.35   .153   .007   1
 477 TK0630   1898 2013    116      3      0    .541   1.36   2.74   .581   .822   .198   1.55   .209   .014   2
 478 TK0631   1871 2013    143      4      0    .655   1.09   2.25   .389   .731   .227   1.53   .219  -.019   1
 479 TK0632   1901 2013    113      2      0    .511   1.76   5.38  1.170   .923   .222   1.73   .219   .040   1
 480 TK0633   1830 2013    184      5      1    .484    .94   1.67   .290   .711   .182   1.62   .190  -.015   1
 481 TK0634   1911 2013    103      2      0    .730   1.40   3.52   .569   .600   .313   1.81   .296   .125   0
 482 TK0635   1828 2013    186      5      1    .650    .98   2.97   .646   .894   .250   1.69   .237   .005   3
 483 TK0636   1923 2013     91      2      0    .630   1.81   3.99   .734   .635   .267   1.59   .242  -.011   0
 484 TK0637   1889 2013    125      3      0    .720   1.57   3.38   .690   .829   .225   1.55   .203   .007   1
 485 TK0638   1929 2013     85      1      0    .721   2.12   4.98  1.196   .875   .232   1.74   .238  -.032   1
 486 TK0639   1897 2013    117      3      0    .709   1.67   3.98   .752   .750   .242   1.53   .226  -.005   3
 487 TK0640   1881 2013    133      3      0    .592   1.11   2.22   .649   .859   .292   1.75   .288   .010   3
 488 TK0641   1902 2013    112      2      0    .757   2.05   4.35   .886   .739   .271   1.48   .244   .018   1
 489 TK0642   1902 2013    112      2      0    .607   1.39   3.71  1.008   .903   .210   1.40   .193  -.007   1
 490 TK0643   1855 2013    159      4      0    .634   1.23   4.38  1.077   .957   .189   1.46   .186   .003   1
 491 TK0644   1876 2013    138      3      0    .678   1.21   3.35   .834   .889   .220   1.57   .218   .036   1
 492 TK0645   1918 2013     96      2      0    .728   1.15   2.21   .420   .698   .228   1.53   .225   .027   1
 493 TK0646   1880 2013    134      3      0    .552   1.58   3.58   .648   .845   .180   1.47   .176  -.024   1
 494 TK0647   1914 2013    100      2      0    .510   1.38   2.61   .465   .730   .192   1.56   .203  -.000   1
 495 TK0648   1903 2013    111      2      1    .349   1.12   3.33   .834   .945   .172   1.39   .164  -.007   1
 496 TK0649   1788 2013    226      7      7    .084    .62   1.89   .335   .864   .202   1.49   .201  -.011   1
 497 TK0650   1862 2013    152      4      0    .748    .76   1.74   .297   .812   .207   1.46   .199   .027   1
 498 TK0651   1845 2013    169      5      0    .758    .88   2.12   .392   .860   .196   1.54   .190   .020   1
 499 TK0652   1785 2013    229      7      0    .628    .66   1.54   .375   .841   .241   1.57   .229   .005   1
 500 TK0653   1902 2013    112      2      0    .634   1.60   3.52   .743   .801   .217   1.55   .195   .119   0
 501 TK0654   1885 2013    129      3      0    .747   1.31   2.84   .624   .850   .248   1.59   .229   .014   3
 502 TK0655   1886 2013    128      3      0    .564   1.21   2.48   .561   .890   .191   1.72   .209   .026   1
 503 TK0656   1867 2013    147      4      0    .639   1.11   2.54   .542   .857   .202   1.44   .186  -.003   1
 504 TK0657   1922 2013     92      2      1    .424   1.80   3.87   .635   .737   .211   1.50   .205  -.024   1
 505 TK0658   1876 2013    138      3      0    .511   1.41   3.12   .602   .805   .216   1.49   .207  -.025   1
 506 TK0659   1918 2013     96      2      0    .699   1.76   3.26   .546   .525   .227   1.66   .229   .058   1
 507 TK0661   1880 2013    134      3      0    .498   1.19   2.10   .471   .839   .179   1.40   .172   .002   2
 508 TK0662   1900 2013    114      3      0    .547   1.28   2.91   .418   .563   .233   1.89   .219   .114   0
 509 TK0663   1839 2013    175      5      0    .610   1.02   2.55   .424   .784   .202   1.50   .192   .014   1
 510 TK0664   1726 2013    288      9      2    .241    .56   1.35   .286   .836   .206   1.51   .199  -.004   1
 511 TK0665   1889 2013    125      3      0    .630   1.34   2.77   .502   .783   .194   1.42   .177   .030   2
 512 TK0666   1891 2013    123      3      0    .674   1.08   3.32   .570   .827   .230   1.55   .218   .067   3
 513 TK0667   1863 2013    151      4      0    .524   1.48   3.43   .529   .716   .221   1.52   .205   .026   1
 514 TK0668   1853 2013    161      4      1    .588    .95   2.11   .347   .699   .231   1.55   .226   .009   2
 515 TK0669   1947 2013     67      1      0    .676   1.69   3.13   .573   .729   .212   1.46   .200   .001   1
 516 TK0670   1884 2013    130      3      1    .462    .82   1.79   .366   .736   .278   1.76   .259  -.013   1
 517 TK0671   1879 2013    135      3      0    .622    .96   1.87   .323   .656   .236   1.54   .216   .006   1
 518 TK0672   1827 2013    187      5      0    .625    .91   3.41   .560   .880   .234   1.61   .236  -.040   1
 519 TK0673   1871 2013    143      4      0    .698   1.02   2.27   .547   .859   .255   1.92   .253   .006   2
 520 TK0674   1843 2013    171      5      0    .689   1.30   2.73   .620   .853   .208   1.51   .206  -.013   1
 521 TK0675   1894 2013    120      3      0    .618   1.33   2.61   .491   .757   .208   1.58   .209   .020   1
 522 TK0676   1917 2013     97      2      0    .706   1.31   3.54   .821   .897   .221   1.67   .224   .007   1
 523 TK0677   1839 2013    175      5      0    .761   1.37   3.99   .763   .837   .288   1.83   .278  -.018   1
 524 TK0678   1904 2013    110      2      0    .716   1.55   3.58   .895   .696   .380   2.32   .354  -.023   1
 525 TK0679   1886 2013    128      3      0    .847   1.50   3.66   .951   .847   .324   1.93   .289   .105   0
 526 TK0680   1896 2013    118      3      0    .752   1.37   4.05   .774   .789   .308   1.98   .300   .025   1
 527 TK0681   1900 2013    114      2      0    .779   1.30   4.51   .874   .876   .314   1.76   .287  -.023   1
 528 TK0682   1853 2013    161      4      0    .695   1.04   2.81   .531   .801   .220   1.86   .248   .028   1
 529 TK0683   1888 2013    126      3      0    .663   1.33   3.05   .751   .854   .238   1.55   .222   .017   1
 530 TK0684   1889 2013    125      3      0    .730   1.45   3.84   .749   .854   .220   1.54   .209   .115   0
 531 TK0685   1851 2013    163      4      0    .715   1.00   2.42   .381   .636   .280   1.65   .240   .023   0
 532 TK0686   1869 2013    145      4      0    .716    .90   2.28   .530   .857   .266   1.62   .250   .002   1
 533 TK0687   1907 2013    107      2      0    .736   1.56   3.94   .857   .719   .349   2.11   .332   .023   1
 534 TK0688   1917 2013     97      2      0    .730   1.71   3.89   .644   .655   .234   1.60   .222   .006   1
 535 TK0689   1907 2013    107      2      0    .707   1.73   4.05   .978   .849   .256   1.74   .266   .042   1
 536 TK0690   1921 2013     93      2      0    .635   1.77   4.98  1.242   .931   .182   1.62   .184   .023   1
 537 TK0691   1893 2013    121      3      0    .618   1.36   2.61   .476   .515   .284   1.79   .257  -.010   2
 538 TK0692   1874 2013    140      4      0    .753   1.08   2.08   .435   .689   .277   1.61   .249   .050   0
 539 TK0693   1888 2013    126      3      0    .693   1.26   2.13   .443   .774   .187   1.47   .180  -.008   1
 540 TK0694   1927 2013     87      1      0    .723   1.54   4.19   .748   .670   .328   1.81   .294   .002   3
 541 TK0695   1871 2013    143      4      0    .727   1.16   2.22   .468   .813   .205   1.48   .196  -.004   1
 542 TK0696   1907 2013    107      2      0    .815   1.38   2.76   .384   .612   .201   1.49   .194   .025   1
 543 TK0697   1904 2013    110      2      0    .681   1.43   3.52   .626   .681   .248   1.67   .252  -.024   1
 544 TK0698   1932 2013     82      1      0    .736   1.96   6.07  1.177   .775   .315   1.80   .322   .031   1
 545 TK0699   1881 2013    133      3      0    .696   1.12   2.78   .531   .856   .214   2.05   .230  -.006   3
 546 TK0700   1881 2013    133      3      0    .755   1.10   3.70   .725   .932   .189   1.49   .185  -.020   1
 547 TK0701   1913 2013    101      2      0    .671   1.48   3.05   .739   .897   .187   1.44   .191   .008   1
 548 TK0702   1889 2013    125      3      0    .723   1.60   3.96  1.040   .877   .205   1.49   .196  -.013   1
 549 TK0703   1885 2013    129      3      0    .805   1.37   2.94   .696   .742   .324   1.66   .290   .012   1
 550 TK0704   1924 2013     90      2      0    .843   2.07   4.65   .979   .807   .242   1.66   .257   .005   1
 551 TK0705   1895 2013    119      3      0    .746   1.46   4.07   .989   .883   .306   1.90   .297  -.002   1
 552 TK0706   1830 2013    184      5      0    .643    .98   2.34   .433   .754   .260   1.69   .250  -.010   1
 553 TK0707   1927 2013     87      1      0    .740   1.99   4.37   .799   .885   .134   1.35   .134   .012   1
 554 TK0708   1897 2013    117      3      0    .749   1.36   2.81   .620   .851   .185   1.48   .172  -.002   1
 555 TK0709   1915 2013     99      2      0    .793   1.49   3.70   .929   .907   .270   1.76   .276  -.018   1
 556 TK0710   1849 2013    165      4      0    .625   1.33   3.65   .861   .907   .245   1.84   .243  -.001   3
 557 TK0711   1784 2013    230      7      3    .386    .72   2.28   .376   .900   .177   1.52   .174  -.001   1
 558 TK0712   1913 2013    101      2      1    .596   1.74   4.59   .979   .905   .215   1.68   .220  -.077   1
 559 TK0713   1888 2013    126      3      0    .706   1.28   2.22   .390   .664   .198   1.55   .203   .008   1
 560 TK0715   1926 2013     88      1      0    .745   2.20   4.08   .842   .756   .247   1.56   .231   .119   0
 561 TK0716   1895 2013    119      3      0    .584    .93   2.16   .451   .860   .195   1.49   .186   .010   1
 562 TK0717   1888 2013    126      3      0    .692   1.39   2.88   .449   .655   .223   1.49   .215  -.028   3
 563 TK0718   1877 2013    137      3      0    .743   1.15   2.34   .563   .847   .254   1.47   .232   .016   2
 564 TK0719   1881 2013    133      3      0    .630   1.41   3.00   .588   .749   .230   1.52   .209   .004   3
 565 TK0720   1885 2013    129      3      0    .748   1.33   2.22   .432   .710   .229   1.50   .206   .019   1
 566 TK0721   1682 2013    332     11      3    .304    .56   1.68   .299   .845   .215   1.84   .215   .015   1
 567 TK0722   1867 2013    147      4      0    .735   1.14   2.68   .455   .664   .249   1.57   .230  -.016   3
 568 TK0723   1907 2013    107      2      0    .750   1.91   3.81   .990   .813   .309   2.08   .310  -.012   1
 569 TK0724   1837 2013    177      5      0    .725    .94   2.76   .547   .728   .364   2.25   .346  -.015   3
 570 TK0725   1909 2013    105      2      0    .776   1.13   2.51   .562   .675   .375   1.93   .356   .027   1
 571 TK0726   1892 2013    122      3      0    .715   1.09   5.03  1.032   .878   .424   2.24   .391   .002   1
 572 TK0727   1901 2013    113      2      0    .720   1.46   3.79   .672   .628   .326   1.95   .309   .014   2
 573 TK0728   1904 2013    110      2      0    .799   1.35   3.20   .684   .654   .349   1.96   .342   .037   1
 574 TK0729   1908 2013    106      2      0    .759   1.60   4.29   .753   .698   .307   1.77   .293   .010   1
 575 TK0730   1874 2013    140      4      0    .782    .98   3.44   .591   .784   .359   2.05   .327   .102   0
 576 TK0731   1888 2012    125      3      0    .782   1.47   3.49   .852   .718   .351   2.23   .373   .012   1
 577 TK0732   1826 2012    187      5      5    .246   1.07   2.84   .710   .897   .275   2.03   .266   .005   1
 578 TK0733   1910 2013    104      2      0    .797   1.50   3.63   .862   .839   .252   1.52   .239   .021   1
 579 TK0734   1822 2013    192      6      0    .570    .77   2.31   .568   .866   .311   1.74   .291  -.015   1
 580 TK0735   1889 2013    125      3      0    .728   1.17   2.99   .700   .841   .269   2.00   .268  -.003   2
 581 TK0736   1903 2013    111      2      0    .801   1.40   2.67   .734   .771   .294   1.78   .280  -.011   1
 582 TK0737   1904 2013    110      2      0    .583   1.12   2.78   .620   .801   .279   1.57   .260   .012   1
 583 TK0738   1928 2013     86      1      0    .719   1.83   3.95   .760   .763   .244   1.84   .245  -.007   1
 584 TK0739   1889 2013    125      3      0    .699   1.47   3.00   .671   .902   .170   1.37   .161   .010   3
 585 TK0740   1874 2013    140      4      0    .680   1.11   2.78   .521   .812   .216   1.55   .206  -.018   1
 586 TK0741   1861 2013    153      4      0    .585   1.04   2.16   .384   .815   .181   1.43   .179   .017   2
 587 TK0743   1897 2013    117      3      0    .673   1.39   2.91   .476   .696   .222   1.62   .196  -.004   2
 588 TK0744   1899 2013    115      2      0    .615   1.01   1.99   .304   .495   .236   1.71   .217   .005   2
 589 TK0745   1884 2013    130      3      0    .568   1.13   2.80   .599   .859   .270   1.94   .254   .110   0
 590 TK0746   1902 2013    112      2      0    .632   1.05   2.13   .405   .646   .264   1.61   .246  -.011   1
 591 TK0747   1872 2013    142      4      0    .605    .93   1.82   .395   .777   .196   2.11   .206   .004   1
 592 TK0748   1916 2013     98      2      0    .675   1.27   3.75   .731   .883   .199   1.51   .187   .128   0
 593 TK0749   1944 2013     70      1      0    .705   2.26   3.74   .711   .635   .232   1.37   .207   .105   0
 594 TK0750   1928 2013     86      1      0    .723   1.66   4.26   .949   .809   .339   1.85   .319  -.012   2
 595 TK0751   1906 2013    108      2      0    .711   1.59   3.02   .492   .678   .196   1.38   .177  -.009   1
 596 TK0752   1935 2013     79      1      0    .676   1.69   3.43   .889   .900   .178   1.49   .194  -.016   1
 597 TK0753   1893 2013    121      3      0    .598   1.12   1.97   .330   .728   .165   1.47   .155   .102   0
 598 TK0754   1900 2013    114      3      0    .680   1.27   2.75   .703   .856   .208   1.48   .192   .124   0
 599 TK0755   1941 2013     73      1      0    .542   1.85   2.94   .589   .677   .220   1.52   .200   .000   2
 600 TK0756   1927 2013     87      1      0    .767   1.60   3.45   .783   .862   .222   1.63   .236  -.007   1
 601 TK0757   1863 2013    151      4      0    .771   1.30   3.01   .510   .680   .263   1.64   .260   .023   1
 602 TK0758   1881 2013    133      3      0    .683   1.12   3.57   .801   .816   .313   2.46   .333  -.005   1
 603 TK0759   1920 2013     94      2      0    .762   1.77   3.37   .796   .866   .209   1.49   .206   .005   1
 604 TK0760   1885 2013    129      3      0    .770   1.12   2.52   .510   .823   .242   1.50   .226   .003   1
 605 TK0761   1916 2013     98      2      0    .798   1.63   3.71   .839   .801   .282   1.67   .292  -.014   1
 606 TK0763   1819 2013    195      6      1    .564    .88   1.90   .404   .857   .185   1.93   .198   .002   2
 607 TK0764   1803 2013    211      6      0    .581    .63   1.36   .323   .908   .170   1.53   .179  -.007   1
 608 TK0765   1893 2013    121      3      0    .707   1.01   2.91   .830   .932   .289   1.87   .271   .004   1
 609 TK0766   1915 2013     99      2      0    .714   1.39   2.84   .611   .745   .269   1.82   .272  -.016   1
 610 TK0767   1924 2013     90      1      0    .777   1.76   3.64   .761   .796   .236   1.55   .208   .001   3
 611 TK0768   1923 2013     91      2      0    .747   1.68   3.91   .779   .814   .231   1.58   .231  -.025   1
 612 TK0769   1924 2013     90      2      0    .752   1.48   3.70   .865   .838   .267   1.49   .246   .025   1
 613 TK0770   1879 2013    135      3      0    .576   1.04   7.25   .835   .552   .341   3.44   .384   .017   1
 614 TK0771   1859 2013    155      4      0    .788   1.16   3.28   .532   .733   .286   1.57   .274  -.016   1
 615 TK0772   1940 2013     74      1      0    .796   1.84   3.63   .772   .809   .220   1.69   .239  -.028   1
 616 TK0773   1924 2013     90      2      0    .838   1.55   3.88   .872   .844   .259   1.61   .259   .005   1
 617 TK0774   1903 2013    111      2      0    .747   1.72   5.20   .936   .759   .287   1.83   .287   .032   1
 618 TK0775   1879 2013    135      3      0    .733   1.08   2.65   .551   .757   .330   1.85   .305   .023   1
 619 TK0776   1903 2013    111      2      0    .747   1.06   2.44   .442   .663   .297   2.04   .288  -.003   1
 620 TK0777   1892 2013    122      3      0    .618   1.15   2.65   .606   .815   .250   2.21   .253   .121   0
 621 TK0778   1860 2013    154      4      0    .792    .99   3.25   .689   .890   .292   2.00   .281   .003   1
 622 TK0779   1901 2013    113      2      0    .680   1.34   3.81   .664   .777   .257   1.68   .247   .007   1
 623 TK0780   1902 2013    112      2      0    .740   1.43   3.17   .713   .867   .217   1.64   .206  -.005   1
 624 TK0781   1821 2013    193      6      0    .619   1.12   2.82   .507   .805   .238   1.62   .230  -.006   2
 625 TK0782   1880 2013    134      3      0    .677    .81   1.83   .310   .640   .246   1.72   .241  -.018   1
 626 TK0783   1908 2013    106      2      0    .770   1.17   2.86   .511   .560   .342   1.67   .303   .021   2
 627 TK0784   1931 2013     83      1      0    .709   1.81   3.48   .698   .786   .218   1.47   .221   .022   1
 628 TK0785   1900 2013    114      2      0    .814   1.86   3.68   .715   .622   .292   1.70   .263   .021   1
 629 TK0786   1913 2013    101      2      0    .755   1.59   3.95   .734   .747   .255   1.50   .229   .057   2
 630 TK0787   1881 2013    133      3      0    .777   1.32   3.26   .713   .680   .318   2.06   .285  -.032   0
 631 TK0788   1899 2013    115      2      0    .802   1.09   2.61   .605   .814   .283   1.60   .262  -.026   3
 632 TK0789   1896 2013    118      3      0    .653   1.35   2.93   .432   .627   .214   1.72   .216  -.032   1
 633 TK0790   1934 2013     80      1      0    .750   1.88   4.17  1.113   .875   .248   1.66   .252  -.005   1
 634 TK0791   1920 2013     94      2      0    .788   1.84   5.23   .920   .779   .284   1.83   .288   .027   1
 635 TK0792   1889 2013    125      3      0    .713   1.12   3.02   .673   .721   .365   2.38   .346   .013   3
 636 TK0793   1920 2013     94      2      0    .821   1.58   3.62   .757   .686   .318   1.65   .301   .023   1
 637 TK0794   1830 2013    184      5      0    .689    .96   2.00   .423   .696   .296   1.67   .266   .013   1
 638 TK0795   1902 2013    112      2      0    .729   1.54   3.26   .490   .509   .249   1.80   .241  -.000   3
 639 TK0796   1890 2013    124      3      0    .740   1.35   4.44  1.016   .855   .326   1.65   .313   .002   1
 640 TK0797   1904 2013    110      2      0    .671   1.55   3.16   .613   .636   .293   1.53   .243  -.005   2
 641 TK0798   1933 2013     81      1      0    .707   1.61   2.81   .547   .608   .264   1.45   .244   .018   1
 642 TK0799   1813 2013    201      6      0    .643    .68   1.82   .405   .834   .301   1.75   .265  -.012   1
 643 TK0800   1864 2013    150      4      0    .749    .90   2.24   .477   .827   .266   1.99   .264   .043   1
 644 TK0801   1891 2013    123      3      0    .736   1.37   2.88   .549   .624   .311   1.58   .270   .017   1
 645 TK0802   1855 2013    159      4      0    .702    .85   1.78   .342   .833   .175   1.80   .191  -.034   1
 646 TK0803   1934 2013     80      1      0    .733   1.41   3.46   .625   .622   .316   1.59   .285   .004   1
 647 TK0804   1901 2013    113      2      0    .623   1.16   2.49   .496   .770   .197   1.62   .204  -.006   1
 648 TK0805   1893 2013    121      3      0    .738   1.34   2.82   .662   .813   .257   1.65   .250  -.016   1
 649 TK0806   1925 2013     89      1      1    .397   1.88   5.74  1.025   .825   .299   1.85   .287  -.003   1
 650 TK0807   1922 2013     92      2      0    .583   2.00   4.97  1.038   .680   .306   1.64   .276  -.010   2
 651 TK0808   1907 2013    107      2      0    .655   1.74   3.64   .580   .456   .279   1.97   .276  -.013   1
 652 TK0809   1919 2013     95      2      0    .748   1.13   2.96   .607   .782   .296   1.65   .279  -.010   1
 653 TK0810   1896 2013    118      3      0    .582   1.25   3.86   .741   .737   .337   2.06   .315  -.010   1
 654 TK0811   1896 2013    118      3      1    .436    .92   2.03   .457   .814   .288   1.80   .277   .020   1
 655 TK0812   1886 2013    128      3      0    .546   1.60   4.89   .699   .708   .238   1.86   .242  -.021   1
 656 TK0813   1899 2013    115      3      0    .539   1.43   3.81   .868   .550   .451   2.25   .441  -.019   1
 657 TK0814   1900 2013    114      2      0    .773   1.25   3.11   .574   .368   .411   2.03   .378  -.004   1
 658 TK0815   1888 2013    126      3      0    .463   2.11   5.52  1.190   .853   .233   1.54   .209   .108   0
 659 TK0816   1851 2013    163      4      0    .608   1.00   2.43   .513   .682   .341   1.76   .302   .024   1
 660 TK0817   1943 2013     71      1      0    .598   2.46   5.02   .975   .586   .290   1.74   .276  -.018   2
 661 TK0818   1856 2013    158      4      0    .568   1.05   3.10   .456   .730   .246   1.82   .242  -.012   3
 662 TK0819   1882 2013    132      3      0    .632   1.53   4.17   .920   .795   .328   2.00   .329  -.035   1
 663 TK0820   1877 2013    137      3      0    .690    .98   2.49   .559   .821   .265   1.48   .234  -.006   2
 664 TK0821   1930 2013     84      1      0    .695   1.50   3.31   .771   .812   .284   1.69   .266  -.002   2
 665 TK0822   1867 2013    147      4      0    .740   1.37   3.71   .889   .853   .290   1.73   .267   .110   0
 666 TK0823   1913 2013    101      2      0    .685   1.60   4.31  1.053   .873   .294   1.84   .263   .118   0
 667 TK0824   1889 2013    125      3      0    .739   1.47   3.23   .941   .875   .275   1.72   .263  -.018   1
 668 TK0825   1917 2013     97      2      0    .717   2.14   5.51  1.049   .851   .218   1.62   .212  -.022   1
 669 TK0826   1913 2013    101      2      0    .669   1.57   3.68   .751   .772   .246   2.08   .284  -.052   1
 670 TK0827   1869 2013    145      4      0    .642   1.26   3.44   .660   .866   .219   1.54   .213   .010   1
 671 TK0828   1939 2013     75      1      0    .587   2.14   5.80   .962   .782   .245   1.48   .231  -.009   2
 672 TK0829   1937 2013     77      1      0    .638   2.07   4.31   .658   .622   .222   1.94   .229   .002   1
 673 TK0830   1847 2013    167      5      0    .657    .83   3.06   .572   .871   .284   1.90   .275  -.013   1
 674 TK0831   1857 2013    157      4      0    .637    .88   3.18   .643   .854   .332   1.91   .312  -.022   1
 675 TK0832   1886 2013    128      3      0    .701   1.33   4.38   .868   .773   .370   1.70   .325   .124   0
 676 TK0833   1893 2013    121      3      0    .744   1.46   4.64   .927   .773   .324   1.74   .297  -.011   1
 677 TK0834   1874 2013    140      4      0    .725   1.38   3.64   .699   .797   .281   1.69   .267   .001   1
 678 TK0835   1886 2013    128      3      0    .768   1.38   3.05   .621   .897   .189   1.40   .184   .021   1
 679 TK0836   1909 2013    105      2      0    .683   1.57   4.14  1.057   .858   .258   1.82   .261  -.032   1
 680 TK0837   1890 2013    124      3      0    .657   1.60   3.74   .760   .772   .220   1.70   .232  -.023   1
 681 TK0838   1866 2013    148      4      0    .645   1.08   3.13   .679   .846   .275   1.75   .264   .017   1
 682 TK0839   1884 2013    130      3      0    .708   1.51   4.18   .725   .661   .317   1.98   .303  -.004   1
 683 TK0840   1910 2013    104      2      0    .693   1.51   3.80   .627   .709   .242   1.66   .238   .016   2
 684 TK0841   1894 2013    120      3      0    .648   1.48   5.11   .745   .713   .228   2.16   .241   .019   3
 685 TK0842   1899 2013    115      2      0    .645   1.05   2.81   .433   .690   .259   1.69   .243   .001   2
 686 TK0843   1874 2013    140      3      0    .642   1.00   2.53   .444   .704   .301   1.82   .274   .087   2
 687 TK0844   1890 2013    124      3      0    .635   1.33   3.19   .693   .794   .285   1.81   .282  -.016   1
 688 TK0845   1908 2013    106      2      0    .623   1.18   3.60   .723   .770   .285   1.79   .305  -.021   1
 689 TK0846   1917 2013     97      2      0    .656   1.35   3.06   .797   .800   .260   1.62   .246   .051   3
 690 TK0847   1870 2013    144      4      0    .671   1.01   2.42   .490   .822   .256   1.77   .257  -.030   1
 691 TK0848   1889 2013    125      3      0    .690   1.15   3.22   .552   .827   .235   1.53   .239   .009   1
 692 TK0849   1897 2013    117      3      0    .630   1.40   2.77   .608   .571   .343   1.82   .330  -.001   1
 693 TK0850   1907 2013    107      2      0    .745   1.29   2.73   .585   .667   .296   1.63   .269  -.015   1
 694 TK0851   1907 2013    107      2      0    .700   1.05   3.37   .555   .730   .283   1.71   .273   .131   0
 695 TK0852   1924 2013     90      2      0    .739   1.29   2.66   .589   .628   .384   1.78   .326   .146   0
 696 TK0853   1905 2013    109      2      0    .713   1.68   4.56   .824   .774   .237   1.60   .239  -.031   1
 697 TK0854   1900 2013    114      2      0    .608   1.15   2.08   .442   .680   .270   1.76   .276   .007   1
 698 TK0855   1891 2013    123      3      0    .597   1.17   2.35   .482   .794   .229   1.73   .232  -.027   1
 699 TK0856   1902 2013    112      2      0    .601   1.62   3.43   .856   .809   .312   1.77   .275   .075   0
 700 TK0857   1936 2013     78      1      0    .756   1.88   4.92  1.051   .892   .217   1.44   .205   .001   1
 701 TK0858   1869 2013    145      4      0    .620   1.19   3.13   .629   .680   .335   1.87   .313  -.029   1
 702 TK0859   1790 2013    224      7      1    .563    .64   1.31   .271   .749   .283   1.72   .251   .064   0
 703 TK0860   1841 2013    173      5      0    .614   1.05   3.19   .709   .850   .282   2.03   .286  -.016   1
 704 TK0861   1907 2013    107      2      0    .640   1.56   3.87   .903   .725   .367   1.71   .309  -.037   0
 705 TK0862   1878 2013    136      3      0    .564   1.20   2.82   .542   .821   .230   1.52   .230  -.006   1
 706 TK0863   1920 2013     94      2      0    .716   1.62   3.07   .702   .796   .234   1.55   .212  -.011   1
 707 TK0864   1892 2013    122      3      0    .712   1.21   2.77   .665   .679   .381   2.36   .390  -.018   1
 708 TK0865   1895 2013    119      3      0    .550    .94   3.62   .861   .943   .296   2.14   .320   .056   1
 709 TK0866   1875 2013    139      3      0    .678   1.16   2.81   .549   .654   .340   1.85   .317  -.001   1
 710 TK0867   1896 2013    118      3      0    .655   1.01   2.97   .428   .401   .343   2.18   .325   .002   1
 711 TK0868   1867 2013    147      4      0    .660    .81   2.26   .449   .483   .455   2.70   .432   .028   2
 712 TK0869   1934 2013     80      1      0    .665   2.17   4.52   .975   .686   .305   1.86   .294   .047   1
 713 TK0870   1914 2013    100      2      0    .734   1.87   4.79   .947   .738   .306   1.90   .266  -.136   0
 714 TK0871   1889 2013    125      3      0    .569    .91   2.12   .502   .864   .229   1.89   .255  -.051   1
 715 TK0872   1893 2013    121      3      0    .748   1.44   4.33   .839   .737   .307   2.04   .313  -.004   1
 716 TK0873   1913 2013    101      2      0    .735   1.49   4.47   .835   .743   .323   1.73   .294  -.027   1
 717 TK0874   1868 2013    146      4      0    .636   1.18   2.25   .430   .655   .263   1.61   .264   .038   1
 718 TK0875   1889 2013    125      3      0    .654   1.49   3.91   .826   .646   .356   1.69   .321   .012   1
 719 TK0876   1865 2013    149      4      0    .650   1.41   3.61   .647   .691   .293   2.35   .315  -.004   2
 720 TK0877   1897 2013    117      3      0    .722   1.45   3.52   .770   .700   .336   1.98   .319   .020   1
 721 TK0878   1910 2013    104      2      0    .712   2.66   5.29  1.140   .798   .231   1.64   .234   .025   1
 722 TK0879   1877 2013    137      3      0    .659   1.28   2.90   .656   .872   .197   1.45   .198   .049   1
 723 TK0880   1886 2013    128      3      0    .594   1.08   4.35   .694   .871   .219   1.77   .236  -.023   1
 724 TK0881   1840 2013    174      5      0    .573    .71   1.70   .330   .741   .286   1.83   .272   .002   2
 725 TK0882   1888 2013    126      3      0    .562   1.03   3.29   .834   .909   .326   1.96   .306  -.013   1
 726 TK0883   1883 2013    131      3      0    .661   1.28   3.69   .894   .864   .296   1.99   .311   .017   1
 727 TK0884   1895 2013    119      3      0    .723   1.22   2.30   .375   .481   .258   1.53   .235  -.032   1
 728 TK0885   1889 2013    125      3      0    .718   1.09   2.75   .648   .850   .274   1.65   .264  -.003   2
 729 TK0886   1922 2013     92      2      0    .749   2.14   3.54   .771   .683   .246   1.51   .233  -.047   1
 730 TK0887   1917 2013     97      2      0    .655   1.74   3.13   .565   .714   .203   1.47   .197   .080   1
 731 TK0888   1886 2013    128      3      0    .635    .93   3.00   .605   .847   .292   1.78   .272   .004   1
 732 TK0889   1921 2013     93      2      1    .356   1.77   4.13   .839   .642   .312   1.63   .287  -.030   1
 733 TK0890   1928 2013     86      1      0    .629   1.69   2.92   .638   .809   .206   1.55   .201  -.051   1
 734 TK0891   1906 2013    108      2      0    .755   1.52   3.59   .656   .734   .249   1.68   .254   .008   1
 735 TK0892   1900 2001    102      3      0    .700    .91   2.19   .403   .569   .344   1.88   .296   .018   0
 736 TK0893   1956 2013     58      0      0    .429   2.28   5.48   .855   .385   .298   1.88   .276   .018   0
 737 TK0894   1917 2013     97      2      0    .670   1.39   4.56   .823   .840   .305   1.88   .288   .012   1
 738 TK0895   1914 2013    100      2      0    .483   1.31   3.45   .757   .803   .288   2.10   .308  -.125   1
 739 TK0896   1915 2013     99      2      0    .641   1.77   3.51   .724   .591   .305   1.83   .277   .109   0
 740 TK0897   1834 2002    169      5      0    .642    .63   1.59   .401   .941   .203   1.53   .200   .025   1
 741 TK0898   1941 2013     73      1      0    .641   1.78   3.06   .540   .575   .228   1.59   .221  -.011   1
 742 TK0899   1820 2013    194      6      0    .501    .93   4.03   .611   .898   .207   1.52   .206   .030   1
 743 TK0900   1866 2013    148      4      0    .612   1.14   2.07   .323   .601   .213   1.64   .197   .005   1
 744 TK0901   1898 2013    116      3      0    .666   1.38   2.68   .420   .597   .219   1.50   .218  -.016   1
 745 TK0902   1872 2013    142      4      4    .256   1.09   3.04   .755   .772   .368   2.79   .379  -.011   1
 746 TK0903   1882 2013    132      3      0    .728   1.56   3.58   .703   .700   .300   1.82   .289  -.018   1
 747 TK0904   1838 2013    176      5      0    .654    .75   2.02   .410   .890   .231   1.67   .222   .010   1
 748 TK0905   1862 2013    152      4      0    .682   1.12   3.06   .610   .831   .274   1.83   .237  -.044   0
 749 TK0906   1843 2013    171      5      0    .425   1.07   2.22   .454   .879   .181   1.70   .203   .035   1
 750 TK0907   1861 2013    153      4      1    .642    .94   2.06   .501   .755   .344   1.80   .321  -.027   1
 751 TK0908   1811 2013    203      6      6    .213    .84   1.74   .392   .855   .222   1.74   .215  -.003   2
 752 TK0909   1853 2013    161      4      0    .680   1.06   2.42   .450   .809   .216   1.81   .221   .009   1
 753 TK0910   1820 2013    194      6      0    .538   1.10   2.62   .534   .897   .173   1.57   .174   .019   1
 754 TK0911   1842 2013    172      5      4    .367    .80   2.42   .518   .930   .226   1.85   .227   .018   1
 755 TK0912   1901 2013    113      2      0    .637   1.14   3.39   .840   .932   .234   1.62   .244  -.043   1
 756 TK0913   1830 2013    184      5      2    .402    .74   1.79   .325   .844   .181   1.94   .204   .030   1
 757 TK0914   1873 2013    141      3      1    .549    .91   2.75   .454   .827   .230   1.61   .219  -.026   3
 758 TK0915   1798 2013    216      7      0    .489    .62   2.10   .376   .911   .164   1.69   .180   .023   1
 759 TK0916   1836 2013    178      5      0    .581    .92   1.86   .334   .661   .257   1.76   .257   .014   1
 760 TK0917   1923 2013     91      2      0    .536   1.29   2.88   .463   .653   .240   1.63   .219   .112   0
 761 TK0918   1925 2013     89      1      0    .636   1.68   3.69   .667   .763   .249   1.55   .230   .023   3
 762 TK0919   1927 2013     87      1      0    .536   1.48   4.23   .982   .798   .424   2.23   .386   .015   0
 763 TK0920   1906 2013    108      2      0    .430   1.66   3.48   .870   .906   .204   2.81   .275   .321   1
 764 TK0921   1903 2013    111      2      0    .525   1.28   2.69   .487   .617   .240   1.54   .267   .026   1
 765 TK0922   1908 2013    106      2      0    .563   1.22   2.86   .539   .719   .257   1.87   .238   .023   1
 766 TK0923   1866 2013    148      4      1    .466    .66   1.89   .418   .925   .180   1.45   .190   .027   1
 767 TK0924   1767 2013    247      8      2    .442    .59   1.93   .287   .883   .185   1.52   .190   .005   1
 768 TK0925   1935 2013     79      1      0    .631   1.39   3.69   .913   .924   .234   1.84   .227   .012   1
 769 TK0926   1929 2013     85      1      0    .383   1.31   3.17   .731   .874   .193   1.37   .186  -.044   3
 770 TK0927   1834 2013    180      5      1    .453   1.13   3.29   .552   .839   .221   1.75   .221  -.006   2
 771 TK0928   1942 2013     72      1      0    .436   1.53   2.47   .442   .559   .237   1.53   .221   .035   2
 772 TK0929   1836 2004    169      5      5   -.044   1.08   2.69   .347   .549   .220   1.96   .234  -.031   3
 773 TK0930   1913 2013    101      2      1    .231   1.32   3.13   .704   .829   .277   1.79   .278   .070   1
 774 TK0931   1902 2013    112      2      1    .286   1.41   2.80   .614   .705   .308   1.96   .314  -.007   1
 775 TK0932   1847 2002    156      5      5    .144   1.02   2.75   .515   .755   .279   2.00   .289  -.034   3
 776 TK0933   1904 2013    110      2      1    .424   1.81   3.88   .871   .740   .304   1.89   .306  -.016   2
 777 TK0934   1902 2013    112      2      0    .530   1.52   4.61   .946   .851   .254   1.95   .266   .040   1
 778 TK0935   1938 2013     76      1      0    .387   1.78   3.97   .812   .855   .202   1.47   .214   .082   1
 779 TK0936   1941 2013     73      1      0    .359   1.80   3.60   .709   .546   .321   1.67   .279   .011   2
 780 TK0937   1820 2013    194      6      1    .404    .96   3.51   .618   .811   .307   2.00   .326  -.024   3
 781 TK0938   1949 2013     65      1      0    .461   2.45   3.70   .658   .531   .218   1.46   .201  -.035   1
 782 TK0939   1962 2013     52      0      0    .530   3.37   5.09   .645   .341   .191   1.34   .153  -.071   0
 783 TK0940   1905 2013    109      2      0    .528   1.67   3.49   .711   .678   .287   1.81   .250  -.000   2
 784 TK0941   1890 2013    124      3      1    .539   1.55   3.04   .694   .770   .257   1.49   .250  -.000   1
 785 TK0942   1797 2009    211                          .78   3.01   .531   .878   .250                         
 786 TK0943   1844 2013    170      5      0    .454    .85   3.05   .452   .775   .270   1.77   .272  -.022   3
 787 TK0944   1841 2013    173      5      0    .535   1.06   2.70   .602   .876   .226   1.85   .230  -.043   1
 788 TK0945   1862 2013    152      4      2    .368    .84   2.72   .557   .787   .380   2.36   .361  -.002   1
 789 TK0946   1934 2013     80      1      0    .429   2.34   4.23   .681   .571   .233   1.39   .223   .045   1
 790 TK0947   1907 2013    107      2      0    .355   1.55   2.92   .530   .667   .245   1.60   .246  -.020   1
 791 TK0948   1839 2013    175      5      1    .470    .97   2.31   .447   .748   .233   2.15   .253   .024   1
 792 TK0949   1787 2013    227      7      5    .342    .38   1.47   .208   .801   .225   1.65   .222   .014   1
 793 TK0950   1759 2013    255      8      0    .581    .46   1.38   .230   .869   .195   1.66   .187   .001   1
 794 TK0951   1782 1981    199                          .76   2.63   .500   .814   .339                         
 795 TK0952   1782 2004    223      7      7    .113    .72   2.52   .450   .881   .203   1.73   .233  -.004   3
 796 TK0953   1863 2013    151      4      0    .567   1.08   2.19   .569   .863   .244   1.68   .236  -.015   1
 797 TK0954   1895 2013    119      3      0    .468   1.50   3.40   .787   .884   .222   1.98   .234   .050   1
 798 TK0955   1898 2013    116      3      1    .565   1.20   2.04   .353   .424   .266   1.69   .220  -.107   0
 799 TK0956   1893 2013    121      3      1    .549   1.29   2.59   .518   .634   .313   1.57   .274   .026   1
 800 TK0957   1894 2013    120      3      0    .576   1.29   2.52   .468   .527   .278   1.83   .269   .021   1
 801 TK0958   1900 2013    114      3      0    .515   1.36   2.10   .370   .317   .285   1.45   .238   .101   0
 802 TK0959   1891 2013    123      3      0    .695   1.28   2.22   .388   .679   .209   1.37   .195   .006   1
 803 TK0960   1866 2013    148      4      0    .393   1.00   1.82   .359   .753   .202   1.84   .213   .021   1
 804 TK0961   1881 2013    133      3      0    .597    .97   1.78   .351   .727   .218   1.69   .208   .030   1
 805 TK0962   1858 2013    156      4      0    .600    .88   3.00   .329   .512   .272   2.07   .262   .008   1
 806 TK0963   1801 2013    213      6      1    .529    .78   1.79   .248   .688   .203   1.51   .197   .003   1
 807 TK0964   1908 2013    106      2      0    .533   1.61   3.05   .670   .820   .195   1.73   .188   .013   1
 808 TK0965   1913 2002     90      2      0    .465   1.59   3.35   .803   .882   .194   1.87   .197   .013   2
 809 TK0966   1791 2013    223      7      7   -.051    .59   1.81   .316   .911   .177   1.52   .186   .020   1
 810 TK0967   1956 2013     58      0      0    .366   2.96   5.11   .825   .365   .238   1.56   .222   .040   0
 811 TK0968   1921 2013     93      2      0    .373   1.54   3.03   .576   .800   .181   1.49   .189  -.022   2
 812 TK0969   1891 2013    123      3      0    .560   1.71   3.76   .604   .859   .152   1.44   .154   .022   1
 813 TK0970   1908 2013    106      2      0    .541   1.66   4.58   .994   .921   .212   1.62   .209   .012   1
 814 TK0971   1891 2013    123      3      0    .624   1.92   3.97   .912   .870   .190   1.39   .171   .003   1
 815 TK0972   1912 2013    102      2      0    .529   2.27   5.14  1.289   .924   .184   1.51   .180  -.008   1
 816 TK0973   1914 2013    100      2      0    .608   1.40   3.52   .945   .938   .206   1.60   .213  -.010   1
 817 TK0974   1915 2013     99      2      0    .614   1.30   3.62  1.064   .935   .225   1.47   .208   .141   0
 818 TK0975   1884 2013    130      3      0    .617   1.21   2.83   .628   .708   .321   1.75   .282   .025   3
 819 TK0976   1900 2013    114      2      0    .502   1.87   4.64   .918   .622   .310   2.33   .331   .043   1
 820 TK0977   1918 2013     96      2      0    .674   1.50   3.39   .462   .524   .238   1.62   .229   .001   1
 821 TK0978   1908 2013    106      2      0    .656   1.54   3.82   .731   .582   .362   1.88   .344   .039   1
 822 TK0979   1916 2013     98      2      0    .489   1.86   4.43   .983   .844   .263   1.67   .257   .039   2
 823 TK0980   1841 2013    173      5      0    .566    .77   2.22   .361   .658   .336   1.92   .304   .016   1
 824 TK0981   1886 2013    128      3      0    .608    .99   1.80   .255   .150   .266   1.76   .225  -.092   0
 825 TK0982   1899 2013    115      2      0    .661   1.29   2.40   .405   .531   .253   1.56   .217  -.008   2
 826 TK0983   1878 2013    136      3      0    .526   1.05   3.28   .445   .793   .188   1.68   .198   .004   1
 827 TK0984   1852 2013    162      4      0    .526   1.01   2.30   .398   .839   .193   1.74   .190  -.001   1
 828 TK0985   1918 2013     96      2      0    .613   1.42   4.56   .692   .777   .258   1.81   .241   .011   1
 829 TK0986   1903 2013    111      2      0    .698   1.50   3.76   .854   .839   .236   1.54   .199   .052   0
 830 TK0987   1868 2013    146      4      0    .600   1.06   2.47   .439   .651   .278   1.91   .304  -.030   1
 831 TK0988   1893 2013    121      3      0    .659   1.09   2.82   .690   .882   .288   1.81   .272  -.002   1
 832 TK0989   1868 2013    146      4      3    .361    .87   2.66   .591   .803   .366   2.30   .371  -.030   1
 833 TK0990   1825 1956    132      3      0    .473   1.46   2.84   .576   .754   .229   1.53   .226   .023   1
 834 TK0991   1804 1935    132      3      0    .522   1.43   4.44   .934   .822   .298   1.67   .275   .038   2
 835 TK0992   1842 1987    146      4      0    .576   1.05   2.82   .684   .735   .337   1.83   .306   .021   1
 836 TK0993   1861 1989    129      3      0    .505   1.50   3.58   .560   .550   .276   1.72   .250   .071   0
 837 TK0994   1924 2013     90      2      0    .598   1.27   2.07   .308   .464   .198   1.52   .191   .111   0
 838 TK0995   1902 2013    112      2      0    .415   1.46   3.59   .688   .855   .203   1.87   .199   .132   0
 839 TK0996   1950 2013     64      0      0    .671   2.17   3.63   .696   .700   .228   1.52   .204   .021   1
 840 TK0997   1914 2013    100      2      0    .815   1.10   2.88   .558   .722   .298   1.66   .259   .082   0
 841 TK0998   1952 2013     62      0      0    .594   1.85   3.80   .711   .462   .339   1.62   .273  -.057   0
 842 TK0999   1945 2013     69      1      0    .628   2.42   5.51  1.019   .577   .323   1.71   .301   .034   1
 843 TK1000   1954 2013     60      0      0    .507   2.08   3.12   .483   .281   .212   1.62   .198   .033   0
 844 TK1001   1897 2013    117      3      0    .666   1.00   1.69   .362   .744   .213   1.50   .217  -.018   1
 845 TK1002   1820 2013    194      6      0    .682    .75   1.64   .325   .784   .220   1.87   .247   .005   2
 846 TK1003   1832 2013    182      5      0    .637    .97   3.48   .533   .763   .280   2.49   .304   .016   1
 847 TK1004   1936 2013     78      1      0    .652   1.42   2.66   .446   .651   .226   1.50   .224   .044   1
 848 TK1005   1885 2013    129      3      0    .644   1.03   2.39   .460   .608   .317   2.02   .322   .026   1
 849 TK1006   1932 2013     82      1      0    .682   1.66   3.47   .725   .657   .296   2.04   .309   .044   3
 850 TK1007   1900 2013    114      3      0    .705   1.08   2.48   .517   .616   .375   1.83   .300  -.061   0
 851 TK1008   1905 2013    109      2      0    .741   1.02   2.53   .617   .758   .353   2.06   .301  -.001   3
 852 TK1009   1917 2013     97      2      0    .733   1.59   4.37  1.161   .839   .310   1.64   .285  -.012   1
 853 TK1010   1904 2013    110      2      0    .760   1.33   3.86   .718   .683   .334   1.77   .298  -.012   1
 854 TK1011   1866 2013    148      4      0    .740    .95   2.47   .504   .666   .382   2.48   .366   .007   1
 855 TK1012   1795 2013    219      7      0    .689    .84   2.77   .397   .668   .292   1.61   .259  -.007   1
 856 TK1013   1828 2013    186      5      0    .723    .82   2.01   .336   .709   .265   1.49   .241   .001   3
 857 TK1014   1892 2013    122      3      0    .622   1.14   2.29   .484   .774   .230   1.50   .203   .072   0
 858 TK1015   1895 2013    119      3      0    .509   1.18   2.50   .574   .892   .171   1.46   .177  -.021   1
 859 TK1018   1921 2013     93      2      0    .741   1.13   2.49   .492   .756   .247   1.52   .242   .038   1
 --- -------- ---------  -----  -----  -----   ------ -----  -----  -----  -----  -----  -----  -----  -----  --
 Total or mean:         109555   2569    199    .631   1.18   7.25   .604   .753   .276   3.44   .263   .011

 DATA CHECKS (rwl.check): cana590
-----------------------------------------------------------------------------------------------------------------------------------
 rwl.check: data_files/treering/measurements/northamerica/canada/cana590.rwl
 859 series, 109555 measurements, 1643-2013, 0.001 mm precision
 6 error(s), 23 warning(s), 5 note(s)
 -------------
 ERROR
   RWL_DATING_LAG (6)
     TK0255: correlates best with the master at lag 1 (r = 0.417 against r = 0.301 as dated); the series may be misdated by 1 year(s), most likely a false ring or a ring measured twice
     TK0330: correlates best with the master at lag -4 (r = 0.423 against r = 0.012 as dated); the series may be misdated by 4 year(s), most likely a missing ring
     TK0344: correlates best with the master at lag -2 (r = 0.497 against r = 0.354 as dated); the series may be misdated by 2 year(s), most likely a missing ring
     TK0732: correlates best with the master at lag 3 (r = 0.451 against r = 0.252 as dated); the series may be misdated by 3 year(s), most likely a false ring or a ring measured twice
     TK0902: correlates best with the master at lag 4 (r = 0.423 against r = 0.23 as dated); the series may be misdated by 4 year(s), most likely a false ring or a ring measured twice
     TK0908: correlates best with the master at lag 3 (r = 0.478 against r = 0.334 as dated); the series may be misdated by 3 year(s), most likely a false ring or a ring measured twice
 -------------
 WARNING
   RWL_INTERNAL_NA (3)
     TK0542: no measurement for 1842, inside the measured span of the series. The file records nothing for that year, which is not a fault, but detrend(), chron(), strip.rwl(), rwi.stats() and sss() fail on interior gaps and this series cannot be crossdated. Use fill.internal.NA() to close them deliberately
     TK0942: no measurement for 2000-2001, inside the measured span of the series. The file records nothing for those years, which is not a fault, but detrend(), chron(), strip.rwl(), rwi.stats() and sss() fail on interior gaps and this series cannot be crossdated. Use fill.internal.NA() to close them deliberately
     TK0951: no measurement for 1900, inside the measured span of the series. The file records nothing for that year, which is not a fault, but detrend(), chron(), strip.rwl(), rwi.stats() and sss() fail on interior gaps and this series cannot be crossdated. Use fill.internal.NA() to close them deliberately
   RWL_REPEATED_VALUE (1)
     TK0764: 0.085 repeated in 9 consecutive rings, 2005-2013; a constant stretch is a placeholder, not a measurement
   RWL_SERIES_OUTLIER (19)
     TK0030: correlates with the rest of the collection at r = 0.194 where the collection median is 0.664 (4.2 MAD below it); it does not fit the collection it is in
     TK0033: correlates with the rest of the collection at r = 0.169 where the collection median is 0.664 (4.4 MAD below it); it does not fit the collection it is in
     TK0059: correlates with the rest of the collection at r = 0.111 where the collection median is 0.664 (4.9 MAD below it); it does not fit the collection it is in
     TK0216: correlates with the rest of the collection at r = 0.117 where the collection median is 0.664 (4.9 MAD below it); it does not fit the collection it is in
     TK0304: correlates with the rest of the collection at r = 0.134 where the collection median is 0.664 (4.7 MAD below it); it does not fit the collection it is in
     TK0314: correlates with the rest of the collection at r = -0.006 where the collection median is 0.664 (6 MAD below it); it does not fit the collection it is in
     TK0330: correlates with the rest of the collection at r = 0.012 where the collection median is 0.664 (5.8 MAD below it); it does not fit the collection it is in
     TK0334: correlates with the rest of the collection at r = 0.132 where the collection median is 0.664 (4.7 MAD below it); it does not fit the collection it is in
     TK0386: correlates with the rest of the collection at r = 0.084 where the collection median is 0.664 (5.2 MAD below it); it does not fit the collection it is in
     TK0392: correlates with the rest of the collection at r = 0.119 where the collection median is 0.664 (4.8 MAD below it); it does not fit the collection it is in
     ... and 9 more; see as.data.frame()
 5 note(s) not shown; see rwl.check() or the 'check' element of this report.

 NOTES
-----------------------------------------------------------------------------------------------------------------------------------
 Report generated using dplR 1.8.1 (R 4.5.2) on 2026-10-01 16:55 PDT.
 Measurement file cana590.rwl, MD5 5ac9006108279200b3f3a7c0cccb6e6c.
 Filtering: each series divided by a 32-year smoothing spline (caps()), then prewhitened with
   an AR model (order by AIC, at most 3).
 Master: biweight robust mean of the other series (leave-one-out).
 Correlation: Pearson, one-tailed, pcrit = 0.01; critical r = 0.3281 for 50-year segments.
 Segments: 50 years, lagged 25, first segment floored to 100. Lags searched: +/- 10 years.
 A segment is tested only where the series and the master cover all of it, at the dated
   position and at every lag. COFECHA also tests partial segments at the ends of a series, so
   series here may show fewer segments, and no flags can be raised at the ends of the record.
 Lags follow COFECHA: negative means rings are probably missing from the series, positive means
   false rings. A missing ring carries its lag into every segment before it, so look where the
   lag changes along a series. A B flag is a hypothesis to check on the wood; the gain says how
   seriously to take it.
 A B flag marked "weak at every lag" correlates under the critical value even at its best lag:
   the segment is weak wherever it is placed, and the shift is not evidence of a dating error.
   Treat it as a low correlation, like an A.
 Averages in the summary and the totals are weighted by the number of years in each series, as
   COFECHA's are.
 Unfiltered block and mean sensitivity: the measurements as read, and sens1().
 dplR filtered block: the series that was correlated, after filtering. COFECHA's filtered
   series is defined differently, so these three columns are not COFECHA's numbers.
 AR: order of the AR model used to prewhiten.
 Left out of the crossdating: series TK0542 has internal NA values, and the 'nyrs' spline needs
   an unbroken series. Fill them with fill.internal.NA(), remove the series, or use 'n' instead
   of 'nyrs'
 Left out of the crossdating: series TK0942 has internal NA values, and the 'nyrs' spline needs
   an unbroken series. Fill them with fill.internal.NA(), remove the series, or use 'n' instead
   of 'nyrs'
 Left out of the crossdating: series TK0951 has internal NA values, and the 'nyrs' spline needs
   an unbroken series. Fill them with fill.internal.NA(), remove the series, or use 'n' instead
   of 'nyrs'
